Strategy,Future.ID,Fuel,Technology,Emission,Year,Demand,NewCapacity,AccumulatedNewCapacity,TotalCapacityAnnual,TotalTechnologyAnnualActivity,ProductionByTechnology,UseByTechnology,CapitalInvestment,DiscountedCapitalInvestment,SalvageValue,DiscountedSalvageValue,OperatingCost,DiscountedOperatingCost,AnnualVariableOperatingCost,AnnualFixedOperatingCost,TotalDiscountedCostByTechnology,TotalDiscountedCost,AnnualTechnologyEmission,AnnualTechnologyEmissionPenaltyByEmission,AnnualTechnologyEmissionsPenalty,DiscountedTechnologyEmissionsPenalty,AnnualEmissions,DistanceDriven,Fleet,NewFleet,ProducedMobility,FilterFuelType,FilterVehicleType,Capex2024,FixedOpex2024,VarOpex2024,Opex2024,Externalities2024,Capex_GDP,FixedOpex_GDP,VarOpex_GDP,Opex_GDP,Externalities_GDP
NDCincond,0,,RAW_MAT_CLK,,2010,,3.32899,3.32899,3.32899,3.32899,,,,,,,,,,,,,,,,,,,,,,,,,,,,,,,,,
NDCincond,0,,RAW_MAT_CLK,,2011,,3.32837,3.32837,3.32837,3.32837,,,,,,,,,,,,,,,,,,,,,,,,,,,,,,,,,
NDCincond,0,,RAW_MAT_CLK,,2012,,3.32776,3.32776,3.32776,3.32776,,,,,,,,,,,,,,,,,,,,,,,,,,,,,,,,,
NDCincond,0,,RAW_MAT_CLK,,2013,,3.43397,3.43397,3.43397,3.43397,,,,,,,,,,,,,,,,,,,,,,,,,,,,,,,,,
NDCincond,0,,RAW_MAT_CLK,,2014,,3.53987,3.53987,3.53987,3.53987,,,,,,,,,,,,,,,,,,,,,,,,,,,,,,,,,
NDCincond,0,,RAW_MAT_CLK,,2015,,3.41132,3.41132,3.41132,3.41132,,,,,,,,,,,,,,,,,,,,,,,,,,,,,,,,,
NDCincond,0,,RAW_MAT_CLK,,2016,,3.28185,3.28185,3.28185,3.28185,,,,,,,,,,,,,,,,,,,,,,,,,,,,,,,,,
NDCincond,0,,RAW_MAT_CLK,,2017,,3.53806,3.53806,3.53806,3.53806,,,,,,,,,,,,,,,,,,,,,,,,,,,,,,,,,
NDCincond,0,,RAW_MAT_CLK,,2018,,3.79395,3.79395,3.79395,3.79395,,,,,,,,,,,,,,,,,,,,,,,,,,,,,,,,,
NDCincond,0,,RAW_MAT_CLK,,2019,,3.15698,3.15698,3.15698,3.15698,,,,,,,,,,,,,,,,,,,,,,,,,,,,,,,,,
NDCincond,0,,RAW_MAT_CLK,,2020,,2.52037,2.52037,2.52037,2.52037,,,,,,,,,,,,,,,,,,,,,,,,,,,,,,,,,
NDCincond,0,,RAW_MAT_CLK,,2021,,3.67404,3.67404,3.67404,3.67404,,,,,,,,,,,,,,,,,,,,,,,,,,,,,,,,,
NDCincond,0,,RAW_MAT_CLK,,2022,,3.36162,3.36162,3.36162,3.36162,,,,,,,,,,,,,,,,,,,,,,,,,,,,,,,,,
NDCincond,0,,RAW_MAT_CLK,,2023,,3.50534,3.50534,3.50534,3.50534,,,,,,,,,,,,,,,,,,,,,,,,,,,,,,,,,
NDCincond,0,,RAW_MAT_CLK,,2024,,3.64573,3.64573,3.64573,3.64573,,,,,,,,,,,,,,,,,,,,,,,,,,,,,,,,,
NDCincond,0,,RAW_MAT_CLK,,2025,,3.78341,3.78341,3.78341,3.78341,,,,,,,,,,,,,,,,,,,,,,,,,,,,,,,,,
NDCincond,0,,RAW_MAT_CLK,,2026,,3.91878,3.91878,3.91878,3.91878,,,,,,,,,,,,,,,,,,,,,,,,,,,,,,,,,
NDCincond,0,,RAW_MAT_CLK,,2027,,4.05082,4.05082,4.05082,4.05082,,,,,,,,,,,,,,,,,,,,,,,,,,,,,,,,,
NDCincond,0,,RAW_MAT_CLK,,2028,,4.18015,4.18015,4.18015,4.18015,,,,,,,,,,,,,,,,,,,,,,,,,,,,,,,,,
NDCincond,0,,RAW_MAT_CLK,,2029,,4.30731,4.30731,4.30731,4.30731,,,,,,,,,,,,,,,,,,,,,,,,,,,,,,,,,
NDCincond,0,,RAW_MAT_CLK,,2030,,4.43102,4.43102,4.43102,4.43102,,,,,,,,,,,,,,,,,,,,,,,,,,,,,,,,,
NDCincond,0,,RAW_MAT_CLK,,2031,,4.59184,4.59184,4.59184,4.59184,,,,,,,,,,,,,,,,,,,,,,,,,,,,,,,,,
NDCincond,0,,RAW_MAT_CLK,,2032,,4.75266,4.75266,4.75266,4.75266,,,,,,,,,,,,,,,,,,,,,,,,,,,,,,,,,
NDCincond,0,,RAW_MAT_CLK,,2033,,4.91341,4.91341,4.91341,4.91341,,,,,,,,,,,,,,,,,,,,,,,,,,,,,,,,,
NDCincond,0,,RAW_MAT_CLK,,2034,,5.07423,5.07423,5.07423,5.07423,,,,,,,,,,,,,,,,,,,,,,,,,,,,,,,,,
NDCincond,0,,RAW_MAT_CLK,,2035,,5.23498,5.23498,5.23498,5.23498,,,,,,,,,,,,,,,,,,,,,,,,,,,,,,,,,
NDCincond,0,,RAW_MAT_CEM,,2010,,1.94591,1.94591,1.94591,1.94591,,,,,,,,,,,,,,,,,,,,,,,,,,,,,,,,,
NDCincond,0,,RAW_MAT_CEM,,2011,,2.33983,2.33983,2.33983,2.33983,,,,,,,,,,,,,,,,,,,,,,,,,,,,,,,,,
NDCincond,0,,RAW_MAT_CEM,,2012,,2.73374,2.73374,2.73374,2.73374,,,,,,,,,,,,,,,,,,,,,,,,,,,,,,,,,
NDCincond,0,,RAW_MAT_CEM,,2013,,2.87383,2.87383,2.87383,2.87383,,,,,,,,,,,,,,,,,,,,,,,,,,,,,,,,,
NDCincond,0,,RAW_MAT_CEM,,2014,,3.01423,3.01423,3.01423,3.01423,,,,,,,,,,,,,,,,,,,,,,,,,,,,,,,,,
NDCincond,0,,RAW_MAT_CEM,,2015,,2.37058,2.37058,2.37058,2.37058,,,,,,,,,,,,,,,,,,,,,,,,,,,,,,,,,
NDCincond,0,,RAW_MAT_CEM,,2016,,1.72785,1.72785,1.72785,1.72785,,,,,,,,,,,,,,,,,,,,,,,,,,,,,,,,,
NDCincond,0,,RAW_MAT_CEM,,2017,,1.49474,1.49474,1.49474,1.49474,,,,,,,,,,,,,,,,,,,,,,,,,,,,,,,,,
NDCincond,0,,RAW_MAT_CEM,,2018,,1.26195,1.26195,1.26195,1.26195,,,,,,,,,,,,,,,,,,,,,,,,,,,,,,,,,
NDCincond,0,,RAW_MAT_CEM,,2019,,1.08342,1.08342,1.08342,1.08342,,,,,,,,,,,,,,,,,,,,,,,,,,,,,,,,,
NDCincond,0,,RAW_MAT_CEM,,2020,,0.891529,0.891529,0.891529,0.891529,,,,,,,,,,,,,,,,,,,,,,,,,,,,,,,,,
NDCincond,0,,RAW_MAT_CEM,,2021,,1.33966,1.33966,1.33966,1.33966,,,,,,,,,,,,,,,,,,,,,,,,,,,,,,,,,
NDCincond,0,,RAW_MAT_CEM,,2022,,1.26298,1.26298,1.26298,1.26298,,,,,,,,,,,,,,,,,,,,,,,,,,,,,,,,,
NDCincond,0,,RAW_MAT_CEM,,2023,,1.35576,1.35576,1.35576,1.35576,,,,,,,,,,,,,,,,,,,,,,,,,,,,,,,,,
NDCincond,0,,RAW_MAT_CEM,,2024,,1.45177,1.45177,1.45177,1.45177,,,,,,,,,,,,,,,,,,,,,,,,,,,,,,,,,
NDCincond,0,,RAW_MAT_CEM,,2025,,1.55059,1.55059,1.55059,1.55059,,,,,,,,,,,,,,,,,,,,,,,,,,,,,,,,,
NDCincond,0,,RAW_MAT_CEM,,2026,,1.65162,1.65162,1.65162,1.65162,,,,,,,,,,,,,,,,,,,,,,,,,,,,,,,,,
NDCincond,0,,RAW_MAT_CEM,,2027,,1.75598,1.75598,1.75598,1.75598,,,,,,,,,,,,,,,,,,,,,,,,,,,,,,,,,
NDCincond,0,,RAW_MAT_CEM,,2028,,1.86315,1.86315,1.86315,1.86315,,,,,,,,,,,,,,,,,,,,,,,,,,,,,,,,,
NDCincond,0,,RAW_MAT_CEM,,2029,,1.97249,1.97249,1.97249,1.97249,,,,,,,,,,,,,,,,,,,,,,,,,,,,,,,,,
NDCincond,0,,RAW_MAT_CEM,,2030,,2.08518,2.08518,2.08518,2.08518,,,,,,,,,,,,,,,,,,,,,,,,,,,,,,,,,
NDCincond,0,,RAW_MAT_CEM,,2031,,2.16086,2.16086,2.16086,2.16086,,,,,,,,,,,,,,,,,,,,,,,,,,,,,,,,,
NDCincond,0,,RAW_MAT_CEM,,2032,,2.23654,2.23654,2.23654,2.23654,,,,,,,,,,,,,,,,,,,,,,,,,,,,,,,,,
NDCincond,0,,RAW_MAT_CEM,,2033,,2.31219,2.31219,2.31219,2.31219,,,,,,,,,,,,,,,,,,,,,,,,,,,,,,,,,
NDCincond,0,,RAW_MAT_CEM,,2034,,2.38787,2.38787,2.38787,2.38787,,,,,,,,,,,,,,,,,,,,,,,,,,,,,,,,,
NDCincond,0,,RAW_MAT_CEM,,2035,,2.46352,2.46352,2.46352,2.46352,,,,,,,,,,,,,,,,,,,,,,,,,,,,,,,,,
NDCincond,0,,IMP_HFC23,,2010,,0.0034,0.0034,0.0034,0.0034,,,,,,,,,,,,,,,,,,,,,,,,,,,,,,,,,
NDCincond,0,,IMP_HFC23,,2011,,0.0026,0.0026,0.0026,0.0026,,,,,,,,,,,,,,,,,,,,,,,,,,,,,,,,,
NDCincond,0,,IMP_HFC23,,2012,,0.002,0.002,0.002,0.002,,,,,,,,,,,,,,,,,,,,,,,,,,,,,,,,,
NDCincond,0,,IMP_HFC23,,2013,,0.0015,0.0015,0.0015,0.0015,,,,,,,,,,,,,,,,,,,,,,,,,,,,,,,,,
NDCincond,0,,IMP_HFC23,,2014,,0.0011,0.0011,0.0011,0.0011,,,,,,,,,,,,,,,,,,,,,,,,,,,,,,,,,
NDCincond,0,,IMP_HFC23,,2025,,0.001,0.001,0.001,0.001,,,,,,,,,,,,,,,,,,,,,,,,,,,,,,,,,
NDCincond,0,,IMP_HFC23,,2026,,0.0011,0.0011,0.0011,0.0011,,,,,,,,,,,,,,,,,,,,,,,,,,,,,,,,,
NDCincond,0,,IMP_HFC23,,2027,,0.0012,0.0012,0.0012,0.0012,,,,,,,,,,,,,,,,,,,,,,,,,,,,,,,,,
NDCincond,0,,IMP_HFC23,,2028,,0.0013,0.0013,0.0013,0.0013,,,,,,,,,,,,,,,,,,,,,,,,,,,,,,,,,
NDCincond,0,,IMP_HFC23,,2029,,0.0014,0.0014,0.0014,0.0014,,,,,,,,,,,,,,,,,,,,,,,,,,,,,,,,,
NDCincond,0,,IMP_HFC23,,2030,,0.0015,0.0015,0.0015,0.0015,,,,,,,,,,,,,,,,,,,,,,,,,,,,,,,,,
NDCincond,0,,IMP_HFC23,,2031,,0.0015,0.0015,0.0015,0.0015,,,,,,,,,,,,,,,,,,,,,,,,,,,,,,,,,
NDCincond,0,,IMP_HFC23,,2032,,0.0014,0.0014,0.0014,0.0014,,,,,,,,,,,,,,,,,,,,,,,,,,,,,,,,,
NDCincond,0,,IMP_HFC23,,2033,,0.0014,0.0014,0.0014,0.0014,,,,,,,,,,,,,,,,,,,,,,,,,,,,,,,,,
NDCincond,0,,IMP_HFC23,,2034,,0.0014,0.0014,0.0014,0.0014,,,,,,,,,,,,,,,,,,,,,,,,,,,,,,,,,
NDCincond,0,,IMP_HFC23,,2035,,0.0014,0.0014,0.0014,0.0014,,,,,,,,,,,,,,,,,,,,,,,,,,,,,,,,,
NDCincond,0,,IMP_HFC32,,2010,,0.0043,0.0043,0.0043,0.0043,,,,,,,,,,,,,,,,,,,,,,,,,,,,,,,,,
NDCincond,0,,IMP_HFC32,,2011,,0.0038,0.0038,0.0038,0.0038,,,,,,,,,,,,,,,,,,,,,,,,,,,,,,,,,
NDCincond,0,,IMP_HFC32,,2012,,0.0052,0.0052,0.0052,0.0052,,,,,,,,,,,,,,,,,,,,,,,,,,,,,,,,,
NDCincond,0,,IMP_HFC32,,2013,,0.0069,0.0069,0.0069,0.0069,,,,,,,,,,,,,,,,,,,,,,,,,,,,,,,,,
NDCincond,0,,IMP_HFC32,,2014,,0.0062,0.0062,0.0062,0.0062,,,,,,,,,,,,,,,,,,,,,,,,,,,,,,,,,
NDCincond,0,,IMP_HFC32,,2015,,0.0055,0.0055,0.0055,0.0055,,,,,,,,,,,,,,,,,,,,,,,,,,,,,,,,,
NDCincond,0,,IMP_HFC32,,2016,,0.005,0.005,0.005,0.005,,,,,,,,,,,,,,,,,,,,,,,,,,,,,,,,,
NDCincond,0,,IMP_HFC32,,2017,,0.0044,0.0044,0.0044,0.0044,,,,,,,,,,,,,,,,,,,,,,,,,,,,,,,,,
NDCincond,0,,IMP_HFC32,,2018,,0.004,0.004,0.004,0.004,,,,,,,,,,,,,,,,,,,,,,,,,,,,,,,,,
NDCincond,0,,IMP_HFC32,,2019,,0.0232,0.0232,0.0232,0.0232,,,,,,,,,,,,,,,,,,,,,,,,,,,,,,,,,
NDCincond,0,,IMP_HFC32,,2020,,0.0359,0.0359,0.0359,0.0359,,,,,,,,,,,,,,,,,,,,,,,,,,,,,,,,,
NDCincond,0,,IMP_HFC32,,2021,,0.0479,0.0479,0.0479,0.0479,,,,,,,,,,,,,,,,,,,,,,,,,,,,,,,,,
NDCincond,0,,IMP_HFC32,,2022,,0.0737,0.0737,0.0737,0.0737,,,,,,,,,,,,,,,,,,,,,,,,,,,,,,,,,
NDCincond,0,,IMP_HFC32,,2023,,0.0898,0.0898,0.0898,0.0898,,,,,,,,,,,,,,,,,,,,,,,,,,,,,,,,,
NDCincond,0,,IMP_HFC32,,2024,,0.1059,0.1059,0.1059,0.1059,,,,,,,,,,,,,,,,,,,,,,,,,,,,,,,,,
NDCincond,0,,IMP_HFC32,,2025,,0.122,0.122,0.122,0.122,,,,,,,,,,,,,,,,,,,,,,,,,,,,,,,,,
NDCincond,0,,IMP_HFC32,,2026,,0.1351,0.1351,0.1351,0.1351,,,,,,,,,,,,,,,,,,,,,,,,,,,,,,,,,
NDCincond,0,,IMP_HFC32,,2027,,0.1481,0.1481,0.1481,0.1481,,,,,,,,,,,,,,,,,,,,,,,,,,,,,,,,,
NDCincond,0,,IMP_HFC32,,2028,,0.1612,0.1612,0.1612,0.1612,,,,,,,,,,,,,,,,,,,,,,,,,,,,,,,,,
NDCincond,0,,IMP_HFC32,,2029,,0.1743,0.1743,0.1743,0.1743,,,,,,,,,,,,,,,,,,,,,,,,,,,,,,,,,
NDCincond,0,,IMP_HFC32,,2030,,0.1884,0.1884,0.1884,0.1884,,,,,,,,,,,,,,,,,,,,,,,,,,,,,,,,,
NDCincond,0,,IMP_HFC32,,2031,,0.1868,0.1868,0.1868,0.1868,,,,,,,,,,,,,,,,,,,,,,,,,,,,,,,,,
NDCincond,0,,IMP_HFC32,,2032,,0.1852,0.1852,0.1852,0.1852,,,,,,,,,,,,,,,,,,,,,,,,,,,,,,,,,
NDCincond,0,,IMP_HFC32,,2033,,0.1837,0.1837,0.1837,0.1837,,,,,,,,,,,,,,,,,,,,,,,,,,,,,,,,,
NDCincond,0,,IMP_HFC32,,2034,,0.1821,0.1821,0.1821,0.1821,,,,,,,,,,,,,,,,,,,,,,,,,,,,,,,,,
NDCincond,0,,IMP_HFC32,,2035,,0.1805,0.1805,0.1805,0.1805,,,,,,,,,,,,,,,,,,,,,,,,,,,,,,,,,
NDCincond,0,,IMP_HFC125,,2010,,0.0091,0.0091,0.0091,0.0091,,,,,,,,,,,,,,,,,,,,,,,,,,,,,,,,,
NDCincond,0,,IMP_HFC125,,2011,,0.0108,0.0108,0.0108,0.0108,,,,,,,,,,,,,,,,,,,,,,,,,,,,,,,,,
NDCincond,0,,IMP_HFC125,,2012,,0.0126,0.0126,0.0126,0.0126,,,,,,,,,,,,,,,,,,,,,,,,,,,,,,,,,
NDCincond,0,,IMP_HFC125,,2013,,0.0137,0.0137,0.0137,0.0137,,,,,,,,,,,,,,,,,,,,,,,,,,,,,,,,,
NDCincond,0,,IMP_HFC125,,2014,,0.0101,0.0101,0.0101,0.0101,,,,,,,,,,,,,,,,,,,,,,,,,,,,,,,,,
NDCincond,0,,IMP_HFC125,,2015,,0.0085,0.0085,0.0085,0.0085,,,,,,,,,,,,,,,,,,,,,,,,,,,,,,,,,
NDCincond,0,,IMP_HFC125,,2016,,0.0067,0.0067,0.0067,0.0067,,,,,,,,,,,,,,,,,,,,,,,,,,,,,,,,,
NDCincond,0,,IMP_HFC125,,2017,,0.0063,0.0063,0.0063,0.0063,,,,,,,,,,,,,,,,,,,,,,,,,,,,,,,,,
NDCincond,0,,IMP_HFC125,,2018,,0.0068,0.0068,0.0068,0.0068,,,,,,,,,,,,,,,,,,,,,,,,,,,,,,,,,
NDCincond,0,,IMP_HFC125,,2019,,0.0652,0.0652,0.0652,0.0652,,,,,,,,,,,,,,,,,,,,,,,,,,,,,,,,,
NDCincond,0,,IMP_HFC125,,2020,,0.0954,0.0954,0.0954,0.0954,,,,,,,,,,,,,,,,,,,,,,,,,,,,,,,,,
NDCincond,0,,IMP_HFC125,,2021,,0.1172,0.1172,0.1172,0.1172,,,,,,,,,,,,,,,,,,,,,,,,,,,,,,,,,
NDCincond,0,,IMP_HFC125,,2022,,0.1854,0.1854,0.1854,0.1854,,,,,,,,,,,,,,,,,,,,,,,,,,,,,,,,,
NDCincond,0,,IMP_HFC125,,2023,,0.2258,0.2258,0.2258,0.2258,,,,,,,,,,,,,,,,,,,,,,,,,,,,,,,,,
NDCincond,0,,IMP_HFC125,,2024,,0.2662,0.2662,0.2662,0.2662,,,,,,,,,,,,,,,,,,,,,,,,,,,,,,,,,
NDCincond,0,,IMP_HFC125,,2025,,0.3066,0.3066,0.3066,0.3066,,,,,,,,,,,,,,,,,,,,,,,,,,,,,,,,,
NDCincond,0,,IMP_HFC125,,2026,,0.3394,0.3394,0.3394,0.3394,,,,,,,,,,,,,,,,,,,,,,,,,,,,,,,,,
NDCincond,0,,IMP_HFC125,,2027,,0.3723,0.3723,0.3723,0.3723,,,,,,,,,,,,,,,,,,,,,,,,,,,,,,,,,
NDCincond,0,,IMP_HFC125,,2028,,0.4052,0.4052,0.4052,0.4052,,,,,,,,,,,,,,,,,,,,,,,,,,,,,,,,,
NDCincond,0,,IMP_HFC125,,2029,,0.4381,0.4381,0.4381,0.4381,,,,,,,,,,,,,,,,,,,,,,,,,,,,,,,,,
NDCincond,0,,IMP_HFC125,,2030,,0.4734,0.4734,0.4734,0.4734,,,,,,,,,,,,,,,,,,,,,,,,,,,,,,,,,
NDCincond,0,,IMP_HFC125,,2031,,0.4695,0.4695,0.4695,0.4695,,,,,,,,,,,,,,,,,,,,,,,,,,,,,,,,,
NDCincond,0,,IMP_HFC125,,2032,,0.4655,0.4655,0.4655,0.4655,,,,,,,,,,,,,,,,,,,,,,,,,,,,,,,,,
NDCincond,0,,IMP_HFC125,,2033,,0.4616,0.4616,0.4616,0.4616,,,,,,,,,,,,,,,,,,,,,,,,,,,,,,,,,
NDCincond,0,,IMP_HFC125,,2034,,0.4576,0.4576,0.4576,0.4576,,,,,,,,,,,,,,,,,,,,,,,,,,,,,,,,,
NDCincond,0,,IMP_HFC125,,2035,,0.4536,0.4536,0.4536,0.4536,,,,,,,,,,,,,,,,,,,,,,,,,,,,,,,,,
NDCincond,0,,IMP_HFC134a,,2010,,0.0794,0.0794,0.0794,0.0794,,,,,,,,,,,,,,,,,,,,,,,,,,,,,,,,,
NDCincond,0,,IMP_HFC134a,,2011,,0.0906,0.0906,0.0906,0.0906,,,,,,,,,,,,,,,,,,,,,,,,,,,,,,,,,
NDCincond,0,,IMP_HFC134a,,2012,,0.1235,0.1235,0.1235,0.1235,,,,,,,,,,,,,,,,,,,,,,,,,,,,,,,,,
NDCincond,0,,IMP_HFC134a,,2013,,0.1658,0.1658,0.1658,0.1658,,,,,,,,,,,,,,,,,,,,,,,,,,,,,,,,,
NDCincond,0,,IMP_HFC134a,,2014,,0.2255,0.2255,0.2255,0.2255,,,,,,,,,,,,,,,,,,,,,,,,,,,,,,,,,
NDCincond,0,,IMP_HFC134a,,2015,,0.2765,0.2765,0.2765,0.2765,,,,,,,,,,,,,,,,,,,,,,,,,,,,,,,,,
NDCincond,0,,IMP_HFC134a,,2016,,0.3072,0.3072,0.3072,0.3072,,,,,,,,,,,,,,,,,,,,,,,,,,,,,,,,,
NDCincond,0,,IMP_HFC134a,,2017,,0.3382,0.3382,0.3382,0.3382,,,,,,,,,,,,,,,,,,,,,,,,,,,,,,,,,
NDCincond,0,,IMP_HFC134a,,2018,,0.3628,0.3628,0.3628,0.3628,,,,,,,,,,,,,,,,,,,,,,,,,,,,,,,,,
NDCincond,0,,IMP_HFC134a,,2019,,0.3978,0.3978,0.3978,0.3978,,,,,,,,,,,,,,,,,,,,,,,,,,,,,,,,,
NDCincond,0,,IMP_HFC134a,,2020,,0.427,0.427,0.427,0.427,,,,,,,,,,,,,,,,,,,,,,,,,,,,,,,,,
NDCincond,0,,IMP_HFC134a,,2021,,0.4122,0.4122,0.4122,0.4122,,,,,,,,,,,,,,,,,,,,,,,,,,,,,,,,,
NDCincond,0,,IMP_HFC134a,,2022,,0.4691,0.4691,0.4691,0.4691,,,,,,,,,,,,,,,,,,,,,,,,,,,,,,,,,
NDCincond,0,,IMP_HFC134a,,2023,,0.5713,0.5713,0.5713,0.5713,,,,,,,,,,,,,,,,,,,,,,,,,,,,,,,,,
NDCincond,0,,IMP_HFC134a,,2024,,0.6735,0.6735,0.6735,0.6735,,,,,,,,,,,,,,,,,,,,,,,,,,,,,,,,,
NDCincond,0,,IMP_HFC134a,,2025,,0.7757,0.7757,0.7757,0.7757,,,,,,,,,,,,,,,,,,,,,,,,,,,,,,,,,
NDCincond,0,,IMP_HFC134a,,2026,,0.8588,0.8588,0.8588,0.8588,,,,,,,,,,,,,,,,,,,,,,,,,,,,,,,,,
NDCincond,0,,IMP_HFC134a,,2027,,0.942,0.942,0.942,0.942,,,,,,,,,,,,,,,,,,,,,,,,,,,,,,,,,
NDCincond,0,,IMP_HFC134a,,2028,,1.0252,1.0252,1.0252,1.0252,,,,,,,,,,,,,,,,,,,,,,,,,,,,,,,,,
NDCincond,0,,IMP_HFC134a,,2029,,1.1084,1.1084,1.1084,1.1084,,,,,,,,,,,,,,,,,,,,,,,,,,,,,,,,,
NDCincond,0,,IMP_HFC134a,,2030,,1.1979,1.1979,1.1979,1.1979,,,,,,,,,,,,,,,,,,,,,,,,,,,,,,,,,
NDCincond,0,,IMP_HFC134a,,2031,,1.1878,1.1878,1.1878,1.1878,,,,,,,,,,,,,,,,,,,,,,,,,,,,,,,,,
NDCincond,0,,IMP_HFC134a,,2032,,1.1778,1.1778,1.1778,1.1778,,,,,,,,,,,,,,,,,,,,,,,,,,,,,,,,,
NDCincond,0,,IMP_HFC134a,,2033,,1.1678,1.1678,1.1678,1.1678,,,,,,,,,,,,,,,,,,,,,,,,,,,,,,,,,
NDCincond,0,,IMP_HFC134a,,2034,,1.1578,1.1578,1.1578,1.1578,,,,,,,,,,,,,,,,,,,,,,,,,,,,,,,,,
NDCincond,0,,IMP_HFC134a,,2035,,1.1478,1.1478,1.1478,1.1478,,,,,,,,,,,,,,,,,,,,,,,,,,,,,,,,,
NDCincond,0,,IMP_HFC143a,,2010,,0.0078,0.0078,0.0078,0.0078,,,,,,,,,,,,,,,,,,,,,,,,,,,,,,,,,
NDCincond,0,,IMP_HFC143a,,2011,,0.0109,0.0109,0.0109,0.0109,,,,,,,,,,,,,,,,,,,,,,,,,,,,,,,,,
NDCincond,0,,IMP_HFC143a,,2012,,0.0125,0.0125,0.0125,0.0125,,,,,,,,,,,,,,,,,,,,,,,,,,,,,,,,,
NDCincond,0,,IMP_HFC143a,,2013,,0.0094,0.0094,0.0094,0.0094,,,,,,,,,,,,,,,,,,,,,,,,,,,,,,,,,
NDCincond,0,,IMP_HFC143a,,2014,,0.0063,0.0063,0.0063,0.0063,,,,,,,,,,,,,,,,,,,,,,,,,,,,,,,,,
NDCincond,0,,IMP_HFC143a,,2015,,0.0086,0.0086,0.0086,0.0086,,,,,,,,,,,,,,,,,,,,,,,,,,,,,,,,,
NDCincond,0,,IMP_HFC143a,,2016,,0.0085,0.0085,0.0085,0.0085,,,,,,,,,,,,,,,,,,,,,,,,,,,,,,,,,
NDCincond,0,,IMP_HFC143a,,2017,,0.006,0.006,0.006,0.006,,,,,,,,,,,,,,,,,,,,,,,,,,,,,,,,,
NDCincond,0,,IMP_HFC143a,,2018,,0.0039,0.0039,0.0039,0.0039,,,,,,,,,,,,,,,,,,,,,,,,,,,,,,,,,
NDCincond,0,,IMP_HFC143a,,2019,,0.0409,0.0409,0.0409,0.0409,,,,,,,,,,,,,,,,,,,,,,,,,,,,,,,,,
NDCincond,0,,IMP_HFC143a,,2020,,0.0662,0.0662,0.0662,0.0662,,,,,,,,,,,,,,,,,,,,,,,,,,,,,,,,,
NDCincond,0,,IMP_HFC143a,,2021,,0.0797,0.0797,0.0797,0.0797,,,,,,,,,,,,,,,,,,,,,,,,,,,,,,,,,
NDCincond,0,,IMP_HFC143a,,2022,,0.1464,0.1464,0.1464,0.1464,,,,,,,,,,,,,,,,,,,,,,,,,,,,,,,,,
NDCincond,0,,IMP_HFC143a,,2023,,0.1783,0.1783,0.1783,0.1783,,,,,,,,,,,,,,,,,,,,,,,,,,,,,,,,,
NDCincond,0,,IMP_HFC143a,,2024,,0.2101,0.2101,0.2101,0.2101,,,,,,,,,,,,,,,,,,,,,,,,,,,,,,,,,
NDCincond,0,,IMP_HFC143a,,2025,,0.242,0.242,0.242,0.242,,,,,,,,,,,,,,,,,,,,,,,,,,,,,,,,,
NDCincond,0,,IMP_HFC143a,,2026,,0.268,0.268,0.268,0.268,,,,,,,,,,,,,,,,,,,,,,,,,,,,,,,,,
NDCincond,0,,IMP_HFC143a,,2027,,0.2939,0.2939,0.2939,0.2939,,,,,,,,,,,,,,,,,,,,,,,,,,,,,,,,,
NDCincond,0,,IMP_HFC143a,,2028,,0.3199,0.3199,0.3199,0.3199,,,,,,,,,,,,,,,,,,,,,,,,,,,,,,,,,
NDCincond,0,,IMP_HFC143a,,2029,,0.3459,0.3459,0.3459,0.3459,,,,,,,,,,,,,,,,,,,,,,,,,,,,,,,,,
NDCincond,0,,IMP_HFC143a,,2030,,0.3738,0.3738,0.3738,0.3738,,,,,,,,,,,,,,,,,,,,,,,,,,,,,,,,,
NDCincond,0,,IMP_HFC143a,,2031,,0.3706,0.3706,0.3706,0.3706,,,,,,,,,,,,,,,,,,,,,,,,,,,,,,,,,
NDCincond,0,,IMP_HFC143a,,2032,,0.3675,0.3675,0.3675,0.3675,,,,,,,,,,,,,,,,,,,,,,,,,,,,,,,,,
NDCincond,0,,IMP_HFC143a,,2033,,0.3644,0.3644,0.3644,0.3644,,,,,,,,,,,,,,,,,,,,,,,,,,,,,,,,,
NDCincond,0,,IMP_HFC143a,,2034,,0.3613,0.3613,0.3613,0.3613,,,,,,,,,,,,,,,,,,,,,,,,,,,,,,,,,
NDCincond,0,,IMP_HFC143a,,2035,,0.3581,0.3581,0.3581,0.3581,,,,,,,,,,,,,,,,,,,,,,,,,,,,,,,,,
NDCincond,0,,IMP_HFC152a,,2014,,0.0014,0.0014,0.0014,0.0014,,,,,,,,,,,,,,,,,,,,,,,,,,,,,,,,,
NDCincond,0,,IMP_HFC152a,,2016,,0.0014,0.0014,0.0014,0.0014,,,,,,,,,,,,,,,,,,,,,,,,,,,,,,,,,
NDCincond,0,,IMP_HFC152a,,2017,,0.0014,0.0014,0.0014,0.0014,,,,,,,,,,,,,,,,,,,,,,,,,,,,,,,,,
NDCincond,0,,IMP_HFC152a,,2021,,0.0014,0.0014,0.0014,0.0014,,,,,,,,,,,,,,,,,,,,,,,,,,,,,,,,,
NDCincond,0,,IMP_HFC152a,,2022,,0.0022,0.0022,0.0022,0.0022,,,,,,,,,,,,,,,,,,,,,,,,,,,,,,,,,
NDCincond,0,,IMP_HFC152a,,2023,,0.0024,0.0024,0.0024,0.0024,,,,,,,,,,,,,,,,,,,,,,,,,,,,,,,,,
NDCincond,0,,IMP_HFC152a,,2024,,0.0029,0.0029,0.0029,0.0029,,,,,,,,,,,,,,,,,,,,,,,,,,,,,,,,,
NDCincond,0,,IMP_HFC152a,,2025,,0.0033,0.0033,0.0033,0.0033,,,,,,,,,,,,,,,,,,,,,,,,,,,,,,,,,
NDCincond,0,,IMP_HFC152a,,2026,,0.0037,0.0037,0.0037,0.0037,,,,,,,,,,,,,,,,,,,,,,,,,,,,,,,,,
NDCincond,0,,IMP_HFC152a,,2027,,0.004,0.004,0.004,0.004,,,,,,,,,,,,,,,,,,,,,,,,,,,,,,,,,
NDCincond,0,,IMP_HFC152a,,2028,,0.0044,0.0044,0.0044,0.0044,,,,,,,,,,,,,,,,,,,,,,,,,,,,,,,,,
NDCincond,0,,IMP_HFC152a,,2029,,0.0047,0.0047,0.0047,0.0047,,,,,,,,,,,,,,,,,,,,,,,,,,,,,,,,,
NDCincond,0,,IMP_HFC152a,,2030,,0.0051,0.0051,0.0051,0.0051,,,,,,,,,,,,,,,,,,,,,,,,,,,,,,,,,
NDCincond,0,,IMP_HFC152a,,2031,,0.0051,0.0051,0.0051,0.0051,,,,,,,,,,,,,,,,,,,,,,,,,,,,,,,,,
NDCincond,0,,IMP_HFC152a,,2032,,0.005,0.005,0.005,0.005,,,,,,,,,,,,,,,,,,,,,,,,,,,,,,,,,
NDCincond,0,,IMP_HFC152a,,2033,,0.005,0.005,0.005,0.005,,,,,,,,,,,,,,,,,,,,,,,,,,,,,,,,,
NDCincond,0,,IMP_HFC152a,,2034,,0.005,0.005,0.005,0.005,,,,,,,,,,,,,,,,,,,,,,,,,,,,,,,,,
NDCincond,0,,IMP_HFC152a,,2035,,0.0049,0.0049,0.0049,0.0049,,,,,,,,,,,,,,,,,,,,,,,,,,,,,,,,,
NDCincond,0,,PROD_CLK_TRAD,,2010,,3.32899,3.32899,3.32899,3.32899,,,,,,,,,,,,,,,,,,,,,,,,,,,,,,,,,
NDCincond,0,,PROD_CLK_TRAD,,2011,,3.32837,3.32837,3.32837,3.32837,,,,,,,,,,,,,,,,,,,,,,,,,,,,,,,,,
NDCincond,0,,PROD_CLK_TRAD,,2012,,3.32776,3.32776,3.32776,3.32776,,,,,,,,,,,,,,,,,,,,,,,,,,,,,,,,,
NDCincond,0,,PROD_CLK_TRAD,,2013,,3.43397,3.43397,3.43397,3.43397,,,,,,,,,,,,,,,,,,,,,,,,,,,,,,,,,
NDCincond,0,,PROD_CLK_TRAD,,2014,,3.53987,3.53987,3.53987,3.53987,,,,,,,,,,,,,,,,,,,,,,,,,,,,,,,,,
NDCincond,0,,PROD_CLK_TRAD,,2015,,3.41132,3.41132,3.41132,3.41132,,,,,,,,,,,,,,,,,,,,,,,,,,,,,,,,,
NDCincond,0,,PROD_CLK_TRAD,,2016,,3.28185,3.28185,3.28185,3.28185,,,,,,,,,,,,,,,,,,,,,,,,,,,,,,,,,
NDCincond,0,,PROD_CLK_TRAD,,2017,,3.53806,3.53806,3.53806,3.53806,,,,,,,,,,,,,,,,,,,,,,,,,,,,,,,,,
NDCincond,0,,PROD_CLK_TRAD,,2018,,3.79395,3.79395,3.79395,3.79395,,,,,,,,,,,,,,,,,,,,,,,,,,,,,,,,,
NDCincond,0,,PROD_CLK_TRAD,,2019,,3.15698,3.15698,3.15698,3.15698,,,,,,,,,,,,,,,,,,,,,,,,,,,,,,,,,
NDCincond,0,,PROD_CLK_TRAD,,2020,,2.52037,2.52037,2.52037,2.52037,,,,,,,,,,,,,,,,,,,,,,,,,,,,,,,,,
NDCincond,0,,PROD_CLK_TRAD,,2021,,3.67404,3.67404,3.67404,3.67404,,,,,,,,,,,,,,,,,,,,,,,,,,,,,,,,,
NDCincond,0,,PROD_CLK_TRAD,,2022,,3.36162,3.36162,3.36162,3.36162,,,,,,,,,,,,,,,,,,,,,,,,,,,,,,,,,
NDCincond,0,,PROD_CLK_TRAD,,2023,,3.50534,3.50534,3.50534,3.50534,,,,,,,,,,,,,,,,,,,,,,,,,,,,,,,,,
NDCincond,0,,PROD_CLK_TRAD,,2024,,3.64573,3.64573,3.64573,3.64573,,,,,,,,,,,,,,,,,,,,,,,,,,,,,,,,,
NDCincond,0,,PROD_CLK_TRAD,,2025,,3.78341,3.78341,3.78341,3.78341,,,,,,,,,,,,,,,,,,,,,,,,,,,,,,,,,
NDCincond,0,,PROD_CLK_TRAD,,2026,,3.91878,3.91878,3.91878,3.91878,,,,,,,,,,,,,,,,,,,,,,,,,,,,,,,,,
NDCincond,0,,PROD_CLK_TRAD,,2027,,4.05082,4.05082,4.05082,4.05082,,,,,,,,,,,,,,,,,,,,,,,,,,,,,,,,,
NDCincond,0,,PROD_CLK_TRAD,,2028,,4.18015,4.18015,4.18015,4.18015,,,,,,,,,,,,,,,,,,,,,,,,,,,,,,,,,
NDCincond,0,,PROD_CLK_TRAD,,2029,,4.30731,4.30731,4.30731,4.30731,,,,,,,,,,,,,,,,,,,,,,,,,,,,,,,,,
NDCincond,0,,PROD_CLK_TRAD,,2030,,4.43102,4.43102,4.43102,4.43102,,,,,,,,,,,,,,,,,,,,,,,,,,,,,,,,,
NDCincond,0,,PROD_CLK_TRAD,,2031,,4.59184,4.59184,4.59184,4.59184,,,,,,,,,,,,,,,,,,,,,,,,,,,,,,,,,
NDCincond,0,,PROD_CLK_TRAD,,2032,,4.75266,4.75266,4.75266,4.75266,,,,,,,,,,,,,,,,,,,,,,,,,,,,,,,,,
NDCincond,0,,PROD_CLK_TRAD,,2033,,4.91341,4.91341,4.91341,4.91341,,,,,,,,,,,,,,,,,,,,,,,,,,,,,,,,,
NDCincond,0,,PROD_CLK_TRAD,,2034,,5.07423,5.07423,5.07423,5.07423,,,,,,,,,,,,,,,,,,,,,,,,,,,,,,,,,
NDCincond,0,,PROD_CLK_TRAD,,2035,,5.23498,5.23498,5.23498,5.23498,,,,,,,,,,,,,,,,,,,,,,,,,,,,,,,,,
NDCincond,0,,PROD_CEM,,2010,,5.2749,5.2749,5.2749,5.2749,,,,,,,,,,,,,,,,,,,,,,,,,,,,,,,,,
NDCincond,0,,PROD_CEM,,2011,,5.6682,5.6682,5.6682,5.6682,,,,,,,,,,,,,,,,,,,,,,,,,,,,,,,,,
NDCincond,0,,PROD_CEM,,2012,,6.0615,6.0615,6.0615,6.0615,,,,,,,,,,,,,,,,,,,,,,,,,,,,,,,,,
NDCincond,0,,PROD_CEM,,2013,,6.3078,6.3078,6.3078,6.3078,,,,,,,,,,,,,,,,,,,,,,,,,,,,,,,,,
NDCincond,0,,PROD_CEM,,2014,,6.5541,6.5541,6.5541,6.5541,,,,,,,,,,,,,,,,,,,,,,,,,,,,,,,,,
NDCincond,0,,PROD_CEM,,2015,,5.7819,5.7819,5.7819,5.7819,,,,,,,,,,,,,,,,,,,,,,,,,,,,,,,,,
NDCincond,0,,PROD_CEM,,2016,,5.0097,5.0097,5.0097,5.0097,,,,,,,,,,,,,,,,,,,,,,,,,,,,,,,,,
NDCincond,0,,PROD_CEM,,2017,,5.0328,5.0328,5.0328,5.0328,,,,,,,,,,,,,,,,,,,,,,,,,,,,,,,,,
NDCincond,0,,PROD_CEM,,2018,,5.0559,5.0559,5.0559,5.0559,,,,,,,,,,,,,,,,,,,,,,,,,,,,,,,,,
NDCincond,0,,PROD_CEM,,2019,,4.2404,4.2404,4.2404,4.2404,,,,,,,,,,,,,,,,,,,,,,,,,,,,,,,,,
NDCincond,0,,PROD_CEM,,2020,,3.4119,3.4119,3.4119,3.4119,,,,,,,,,,,,,,,,,,,,,,,,,,,,,,,,,
NDCincond,0,,PROD_CEM,,2021,,5.0137,5.0137,5.0137,5.0137,,,,,,,,,,,,,,,,,,,,,,,,,,,,,,,,,
NDCincond,0,,PROD_CEM,,2022,,4.6246,4.6246,4.6246,4.6246,,,,,,,,,,,,,,,,,,,,,,,,,,,,,,,,,
NDCincond,0,,PROD_CEM,,2023,,4.8611,4.8611,4.8611,4.8611,,,,,,,,,,,,,,,,,,,,,,,,,,,,,,,,,
NDCincond,0,,PROD_CEM,,2024,,5.0975,5.0975,5.0975,5.0975,,,,,,,,,,,,,,,,,,,,,,,,,,,,,,,,,
NDCincond,0,,PROD_CEM,,2025,,5.334,5.334,5.334,5.334,,,,,,,,,,,,,,,,,,,,,,,,,,,,,,,,,
NDCincond,0,,PROD_CEM,,2026,,5.5704,5.5704,5.5704,5.5704,,,,,,,,,,,,,,,,,,,,,,,,,,,,,,,,,
NDCincond,0,,PROD_CEM,,2027,,5.8068,5.8068,5.8068,5.8068,,,,,,,,,,,,,,,,,,,,,,,,,,,,,,,,,
NDCincond,0,,PROD_CEM,,2028,,6.0433,6.0433,6.0433,6.0433,,,,,,,,,,,,,,,,,,,,,,,,,,,,,,,,,
NDCincond,0,,PROD_CEM,,2029,,6.2798,6.2798,6.2798,6.2798,,,,,,,,,,,,,,,,,,,,,,,,,,,,,,,,,
NDCincond,0,,PROD_CEM,,2030,,6.5162,6.5162,6.5162,6.5162,,,,,,,,,,,,,,,,,,,,,,,,,,,,,,,,,
NDCincond,0,,PROD_CEM,,2031,,6.7527,6.7527,6.7527,6.7527,,,,,,,,,,,,,,,,,,,,,,,,,,,,,,,,,
NDCincond,0,,PROD_CEM,,2032,,6.9892,6.9892,6.9892,6.9892,,,,,,,,,,,,,,,,,,,,,,,,,,,,,,,,,
NDCincond,0,,PROD_CEM,,2033,,7.2256,7.2256,7.2256,7.2256,,,,,,,,,,,,,,,,,,,,,,,,,,,,,,,,,
NDCincond,0,,PROD_CEM,,2034,,7.4621,7.4621,7.4621,7.4621,,,,,,,,,,,,,,,,,,,,,,,,,,,,,,,,,
NDCincond,0,,PROD_CEM,,2035,,7.6985,7.6985,7.6985,7.6985,,,,,,,,,,,,,,,,,,,,,,,,,,,,,,,,,
NDCincond,0,,T5CEM_PRODIND,,2010,,5.2749,5.2749,5.2749,5.2749,,,,,,,,,,,,,,,,,,,,,,,,,,,,,,,,,
NDCincond,0,,T5CEM_PRODIND,,2011,,5.6682,5.6682,5.6682,5.6682,,,,,,,,,,,,,,,,,,,,,,,,,,,,,,,,,
NDCincond,0,,T5CEM_PRODIND,,2012,,6.0615,6.0615,6.0615,6.0615,,,,,,,,,,,,,,,,,,,,,,,,,,,,,,,,,
NDCincond,0,,T5CEM_PRODIND,,2013,,6.3078,6.3078,6.3078,6.3078,,,,,,,,,,,,,,,,,,,,,,,,,,,,,,,,,
NDCincond,0,,T5CEM_PRODIND,,2014,,6.5541,6.5541,6.5541,6.5541,,,,,,,,,,,,,,,,,,,,,,,,,,,,,,,,,
NDCincond,0,,T5CEM_PRODIND,,2015,,5.7819,5.7819,5.7819,5.7819,,,,,,,,,,,,,,,,,,,,,,,,,,,,,,,,,
NDCincond,0,,T5CEM_PRODIND,,2016,,5.0097,5.0097,5.0097,5.0097,,,,,,,,,,,,,,,,,,,,,,,,,,,,,,,,,
NDCincond,0,,T5CEM_PRODIND,,2017,,5.0328,5.0328,5.0328,5.0328,,,,,,,,,,,,,,,,,,,,,,,,,,,,,,,,,
NDCincond,0,,T5CEM_PRODIND,,2018,,5.0559,5.0559,5.0559,5.0559,,,,,,,,,,,,,,,,,,,,,,,,,,,,,,,,,
NDCincond,0,,T5CEM_PRODIND,,2019,,4.2404,4.2404,4.2404,4.2404,,,,,,,,,,,,,,,,,,,,,,,,,,,,,,,,,
NDCincond,0,,T5CEM_PRODIND,,2020,,3.4119,3.4119,3.4119,3.4119,,,,,,,,,,,,,,,,,,,,,,,,,,,,,,,,,
NDCincond,0,,T5CEM_PRODIND,,2021,,5.0137,5.0137,5.0137,5.0137,,,,,,,,,,,,,,,,,,,,,,,,,,,,,,,,,
NDCincond,0,,T5CEM_PRODIND,,2022,,4.6246,4.6246,4.6246,4.6246,,,,,,,,,,,,,,,,,,,,,,,,,,,,,,,,,
NDCincond,0,,T5CEM_PRODIND,,2023,,4.8611,4.8611,4.8611,4.8611,,,,,,,,,,,,,,,,,,,,,,,,,,,,,,,,,
NDCincond,0,,T5CEM_PRODIND,,2024,,5.0975,5.0975,5.0975,5.0975,,,,,,,,,,,,,,,,,,,,,,,,,,,,,,,,,
NDCincond,0,,T5CEM_PRODIND,,2025,,5.334,5.334,5.334,5.334,,,,,,,,,,,,,,,,,,,,,,,,,,,,,,,,,
NDCincond,0,,T5CEM_PRODIND,,2026,,5.5704,5.5704,5.5704,5.5704,,,,,,,,,,,,,,,,,,,,,,,,,,,,,,,,,
NDCincond,0,,T5CEM_PRODIND,,2027,,5.8068,5.8068,5.8068,5.8068,,,,,,,,,,,,,,,,,,,,,,,,,,,,,,,,,
NDCincond,0,,T5CEM_PRODIND,,2028,,6.0433,6.0433,6.0433,6.0433,,,,,,,,,,,,,,,,,,,,,,,,,,,,,,,,,
NDCincond,0,,T5CEM_PRODIND,,2029,,6.2798,6.2798,6.2798,6.2798,,,,,,,,,,,,,,,,,,,,,,,,,,,,,,,,,
NDCincond,0,,T5CEM_PRODIND,,2030,,6.5162,6.5162,6.5162,6.5162,,,,,,,,,,,,,,,,,,,,,,,,,,,,,,,,,
NDCincond,0,,T5CEM_PRODIND,,2031,,6.7527,6.7527,6.7527,6.7527,,,,,,,,,,,,,,,,,,,,,,,,,,,,,,,,,
NDCincond,0,,T5CEM_PRODIND,,2032,,6.9892,6.9892,6.9892,6.9892,,,,,,,,,,,,,,,,,,,,,,,,,,,,,,,,,
NDCincond,0,,T5CEM_PRODIND,,2033,,7.2256,7.2256,7.2256,7.2256,,,,,,,,,,,,,,,,,,,,,,,,,,,,,,,,,
NDCincond,0,,T5CEM_PRODIND,,2034,,7.4621,7.4621,7.4621,7.4621,,,,,,,,,,,,,,,,,,,,,,,,,,,,,,,,,
NDCincond,0,,T5CEM_PRODIND,,2035,,7.6985,7.6985,7.6985,7.6985,,,,,,,,,,,,,,,,,,,,,,,,,,,,,,,,,
NDCincond,0,,T5HFC23IPPU,,2010,,0.0034,0.0034,0.0034,0.0034,,,,,,,,,,,,,,,,,,,,,,,,,,,,,,,,,
NDCincond,0,,T5HFC23IPPU,,2011,,0.0026,0.0026,0.0026,0.0026,,,,,,,,,,,,,,,,,,,,,,,,,,,,,,,,,
NDCincond,0,,T5HFC23IPPU,,2012,,0.002,0.002,0.002,0.002,,,,,,,,,,,,,,,,,,,,,,,,,,,,,,,,,
NDCincond,0,,T5HFC23IPPU,,2013,,0.0015,0.0015,0.0015,0.0015,,,,,,,,,,,,,,,,,,,,,,,,,,,,,,,,,
NDCincond,0,,T5HFC23IPPU,,2014,,0.0011,0.0011,0.0011,0.0011,,,,,,,,,,,,,,,,,,,,,,,,,,,,,,,,,
NDCincond,0,,T5HFC23IPPU,,2025,,0.001,0.001,0.001,0.001,,,,,,,,,,,,,,,,,,,,,,,,,,,,,,,,,
NDCincond,0,,T5HFC23IPPU,,2026,,0.0011,0.0011,0.0011,0.0011,,,,,,,,,,,,,,,,,,,,,,,,,,,,,,,,,
NDCincond,0,,T5HFC23IPPU,,2027,,0.0012,0.0012,0.0012,0.0012,,,,,,,,,,,,,,,,,,,,,,,,,,,,,,,,,
NDCincond,0,,T5HFC23IPPU,,2028,,0.0013,0.0013,0.0013,0.0013,,,,,,,,,,,,,,,,,,,,,,,,,,,,,,,,,
NDCincond,0,,T5HFC23IPPU,,2029,,0.0014,0.0014,0.0014,0.0014,,,,,,,,,,,,,,,,,,,,,,,,,,,,,,,,,
NDCincond,0,,T5HFC23IPPU,,2030,,0.0015,0.0015,0.0015,0.0015,,,,,,,,,,,,,,,,,,,,,,,,,,,,,,,,,
NDCincond,0,,T5HFC23IPPU,,2031,,0.0015,0.0015,0.0015,0.0015,,,,,,,,,,,,,,,,,,,,,,,,,,,,,,,,,
NDCincond,0,,T5HFC23IPPU,,2032,,0.0014,0.0014,0.0014,0.0014,,,,,,,,,,,,,,,,,,,,,,,,,,,,,,,,,
NDCincond,0,,T5HFC23IPPU,,2033,,0.0014,0.0014,0.0014,0.0014,,,,,,,,,,,,,,,,,,,,,,,,,,,,,,,,,
NDCincond,0,,T5HFC23IPPU,,2034,,0.0014,0.0014,0.0014,0.0014,,,,,,,,,,,,,,,,,,,,,,,,,,,,,,,,,
NDCincond,0,,T5HFC23IPPU,,2035,,0.0014,0.0014,0.0014,0.0014,,,,,,,,,,,,,,,,,,,,,,,,,,,,,,,,,
NDCincond,0,,T5HFC32IPPU,,2010,,0.0043,0.0043,0.0043,0.0043,,,,,,,,,,,,,,,,,,,,,,,,,,,,,,,,,
NDCincond,0,,T5HFC32IPPU,,2011,,0.0038,0.0038,0.0038,0.0038,,,,,,,,,,,,,,,,,,,,,,,,,,,,,,,,,
NDCincond,0,,T5HFC32IPPU,,2012,,0.0052,0.0052,0.0052,0.0052,,,,,,,,,,,,,,,,,,,,,,,,,,,,,,,,,
NDCincond,0,,T5HFC32IPPU,,2013,,0.0069,0.0069,0.0069,0.0069,,,,,,,,,,,,,,,,,,,,,,,,,,,,,,,,,
NDCincond,0,,T5HFC32IPPU,,2014,,0.0062,0.0062,0.0062,0.0062,,,,,,,,,,,,,,,,,,,,,,,,,,,,,,,,,
NDCincond,0,,T5HFC32IPPU,,2015,,0.0055,0.0055,0.0055,0.0055,,,,,,,,,,,,,,,,,,,,,,,,,,,,,,,,,
NDCincond,0,,T5HFC32IPPU,,2016,,0.005,0.005,0.005,0.005,,,,,,,,,,,,,,,,,,,,,,,,,,,,,,,,,
NDCincond,0,,T5HFC32IPPU,,2017,,0.0044,0.0044,0.0044,0.0044,,,,,,,,,,,,,,,,,,,,,,,,,,,,,,,,,
NDCincond,0,,T5HFC32IPPU,,2018,,0.004,0.004,0.004,0.004,,,,,,,,,,,,,,,,,,,,,,,,,,,,,,,,,
NDCincond,0,,T5HFC32IPPU,,2019,,0.0232,0.0232,0.0232,0.0232,,,,,,,,,,,,,,,,,,,,,,,,,,,,,,,,,
NDCincond,0,,T5HFC32IPPU,,2020,,0.0359,0.0359,0.0359,0.0359,,,,,,,,,,,,,,,,,,,,,,,,,,,,,,,,,
NDCincond,0,,T5HFC32IPPU,,2021,,0.0479,0.0479,0.0479,0.0479,,,,,,,,,,,,,,,,,,,,,,,,,,,,,,,,,
NDCincond,0,,T5HFC32IPPU,,2022,,0.0737,0.0737,0.0737,0.0737,,,,,,,,,,,,,,,,,,,,,,,,,,,,,,,,,
NDCincond,0,,T5HFC32IPPU,,2023,,0.0898,0.0898,0.0898,0.0898,,,,,,,,,,,,,,,,,,,,,,,,,,,,,,,,,
NDCincond,0,,T5HFC32IPPU,,2024,,0.1059,0.1059,0.1059,0.1059,,,,,,,,,,,,,,,,,,,,,,,,,,,,,,,,,
NDCincond,0,,T5HFC32IPPU,,2025,,0.122,0.122,0.122,0.122,,,,,,,,,,,,,,,,,,,,,,,,,,,,,,,,,
NDCincond,0,,T5HFC32IPPU,,2026,,0.1351,0.1351,0.1351,0.1351,,,,,,,,,,,,,,,,,,,,,,,,,,,,,,,,,
NDCincond,0,,T5HFC32IPPU,,2027,,0.1481,0.1481,0.1481,0.1481,,,,,,,,,,,,,,,,,,,,,,,,,,,,,,,,,
NDCincond,0,,T5HFC32IPPU,,2028,,0.1612,0.1612,0.1612,0.1612,,,,,,,,,,,,,,,,,,,,,,,,,,,,,,,,,
NDCincond,0,,T5HFC32IPPU,,2029,,0.1743,0.1743,0.1743,0.1743,,,,,,,,,,,,,,,,,,,,,,,,,,,,,,,,,
NDCincond,0,,T5HFC32IPPU,,2030,,0.1884,0.1884,0.1884,0.1884,,,,,,,,,,,,,,,,,,,,,,,,,,,,,,,,,
NDCincond,0,,T5HFC32IPPU,,2031,,0.1868,0.1868,0.1868,0.1868,,,,,,,,,,,,,,,,,,,,,,,,,,,,,,,,,
NDCincond,0,,T5HFC32IPPU,,2032,,0.1852,0.1852,0.1852,0.1852,,,,,,,,,,,,,,,,,,,,,,,,,,,,,,,,,
NDCincond,0,,T5HFC32IPPU,,2033,,0.1837,0.1837,0.1837,0.1837,,,,,,,,,,,,,,,,,,,,,,,,,,,,,,,,,
NDCincond,0,,T5HFC32IPPU,,2034,,0.1821,0.1821,0.1821,0.1821,,,,,,,,,,,,,,,,,,,,,,,,,,,,,,,,,
NDCincond,0,,T5HFC32IPPU,,2035,,0.1805,0.1805,0.1805,0.1805,,,,,,,,,,,,,,,,,,,,,,,,,,,,,,,,,
NDCincond,0,,T5HFC125IPPU,,2010,,0.0091,0.0091,0.0091,0.0091,,,,,,,,,,,,,,,,,,,,,,,,,,,,,,,,,
NDCincond,0,,T5HFC125IPPU,,2011,,0.0108,0.0108,0.0108,0.0108,,,,,,,,,,,,,,,,,,,,,,,,,,,,,,,,,
NDCincond,0,,T5HFC125IPPU,,2012,,0.0126,0.0126,0.0126,0.0126,,,,,,,,,,,,,,,,,,,,,,,,,,,,,,,,,
NDCincond,0,,T5HFC125IPPU,,2013,,0.0137,0.0137,0.0137,0.0137,,,,,,,,,,,,,,,,,,,,,,,,,,,,,,,,,
NDCincond,0,,T5HFC125IPPU,,2014,,0.0101,0.0101,0.0101,0.0101,,,,,,,,,,,,,,,,,,,,,,,,,,,,,,,,,
NDCincond,0,,T5HFC125IPPU,,2015,,0.0085,0.0085,0.0085,0.0085,,,,,,,,,,,,,,,,,,,,,,,,,,,,,,,,,
NDCincond,0,,T5HFC125IPPU,,2016,,0.0067,0.0067,0.0067,0.0067,,,,,,,,,,,,,,,,,,,,,,,,,,,,,,,,,
NDCincond,0,,T5HFC125IPPU,,2017,,0.0063,0.0063,0.0063,0.0063,,,,,,,,,,,,,,,,,,,,,,,,,,,,,,,,,
NDCincond,0,,T5HFC125IPPU,,2018,,0.0068,0.0068,0.0068,0.0068,,,,,,,,,,,,,,,,,,,,,,,,,,,,,,,,,
NDCincond,0,,T5HFC125IPPU,,2019,,0.0652,0.0652,0.0652,0.0652,,,,,,,,,,,,,,,,,,,,,,,,,,,,,,,,,
NDCincond,0,,T5HFC125IPPU,,2020,,0.0954,0.0954,0.0954,0.0954,,,,,,,,,,,,,,,,,,,,,,,,,,,,,,,,,
NDCincond,0,,T5HFC125IPPU,,2021,,0.1172,0.1172,0.1172,0.1172,,,,,,,,,,,,,,,,,,,,,,,,,,,,,,,,,
NDCincond,0,,T5HFC125IPPU,,2022,,0.1854,0.1854,0.1854,0.1854,,,,,,,,,,,,,,,,,,,,,,,,,,,,,,,,,
NDCincond,0,,T5HFC125IPPU,,2023,,0.2258,0.2258,0.2258,0.2258,,,,,,,,,,,,,,,,,,,,,,,,,,,,,,,,,
NDCincond,0,,T5HFC125IPPU,,2024,,0.2662,0.2662,0.2662,0.2662,,,,,,,,,,,,,,,,,,,,,,,,,,,,,,,,,
NDCincond,0,,T5HFC125IPPU,,2025,,0.3066,0.3066,0.3066,0.3066,,,,,,,,,,,,,,,,,,,,,,,,,,,,,,,,,
NDCincond,0,,T5HFC125IPPU,,2026,,0.3394,0.3394,0.3394,0.3394,,,,,,,,,,,,,,,,,,,,,,,,,,,,,,,,,
NDCincond,0,,T5HFC125IPPU,,2027,,0.3723,0.3723,0.3723,0.3723,,,,,,,,,,,,,,,,,,,,,,,,,,,,,,,,,
NDCincond,0,,T5HFC125IPPU,,2028,,0.4052,0.4052,0.4052,0.4052,,,,,,,,,,,,,,,,,,,,,,,,,,,,,,,,,
NDCincond,0,,T5HFC125IPPU,,2029,,0.4381,0.4381,0.4381,0.4381,,,,,,,,,,,,,,,,,,,,,,,,,,,,,,,,,
NDCincond,0,,T5HFC125IPPU,,2030,,0.4734,0.4734,0.4734,0.4734,,,,,,,,,,,,,,,,,,,,,,,,,,,,,,,,,
NDCincond,0,,T5HFC125IPPU,,2031,,0.4695,0.4695,0.4695,0.4695,,,,,,,,,,,,,,,,,,,,,,,,,,,,,,,,,
NDCincond,0,,T5HFC125IPPU,,2032,,0.4655,0.4655,0.4655,0.4655,,,,,,,,,,,,,,,,,,,,,,,,,,,,,,,,,
NDCincond,0,,T5HFC125IPPU,,2033,,0.4616,0.4616,0.4616,0.4616,,,,,,,,,,,,,,,,,,,,,,,,,,,,,,,,,
NDCincond,0,,T5HFC125IPPU,,2034,,0.4576,0.4576,0.4576,0.4576,,,,,,,,,,,,,,,,,,,,,,,,,,,,,,,,,
NDCincond,0,,T5HFC125IPPU,,2035,,0.4536,0.4536,0.4536,0.4536,,,,,,,,,,,,,,,,,,,,,,,,,,,,,,,,,
NDCincond,0,,T5HFC134aIPPU,,2010,,0.0794,0.0794,0.0794,0.0794,,,,,,,,,,,,,,,,,,,,,,,,,,,,,,,,,
NDCincond,0,,T5HFC134aIPPU,,2011,,0.0906,0.0906,0.0906,0.0906,,,,,,,,,,,,,,,,,,,,,,,,,,,,,,,,,
NDCincond,0,,T5HFC134aIPPU,,2012,,0.1235,0.1235,0.1235,0.1235,,,,,,,,,,,,,,,,,,,,,,,,,,,,,,,,,
NDCincond,0,,T5HFC134aIPPU,,2013,,0.1658,0.1658,0.1658,0.1658,,,,,,,,,,,,,,,,,,,,,,,,,,,,,,,,,
NDCincond,0,,T5HFC134aIPPU,,2014,,0.2255,0.2255,0.2255,0.2255,,,,,,,,,,,,,,,,,,,,,,,,,,,,,,,,,
NDCincond,0,,T5HFC134aIPPU,,2015,,0.2765,0.2765,0.2765,0.2765,,,,,,,,,,,,,,,,,,,,,,,,,,,,,,,,,
NDCincond,0,,T5HFC134aIPPU,,2016,,0.3072,0.3072,0.3072,0.3072,,,,,,,,,,,,,,,,,,,,,,,,,,,,,,,,,
NDCincond,0,,T5HFC134aIPPU,,2017,,0.3382,0.3382,0.3382,0.3382,,,,,,,,,,,,,,,,,,,,,,,,,,,,,,,,,
NDCincond,0,,T5HFC134aIPPU,,2018,,0.3628,0.3628,0.3628,0.3628,,,,,,,,,,,,,,,,,,,,,,,,,,,,,,,,,
NDCincond,0,,T5HFC134aIPPU,,2019,,0.3978,0.3978,0.3978,0.3978,,,,,,,,,,,,,,,,,,,,,,,,,,,,,,,,,
NDCincond,0,,T5HFC134aIPPU,,2020,,0.427,0.427,0.427,0.427,,,,,,,,,,,,,,,,,,,,,,,,,,,,,,,,,
NDCincond,0,,T5HFC134aIPPU,,2021,,0.4122,0.4122,0.4122,0.4122,,,,,,,,,,,,,,,,,,,,,,,,,,,,,,,,,
NDCincond,0,,T5HFC134aIPPU,,2022,,0.4691,0.4691,0.4691,0.4691,,,,,,,,,,,,,,,,,,,,,,,,,,,,,,,,,
NDCincond,0,,T5HFC134aIPPU,,2023,,0.5713,0.5713,0.5713,0.5713,,,,,,,,,,,,,,,,,,,,,,,,,,,,,,,,,
NDCincond,0,,T5HFC134aIPPU,,2024,,0.6735,0.6735,0.6735,0.6735,,,,,,,,,,,,,,,,,,,,,,,,,,,,,,,,,
NDCincond,0,,T5HFC134aIPPU,,2025,,0.7757,0.7757,0.7757,0.7757,,,,,,,,,,,,,,,,,,,,,,,,,,,,,,,,,
NDCincond,0,,T5HFC134aIPPU,,2026,,0.8588,0.8588,0.8588,0.8588,,,,,,,,,,,,,,,,,,,,,,,,,,,,,,,,,
NDCincond,0,,T5HFC134aIPPU,,2027,,0.942,0.942,0.942,0.942,,,,,,,,,,,,,,,,,,,,,,,,,,,,,,,,,
NDCincond,0,,T5HFC134aIPPU,,2028,,1.0252,1.0252,1.0252,1.0252,,,,,,,,,,,,,,,,,,,,,,,,,,,,,,,,,
NDCincond,0,,T5HFC134aIPPU,,2029,,1.1084,1.1084,1.1084,1.1084,,,,,,,,,,,,,,,,,,,,,,,,,,,,,,,,,
NDCincond,0,,T5HFC134aIPPU,,2030,,1.1979,1.1979,1.1979,1.1979,,,,,,,,,,,,,,,,,,,,,,,,,,,,,,,,,
NDCincond,0,,T5HFC134aIPPU,,2031,,1.1878,1.1878,1.1878,1.1878,,,,,,,,,,,,,,,,,,,,,,,,,,,,,,,,,
NDCincond,0,,T5HFC134aIPPU,,2032,,1.1778,1.1778,1.1778,1.1778,,,,,,,,,,,,,,,,,,,,,,,,,,,,,,,,,
NDCincond,0,,T5HFC134aIPPU,,2033,,1.1678,1.1678,1.1678,1.1678,,,,,,,,,,,,,,,,,,,,,,,,,,,,,,,,,
NDCincond,0,,T5HFC134aIPPU,,2034,,1.1578,1.1578,1.1578,1.1578,,,,,,,,,,,,,,,,,,,,,,,,,,,,,,,,,
NDCincond,0,,T5HFC134aIPPU,,2035,,1.1478,1.1478,1.1478,1.1478,,,,,,,,,,,,,,,,,,,,,,,,,,,,,,,,,
NDCincond,0,,T5HFC143aIPPU,,2010,,0.0078,0.0078,0.0078,0.0078,,,,,,,,,,,,,,,,,,,,,,,,,,,,,,,,,
NDCincond,0,,T5HFC143aIPPU,,2011,,0.0109,0.0109,0.0109,0.0109,,,,,,,,,,,,,,,,,,,,,,,,,,,,,,,,,
NDCincond,0,,T5HFC143aIPPU,,2012,,0.0125,0.0125,0.0125,0.0125,,,,,,,,,,,,,,,,,,,,,,,,,,,,,,,,,
NDCincond,0,,T5HFC143aIPPU,,2013,,0.0094,0.0094,0.0094,0.0094,,,,,,,,,,,,,,,,,,,,,,,,,,,,,,,,,
NDCincond,0,,T5HFC143aIPPU,,2014,,0.0063,0.0063,0.0063,0.0063,,,,,,,,,,,,,,,,,,,,,,,,,,,,,,,,,
NDCincond,0,,T5HFC143aIPPU,,2015,,0.0086,0.0086,0.0086,0.0086,,,,,,,,,,,,,,,,,,,,,,,,,,,,,,,,,
NDCincond,0,,T5HFC143aIPPU,,2016,,0.0085,0.0085,0.0085,0.0085,,,,,,,,,,,,,,,,,,,,,,,,,,,,,,,,,
NDCincond,0,,T5HFC143aIPPU,,2017,,0.006,0.006,0.006,0.006,,,,,,,,,,,,,,,,,,,,,,,,,,,,,,,,,
NDCincond,0,,T5HFC143aIPPU,,2018,,0.0039,0.0039,0.0039,0.0039,,,,,,,,,,,,,,,,,,,,,,,,,,,,,,,,,
NDCincond,0,,T5HFC143aIPPU,,2019,,0.0409,0.0409,0.0409,0.0409,,,,,,,,,,,,,,,,,,,,,,,,,,,,,,,,,
NDCincond,0,,T5HFC143aIPPU,,2020,,0.0662,0.0662,0.0662,0.0662,,,,,,,,,,,,,,,,,,,,,,,,,,,,,,,,,
NDCincond,0,,T5HFC143aIPPU,,2021,,0.0797,0.0797,0.0797,0.0797,,,,,,,,,,,,,,,,,,,,,,,,,,,,,,,,,
NDCincond,0,,T5HFC143aIPPU,,2022,,0.1464,0.1464,0.1464,0.1464,,,,,,,,,,,,,,,,,,,,,,,,,,,,,,,,,
NDCincond,0,,T5HFC143aIPPU,,2023,,0.1783,0.1783,0.1783,0.1783,,,,,,,,,,,,,,,,,,,,,,,,,,,,,,,,,
NDCincond,0,,T5HFC143aIPPU,,2024,,0.2101,0.2101,0.2101,0.2101,,,,,,,,,,,,,,,,,,,,,,,,,,,,,,,,,
NDCincond,0,,T5HFC143aIPPU,,2025,,0.242,0.242,0.242,0.242,,,,,,,,,,,,,,,,,,,,,,,,,,,,,,,,,
NDCincond,0,,T5HFC143aIPPU,,2026,,0.268,0.268,0.268,0.268,,,,,,,,,,,,,,,,,,,,,,,,,,,,,,,,,
NDCincond,0,,T5HFC143aIPPU,,2027,,0.2939,0.2939,0.2939,0.2939,,,,,,,,,,,,,,,,,,,,,,,,,,,,,,,,,
NDCincond,0,,T5HFC143aIPPU,,2028,,0.3199,0.3199,0.3199,0.3199,,,,,,,,,,,,,,,,,,,,,,,,,,,,,,,,,
NDCincond,0,,T5HFC143aIPPU,,2029,,0.3459,0.3459,0.3459,0.3459,,,,,,,,,,,,,,,,,,,,,,,,,,,,,,,,,
NDCincond,0,,T5HFC143aIPPU,,2030,,0.3738,0.3738,0.3738,0.3738,,,,,,,,,,,,,,,,,,,,,,,,,,,,,,,,,
NDCincond,0,,T5HFC143aIPPU,,2031,,0.3706,0.3706,0.3706,0.3706,,,,,,,,,,,,,,,,,,,,,,,,,,,,,,,,,
NDCincond,0,,T5HFC143aIPPU,,2032,,0.3675,0.3675,0.3675,0.3675,,,,,,,,,,,,,,,,,,,,,,,,,,,,,,,,,
NDCincond,0,,T5HFC143aIPPU,,2033,,0.3644,0.3644,0.3644,0.3644,,,,,,,,,,,,,,,,,,,,,,,,,,,,,,,,,
NDCincond,0,,T5HFC143aIPPU,,2034,,0.3613,0.3613,0.3613,0.3613,,,,,,,,,,,,,,,,,,,,,,,,,,,,,,,,,
NDCincond,0,,T5HFC143aIPPU,,2035,,0.3581,0.3581,0.3581,0.3581,,,,,,,,,,,,,,,,,,,,,,,,,,,,,,,,,
NDCincond,0,,T5HFC152aIPPU,,2014,,0.0014,0.0014,0.0014,0.0014,,,,,,,,,,,,,,,,,,,,,,,,,,,,,,,,,
NDCincond,0,,T5HFC152aIPPU,,2016,,0.0014,0.0014,0.0014,0.0014,,,,,,,,,,,,,,,,,,,,,,,,,,,,,,,,,
NDCincond,0,,T5HFC152aIPPU,,2017,,0.0014,0.0014,0.0014,0.0014,,,,,,,,,,,,,,,,,,,,,,,,,,,,,,,,,
NDCincond,0,,T5HFC152aIPPU,,2021,,0.0014,0.0014,0.0014,0.0014,,,,,,,,,,,,,,,,,,,,,,,,,,,,,,,,,
NDCincond,0,,T5HFC152aIPPU,,2022,,0.0022,0.0022,0.0022,0.0022,,,,,,,,,,,,,,,,,,,,,,,,,,,,,,,,,
NDCincond,0,,T5HFC152aIPPU,,2023,,0.0024,0.0024,0.0024,0.0024,,,,,,,,,,,,,,,,,,,,,,,,,,,,,,,,,
NDCincond,0,,T5HFC152aIPPU,,2024,,0.0029,0.0029,0.0029,0.0029,,,,,,,,,,,,,,,,,,,,,,,,,,,,,,,,,
NDCincond,0,,T5HFC152aIPPU,,2025,,0.0033,0.0033,0.0033,0.0033,,,,,,,,,,,,,,,,,,,,,,,,,,,,,,,,,
NDCincond,0,,T5HFC152aIPPU,,2026,,0.0037,0.0037,0.0037,0.0037,,,,,,,,,,,,,,,,,,,,,,,,,,,,,,,,,
NDCincond,0,,T5HFC152aIPPU,,2027,,0.004,0.004,0.004,0.004,,,,,,,,,,,,,,,,,,,,,,,,,,,,,,,,,
NDCincond,0,,T5HFC152aIPPU,,2028,,0.0044,0.0044,0.0044,0.0044,,,,,,,,,,,,,,,,,,,,,,,,,,,,,,,,,
NDCincond,0,,T5HFC152aIPPU,,2029,,0.0047,0.0047,0.0047,0.0047,,,,,,,,,,,,,,,,,,,,,,,,,,,,,,,,,
NDCincond,0,,T5HFC152aIPPU,,2030,,0.0051,0.0051,0.0051,0.0051,,,,,,,,,,,,,,,,,,,,,,,,,,,,,,,,,
NDCincond,0,,T5HFC152aIPPU,,2031,,0.0051,0.0051,0.0051,0.0051,,,,,,,,,,,,,,,,,,,,,,,,,,,,,,,,,
NDCincond,0,,T5HFC152aIPPU,,2032,,0.005,0.005,0.005,0.005,,,,,,,,,,,,,,,,,,,,,,,,,,,,,,,,,
NDCincond,0,,T5HFC152aIPPU,,2033,,0.005,0.005,0.005,0.005,,,,,,,,,,,,,,,,,,,,,,,,,,,,,,,,,
NDCincond,0,,T5HFC152aIPPU,,2034,,0.005,0.005,0.005,0.005,,,,,,,,,,,,,,,,,,,,,,,,,,,,,,,,,
NDCincond,0,,T5HFC152aIPPU,,2035,,0.0049,0.0049,0.0049,0.0049,,,,,,,,,,,,,,,,,,,,,,,,,,,,,,,,,
NDCincond,0,,LIME_PROD,,2010,,0.0665,0.0665,0.0665,0.0665,,,,,,,,,,,,,,,,,,,,,,,,,,,,,,,,,
NDCincond,0,,LIME_PROD,,2011,,0.0692,0.0692,0.0692,0.0692,,,,,,,,,,,,,,,,,,,,,,,,,,,,,,,,,
NDCincond,0,,LIME_PROD,,2012,,0.0719,0.0719,0.0719,0.0719,,,,,,,,,,,,,,,,,,,,,,,,,,,,,,,,,
NDCincond,0,,LIME_PROD,,2013,,0.0742,0.0742,0.0742,0.0742,,,,,,,,,,,,,,,,,,,,,,,,,,,,,,,,,
NDCincond,0,,LIME_PROD,,2014,,0.0766,0.0766,0.0766,0.0766,,,,,,,,,,,,,,,,,,,,,,,,,,,,,,,,,
NDCincond,0,,LIME_PROD,,2015,,0.0852,0.0852,0.0852,0.0852,,,,,,,,,,,,,,,,,,,,,,,,,,,,,,,,,
NDCincond,0,,LIME_PROD,,2016,,0.0938,0.0938,0.0938,0.0938,,,,,,,,,,,,,,,,,,,,,,,,,,,,,,,,,
NDCincond,0,,LIME_PROD,,2017,,0.1005,0.1005,0.1005,0.1005,,,,,,,,,,,,,,,,,,,,,,,,,,,,,,,,,
NDCincond,0,,LIME_PROD,,2018,,0.1071,0.1071,0.1071,0.1071,,,,,,,,,,,,,,,,,,,,,,,,,,,,,,,,,
NDCincond,0,,LIME_PROD,,2019,,0.1144,0.1144,0.1144,0.1144,,,,,,,,,,,,,,,,,,,,,,,,,,,,,,,,,
NDCincond,0,,LIME_PROD,,2020,,0.1216,0.1216,0.1216,0.1216,,,,,,,,,,,,,,,,,,,,,,,,,,,,,,,,,
NDCincond,0,,LIME_PROD,,2021,,0.2199,0.2199,0.2199,0.2199,,,,,,,,,,,,,,,,,,,,,,,,,,,,,,,,,
NDCincond,0,,LIME_PROD,,2022,,0.1791,0.1791,0.1791,0.1791,,,,,,,,,,,,,,,,,,,,,,,,,,,,,,,,,
NDCincond,0,,LIME_PROD,,2023,,0.1829,0.1829,0.1829,0.1829,,,,,,,,,,,,,,,,,,,,,,,,,,,,,,,,,
NDCincond,0,,LIME_PROD,,2024,,0.1868,0.1868,0.1868,0.1868,,,,,,,,,,,,,,,,,,,,,,,,,,,,,,,,,
NDCincond,0,,LIME_PROD,,2025,,0.1908,0.1908,0.1908,0.1908,,,,,,,,,,,,,,,,,,,,,,,,,,,,,,,,,
NDCincond,0,,LIME_PROD,,2026,,0.1949,0.1949,0.1949,0.1949,,,,,,,,,,,,,,,,,,,,,,,,,,,,,,,,,
NDCincond,0,,LIME_PROD,,2027,,0.1991,0.1991,0.1991,0.1991,,,,,,,,,,,,,,,,,,,,,,,,,,,,,,,,,
NDCincond,0,,LIME_PROD,,2028,,0.2034,0.2034,0.2034,0.2034,,,,,,,,,,,,,,,,,,,,,,,,,,,,,,,,,
NDCincond,0,,LIME_PROD,,2029,,0.2077,0.2077,0.2077,0.2077,,,,,,,,,,,,,,,,,,,,,,,,,,,,,,,,,
NDCincond,0,,LIME_PROD,,2030,,0.2121,0.2121,0.2121,0.2121,,,,,,,,,,,,,,,,,,,,,,,,,,,,,,,,,
NDCincond,0,,LIME_PROD,,2031,,0.2167,0.2167,0.2167,0.2167,,,,,,,,,,,,,,,,,,,,,,,,,,,,,,,,,
NDCincond,0,,LIME_PROD,,2032,,0.2213,0.2213,0.2213,0.2213,,,,,,,,,,,,,,,,,,,,,,,,,,,,,,,,,
NDCincond,0,,LIME_PROD,,2033,,0.226,0.226,0.226,0.226,,,,,,,,,,,,,,,,,,,,,,,,,,,,,,,,,
NDCincond,0,,LIME_PROD,,2034,,0.2309,0.2309,0.2309,0.2309,,,,,,,,,,,,,,,,,,,,,,,,,,,,,,,,,
NDCincond,0,,LIME_PROD,,2035,,0.2358,0.2358,0.2358,0.2358,,,,,,,,,,,,,,,,,,,,,,,,,,,,,,,,,
NDCincond,0,,GLASS_PROD,,2010,,0.0075,0.0075,0.0075,0.0075,,,,,,,,,,,,,,,,,,,,,,,,,,,,,,,,,
NDCincond,0,,GLASS_PROD,,2011,,0.0092,0.0092,0.0092,0.0092,,,,,,,,,,,,,,,,,,,,,,,,,,,,,,,,,
NDCincond,0,,GLASS_PROD,,2012,,0.0109,0.0109,0.0109,0.0109,,,,,,,,,,,,,,,,,,,,,,,,,,,,,,,,,
NDCincond,0,,GLASS_PROD,,2013,,0.0126,0.0126,0.0126,0.0126,,,,,,,,,,,,,,,,,,,,,,,,,,,,,,,,,
NDCincond,0,,GLASS_PROD,,2014,,0.0143,0.0143,0.0143,0.0143,,,,,,,,,,,,,,,,,,,,,,,,,,,,,,,,,
NDCincond,0,,GLASS_PROD,,2015,,0.0125,0.0125,0.0125,0.0125,,,,,,,,,,,,,,,,,,,,,,,,,,,,,,,,,
NDCincond,0,,GLASS_PROD,,2016,,0.0107,0.0107,0.0107,0.0107,,,,,,,,,,,,,,,,,,,,,,,,,,,,,,,,,
NDCincond,0,,GLASS_PROD,,2017,,0.0124,0.0124,0.0124,0.0124,,,,,,,,,,,,,,,,,,,,,,,,,,,,,,,,,
NDCincond,0,,GLASS_PROD,,2018,,0.0141,0.0141,0.0141,0.0141,,,,,,,,,,,,,,,,,,,,,,,,,,,,,,,,,
NDCincond,0,,GLASS_PROD,,2019,,0.0094,0.0094,0.0094,0.0094,,,,,,,,,,,,,,,,,,,,,,,,,,,,,,,,,
NDCincond,0,,GLASS_PROD,,2020,,0.0047,0.0047,0.0047,0.0047,,,,,,,,,,,,,,,,,,,,,,,,,,,,,,,,,
NDCincond,0,,GLASS_PROD,,2021,,0.0089,0.0089,0.0089,0.0089,,,,,,,,,,,,,,,,,,,,,,,,,,,,,,,,,
NDCincond,0,,GLASS_PROD,,2022,,0.0081,0.0081,0.0081,0.0081,,,,,,,,,,,,,,,,,,,,,,,,,,,,,,,,,
NDCincond,0,,GLASS_PROD,,2023,,0.0083,0.0083,0.0083,0.0083,,,,,,,,,,,,,,,,,,,,,,,,,,,,,,,,,
NDCincond,0,,GLASS_PROD,,2024,,0.0084,0.0084,0.0084,0.0084,,,,,,,,,,,,,,,,,,,,,,,,,,,,,,,,,
NDCincond,0,,GLASS_PROD,,2025,,0.0086,0.0086,0.0086,0.0086,,,,,,,,,,,,,,,,,,,,,,,,,,,,,,,,,
NDCincond,0,,GLASS_PROD,,2026,,0.0088,0.0088,0.0088,0.0088,,,,,,,,,,,,,,,,,,,,,,,,,,,,,,,,,
NDCincond,0,,GLASS_PROD,,2027,,0.009,0.009,0.009,0.009,,,,,,,,,,,,,,,,,,,,,,,,,,,,,,,,,
NDCincond,0,,GLASS_PROD,,2028,,0.0092,0.0092,0.0092,0.0092,,,,,,,,,,,,,,,,,,,,,,,,,,,,,,,,,
NDCincond,0,,GLASS_PROD,,2029,,0.0094,0.0094,0.0094,0.0094,,,,,,,,,,,,,,,,,,,,,,,,,,,,,,,,,
NDCincond,0,,GLASS_PROD,,2030,,0.0096,0.0096,0.0096,0.0096,,,,,,,,,,,,,,,,,,,,,,,,,,,,,,,,,
NDCincond,0,,GLASS_PROD,,2031,,0.0098,0.0098,0.0098,0.0098,,,,,,,,,,,,,,,,,,,,,,,,,,,,,,,,,
NDCincond,0,,GLASS_PROD,,2032,,0.01,0.01,0.01,0.01,,,,,,,,,,,,,,,,,,,,,,,,,,,,,,,,,
NDCincond,0,,GLASS_PROD,,2033,,0.0102,0.0102,0.0102,0.0102,,,,,,,,,,,,,,,,,,,,,,,,,,,,,,,,,
NDCincond,0,,GLASS_PROD,,2034,,0.0104,0.0104,0.0104,0.0104,,,,,,,,,,,,,,,,,,,,,,,,,,,,,,,,,
NDCincond,0,,GLASS_PROD,,2035,,0.0107,0.0107,0.0107,0.0107,,,,,,,,,,,,,,,,,,,,,,,,,,,,,,,,,
NDCincond,0,,CERAMICS,,2010,,0.3181,0.3181,0.3181,0.3181,,,,,,,,,,,,,,,,,,,,,,,,,,,,,,,,,
NDCincond,0,,CERAMICS,,2011,,0.4096,0.4096,0.4096,0.4096,,,,,,,,,,,,,,,,,,,,,,,,,,,,,,,,,
NDCincond,0,,CERAMICS,,2012,,0.5012,0.5012,0.5012,0.5012,,,,,,,,,,,,,,,,,,,,,,,,,,,,,,,,,
NDCincond,0,,CERAMICS,,2013,,0.4401,0.4401,0.4401,0.4401,,,,,,,,,,,,,,,,,,,,,,,,,,,,,,,,,
NDCincond,0,,CERAMICS,,2014,,0.3789,0.3789,0.3789,0.3789,,,,,,,,,,,,,,,,,,,,,,,,,,,,,,,,,
NDCincond,0,,CERAMICS,,2015,,0.383,0.383,0.383,0.383,,,,,,,,,,,,,,,,,,,,,,,,,,,,,,,,,
NDCincond,0,,CERAMICS,,2016,,0.3872,0.3872,0.3872,0.3872,,,,,,,,,,,,,,,,,,,,,,,,,,,,,,,,,
NDCincond,0,,CERAMICS,,2017,,0.296,0.296,0.296,0.296,,,,,,,,,,,,,,,,,,,,,,,,,,,,,,,,,
NDCincond,0,,CERAMICS,,2018,,0.2049,0.2049,0.2049,0.2049,,,,,,,,,,,,,,,,,,,,,,,,,,,,,,,,,
NDCincond,0,,CERAMICS,,2019,,0.1522,0.1522,0.1522,0.1522,,,,,,,,,,,,,,,,,,,,,,,,,,,,,,,,,
NDCincond,0,,CERAMICS,,2020,,0.0995,0.0995,0.0995,0.0995,,,,,,,,,,,,,,,,,,,,,,,,,,,,,,,,,
NDCincond,0,,CERAMICS,,2021,,0.0446,0.0446,0.0446,0.0446,,,,,,,,,,,,,,,,,,,,,,,,,,,,,,,,,
NDCincond,0,,CERAMICS,,2022,,0.2117,0.2117,0.2117,0.2117,,,,,,,,,,,,,,,,,,,,,,,,,,,,,,,,,
NDCincond,0,,CERAMICS,,2023,,0.2162,0.2162,0.2162,0.2162,,,,,,,,,,,,,,,,,,,,,,,,,,,,,,,,,
NDCincond,0,,CERAMICS,,2024,,0.2208,0.2208,0.2208,0.2208,,,,,,,,,,,,,,,,,,,,,,,,,,,,,,,,,
NDCincond,0,,CERAMICS,,2025,,0.2256,0.2256,0.2256,0.2256,,,,,,,,,,,,,,,,,,,,,,,,,,,,,,,,,
NDCincond,0,,CERAMICS,,2026,,0.2304,0.2304,0.2304,0.2304,,,,,,,,,,,,,,,,,,,,,,,,,,,,,,,,,
NDCincond,0,,CERAMICS,,2027,,0.2353,0.2353,0.2353,0.2353,,,,,,,,,,,,,,,,,,,,,,,,,,,,,,,,,
NDCincond,0,,CERAMICS,,2028,,0.2404,0.2404,0.2404,0.2404,,,,,,,,,,,,,,,,,,,,,,,,,,,,,,,,,
NDCincond,0,,CERAMICS,,2029,,0.2455,0.2455,0.2455,0.2455,,,,,,,,,,,,,,,,,,,,,,,,,,,,,,,,,
NDCincond,0,,CERAMICS,,2030,,0.2507,0.2507,0.2507,0.2507,,,,,,,,,,,,,,,,,,,,,,,,,,,,,,,,,
NDCincond,0,,CERAMICS,,2031,,0.2561,0.2561,0.2561,0.2561,,,,,,,,,,,,,,,,,,,,,,,,,,,,,,,,,
NDCincond,0,,CERAMICS,,2032,,0.2616,0.2616,0.2616,0.2616,,,,,,,,,,,,,,,,,,,,,,,,,,,,,,,,,
NDCincond,0,,CERAMICS,,2033,,0.2672,0.2672,0.2672,0.2672,,,,,,,,,,,,,,,,,,,,,,,,,,,,,,,,,
NDCincond,0,,CERAMICS,,2034,,0.2729,0.2729,0.2729,0.2729,,,,,,,,,,,,,,,,,,,,,,,,,,,,,,,,,
NDCincond,0,,CERAMICS,,2035,,0.2787,0.2787,0.2787,0.2787,,,,,,,,,,,,,,,,,,,,,,,,,,,,,,,,,
NDCincond,0,,SODA_ASH,,2012,,0.0018,0.0018,0.0018,0.0018,,,,,,,,,,,,,,,,,,,,,,,,,,,,,,,,,
NDCincond,0,,SODA_ASH,,2013,,0.0018,0.0018,0.0018,0.0018,,,,,,,,,,,,,,,,,,,,,,,,,,,,,,,,,
NDCincond,0,,SODA_ASH,,2014,,0.0018,0.0018,0.0018,0.0018,,,,,,,,,,,,,,,,,,,,,,,,,,,,,,,,,
NDCincond,0,,SODA_ASH,,2017,,0.0015,0.0015,0.0015,0.0015,,,,,,,,,,,,,,,,,,,,,,,,,,,,,,,,,
NDCincond,0,,SODA_ASH,,2018,,0.0031,0.0031,0.0031,0.0031,,,,,,,,,,,,,,,,,,,,,,,,,,,,,,,,,
NDCincond,0,,SODA_ASH,,2019,,0.0058,0.0058,0.0058,0.0058,,,,,,,,,,,,,,,,,,,,,,,,,,,,,,,,,
NDCincond,0,,SODA_ASH,,2020,,0.0085,0.0085,0.0085,0.0085,,,,,,,,,,,,,,,,,,,,,,,,,,,,,,,,,
NDCincond,0,,SODA_ASH,,2021,,0.0012,0.0012,0.0012,0.0012,,,,,,,,,,,,,,,,,,,,,,,,,,,,,,,,,
NDCincond,0,,SODA_ASH,,2022,,0.0017,0.0017,0.0017,0.0017,,,,,,,,,,,,,,,,,,,,,,,,,,,,,,,,,
NDCincond,0,,SODA_ASH,,2023,,0.0017,0.0017,0.0017,0.0017,,,,,,,,,,,,,,,,,,,,,,,,,,,,,,,,,
NDCincond,0,,SODA_ASH,,2024,,0.0018,0.0018,0.0018,0.0018,,,,,,,,,,,,,,,,,,,,,,,,,,,,,,,,,
NDCincond,0,,SODA_ASH,,2025,,0.0018,0.0018,0.0018,0.0018,,,,,,,,,,,,,,,,,,,,,,,,,,,,,,,,,
NDCincond,0,,SODA_ASH,,2026,,0.0019,0.0019,0.0019,0.0019,,,,,,,,,,,,,,,,,,,,,,,,,,,,,,,,,
NDCincond,0,,SODA_ASH,,2027,,0.0019,0.0019,0.0019,0.0019,,,,,,,,,,,,,,,,,,,,,,,,,,,,,,,,,
NDCincond,0,,SODA_ASH,,2028,,0.0019,0.0019,0.0019,0.0019,,,,,,,,,,,,,,,,,,,,,,,,,,,,,,,,,
NDCincond,0,,SODA_ASH,,2029,,0.002,0.002,0.002,0.002,,,,,,,,,,,,,,,,,,,,,,,,,,,,,,,,,
NDCincond,0,,SODA_ASH,,2030,,0.002,0.002,0.002,0.002,,,,,,,,,,,,,,,,,,,,,,,,,,,,,,,,,
NDCincond,0,,SODA_ASH,,2031,,0.0021,0.0021,0.0021,0.0021,,,,,,,,,,,,,,,,,,,,,,,,,,,,,,,,,
NDCincond,0,,SODA_ASH,,2032,,0.0021,0.0021,0.0021,0.0021,,,,,,,,,,,,,,,,,,,,,,,,,,,,,,,,,
NDCincond,0,,SODA_ASH,,2033,,0.0021,0.0021,0.0021,0.0021,,,,,,,,,,,,,,,,,,,,,,,,,,,,,,,,,
NDCincond,0,,SODA_ASH,,2034,,0.0022,0.0022,0.0022,0.0022,,,,,,,,,,,,,,,,,,,,,,,,,,,,,,,,,
NDCincond,0,,SODA_ASH,,2035,,0.0022,0.0022,0.0022,0.0022,,,,,,,,,,,,,,,,,,,,,,,,,,,,,,,,,
NDCincond,0,,IRON_STEEL,,2010,,0.0298,0.0298,0.0298,0.0298,,,,,,,,,,,,,,,,,,,,,,,,,,,,,,,,,
NDCincond,0,,IRON_STEEL,,2011,,0.0317,0.0317,0.0317,0.0317,,,,,,,,,,,,,,,,,,,,,,,,,,,,,,,,,
NDCincond,0,,IRON_STEEL,,2012,,0.0336,0.0336,0.0336,0.0336,,,,,,,,,,,,,,,,,,,,,,,,,,,,,,,,,
NDCincond,0,,IRON_STEEL,,2013,,0.0357,0.0357,0.0357,0.0357,,,,,,,,,,,,,,,,,,,,,,,,,,,,,,,,,
NDCincond,0,,IRON_STEEL,,2014,,0.0378,0.0378,0.0378,0.0378,,,,,,,,,,,,,,,,,,,,,,,,,,,,,,,,,
NDCincond,0,,IRON_STEEL,,2015,,0.0404,0.0404,0.0404,0.0404,,,,,,,,,,,,,,,,,,,,,,,,,,,,,,,,,
NDCincond,0,,IRON_STEEL,,2016,,0.0429,0.0429,0.0429,0.0429,,,,,,,,,,,,,,,,,,,,,,,,,,,,,,,,,
NDCincond,0,,IRON_STEEL,,2017,,0.0496,0.0496,0.0496,0.0496,,,,,,,,,,,,,,,,,,,,,,,,,,,,,,,,,
NDCincond,0,,IRON_STEEL,,2018,,0.0564,0.0564,0.0564,0.0564,,,,,,,,,,,,,,,,,,,,,,,,,,,,,,,,,
NDCincond,0,,IRON_STEEL,,2019,,0.0459,0.0459,0.0459,0.0459,,,,,,,,,,,,,,,,,,,,,,,,,,,,,,,,,
NDCincond,0,,IRON_STEEL,,2020,,0.0354,0.0354,0.0354,0.0354,,,,,,,,,,,,,,,,,,,,,,,,,,,,,,,,,
NDCincond,0,,IRON_STEEL,,2021,,0.0779,0.0779,0.0779,0.0779,,,,,,,,,,,,,,,,,,,,,,,,,,,,,,,,,
NDCincond,0,,IRON_STEEL,,2022,,0.0801,0.0801,0.0801,0.0801,,,,,,,,,,,,,,,,,,,,,,,,,,,,,,,,,
NDCincond,0,,IRON_STEEL,,2023,,0.0818,0.0818,0.0818,0.0818,,,,,,,,,,,,,,,,,,,,,,,,,,,,,,,,,
NDCincond,0,,IRON_STEEL,,2024,,0.0836,0.0836,0.0836,0.0836,,,,,,,,,,,,,,,,,,,,,,,,,,,,,,,,,
NDCincond,0,,IRON_STEEL,,2025,,0.0853,0.0853,0.0853,0.0853,,,,,,,,,,,,,,,,,,,,,,,,,,,,,,,,,
NDCincond,0,,IRON_STEEL,,2026,,0.0872,0.0872,0.0872,0.0872,,,,,,,,,,,,,,,,,,,,,,,,,,,,,,,,,
NDCincond,0,,IRON_STEEL,,2027,,0.089,0.089,0.089,0.089,,,,,,,,,,,,,,,,,,,,,,,,,,,,,,,,,
NDCincond,0,,IRON_STEEL,,2028,,0.0909,0.0909,0.0909,0.0909,,,,,,,,,,,,,,,,,,,,,,,,,,,,,,,,,
NDCincond,0,,IRON_STEEL,,2029,,0.0929,0.0929,0.0929,0.0929,,,,,,,,,,,,,,,,,,,,,,,,,,,,,,,,,
NDCincond,0,,IRON_STEEL,,2030,,0.0949,0.0949,0.0949,0.0949,,,,,,,,,,,,,,,,,,,,,,,,,,,,,,,,,
NDCincond,0,,IRON_STEEL,,2031,,0.0969,0.0969,0.0969,0.0969,,,,,,,,,,,,,,,,,,,,,,,,,,,,,,,,,
NDCincond,0,,IRON_STEEL,,2032,,0.099,0.099,0.099,0.099,,,,,,,,,,,,,,,,,,,,,,,,,,,,,,,,,
NDCincond,0,,IRON_STEEL,,2033,,0.1011,0.1011,0.1011,0.1011,,,,,,,,,,,,,,,,,,,,,,,,,,,,,,,,,
NDCincond,0,,IRON_STEEL,,2034,,0.1032,0.1032,0.1032,0.1032,,,,,,,,,,,,,,,,,,,,,,,,,,,,,,,,,
NDCincond,0,,IRON_STEEL,,2035,,0.1055,0.1055,0.1055,0.1055,,,,,,,,,,,,,,,,,,,,,,,,,,,,,,,,,
NDCincond,0,,LEAD_PROD,,2010,,0.0013,0.0013,0.0013,0.0013,,,,,,,,,,,,,,,,,,,,,,,,,,,,,,,,,
NDCincond,0,,LEAD_PROD,,2011,,0.0016,0.0016,0.0016,0.0016,,,,,,,,,,,,,,,,,,,,,,,,,,,,,,,,,
NDCincond,0,,LEAD_PROD,,2012,,0.0019,0.0019,0.0019,0.0019,,,,,,,,,,,,,,,,,,,,,,,,,,,,,,,,,
NDCincond,0,,LEAD_PROD,,2013,,0.0023,0.0023,0.0023,0.0023,,,,,,,,,,,,,,,,,,,,,,,,,,,,,,,,,
NDCincond,0,,LEAD_PROD,,2014,,0.0027,0.0027,0.0027,0.0027,,,,,,,,,,,,,,,,,,,,,,,,,,,,,,,,,
NDCincond,0,,LEAD_PROD,,2015,,0.0029,0.0029,0.0029,0.0029,,,,,,,,,,,,,,,,,,,,,,,,,,,,,,,,,
NDCincond,0,,LEAD_PROD,,2016,,0.003,0.003,0.003,0.003,,,,,,,,,,,,,,,,,,,,,,,,,,,,,,,,,
NDCincond,0,,LEAD_PROD,,2017,,0.0035,0.0035,0.0035,0.0035,,,,,,,,,,,,,,,,,,,,,,,,,,,,,,,,,
NDCincond,0,,LEAD_PROD,,2018,,0.004,0.004,0.004,0.004,,,,,,,,,,,,,,,,,,,,,,,,,,,,,,,,,
NDCincond,0,,LEAD_PROD,,2019,,0.007,0.007,0.007,0.007,,,,,,,,,,,,,,,,,,,,,,,,,,,,,,,,,
NDCincond,0,,LEAD_PROD,,2020,,0.01,0.01,0.01,0.01,,,,,,,,,,,,,,,,,,,,,,,,,,,,,,,,,
NDCincond,0,,LEAD_PROD,,2021,,0.0087,0.0087,0.0087,0.0087,,,,,,,,,,,,,,,,,,,,,,,,,,,,,,,,,
NDCincond,0,,LEAD_PROD,,2022,,0.0066,0.0066,0.0066,0.0066,,,,,,,,,,,,,,,,,,,,,,,,,,,,,,,,,
NDCincond,0,,LEAD_PROD,,2023,,0.0067,0.0067,0.0067,0.0067,,,,,,,,,,,,,,,,,,,,,,,,,,,,,,,,,
NDCincond,0,,LEAD_PROD,,2024,,0.0069,0.0069,0.0069,0.0069,,,,,,,,,,,,,,,,,,,,,,,,,,,,,,,,,
NDCincond,0,,LEAD_PROD,,2025,,0.007,0.007,0.007,0.007,,,,,,,,,,,,,,,,,,,,,,,,,,,,,,,,,
NDCincond,0,,LEAD_PROD,,2026,,0.0072,0.0072,0.0072,0.0072,,,,,,,,,,,,,,,,,,,,,,,,,,,,,,,,,
NDCincond,0,,LEAD_PROD,,2027,,0.0073,0.0073,0.0073,0.0073,,,,,,,,,,,,,,,,,,,,,,,,,,,,,,,,,
NDCincond,0,,LEAD_PROD,,2028,,0.0075,0.0075,0.0075,0.0075,,,,,,,,,,,,,,,,,,,,,,,,,,,,,,,,,
NDCincond,0,,LEAD_PROD,,2029,,0.0077,0.0077,0.0077,0.0077,,,,,,,,,,,,,,,,,,,,,,,,,,,,,,,,,
NDCincond,0,,LEAD_PROD,,2030,,0.0078,0.0078,0.0078,0.0078,,,,,,,,,,,,,,,,,,,,,,,,,,,,,,,,,
NDCincond,0,,LEAD_PROD,,2031,,0.008,0.008,0.008,0.008,,,,,,,,,,,,,,,,,,,,,,,,,,,,,,,,,
NDCincond,0,,LEAD_PROD,,2032,,0.0082,0.0082,0.0082,0.0082,,,,,,,,,,,,,,,,,,,,,,,,,,,,,,,,,
NDCincond,0,,LEAD_PROD,,2033,,0.0083,0.0083,0.0083,0.0083,,,,,,,,,,,,,,,,,,,,,,,,,,,,,,,,,
NDCincond,0,,LEAD_PROD,,2034,,0.0085,0.0085,0.0085,0.0085,,,,,,,,,,,,,,,,,,,,,,,,,,,,,,,,,
NDCincond,0,,LEAD_PROD,,2035,,0.0087,0.0087,0.0087,0.0087,,,,,,,,,,,,,,,,,,,,,,,,,,,,,,,,,
NDCincond,0,,LUBRI,,2013,,0.0028,0.0028,0.0028,0.0028,,,,,,,,,,,,,,,,,,,,,,,,,,,,,,,,,
NDCincond,0,,LUBRI,,2014,,0.0054,0.0054,0.0054,0.0054,,,,,,,,,,,,,,,,,,,,,,,,,,,,,,,,,
NDCincond,0,,LUBRI,,2015,,0.0056,0.0056,0.0056,0.0056,,,,,,,,,,,,,,,,,,,,,,,,,,,,,,,,,
NDCincond,0,,LUBRI,,2016,,0.0057,0.0057,0.0057,0.0057,,,,,,,,,,,,,,,,,,,,,,,,,,,,,,,,,
NDCincond,0,,LUBRI,,2017,,0.0053,0.0053,0.0053,0.0053,,,,,,,,,,,,,,,,,,,,,,,,,,,,,,,,,
NDCincond,0,,LUBRI,,2018,,0.0049,0.0049,0.0049,0.0049,,,,,,,,,,,,,,,,,,,,,,,,,,,,,,,,,
NDCincond,0,,LUBRI,,2019,,0.0043,0.0043,0.0043,0.0043,,,,,,,,,,,,,,,,,,,,,,,,,,,,,,,,,
NDCincond,0,,LUBRI,,2020,,0.0037,0.0037,0.0037,0.0037,,,,,,,,,,,,,,,,,,,,,,,,,,,,,,,,,
NDCincond,0,,LUBRI,,2021,,0.0036,0.0036,0.0036,0.0036,,,,,,,,,,,,,,,,,,,,,,,,,,,,,,,,,
NDCincond,0,,LUBRI,,2022,,0.003,0.003,0.003,0.003,,,,,,,,,,,,,,,,,,,,,,,,,,,,,,,,,
NDCincond,0,,LUBRI,,2023,,0.0031,0.0031,0.0031,0.0031,,,,,,,,,,,,,,,,,,,,,,,,,,,,,,,,,
NDCincond,0,,LUBRI,,2024,,0.0031,0.0031,0.0031,0.0031,,,,,,,,,,,,,,,,,,,,,,,,,,,,,,,,,
NDCincond,0,,LUBRI,,2025,,0.0032,0.0032,0.0032,0.0032,,,,,,,,,,,,,,,,,,,,,,,,,,,,,,,,,
NDCincond,0,,LUBRI,,2026,,0.0033,0.0033,0.0033,0.0033,,,,,,,,,,,,,,,,,,,,,,,,,,,,,,,,,
NDCincond,0,,LUBRI,,2027,,0.0033,0.0033,0.0033,0.0033,,,,,,,,,,,,,,,,,,,,,,,,,,,,,,,,,
NDCincond,0,,LUBRI,,2028,,0.0034,0.0034,0.0034,0.0034,,,,,,,,,,,,,,,,,,,,,,,,,,,,,,,,,
NDCincond,0,,LUBRI,,2029,,0.0035,0.0035,0.0035,0.0035,,,,,,,,,,,,,,,,,,,,,,,,,,,,,,,,,
NDCincond,0,,LUBRI,,2030,,0.0036,0.0036,0.0036,0.0036,,,,,,,,,,,,,,,,,,,,,,,,,,,,,,,,,
NDCincond,0,,LUBRI,,2031,,0.0036,0.0036,0.0036,0.0036,,,,,,,,,,,,,,,,,,,,,,,,,,,,,,,,,
NDCincond,0,,LUBRI,,2032,,0.0037,0.0037,0.0037,0.0037,,,,,,,,,,,,,,,,,,,,,,,,,,,,,,,,,
NDCincond,0,,LUBRI,,2033,,0.0038,0.0038,0.0038,0.0038,,,,,,,,,,,,,,,,,,,,,,,,,,,,,,,,,
NDCincond,0,,LUBRI,,2034,,0.0039,0.0039,0.0039,0.0039,,,,,,,,,,,,,,,,,,,,,,,,,,,,,,,,,
NDCincond,0,,LUBRI,,2035,,0.0039,0.0039,0.0039,0.0039,,,,,,,,,,,,,,,,,,,,,,,,,,,,,,,,,
NDCincond,0,,T5LIME_PRODIPPU,,2010,,0.0665,0.0665,0.0665,0.0665,,,,,,,,,,,,,,,,,,,,,,,,,,,,,,,,,
NDCincond,0,,T5LIME_PRODIPPU,,2011,,0.0692,0.0692,0.0692,0.0692,,,,,,,,,,,,,,,,,,,,,,,,,,,,,,,,,
NDCincond,0,,T5LIME_PRODIPPU,,2012,,0.0719,0.0719,0.0719,0.0719,,,,,,,,,,,,,,,,,,,,,,,,,,,,,,,,,
NDCincond,0,,T5LIME_PRODIPPU,,2013,,0.0742,0.0742,0.0742,0.0742,,,,,,,,,,,,,,,,,,,,,,,,,,,,,,,,,
NDCincond,0,,T5LIME_PRODIPPU,,2014,,0.0766,0.0766,0.0766,0.0766,,,,,,,,,,,,,,,,,,,,,,,,,,,,,,,,,
NDCincond,0,,T5LIME_PRODIPPU,,2015,,0.0852,0.0852,0.0852,0.0852,,,,,,,,,,,,,,,,,,,,,,,,,,,,,,,,,
NDCincond,0,,T5LIME_PRODIPPU,,2016,,0.0938,0.0938,0.0938,0.0938,,,,,,,,,,,,,,,,,,,,,,,,,,,,,,,,,
NDCincond,0,,T5LIME_PRODIPPU,,2017,,0.1005,0.1005,0.1005,0.1005,,,,,,,,,,,,,,,,,,,,,,,,,,,,,,,,,
NDCincond,0,,T5LIME_PRODIPPU,,2018,,0.1071,0.1071,0.1071,0.1071,,,,,,,,,,,,,,,,,,,,,,,,,,,,,,,,,
NDCincond,0,,T5LIME_PRODIPPU,,2019,,0.1144,0.1144,0.1144,0.1144,,,,,,,,,,,,,,,,,,,,,,,,,,,,,,,,,
NDCincond,0,,T5LIME_PRODIPPU,,2020,,0.1216,0.1216,0.1216,0.1216,,,,,,,,,,,,,,,,,,,,,,,,,,,,,,,,,
NDCincond,0,,T5LIME_PRODIPPU,,2021,,0.2199,0.2199,0.2199,0.2199,,,,,,,,,,,,,,,,,,,,,,,,,,,,,,,,,
NDCincond,0,,T5LIME_PRODIPPU,,2022,,0.1791,0.1791,0.1791,0.1791,,,,,,,,,,,,,,,,,,,,,,,,,,,,,,,,,
NDCincond,0,,T5LIME_PRODIPPU,,2023,,0.1829,0.1829,0.1829,0.1829,,,,,,,,,,,,,,,,,,,,,,,,,,,,,,,,,
NDCincond,0,,T5LIME_PRODIPPU,,2024,,0.1868,0.1868,0.1868,0.1868,,,,,,,,,,,,,,,,,,,,,,,,,,,,,,,,,
NDCincond,0,,T5LIME_PRODIPPU,,2025,,0.1908,0.1908,0.1908,0.1908,,,,,,,,,,,,,,,,,,,,,,,,,,,,,,,,,
NDCincond,0,,T5LIME_PRODIPPU,,2026,,0.1949,0.1949,0.1949,0.1949,,,,,,,,,,,,,,,,,,,,,,,,,,,,,,,,,
NDCincond,0,,T5LIME_PRODIPPU,,2027,,0.1991,0.1991,0.1991,0.1991,,,,,,,,,,,,,,,,,,,,,,,,,,,,,,,,,
NDCincond,0,,T5LIME_PRODIPPU,,2028,,0.2034,0.2034,0.2034,0.2034,,,,,,,,,,,,,,,,,,,,,,,,,,,,,,,,,
NDCincond,0,,T5LIME_PRODIPPU,,2029,,0.2077,0.2077,0.2077,0.2077,,,,,,,,,,,,,,,,,,,,,,,,,,,,,,,,,
NDCincond,0,,T5LIME_PRODIPPU,,2030,,0.2121,0.2121,0.2121,0.2121,,,,,,,,,,,,,,,,,,,,,,,,,,,,,,,,,
NDCincond,0,,T5LIME_PRODIPPU,,2031,,0.2167,0.2167,0.2167,0.2167,,,,,,,,,,,,,,,,,,,,,,,,,,,,,,,,,
NDCincond,0,,T5LIME_PRODIPPU,,2032,,0.2213,0.2213,0.2213,0.2213,,,,,,,,,,,,,,,,,,,,,,,,,,,,,,,,,
NDCincond,0,,T5LIME_PRODIPPU,,2033,,0.226,0.226,0.226,0.226,,,,,,,,,,,,,,,,,,,,,,,,,,,,,,,,,
NDCincond,0,,T5LIME_PRODIPPU,,2034,,0.2309,0.2309,0.2309,0.2309,,,,,,,,,,,,,,,,,,,,,,,,,,,,,,,,,
NDCincond,0,,T5LIME_PRODIPPU,,2035,,0.2358,0.2358,0.2358,0.2358,,,,,,,,,,,,,,,,,,,,,,,,,,,,,,,,,
NDCincond,0,,T5GLASS_PRODIPPU,,2010,,0.0075,0.0075,0.0075,0.0075,,,,,,,,,,,,,,,,,,,,,,,,,,,,,,,,,
NDCincond,0,,T5GLASS_PRODIPPU,,2011,,0.0092,0.0092,0.0092,0.0092,,,,,,,,,,,,,,,,,,,,,,,,,,,,,,,,,
NDCincond,0,,T5GLASS_PRODIPPU,,2012,,0.0109,0.0109,0.0109,0.0109,,,,,,,,,,,,,,,,,,,,,,,,,,,,,,,,,
NDCincond,0,,T5GLASS_PRODIPPU,,2013,,0.0126,0.0126,0.0126,0.0126,,,,,,,,,,,,,,,,,,,,,,,,,,,,,,,,,
NDCincond,0,,T5GLASS_PRODIPPU,,2014,,0.0143,0.0143,0.0143,0.0143,,,,,,,,,,,,,,,,,,,,,,,,,,,,,,,,,
NDCincond,0,,T5GLASS_PRODIPPU,,2015,,0.0125,0.0125,0.0125,0.0125,,,,,,,,,,,,,,,,,,,,,,,,,,,,,,,,,
NDCincond,0,,T5GLASS_PRODIPPU,,2016,,0.0107,0.0107,0.0107,0.0107,,,,,,,,,,,,,,,,,,,,,,,,,,,,,,,,,
NDCincond,0,,T5GLASS_PRODIPPU,,2017,,0.0124,0.0124,0.0124,0.0124,,,,,,,,,,,,,,,,,,,,,,,,,,,,,,,,,
NDCincond,0,,T5GLASS_PRODIPPU,,2018,,0.0141,0.0141,0.0141,0.0141,,,,,,,,,,,,,,,,,,,,,,,,,,,,,,,,,
NDCincond,0,,T5GLASS_PRODIPPU,,2019,,0.0094,0.0094,0.0094,0.0094,,,,,,,,,,,,,,,,,,,,,,,,,,,,,,,,,
NDCincond,0,,T5GLASS_PRODIPPU,,2020,,0.0047,0.0047,0.0047,0.0047,,,,,,,,,,,,,,,,,,,,,,,,,,,,,,,,,
NDCincond,0,,T5GLASS_PRODIPPU,,2021,,0.0089,0.0089,0.0089,0.0089,,,,,,,,,,,,,,,,,,,,,,,,,,,,,,,,,
NDCincond,0,,T5GLASS_PRODIPPU,,2022,,0.0081,0.0081,0.0081,0.0081,,,,,,,,,,,,,,,,,,,,,,,,,,,,,,,,,
NDCincond,0,,T5GLASS_PRODIPPU,,2023,,0.0083,0.0083,0.0083,0.0083,,,,,,,,,,,,,,,,,,,,,,,,,,,,,,,,,
NDCincond,0,,T5GLASS_PRODIPPU,,2024,,0.0084,0.0084,0.0084,0.0084,,,,,,,,,,,,,,,,,,,,,,,,,,,,,,,,,
NDCincond,0,,T5GLASS_PRODIPPU,,2025,,0.0086,0.0086,0.0086,0.0086,,,,,,,,,,,,,,,,,,,,,,,,,,,,,,,,,
NDCincond,0,,T5GLASS_PRODIPPU,,2026,,0.0088,0.0088,0.0088,0.0088,,,,,,,,,,,,,,,,,,,,,,,,,,,,,,,,,
NDCincond,0,,T5GLASS_PRODIPPU,,2027,,0.009,0.009,0.009,0.009,,,,,,,,,,,,,,,,,,,,,,,,,,,,,,,,,
NDCincond,0,,T5GLASS_PRODIPPU,,2028,,0.0092,0.0092,0.0092,0.0092,,,,,,,,,,,,,,,,,,,,,,,,,,,,,,,,,
NDCincond,0,,T5GLASS_PRODIPPU,,2029,,0.0094,0.0094,0.0094,0.0094,,,,,,,,,,,,,,,,,,,,,,,,,,,,,,,,,
NDCincond,0,,T5GLASS_PRODIPPU,,2030,,0.0096,0.0096,0.0096,0.0096,,,,,,,,,,,,,,,,,,,,,,,,,,,,,,,,,
NDCincond,0,,T5GLASS_PRODIPPU,,2031,,0.0098,0.0098,0.0098,0.0098,,,,,,,,,,,,,,,,,,,,,,,,,,,,,,,,,
NDCincond,0,,T5GLASS_PRODIPPU,,2032,,0.01,0.01,0.01,0.01,,,,,,,,,,,,,,,,,,,,,,,,,,,,,,,,,
NDCincond,0,,T5GLASS_PRODIPPU,,2033,,0.0102,0.0102,0.0102,0.0102,,,,,,,,,,,,,,,,,,,,,,,,,,,,,,,,,
NDCincond,0,,T5GLASS_PRODIPPU,,2034,,0.0104,0.0104,0.0104,0.0104,,,,,,,,,,,,,,,,,,,,,,,,,,,,,,,,,
NDCincond,0,,T5GLASS_PRODIPPU,,2035,,0.0107,0.0107,0.0107,0.0107,,,,,,,,,,,,,,,,,,,,,,,,,,,,,,,,,
NDCincond,0,,T5CERAMICSIPPU,,2010,,0.3181,0.3181,0.3181,0.3181,,,,,,,,,,,,,,,,,,,,,,,,,,,,,,,,,
NDCincond,0,,T5CERAMICSIPPU,,2011,,0.4096,0.4096,0.4096,0.4096,,,,,,,,,,,,,,,,,,,,,,,,,,,,,,,,,
NDCincond,0,,T5CERAMICSIPPU,,2012,,0.5012,0.5012,0.5012,0.5012,,,,,,,,,,,,,,,,,,,,,,,,,,,,,,,,,
NDCincond,0,,T5CERAMICSIPPU,,2013,,0.4401,0.4401,0.4401,0.4401,,,,,,,,,,,,,,,,,,,,,,,,,,,,,,,,,
NDCincond,0,,T5CERAMICSIPPU,,2014,,0.3789,0.3789,0.3789,0.3789,,,,,,,,,,,,,,,,,,,,,,,,,,,,,,,,,
NDCincond,0,,T5CERAMICSIPPU,,2015,,0.383,0.383,0.383,0.383,,,,,,,,,,,,,,,,,,,,,,,,,,,,,,,,,
NDCincond,0,,T5CERAMICSIPPU,,2016,,0.3872,0.3872,0.3872,0.3872,,,,,,,,,,,,,,,,,,,,,,,,,,,,,,,,,
NDCincond,0,,T5CERAMICSIPPU,,2017,,0.296,0.296,0.296,0.296,,,,,,,,,,,,,,,,,,,,,,,,,,,,,,,,,
NDCincond,0,,T5CERAMICSIPPU,,2018,,0.2049,0.2049,0.2049,0.2049,,,,,,,,,,,,,,,,,,,,,,,,,,,,,,,,,
NDCincond,0,,T5CERAMICSIPPU,,2019,,0.1522,0.1522,0.1522,0.1522,,,,,,,,,,,,,,,,,,,,,,,,,,,,,,,,,
NDCincond,0,,T5CERAMICSIPPU,,2020,,0.0995,0.0995,0.0995,0.0995,,,,,,,,,,,,,,,,,,,,,,,,,,,,,,,,,
NDCincond,0,,T5CERAMICSIPPU,,2021,,0.0446,0.0446,0.0446,0.0446,,,,,,,,,,,,,,,,,,,,,,,,,,,,,,,,,
NDCincond,0,,T5CERAMICSIPPU,,2022,,0.2117,0.2117,0.2117,0.2117,,,,,,,,,,,,,,,,,,,,,,,,,,,,,,,,,
NDCincond,0,,T5CERAMICSIPPU,,2023,,0.2162,0.2162,0.2162,0.2162,,,,,,,,,,,,,,,,,,,,,,,,,,,,,,,,,
NDCincond,0,,T5CERAMICSIPPU,,2024,,0.2208,0.2208,0.2208,0.2208,,,,,,,,,,,,,,,,,,,,,,,,,,,,,,,,,
NDCincond,0,,T5CERAMICSIPPU,,2025,,0.2256,0.2256,0.2256,0.2256,,,,,,,,,,,,,,,,,,,,,,,,,,,,,,,,,
NDCincond,0,,T5CERAMICSIPPU,,2026,,0.2304,0.2304,0.2304,0.2304,,,,,,,,,,,,,,,,,,,,,,,,,,,,,,,,,
NDCincond,0,,T5CERAMICSIPPU,,2027,,0.2353,0.2353,0.2353,0.2353,,,,,,,,,,,,,,,,,,,,,,,,,,,,,,,,,
NDCincond,0,,T5CERAMICSIPPU,,2028,,0.2404,0.2404,0.2404,0.2404,,,,,,,,,,,,,,,,,,,,,,,,,,,,,,,,,
NDCincond,0,,T5CERAMICSIPPU,,2029,,0.2455,0.2455,0.2455,0.2455,,,,,,,,,,,,,,,,,,,,,,,,,,,,,,,,,
NDCincond,0,,T5CERAMICSIPPU,,2030,,0.2507,0.2507,0.2507,0.2507,,,,,,,,,,,,,,,,,,,,,,,,,,,,,,,,,
NDCincond,0,,T5CERAMICSIPPU,,2031,,0.2561,0.2561,0.2561,0.2561,,,,,,,,,,,,,,,,,,,,,,,,,,,,,,,,,
NDCincond,0,,T5CERAMICSIPPU,,2032,,0.2616,0.2616,0.2616,0.2616,,,,,,,,,,,,,,,,,,,,,,,,,,,,,,,,,
NDCincond,0,,T5CERAMICSIPPU,,2033,,0.2672,0.2672,0.2672,0.2672,,,,,,,,,,,,,,,,,,,,,,,,,,,,,,,,,
NDCincond,0,,T5CERAMICSIPPU,,2034,,0.2729,0.2729,0.2729,0.2729,,,,,,,,,,,,,,,,,,,,,,,,,,,,,,,,,
NDCincond,0,,T5CERAMICSIPPU,,2035,,0.2787,0.2787,0.2787,0.2787,,,,,,,,,,,,,,,,,,,,,,,,,,,,,,,,,
NDCincond,0,,T5SODA_ASHIPPU,,2012,,0.0018,0.0018,0.0018,0.0018,,,,,,,,,,,,,,,,,,,,,,,,,,,,,,,,,
NDCincond,0,,T5SODA_ASHIPPU,,2013,,0.0018,0.0018,0.0018,0.0018,,,,,,,,,,,,,,,,,,,,,,,,,,,,,,,,,
NDCincond,0,,T5SODA_ASHIPPU,,2014,,0.0018,0.0018,0.0018,0.0018,,,,,,,,,,,,,,,,,,,,,,,,,,,,,,,,,
NDCincond,0,,T5SODA_ASHIPPU,,2017,,0.0015,0.0015,0.0015,0.0015,,,,,,,,,,,,,,,,,,,,,,,,,,,,,,,,,
NDCincond,0,,T5SODA_ASHIPPU,,2018,,0.0031,0.0031,0.0031,0.0031,,,,,,,,,,,,,,,,,,,,,,,,,,,,,,,,,
NDCincond,0,,T5SODA_ASHIPPU,,2019,,0.0058,0.0058,0.0058,0.0058,,,,,,,,,,,,,,,,,,,,,,,,,,,,,,,,,
NDCincond,0,,T5SODA_ASHIPPU,,2020,,0.0085,0.0085,0.0085,0.0085,,,,,,,,,,,,,,,,,,,,,,,,,,,,,,,,,
NDCincond,0,,T5SODA_ASHIPPU,,2021,,0.0012,0.0012,0.0012,0.0012,,,,,,,,,,,,,,,,,,,,,,,,,,,,,,,,,
NDCincond,0,,T5SODA_ASHIPPU,,2022,,0.0017,0.0017,0.0017,0.0017,,,,,,,,,,,,,,,,,,,,,,,,,,,,,,,,,
NDCincond,0,,T5SODA_ASHIPPU,,2023,,0.0017,0.0017,0.0017,0.0017,,,,,,,,,,,,,,,,,,,,,,,,,,,,,,,,,
NDCincond,0,,T5SODA_ASHIPPU,,2024,,0.0018,0.0018,0.0018,0.0018,,,,,,,,,,,,,,,,,,,,,,,,,,,,,,,,,
NDCincond,0,,T5SODA_ASHIPPU,,2025,,0.0018,0.0018,0.0018,0.0018,,,,,,,,,,,,,,,,,,,,,,,,,,,,,,,,,
NDCincond,0,,T5SODA_ASHIPPU,,2026,,0.0019,0.0019,0.0019,0.0019,,,,,,,,,,,,,,,,,,,,,,,,,,,,,,,,,
NDCincond,0,,T5SODA_ASHIPPU,,2027,,0.0019,0.0019,0.0019,0.0019,,,,,,,,,,,,,,,,,,,,,,,,,,,,,,,,,
NDCincond,0,,T5SODA_ASHIPPU,,2028,,0.0019,0.0019,0.0019,0.0019,,,,,,,,,,,,,,,,,,,,,,,,,,,,,,,,,
NDCincond,0,,T5SODA_ASHIPPU,,2029,,0.002,0.002,0.002,0.002,,,,,,,,,,,,,,,,,,,,,,,,,,,,,,,,,
NDCincond,0,,T5SODA_ASHIPPU,,2030,,0.002,0.002,0.002,0.002,,,,,,,,,,,,,,,,,,,,,,,,,,,,,,,,,
NDCincond,0,,T5SODA_ASHIPPU,,2031,,0.0021,0.0021,0.0021,0.0021,,,,,,,,,,,,,,,,,,,,,,,,,,,,,,,,,
NDCincond,0,,T5SODA_ASHIPPU,,2032,,0.0021,0.0021,0.0021,0.0021,,,,,,,,,,,,,,,,,,,,,,,,,,,,,,,,,
NDCincond,0,,T5SODA_ASHIPPU,,2033,,0.0021,0.0021,0.0021,0.0021,,,,,,,,,,,,,,,,,,,,,,,,,,,,,,,,,
NDCincond,0,,T5SODA_ASHIPPU,,2034,,0.0022,0.0022,0.0022,0.0022,,,,,,,,,,,,,,,,,,,,,,,,,,,,,,,,,
NDCincond,0,,T5SODA_ASHIPPU,,2035,,0.0022,0.0022,0.0022,0.0022,,,,,,,,,,,,,,,,,,,,,,,,,,,,,,,,,
NDCincond,0,,T5IRON_STEELIPPU,,2010,,0.0298,0.0298,0.0298,0.0298,,,,,,,,,,,,,,,,,,,,,,,,,,,,,,,,,
NDCincond,0,,T5IRON_STEELIPPU,,2011,,0.0317,0.0317,0.0317,0.0317,,,,,,,,,,,,,,,,,,,,,,,,,,,,,,,,,
NDCincond,0,,T5IRON_STEELIPPU,,2012,,0.0336,0.0336,0.0336,0.0336,,,,,,,,,,,,,,,,,,,,,,,,,,,,,,,,,
NDCincond,0,,T5IRON_STEELIPPU,,2013,,0.0357,0.0357,0.0357,0.0357,,,,,,,,,,,,,,,,,,,,,,,,,,,,,,,,,
NDCincond,0,,T5IRON_STEELIPPU,,2014,,0.0378,0.0378,0.0378,0.0378,,,,,,,,,,,,,,,,,,,,,,,,,,,,,,,,,
NDCincond,0,,T5IRON_STEELIPPU,,2015,,0.0404,0.0404,0.0404,0.0404,,,,,,,,,,,,,,,,,,,,,,,,,,,,,,,,,
NDCincond,0,,T5IRON_STEELIPPU,,2016,,0.0429,0.0429,0.0429,0.0429,,,,,,,,,,,,,,,,,,,,,,,,,,,,,,,,,
NDCincond,0,,T5IRON_STEELIPPU,,2017,,0.0496,0.0496,0.0496,0.0496,,,,,,,,,,,,,,,,,,,,,,,,,,,,,,,,,
NDCincond,0,,T5IRON_STEELIPPU,,2018,,0.0564,0.0564,0.0564,0.0564,,,,,,,,,,,,,,,,,,,,,,,,,,,,,,,,,
NDCincond,0,,T5IRON_STEELIPPU,,2019,,0.0459,0.0459,0.0459,0.0459,,,,,,,,,,,,,,,,,,,,,,,,,,,,,,,,,
NDCincond,0,,T5IRON_STEELIPPU,,2020,,0.0354,0.0354,0.0354,0.0354,,,,,,,,,,,,,,,,,,,,,,,,,,,,,,,,,
NDCincond,0,,T5IRON_STEELIPPU,,2021,,0.0779,0.0779,0.0779,0.0779,,,,,,,,,,,,,,,,,,,,,,,,,,,,,,,,,
NDCincond,0,,T5IRON_STEELIPPU,,2022,,0.0801,0.0801,0.0801,0.0801,,,,,,,,,,,,,,,,,,,,,,,,,,,,,,,,,
NDCincond,0,,T5IRON_STEELIPPU,,2023,,0.0818,0.0818,0.0818,0.0818,,,,,,,,,,,,,,,,,,,,,,,,,,,,,,,,,
NDCincond,0,,T5IRON_STEELIPPU,,2024,,0.0836,0.0836,0.0836,0.0836,,,,,,,,,,,,,,,,,,,,,,,,,,,,,,,,,
NDCincond,0,,T5IRON_STEELIPPU,,2025,,0.0853,0.0853,0.0853,0.0853,,,,,,,,,,,,,,,,,,,,,,,,,,,,,,,,,
NDCincond,0,,T5IRON_STEELIPPU,,2026,,0.0872,0.0872,0.0872,0.0872,,,,,,,,,,,,,,,,,,,,,,,,,,,,,,,,,
NDCincond,0,,T5IRON_STEELIPPU,,2027,,0.089,0.089,0.089,0.089,,,,,,,,,,,,,,,,,,,,,,,,,,,,,,,,,
NDCincond,0,,T5IRON_STEELIPPU,,2028,,0.0909,0.0909,0.0909,0.0909,,,,,,,,,,,,,,,,,,,,,,,,,,,,,,,,,
NDCincond,0,,T5IRON_STEELIPPU,,2029,,0.0929,0.0929,0.0929,0.0929,,,,,,,,,,,,,,,,,,,,,,,,,,,,,,,,,
NDCincond,0,,T5IRON_STEELIPPU,,2030,,0.0949,0.0949,0.0949,0.0949,,,,,,,,,,,,,,,,,,,,,,,,,,,,,,,,,
NDCincond,0,,T5IRON_STEELIPPU,,2031,,0.0969,0.0969,0.0969,0.0969,,,,,,,,,,,,,,,,,,,,,,,,,,,,,,,,,
NDCincond,0,,T5IRON_STEELIPPU,,2032,,0.099,0.099,0.099,0.099,,,,,,,,,,,,,,,,,,,,,,,,,,,,,,,,,
NDCincond,0,,T5IRON_STEELIPPU,,2033,,0.1011,0.1011,0.1011,0.1011,,,,,,,,,,,,,,,,,,,,,,,,,,,,,,,,,
NDCincond,0,,T5IRON_STEELIPPU,,2034,,0.1032,0.1032,0.1032,0.1032,,,,,,,,,,,,,,,,,,,,,,,,,,,,,,,,,
NDCincond,0,,T5IRON_STEELIPPU,,2035,,0.1055,0.1055,0.1055,0.1055,,,,,,,,,,,,,,,,,,,,,,,,,,,,,,,,,
NDCincond,0,,T5LEAD_PRODIPPU,,2010,,0.0013,0.0013,0.0013,0.0013,,,,,,,,,,,,,,,,,,,,,,,,,,,,,,,,,
NDCincond,0,,T5LEAD_PRODIPPU,,2011,,0.0016,0.0016,0.0016,0.0016,,,,,,,,,,,,,,,,,,,,,,,,,,,,,,,,,
NDCincond,0,,T5LEAD_PRODIPPU,,2012,,0.0019,0.0019,0.0019,0.0019,,,,,,,,,,,,,,,,,,,,,,,,,,,,,,,,,
NDCincond,0,,T5LEAD_PRODIPPU,,2013,,0.0023,0.0023,0.0023,0.0023,,,,,,,,,,,,,,,,,,,,,,,,,,,,,,,,,
NDCincond,0,,T5LEAD_PRODIPPU,,2014,,0.0027,0.0027,0.0027,0.0027,,,,,,,,,,,,,,,,,,,,,,,,,,,,,,,,,
NDCincond,0,,T5LEAD_PRODIPPU,,2015,,0.0029,0.0029,0.0029,0.0029,,,,,,,,,,,,,,,,,,,,,,,,,,,,,,,,,
NDCincond,0,,T5LEAD_PRODIPPU,,2016,,0.003,0.003,0.003,0.003,,,,,,,,,,,,,,,,,,,,,,,,,,,,,,,,,
NDCincond,0,,T5LEAD_PRODIPPU,,2017,,0.0035,0.0035,0.0035,0.0035,,,,,,,,,,,,,,,,,,,,,,,,,,,,,,,,,
NDCincond,0,,T5LEAD_PRODIPPU,,2018,,0.004,0.004,0.004,0.004,,,,,,,,,,,,,,,,,,,,,,,,,,,,,,,,,
NDCincond,0,,T5LEAD_PRODIPPU,,2019,,0.007,0.007,0.007,0.007,,,,,,,,,,,,,,,,,,,,,,,,,,,,,,,,,
NDCincond,0,,T5LEAD_PRODIPPU,,2020,,0.01,0.01,0.01,0.01,,,,,,,,,,,,,,,,,,,,,,,,,,,,,,,,,
NDCincond,0,,T5LEAD_PRODIPPU,,2021,,0.0087,0.0087,0.0087,0.0087,,,,,,,,,,,,,,,,,,,,,,,,,,,,,,,,,
NDCincond,0,,T5LEAD_PRODIPPU,,2022,,0.0066,0.0066,0.0066,0.0066,,,,,,,,,,,,,,,,,,,,,,,,,,,,,,,,,
NDCincond,0,,T5LEAD_PRODIPPU,,2023,,0.0067,0.0067,0.0067,0.0067,,,,,,,,,,,,,,,,,,,,,,,,,,,,,,,,,
NDCincond,0,,T5LEAD_PRODIPPU,,2024,,0.0069,0.0069,0.0069,0.0069,,,,,,,,,,,,,,,,,,,,,,,,,,,,,,,,,
NDCincond,0,,T5LEAD_PRODIPPU,,2025,,0.007,0.007,0.007,0.007,,,,,,,,,,,,,,,,,,,,,,,,,,,,,,,,,
NDCincond,0,,T5LEAD_PRODIPPU,,2026,,0.0072,0.0072,0.0072,0.0072,,,,,,,,,,,,,,,,,,,,,,,,,,,,,,,,,
NDCincond,0,,T5LEAD_PRODIPPU,,2027,,0.0073,0.0073,0.0073,0.0073,,,,,,,,,,,,,,,,,,,,,,,,,,,,,,,,,
NDCincond,0,,T5LEAD_PRODIPPU,,2028,,0.0075,0.0075,0.0075,0.0075,,,,,,,,,,,,,,,,,,,,,,,,,,,,,,,,,
NDCincond,0,,T5LEAD_PRODIPPU,,2029,,0.0077,0.0077,0.0077,0.0077,,,,,,,,,,,,,,,,,,,,,,,,,,,,,,,,,
NDCincond,0,,T5LEAD_PRODIPPU,,2030,,0.0078,0.0078,0.0078,0.0078,,,,,,,,,,,,,,,,,,,,,,,,,,,,,,,,,
NDCincond,0,,T5LEAD_PRODIPPU,,2031,,0.008,0.008,0.008,0.008,,,,,,,,,,,,,,,,,,,,,,,,,,,,,,,,,
NDCincond,0,,T5LEAD_PRODIPPU,,2032,,0.0082,0.0082,0.0082,0.0082,,,,,,,,,,,,,,,,,,,,,,,,,,,,,,,,,
NDCincond,0,,T5LEAD_PRODIPPU,,2033,,0.0083,0.0083,0.0083,0.0083,,,,,,,,,,,,,,,,,,,,,,,,,,,,,,,,,
NDCincond,0,,T5LEAD_PRODIPPU,,2034,,0.0085,0.0085,0.0085,0.0085,,,,,,,,,,,,,,,,,,,,,,,,,,,,,,,,,
NDCincond,0,,T5LEAD_PRODIPPU,,2035,,0.0087,0.0087,0.0087,0.0087,,,,,,,,,,,,,,,,,,,,,,,,,,,,,,,,,
NDCincond,0,,T5LUBRIIPPU,,2013,,0.0028,0.0028,0.0028,0.0028,,,,,,,,,,,,,,,,,,,,,,,,,,,,,,,,,
NDCincond,0,,T5LUBRIIPPU,,2014,,0.0054,0.0054,0.0054,0.0054,,,,,,,,,,,,,,,,,,,,,,,,,,,,,,,,,
NDCincond,0,,T5LUBRIIPPU,,2015,,0.0056,0.0056,0.0056,0.0056,,,,,,,,,,,,,,,,,,,,,,,,,,,,,,,,,
NDCincond,0,,T5LUBRIIPPU,,2016,,0.0057,0.0057,0.0057,0.0057,,,,,,,,,,,,,,,,,,,,,,,,,,,,,,,,,
NDCincond,0,,T5LUBRIIPPU,,2017,,0.0053,0.0053,0.0053,0.0053,,,,,,,,,,,,,,,,,,,,,,,,,,,,,,,,,
NDCincond,0,,T5LUBRIIPPU,,2018,,0.0049,0.0049,0.0049,0.0049,,,,,,,,,,,,,,,,,,,,,,,,,,,,,,,,,
NDCincond,0,,T5LUBRIIPPU,,2019,,0.0043,0.0043,0.0043,0.0043,,,,,,,,,,,,,,,,,,,,,,,,,,,,,,,,,
NDCincond,0,,T5LUBRIIPPU,,2020,,0.0037,0.0037,0.0037,0.0037,,,,,,,,,,,,,,,,,,,,,,,,,,,,,,,,,
NDCincond,0,,T5LUBRIIPPU,,2021,,0.0036,0.0036,0.0036,0.0036,,,,,,,,,,,,,,,,,,,,,,,,,,,,,,,,,
NDCincond,0,,T5LUBRIIPPU,,2022,,0.003,0.003,0.003,0.003,,,,,,,,,,,,,,,,,,,,,,,,,,,,,,,,,
NDCincond,0,,T5LUBRIIPPU,,2023,,0.0031,0.0031,0.0031,0.0031,,,,,,,,,,,,,,,,,,,,,,,,,,,,,,,,,
NDCincond,0,,T5LUBRIIPPU,,2024,,0.0031,0.0031,0.0031,0.0031,,,,,,,,,,,,,,,,,,,,,,,,,,,,,,,,,
NDCincond,0,,T5LUBRIIPPU,,2025,,0.0032,0.0032,0.0032,0.0032,,,,,,,,,,,,,,,,,,,,,,,,,,,,,,,,,
NDCincond,0,,T5LUBRIIPPU,,2026,,0.0033,0.0033,0.0033,0.0033,,,,,,,,,,,,,,,,,,,,,,,,,,,,,,,,,
NDCincond,0,,T5LUBRIIPPU,,2027,,0.0033,0.0033,0.0033,0.0033,,,,,,,,,,,,,,,,,,,,,,,,,,,,,,,,,
NDCincond,0,,T5LUBRIIPPU,,2028,,0.0034,0.0034,0.0034,0.0034,,,,,,,,,,,,,,,,,,,,,,,,,,,,,,,,,
NDCincond,0,,T5LUBRIIPPU,,2029,,0.0035,0.0035,0.0035,0.0035,,,,,,,,,,,,,,,,,,,,,,,,,,,,,,,,,
NDCincond,0,,T5LUBRIIPPU,,2030,,0.0036,0.0036,0.0036,0.0036,,,,,,,,,,,,,,,,,,,,,,,,,,,,,,,,,
NDCincond,0,,T5LUBRIIPPU,,2031,,0.0036,0.0036,0.0036,0.0036,,,,,,,,,,,,,,,,,,,,,,,,,,,,,,,,,
NDCincond,0,,T5LUBRIIPPU,,2032,,0.0037,0.0037,0.0037,0.0037,,,,,,,,,,,,,,,,,,,,,,,,,,,,,,,,,
NDCincond,0,,T5LUBRIIPPU,,2033,,0.0038,0.0038,0.0038,0.0038,,,,,,,,,,,,,,,,,,,,,,,,,,,,,,,,,
NDCincond,0,,T5LUBRIIPPU,,2034,,0.0039,0.0039,0.0039,0.0039,,,,,,,,,,,,,,,,,,,,,,,,,,,,,,,,,
NDCincond,0,,T5LUBRIIPPU,,2035,,0.0039,0.0039,0.0039,0.0039,,,,,,,,,,,,,,,,,,,,,,,,,,,,,,,,,
NDCincond,0,,,CO2e_HFC,2010,,,,,,,,,,,,,,,,,,,,,,0.214578,,,,,,,,,,,,,,,,
NDCincond,0,,,CO2e_HFC,2011,,,,,,,,,,,,,,,,,,,,,,0.239149,,,,,,,,,,,,,,,,
NDCincond,0,,,CO2e_HFC,2012,,,,,,,,,,,,,,,,,,,,,,0.288812,,,,,,,,,,,,,,,,
NDCincond,0,,,CO2e_HFC,2013,,,,,,,,,,,,,,,,,,,,,,0.32736,,,,,,,,,,,,,,,,
NDCincond,0,,,CO2e_HFC,2014,,,,,,,,,,,,,,,,,,,,,,0.373438,,,,,,,,,,,,,,,,
NDCincond,0,,,CO2e_HFC,2015,,,,,,,,,,,,,,,,,,,,,,0.431399,,,,,,,,,,,,,,,,
NDCincond,0,,,CO2e_HFC,2016,,,,,,,,,,,,,,,,,,,,,,0.464977,,,,,,,,,,,,,,,,
NDCincond,0,,,CO2e_HFC,2017,,,,,,,,,,,,,,,,,,,,,,0.491603,,,,,,,,,,,,,,,,
NDCincond,0,,,CO2e_HFC,2018,,,,,,,,,,,,,,,,,,,,,,0.514624,,,,,,,,,,,,,,,,
NDCincond,0,,,CO2e_HFC,2019,,,,,,,,,,,,,,,,,,,,,,0.93585,,,,,,,,,,,,,,,,
NDCincond,0,,,CO2e_HFC,2020,,,,,,,,,,,,,,,,,,,,,,1.19958,,,,,,,,,,,,,,,,
NDCincond,0,,,CO2e_HFC,2021,,,,,,,,,,,,,,,,,,,,,,1.32257,,,,,,,,,,,,,,,,
NDCincond,0,,,CO2e_HFC,2022,,,,,,,,,,,,,,,,,,,,,,1.95047,,,,,,,,,,,,,,,,
NDCincond,0,,,CO2e_HFC,2023,,,,,,,,,,,,,,,,,,,,,,2.37544,,,,,,,,,,,,,,,,
NDCincond,0,,,CO2e_HFC,2024,,,,,,,,,,,,,,,,,,,,,,2.79998,,,,,,,,,,,,,,,,
NDCincond,0,,,CO2e_HFC,2025,,,,,,,,,,,,,,,,,,,,,,3.23738,,,,,,,,,,,,,,,,
NDCincond,0,,,CO2e_HFC,2026,,,,,,,,,,,,,,,,,,,,,,3.58435,,,,,,,,,,,,,,,,
NDCincond,0,,,CO2e_HFC,2027,,,,,,,,,,,,,,,,,,,,,,3.93121,,,,,,,,,,,,,,,,
NDCincond,0,,,CO2e_HFC,2028,,,,,,,,,,,,,,,,,,,,,,4.27862,,,,,,,,,,,,,,,,
NDCincond,0,,,CO2e_HFC,2029,,,,,,,,,,,,,,,,,,,,,,4.62603,,,,,,,,,,,,,,,,
NDCincond,0,,,CO2e_HFC,2030,,,,,,,,,,,,,,,,,,,,,,4.99904,,,,,,,,,,,,,,,,
NDCincond,0,,,CO2e_HFC,2031,,,,,,,,,,,,,,,,,,,,,,4.9571,,,,,,,,,,,,,,,,
NDCincond,0,,,CO2e_HFC,2032,,,,,,,,,,,,,,,,,,,,,,4.91421,,,,,,,,,,,,,,,,
NDCincond,0,,,CO2e_HFC,2033,,,,,,,,,,,,,,,,,,,,,,4.87295,,,,,,,,,,,,,,,,
NDCincond,0,,,CO2e_HFC,2034,,,,,,,,,,,,,,,,,,,,,,4.8313,,,,,,,,,,,,,,,,
NDCincond,0,,,CO2e_HFC,2035,,,,,,,,,,,,,,,,,,,,,,4.78917,,,,,,,,,,,,,,,,
NDCincond,0,,,CO2e_IPPU,2010,,,,,,,,,,,,,,,,,,,,,,0.4232,,,,,,,,,,,,,,,,
NDCincond,0,,,CO2e_IPPU,2011,,,,,,,,,,,,,,,,,,,,,,0.5213,,,,,,,,,,,,,,,,
NDCincond,0,,,CO2e_IPPU,2012,,,,,,,,,,,,,,,,,,,,,,0.6213,,,,,,,,,,,,,,,,
NDCincond,0,,,CO2e_IPPU,2013,,,,,,,,,,,,,,,,,,,,,,0.5695,,,,,,,,,,,,,,,,
NDCincond,0,,,CO2e_IPPU,2014,,,,,,,,,,,,,,,,,,,,,,0.5175,,,,,,,,,,,,,,,,
NDCincond,0,,,CO2e_IPPU,2015,,,,,,,,,,,,,,,,,,,,,,0.5296,,,,,,,,,,,,,,,,
NDCincond,0,,,CO2e_IPPU,2016,,,,,,,,,,,,,,,,,,,,,,0.5433,,,,,,,,,,,,,,,,
NDCincond,0,,,CO2e_IPPU,2017,,,,,,,,,,,,,,,,,,,,,,0.4688,,,,,,,,,,,,,,,,
NDCincond,0,,,CO2e_IPPU,2018,,,,,,,,,,,,,,,,,,,,,,0.3945,,,,,,,,,,,,,,,,
NDCincond,0,,,CO2e_IPPU,2019,,,,,,,,,,,,,,,,,,,,,,0.339,,,,,,,,,,,,,,,,
NDCincond,0,,,CO2e_IPPU,2020,,,,,,,,,,,,,,,,,,,,,,0.2834,,,,,,,,,,,,,,,,
NDCincond,0,,,CO2e_IPPU,2021,,,,,,,,,,,,,,,,,,,,,,0.3648,,,,,,,,,,,,,,,,
NDCincond,0,,,CO2e_IPPU,2022,,,,,,,,,,,,,,,,,,,,,,0.4903,,,,,,,,,,,,,,,,
NDCincond,0,,,CO2e_IPPU,2023,,,,,,,,,,,,,,,,,,,,,,0.5007,,,,,,,,,,,,,,,,
NDCincond,0,,,CO2e_IPPU,2024,,,,,,,,,,,,,,,,,,,,,,0.5114,,,,,,,,,,,,,,,,
NDCincond,0,,,CO2e_IPPU,2025,,,,,,,,,,,,,,,,,,,,,,0.5223,,,,,,,,,,,,,,,,
NDCincond,0,,,CO2e_IPPU,2026,,,,,,,,,,,,,,,,,,,,,,0.5337,,,,,,,,,,,,,,,,
NDCincond,0,,,CO2e_IPPU,2027,,,,,,,,,,,,,,,,,,,,,,0.5449,,,,,,,,,,,,,,,,
NDCincond,0,,,CO2e_IPPU,2028,,,,,,,,,,,,,,,,,,,,,,0.5567,,,,,,,,,,,,,,,,
NDCincond,0,,,CO2e_IPPU,2029,,,,,,,,,,,,,,,,,,,,,,0.5687,,,,,,,,,,,,,,,,
NDCincond,0,,,CO2e_IPPU,2030,,,,,,,,,,,,,,,,,,,,,,0.5807,,,,,,,,,,,,,,,,
NDCincond,0,,,CO2e_IPPU,2031,,,,,,,,,,,,,,,,,,,,,,0.5932,,,,,,,,,,,,,,,,
NDCincond,0,,,CO2e_IPPU,2032,,,,,,,,,,,,,,,,,,,,,,0.6059,,,,,,,,,,,,,,,,
NDCincond,0,,,CO2e_IPPU,2033,,,,,,,,,,,,,,,,,,,,,,0.6187,,,,,,,,,,,,,,,,
NDCincond,0,,,CO2e_IPPU,2034,,,,,,,,,,,,,,,,,,,,,,0.632,,,,,,,,,,,,,,,,
NDCincond,0,,,CO2e_IPPU,2035,,,,,,,,,,,,,,,,,,,,,,0.6455,,,,,,,,,,,,,,,,
NDCincond,0,,,CO2e_CEM,2010,,,,,,,,,,,,,,,,,,,,,,1.78201,,,,,,,,,,,,,,,,
NDCincond,0,,,CO2e_CEM,2011,,,,,,,,,,,,,,,,,,,,,,1.78467,,,,,,,,,,,,,,,,
NDCincond,0,,,CO2e_CEM,2012,,,,,,,,,,,,,,,,,,,,,,1.78767,,,,,,,,,,,,,,,,
NDCincond,0,,,CO2e_CEM,2013,,,,,,,,,,,,,,,,,,,,,,1.83614,,,,,,,,,,,,,,,,
NDCincond,0,,,CO2e_CEM,2014,,,,,,,,,,,,,,,,,,,,,,1.88498,,,,,,,,,,,,,,,,
NDCincond,0,,,CO2e_CEM,2015,,,,,,,,,,,,,,,,,,,,,,1.81789,,,,,,,,,,,,,,,,
NDCincond,0,,,CO2e_CEM,2016,,,,,,,,,,,,,,,,,,,,,,1.75087,,,,,,,,,,,,,,,,
NDCincond,0,,,CO2e_CEM,2017,,,,,,,,,,,,,,,,,,,,,,1.89003,,,,,,,,,,,,,,,,
NDCincond,0,,,CO2e_CEM,2018,,,,,,,,,,,,,,,,,,,,,,2.029,,,,,,,,,,,,,,,,
NDCincond,0,,,CO2e_CEM,2019,,,,,,,,,,,,,,,,,,,,,,1.68835,,,,,,,,,,,,,,,,
NDCincond,0,,,CO2e_CEM,2020,,,,,,,,,,,,,,,,,,,,,,1.34789,,,,,,,,,,,,,,,,
NDCincond,0,,,CO2e_CEM,2021,,,,,,,,,,,,,,,,,,,,,,1.96488,,,,,,,,,,,,,,,,
NDCincond,0,,,CO2e_CEM,2022,,,,,,,,,,,,,,,,,,,,,,1.7978,,,,,,,,,,,,,,,,
NDCincond,0,,,CO2e_CEM,2023,,,,,,,,,,,,,,,,,,,,,,1.87466,,,,,,,,,,,,,,,,
NDCincond,0,,,CO2e_CEM,2024,,,,,,,,,,,,,,,,,,,,,,1.94974,,,,,,,,,,,,,,,,
NDCincond,0,,,CO2e_CEM,2025,,,,,,,,,,,,,,,,,,,,,,2.02337,,,,,,,,,,,,,,,,
NDCincond,0,,,CO2e_CEM,2026,,,,,,,,,,,,,,,,,,,,,,2.09576,,,,,,,,,,,,,,,,
NDCincond,0,,,CO2e_CEM,2027,,,,,,,,,,,,,,,,,,,,,,2.16638,,,,,,,,,,,,,,,,
NDCincond,0,,,CO2e_CEM,2028,,,,,,,,,,,,,,,,,,,,,,2.23554,,,,,,,,,,,,,,,,
NDCincond,0,,,CO2e_CEM,2029,,,,,,,,,,,,,,,,,,,,,,2.30355,,,,,,,,,,,,,,,,
NDCincond,0,,,CO2e_CEM,2030,,,,,,,,,,,,,,,,,,,,,,2.36971,,,,,,,,,,,,,,,,
NDCincond,0,,,CO2e_CEM,2031,,,,,,,,,,,,,,,,,,,,,,2.45571,,,,,,,,,,,,,,,,
NDCincond,0,,,CO2e_CEM,2032,,,,,,,,,,,,,,,,,,,,,,2.54172,,,,,,,,,,,,,,,,
NDCincond,0,,,CO2e_CEM,2033,,,,,,,,,,,,,,,,,,,,,,2.62769,,,,,,,,,,,,,,,,
NDCincond,0,,,CO2e_CEM,2034,,,,,,,,,,,,,,,,,,,,,,2.7137,,,,,,,,,,,,,,,,
NDCincond,0,,,CO2e_CEM,2035,,,,,,,,,,,,,,,,,,,,,,2.79967,,,,,,,,,,,,,,,,
NDCincond,0,,IMP_HFC23,CO2e_HFC,2010,,,,,,,,,,,,,,,,,,0.04216,,,,,,,,,,,,,,,,,,,,
NDCincond,0,,IMP_HFC23,CO2e_HFC,2011,,,,,,,,,,,,,,,,,,0.03224,,,,,,,,,,,,,,,,,,,,
NDCincond,0,,IMP_HFC23,CO2e_HFC,2012,,,,,,,,,,,,,,,,,,0.0248,,,,,,,,,,,,,,,,,,,,
NDCincond,0,,IMP_HFC23,CO2e_HFC,2013,,,,,,,,,,,,,,,,,,0.0186,,,,,,,,,,,,,,,,,,,,
NDCincond,0,,IMP_HFC23,CO2e_HFC,2014,,,,,,,,,,,,,,,,,,0.01364,,,,,,,,,,,,,,,,,,,,
NDCincond,0,,IMP_HFC23,CO2e_HFC,2025,,,,,,,,,,,,,,,,,,0.0124,,,,,,,,,,,,,,,,,,,,
NDCincond,0,,IMP_HFC23,CO2e_HFC,2026,,,,,,,,,,,,,,,,,,0.01364,,,,,,,,,,,,,,,,,,,,
NDCincond,0,,IMP_HFC23,CO2e_HFC,2027,,,,,,,,,,,,,,,,,,0.01488,,,,,,,,,,,,,,,,,,,,
NDCincond,0,,IMP_HFC23,CO2e_HFC,2028,,,,,,,,,,,,,,,,,,0.01612,,,,,,,,,,,,,,,,,,,,
NDCincond,0,,IMP_HFC23,CO2e_HFC,2029,,,,,,,,,,,,,,,,,,0.01736,,,,,,,,,,,,,,,,,,,,
NDCincond,0,,IMP_HFC23,CO2e_HFC,2030,,,,,,,,,,,,,,,,,,0.0186,,,,,,,,,,,,,,,,,,,,
NDCincond,0,,IMP_HFC23,CO2e_HFC,2031,,,,,,,,,,,,,,,,,,0.0186,,,,,,,,,,,,,,,,,,,,
NDCincond,0,,IMP_HFC23,CO2e_HFC,2032,,,,,,,,,,,,,,,,,,0.01736,,,,,,,,,,,,,,,,,,,,
NDCincond,0,,IMP_HFC23,CO2e_HFC,2033,,,,,,,,,,,,,,,,,,0.01736,,,,,,,,,,,,,,,,,,,,
NDCincond,0,,IMP_HFC23,CO2e_HFC,2034,,,,,,,,,,,,,,,,,,0.01736,,,,,,,,,,,,,,,,,,,,
NDCincond,0,,IMP_HFC23,CO2e_HFC,2035,,,,,,,,,,,,,,,,,,0.01736,,,,,,,,,,,,,,,,,,,,
NDCincond,0,,IMP_HFC32,CO2e_HFC,2010,,,,,,,,,,,,,,,,,,0.0029111,,,,,,,,,,,,,,,,,,,,
NDCincond,0,,IMP_HFC32,CO2e_HFC,2011,,,,,,,,,,,,,,,,,,0.0025726,,,,,,,,,,,,,,,,,,,,
NDCincond,0,,IMP_HFC32,CO2e_HFC,2012,,,,,,,,,,,,,,,,,,0.0035204,,,,,,,,,,,,,,,,,,,,
NDCincond,0,,IMP_HFC32,CO2e_HFC,2013,,,,,,,,,,,,,,,,,,0.0046713,,,,,,,,,,,,,,,,,,,,
NDCincond,0,,IMP_HFC32,CO2e_HFC,2014,,,,,,,,,,,,,,,,,,0.0041974,,,,,,,,,,,,,,,,,,,,
NDCincond,0,,IMP_HFC32,CO2e_HFC,2015,,,,,,,,,,,,,,,,,,0.0037235,,,,,,,,,,,,,,,,,,,,
NDCincond,0,,IMP_HFC32,CO2e_HFC,2016,,,,,,,,,,,,,,,,,,0.003385,,,,,,,,,,,,,,,,,,,,
NDCincond,0,,IMP_HFC32,CO2e_HFC,2017,,,,,,,,,,,,,,,,,,0.0029788,,,,,,,,,,,,,,,,,,,,
NDCincond,0,,IMP_HFC32,CO2e_HFC,2018,,,,,,,,,,,,,,,,,,0.002708,,,,,,,,,,,,,,,,,,,,
NDCincond,0,,IMP_HFC32,CO2e_HFC,2019,,,,,,,,,,,,,,,,,,0.0157064,,,,,,,,,,,,,,,,,,,,
NDCincond,0,,IMP_HFC32,CO2e_HFC,2020,,,,,,,,,,,,,,,,,,0.0243043,,,,,,,,,,,,,,,,,,,,
NDCincond,0,,IMP_HFC32,CO2e_HFC,2021,,,,,,,,,,,,,,,,,,0.0324283,,,,,,,,,,,,,,,,,,,,
NDCincond,0,,IMP_HFC32,CO2e_HFC,2022,,,,,,,,,,,,,,,,,,0.0498949,,,,,,,,,,,,,,,,,,,,
NDCincond,0,,IMP_HFC32,CO2e_HFC,2023,,,,,,,,,,,,,,,,,,0.0607946,,,,,,,,,,,,,,,,,,,,
NDCincond,0,,IMP_HFC32,CO2e_HFC,2024,,,,,,,,,,,,,,,,,,0.0716943,,,,,,,,,,,,,,,,,,,,
NDCincond,0,,IMP_HFC32,CO2e_HFC,2025,,,,,,,,,,,,,,,,,,0.082594,,,,,,,,,,,,,,,,,,,,
NDCincond,0,,IMP_HFC32,CO2e_HFC,2026,,,,,,,,,,,,,,,,,,0.0914627,,,,,,,,,,,,,,,,,,,,
NDCincond,0,,IMP_HFC32,CO2e_HFC,2027,,,,,,,,,,,,,,,,,,0.100264,,,,,,,,,,,,,,,,,,,,
NDCincond,0,,IMP_HFC32,CO2e_HFC,2028,,,,,,,,,,,,,,,,,,0.109132,,,,,,,,,,,,,,,,,,,,
NDCincond,0,,IMP_HFC32,CO2e_HFC,2029,,,,,,,,,,,,,,,,,,0.118001,,,,,,,,,,,,,,,,,,,,
NDCincond,0,,IMP_HFC32,CO2e_HFC,2030,,,,,,,,,,,,,,,,,,0.127547,,,,,,,,,,,,,,,,,,,,
NDCincond,0,,IMP_HFC32,CO2e_HFC,2031,,,,,,,,,,,,,,,,,,0.126464,,,,,,,,,,,,,,,,,,,,
NDCincond,0,,IMP_HFC32,CO2e_HFC,2032,,,,,,,,,,,,,,,,,,0.12538,,,,,,,,,,,,,,,,,,,,
NDCincond,0,,IMP_HFC32,CO2e_HFC,2033,,,,,,,,,,,,,,,,,,0.124365,,,,,,,,,,,,,,,,,,,,
NDCincond,0,,IMP_HFC32,CO2e_HFC,2034,,,,,,,,,,,,,,,,,,0.123282,,,,,,,,,,,,,,,,,,,,
NDCincond,0,,IMP_HFC32,CO2e_HFC,2035,,,,,,,,,,,,,,,,,,0.122199,,,,,,,,,,,,,,,,,,,,
NDCincond,0,,IMP_HFC125,CO2e_HFC,2010,,,,,,,,,,,,,,,,,,0.028847,,,,,,,,,,,,,,,,,,,,
NDCincond,0,,IMP_HFC125,CO2e_HFC,2011,,,,,,,,,,,,,,,,,,0.034236,,,,,,,,,,,,,,,,,,,,
NDCincond,0,,IMP_HFC125,CO2e_HFC,2012,,,,,,,,,,,,,,,,,,0.039942,,,,,,,,,,,,,,,,,,,,
NDCincond,0,,IMP_HFC125,CO2e_HFC,2013,,,,,,,,,,,,,,,,,,0.043429,,,,,,,,,,,,,,,,,,,,
NDCincond,0,,IMP_HFC125,CO2e_HFC,2014,,,,,,,,,,,,,,,,,,0.032017,,,,,,,,,,,,,,,,,,,,
NDCincond,0,,IMP_HFC125,CO2e_HFC,2015,,,,,,,,,,,,,,,,,,0.026945,,,,,,,,,,,,,,,,,,,,
NDCincond,0,,IMP_HFC125,CO2e_HFC,2016,,,,,,,,,,,,,,,,,,0.021239,,,,,,,,,,,,,,,,,,,,
NDCincond,0,,IMP_HFC125,CO2e_HFC,2017,,,,,,,,,,,,,,,,,,0.019971,,,,,,,,,,,,,,,,,,,,
NDCincond,0,,IMP_HFC125,CO2e_HFC,2018,,,,,,,,,,,,,,,,,,0.021556,,,,,,,,,,,,,,,,,,,,
NDCincond,0,,IMP_HFC125,CO2e_HFC,2019,,,,,,,,,,,,,,,,,,0.206684,,,,,,,,,,,,,,,,,,,,
NDCincond,0,,IMP_HFC125,CO2e_HFC,2020,,,,,,,,,,,,,,,,,,0.302418,,,,,,,,,,,,,,,,,,,,
NDCincond,0,,IMP_HFC125,CO2e_HFC,2021,,,,,,,,,,,,,,,,,,0.371524,,,,,,,,,,,,,,,,,,,,
NDCincond,0,,IMP_HFC125,CO2e_HFC,2022,,,,,,,,,,,,,,,,,,0.587718,,,,,,,,,,,,,,,,,,,,
NDCincond,0,,IMP_HFC125,CO2e_HFC,2023,,,,,,,,,,,,,,,,,,0.715786,,,,,,,,,,,,,,,,,,,,
NDCincond,0,,IMP_HFC125,CO2e_HFC,2024,,,,,,,,,,,,,,,,,,0.843854,,,,,,,,,,,,,,,,,,,,
NDCincond,0,,IMP_HFC125,CO2e_HFC,2025,,,,,,,,,,,,,,,,,,0.971922,,,,,,,,,,,,,,,,,,,,
NDCincond,0,,IMP_HFC125,CO2e_HFC,2026,,,,,,,,,,,,,,,,,,1.0759,,,,,,,,,,,,,,,,,,,,
NDCincond,0,,IMP_HFC125,CO2e_HFC,2027,,,,,,,,,,,,,,,,,,1.18019,,,,,,,,,,,,,,,,,,,,
NDCincond,0,,IMP_HFC125,CO2e_HFC,2028,,,,,,,,,,,,,,,,,,1.28448,,,,,,,,,,,,,,,,,,,,
NDCincond,0,,IMP_HFC125,CO2e_HFC,2029,,,,,,,,,,,,,,,,,,1.38878,,,,,,,,,,,,,,,,,,,,
NDCincond,0,,IMP_HFC125,CO2e_HFC,2030,,,,,,,,,,,,,,,,,,1.50068,,,,,,,,,,,,,,,,,,,,
NDCincond,0,,IMP_HFC125,CO2e_HFC,2031,,,,,,,,,,,,,,,,,,1.48831,,,,,,,,,,,,,,,,,,,,
NDCincond,0,,IMP_HFC125,CO2e_HFC,2032,,,,,,,,,,,,,,,,,,1.47564,,,,,,,,,,,,,,,,,,,,
NDCincond,0,,IMP_HFC125,CO2e_HFC,2033,,,,,,,,,,,,,,,,,,1.46327,,,,,,,,,,,,,,,,,,,,
NDCincond,0,,IMP_HFC125,CO2e_HFC,2034,,,,,,,,,,,,,,,,,,1.45059,,,,,,,,,,,,,,,,,,,,
NDCincond,0,,IMP_HFC125,CO2e_HFC,2035,,,,,,,,,,,,,,,,,,1.43791,,,,,,,,,,,,,,,,,,,,
NDCincond,0,,IMP_HFC134a,CO2e_HFC,2010,,,,,,,,,,,,,,,,,,0.10322,,,,,,,,,,,,,,,,,,,,
NDCincond,0,,IMP_HFC134a,CO2e_HFC,2011,,,,,,,,,,,,,,,,,,0.11778,,,,,,,,,,,,,,,,,,,,
NDCincond,0,,IMP_HFC134a,CO2e_HFC,2012,,,,,,,,,,,,,,,,,,0.16055,,,,,,,,,,,,,,,,,,,,
NDCincond,0,,IMP_HFC134a,CO2e_HFC,2013,,,,,,,,,,,,,,,,,,0.21554,,,,,,,,,,,,,,,,,,,,
NDCincond,0,,IMP_HFC134a,CO2e_HFC,2014,,,,,,,,,,,,,,,,,,0.29315,,,,,,,,,,,,,,,,,,,,
NDCincond,0,,IMP_HFC134a,CO2e_HFC,2015,,,,,,,,,,,,,,,,,,0.35945,,,,,,,,,,,,,,,,,,,,
NDCincond,0,,IMP_HFC134a,CO2e_HFC,2016,,,,,,,,,,,,,,,,,,0.39936,,,,,,,,,,,,,,,,,,,,
NDCincond,0,,IMP_HFC134a,CO2e_HFC,2017,,,,,,,,,,,,,,,,,,0.43966,,,,,,,,,,,,,,,,,,,,
NDCincond,0,,IMP_HFC134a,CO2e_HFC,2018,,,,,,,,,,,,,,,,,,0.47164,,,,,,,,,,,,,,,,,,,,
NDCincond,0,,IMP_HFC134a,CO2e_HFC,2019,,,,,,,,,,,,,,,,,,0.51714,,,,,,,,,,,,,,,,,,,,
NDCincond,0,,IMP_HFC134a,CO2e_HFC,2020,,,,,,,,,,,,,,,,,,0.5551,,,,,,,,,,,,,,,,,,,,
NDCincond,0,,IMP_HFC134a,CO2e_HFC,2021,,,,,,,,,,,,,,,,,,0.53586,,,,,,,,,,,,,,,,,,,,
NDCincond,0,,IMP_HFC134a,CO2e_HFC,2022,,,,,,,,,,,,,,,,,,0.60983,,,,,,,,,,,,,,,,,,,,
NDCincond,0,,IMP_HFC134a,CO2e_HFC,2023,,,,,,,,,,,,,,,,,,0.74269,,,,,,,,,,,,,,,,,,,,
NDCincond,0,,IMP_HFC134a,CO2e_HFC,2024,,,,,,,,,,,,,,,,,,0.87555,,,,,,,,,,,,,,,,,,,,
NDCincond,0,,IMP_HFC134a,CO2e_HFC,2025,,,,,,,,,,,,,,,,,,1.00841,,,,,,,,,,,,,,,,,,,,
NDCincond,0,,IMP_HFC134a,CO2e_HFC,2026,,,,,,,,,,,,,,,,,,1.11644,,,,,,,,,,,,,,,,,,,,
NDCincond,0,,IMP_HFC134a,CO2e_HFC,2027,,,,,,,,,,,,,,,,,,1.2246,,,,,,,,,,,,,,,,,,,,
NDCincond,0,,IMP_HFC134a,CO2e_HFC,2028,,,,,,,,,,,,,,,,,,1.33276,,,,,,,,,,,,,,,,,,,,
NDCincond,0,,IMP_HFC134a,CO2e_HFC,2029,,,,,,,,,,,,,,,,,,1.44092,,,,,,,,,,,,,,,,,,,,
NDCincond,0,,IMP_HFC134a,CO2e_HFC,2030,,,,,,,,,,,,,,,,,,1.55727,,,,,,,,,,,,,,,,,,,,
NDCincond,0,,IMP_HFC134a,CO2e_HFC,2031,,,,,,,,,,,,,,,,,,1.54414,,,,,,,,,,,,,,,,,,,,
NDCincond,0,,IMP_HFC134a,CO2e_HFC,2032,,,,,,,,,,,,,,,,,,1.53114,,,,,,,,,,,,,,,,,,,,
NDCincond,0,,IMP_HFC134a,CO2e_HFC,2033,,,,,,,,,,,,,,,,,,1.51814,,,,,,,,,,,,,,,,,,,,
NDCincond,0,,IMP_HFC134a,CO2e_HFC,2034,,,,,,,,,,,,,,,,,,1.50514,,,,,,,,,,,,,,,,,,,,
NDCincond,0,,IMP_HFC134a,CO2e_HFC,2035,,,,,,,,,,,,,,,,,,1.49214,,,,,,,,,,,,,,,,,,,,
NDCincond,0,,IMP_HFC143a,CO2e_HFC,2010,,,,,,,,,,,,,,,,,,0.03744,,,,,,,,,,,,,,,,,,,,
NDCincond,0,,IMP_HFC143a,CO2e_HFC,2011,,,,,,,,,,,,,,,,,,0.05232,,,,,,,,,,,,,,,,,,,,
NDCincond,0,,IMP_HFC143a,CO2e_HFC,2012,,,,,,,,,,,,,,,,,,0.06,,,,,,,,,,,,,,,,,,,,
NDCincond,0,,IMP_HFC143a,CO2e_HFC,2013,,,,,,,,,,,,,,,,,,0.04512,,,,,,,,,,,,,,,,,,,,
NDCincond,0,,IMP_HFC143a,CO2e_HFC,2014,,,,,,,,,,,,,,,,,,0.03024,,,,,,,,,,,,,,,,,,,,
NDCincond,0,,IMP_HFC143a,CO2e_HFC,2015,,,,,,,,,,,,,,,,,,0.04128,,,,,,,,,,,,,,,,,,,,
NDCincond,0,,IMP_HFC143a,CO2e_HFC,2016,,,,,,,,,,,,,,,,,,0.0408,,,,,,,,,,,,,,,,,,,,
NDCincond,0,,IMP_HFC143a,CO2e_HFC,2017,,,,,,,,,,,,,,,,,,0.0288,,,,,,,,,,,,,,,,,,,,
NDCincond,0,,IMP_HFC143a,CO2e_HFC,2018,,,,,,,,,,,,,,,,,,0.01872,,,,,,,,,,,,,,,,,,,,
NDCincond,0,,IMP_HFC143a,CO2e_HFC,2019,,,,,,,,,,,,,,,,,,0.19632,,,,,,,,,,,,,,,,,,,,
NDCincond,0,,IMP_HFC143a,CO2e_HFC,2020,,,,,,,,,,,,,,,,,,0.31776,,,,,,,,,,,,,,,,,,,,
NDCincond,0,,IMP_HFC143a,CO2e_HFC,2021,,,,,,,,,,,,,,,,,,0.38256,,,,,,,,,,,,,,,,,,,,
NDCincond,0,,IMP_HFC143a,CO2e_HFC,2022,,,,,,,,,,,,,,,,,,0.70272,,,,,,,,,,,,,,,,,,,,
NDCincond,0,,IMP_HFC143a,CO2e_HFC,2023,,,,,,,,,,,,,,,,,,0.85584,,,,,,,,,,,,,,,,,,,,
NDCincond,0,,IMP_HFC143a,CO2e_HFC,2024,,,,,,,,,,,,,,,,,,1.00848,,,,,,,,,,,,,,,,,,,,
NDCincond,0,,IMP_HFC143a,CO2e_HFC,2025,,,,,,,,,,,,,,,,,,1.1616,,,,,,,,,,,,,,,,,,,,
NDCincond,0,,IMP_HFC143a,CO2e_HFC,2026,,,,,,,,,,,,,,,,,,1.2864,,,,,,,,,,,,,,,,,,,,
NDCincond,0,,IMP_HFC143a,CO2e_HFC,2027,,,,,,,,,,,,,,,,,,1.41072,,,,,,,,,,,,,,,,,,,,
NDCincond,0,,IMP_HFC143a,CO2e_HFC,2028,,,,,,,,,,,,,,,,,,1.53552,,,,,,,,,,,,,,,,,,,,
NDCincond,0,,IMP_HFC143a,CO2e_HFC,2029,,,,,,,,,,,,,,,,,,1.66032,,,,,,,,,,,,,,,,,,,,
NDCincond,0,,IMP_HFC143a,CO2e_HFC,2030,,,,,,,,,,,,,,,,,,1.79424,,,,,,,,,,,,,,,,,,,,
NDCincond,0,,IMP_HFC143a,CO2e_HFC,2031,,,,,,,,,,,,,,,,,,1.77888,,,,,,,,,,,,,,,,,,,,
NDCincond,0,,IMP_HFC143a,CO2e_HFC,2032,,,,,,,,,,,,,,,,,,1.764,,,,,,,,,,,,,,,,,,,,
NDCincond,0,,IMP_HFC143a,CO2e_HFC,2033,,,,,,,,,,,,,,,,,,1.74912,,,,,,,,,,,,,,,,,,,,
NDCincond,0,,IMP_HFC143a,CO2e_HFC,2034,,,,,,,,,,,,,,,,,,1.73424,,,,,,,,,,,,,,,,,,,,
NDCincond,0,,IMP_HFC143a,CO2e_HFC,2035,,,,,,,,,,,,,,,,,,1.71888,,,,,,,,,,,,,,,,,,,,
NDCincond,0,,IMP_HFC152a,CO2e_HFC,2014,,,,,,,,,,,,,,,,,,0.0001932,,,,,,,,,,,,,,,,,,,,
NDCincond,0,,IMP_HFC152a,CO2e_HFC,2016,,,,,,,,,,,,,,,,,,0.0001932,,,,,,,,,,,,,,,,,,,,
NDCincond,0,,IMP_HFC152a,CO2e_HFC,2017,,,,,,,,,,,,,,,,,,0.0001932,,,,,,,,,,,,,,,,,,,,
NDCincond,0,,IMP_HFC152a,CO2e_HFC,2021,,,,,,,,,,,,,,,,,,0.0001932,,,,,,,,,,,,,,,,,,,,
NDCincond,0,,IMP_HFC152a,CO2e_HFC,2022,,,,,,,,,,,,,,,,,,0.0003036,,,,,,,,,,,,,,,,,,,,
NDCincond,0,,IMP_HFC152a,CO2e_HFC,2023,,,,,,,,,,,,,,,,,,0.0003312,,,,,,,,,,,,,,,,,,,,
NDCincond,0,,IMP_HFC152a,CO2e_HFC,2024,,,,,,,,,,,,,,,,,,0.0004002,,,,,,,,,,,,,,,,,,,,
NDCincond,0,,IMP_HFC152a,CO2e_HFC,2025,,,,,,,,,,,,,,,,,,0.0004554,,,,,,,,,,,,,,,,,,,,
NDCincond,0,,IMP_HFC152a,CO2e_HFC,2026,,,,,,,,,,,,,,,,,,0.0005106,,,,,,,,,,,,,,,,,,,,
NDCincond,0,,IMP_HFC152a,CO2e_HFC,2027,,,,,,,,,,,,,,,,,,0.000552,,,,,,,,,,,,,,,,,,,,
NDCincond,0,,IMP_HFC152a,CO2e_HFC,2028,,,,,,,,,,,,,,,,,,0.0006072,,,,,,,,,,,,,,,,,,,,
NDCincond,0,,IMP_HFC152a,CO2e_HFC,2029,,,,,,,,,,,,,,,,,,0.0006486,,,,,,,,,,,,,,,,,,,,
NDCincond,0,,IMP_HFC152a,CO2e_HFC,2030,,,,,,,,,,,,,,,,,,0.0007038,,,,,,,,,,,,,,,,,,,,
NDCincond,0,,IMP_HFC152a,CO2e_HFC,2031,,,,,,,,,,,,,,,,,,0.0007038,,,,,,,,,,,,,,,,,,,,
NDCincond,0,,IMP_HFC152a,CO2e_HFC,2032,,,,,,,,,,,,,,,,,,0.00069,,,,,,,,,,,,,,,,,,,,
NDCincond,0,,IMP_HFC152a,CO2e_HFC,2033,,,,,,,,,,,,,,,,,,0.00069,,,,,,,,,,,,,,,,,,,,
NDCincond,0,,IMP_HFC152a,CO2e_HFC,2034,,,,,,,,,,,,,,,,,,0.00069,,,,,,,,,,,,,,,,,,,,
NDCincond,0,,IMP_HFC152a,CO2e_HFC,2035,,,,,,,,,,,,,,,,,,0.0006762,,,,,,,,,,,,,,,,,,,,
NDCincond,0,,PROD_CLK_TRAD,CO2e_CEM,2010,,,,,,,,,,,,,,,,,,1.78201,,,,,,,,,,,,,,,,,,,,
NDCincond,0,,PROD_CLK_TRAD,CO2e_CEM,2011,,,,,,,,,,,,,,,,,,1.78467,,,,,,,,,,,,,,,,,,,,
NDCincond,0,,PROD_CLK_TRAD,CO2e_CEM,2012,,,,,,,,,,,,,,,,,,1.78767,,,,,,,,,,,,,,,,,,,,
NDCincond,0,,PROD_CLK_TRAD,CO2e_CEM,2013,,,,,,,,,,,,,,,,,,1.83614,,,,,,,,,,,,,,,,,,,,
NDCincond,0,,PROD_CLK_TRAD,CO2e_CEM,2014,,,,,,,,,,,,,,,,,,1.88498,,,,,,,,,,,,,,,,,,,,
NDCincond,0,,PROD_CLK_TRAD,CO2e_CEM,2015,,,,,,,,,,,,,,,,,,1.81789,,,,,,,,,,,,,,,,,,,,
NDCincond,0,,PROD_CLK_TRAD,CO2e_CEM,2016,,,,,,,,,,,,,,,,,,1.75087,,,,,,,,,,,,,,,,,,,,
NDCincond,0,,PROD_CLK_TRAD,CO2e_CEM,2017,,,,,,,,,,,,,,,,,,1.89003,,,,,,,,,,,,,,,,,,,,
NDCincond,0,,PROD_CLK_TRAD,CO2e_CEM,2018,,,,,,,,,,,,,,,,,,2.029,,,,,,,,,,,,,,,,,,,,
NDCincond,0,,PROD_CLK_TRAD,CO2e_CEM,2019,,,,,,,,,,,,,,,,,,1.68835,,,,,,,,,,,,,,,,,,,,
NDCincond,0,,PROD_CLK_TRAD,CO2e_CEM,2020,,,,,,,,,,,,,,,,,,1.34789,,,,,,,,,,,,,,,,,,,,
NDCincond,0,,PROD_CLK_TRAD,CO2e_CEM,2021,,,,,,,,,,,,,,,,,,1.96488,,,,,,,,,,,,,,,,,,,,
NDCincond,0,,PROD_CLK_TRAD,CO2e_CEM,2022,,,,,,,,,,,,,,,,,,1.7978,,,,,,,,,,,,,,,,,,,,
NDCincond,0,,PROD_CLK_TRAD,CO2e_CEM,2023,,,,,,,,,,,,,,,,,,1.87466,,,,,,,,,,,,,,,,,,,,
NDCincond,0,,PROD_CLK_TRAD,CO2e_CEM,2024,,,,,,,,,,,,,,,,,,1.94974,,,,,,,,,,,,,,,,,,,,
NDCincond,0,,PROD_CLK_TRAD,CO2e_CEM,2025,,,,,,,,,,,,,,,,,,2.02337,,,,,,,,,,,,,,,,,,,,
NDCincond,0,,PROD_CLK_TRAD,CO2e_CEM,2026,,,,,,,,,,,,,,,,,,2.09576,,,,,,,,,,,,,,,,,,,,
NDCincond,0,,PROD_CLK_TRAD,CO2e_CEM,2027,,,,,,,,,,,,,,,,,,2.16638,,,,,,,,,,,,,,,,,,,,
NDCincond,0,,PROD_CLK_TRAD,CO2e_CEM,2028,,,,,,,,,,,,,,,,,,2.23554,,,,,,,,,,,,,,,,,,,,
NDCincond,0,,PROD_CLK_TRAD,CO2e_CEM,2029,,,,,,,,,,,,,,,,,,2.30355,,,,,,,,,,,,,,,,,,,,
NDCincond,0,,PROD_CLK_TRAD,CO2e_CEM,2030,,,,,,,,,,,,,,,,,,2.36971,,,,,,,,,,,,,,,,,,,,
NDCincond,0,,PROD_CLK_TRAD,CO2e_CEM,2031,,,,,,,,,,,,,,,,,,2.45571,,,,,,,,,,,,,,,,,,,,
NDCincond,0,,PROD_CLK_TRAD,CO2e_CEM,2032,,,,,,,,,,,,,,,,,,2.54172,,,,,,,,,,,,,,,,,,,,
NDCincond,0,,PROD_CLK_TRAD,CO2e_CEM,2033,,,,,,,,,,,,,,,,,,2.62769,,,,,,,,,,,,,,,,,,,,
NDCincond,0,,PROD_CLK_TRAD,CO2e_CEM,2034,,,,,,,,,,,,,,,,,,2.7137,,,,,,,,,,,,,,,,,,,,
NDCincond,0,,PROD_CLK_TRAD,CO2e_CEM,2035,,,,,,,,,,,,,,,,,,2.79967,,,,,,,,,,,,,,,,,,,,
NDCincond,0,,LIME_PROD,CO2e_IPPU,2010,,,,,,,,,,,,,,,,,,0.0665,,,,,,,,,,,,,,,,,,,,
NDCincond,0,,LIME_PROD,CO2e_IPPU,2011,,,,,,,,,,,,,,,,,,0.0692,,,,,,,,,,,,,,,,,,,,
NDCincond,0,,LIME_PROD,CO2e_IPPU,2012,,,,,,,,,,,,,,,,,,0.0719,,,,,,,,,,,,,,,,,,,,
NDCincond,0,,LIME_PROD,CO2e_IPPU,2013,,,,,,,,,,,,,,,,,,0.0742,,,,,,,,,,,,,,,,,,,,
NDCincond,0,,LIME_PROD,CO2e_IPPU,2014,,,,,,,,,,,,,,,,,,0.0766,,,,,,,,,,,,,,,,,,,,
NDCincond,0,,LIME_PROD,CO2e_IPPU,2015,,,,,,,,,,,,,,,,,,0.0852,,,,,,,,,,,,,,,,,,,,
NDCincond,0,,LIME_PROD,CO2e_IPPU,2016,,,,,,,,,,,,,,,,,,0.0938,,,,,,,,,,,,,,,,,,,,
NDCincond,0,,LIME_PROD,CO2e_IPPU,2017,,,,,,,,,,,,,,,,,,0.1005,,,,,,,,,,,,,,,,,,,,
NDCincond,0,,LIME_PROD,CO2e_IPPU,2018,,,,,,,,,,,,,,,,,,0.1071,,,,,,,,,,,,,,,,,,,,
NDCincond,0,,LIME_PROD,CO2e_IPPU,2019,,,,,,,,,,,,,,,,,,0.1144,,,,,,,,,,,,,,,,,,,,
NDCincond,0,,LIME_PROD,CO2e_IPPU,2020,,,,,,,,,,,,,,,,,,0.1216,,,,,,,,,,,,,,,,,,,,
NDCincond,0,,LIME_PROD,CO2e_IPPU,2021,,,,,,,,,,,,,,,,,,0.2199,,,,,,,,,,,,,,,,,,,,
NDCincond,0,,LIME_PROD,CO2e_IPPU,2022,,,,,,,,,,,,,,,,,,0.1791,,,,,,,,,,,,,,,,,,,,
NDCincond,0,,LIME_PROD,CO2e_IPPU,2023,,,,,,,,,,,,,,,,,,0.1829,,,,,,,,,,,,,,,,,,,,
NDCincond,0,,LIME_PROD,CO2e_IPPU,2024,,,,,,,,,,,,,,,,,,0.1868,,,,,,,,,,,,,,,,,,,,
NDCincond,0,,LIME_PROD,CO2e_IPPU,2025,,,,,,,,,,,,,,,,,,0.1908,,,,,,,,,,,,,,,,,,,,
NDCincond,0,,LIME_PROD,CO2e_IPPU,2026,,,,,,,,,,,,,,,,,,0.1949,,,,,,,,,,,,,,,,,,,,
NDCincond,0,,LIME_PROD,CO2e_IPPU,2027,,,,,,,,,,,,,,,,,,0.1991,,,,,,,,,,,,,,,,,,,,
NDCincond,0,,LIME_PROD,CO2e_IPPU,2028,,,,,,,,,,,,,,,,,,0.2034,,,,,,,,,,,,,,,,,,,,
NDCincond,0,,LIME_PROD,CO2e_IPPU,2029,,,,,,,,,,,,,,,,,,0.2077,,,,,,,,,,,,,,,,,,,,
NDCincond,0,,LIME_PROD,CO2e_IPPU,2030,,,,,,,,,,,,,,,,,,0.2121,,,,,,,,,,,,,,,,,,,,
NDCincond,0,,LIME_PROD,CO2e_IPPU,2031,,,,,,,,,,,,,,,,,,0.2167,,,,,,,,,,,,,,,,,,,,
NDCincond,0,,LIME_PROD,CO2e_IPPU,2032,,,,,,,,,,,,,,,,,,0.2213,,,,,,,,,,,,,,,,,,,,
NDCincond,0,,LIME_PROD,CO2e_IPPU,2033,,,,,,,,,,,,,,,,,,0.226,,,,,,,,,,,,,,,,,,,,
NDCincond,0,,LIME_PROD,CO2e_IPPU,2034,,,,,,,,,,,,,,,,,,0.2309,,,,,,,,,,,,,,,,,,,,
NDCincond,0,,LIME_PROD,CO2e_IPPU,2035,,,,,,,,,,,,,,,,,,0.2358,,,,,,,,,,,,,,,,,,,,
NDCincond,0,,GLASS_PROD,CO2e_IPPU,2010,,,,,,,,,,,,,,,,,,0.0075,,,,,,,,,,,,,,,,,,,,
NDCincond,0,,GLASS_PROD,CO2e_IPPU,2011,,,,,,,,,,,,,,,,,,0.0092,,,,,,,,,,,,,,,,,,,,
NDCincond,0,,GLASS_PROD,CO2e_IPPU,2012,,,,,,,,,,,,,,,,,,0.0109,,,,,,,,,,,,,,,,,,,,
NDCincond,0,,GLASS_PROD,CO2e_IPPU,2013,,,,,,,,,,,,,,,,,,0.0126,,,,,,,,,,,,,,,,,,,,
NDCincond,0,,GLASS_PROD,CO2e_IPPU,2014,,,,,,,,,,,,,,,,,,0.0143,,,,,,,,,,,,,,,,,,,,
NDCincond,0,,GLASS_PROD,CO2e_IPPU,2015,,,,,,,,,,,,,,,,,,0.0125,,,,,,,,,,,,,,,,,,,,
NDCincond,0,,GLASS_PROD,CO2e_IPPU,2016,,,,,,,,,,,,,,,,,,0.0107,,,,,,,,,,,,,,,,,,,,
NDCincond,0,,GLASS_PROD,CO2e_IPPU,2017,,,,,,,,,,,,,,,,,,0.0124,,,,,,,,,,,,,,,,,,,,
NDCincond,0,,GLASS_PROD,CO2e_IPPU,2018,,,,,,,,,,,,,,,,,,0.0141,,,,,,,,,,,,,,,,,,,,
NDCincond,0,,GLASS_PROD,CO2e_IPPU,2019,,,,,,,,,,,,,,,,,,0.0094,,,,,,,,,,,,,,,,,,,,
NDCincond,0,,GLASS_PROD,CO2e_IPPU,2020,,,,,,,,,,,,,,,,,,0.0047,,,,,,,,,,,,,,,,,,,,
NDCincond,0,,GLASS_PROD,CO2e_IPPU,2021,,,,,,,,,,,,,,,,,,0.0089,,,,,,,,,,,,,,,,,,,,
NDCincond,0,,GLASS_PROD,CO2e_IPPU,2022,,,,,,,,,,,,,,,,,,0.0081,,,,,,,,,,,,,,,,,,,,
NDCincond,0,,GLASS_PROD,CO2e_IPPU,2023,,,,,,,,,,,,,,,,,,0.0083,,,,,,,,,,,,,,,,,,,,
NDCincond,0,,GLASS_PROD,CO2e_IPPU,2024,,,,,,,,,,,,,,,,,,0.0084,,,,,,,,,,,,,,,,,,,,
NDCincond,0,,GLASS_PROD,CO2e_IPPU,2025,,,,,,,,,,,,,,,,,,0.0086,,,,,,,,,,,,,,,,,,,,
NDCincond,0,,GLASS_PROD,CO2e_IPPU,2026,,,,,,,,,,,,,,,,,,0.0088,,,,,,,,,,,,,,,,,,,,
NDCincond,0,,GLASS_PROD,CO2e_IPPU,2027,,,,,,,,,,,,,,,,,,0.009,,,,,,,,,,,,,,,,,,,,
NDCincond,0,,GLASS_PROD,CO2e_IPPU,2028,,,,,,,,,,,,,,,,,,0.0092,,,,,,,,,,,,,,,,,,,,
NDCincond,0,,GLASS_PROD,CO2e_IPPU,2029,,,,,,,,,,,,,,,,,,0.0094,,,,,,,,,,,,,,,,,,,,
NDCincond,0,,GLASS_PROD,CO2e_IPPU,2030,,,,,,,,,,,,,,,,,,0.0096,,,,,,,,,,,,,,,,,,,,
NDCincond,0,,GLASS_PROD,CO2e_IPPU,2031,,,,,,,,,,,,,,,,,,0.0098,,,,,,,,,,,,,,,,,,,,
NDCincond,0,,GLASS_PROD,CO2e_IPPU,2032,,,,,,,,,,,,,,,,,,0.01,,,,,,,,,,,,,,,,,,,,
NDCincond,0,,GLASS_PROD,CO2e_IPPU,2033,,,,,,,,,,,,,,,,,,0.0102,,,,,,,,,,,,,,,,,,,,
NDCincond,0,,GLASS_PROD,CO2e_IPPU,2034,,,,,,,,,,,,,,,,,,0.0104,,,,,,,,,,,,,,,,,,,,
NDCincond,0,,GLASS_PROD,CO2e_IPPU,2035,,,,,,,,,,,,,,,,,,0.0107,,,,,,,,,,,,,,,,,,,,
NDCincond,0,,CERAMICS,CO2e_IPPU,2010,,,,,,,,,,,,,,,,,,0.3181,,,,,,,,,,,,,,,,,,,,
NDCincond,0,,CERAMICS,CO2e_IPPU,2011,,,,,,,,,,,,,,,,,,0.4096,,,,,,,,,,,,,,,,,,,,
NDCincond,0,,CERAMICS,CO2e_IPPU,2012,,,,,,,,,,,,,,,,,,0.5012,,,,,,,,,,,,,,,,,,,,
NDCincond,0,,CERAMICS,CO2e_IPPU,2013,,,,,,,,,,,,,,,,,,0.4401,,,,,,,,,,,,,,,,,,,,
NDCincond,0,,CERAMICS,CO2e_IPPU,2014,,,,,,,,,,,,,,,,,,0.3789,,,,,,,,,,,,,,,,,,,,
NDCincond,0,,CERAMICS,CO2e_IPPU,2015,,,,,,,,,,,,,,,,,,0.383,,,,,,,,,,,,,,,,,,,,
NDCincond,0,,CERAMICS,CO2e_IPPU,2016,,,,,,,,,,,,,,,,,,0.3872,,,,,,,,,,,,,,,,,,,,
NDCincond,0,,CERAMICS,CO2e_IPPU,2017,,,,,,,,,,,,,,,,,,0.296,,,,,,,,,,,,,,,,,,,,
NDCincond,0,,CERAMICS,CO2e_IPPU,2018,,,,,,,,,,,,,,,,,,0.2049,,,,,,,,,,,,,,,,,,,,
NDCincond,0,,CERAMICS,CO2e_IPPU,2019,,,,,,,,,,,,,,,,,,0.1522,,,,,,,,,,,,,,,,,,,,
NDCincond,0,,CERAMICS,CO2e_IPPU,2020,,,,,,,,,,,,,,,,,,0.0995,,,,,,,,,,,,,,,,,,,,
NDCincond,0,,CERAMICS,CO2e_IPPU,2021,,,,,,,,,,,,,,,,,,0.0446,,,,,,,,,,,,,,,,,,,,
NDCincond,0,,CERAMICS,CO2e_IPPU,2022,,,,,,,,,,,,,,,,,,0.2117,,,,,,,,,,,,,,,,,,,,
NDCincond,0,,CERAMICS,CO2e_IPPU,2023,,,,,,,,,,,,,,,,,,0.2162,,,,,,,,,,,,,,,,,,,,
NDCincond,0,,CERAMICS,CO2e_IPPU,2024,,,,,,,,,,,,,,,,,,0.2208,,,,,,,,,,,,,,,,,,,,
NDCincond,0,,CERAMICS,CO2e_IPPU,2025,,,,,,,,,,,,,,,,,,0.2256,,,,,,,,,,,,,,,,,,,,
NDCincond,0,,CERAMICS,CO2e_IPPU,2026,,,,,,,,,,,,,,,,,,0.2304,,,,,,,,,,,,,,,,,,,,
NDCincond,0,,CERAMICS,CO2e_IPPU,2027,,,,,,,,,,,,,,,,,,0.2353,,,,,,,,,,,,,,,,,,,,
NDCincond,0,,CERAMICS,CO2e_IPPU,2028,,,,,,,,,,,,,,,,,,0.2404,,,,,,,,,,,,,,,,,,,,
NDCincond,0,,CERAMICS,CO2e_IPPU,2029,,,,,,,,,,,,,,,,,,0.2455,,,,,,,,,,,,,,,,,,,,
NDCincond,0,,CERAMICS,CO2e_IPPU,2030,,,,,,,,,,,,,,,,,,0.2507,,,,,,,,,,,,,,,,,,,,
NDCincond,0,,CERAMICS,CO2e_IPPU,2031,,,,,,,,,,,,,,,,,,0.2561,,,,,,,,,,,,,,,,,,,,
NDCincond,0,,CERAMICS,CO2e_IPPU,2032,,,,,,,,,,,,,,,,,,0.2616,,,,,,,,,,,,,,,,,,,,
NDCincond,0,,CERAMICS,CO2e_IPPU,2033,,,,,,,,,,,,,,,,,,0.2672,,,,,,,,,,,,,,,,,,,,
NDCincond,0,,CERAMICS,CO2e_IPPU,2034,,,,,,,,,,,,,,,,,,0.2729,,,,,,,,,,,,,,,,,,,,
NDCincond,0,,CERAMICS,CO2e_IPPU,2035,,,,,,,,,,,,,,,,,,0.2787,,,,,,,,,,,,,,,,,,,,
NDCincond,0,,SODA_ASH,CO2e_IPPU,2012,,,,,,,,,,,,,,,,,,0.0018,,,,,,,,,,,,,,,,,,,,
NDCincond,0,,SODA_ASH,CO2e_IPPU,2013,,,,,,,,,,,,,,,,,,0.0018,,,,,,,,,,,,,,,,,,,,
NDCincond,0,,SODA_ASH,CO2e_IPPU,2014,,,,,,,,,,,,,,,,,,0.0018,,,,,,,,,,,,,,,,,,,,
NDCincond,0,,SODA_ASH,CO2e_IPPU,2017,,,,,,,,,,,,,,,,,,0.0015,,,,,,,,,,,,,,,,,,,,
NDCincond,0,,SODA_ASH,CO2e_IPPU,2018,,,,,,,,,,,,,,,,,,0.0031,,,,,,,,,,,,,,,,,,,,
NDCincond,0,,SODA_ASH,CO2e_IPPU,2019,,,,,,,,,,,,,,,,,,0.0058,,,,,,,,,,,,,,,,,,,,
NDCincond,0,,SODA_ASH,CO2e_IPPU,2020,,,,,,,,,,,,,,,,,,0.0085,,,,,,,,,,,,,,,,,,,,
NDCincond,0,,SODA_ASH,CO2e_IPPU,2021,,,,,,,,,,,,,,,,,,0.0012,,,,,,,,,,,,,,,,,,,,
NDCincond,0,,SODA_ASH,CO2e_IPPU,2022,,,,,,,,,,,,,,,,,,0.0017,,,,,,,,,,,,,,,,,,,,
NDCincond,0,,SODA_ASH,CO2e_IPPU,2023,,,,,,,,,,,,,,,,,,0.0017,,,,,,,,,,,,,,,,,,,,
NDCincond,0,,SODA_ASH,CO2e_IPPU,2024,,,,,,,,,,,,,,,,,,0.0018,,,,,,,,,,,,,,,,,,,,
NDCincond,0,,SODA_ASH,CO2e_IPPU,2025,,,,,,,,,,,,,,,,,,0.0018,,,,,,,,,,,,,,,,,,,,
NDCincond,0,,SODA_ASH,CO2e_IPPU,2026,,,,,,,,,,,,,,,,,,0.0019,,,,,,,,,,,,,,,,,,,,
NDCincond,0,,SODA_ASH,CO2e_IPPU,2027,,,,,,,,,,,,,,,,,,0.0019,,,,,,,,,,,,,,,,,,,,
NDCincond,0,,SODA_ASH,CO2e_IPPU,2028,,,,,,,,,,,,,,,,,,0.0019,,,,,,,,,,,,,,,,,,,,
NDCincond,0,,SODA_ASH,CO2e_IPPU,2029,,,,,,,,,,,,,,,,,,0.002,,,,,,,,,,,,,,,,,,,,
NDCincond,0,,SODA_ASH,CO2e_IPPU,2030,,,,,,,,,,,,,,,,,,0.002,,,,,,,,,,,,,,,,,,,,
NDCincond,0,,SODA_ASH,CO2e_IPPU,2031,,,,,,,,,,,,,,,,,,0.0021,,,,,,,,,,,,,,,,,,,,
NDCincond,0,,SODA_ASH,CO2e_IPPU,2032,,,,,,,,,,,,,,,,,,0.0021,,,,,,,,,,,,,,,,,,,,
NDCincond,0,,SODA_ASH,CO2e_IPPU,2033,,,,,,,,,,,,,,,,,,0.0021,,,,,,,,,,,,,,,,,,,,
NDCincond,0,,SODA_ASH,CO2e_IPPU,2034,,,,,,,,,,,,,,,,,,0.0022,,,,,,,,,,,,,,,,,,,,
NDCincond,0,,SODA_ASH,CO2e_IPPU,2035,,,,,,,,,,,,,,,,,,0.0022,,,,,,,,,,,,,,,,,,,,
NDCincond,0,,IRON_STEEL,CO2e_IPPU,2010,,,,,,,,,,,,,,,,,,0.0298,,,,,,,,,,,,,,,,,,,,
NDCincond,0,,IRON_STEEL,CO2e_IPPU,2011,,,,,,,,,,,,,,,,,,0.0317,,,,,,,,,,,,,,,,,,,,
NDCincond,0,,IRON_STEEL,CO2e_IPPU,2012,,,,,,,,,,,,,,,,,,0.0336,,,,,,,,,,,,,,,,,,,,
NDCincond,0,,IRON_STEEL,CO2e_IPPU,2013,,,,,,,,,,,,,,,,,,0.0357,,,,,,,,,,,,,,,,,,,,
NDCincond,0,,IRON_STEEL,CO2e_IPPU,2014,,,,,,,,,,,,,,,,,,0.0378,,,,,,,,,,,,,,,,,,,,
NDCincond,0,,IRON_STEEL,CO2e_IPPU,2015,,,,,,,,,,,,,,,,,,0.0404,,,,,,,,,,,,,,,,,,,,
NDCincond,0,,IRON_STEEL,CO2e_IPPU,2016,,,,,,,,,,,,,,,,,,0.0429,,,,,,,,,,,,,,,,,,,,
NDCincond,0,,IRON_STEEL,CO2e_IPPU,2017,,,,,,,,,,,,,,,,,,0.0496,,,,,,,,,,,,,,,,,,,,
NDCincond,0,,IRON_STEEL,CO2e_IPPU,2018,,,,,,,,,,,,,,,,,,0.0564,,,,,,,,,,,,,,,,,,,,
NDCincond,0,,IRON_STEEL,CO2e_IPPU,2019,,,,,,,,,,,,,,,,,,0.0459,,,,,,,,,,,,,,,,,,,,
NDCincond,0,,IRON_STEEL,CO2e_IPPU,2020,,,,,,,,,,,,,,,,,,0.0354,,,,,,,,,,,,,,,,,,,,
NDCincond,0,,IRON_STEEL,CO2e_IPPU,2021,,,,,,,,,,,,,,,,,,0.0779,,,,,,,,,,,,,,,,,,,,
NDCincond,0,,IRON_STEEL,CO2e_IPPU,2022,,,,,,,,,,,,,,,,,,0.0801,,,,,,,,,,,,,,,,,,,,
NDCincond,0,,IRON_STEEL,CO2e_IPPU,2023,,,,,,,,,,,,,,,,,,0.0818,,,,,,,,,,,,,,,,,,,,
NDCincond,0,,IRON_STEEL,CO2e_IPPU,2024,,,,,,,,,,,,,,,,,,0.0836,,,,,,,,,,,,,,,,,,,,
NDCincond,0,,IRON_STEEL,CO2e_IPPU,2025,,,,,,,,,,,,,,,,,,0.0853,,,,,,,,,,,,,,,,,,,,
NDCincond,0,,IRON_STEEL,CO2e_IPPU,2026,,,,,,,,,,,,,,,,,,0.0872,,,,,,,,,,,,,,,,,,,,
NDCincond,0,,IRON_STEEL,CO2e_IPPU,2027,,,,,,,,,,,,,,,,,,0.089,,,,,,,,,,,,,,,,,,,,
NDCincond,0,,IRON_STEEL,CO2e_IPPU,2028,,,,,,,,,,,,,,,,,,0.0909,,,,,,,,,,,,,,,,,,,,
NDCincond,0,,IRON_STEEL,CO2e_IPPU,2029,,,,,,,,,,,,,,,,,,0.0929,,,,,,,,,,,,,,,,,,,,
NDCincond,0,,IRON_STEEL,CO2e_IPPU,2030,,,,,,,,,,,,,,,,,,0.0949,,,,,,,,,,,,,,,,,,,,
NDCincond,0,,IRON_STEEL,CO2e_IPPU,2031,,,,,,,,,,,,,,,,,,0.0969,,,,,,,,,,,,,,,,,,,,
NDCincond,0,,IRON_STEEL,CO2e_IPPU,2032,,,,,,,,,,,,,,,,,,0.099,,,,,,,,,,,,,,,,,,,,
NDCincond,0,,IRON_STEEL,CO2e_IPPU,2033,,,,,,,,,,,,,,,,,,0.1011,,,,,,,,,,,,,,,,,,,,
NDCincond,0,,IRON_STEEL,CO2e_IPPU,2034,,,,,,,,,,,,,,,,,,0.1032,,,,,,,,,,,,,,,,,,,,
NDCincond,0,,IRON_STEEL,CO2e_IPPU,2035,,,,,,,,,,,,,,,,,,0.1055,,,,,,,,,,,,,,,,,,,,
NDCincond,0,,LEAD_PROD,CO2e_IPPU,2010,,,,,,,,,,,,,,,,,,0.0013,,,,,,,,,,,,,,,,,,,,
NDCincond,0,,LEAD_PROD,CO2e_IPPU,2011,,,,,,,,,,,,,,,,,,0.0016,,,,,,,,,,,,,,,,,,,,
NDCincond,0,,LEAD_PROD,CO2e_IPPU,2012,,,,,,,,,,,,,,,,,,0.0019,,,,,,,,,,,,,,,,,,,,
NDCincond,0,,LEAD_PROD,CO2e_IPPU,2013,,,,,,,,,,,,,,,,,,0.0023,,,,,,,,,,,,,,,,,,,,
NDCincond,0,,LEAD_PROD,CO2e_IPPU,2014,,,,,,,,,,,,,,,,,,0.0027,,,,,,,,,,,,,,,,,,,,
NDCincond,0,,LEAD_PROD,CO2e_IPPU,2015,,,,,,,,,,,,,,,,,,0.0029,,,,,,,,,,,,,,,,,,,,
NDCincond,0,,LEAD_PROD,CO2e_IPPU,2016,,,,,,,,,,,,,,,,,,0.003,,,,,,,,,,,,,,,,,,,,
NDCincond,0,,LEAD_PROD,CO2e_IPPU,2017,,,,,,,,,,,,,,,,,,0.0035,,,,,,,,,,,,,,,,,,,,
NDCincond,0,,LEAD_PROD,CO2e_IPPU,2018,,,,,,,,,,,,,,,,,,0.004,,,,,,,,,,,,,,,,,,,,
NDCincond,0,,LEAD_PROD,CO2e_IPPU,2019,,,,,,,,,,,,,,,,,,0.007,,,,,,,,,,,,,,,,,,,,
NDCincond,0,,LEAD_PROD,CO2e_IPPU,2020,,,,,,,,,,,,,,,,,,0.01,,,,,,,,,,,,,,,,,,,,
NDCincond,0,,LEAD_PROD,CO2e_IPPU,2021,,,,,,,,,,,,,,,,,,0.0087,,,,,,,,,,,,,,,,,,,,
NDCincond,0,,LEAD_PROD,CO2e_IPPU,2022,,,,,,,,,,,,,,,,,,0.0066,,,,,,,,,,,,,,,,,,,,
NDCincond,0,,LEAD_PROD,CO2e_IPPU,2023,,,,,,,,,,,,,,,,,,0.0067,,,,,,,,,,,,,,,,,,,,
NDCincond,0,,LEAD_PROD,CO2e_IPPU,2024,,,,,,,,,,,,,,,,,,0.0069,,,,,,,,,,,,,,,,,,,,
NDCincond,0,,LEAD_PROD,CO2e_IPPU,2025,,,,,,,,,,,,,,,,,,0.007,,,,,,,,,,,,,,,,,,,,
NDCincond,0,,LEAD_PROD,CO2e_IPPU,2026,,,,,,,,,,,,,,,,,,0.0072,,,,,,,,,,,,,,,,,,,,
NDCincond,0,,LEAD_PROD,CO2e_IPPU,2027,,,,,,,,,,,,,,,,,,0.0073,,,,,,,,,,,,,,,,,,,,
NDCincond,0,,LEAD_PROD,CO2e_IPPU,2028,,,,,,,,,,,,,,,,,,0.0075,,,,,,,,,,,,,,,,,,,,
NDCincond,0,,LEAD_PROD,CO2e_IPPU,2029,,,,,,,,,,,,,,,,,,0.0077,,,,,,,,,,,,,,,,,,,,
NDCincond,0,,LEAD_PROD,CO2e_IPPU,2030,,,,,,,,,,,,,,,,,,0.0078,,,,,,,,,,,,,,,,,,,,
NDCincond,0,,LEAD_PROD,CO2e_IPPU,2031,,,,,,,,,,,,,,,,,,0.008,,,,,,,,,,,,,,,,,,,,
NDCincond,0,,LEAD_PROD,CO2e_IPPU,2032,,,,,,,,,,,,,,,,,,0.0082,,,,,,,,,,,,,,,,,,,,
NDCincond,0,,LEAD_PROD,CO2e_IPPU,2033,,,,,,,,,,,,,,,,,,0.0083,,,,,,,,,,,,,,,,,,,,
NDCincond,0,,LEAD_PROD,CO2e_IPPU,2034,,,,,,,,,,,,,,,,,,0.0085,,,,,,,,,,,,,,,,,,,,
NDCincond,0,,LEAD_PROD,CO2e_IPPU,2035,,,,,,,,,,,,,,,,,,0.0087,,,,,,,,,,,,,,,,,,,,
NDCincond,0,,LUBRI,CO2e_IPPU,2013,,,,,,,,,,,,,,,,,,0.0028,,,,,,,,,,,,,,,,,,,,
NDCincond,0,,LUBRI,CO2e_IPPU,2014,,,,,,,,,,,,,,,,,,0.0054,,,,,,,,,,,,,,,,,,,,
NDCincond,0,,LUBRI,CO2e_IPPU,2015,,,,,,,,,,,,,,,,,,0.0056,,,,,,,,,,,,,,,,,,,,
NDCincond,0,,LUBRI,CO2e_IPPU,2016,,,,,,,,,,,,,,,,,,0.0057,,,,,,,,,,,,,,,,,,,,
NDCincond,0,,LUBRI,CO2e_IPPU,2017,,,,,,,,,,,,,,,,,,0.0053,,,,,,,,,,,,,,,,,,,,
NDCincond,0,,LUBRI,CO2e_IPPU,2018,,,,,,,,,,,,,,,,,,0.0049,,,,,,,,,,,,,,,,,,,,
NDCincond,0,,LUBRI,CO2e_IPPU,2019,,,,,,,,,,,,,,,,,,0.0043,,,,,,,,,,,,,,,,,,,,
NDCincond,0,,LUBRI,CO2e_IPPU,2020,,,,,,,,,,,,,,,,,,0.0037,,,,,,,,,,,,,,,,,,,,
NDCincond,0,,LUBRI,CO2e_IPPU,2021,,,,,,,,,,,,,,,,,,0.0036,,,,,,,,,,,,,,,,,,,,
NDCincond,0,,LUBRI,CO2e_IPPU,2022,,,,,,,,,,,,,,,,,,0.003,,,,,,,,,,,,,,,,,,,,
NDCincond,0,,LUBRI,CO2e_IPPU,2023,,,,,,,,,,,,,,,,,,0.0031,,,,,,,,,,,,,,,,,,,,
NDCincond,0,,LUBRI,CO2e_IPPU,2024,,,,,,,,,,,,,,,,,,0.0031,,,,,,,,,,,,,,,,,,,,
NDCincond,0,,LUBRI,CO2e_IPPU,2025,,,,,,,,,,,,,,,,,,0.0032,,,,,,,,,,,,,,,,,,,,
NDCincond,0,,LUBRI,CO2e_IPPU,2026,,,,,,,,,,,,,,,,,,0.0033,,,,,,,,,,,,,,,,,,,,
NDCincond,0,,LUBRI,CO2e_IPPU,2027,,,,,,,,,,,,,,,,,,0.0033,,,,,,,,,,,,,,,,,,,,
NDCincond,0,,LUBRI,CO2e_IPPU,2028,,,,,,,,,,,,,,,,,,0.0034,,,,,,,,,,,,,,,,,,,,
NDCincond,0,,LUBRI,CO2e_IPPU,2029,,,,,,,,,,,,,,,,,,0.0035,,,,,,,,,,,,,,,,,,,,
NDCincond,0,,LUBRI,CO2e_IPPU,2030,,,,,,,,,,,,,,,,,,0.0036,,,,,,,,,,,,,,,,,,,,
NDCincond,0,,LUBRI,CO2e_IPPU,2031,,,,,,,,,,,,,,,,,,0.0036,,,,,,,,,,,,,,,,,,,,
NDCincond,0,,LUBRI,CO2e_IPPU,2032,,,,,,,,,,,,,,,,,,0.0037,,,,,,,,,,,,,,,,,,,,
NDCincond,0,,LUBRI,CO2e_IPPU,2033,,,,,,,,,,,,,,,,,,0.0038,,,,,,,,,,,,,,,,,,,,
NDCincond,0,,LUBRI,CO2e_IPPU,2034,,,,,,,,,,,,,,,,,,0.0039,,,,,,,,,,,,,,,,,,,,
NDCincond,0,,LUBRI,CO2e_IPPU,2035,,,,,,,,,,,,,,,,,,0.0039,,,,,,,,,,,,,,,,,,,,
NDCincond,0,E5INDCEM_PROD,,,2010,5.2749,,,,,,,,,,,,,,,,,,,,,,,,,,,,,,,,,,,,,
NDCincond,0,E5INDCEM_PROD,,,2011,5.6682,,,,,,,,,,,,,,,,,,,,,,,,,,,,,,,,,,,,,
NDCincond,0,E5INDCEM_PROD,,,2012,6.0615,,,,,,,,,,,,,,,,,,,,,,,,,,,,,,,,,,,,,
NDCincond,0,E5INDCEM_PROD,,,2013,6.3078,,,,,,,,,,,,,,,,,,,,,,,,,,,,,,,,,,,,,
NDCincond,0,E5INDCEM_PROD,,,2014,6.5541,,,,,,,,,,,,,,,,,,,,,,,,,,,,,,,,,,,,,
NDCincond,0,E5INDCEM_PROD,,,2015,5.7819,,,,,,,,,,,,,,,,,,,,,,,,,,,,,,,,,,,,,
NDCincond,0,E5INDCEM_PROD,,,2016,5.0097,,,,,,,,,,,,,,,,,,,,,,,,,,,,,,,,,,,,,
NDCincond,0,E5INDCEM_PROD,,,2017,5.0328,,,,,,,,,,,,,,,,,,,,,,,,,,,,,,,,,,,,,
NDCincond,0,E5INDCEM_PROD,,,2018,5.0559,,,,,,,,,,,,,,,,,,,,,,,,,,,,,,,,,,,,,
NDCincond,0,E5INDCEM_PROD,,,2019,4.2404,,,,,,,,,,,,,,,,,,,,,,,,,,,,,,,,,,,,,
NDCincond,0,E5INDCEM_PROD,,,2020,3.4119,,,,,,,,,,,,,,,,,,,,,,,,,,,,,,,,,,,,,
NDCincond,0,E5INDCEM_PROD,,,2021,5.0137,,,,,,,,,,,,,,,,,,,,,,,,,,,,,,,,,,,,,
NDCincond,0,E5INDCEM_PROD,,,2022,4.6246,,,,,,,,,,,,,,,,,,,,,,,,,,,,,,,,,,,,,
NDCincond,0,E5INDCEM_PROD,,,2023,4.8611,,,,,,,,,,,,,,,,,,,,,,,,,,,,,,,,,,,,,
NDCincond,0,E5INDCEM_PROD,,,2024,5.0975,,,,,,,,,,,,,,,,,,,,,,,,,,,,,,,,,,,,,
NDCincond,0,E5INDCEM_PROD,,,2025,5.334,,,,,,,,,,,,,,,,,,,,,,,,,,,,,,,,,,,,,
NDCincond,0,E5INDCEM_PROD,,,2026,5.5704,,,,,,,,,,,,,,,,,,,,,,,,,,,,,,,,,,,,,
NDCincond,0,E5INDCEM_PROD,,,2027,5.8068,,,,,,,,,,,,,,,,,,,,,,,,,,,,,,,,,,,,,
NDCincond,0,E5INDCEM_PROD,,,2028,6.0433,,,,,,,,,,,,,,,,,,,,,,,,,,,,,,,,,,,,,
NDCincond,0,E5INDCEM_PROD,,,2029,6.2798,,,,,,,,,,,,,,,,,,,,,,,,,,,,,,,,,,,,,
NDCincond,0,E5INDCEM_PROD,,,2030,6.5162,,,,,,,,,,,,,,,,,,,,,,,,,,,,,,,,,,,,,
NDCincond,0,E5INDCEM_PROD,,,2031,6.7527,,,,,,,,,,,,,,,,,,,,,,,,,,,,,,,,,,,,,
NDCincond,0,E5INDCEM_PROD,,,2032,6.9892,,,,,,,,,,,,,,,,,,,,,,,,,,,,,,,,,,,,,
NDCincond,0,E5INDCEM_PROD,,,2033,7.2256,,,,,,,,,,,,,,,,,,,,,,,,,,,,,,,,,,,,,
NDCincond,0,E5INDCEM_PROD,,,2034,7.4621,,,,,,,,,,,,,,,,,,,,,,,,,,,,,,,,,,,,,
NDCincond,0,E5INDCEM_PROD,,,2035,7.6985,,,,,,,,,,,,,,,,,,,,,,,,,,,,,,,,,,,,,
NDCincond,0,E5IPPUHFC23,,,2010,0.0034,,,,,,,,,,,,,,,,,,,,,,,,,,,,,,,,,,,,,
NDCincond,0,E5IPPUHFC23,,,2011,0.0026,,,,,,,,,,,,,,,,,,,,,,,,,,,,,,,,,,,,,
NDCincond,0,E5IPPUHFC23,,,2012,0.002,,,,,,,,,,,,,,,,,,,,,,,,,,,,,,,,,,,,,
NDCincond,0,E5IPPUHFC23,,,2013,0.0015,,,,,,,,,,,,,,,,,,,,,,,,,,,,,,,,,,,,,
NDCincond,0,E5IPPUHFC23,,,2014,0.0011,,,,,,,,,,,,,,,,,,,,,,,,,,,,,,,,,,,,,
NDCincond,0,E5IPPUHFC23,,,2015,0.0009,,,,,,,,,,,,,,,,,,,,,,,,,,,,,,,,,,,,,
NDCincond,0,E5IPPUHFC23,,,2016,0.0006,,,,,,,,,,,,,,,,,,,,,,,,,,,,,,,,,,,,,
NDCincond,0,E5IPPUHFC23,,,2017,0.0005,,,,,,,,,,,,,,,,,,,,,,,,,,,,,,,,,,,,,
NDCincond,0,E5IPPUHFC23,,,2018,0.0004,,,,,,,,,,,,,,,,,,,,,,,,,,,,,,,,,,,,,
NDCincond,0,E5IPPUHFC23,,,2019,0.0003,,,,,,,,,,,,,,,,,,,,,,,,,,,,,,,,,,,,,
NDCincond,0,E5IPPUHFC23,,,2020,0.0003,,,,,,,,,,,,,,,,,,,,,,,,,,,,,,,,,,,,,
NDCincond,0,E5IPPUHFC23,,,2021,0.0002,,,,,,,,,,,,,,,,,,,,,,,,,,,,,,,,,,,,,
NDCincond,0,E5IPPUHFC23,,,2022,0.0006,,,,,,,,,,,,,,,,,,,,,,,,,,,,,,,,,,,,,
NDCincond,0,E5IPPUHFC23,,,2023,0.0007,,,,,,,,,,,,,,,,,,,,,,,,,,,,,,,,,,,,,
NDCincond,0,E5IPPUHFC23,,,2024,0.0008,,,,,,,,,,,,,,,,,,,,,,,,,,,,,,,,,,,,,
NDCincond,0,E5IPPUHFC23,,,2025,0.001,,,,,,,,,,,,,,,,,,,,,,,,,,,,,,,,,,,,,
NDCincond,0,E5IPPUHFC23,,,2026,0.0011,,,,,,,,,,,,,,,,,,,,,,,,,,,,,,,,,,,,,
NDCincond,0,E5IPPUHFC23,,,2027,0.0012,,,,,,,,,,,,,,,,,,,,,,,,,,,,,,,,,,,,,
NDCincond,0,E5IPPUHFC23,,,2028,0.0013,,,,,,,,,,,,,,,,,,,,,,,,,,,,,,,,,,,,,
NDCincond,0,E5IPPUHFC23,,,2029,0.0014,,,,,,,,,,,,,,,,,,,,,,,,,,,,,,,,,,,,,
NDCincond,0,E5IPPUHFC23,,,2030,0.0015,,,,,,,,,,,,,,,,,,,,,,,,,,,,,,,,,,,,,
NDCincond,0,E5IPPUHFC23,,,2031,0.0015,,,,,,,,,,,,,,,,,,,,,,,,,,,,,,,,,,,,,
NDCincond,0,E5IPPUHFC23,,,2032,0.0014,,,,,,,,,,,,,,,,,,,,,,,,,,,,,,,,,,,,,
NDCincond,0,E5IPPUHFC23,,,2033,0.0014,,,,,,,,,,,,,,,,,,,,,,,,,,,,,,,,,,,,,
NDCincond,0,E5IPPUHFC23,,,2034,0.0014,,,,,,,,,,,,,,,,,,,,,,,,,,,,,,,,,,,,,
NDCincond,0,E5IPPUHFC23,,,2035,0.0014,,,,,,,,,,,,,,,,,,,,,,,,,,,,,,,,,,,,,
NDCincond,0,E5IPPUHFC32,,,2010,0.0043,,,,,,,,,,,,,,,,,,,,,,,,,,,,,,,,,,,,,
NDCincond,0,E5IPPUHFC32,,,2011,0.0038,,,,,,,,,,,,,,,,,,,,,,,,,,,,,,,,,,,,,
NDCincond,0,E5IPPUHFC32,,,2012,0.0052,,,,,,,,,,,,,,,,,,,,,,,,,,,,,,,,,,,,,
NDCincond,0,E5IPPUHFC32,,,2013,0.0069,,,,,,,,,,,,,,,,,,,,,,,,,,,,,,,,,,,,,
NDCincond,0,E5IPPUHFC32,,,2014,0.0062,,,,,,,,,,,,,,,,,,,,,,,,,,,,,,,,,,,,,
NDCincond,0,E5IPPUHFC32,,,2015,0.0055,,,,,,,,,,,,,,,,,,,,,,,,,,,,,,,,,,,,,
NDCincond,0,E5IPPUHFC32,,,2016,0.005,,,,,,,,,,,,,,,,,,,,,,,,,,,,,,,,,,,,,
NDCincond,0,E5IPPUHFC32,,,2017,0.0044,,,,,,,,,,,,,,,,,,,,,,,,,,,,,,,,,,,,,
NDCincond,0,E5IPPUHFC32,,,2018,0.004,,,,,,,,,,,,,,,,,,,,,,,,,,,,,,,,,,,,,
NDCincond,0,E5IPPUHFC32,,,2019,0.0232,,,,,,,,,,,,,,,,,,,,,,,,,,,,,,,,,,,,,
NDCincond,0,E5IPPUHFC32,,,2020,0.0359,,,,,,,,,,,,,,,,,,,,,,,,,,,,,,,,,,,,,
NDCincond,0,E5IPPUHFC32,,,2021,0.0479,,,,,,,,,,,,,,,,,,,,,,,,,,,,,,,,,,,,,
NDCincond,0,E5IPPUHFC32,,,2022,0.0737,,,,,,,,,,,,,,,,,,,,,,,,,,,,,,,,,,,,,
NDCincond,0,E5IPPUHFC32,,,2023,0.0898,,,,,,,,,,,,,,,,,,,,,,,,,,,,,,,,,,,,,
NDCincond,0,E5IPPUHFC32,,,2024,0.1059,,,,,,,,,,,,,,,,,,,,,,,,,,,,,,,,,,,,,
NDCincond,0,E5IPPUHFC32,,,2025,0.122,,,,,,,,,,,,,,,,,,,,,,,,,,,,,,,,,,,,,
NDCincond,0,E5IPPUHFC32,,,2026,0.1351,,,,,,,,,,,,,,,,,,,,,,,,,,,,,,,,,,,,,
NDCincond,0,E5IPPUHFC32,,,2027,0.1481,,,,,,,,,,,,,,,,,,,,,,,,,,,,,,,,,,,,,
NDCincond,0,E5IPPUHFC32,,,2028,0.1612,,,,,,,,,,,,,,,,,,,,,,,,,,,,,,,,,,,,,
NDCincond,0,E5IPPUHFC32,,,2029,0.1743,,,,,,,,,,,,,,,,,,,,,,,,,,,,,,,,,,,,,
NDCincond,0,E5IPPUHFC32,,,2030,0.1884,,,,,,,,,,,,,,,,,,,,,,,,,,,,,,,,,,,,,
NDCincond,0,E5IPPUHFC32,,,2031,0.1868,,,,,,,,,,,,,,,,,,,,,,,,,,,,,,,,,,,,,
NDCincond,0,E5IPPUHFC32,,,2032,0.1852,,,,,,,,,,,,,,,,,,,,,,,,,,,,,,,,,,,,,
NDCincond,0,E5IPPUHFC32,,,2033,0.1837,,,,,,,,,,,,,,,,,,,,,,,,,,,,,,,,,,,,,
NDCincond,0,E5IPPUHFC32,,,2034,0.1821,,,,,,,,,,,,,,,,,,,,,,,,,,,,,,,,,,,,,
NDCincond,0,E5IPPUHFC32,,,2035,0.1805,,,,,,,,,,,,,,,,,,,,,,,,,,,,,,,,,,,,,
NDCincond,0,E5IPPUHFC125,,,2010,0.0091,,,,,,,,,,,,,,,,,,,,,,,,,,,,,,,,,,,,,
NDCincond,0,E5IPPUHFC125,,,2011,0.0108,,,,,,,,,,,,,,,,,,,,,,,,,,,,,,,,,,,,,
NDCincond,0,E5IPPUHFC125,,,2012,0.0126,,,,,,,,,,,,,,,,,,,,,,,,,,,,,,,,,,,,,
NDCincond,0,E5IPPUHFC125,,,2013,0.0137,,,,,,,,,,,,,,,,,,,,,,,,,,,,,,,,,,,,,
NDCincond,0,E5IPPUHFC125,,,2014,0.0101,,,,,,,,,,,,,,,,,,,,,,,,,,,,,,,,,,,,,
NDCincond,0,E5IPPUHFC125,,,2015,0.0085,,,,,,,,,,,,,,,,,,,,,,,,,,,,,,,,,,,,,
NDCincond,0,E5IPPUHFC125,,,2016,0.0067,,,,,,,,,,,,,,,,,,,,,,,,,,,,,,,,,,,,,
NDCincond,0,E5IPPUHFC125,,,2017,0.0063,,,,,,,,,,,,,,,,,,,,,,,,,,,,,,,,,,,,,
NDCincond,0,E5IPPUHFC125,,,2018,0.0068,,,,,,,,,,,,,,,,,,,,,,,,,,,,,,,,,,,,,
NDCincond,0,E5IPPUHFC125,,,2019,0.0652,,,,,,,,,,,,,,,,,,,,,,,,,,,,,,,,,,,,,
NDCincond,0,E5IPPUHFC125,,,2020,0.0954,,,,,,,,,,,,,,,,,,,,,,,,,,,,,,,,,,,,,
NDCincond,0,E5IPPUHFC125,,,2021,0.1172,,,,,,,,,,,,,,,,,,,,,,,,,,,,,,,,,,,,,
NDCincond,0,E5IPPUHFC125,,,2022,0.1854,,,,,,,,,,,,,,,,,,,,,,,,,,,,,,,,,,,,,
NDCincond,0,E5IPPUHFC125,,,2023,0.2258,,,,,,,,,,,,,,,,,,,,,,,,,,,,,,,,,,,,,
NDCincond,0,E5IPPUHFC125,,,2024,0.2662,,,,,,,,,,,,,,,,,,,,,,,,,,,,,,,,,,,,,
NDCincond,0,E5IPPUHFC125,,,2025,0.3066,,,,,,,,,,,,,,,,,,,,,,,,,,,,,,,,,,,,,
NDCincond,0,E5IPPUHFC125,,,2026,0.3394,,,,,,,,,,,,,,,,,,,,,,,,,,,,,,,,,,,,,
NDCincond,0,E5IPPUHFC125,,,2027,0.3723,,,,,,,,,,,,,,,,,,,,,,,,,,,,,,,,,,,,,
NDCincond,0,E5IPPUHFC125,,,2028,0.4052,,,,,,,,,,,,,,,,,,,,,,,,,,,,,,,,,,,,,
NDCincond,0,E5IPPUHFC125,,,2029,0.4381,,,,,,,,,,,,,,,,,,,,,,,,,,,,,,,,,,,,,
NDCincond,0,E5IPPUHFC125,,,2030,0.4734,,,,,,,,,,,,,,,,,,,,,,,,,,,,,,,,,,,,,
NDCincond,0,E5IPPUHFC125,,,2031,0.4695,,,,,,,,,,,,,,,,,,,,,,,,,,,,,,,,,,,,,
NDCincond,0,E5IPPUHFC125,,,2032,0.4655,,,,,,,,,,,,,,,,,,,,,,,,,,,,,,,,,,,,,
NDCincond,0,E5IPPUHFC125,,,2033,0.4616,,,,,,,,,,,,,,,,,,,,,,,,,,,,,,,,,,,,,
NDCincond,0,E5IPPUHFC125,,,2034,0.4576,,,,,,,,,,,,,,,,,,,,,,,,,,,,,,,,,,,,,
NDCincond,0,E5IPPUHFC125,,,2035,0.4536,,,,,,,,,,,,,,,,,,,,,,,,,,,,,,,,,,,,,
NDCincond,0,E5IPPUHFC134a,,,2010,0.0794,,,,,,,,,,,,,,,,,,,,,,,,,,,,,,,,,,,,,
NDCincond,0,E5IPPUHFC134a,,,2011,0.0906,,,,,,,,,,,,,,,,,,,,,,,,,,,,,,,,,,,,,
NDCincond,0,E5IPPUHFC134a,,,2012,0.1235,,,,,,,,,,,,,,,,,,,,,,,,,,,,,,,,,,,,,
NDCincond,0,E5IPPUHFC134a,,,2013,0.1658,,,,,,,,,,,,,,,,,,,,,,,,,,,,,,,,,,,,,
NDCincond,0,E5IPPUHFC134a,,,2014,0.2255,,,,,,,,,,,,,,,,,,,,,,,,,,,,,,,,,,,,,
NDCincond,0,E5IPPUHFC134a,,,2015,0.2765,,,,,,,,,,,,,,,,,,,,,,,,,,,,,,,,,,,,,
NDCincond,0,E5IPPUHFC134a,,,2016,0.3072,,,,,,,,,,,,,,,,,,,,,,,,,,,,,,,,,,,,,
NDCincond,0,E5IPPUHFC134a,,,2017,0.3382,,,,,,,,,,,,,,,,,,,,,,,,,,,,,,,,,,,,,
NDCincond,0,E5IPPUHFC134a,,,2018,0.3628,,,,,,,,,,,,,,,,,,,,,,,,,,,,,,,,,,,,,
NDCincond,0,E5IPPUHFC134a,,,2019,0.3978,,,,,,,,,,,,,,,,,,,,,,,,,,,,,,,,,,,,,
NDCincond,0,E5IPPUHFC134a,,,2020,0.427,,,,,,,,,,,,,,,,,,,,,,,,,,,,,,,,,,,,,
NDCincond,0,E5IPPUHFC134a,,,2021,0.4122,,,,,,,,,,,,,,,,,,,,,,,,,,,,,,,,,,,,,
NDCincond,0,E5IPPUHFC134a,,,2022,0.4691,,,,,,,,,,,,,,,,,,,,,,,,,,,,,,,,,,,,,
NDCincond,0,E5IPPUHFC134a,,,2023,0.5713,,,,,,,,,,,,,,,,,,,,,,,,,,,,,,,,,,,,,
NDCincond,0,E5IPPUHFC134a,,,2024,0.6735,,,,,,,,,,,,,,,,,,,,,,,,,,,,,,,,,,,,,
NDCincond,0,E5IPPUHFC134a,,,2025,0.7757,,,,,,,,,,,,,,,,,,,,,,,,,,,,,,,,,,,,,
NDCincond,0,E5IPPUHFC134a,,,2026,0.8588,,,,,,,,,,,,,,,,,,,,,,,,,,,,,,,,,,,,,
NDCincond,0,E5IPPUHFC134a,,,2027,0.942,,,,,,,,,,,,,,,,,,,,,,,,,,,,,,,,,,,,,
NDCincond,0,E5IPPUHFC134a,,,2028,1.0252,,,,,,,,,,,,,,,,,,,,,,,,,,,,,,,,,,,,,
NDCincond,0,E5IPPUHFC134a,,,2029,1.1084,,,,,,,,,,,,,,,,,,,,,,,,,,,,,,,,,,,,,
NDCincond,0,E5IPPUHFC134a,,,2030,1.1979,,,,,,,,,,,,,,,,,,,,,,,,,,,,,,,,,,,,,
NDCincond,0,E5IPPUHFC134a,,,2031,1.1878,,,,,,,,,,,,,,,,,,,,,,,,,,,,,,,,,,,,,
NDCincond,0,E5IPPUHFC134a,,,2032,1.1778,,,,,,,,,,,,,,,,,,,,,,,,,,,,,,,,,,,,,
NDCincond,0,E5IPPUHFC134a,,,2033,1.1678,,,,,,,,,,,,,,,,,,,,,,,,,,,,,,,,,,,,,
NDCincond,0,E5IPPUHFC134a,,,2034,1.1578,,,,,,,,,,,,,,,,,,,,,,,,,,,,,,,,,,,,,
NDCincond,0,E5IPPUHFC134a,,,2035,1.1478,,,,,,,,,,,,,,,,,,,,,,,,,,,,,,,,,,,,,
NDCincond,0,E5IPPUHFC143a,,,2010,0.0078,,,,,,,,,,,,,,,,,,,,,,,,,,,,,,,,,,,,,
NDCincond,0,E5IPPUHFC143a,,,2011,0.0109,,,,,,,,,,,,,,,,,,,,,,,,,,,,,,,,,,,,,
NDCincond,0,E5IPPUHFC143a,,,2012,0.0125,,,,,,,,,,,,,,,,,,,,,,,,,,,,,,,,,,,,,
NDCincond,0,E5IPPUHFC143a,,,2013,0.0094,,,,,,,,,,,,,,,,,,,,,,,,,,,,,,,,,,,,,
NDCincond,0,E5IPPUHFC143a,,,2014,0.0063,,,,,,,,,,,,,,,,,,,,,,,,,,,,,,,,,,,,,
NDCincond,0,E5IPPUHFC143a,,,2015,0.0086,,,,,,,,,,,,,,,,,,,,,,,,,,,,,,,,,,,,,
NDCincond,0,E5IPPUHFC143a,,,2016,0.0085,,,,,,,,,,,,,,,,,,,,,,,,,,,,,,,,,,,,,
NDCincond,0,E5IPPUHFC143a,,,2017,0.006,,,,,,,,,,,,,,,,,,,,,,,,,,,,,,,,,,,,,
NDCincond,0,E5IPPUHFC143a,,,2018,0.0039,,,,,,,,,,,,,,,,,,,,,,,,,,,,,,,,,,,,,
NDCincond,0,E5IPPUHFC143a,,,2019,0.0409,,,,,,,,,,,,,,,,,,,,,,,,,,,,,,,,,,,,,
NDCincond,0,E5IPPUHFC143a,,,2020,0.0662,,,,,,,,,,,,,,,,,,,,,,,,,,,,,,,,,,,,,
NDCincond,0,E5IPPUHFC143a,,,2021,0.0797,,,,,,,,,,,,,,,,,,,,,,,,,,,,,,,,,,,,,
NDCincond,0,E5IPPUHFC143a,,,2022,0.1464,,,,,,,,,,,,,,,,,,,,,,,,,,,,,,,,,,,,,
NDCincond,0,E5IPPUHFC143a,,,2023,0.1783,,,,,,,,,,,,,,,,,,,,,,,,,,,,,,,,,,,,,
NDCincond,0,E5IPPUHFC143a,,,2024,0.2101,,,,,,,,,,,,,,,,,,,,,,,,,,,,,,,,,,,,,
NDCincond,0,E5IPPUHFC143a,,,2025,0.242,,,,,,,,,,,,,,,,,,,,,,,,,,,,,,,,,,,,,
NDCincond,0,E5IPPUHFC143a,,,2026,0.268,,,,,,,,,,,,,,,,,,,,,,,,,,,,,,,,,,,,,
NDCincond,0,E5IPPUHFC143a,,,2027,0.2939,,,,,,,,,,,,,,,,,,,,,,,,,,,,,,,,,,,,,
NDCincond,0,E5IPPUHFC143a,,,2028,0.3199,,,,,,,,,,,,,,,,,,,,,,,,,,,,,,,,,,,,,
NDCincond,0,E5IPPUHFC143a,,,2029,0.3459,,,,,,,,,,,,,,,,,,,,,,,,,,,,,,,,,,,,,
NDCincond,0,E5IPPUHFC143a,,,2030,0.3738,,,,,,,,,,,,,,,,,,,,,,,,,,,,,,,,,,,,,
NDCincond,0,E5IPPUHFC143a,,,2031,0.3706,,,,,,,,,,,,,,,,,,,,,,,,,,,,,,,,,,,,,
NDCincond,0,E5IPPUHFC143a,,,2032,0.3675,,,,,,,,,,,,,,,,,,,,,,,,,,,,,,,,,,,,,
NDCincond,0,E5IPPUHFC143a,,,2033,0.3644,,,,,,,,,,,,,,,,,,,,,,,,,,,,,,,,,,,,,
NDCincond,0,E5IPPUHFC143a,,,2034,0.3613,,,,,,,,,,,,,,,,,,,,,,,,,,,,,,,,,,,,,
NDCincond,0,E5IPPUHFC143a,,,2035,0.3581,,,,,,,,,,,,,,,,,,,,,,,,,,,,,,,,,,,,,
NDCincond,0,E5IPPUHFC152a,,,2013,0.0007,,,,,,,,,,,,,,,,,,,,,,,,,,,,,,,,,,,,,
NDCincond,0,E5IPPUHFC152a,,,2014,0.0014,,,,,,,,,,,,,,,,,,,,,,,,,,,,,,,,,,,,,
NDCincond,0,E5IPPUHFC152a,,,2015,0.0007,,,,,,,,,,,,,,,,,,,,,,,,,,,,,,,,,,,,,
NDCincond,0,E5IPPUHFC152a,,,2016,0.0014,,,,,,,,,,,,,,,,,,,,,,,,,,,,,,,,,,,,,
NDCincond,0,E5IPPUHFC152a,,,2017,0.0014,,,,,,,,,,,,,,,,,,,,,,,,,,,,,,,,,,,,,
NDCincond,0,E5IPPUHFC152a,,,2018,0.0007,,,,,,,,,,,,,,,,,,,,,,,,,,,,,,,,,,,,,
NDCincond,0,E5IPPUHFC152a,,,2019,0.0007,,,,,,,,,,,,,,,,,,,,,,,,,,,,,,,,,,,,,
NDCincond,0,E5IPPUHFC152a,,,2020,0.0007,,,,,,,,,,,,,,,,,,,,,,,,,,,,,,,,,,,,,
NDCincond,0,E5IPPUHFC152a,,,2021,0.0014,,,,,,,,,,,,,,,,,,,,,,,,,,,,,,,,,,,,,
NDCincond,0,E5IPPUHFC152a,,,2022,0.0022,,,,,,,,,,,,,,,,,,,,,,,,,,,,,,,,,,,,,
NDCincond,0,E5IPPUHFC152a,,,2023,0.0024,,,,,,,,,,,,,,,,,,,,,,,,,,,,,,,,,,,,,
NDCincond,0,E5IPPUHFC152a,,,2024,0.0029,,,,,,,,,,,,,,,,,,,,,,,,,,,,,,,,,,,,,
NDCincond,0,E5IPPUHFC152a,,,2025,0.0033,,,,,,,,,,,,,,,,,,,,,,,,,,,,,,,,,,,,,
NDCincond,0,E5IPPUHFC152a,,,2026,0.0037,,,,,,,,,,,,,,,,,,,,,,,,,,,,,,,,,,,,,
NDCincond,0,E5IPPUHFC152a,,,2027,0.004,,,,,,,,,,,,,,,,,,,,,,,,,,,,,,,,,,,,,
NDCincond,0,E5IPPUHFC152a,,,2028,0.0044,,,,,,,,,,,,,,,,,,,,,,,,,,,,,,,,,,,,,
NDCincond,0,E5IPPUHFC152a,,,2029,0.0047,,,,,,,,,,,,,,,,,,,,,,,,,,,,,,,,,,,,,
NDCincond,0,E5IPPUHFC152a,,,2030,0.0051,,,,,,,,,,,,,,,,,,,,,,,,,,,,,,,,,,,,,
NDCincond,0,E5IPPUHFC152a,,,2031,0.0051,,,,,,,,,,,,,,,,,,,,,,,,,,,,,,,,,,,,,
NDCincond,0,E5IPPUHFC152a,,,2032,0.005,,,,,,,,,,,,,,,,,,,,,,,,,,,,,,,,,,,,,
NDCincond,0,E5IPPUHFC152a,,,2033,0.005,,,,,,,,,,,,,,,,,,,,,,,,,,,,,,,,,,,,,
NDCincond,0,E5IPPUHFC152a,,,2034,0.005,,,,,,,,,,,,,,,,,,,,,,,,,,,,,,,,,,,,,
NDCincond,0,E5IPPUHFC152a,,,2035,0.0049,,,,,,,,,,,,,,,,,,,,,,,,,,,,,,,,,,,,,
NDCincond,0,E5IPPULIME_PROD,,,2010,0.0665,,,,,,,,,,,,,,,,,,,,,,,,,,,,,,,,,,,,,
NDCincond,0,E5IPPULIME_PROD,,,2011,0.0692,,,,,,,,,,,,,,,,,,,,,,,,,,,,,,,,,,,,,
NDCincond,0,E5IPPULIME_PROD,,,2012,0.0719,,,,,,,,,,,,,,,,,,,,,,,,,,,,,,,,,,,,,
NDCincond,0,E5IPPULIME_PROD,,,2013,0.0742,,,,,,,,,,,,,,,,,,,,,,,,,,,,,,,,,,,,,
NDCincond,0,E5IPPULIME_PROD,,,2014,0.0766,,,,,,,,,,,,,,,,,,,,,,,,,,,,,,,,,,,,,
NDCincond,0,E5IPPULIME_PROD,,,2015,0.0852,,,,,,,,,,,,,,,,,,,,,,,,,,,,,,,,,,,,,
NDCincond,0,E5IPPULIME_PROD,,,2016,0.0938,,,,,,,,,,,,,,,,,,,,,,,,,,,,,,,,,,,,,
NDCincond,0,E5IPPULIME_PROD,,,2017,0.1005,,,,,,,,,,,,,,,,,,,,,,,,,,,,,,,,,,,,,
NDCincond,0,E5IPPULIME_PROD,,,2018,0.1071,,,,,,,,,,,,,,,,,,,,,,,,,,,,,,,,,,,,,
NDCincond,0,E5IPPULIME_PROD,,,2019,0.1144,,,,,,,,,,,,,,,,,,,,,,,,,,,,,,,,,,,,,
NDCincond,0,E5IPPULIME_PROD,,,2020,0.1216,,,,,,,,,,,,,,,,,,,,,,,,,,,,,,,,,,,,,
NDCincond,0,E5IPPULIME_PROD,,,2021,0.2199,,,,,,,,,,,,,,,,,,,,,,,,,,,,,,,,,,,,,
NDCincond,0,E5IPPULIME_PROD,,,2022,0.1791,,,,,,,,,,,,,,,,,,,,,,,,,,,,,,,,,,,,,
NDCincond,0,E5IPPULIME_PROD,,,2023,0.1829,,,,,,,,,,,,,,,,,,,,,,,,,,,,,,,,,,,,,
NDCincond,0,E5IPPULIME_PROD,,,2024,0.1868,,,,,,,,,,,,,,,,,,,,,,,,,,,,,,,,,,,,,
NDCincond,0,E5IPPULIME_PROD,,,2025,0.1908,,,,,,,,,,,,,,,,,,,,,,,,,,,,,,,,,,,,,
NDCincond,0,E5IPPULIME_PROD,,,2026,0.1949,,,,,,,,,,,,,,,,,,,,,,,,,,,,,,,,,,,,,
NDCincond,0,E5IPPULIME_PROD,,,2027,0.1991,,,,,,,,,,,,,,,,,,,,,,,,,,,,,,,,,,,,,
NDCincond,0,E5IPPULIME_PROD,,,2028,0.2034,,,,,,,,,,,,,,,,,,,,,,,,,,,,,,,,,,,,,
NDCincond,0,E5IPPULIME_PROD,,,2029,0.2077,,,,,,,,,,,,,,,,,,,,,,,,,,,,,,,,,,,,,
NDCincond,0,E5IPPULIME_PROD,,,2030,0.2121,,,,,,,,,,,,,,,,,,,,,,,,,,,,,,,,,,,,,
NDCincond,0,E5IPPULIME_PROD,,,2031,0.2167,,,,,,,,,,,,,,,,,,,,,,,,,,,,,,,,,,,,,
NDCincond,0,E5IPPULIME_PROD,,,2032,0.2213,,,,,,,,,,,,,,,,,,,,,,,,,,,,,,,,,,,,,
NDCincond,0,E5IPPULIME_PROD,,,2033,0.226,,,,,,,,,,,,,,,,,,,,,,,,,,,,,,,,,,,,,
NDCincond,0,E5IPPULIME_PROD,,,2034,0.2309,,,,,,,,,,,,,,,,,,,,,,,,,,,,,,,,,,,,,
NDCincond,0,E5IPPULIME_PROD,,,2035,0.2358,,,,,,,,,,,,,,,,,,,,,,,,,,,,,,,,,,,,,
NDCincond,0,E5IPPUGLASS_PROD,,,2010,0.0075,,,,,,,,,,,,,,,,,,,,,,,,,,,,,,,,,,,,,
NDCincond,0,E5IPPUGLASS_PROD,,,2011,0.0092,,,,,,,,,,,,,,,,,,,,,,,,,,,,,,,,,,,,,
NDCincond,0,E5IPPUGLASS_PROD,,,2012,0.0109,,,,,,,,,,,,,,,,,,,,,,,,,,,,,,,,,,,,,
NDCincond,0,E5IPPUGLASS_PROD,,,2013,0.0126,,,,,,,,,,,,,,,,,,,,,,,,,,,,,,,,,,,,,
NDCincond,0,E5IPPUGLASS_PROD,,,2014,0.0143,,,,,,,,,,,,,,,,,,,,,,,,,,,,,,,,,,,,,
NDCincond,0,E5IPPUGLASS_PROD,,,2015,0.0125,,,,,,,,,,,,,,,,,,,,,,,,,,,,,,,,,,,,,
NDCincond,0,E5IPPUGLASS_PROD,,,2016,0.0107,,,,,,,,,,,,,,,,,,,,,,,,,,,,,,,,,,,,,
NDCincond,0,E5IPPUGLASS_PROD,,,2017,0.0124,,,,,,,,,,,,,,,,,,,,,,,,,,,,,,,,,,,,,
NDCincond,0,E5IPPUGLASS_PROD,,,2018,0.0141,,,,,,,,,,,,,,,,,,,,,,,,,,,,,,,,,,,,,
NDCincond,0,E5IPPUGLASS_PROD,,,2019,0.0094,,,,,,,,,,,,,,,,,,,,,,,,,,,,,,,,,,,,,
NDCincond,0,E5IPPUGLASS_PROD,,,2020,0.0047,,,,,,,,,,,,,,,,,,,,,,,,,,,,,,,,,,,,,
NDCincond,0,E5IPPUGLASS_PROD,,,2021,0.0089,,,,,,,,,,,,,,,,,,,,,,,,,,,,,,,,,,,,,
NDCincond,0,E5IPPUGLASS_PROD,,,2022,0.0081,,,,,,,,,,,,,,,,,,,,,,,,,,,,,,,,,,,,,
NDCincond,0,E5IPPUGLASS_PROD,,,2023,0.0083,,,,,,,,,,,,,,,,,,,,,,,,,,,,,,,,,,,,,
NDCincond,0,E5IPPUGLASS_PROD,,,2024,0.0084,,,,,,,,,,,,,,,,,,,,,,,,,,,,,,,,,,,,,
NDCincond,0,E5IPPUGLASS_PROD,,,2025,0.0086,,,,,,,,,,,,,,,,,,,,,,,,,,,,,,,,,,,,,
NDCincond,0,E5IPPUGLASS_PROD,,,2026,0.0088,,,,,,,,,,,,,,,,,,,,,,,,,,,,,,,,,,,,,
NDCincond,0,E5IPPUGLASS_PROD,,,2027,0.009,,,,,,,,,,,,,,,,,,,,,,,,,,,,,,,,,,,,,
NDCincond,0,E5IPPUGLASS_PROD,,,2028,0.0092,,,,,,,,,,,,,,,,,,,,,,,,,,,,,,,,,,,,,
NDCincond,0,E5IPPUGLASS_PROD,,,2029,0.0094,,,,,,,,,,,,,,,,,,,,,,,,,,,,,,,,,,,,,
NDCincond,0,E5IPPUGLASS_PROD,,,2030,0.0096,,,,,,,,,,,,,,,,,,,,,,,,,,,,,,,,,,,,,
NDCincond,0,E5IPPUGLASS_PROD,,,2031,0.0098,,,,,,,,,,,,,,,,,,,,,,,,,,,,,,,,,,,,,
NDCincond,0,E5IPPUGLASS_PROD,,,2032,0.01,,,,,,,,,,,,,,,,,,,,,,,,,,,,,,,,,,,,,
NDCincond,0,E5IPPUGLASS_PROD,,,2033,0.0102,,,,,,,,,,,,,,,,,,,,,,,,,,,,,,,,,,,,,
NDCincond,0,E5IPPUGLASS_PROD,,,2034,0.0104,,,,,,,,,,,,,,,,,,,,,,,,,,,,,,,,,,,,,
NDCincond,0,E5IPPUGLASS_PROD,,,2035,0.0107,,,,,,,,,,,,,,,,,,,,,,,,,,,,,,,,,,,,,
NDCincond,0,E5IPPUCERAMICS,,,2010,0.3181,,,,,,,,,,,,,,,,,,,,,,,,,,,,,,,,,,,,,
NDCincond,0,E5IPPUCERAMICS,,,2011,0.4096,,,,,,,,,,,,,,,,,,,,,,,,,,,,,,,,,,,,,
NDCincond,0,E5IPPUCERAMICS,,,2012,0.5012,,,,,,,,,,,,,,,,,,,,,,,,,,,,,,,,,,,,,
NDCincond,0,E5IPPUCERAMICS,,,2013,0.4401,,,,,,,,,,,,,,,,,,,,,,,,,,,,,,,,,,,,,
NDCincond,0,E5IPPUCERAMICS,,,2014,0.3789,,,,,,,,,,,,,,,,,,,,,,,,,,,,,,,,,,,,,
NDCincond,0,E5IPPUCERAMICS,,,2015,0.383,,,,,,,,,,,,,,,,,,,,,,,,,,,,,,,,,,,,,
NDCincond,0,E5IPPUCERAMICS,,,2016,0.3872,,,,,,,,,,,,,,,,,,,,,,,,,,,,,,,,,,,,,
NDCincond,0,E5IPPUCERAMICS,,,2017,0.296,,,,,,,,,,,,,,,,,,,,,,,,,,,,,,,,,,,,,
NDCincond,0,E5IPPUCERAMICS,,,2018,0.2049,,,,,,,,,,,,,,,,,,,,,,,,,,,,,,,,,,,,,
NDCincond,0,E5IPPUCERAMICS,,,2019,0.1522,,,,,,,,,,,,,,,,,,,,,,,,,,,,,,,,,,,,,
NDCincond,0,E5IPPUCERAMICS,,,2020,0.0995,,,,,,,,,,,,,,,,,,,,,,,,,,,,,,,,,,,,,
NDCincond,0,E5IPPUCERAMICS,,,2021,0.0446,,,,,,,,,,,,,,,,,,,,,,,,,,,,,,,,,,,,,
NDCincond,0,E5IPPUCERAMICS,,,2022,0.2117,,,,,,,,,,,,,,,,,,,,,,,,,,,,,,,,,,,,,
NDCincond,0,E5IPPUCERAMICS,,,2023,0.2162,,,,,,,,,,,,,,,,,,,,,,,,,,,,,,,,,,,,,
NDCincond,0,E5IPPUCERAMICS,,,2024,0.2208,,,,,,,,,,,,,,,,,,,,,,,,,,,,,,,,,,,,,
NDCincond,0,E5IPPUCERAMICS,,,2025,0.2256,,,,,,,,,,,,,,,,,,,,,,,,,,,,,,,,,,,,,
NDCincond,0,E5IPPUCERAMICS,,,2026,0.2304,,,,,,,,,,,,,,,,,,,,,,,,,,,,,,,,,,,,,
NDCincond,0,E5IPPUCERAMICS,,,2027,0.2353,,,,,,,,,,,,,,,,,,,,,,,,,,,,,,,,,,,,,
NDCincond,0,E5IPPUCERAMICS,,,2028,0.2404,,,,,,,,,,,,,,,,,,,,,,,,,,,,,,,,,,,,,
NDCincond,0,E5IPPUCERAMICS,,,2029,0.2455,,,,,,,,,,,,,,,,,,,,,,,,,,,,,,,,,,,,,
NDCincond,0,E5IPPUCERAMICS,,,2030,0.2507,,,,,,,,,,,,,,,,,,,,,,,,,,,,,,,,,,,,,
NDCincond,0,E5IPPUCERAMICS,,,2031,0.2561,,,,,,,,,,,,,,,,,,,,,,,,,,,,,,,,,,,,,
NDCincond,0,E5IPPUCERAMICS,,,2032,0.2616,,,,,,,,,,,,,,,,,,,,,,,,,,,,,,,,,,,,,
NDCincond,0,E5IPPUCERAMICS,,,2033,0.2672,,,,,,,,,,,,,,,,,,,,,,,,,,,,,,,,,,,,,
NDCincond,0,E5IPPUCERAMICS,,,2034,0.2729,,,,,,,,,,,,,,,,,,,,,,,,,,,,,,,,,,,,,
NDCincond,0,E5IPPUCERAMICS,,,2035,0.2787,,,,,,,,,,,,,,,,,,,,,,,,,,,,,,,,,,,,,
NDCincond,0,E5IPPUSODA_ASH,,,2011,0.0009,,,,,,,,,,,,,,,,,,,,,,,,,,,,,,,,,,,,,
NDCincond,0,E5IPPUSODA_ASH,,,2012,0.0018,,,,,,,,,,,,,,,,,,,,,,,,,,,,,,,,,,,,,
NDCincond,0,E5IPPUSODA_ASH,,,2013,0.0018,,,,,,,,,,,,,,,,,,,,,,,,,,,,,,,,,,,,,
NDCincond,0,E5IPPUSODA_ASH,,,2014,0.0018,,,,,,,,,,,,,,,,,,,,,,,,,,,,,,,,,,,,,
NDCincond,0,E5IPPUSODA_ASH,,,2015,0.0009,,,,,,,,,,,,,,,,,,,,,,,,,,,,,,,,,,,,,
NDCincond,0,E5IPPUSODA_ASH,,,2017,0.0015,,,,,,,,,,,,,,,,,,,,,,,,,,,,,,,,,,,,,
NDCincond,0,E5IPPUSODA_ASH,,,2018,0.0031,,,,,,,,,,,,,,,,,,,,,,,,,,,,,,,,,,,,,
NDCincond,0,E5IPPUSODA_ASH,,,2019,0.0058,,,,,,,,,,,,,,,,,,,,,,,,,,,,,,,,,,,,,
NDCincond,0,E5IPPUSODA_ASH,,,2020,0.0085,,,,,,,,,,,,,,,,,,,,,,,,,,,,,,,,,,,,,
NDCincond,0,E5IPPUSODA_ASH,,,2021,0.0012,,,,,,,,,,,,,,,,,,,,,,,,,,,,,,,,,,,,,
NDCincond,0,E5IPPUSODA_ASH,,,2022,0.0017,,,,,,,,,,,,,,,,,,,,,,,,,,,,,,,,,,,,,
NDCincond,0,E5IPPUSODA_ASH,,,2023,0.0017,,,,,,,,,,,,,,,,,,,,,,,,,,,,,,,,,,,,,
NDCincond,0,E5IPPUSODA_ASH,,,2024,0.0018,,,,,,,,,,,,,,,,,,,,,,,,,,,,,,,,,,,,,
NDCincond,0,E5IPPUSODA_ASH,,,2025,0.0018,,,,,,,,,,,,,,,,,,,,,,,,,,,,,,,,,,,,,
NDCincond,0,E5IPPUSODA_ASH,,,2026,0.0019,,,,,,,,,,,,,,,,,,,,,,,,,,,,,,,,,,,,,
NDCincond,0,E5IPPUSODA_ASH,,,2027,0.0019,,,,,,,,,,,,,,,,,,,,,,,,,,,,,,,,,,,,,
NDCincond,0,E5IPPUSODA_ASH,,,2028,0.0019,,,,,,,,,,,,,,,,,,,,,,,,,,,,,,,,,,,,,
NDCincond,0,E5IPPUSODA_ASH,,,2029,0.002,,,,,,,,,,,,,,,,,,,,,,,,,,,,,,,,,,,,,
NDCincond,0,E5IPPUSODA_ASH,,,2030,0.002,,,,,,,,,,,,,,,,,,,,,,,,,,,,,,,,,,,,,
NDCincond,0,E5IPPUSODA_ASH,,,2031,0.0021,,,,,,,,,,,,,,,,,,,,,,,,,,,,,,,,,,,,,
NDCincond,0,E5IPPUSODA_ASH,,,2032,0.0021,,,,,,,,,,,,,,,,,,,,,,,,,,,,,,,,,,,,,
NDCincond,0,E5IPPUSODA_ASH,,,2033,0.0021,,,,,,,,,,,,,,,,,,,,,,,,,,,,,,,,,,,,,
NDCincond,0,E5IPPUSODA_ASH,,,2034,0.0022,,,,,,,,,,,,,,,,,,,,,,,,,,,,,,,,,,,,,
NDCincond,0,E5IPPUSODA_ASH,,,2035,0.0022,,,,,,,,,,,,,,,,,,,,,,,,,,,,,,,,,,,,,
NDCincond,0,E5IPPUIRON_STEEL,,,2010,0.0298,,,,,,,,,,,,,,,,,,,,,,,,,,,,,,,,,,,,,
NDCincond,0,E5IPPUIRON_STEEL,,,2011,0.0317,,,,,,,,,,,,,,,,,,,,,,,,,,,,,,,,,,,,,
NDCincond,0,E5IPPUIRON_STEEL,,,2012,0.0336,,,,,,,,,,,,,,,,,,,,,,,,,,,,,,,,,,,,,
NDCincond,0,E5IPPUIRON_STEEL,,,2013,0.0357,,,,,,,,,,,,,,,,,,,,,,,,,,,,,,,,,,,,,
NDCincond,0,E5IPPUIRON_STEEL,,,2014,0.0378,,,,,,,,,,,,,,,,,,,,,,,,,,,,,,,,,,,,,
NDCincond,0,E5IPPUIRON_STEEL,,,2015,0.0404,,,,,,,,,,,,,,,,,,,,,,,,,,,,,,,,,,,,,
NDCincond,0,E5IPPUIRON_STEEL,,,2016,0.0429,,,,,,,,,,,,,,,,,,,,,,,,,,,,,,,,,,,,,
NDCincond,0,E5IPPUIRON_STEEL,,,2017,0.0496,,,,,,,,,,,,,,,,,,,,,,,,,,,,,,,,,,,,,
NDCincond,0,E5IPPUIRON_STEEL,,,2018,0.0564,,,,,,,,,,,,,,,,,,,,,,,,,,,,,,,,,,,,,
NDCincond,0,E5IPPUIRON_STEEL,,,2019,0.0459,,,,,,,,,,,,,,,,,,,,,,,,,,,,,,,,,,,,,
NDCincond,0,E5IPPUIRON_STEEL,,,2020,0.0354,,,,,,,,,,,,,,,,,,,,,,,,,,,,,,,,,,,,,
NDCincond,0,E5IPPUIRON_STEEL,,,2021,0.0779,,,,,,,,,,,,,,,,,,,,,,,,,,,,,,,,,,,,,
NDCincond,0,E5IPPUIRON_STEEL,,,2022,0.0801,,,,,,,,,,,,,,,,,,,,,,,,,,,,,,,,,,,,,
NDCincond,0,E5IPPUIRON_STEEL,,,2023,0.0818,,,,,,,,,,,,,,,,,,,,,,,,,,,,,,,,,,,,,
NDCincond,0,E5IPPUIRON_STEEL,,,2024,0.0836,,,,,,,,,,,,,,,,,,,,,,,,,,,,,,,,,,,,,
NDCincond,0,E5IPPUIRON_STEEL,,,2025,0.0853,,,,,,,,,,,,,,,,,,,,,,,,,,,,,,,,,,,,,
NDCincond,0,E5IPPUIRON_STEEL,,,2026,0.0872,,,,,,,,,,,,,,,,,,,,,,,,,,,,,,,,,,,,,
NDCincond,0,E5IPPUIRON_STEEL,,,2027,0.089,,,,,,,,,,,,,,,,,,,,,,,,,,,,,,,,,,,,,
NDCincond,0,E5IPPUIRON_STEEL,,,2028,0.0909,,,,,,,,,,,,,,,,,,,,,,,,,,,,,,,,,,,,,
NDCincond,0,E5IPPUIRON_STEEL,,,2029,0.0929,,,,,,,,,,,,,,,,,,,,,,,,,,,,,,,,,,,,,
NDCincond,0,E5IPPUIRON_STEEL,,,2030,0.0949,,,,,,,,,,,,,,,,,,,,,,,,,,,,,,,,,,,,,
NDCincond,0,E5IPPUIRON_STEEL,,,2031,0.0969,,,,,,,,,,,,,,,,,,,,,,,,,,,,,,,,,,,,,
NDCincond,0,E5IPPUIRON_STEEL,,,2032,0.099,,,,,,,,,,,,,,,,,,,,,,,,,,,,,,,,,,,,,
NDCincond,0,E5IPPUIRON_STEEL,,,2033,0.1011,,,,,,,,,,,,,,,,,,,,,,,,,,,,,,,,,,,,,
NDCincond,0,E5IPPUIRON_STEEL,,,2034,0.1032,,,,,,,,,,,,,,,,,,,,,,,,,,,,,,,,,,,,,
NDCincond,0,E5IPPUIRON_STEEL,,,2035,0.1055,,,,,,,,,,,,,,,,,,,,,,,,,,,,,,,,,,,,,
NDCincond,0,E5IPPULEAD_PROD,,,2010,0.0013,,,,,,,,,,,,,,,,,,,,,,,,,,,,,,,,,,,,,
NDCincond,0,E5IPPULEAD_PROD,,,2011,0.0016,,,,,,,,,,,,,,,,,,,,,,,,,,,,,,,,,,,,,
NDCincond,0,E5IPPULEAD_PROD,,,2012,0.0019,,,,,,,,,,,,,,,,,,,,,,,,,,,,,,,,,,,,,
NDCincond,0,E5IPPULEAD_PROD,,,2013,0.0023,,,,,,,,,,,,,,,,,,,,,,,,,,,,,,,,,,,,,
NDCincond,0,E5IPPULEAD_PROD,,,2014,0.0027,,,,,,,,,,,,,,,,,,,,,,,,,,,,,,,,,,,,,
NDCincond,0,E5IPPULEAD_PROD,,,2015,0.0029,,,,,,,,,,,,,,,,,,,,,,,,,,,,,,,,,,,,,
NDCincond,0,E5IPPULEAD_PROD,,,2016,0.003,,,,,,,,,,,,,,,,,,,,,,,,,,,,,,,,,,,,,
NDCincond,0,E5IPPULEAD_PROD,,,2017,0.0035,,,,,,,,,,,,,,,,,,,,,,,,,,,,,,,,,,,,,
NDCincond,0,E5IPPULEAD_PROD,,,2018,0.004,,,,,,,,,,,,,,,,,,,,,,,,,,,,,,,,,,,,,
NDCincond,0,E5IPPULEAD_PROD,,,2019,0.007,,,,,,,,,,,,,,,,,,,,,,,,,,,,,,,,,,,,,
NDCincond,0,E5IPPULEAD_PROD,,,2020,0.01,,,,,,,,,,,,,,,,,,,,,,,,,,,,,,,,,,,,,
NDCincond,0,E5IPPULEAD_PROD,,,2021,0.0087,,,,,,,,,,,,,,,,,,,,,,,,,,,,,,,,,,,,,
NDCincond,0,E5IPPULEAD_PROD,,,2022,0.0066,,,,,,,,,,,,,,,,,,,,,,,,,,,,,,,,,,,,,
NDCincond,0,E5IPPULEAD_PROD,,,2023,0.0067,,,,,,,,,,,,,,,,,,,,,,,,,,,,,,,,,,,,,
NDCincond,0,E5IPPULEAD_PROD,,,2024,0.0069,,,,,,,,,,,,,,,,,,,,,,,,,,,,,,,,,,,,,
NDCincond,0,E5IPPULEAD_PROD,,,2025,0.007,,,,,,,,,,,,,,,,,,,,,,,,,,,,,,,,,,,,,
NDCincond,0,E5IPPULEAD_PROD,,,2026,0.0072,,,,,,,,,,,,,,,,,,,,,,,,,,,,,,,,,,,,,
NDCincond,0,E5IPPULEAD_PROD,,,2027,0.0073,,,,,,,,,,,,,,,,,,,,,,,,,,,,,,,,,,,,,
NDCincond,0,E5IPPULEAD_PROD,,,2028,0.0075,,,,,,,,,,,,,,,,,,,,,,,,,,,,,,,,,,,,,
NDCincond,0,E5IPPULEAD_PROD,,,2029,0.0077,,,,,,,,,,,,,,,,,,,,,,,,,,,,,,,,,,,,,
NDCincond,0,E5IPPULEAD_PROD,,,2030,0.0078,,,,,,,,,,,,,,,,,,,,,,,,,,,,,,,,,,,,,
NDCincond,0,E5IPPULEAD_PROD,,,2031,0.008,,,,,,,,,,,,,,,,,,,,,,,,,,,,,,,,,,,,,
NDCincond,0,E5IPPULEAD_PROD,,,2032,0.0082,,,,,,,,,,,,,,,,,,,,,,,,,,,,,,,,,,,,,
NDCincond,0,E5IPPULEAD_PROD,,,2033,0.0083,,,,,,,,,,,,,,,,,,,,,,,,,,,,,,,,,,,,,
NDCincond,0,E5IPPULEAD_PROD,,,2034,0.0085,,,,,,,,,,,,,,,,,,,,,,,,,,,,,,,,,,,,,
NDCincond,0,E5IPPULEAD_PROD,,,2035,0.0087,,,,,,,,,,,,,,,,,,,,,,,,,,,,,,,,,,,,,
NDCincond,0,E5IPPULUBRI,,,2011,0.0001,,,,,,,,,,,,,,,,,,,,,,,,,,,,,,,,,,,,,
NDCincond,0,E5IPPULUBRI,,,2012,0.0002,,,,,,,,,,,,,,,,,,,,,,,,,,,,,,,,,,,,,
NDCincond,0,E5IPPULUBRI,,,2013,0.0028,,,,,,,,,,,,,,,,,,,,,,,,,,,,,,,,,,,,,
NDCincond,0,E5IPPULUBRI,,,2014,0.0054,,,,,,,,,,,,,,,,,,,,,,,,,,,,,,,,,,,,,
NDCincond,0,E5IPPULUBRI,,,2015,0.0056,,,,,,,,,,,,,,,,,,,,,,,,,,,,,,,,,,,,,
NDCincond,0,E5IPPULUBRI,,,2016,0.0057,,,,,,,,,,,,,,,,,,,,,,,,,,,,,,,,,,,,,
NDCincond,0,E5IPPULUBRI,,,2017,0.0053,,,,,,,,,,,,,,,,,,,,,,,,,,,,,,,,,,,,,
NDCincond,0,E5IPPULUBRI,,,2018,0.0049,,,,,,,,,,,,,,,,,,,,,,,,,,,,,,,,,,,,,
NDCincond,0,E5IPPULUBRI,,,2019,0.0043,,,,,,,,,,,,,,,,,,,,,,,,,,,,,,,,,,,,,
NDCincond,0,E5IPPULUBRI,,,2020,0.0037,,,,,,,,,,,,,,,,,,,,,,,,,,,,,,,,,,,,,
NDCincond,0,E5IPPULUBRI,,,2021,0.0036,,,,,,,,,,,,,,,,,,,,,,,,,,,,,,,,,,,,,
NDCincond,0,E5IPPULUBRI,,,2022,0.003,,,,,,,,,,,,,,,,,,,,,,,,,,,,,,,,,,,,,
NDCincond,0,E5IPPULUBRI,,,2023,0.0031,,,,,,,,,,,,,,,,,,,,,,,,,,,,,,,,,,,,,
NDCincond,0,E5IPPULUBRI,,,2024,0.0031,,,,,,,,,,,,,,,,,,,,,,,,,,,,,,,,,,,,,
NDCincond,0,E5IPPULUBRI,,,2025,0.0032,,,,,,,,,,,,,,,,,,,,,,,,,,,,,,,,,,,,,
NDCincond,0,E5IPPULUBRI,,,2026,0.0033,,,,,,,,,,,,,,,,,,,,,,,,,,,,,,,,,,,,,
NDCincond,0,E5IPPULUBRI,,,2027,0.0033,,,,,,,,,,,,,,,,,,,,,,,,,,,,,,,,,,,,,
NDCincond,0,E5IPPULUBRI,,,2028,0.0034,,,,,,,,,,,,,,,,,,,,,,,,,,,,,,,,,,,,,
NDCincond,0,E5IPPULUBRI,,,2029,0.0035,,,,,,,,,,,,,,,,,,,,,,,,,,,,,,,,,,,,,
NDCincond,0,E5IPPULUBRI,,,2030,0.0036,,,,,,,,,,,,,,,,,,,,,,,,,,,,,,,,,,,,,
NDCincond,0,E5IPPULUBRI,,,2031,0.0036,,,,,,,,,,,,,,,,,,,,,,,,,,,,,,,,,,,,,
NDCincond,0,E5IPPULUBRI,,,2032,0.0037,,,,,,,,,,,,,,,,,,,,,,,,,,,,,,,,,,,,,
NDCincond,0,E5IPPULUBRI,,,2033,0.0038,,,,,,,,,,,,,,,,,,,,,,,,,,,,,,,,,,,,,
NDCincond,0,E5IPPULUBRI,,,2034,0.0039,,,,,,,,,,,,,,,,,,,,,,,,,,,,,,,,,,,,,
NDCincond,0,E5IPPULUBRI,,,2035,0.0039,,,,,,,,,,,,,,,,,,,,,,,,,,,,,,,,,,,,,
NDCincond,0,E5IPPUPARAFFIN,,,2010,0.0003,,,,,,,,,,,,,,,,,,,,,,,,,,,,,,,,,,,,,
NDCincond,0,E5IPPUPARAFFIN,,,2011,0.0002,,,,,,,,,,,,,,,,,,,,,,,,,,,,,,,,,,,,,
NDCincond,0,E5IPPUPARAFFIN,,,2013,0.0003,,,,,,,,,,,,,,,,,,,,,,,,,,,,,,,,,,,,,
NDCincond,0,E5IPPUPARAFFIN,,,2014,0.0005,,,,,,,,,,,,,,,,,,,,,,,,,,,,,,,,,,,,,
NDCincond,0,E5IPPUPARAFFIN,,,2015,0.0004,,,,,,,,,,,,,,,,,,,,,,,,,,,,,,,,,,,,,
NDCincond,0,E5IPPUPARAFFIN,,,2016,0.0004,,,,,,,,,,,,,,,,,,,,,,,,,,,,,,,,,,,,,
NDCincond,0,E5IPPUPARAFFIN,,,2017,0.0007,,,,,,,,,,,,,,,,,,,,,,,,,,,,,,,,,,,,,
NDCincond,0,E5IPPUPARAFFIN,,,2018,0.0009,,,,,,,,,,,,,,,,,,,,,,,,,,,,,,,,,,,,,
NDCincond,0,E5IPPUPARAFFIN,,,2019,0.0006,,,,,,,,,,,,,,,,,,,,,,,,,,,,,,,,,,,,,
NDCincond,0,E5IPPUPARAFFIN,,,2020,0.0003,,,,,,,,,,,,,,,,,,,,,,,,,,,,,,,,,,,,,
NDCincond,0,E5IPPUPARAFFIN,,,2021,0.0006,,,,,,,,,,,,,,,,,,,,,,,,,,,,,,,,,,,,,
NDCincond,0,E5IPPUPARAFFIN,,,2022,0.0001,,,,,,,,,,,,,,,,,,,,,,,,,,,,,,,,,,,,,
NDCincond,0,E5IPPUPARAFFIN,,,2023,0.0001,,,,,,,,,,,,,,,,,,,,,,,,,,,,,,,,,,,,,
NDCincond,0,E5IPPUPARAFFIN,,,2024,0.0001,,,,,,,,,,,,,,,,,,,,,,,,,,,,,,,,,,,,,
NDCincond,0,E5IPPUPARAFFIN,,,2025,0.0001,,,,,,,,,,,,,,,,,,,,,,,,,,,,,,,,,,,,,
NDCincond,0,E5IPPUPARAFFIN,,,2026,0.0001,,,,,,,,,,,,,,,,,,,,,,,,,,,,,,,,,,,,,
NDCincond,0,E5IPPUPARAFFIN,,,2027,0.0001,,,,,,,,,,,,,,,,,,,,,,,,,,,,,,,,,,,,,
NDCincond,0,E5IPPUPARAFFIN,,,2028,0.0001,,,,,,,,,,,,,,,,,,,,,,,,,,,,,,,,,,,,,
NDCincond,0,E5IPPUPARAFFIN,,,2029,0.0001,,,,,,,,,,,,,,,,,,,,,,,,,,,,,,,,,,,,,
NDCincond,0,E5IPPUPARAFFIN,,,2030,0.0001,,,,,,,,,,,,,,,,,,,,,,,,,,,,,,,,,,,,,
NDCincond,0,E5IPPUPARAFFIN,,,2031,0.0001,,,,,,,,,,,,,,,,,,,,,,,,,,,,,,,,,,,,,
NDCincond,0,E5IPPUPARAFFIN,,,2032,0.0001,,,,,,,,,,,,,,,,,,,,,,,,,,,,,,,,,,,,,
NDCincond,0,E5IPPUPARAFFIN,,,2033,0.0001,,,,,,,,,,,,,,,,,,,,,,,,,,,,,,,,,,,,,
NDCincond,0,E5IPPUPARAFFIN,,,2034,0.0001,,,,,,,,,,,,,,,,,,,,,,,,,,,,,,,,,,,,,
NDCincond,0,E5IPPUPARAFFIN,,,2035,0.0001,,,,,,,,,,,,,,,,,,,,,,,,,,,,,,,,,,,,,
NDCincond,0,RAW_MAT_CLK,RAW_MAT_CLK,,2010,,,,,,3.32899,,,,,,,,,,,,,,,,,,,,,,,,,,,,,,,,
NDCincond,0,RAW_MAT_CLK,RAW_MAT_CLK,,2011,,,,,,3.32837,,,,,,,,,,,,,,,,,,,,,,,,,,,,,,,,
NDCincond,0,RAW_MAT_CLK,RAW_MAT_CLK,,2012,,,,,,3.32776,,,,,,,,,,,,,,,,,,,,,,,,,,,,,,,,
NDCincond,0,RAW_MAT_CLK,RAW_MAT_CLK,,2013,,,,,,3.43397,,,,,,,,,,,,,,,,,,,,,,,,,,,,,,,,
NDCincond,0,RAW_MAT_CLK,RAW_MAT_CLK,,2014,,,,,,3.53987,,,,,,,,,,,,,,,,,,,,,,,,,,,,,,,,
NDCincond,0,RAW_MAT_CLK,RAW_MAT_CLK,,2015,,,,,,3.41132,,,,,,,,,,,,,,,,,,,,,,,,,,,,,,,,
NDCincond,0,RAW_MAT_CLK,RAW_MAT_CLK,,2016,,,,,,3.28185,,,,,,,,,,,,,,,,,,,,,,,,,,,,,,,,
NDCincond,0,RAW_MAT_CLK,RAW_MAT_CLK,,2017,,,,,,3.53806,,,,,,,,,,,,,,,,,,,,,,,,,,,,,,,,
NDCincond,0,RAW_MAT_CLK,RAW_MAT_CLK,,2018,,,,,,3.79395,,,,,,,,,,,,,,,,,,,,,,,,,,,,,,,,
NDCincond,0,RAW_MAT_CLK,RAW_MAT_CLK,,2019,,,,,,3.15698,,,,,,,,,,,,,,,,,,,,,,,,,,,,,,,,
NDCincond,0,RAW_MAT_CLK,RAW_MAT_CLK,,2020,,,,,,2.52037,,,,,,,,,,,,,,,,,,,,,,,,,,,,,,,,
NDCincond,0,RAW_MAT_CLK,RAW_MAT_CLK,,2021,,,,,,3.67404,,,,,,,,,,,,,,,,,,,,,,,,,,,,,,,,
NDCincond,0,RAW_MAT_CLK,RAW_MAT_CLK,,2022,,,,,,3.36162,,,,,,,,,,,,,,,,,,,,,,,,,,,,,,,,
NDCincond,0,RAW_MAT_CLK,RAW_MAT_CLK,,2023,,,,,,3.50534,,,,,,,,,,,,,,,,,,,,,,,,,,,,,,,,
NDCincond,0,RAW_MAT_CLK,RAW_MAT_CLK,,2024,,,,,,3.64573,,,,,,,,,,,,,,,,,,,,,,,,,,,,,,,,
NDCincond,0,RAW_MAT_CLK,RAW_MAT_CLK,,2025,,,,,,3.78341,,,,,,,,,,,,,,,,,,,,,,,,,,,,,,,,
NDCincond,0,RAW_MAT_CLK,RAW_MAT_CLK,,2026,,,,,,3.91878,,,,,,,,,,,,,,,,,,,,,,,,,,,,,,,,
NDCincond,0,RAW_MAT_CLK,RAW_MAT_CLK,,2027,,,,,,4.05082,,,,,,,,,,,,,,,,,,,,,,,,,,,,,,,,
NDCincond,0,RAW_MAT_CLK,RAW_MAT_CLK,,2028,,,,,,4.18015,,,,,,,,,,,,,,,,,,,,,,,,,,,,,,,,
NDCincond,0,RAW_MAT_CLK,RAW_MAT_CLK,,2029,,,,,,4.30731,,,,,,,,,,,,,,,,,,,,,,,,,,,,,,,,
NDCincond,0,RAW_MAT_CLK,RAW_MAT_CLK,,2030,,,,,,4.43102,,,,,,,,,,,,,,,,,,,,,,,,,,,,,,,,
NDCincond,0,RAW_MAT_CLK,RAW_MAT_CLK,,2031,,,,,,4.59184,,,,,,,,,,,,,,,,,,,,,,,,,,,,,,,,
NDCincond,0,RAW_MAT_CLK,RAW_MAT_CLK,,2032,,,,,,4.75266,,,,,,,,,,,,,,,,,,,,,,,,,,,,,,,,
NDCincond,0,RAW_MAT_CLK,RAW_MAT_CLK,,2033,,,,,,4.91341,,,,,,,,,,,,,,,,,,,,,,,,,,,,,,,,
NDCincond,0,RAW_MAT_CLK,RAW_MAT_CLK,,2034,,,,,,5.07423,,,,,,,,,,,,,,,,,,,,,,,,,,,,,,,,
NDCincond,0,RAW_MAT_CLK,RAW_MAT_CLK,,2035,,,,,,5.23498,,,,,,,,,,,,,,,,,,,,,,,,,,,,,,,,
NDCincond,0,RAW_MAT_CEM,RAW_MAT_CEM,,2010,,,,,,1.94591,,,,,,,,,,,,,,,,,,,,,,,,,,,,,,,,
NDCincond,0,RAW_MAT_CEM,RAW_MAT_CEM,,2011,,,,,,2.33983,,,,,,,,,,,,,,,,,,,,,,,,,,,,,,,,
NDCincond,0,RAW_MAT_CEM,RAW_MAT_CEM,,2012,,,,,,2.73374,,,,,,,,,,,,,,,,,,,,,,,,,,,,,,,,
NDCincond,0,RAW_MAT_CEM,RAW_MAT_CEM,,2013,,,,,,2.87383,,,,,,,,,,,,,,,,,,,,,,,,,,,,,,,,
NDCincond,0,RAW_MAT_CEM,RAW_MAT_CEM,,2014,,,,,,3.01423,,,,,,,,,,,,,,,,,,,,,,,,,,,,,,,,
NDCincond,0,RAW_MAT_CEM,RAW_MAT_CEM,,2015,,,,,,2.37058,,,,,,,,,,,,,,,,,,,,,,,,,,,,,,,,
NDCincond,0,RAW_MAT_CEM,RAW_MAT_CEM,,2016,,,,,,1.72785,,,,,,,,,,,,,,,,,,,,,,,,,,,,,,,,
NDCincond,0,RAW_MAT_CEM,RAW_MAT_CEM,,2017,,,,,,1.49474,,,,,,,,,,,,,,,,,,,,,,,,,,,,,,,,
NDCincond,0,RAW_MAT_CEM,RAW_MAT_CEM,,2018,,,,,,1.26195,,,,,,,,,,,,,,,,,,,,,,,,,,,,,,,,
NDCincond,0,RAW_MAT_CEM,RAW_MAT_CEM,,2019,,,,,,1.08342,,,,,,,,,,,,,,,,,,,,,,,,,,,,,,,,
NDCincond,0,RAW_MAT_CEM,RAW_MAT_CEM,,2020,,,,,,0.891529,,,,,,,,,,,,,,,,,,,,,,,,,,,,,,,,
NDCincond,0,RAW_MAT_CEM,RAW_MAT_CEM,,2021,,,,,,1.33966,,,,,,,,,,,,,,,,,,,,,,,,,,,,,,,,
NDCincond,0,RAW_MAT_CEM,RAW_MAT_CEM,,2022,,,,,,1.26298,,,,,,,,,,,,,,,,,,,,,,,,,,,,,,,,
NDCincond,0,RAW_MAT_CEM,RAW_MAT_CEM,,2023,,,,,,1.35576,,,,,,,,,,,,,,,,,,,,,,,,,,,,,,,,
NDCincond,0,RAW_MAT_CEM,RAW_MAT_CEM,,2024,,,,,,1.45177,,,,,,,,,,,,,,,,,,,,,,,,,,,,,,,,
NDCincond,0,RAW_MAT_CEM,RAW_MAT_CEM,,2025,,,,,,1.55059,,,,,,,,,,,,,,,,,,,,,,,,,,,,,,,,
NDCincond,0,RAW_MAT_CEM,RAW_MAT_CEM,,2026,,,,,,1.65162,,,,,,,,,,,,,,,,,,,,,,,,,,,,,,,,
NDCincond,0,RAW_MAT_CEM,RAW_MAT_CEM,,2027,,,,,,1.75598,,,,,,,,,,,,,,,,,,,,,,,,,,,,,,,,
NDCincond,0,RAW_MAT_CEM,RAW_MAT_CEM,,2028,,,,,,1.86315,,,,,,,,,,,,,,,,,,,,,,,,,,,,,,,,
NDCincond,0,RAW_MAT_CEM,RAW_MAT_CEM,,2029,,,,,,1.97249,,,,,,,,,,,,,,,,,,,,,,,,,,,,,,,,
NDCincond,0,RAW_MAT_CEM,RAW_MAT_CEM,,2030,,,,,,2.08518,,,,,,,,,,,,,,,,,,,,,,,,,,,,,,,,
NDCincond,0,RAW_MAT_CEM,RAW_MAT_CEM,,2031,,,,,,2.16086,,,,,,,,,,,,,,,,,,,,,,,,,,,,,,,,
NDCincond,0,RAW_MAT_CEM,RAW_MAT_CEM,,2032,,,,,,2.23654,,,,,,,,,,,,,,,,,,,,,,,,,,,,,,,,
NDCincond,0,RAW_MAT_CEM,RAW_MAT_CEM,,2033,,,,,,2.31219,,,,,,,,,,,,,,,,,,,,,,,,,,,,,,,,
NDCincond,0,RAW_MAT_CEM,RAW_MAT_CEM,,2034,,,,,,2.38787,,,,,,,,,,,,,,,,,,,,,,,,,,,,,,,,
NDCincond,0,RAW_MAT_CEM,RAW_MAT_CEM,,2035,,,,,,2.46352,,,,,,,,,,,,,,,,,,,,,,,,,,,,,,,,
NDCincond,0,HFC23,IMP_HFC23,,2010,,,,,,0.0034,,,,,,,,,,,,,,,,,,,,,,,,,,,,,,,,
NDCincond,0,HFC23,IMP_HFC23,,2011,,,,,,0.0026,,,,,,,,,,,,,,,,,,,,,,,,,,,,,,,,
NDCincond,0,HFC23,IMP_HFC23,,2012,,,,,,0.002,,,,,,,,,,,,,,,,,,,,,,,,,,,,,,,,
NDCincond,0,HFC23,IMP_HFC23,,2013,,,,,,0.0015,,,,,,,,,,,,,,,,,,,,,,,,,,,,,,,,
NDCincond,0,HFC23,IMP_HFC23,,2014,,,,,,0.0011,,,,,,,,,,,,,,,,,,,,,,,,,,,,,,,,
NDCincond,0,HFC23,IMP_HFC23,,2025,,,,,,0.001,,,,,,,,,,,,,,,,,,,,,,,,,,,,,,,,
NDCincond,0,HFC23,IMP_HFC23,,2026,,,,,,0.0011,,,,,,,,,,,,,,,,,,,,,,,,,,,,,,,,
NDCincond,0,HFC23,IMP_HFC23,,2027,,,,,,0.0012,,,,,,,,,,,,,,,,,,,,,,,,,,,,,,,,
NDCincond,0,HFC23,IMP_HFC23,,2028,,,,,,0.0013,,,,,,,,,,,,,,,,,,,,,,,,,,,,,,,,
NDCincond,0,HFC23,IMP_HFC23,,2029,,,,,,0.0014,,,,,,,,,,,,,,,,,,,,,,,,,,,,,,,,
NDCincond,0,HFC23,IMP_HFC23,,2030,,,,,,0.0015,,,,,,,,,,,,,,,,,,,,,,,,,,,,,,,,
NDCincond,0,HFC23,IMP_HFC23,,2031,,,,,,0.0015,,,,,,,,,,,,,,,,,,,,,,,,,,,,,,,,
NDCincond,0,HFC23,IMP_HFC23,,2032,,,,,,0.0014,,,,,,,,,,,,,,,,,,,,,,,,,,,,,,,,
NDCincond,0,HFC23,IMP_HFC23,,2033,,,,,,0.0014,,,,,,,,,,,,,,,,,,,,,,,,,,,,,,,,
NDCincond,0,HFC23,IMP_HFC23,,2034,,,,,,0.0014,,,,,,,,,,,,,,,,,,,,,,,,,,,,,,,,
NDCincond,0,HFC23,IMP_HFC23,,2035,,,,,,0.0014,,,,,,,,,,,,,,,,,,,,,,,,,,,,,,,,
NDCincond,0,HFC32,IMP_HFC32,,2010,,,,,,0.0043,,,,,,,,,,,,,,,,,,,,,,,,,,,,,,,,
NDCincond,0,HFC32,IMP_HFC32,,2011,,,,,,0.0038,,,,,,,,,,,,,,,,,,,,,,,,,,,,,,,,
NDCincond,0,HFC32,IMP_HFC32,,2012,,,,,,0.0052,,,,,,,,,,,,,,,,,,,,,,,,,,,,,,,,
NDCincond,0,HFC32,IMP_HFC32,,2013,,,,,,0.0069,,,,,,,,,,,,,,,,,,,,,,,,,,,,,,,,
NDCincond,0,HFC32,IMP_HFC32,,2014,,,,,,0.0062,,,,,,,,,,,,,,,,,,,,,,,,,,,,,,,,
NDCincond,0,HFC32,IMP_HFC32,,2015,,,,,,0.0055,,,,,,,,,,,,,,,,,,,,,,,,,,,,,,,,
NDCincond,0,HFC32,IMP_HFC32,,2016,,,,,,0.005,,,,,,,,,,,,,,,,,,,,,,,,,,,,,,,,
NDCincond,0,HFC32,IMP_HFC32,,2017,,,,,,0.0044,,,,,,,,,,,,,,,,,,,,,,,,,,,,,,,,
NDCincond,0,HFC32,IMP_HFC32,,2018,,,,,,0.004,,,,,,,,,,,,,,,,,,,,,,,,,,,,,,,,
NDCincond,0,HFC32,IMP_HFC32,,2019,,,,,,0.0232,,,,,,,,,,,,,,,,,,,,,,,,,,,,,,,,
NDCincond,0,HFC32,IMP_HFC32,,2020,,,,,,0.0359,,,,,,,,,,,,,,,,,,,,,,,,,,,,,,,,
NDCincond,0,HFC32,IMP_HFC32,,2021,,,,,,0.0479,,,,,,,,,,,,,,,,,,,,,,,,,,,,,,,,
NDCincond,0,HFC32,IMP_HFC32,,2022,,,,,,0.0737,,,,,,,,,,,,,,,,,,,,,,,,,,,,,,,,
NDCincond,0,HFC32,IMP_HFC32,,2023,,,,,,0.0898,,,,,,,,,,,,,,,,,,,,,,,,,,,,,,,,
NDCincond,0,HFC32,IMP_HFC32,,2024,,,,,,0.1059,,,,,,,,,,,,,,,,,,,,,,,,,,,,,,,,
NDCincond,0,HFC32,IMP_HFC32,,2025,,,,,,0.122,,,,,,,,,,,,,,,,,,,,,,,,,,,,,,,,
NDCincond,0,HFC32,IMP_HFC32,,2026,,,,,,0.1351,,,,,,,,,,,,,,,,,,,,,,,,,,,,,,,,
NDCincond,0,HFC32,IMP_HFC32,,2027,,,,,,0.1481,,,,,,,,,,,,,,,,,,,,,,,,,,,,,,,,
NDCincond,0,HFC32,IMP_HFC32,,2028,,,,,,0.1612,,,,,,,,,,,,,,,,,,,,,,,,,,,,,,,,
NDCincond,0,HFC32,IMP_HFC32,,2029,,,,,,0.1743,,,,,,,,,,,,,,,,,,,,,,,,,,,,,,,,
NDCincond,0,HFC32,IMP_HFC32,,2030,,,,,,0.1884,,,,,,,,,,,,,,,,,,,,,,,,,,,,,,,,
NDCincond,0,HFC32,IMP_HFC32,,2031,,,,,,0.1868,,,,,,,,,,,,,,,,,,,,,,,,,,,,,,,,
NDCincond,0,HFC32,IMP_HFC32,,2032,,,,,,0.1852,,,,,,,,,,,,,,,,,,,,,,,,,,,,,,,,
NDCincond,0,HFC32,IMP_HFC32,,2033,,,,,,0.1837,,,,,,,,,,,,,,,,,,,,,,,,,,,,,,,,
NDCincond,0,HFC32,IMP_HFC32,,2034,,,,,,0.1821,,,,,,,,,,,,,,,,,,,,,,,,,,,,,,,,
NDCincond,0,HFC32,IMP_HFC32,,2035,,,,,,0.1805,,,,,,,,,,,,,,,,,,,,,,,,,,,,,,,,
NDCincond,0,HFC125,IMP_HFC125,,2010,,,,,,0.0091,,,,,,,,,,,,,,,,,,,,,,,,,,,,,,,,
NDCincond,0,HFC125,IMP_HFC125,,2011,,,,,,0.0108,,,,,,,,,,,,,,,,,,,,,,,,,,,,,,,,
NDCincond,0,HFC125,IMP_HFC125,,2012,,,,,,0.0126,,,,,,,,,,,,,,,,,,,,,,,,,,,,,,,,
NDCincond,0,HFC125,IMP_HFC125,,2013,,,,,,0.0137,,,,,,,,,,,,,,,,,,,,,,,,,,,,,,,,
NDCincond,0,HFC125,IMP_HFC125,,2014,,,,,,0.0101,,,,,,,,,,,,,,,,,,,,,,,,,,,,,,,,
NDCincond,0,HFC125,IMP_HFC125,,2015,,,,,,0.0085,,,,,,,,,,,,,,,,,,,,,,,,,,,,,,,,
NDCincond,0,HFC125,IMP_HFC125,,2016,,,,,,0.0067,,,,,,,,,,,,,,,,,,,,,,,,,,,,,,,,
NDCincond,0,HFC125,IMP_HFC125,,2017,,,,,,0.0063,,,,,,,,,,,,,,,,,,,,,,,,,,,,,,,,
NDCincond,0,HFC125,IMP_HFC125,,2018,,,,,,0.0068,,,,,,,,,,,,,,,,,,,,,,,,,,,,,,,,
NDCincond,0,HFC125,IMP_HFC125,,2019,,,,,,0.0652,,,,,,,,,,,,,,,,,,,,,,,,,,,,,,,,
NDCincond,0,HFC125,IMP_HFC125,,2020,,,,,,0.0954,,,,,,,,,,,,,,,,,,,,,,,,,,,,,,,,
NDCincond,0,HFC125,IMP_HFC125,,2021,,,,,,0.1172,,,,,,,,,,,,,,,,,,,,,,,,,,,,,,,,
NDCincond,0,HFC125,IMP_HFC125,,2022,,,,,,0.1854,,,,,,,,,,,,,,,,,,,,,,,,,,,,,,,,
NDCincond,0,HFC125,IMP_HFC125,,2023,,,,,,0.2258,,,,,,,,,,,,,,,,,,,,,,,,,,,,,,,,
NDCincond,0,HFC125,IMP_HFC125,,2024,,,,,,0.2662,,,,,,,,,,,,,,,,,,,,,,,,,,,,,,,,
NDCincond,0,HFC125,IMP_HFC125,,2025,,,,,,0.3066,,,,,,,,,,,,,,,,,,,,,,,,,,,,,,,,
NDCincond,0,HFC125,IMP_HFC125,,2026,,,,,,0.3394,,,,,,,,,,,,,,,,,,,,,,,,,,,,,,,,
NDCincond,0,HFC125,IMP_HFC125,,2027,,,,,,0.3723,,,,,,,,,,,,,,,,,,,,,,,,,,,,,,,,
NDCincond,0,HFC125,IMP_HFC125,,2028,,,,,,0.4052,,,,,,,,,,,,,,,,,,,,,,,,,,,,,,,,
NDCincond,0,HFC125,IMP_HFC125,,2029,,,,,,0.4381,,,,,,,,,,,,,,,,,,,,,,,,,,,,,,,,
NDCincond,0,HFC125,IMP_HFC125,,2030,,,,,,0.4734,,,,,,,,,,,,,,,,,,,,,,,,,,,,,,,,
NDCincond,0,HFC125,IMP_HFC125,,2031,,,,,,0.4695,,,,,,,,,,,,,,,,,,,,,,,,,,,,,,,,
NDCincond,0,HFC125,IMP_HFC125,,2032,,,,,,0.4655,,,,,,,,,,,,,,,,,,,,,,,,,,,,,,,,
NDCincond,0,HFC125,IMP_HFC125,,2033,,,,,,0.4616,,,,,,,,,,,,,,,,,,,,,,,,,,,,,,,,
NDCincond,0,HFC125,IMP_HFC125,,2034,,,,,,0.4576,,,,,,,,,,,,,,,,,,,,,,,,,,,,,,,,
NDCincond,0,HFC125,IMP_HFC125,,2035,,,,,,0.4536,,,,,,,,,,,,,,,,,,,,,,,,,,,,,,,,
NDCincond,0,HFC134a,IMP_HFC134a,,2010,,,,,,0.0794,,,,,,,,,,,,,,,,,,,,,,,,,,,,,,,,
NDCincond,0,HFC134a,IMP_HFC134a,,2011,,,,,,0.0906,,,,,,,,,,,,,,,,,,,,,,,,,,,,,,,,
NDCincond,0,HFC134a,IMP_HFC134a,,2012,,,,,,0.1235,,,,,,,,,,,,,,,,,,,,,,,,,,,,,,,,
NDCincond,0,HFC134a,IMP_HFC134a,,2013,,,,,,0.1658,,,,,,,,,,,,,,,,,,,,,,,,,,,,,,,,
NDCincond,0,HFC134a,IMP_HFC134a,,2014,,,,,,0.2255,,,,,,,,,,,,,,,,,,,,,,,,,,,,,,,,
NDCincond,0,HFC134a,IMP_HFC134a,,2015,,,,,,0.2765,,,,,,,,,,,,,,,,,,,,,,,,,,,,,,,,
NDCincond,0,HFC134a,IMP_HFC134a,,2016,,,,,,0.3072,,,,,,,,,,,,,,,,,,,,,,,,,,,,,,,,
NDCincond,0,HFC134a,IMP_HFC134a,,2017,,,,,,0.3382,,,,,,,,,,,,,,,,,,,,,,,,,,,,,,,,
NDCincond,0,HFC134a,IMP_HFC134a,,2018,,,,,,0.3628,,,,,,,,,,,,,,,,,,,,,,,,,,,,,,,,
NDCincond,0,HFC134a,IMP_HFC134a,,2019,,,,,,0.3978,,,,,,,,,,,,,,,,,,,,,,,,,,,,,,,,
NDCincond,0,HFC134a,IMP_HFC134a,,2020,,,,,,0.427,,,,,,,,,,,,,,,,,,,,,,,,,,,,,,,,
NDCincond,0,HFC134a,IMP_HFC134a,,2021,,,,,,0.4122,,,,,,,,,,,,,,,,,,,,,,,,,,,,,,,,
NDCincond,0,HFC134a,IMP_HFC134a,,2022,,,,,,0.4691,,,,,,,,,,,,,,,,,,,,,,,,,,,,,,,,
NDCincond,0,HFC134a,IMP_HFC134a,,2023,,,,,,0.5713,,,,,,,,,,,,,,,,,,,,,,,,,,,,,,,,
NDCincond,0,HFC134a,IMP_HFC134a,,2024,,,,,,0.6735,,,,,,,,,,,,,,,,,,,,,,,,,,,,,,,,
NDCincond,0,HFC134a,IMP_HFC134a,,2025,,,,,,0.7757,,,,,,,,,,,,,,,,,,,,,,,,,,,,,,,,
NDCincond,0,HFC134a,IMP_HFC134a,,2026,,,,,,0.8588,,,,,,,,,,,,,,,,,,,,,,,,,,,,,,,,
NDCincond,0,HFC134a,IMP_HFC134a,,2027,,,,,,0.942,,,,,,,,,,,,,,,,,,,,,,,,,,,,,,,,
NDCincond,0,HFC134a,IMP_HFC134a,,2028,,,,,,1.0252,,,,,,,,,,,,,,,,,,,,,,,,,,,,,,,,
NDCincond,0,HFC134a,IMP_HFC134a,,2029,,,,,,1.1084,,,,,,,,,,,,,,,,,,,,,,,,,,,,,,,,
NDCincond,0,HFC134a,IMP_HFC134a,,2030,,,,,,1.1979,,,,,,,,,,,,,,,,,,,,,,,,,,,,,,,,
NDCincond,0,HFC134a,IMP_HFC134a,,2031,,,,,,1.1878,,,,,,,,,,,,,,,,,,,,,,,,,,,,,,,,
NDCincond,0,HFC134a,IMP_HFC134a,,2032,,,,,,1.1778,,,,,,,,,,,,,,,,,,,,,,,,,,,,,,,,
NDCincond,0,HFC134a,IMP_HFC134a,,2033,,,,,,1.1678,,,,,,,,,,,,,,,,,,,,,,,,,,,,,,,,
NDCincond,0,HFC134a,IMP_HFC134a,,2034,,,,,,1.1578,,,,,,,,,,,,,,,,,,,,,,,,,,,,,,,,
NDCincond,0,HFC134a,IMP_HFC134a,,2035,,,,,,1.1478,,,,,,,,,,,,,,,,,,,,,,,,,,,,,,,,
NDCincond,0,HFC143a,IMP_HFC143a,,2010,,,,,,0.0078,,,,,,,,,,,,,,,,,,,,,,,,,,,,,,,,
NDCincond,0,HFC143a,IMP_HFC143a,,2011,,,,,,0.0109,,,,,,,,,,,,,,,,,,,,,,,,,,,,,,,,
NDCincond,0,HFC143a,IMP_HFC143a,,2012,,,,,,0.0125,,,,,,,,,,,,,,,,,,,,,,,,,,,,,,,,
NDCincond,0,HFC143a,IMP_HFC143a,,2013,,,,,,0.0094,,,,,,,,,,,,,,,,,,,,,,,,,,,,,,,,
NDCincond,0,HFC143a,IMP_HFC143a,,2014,,,,,,0.0063,,,,,,,,,,,,,,,,,,,,,,,,,,,,,,,,
NDCincond,0,HFC143a,IMP_HFC143a,,2015,,,,,,0.0086,,,,,,,,,,,,,,,,,,,,,,,,,,,,,,,,
NDCincond,0,HFC143a,IMP_HFC143a,,2016,,,,,,0.0085,,,,,,,,,,,,,,,,,,,,,,,,,,,,,,,,
NDCincond,0,HFC143a,IMP_HFC143a,,2017,,,,,,0.006,,,,,,,,,,,,,,,,,,,,,,,,,,,,,,,,
NDCincond,0,HFC143a,IMP_HFC143a,,2018,,,,,,0.0039,,,,,,,,,,,,,,,,,,,,,,,,,,,,,,,,
NDCincond,0,HFC143a,IMP_HFC143a,,2019,,,,,,0.0409,,,,,,,,,,,,,,,,,,,,,,,,,,,,,,,,
NDCincond,0,HFC143a,IMP_HFC143a,,2020,,,,,,0.0662,,,,,,,,,,,,,,,,,,,,,,,,,,,,,,,,
NDCincond,0,HFC143a,IMP_HFC143a,,2021,,,,,,0.0797,,,,,,,,,,,,,,,,,,,,,,,,,,,,,,,,
NDCincond,0,HFC143a,IMP_HFC143a,,2022,,,,,,0.1464,,,,,,,,,,,,,,,,,,,,,,,,,,,,,,,,
NDCincond,0,HFC143a,IMP_HFC143a,,2023,,,,,,0.1783,,,,,,,,,,,,,,,,,,,,,,,,,,,,,,,,
NDCincond,0,HFC143a,IMP_HFC143a,,2024,,,,,,0.2101,,,,,,,,,,,,,,,,,,,,,,,,,,,,,,,,
NDCincond,0,HFC143a,IMP_HFC143a,,2025,,,,,,0.242,,,,,,,,,,,,,,,,,,,,,,,,,,,,,,,,
NDCincond,0,HFC143a,IMP_HFC143a,,2026,,,,,,0.268,,,,,,,,,,,,,,,,,,,,,,,,,,,,,,,,
NDCincond,0,HFC143a,IMP_HFC143a,,2027,,,,,,0.2939,,,,,,,,,,,,,,,,,,,,,,,,,,,,,,,,
NDCincond,0,HFC143a,IMP_HFC143a,,2028,,,,,,0.3199,,,,,,,,,,,,,,,,,,,,,,,,,,,,,,,,
NDCincond,0,HFC143a,IMP_HFC143a,,2029,,,,,,0.3459,,,,,,,,,,,,,,,,,,,,,,,,,,,,,,,,
NDCincond,0,HFC143a,IMP_HFC143a,,2030,,,,,,0.3738,,,,,,,,,,,,,,,,,,,,,,,,,,,,,,,,
NDCincond,0,HFC143a,IMP_HFC143a,,2031,,,,,,0.3706,,,,,,,,,,,,,,,,,,,,,,,,,,,,,,,,
NDCincond,0,HFC143a,IMP_HFC143a,,2032,,,,,,0.3675,,,,,,,,,,,,,,,,,,,,,,,,,,,,,,,,
NDCincond,0,HFC143a,IMP_HFC143a,,2033,,,,,,0.3644,,,,,,,,,,,,,,,,,,,,,,,,,,,,,,,,
NDCincond,0,HFC143a,IMP_HFC143a,,2034,,,,,,0.3613,,,,,,,,,,,,,,,,,,,,,,,,,,,,,,,,
NDCincond,0,HFC143a,IMP_HFC143a,,2035,,,,,,0.3581,,,,,,,,,,,,,,,,,,,,,,,,,,,,,,,,
NDCincond,0,HFC152a,IMP_HFC152a,,2014,,,,,,0.0014,,,,,,,,,,,,,,,,,,,,,,,,,,,,,,,,
NDCincond,0,HFC152a,IMP_HFC152a,,2016,,,,,,0.0014,,,,,,,,,,,,,,,,,,,,,,,,,,,,,,,,
NDCincond,0,HFC152a,IMP_HFC152a,,2017,,,,,,0.0014,,,,,,,,,,,,,,,,,,,,,,,,,,,,,,,,
NDCincond,0,HFC152a,IMP_HFC152a,,2021,,,,,,0.0014,,,,,,,,,,,,,,,,,,,,,,,,,,,,,,,,
NDCincond,0,HFC152a,IMP_HFC152a,,2022,,,,,,0.0022,,,,,,,,,,,,,,,,,,,,,,,,,,,,,,,,
NDCincond,0,HFC152a,IMP_HFC152a,,2023,,,,,,0.0024,,,,,,,,,,,,,,,,,,,,,,,,,,,,,,,,
NDCincond,0,HFC152a,IMP_HFC152a,,2024,,,,,,0.0029,,,,,,,,,,,,,,,,,,,,,,,,,,,,,,,,
NDCincond,0,HFC152a,IMP_HFC152a,,2025,,,,,,0.0033,,,,,,,,,,,,,,,,,,,,,,,,,,,,,,,,
NDCincond,0,HFC152a,IMP_HFC152a,,2026,,,,,,0.0037,,,,,,,,,,,,,,,,,,,,,,,,,,,,,,,,
NDCincond,0,HFC152a,IMP_HFC152a,,2027,,,,,,0.004,,,,,,,,,,,,,,,,,,,,,,,,,,,,,,,,
NDCincond,0,HFC152a,IMP_HFC152a,,2028,,,,,,0.0044,,,,,,,,,,,,,,,,,,,,,,,,,,,,,,,,
NDCincond,0,HFC152a,IMP_HFC152a,,2029,,,,,,0.0047,,,,,,,,,,,,,,,,,,,,,,,,,,,,,,,,
NDCincond,0,HFC152a,IMP_HFC152a,,2030,,,,,,0.0051,,,,,,,,,,,,,,,,,,,,,,,,,,,,,,,,
NDCincond,0,HFC152a,IMP_HFC152a,,2031,,,,,,0.0051,,,,,,,,,,,,,,,,,,,,,,,,,,,,,,,,
NDCincond,0,HFC152a,IMP_HFC152a,,2032,,,,,,0.005,,,,,,,,,,,,,,,,,,,,,,,,,,,,,,,,
NDCincond,0,HFC152a,IMP_HFC152a,,2033,,,,,,0.005,,,,,,,,,,,,,,,,,,,,,,,,,,,,,,,,
NDCincond,0,HFC152a,IMP_HFC152a,,2034,,,,,,0.005,,,,,,,,,,,,,,,,,,,,,,,,,,,,,,,,
NDCincond,0,HFC152a,IMP_HFC152a,,2035,,,,,,0.0049,,,,,,,,,,,,,,,,,,,,,,,,,,,,,,,,
NDCincond,0,CLK_PROD,PROD_CLK_TRAD,,2010,,,,,,3.32899,,,,,,,,,,,,,,,,,,,,,,,,,,,,,,,,
NDCincond,0,CLK_PROD,PROD_CLK_TRAD,,2011,,,,,,3.32837,,,,,,,,,,,,,,,,,,,,,,,,,,,,,,,,
NDCincond,0,CLK_PROD,PROD_CLK_TRAD,,2012,,,,,,3.32776,,,,,,,,,,,,,,,,,,,,,,,,,,,,,,,,
NDCincond,0,CLK_PROD,PROD_CLK_TRAD,,2013,,,,,,3.43397,,,,,,,,,,,,,,,,,,,,,,,,,,,,,,,,
NDCincond,0,CLK_PROD,PROD_CLK_TRAD,,2014,,,,,,3.53987,,,,,,,,,,,,,,,,,,,,,,,,,,,,,,,,
NDCincond,0,CLK_PROD,PROD_CLK_TRAD,,2015,,,,,,3.41132,,,,,,,,,,,,,,,,,,,,,,,,,,,,,,,,
NDCincond,0,CLK_PROD,PROD_CLK_TRAD,,2016,,,,,,3.28185,,,,,,,,,,,,,,,,,,,,,,,,,,,,,,,,
NDCincond,0,CLK_PROD,PROD_CLK_TRAD,,2017,,,,,,3.53806,,,,,,,,,,,,,,,,,,,,,,,,,,,,,,,,
NDCincond,0,CLK_PROD,PROD_CLK_TRAD,,2018,,,,,,3.79395,,,,,,,,,,,,,,,,,,,,,,,,,,,,,,,,
NDCincond,0,CLK_PROD,PROD_CLK_TRAD,,2019,,,,,,3.15698,,,,,,,,,,,,,,,,,,,,,,,,,,,,,,,,
NDCincond,0,CLK_PROD,PROD_CLK_TRAD,,2020,,,,,,2.52037,,,,,,,,,,,,,,,,,,,,,,,,,,,,,,,,
NDCincond,0,CLK_PROD,PROD_CLK_TRAD,,2021,,,,,,3.67404,,,,,,,,,,,,,,,,,,,,,,,,,,,,,,,,
NDCincond,0,CLK_PROD,PROD_CLK_TRAD,,2022,,,,,,3.36162,,,,,,,,,,,,,,,,,,,,,,,,,,,,,,,,
NDCincond,0,CLK_PROD,PROD_CLK_TRAD,,2023,,,,,,3.50534,,,,,,,,,,,,,,,,,,,,,,,,,,,,,,,,
NDCincond,0,CLK_PROD,PROD_CLK_TRAD,,2024,,,,,,3.64573,,,,,,,,,,,,,,,,,,,,,,,,,,,,,,,,
NDCincond,0,CLK_PROD,PROD_CLK_TRAD,,2025,,,,,,3.78341,,,,,,,,,,,,,,,,,,,,,,,,,,,,,,,,
NDCincond,0,CLK_PROD,PROD_CLK_TRAD,,2026,,,,,,3.91878,,,,,,,,,,,,,,,,,,,,,,,,,,,,,,,,
NDCincond,0,CLK_PROD,PROD_CLK_TRAD,,2027,,,,,,4.05082,,,,,,,,,,,,,,,,,,,,,,,,,,,,,,,,
NDCincond,0,CLK_PROD,PROD_CLK_TRAD,,2028,,,,,,4.18015,,,,,,,,,,,,,,,,,,,,,,,,,,,,,,,,
NDCincond,0,CLK_PROD,PROD_CLK_TRAD,,2029,,,,,,4.30731,,,,,,,,,,,,,,,,,,,,,,,,,,,,,,,,
NDCincond,0,CLK_PROD,PROD_CLK_TRAD,,2030,,,,,,4.43102,,,,,,,,,,,,,,,,,,,,,,,,,,,,,,,,
NDCincond,0,CLK_PROD,PROD_CLK_TRAD,,2031,,,,,,4.59184,,,,,,,,,,,,,,,,,,,,,,,,,,,,,,,,
NDCincond,0,CLK_PROD,PROD_CLK_TRAD,,2032,,,,,,4.75266,,,,,,,,,,,,,,,,,,,,,,,,,,,,,,,,
NDCincond,0,CLK_PROD,PROD_CLK_TRAD,,2033,,,,,,4.91341,,,,,,,,,,,,,,,,,,,,,,,,,,,,,,,,
NDCincond,0,CLK_PROD,PROD_CLK_TRAD,,2034,,,,,,5.07423,,,,,,,,,,,,,,,,,,,,,,,,,,,,,,,,
NDCincond,0,CLK_PROD,PROD_CLK_TRAD,,2035,,,,,,5.23498,,,,,,,,,,,,,,,,,,,,,,,,,,,,,,,,
NDCincond,0,CEM_PROD,PROD_CEM,,2010,,,,,,5.2749,,,,,,,,,,,,,,,,,,,,,,,,,,,,,,,,
NDCincond,0,CEM_PROD,PROD_CEM,,2011,,,,,,5.6682,,,,,,,,,,,,,,,,,,,,,,,,,,,,,,,,
NDCincond,0,CEM_PROD,PROD_CEM,,2012,,,,,,6.0615,,,,,,,,,,,,,,,,,,,,,,,,,,,,,,,,
NDCincond,0,CEM_PROD,PROD_CEM,,2013,,,,,,6.3078,,,,,,,,,,,,,,,,,,,,,,,,,,,,,,,,
NDCincond,0,CEM_PROD,PROD_CEM,,2014,,,,,,6.5541,,,,,,,,,,,,,,,,,,,,,,,,,,,,,,,,
NDCincond,0,CEM_PROD,PROD_CEM,,2015,,,,,,5.7819,,,,,,,,,,,,,,,,,,,,,,,,,,,,,,,,
NDCincond,0,CEM_PROD,PROD_CEM,,2016,,,,,,5.0097,,,,,,,,,,,,,,,,,,,,,,,,,,,,,,,,
NDCincond,0,CEM_PROD,PROD_CEM,,2017,,,,,,5.0328,,,,,,,,,,,,,,,,,,,,,,,,,,,,,,,,
NDCincond,0,CEM_PROD,PROD_CEM,,2018,,,,,,5.0559,,,,,,,,,,,,,,,,,,,,,,,,,,,,,,,,
NDCincond,0,CEM_PROD,PROD_CEM,,2019,,,,,,4.2404,,,,,,,,,,,,,,,,,,,,,,,,,,,,,,,,
NDCincond,0,CEM_PROD,PROD_CEM,,2020,,,,,,3.4119,,,,,,,,,,,,,,,,,,,,,,,,,,,,,,,,
NDCincond,0,CEM_PROD,PROD_CEM,,2021,,,,,,5.0137,,,,,,,,,,,,,,,,,,,,,,,,,,,,,,,,
NDCincond,0,CEM_PROD,PROD_CEM,,2022,,,,,,4.6246,,,,,,,,,,,,,,,,,,,,,,,,,,,,,,,,
NDCincond,0,CEM_PROD,PROD_CEM,,2023,,,,,,4.8611,,,,,,,,,,,,,,,,,,,,,,,,,,,,,,,,
NDCincond,0,CEM_PROD,PROD_CEM,,2024,,,,,,5.0975,,,,,,,,,,,,,,,,,,,,,,,,,,,,,,,,
NDCincond,0,CEM_PROD,PROD_CEM,,2025,,,,,,5.334,,,,,,,,,,,,,,,,,,,,,,,,,,,,,,,,
NDCincond,0,CEM_PROD,PROD_CEM,,2026,,,,,,5.5704,,,,,,,,,,,,,,,,,,,,,,,,,,,,,,,,
NDCincond,0,CEM_PROD,PROD_CEM,,2027,,,,,,5.8068,,,,,,,,,,,,,,,,,,,,,,,,,,,,,,,,
NDCincond,0,CEM_PROD,PROD_CEM,,2028,,,,,,6.0433,,,,,,,,,,,,,,,,,,,,,,,,,,,,,,,,
NDCincond,0,CEM_PROD,PROD_CEM,,2029,,,,,,6.2798,,,,,,,,,,,,,,,,,,,,,,,,,,,,,,,,
NDCincond,0,CEM_PROD,PROD_CEM,,2030,,,,,,6.5162,,,,,,,,,,,,,,,,,,,,,,,,,,,,,,,,
NDCincond,0,CEM_PROD,PROD_CEM,,2031,,,,,,6.7527,,,,,,,,,,,,,,,,,,,,,,,,,,,,,,,,
NDCincond,0,CEM_PROD,PROD_CEM,,2032,,,,,,6.9892,,,,,,,,,,,,,,,,,,,,,,,,,,,,,,,,
NDCincond,0,CEM_PROD,PROD_CEM,,2033,,,,,,7.2256,,,,,,,,,,,,,,,,,,,,,,,,,,,,,,,,
NDCincond,0,CEM_PROD,PROD_CEM,,2034,,,,,,7.4621,,,,,,,,,,,,,,,,,,,,,,,,,,,,,,,,
NDCincond,0,CEM_PROD,PROD_CEM,,2035,,,,,,7.6985,,,,,,,,,,,,,,,,,,,,,,,,,,,,,,,,
NDCincond,0,E5INDCEM_PROD,T5CEM_PRODIND,,2010,,,,,,5.2749,,,,,,,,,,,,,,,,,,,,,,,,,,,,,,,,
NDCincond,0,E5INDCEM_PROD,T5CEM_PRODIND,,2011,,,,,,5.6682,,,,,,,,,,,,,,,,,,,,,,,,,,,,,,,,
NDCincond,0,E5INDCEM_PROD,T5CEM_PRODIND,,2012,,,,,,6.0615,,,,,,,,,,,,,,,,,,,,,,,,,,,,,,,,
NDCincond,0,E5INDCEM_PROD,T5CEM_PRODIND,,2013,,,,,,6.3078,,,,,,,,,,,,,,,,,,,,,,,,,,,,,,,,
NDCincond,0,E5INDCEM_PROD,T5CEM_PRODIND,,2014,,,,,,6.5541,,,,,,,,,,,,,,,,,,,,,,,,,,,,,,,,
NDCincond,0,E5INDCEM_PROD,T5CEM_PRODIND,,2015,,,,,,5.7819,,,,,,,,,,,,,,,,,,,,,,,,,,,,,,,,
NDCincond,0,E5INDCEM_PROD,T5CEM_PRODIND,,2016,,,,,,5.0097,,,,,,,,,,,,,,,,,,,,,,,,,,,,,,,,
NDCincond,0,E5INDCEM_PROD,T5CEM_PRODIND,,2017,,,,,,5.0328,,,,,,,,,,,,,,,,,,,,,,,,,,,,,,,,
NDCincond,0,E5INDCEM_PROD,T5CEM_PRODIND,,2018,,,,,,5.0559,,,,,,,,,,,,,,,,,,,,,,,,,,,,,,,,
NDCincond,0,E5INDCEM_PROD,T5CEM_PRODIND,,2019,,,,,,4.2404,,,,,,,,,,,,,,,,,,,,,,,,,,,,,,,,
NDCincond,0,E5INDCEM_PROD,T5CEM_PRODIND,,2020,,,,,,3.4119,,,,,,,,,,,,,,,,,,,,,,,,,,,,,,,,
NDCincond,0,E5INDCEM_PROD,T5CEM_PRODIND,,2021,,,,,,5.0137,,,,,,,,,,,,,,,,,,,,,,,,,,,,,,,,
NDCincond,0,E5INDCEM_PROD,T5CEM_PRODIND,,2022,,,,,,4.6246,,,,,,,,,,,,,,,,,,,,,,,,,,,,,,,,
NDCincond,0,E5INDCEM_PROD,T5CEM_PRODIND,,2023,,,,,,4.8611,,,,,,,,,,,,,,,,,,,,,,,,,,,,,,,,
NDCincond,0,E5INDCEM_PROD,T5CEM_PRODIND,,2024,,,,,,5.0975,,,,,,,,,,,,,,,,,,,,,,,,,,,,,,,,
NDCincond,0,E5INDCEM_PROD,T5CEM_PRODIND,,2025,,,,,,5.334,,,,,,,,,,,,,,,,,,,,,,,,,,,,,,,,
NDCincond,0,E5INDCEM_PROD,T5CEM_PRODIND,,2026,,,,,,5.5704,,,,,,,,,,,,,,,,,,,,,,,,,,,,,,,,
NDCincond,0,E5INDCEM_PROD,T5CEM_PRODIND,,2027,,,,,,5.8068,,,,,,,,,,,,,,,,,,,,,,,,,,,,,,,,
NDCincond,0,E5INDCEM_PROD,T5CEM_PRODIND,,2028,,,,,,6.0433,,,,,,,,,,,,,,,,,,,,,,,,,,,,,,,,
NDCincond,0,E5INDCEM_PROD,T5CEM_PRODIND,,2029,,,,,,6.2798,,,,,,,,,,,,,,,,,,,,,,,,,,,,,,,,
NDCincond,0,E5INDCEM_PROD,T5CEM_PRODIND,,2030,,,,,,6.5162,,,,,,,,,,,,,,,,,,,,,,,,,,,,,,,,
NDCincond,0,E5INDCEM_PROD,T5CEM_PRODIND,,2031,,,,,,6.7527,,,,,,,,,,,,,,,,,,,,,,,,,,,,,,,,
NDCincond,0,E5INDCEM_PROD,T5CEM_PRODIND,,2032,,,,,,6.9892,,,,,,,,,,,,,,,,,,,,,,,,,,,,,,,,
NDCincond,0,E5INDCEM_PROD,T5CEM_PRODIND,,2033,,,,,,7.2256,,,,,,,,,,,,,,,,,,,,,,,,,,,,,,,,
NDCincond,0,E5INDCEM_PROD,T5CEM_PRODIND,,2034,,,,,,7.4621,,,,,,,,,,,,,,,,,,,,,,,,,,,,,,,,
NDCincond,0,E5INDCEM_PROD,T5CEM_PRODIND,,2035,,,,,,7.6985,,,,,,,,,,,,,,,,,,,,,,,,,,,,,,,,
NDCincond,0,E5IPPUHFC23,T5HFC23IPPU,,2010,,,,,,0.0034,,,,,,,,,,,,,,,,,,,,,,,,,,,,,,,,
NDCincond,0,E5IPPUHFC23,T5HFC23IPPU,,2011,,,,,,0.0026,,,,,,,,,,,,,,,,,,,,,,,,,,,,,,,,
NDCincond,0,E5IPPUHFC23,T5HFC23IPPU,,2012,,,,,,0.002,,,,,,,,,,,,,,,,,,,,,,,,,,,,,,,,
NDCincond,0,E5IPPUHFC23,T5HFC23IPPU,,2013,,,,,,0.0015,,,,,,,,,,,,,,,,,,,,,,,,,,,,,,,,
NDCincond,0,E5IPPUHFC23,T5HFC23IPPU,,2014,,,,,,0.0011,,,,,,,,,,,,,,,,,,,,,,,,,,,,,,,,
NDCincond,0,E5IPPUHFC23,T5HFC23IPPU,,2025,,,,,,0.001,,,,,,,,,,,,,,,,,,,,,,,,,,,,,,,,
NDCincond,0,E5IPPUHFC23,T5HFC23IPPU,,2026,,,,,,0.0011,,,,,,,,,,,,,,,,,,,,,,,,,,,,,,,,
NDCincond,0,E5IPPUHFC23,T5HFC23IPPU,,2027,,,,,,0.0012,,,,,,,,,,,,,,,,,,,,,,,,,,,,,,,,
NDCincond,0,E5IPPUHFC23,T5HFC23IPPU,,2028,,,,,,0.0013,,,,,,,,,,,,,,,,,,,,,,,,,,,,,,,,
NDCincond,0,E5IPPUHFC23,T5HFC23IPPU,,2029,,,,,,0.0014,,,,,,,,,,,,,,,,,,,,,,,,,,,,,,,,
NDCincond,0,E5IPPUHFC23,T5HFC23IPPU,,2030,,,,,,0.0015,,,,,,,,,,,,,,,,,,,,,,,,,,,,,,,,
NDCincond,0,E5IPPUHFC23,T5HFC23IPPU,,2031,,,,,,0.0015,,,,,,,,,,,,,,,,,,,,,,,,,,,,,,,,
NDCincond,0,E5IPPUHFC23,T5HFC23IPPU,,2032,,,,,,0.0014,,,,,,,,,,,,,,,,,,,,,,,,,,,,,,,,
NDCincond,0,E5IPPUHFC23,T5HFC23IPPU,,2033,,,,,,0.0014,,,,,,,,,,,,,,,,,,,,,,,,,,,,,,,,
NDCincond,0,E5IPPUHFC23,T5HFC23IPPU,,2034,,,,,,0.0014,,,,,,,,,,,,,,,,,,,,,,,,,,,,,,,,
NDCincond,0,E5IPPUHFC23,T5HFC23IPPU,,2035,,,,,,0.0014,,,,,,,,,,,,,,,,,,,,,,,,,,,,,,,,
NDCincond,0,E5IPPUHFC32,T5HFC32IPPU,,2010,,,,,,0.0043,,,,,,,,,,,,,,,,,,,,,,,,,,,,,,,,
NDCincond,0,E5IPPUHFC32,T5HFC32IPPU,,2011,,,,,,0.0038,,,,,,,,,,,,,,,,,,,,,,,,,,,,,,,,
NDCincond,0,E5IPPUHFC32,T5HFC32IPPU,,2012,,,,,,0.0052,,,,,,,,,,,,,,,,,,,,,,,,,,,,,,,,
NDCincond,0,E5IPPUHFC32,T5HFC32IPPU,,2013,,,,,,0.0069,,,,,,,,,,,,,,,,,,,,,,,,,,,,,,,,
NDCincond,0,E5IPPUHFC32,T5HFC32IPPU,,2014,,,,,,0.0062,,,,,,,,,,,,,,,,,,,,,,,,,,,,,,,,
NDCincond,0,E5IPPUHFC32,T5HFC32IPPU,,2015,,,,,,0.0055,,,,,,,,,,,,,,,,,,,,,,,,,,,,,,,,
NDCincond,0,E5IPPUHFC32,T5HFC32IPPU,,2016,,,,,,0.005,,,,,,,,,,,,,,,,,,,,,,,,,,,,,,,,
NDCincond,0,E5IPPUHFC32,T5HFC32IPPU,,2017,,,,,,0.0044,,,,,,,,,,,,,,,,,,,,,,,,,,,,,,,,
NDCincond,0,E5IPPUHFC32,T5HFC32IPPU,,2018,,,,,,0.004,,,,,,,,,,,,,,,,,,,,,,,,,,,,,,,,
NDCincond,0,E5IPPUHFC32,T5HFC32IPPU,,2019,,,,,,0.0232,,,,,,,,,,,,,,,,,,,,,,,,,,,,,,,,
NDCincond,0,E5IPPUHFC32,T5HFC32IPPU,,2020,,,,,,0.0359,,,,,,,,,,,,,,,,,,,,,,,,,,,,,,,,
NDCincond,0,E5IPPUHFC32,T5HFC32IPPU,,2021,,,,,,0.0479,,,,,,,,,,,,,,,,,,,,,,,,,,,,,,,,
NDCincond,0,E5IPPUHFC32,T5HFC32IPPU,,2022,,,,,,0.0737,,,,,,,,,,,,,,,,,,,,,,,,,,,,,,,,
NDCincond,0,E5IPPUHFC32,T5HFC32IPPU,,2023,,,,,,0.0898,,,,,,,,,,,,,,,,,,,,,,,,,,,,,,,,
NDCincond,0,E5IPPUHFC32,T5HFC32IPPU,,2024,,,,,,0.1059,,,,,,,,,,,,,,,,,,,,,,,,,,,,,,,,
NDCincond,0,E5IPPUHFC32,T5HFC32IPPU,,2025,,,,,,0.122,,,,,,,,,,,,,,,,,,,,,,,,,,,,,,,,
NDCincond,0,E5IPPUHFC32,T5HFC32IPPU,,2026,,,,,,0.1351,,,,,,,,,,,,,,,,,,,,,,,,,,,,,,,,
NDCincond,0,E5IPPUHFC32,T5HFC32IPPU,,2027,,,,,,0.1481,,,,,,,,,,,,,,,,,,,,,,,,,,,,,,,,
NDCincond,0,E5IPPUHFC32,T5HFC32IPPU,,2028,,,,,,0.1612,,,,,,,,,,,,,,,,,,,,,,,,,,,,,,,,
NDCincond,0,E5IPPUHFC32,T5HFC32IPPU,,2029,,,,,,0.1743,,,,,,,,,,,,,,,,,,,,,,,,,,,,,,,,
NDCincond,0,E5IPPUHFC32,T5HFC32IPPU,,2030,,,,,,0.1884,,,,,,,,,,,,,,,,,,,,,,,,,,,,,,,,
NDCincond,0,E5IPPUHFC32,T5HFC32IPPU,,2031,,,,,,0.1868,,,,,,,,,,,,,,,,,,,,,,,,,,,,,,,,
NDCincond,0,E5IPPUHFC32,T5HFC32IPPU,,2032,,,,,,0.1852,,,,,,,,,,,,,,,,,,,,,,,,,,,,,,,,
NDCincond,0,E5IPPUHFC32,T5HFC32IPPU,,2033,,,,,,0.1837,,,,,,,,,,,,,,,,,,,,,,,,,,,,,,,,
NDCincond,0,E5IPPUHFC32,T5HFC32IPPU,,2034,,,,,,0.1821,,,,,,,,,,,,,,,,,,,,,,,,,,,,,,,,
NDCincond,0,E5IPPUHFC32,T5HFC32IPPU,,2035,,,,,,0.1805,,,,,,,,,,,,,,,,,,,,,,,,,,,,,,,,
NDCincond,0,E5IPPUHFC125,T5HFC125IPPU,,2010,,,,,,0.0091,,,,,,,,,,,,,,,,,,,,,,,,,,,,,,,,
NDCincond,0,E5IPPUHFC125,T5HFC125IPPU,,2011,,,,,,0.0108,,,,,,,,,,,,,,,,,,,,,,,,,,,,,,,,
NDCincond,0,E5IPPUHFC125,T5HFC125IPPU,,2012,,,,,,0.0126,,,,,,,,,,,,,,,,,,,,,,,,,,,,,,,,
NDCincond,0,E5IPPUHFC125,T5HFC125IPPU,,2013,,,,,,0.0137,,,,,,,,,,,,,,,,,,,,,,,,,,,,,,,,
NDCincond,0,E5IPPUHFC125,T5HFC125IPPU,,2014,,,,,,0.0101,,,,,,,,,,,,,,,,,,,,,,,,,,,,,,,,
NDCincond,0,E5IPPUHFC125,T5HFC125IPPU,,2015,,,,,,0.0085,,,,,,,,,,,,,,,,,,,,,,,,,,,,,,,,
NDCincond,0,E5IPPUHFC125,T5HFC125IPPU,,2016,,,,,,0.0067,,,,,,,,,,,,,,,,,,,,,,,,,,,,,,,,
NDCincond,0,E5IPPUHFC125,T5HFC125IPPU,,2017,,,,,,0.0063,,,,,,,,,,,,,,,,,,,,,,,,,,,,,,,,
NDCincond,0,E5IPPUHFC125,T5HFC125IPPU,,2018,,,,,,0.0068,,,,,,,,,,,,,,,,,,,,,,,,,,,,,,,,
NDCincond,0,E5IPPUHFC125,T5HFC125IPPU,,2019,,,,,,0.0652,,,,,,,,,,,,,,,,,,,,,,,,,,,,,,,,
NDCincond,0,E5IPPUHFC125,T5HFC125IPPU,,2020,,,,,,0.0954,,,,,,,,,,,,,,,,,,,,,,,,,,,,,,,,
NDCincond,0,E5IPPUHFC125,T5HFC125IPPU,,2021,,,,,,0.1172,,,,,,,,,,,,,,,,,,,,,,,,,,,,,,,,
NDCincond,0,E5IPPUHFC125,T5HFC125IPPU,,2022,,,,,,0.1854,,,,,,,,,,,,,,,,,,,,,,,,,,,,,,,,
NDCincond,0,E5IPPUHFC125,T5HFC125IPPU,,2023,,,,,,0.2258,,,,,,,,,,,,,,,,,,,,,,,,,,,,,,,,
NDCincond,0,E5IPPUHFC125,T5HFC125IPPU,,2024,,,,,,0.2662,,,,,,,,,,,,,,,,,,,,,,,,,,,,,,,,
NDCincond,0,E5IPPUHFC125,T5HFC125IPPU,,2025,,,,,,0.3066,,,,,,,,,,,,,,,,,,,,,,,,,,,,,,,,
NDCincond,0,E5IPPUHFC125,T5HFC125IPPU,,2026,,,,,,0.3394,,,,,,,,,,,,,,,,,,,,,,,,,,,,,,,,
NDCincond,0,E5IPPUHFC125,T5HFC125IPPU,,2027,,,,,,0.3723,,,,,,,,,,,,,,,,,,,,,,,,,,,,,,,,
NDCincond,0,E5IPPUHFC125,T5HFC125IPPU,,2028,,,,,,0.4052,,,,,,,,,,,,,,,,,,,,,,,,,,,,,,,,
NDCincond,0,E5IPPUHFC125,T5HFC125IPPU,,2029,,,,,,0.4381,,,,,,,,,,,,,,,,,,,,,,,,,,,,,,,,
NDCincond,0,E5IPPUHFC125,T5HFC125IPPU,,2030,,,,,,0.4734,,,,,,,,,,,,,,,,,,,,,,,,,,,,,,,,
NDCincond,0,E5IPPUHFC125,T5HFC125IPPU,,2031,,,,,,0.4695,,,,,,,,,,,,,,,,,,,,,,,,,,,,,,,,
NDCincond,0,E5IPPUHFC125,T5HFC125IPPU,,2032,,,,,,0.4655,,,,,,,,,,,,,,,,,,,,,,,,,,,,,,,,
NDCincond,0,E5IPPUHFC125,T5HFC125IPPU,,2033,,,,,,0.4616,,,,,,,,,,,,,,,,,,,,,,,,,,,,,,,,
NDCincond,0,E5IPPUHFC125,T5HFC125IPPU,,2034,,,,,,0.4576,,,,,,,,,,,,,,,,,,,,,,,,,,,,,,,,
NDCincond,0,E5IPPUHFC125,T5HFC125IPPU,,2035,,,,,,0.4536,,,,,,,,,,,,,,,,,,,,,,,,,,,,,,,,
NDCincond,0,E5IPPUHFC134a,T5HFC134aIPPU,,2010,,,,,,0.0794,,,,,,,,,,,,,,,,,,,,,,,,,,,,,,,,
NDCincond,0,E5IPPUHFC134a,T5HFC134aIPPU,,2011,,,,,,0.0906,,,,,,,,,,,,,,,,,,,,,,,,,,,,,,,,
NDCincond,0,E5IPPUHFC134a,T5HFC134aIPPU,,2012,,,,,,0.1235,,,,,,,,,,,,,,,,,,,,,,,,,,,,,,,,
NDCincond,0,E5IPPUHFC134a,T5HFC134aIPPU,,2013,,,,,,0.1658,,,,,,,,,,,,,,,,,,,,,,,,,,,,,,,,
NDCincond,0,E5IPPUHFC134a,T5HFC134aIPPU,,2014,,,,,,0.2255,,,,,,,,,,,,,,,,,,,,,,,,,,,,,,,,
NDCincond,0,E5IPPUHFC134a,T5HFC134aIPPU,,2015,,,,,,0.2765,,,,,,,,,,,,,,,,,,,,,,,,,,,,,,,,
NDCincond,0,E5IPPUHFC134a,T5HFC134aIPPU,,2016,,,,,,0.3072,,,,,,,,,,,,,,,,,,,,,,,,,,,,,,,,
NDCincond,0,E5IPPUHFC134a,T5HFC134aIPPU,,2017,,,,,,0.3382,,,,,,,,,,,,,,,,,,,,,,,,,,,,,,,,
NDCincond,0,E5IPPUHFC134a,T5HFC134aIPPU,,2018,,,,,,0.3628,,,,,,,,,,,,,,,,,,,,,,,,,,,,,,,,
NDCincond,0,E5IPPUHFC134a,T5HFC134aIPPU,,2019,,,,,,0.3978,,,,,,,,,,,,,,,,,,,,,,,,,,,,,,,,
NDCincond,0,E5IPPUHFC134a,T5HFC134aIPPU,,2020,,,,,,0.427,,,,,,,,,,,,,,,,,,,,,,,,,,,,,,,,
NDCincond,0,E5IPPUHFC134a,T5HFC134aIPPU,,2021,,,,,,0.4122,,,,,,,,,,,,,,,,,,,,,,,,,,,,,,,,
NDCincond,0,E5IPPUHFC134a,T5HFC134aIPPU,,2022,,,,,,0.4691,,,,,,,,,,,,,,,,,,,,,,,,,,,,,,,,
NDCincond,0,E5IPPUHFC134a,T5HFC134aIPPU,,2023,,,,,,0.5713,,,,,,,,,,,,,,,,,,,,,,,,,,,,,,,,
NDCincond,0,E5IPPUHFC134a,T5HFC134aIPPU,,2024,,,,,,0.6735,,,,,,,,,,,,,,,,,,,,,,,,,,,,,,,,
NDCincond,0,E5IPPUHFC134a,T5HFC134aIPPU,,2025,,,,,,0.7757,,,,,,,,,,,,,,,,,,,,,,,,,,,,,,,,
NDCincond,0,E5IPPUHFC134a,T5HFC134aIPPU,,2026,,,,,,0.8588,,,,,,,,,,,,,,,,,,,,,,,,,,,,,,,,
NDCincond,0,E5IPPUHFC134a,T5HFC134aIPPU,,2027,,,,,,0.942,,,,,,,,,,,,,,,,,,,,,,,,,,,,,,,,
NDCincond,0,E5IPPUHFC134a,T5HFC134aIPPU,,2028,,,,,,1.0252,,,,,,,,,,,,,,,,,,,,,,,,,,,,,,,,
NDCincond,0,E5IPPUHFC134a,T5HFC134aIPPU,,2029,,,,,,1.1084,,,,,,,,,,,,,,,,,,,,,,,,,,,,,,,,
NDCincond,0,E5IPPUHFC134a,T5HFC134aIPPU,,2030,,,,,,1.1979,,,,,,,,,,,,,,,,,,,,,,,,,,,,,,,,
NDCincond,0,E5IPPUHFC134a,T5HFC134aIPPU,,2031,,,,,,1.1878,,,,,,,,,,,,,,,,,,,,,,,,,,,,,,,,
NDCincond,0,E5IPPUHFC134a,T5HFC134aIPPU,,2032,,,,,,1.1778,,,,,,,,,,,,,,,,,,,,,,,,,,,,,,,,
NDCincond,0,E5IPPUHFC134a,T5HFC134aIPPU,,2033,,,,,,1.1678,,,,,,,,,,,,,,,,,,,,,,,,,,,,,,,,
NDCincond,0,E5IPPUHFC134a,T5HFC134aIPPU,,2034,,,,,,1.1578,,,,,,,,,,,,,,,,,,,,,,,,,,,,,,,,
NDCincond,0,E5IPPUHFC134a,T5HFC134aIPPU,,2035,,,,,,1.1478,,,,,,,,,,,,,,,,,,,,,,,,,,,,,,,,
NDCincond,0,E5IPPUHFC143a,T5HFC143aIPPU,,2010,,,,,,0.0078,,,,,,,,,,,,,,,,,,,,,,,,,,,,,,,,
NDCincond,0,E5IPPUHFC143a,T5HFC143aIPPU,,2011,,,,,,0.0109,,,,,,,,,,,,,,,,,,,,,,,,,,,,,,,,
NDCincond,0,E5IPPUHFC143a,T5HFC143aIPPU,,2012,,,,,,0.0125,,,,,,,,,,,,,,,,,,,,,,,,,,,,,,,,
NDCincond,0,E5IPPUHFC143a,T5HFC143aIPPU,,2013,,,,,,0.0094,,,,,,,,,,,,,,,,,,,,,,,,,,,,,,,,
NDCincond,0,E5IPPUHFC143a,T5HFC143aIPPU,,2014,,,,,,0.0063,,,,,,,,,,,,,,,,,,,,,,,,,,,,,,,,
NDCincond,0,E5IPPUHFC143a,T5HFC143aIPPU,,2015,,,,,,0.0086,,,,,,,,,,,,,,,,,,,,,,,,,,,,,,,,
NDCincond,0,E5IPPUHFC143a,T5HFC143aIPPU,,2016,,,,,,0.0085,,,,,,,,,,,,,,,,,,,,,,,,,,,,,,,,
NDCincond,0,E5IPPUHFC143a,T5HFC143aIPPU,,2017,,,,,,0.006,,,,,,,,,,,,,,,,,,,,,,,,,,,,,,,,
NDCincond,0,E5IPPUHFC143a,T5HFC143aIPPU,,2018,,,,,,0.0039,,,,,,,,,,,,,,,,,,,,,,,,,,,,,,,,
NDCincond,0,E5IPPUHFC143a,T5HFC143aIPPU,,2019,,,,,,0.0409,,,,,,,,,,,,,,,,,,,,,,,,,,,,,,,,
NDCincond,0,E5IPPUHFC143a,T5HFC143aIPPU,,2020,,,,,,0.0662,,,,,,,,,,,,,,,,,,,,,,,,,,,,,,,,
NDCincond,0,E5IPPUHFC143a,T5HFC143aIPPU,,2021,,,,,,0.0797,,,,,,,,,,,,,,,,,,,,,,,,,,,,,,,,
NDCincond,0,E5IPPUHFC143a,T5HFC143aIPPU,,2022,,,,,,0.1464,,,,,,,,,,,,,,,,,,,,,,,,,,,,,,,,
NDCincond,0,E5IPPUHFC143a,T5HFC143aIPPU,,2023,,,,,,0.1783,,,,,,,,,,,,,,,,,,,,,,,,,,,,,,,,
NDCincond,0,E5IPPUHFC143a,T5HFC143aIPPU,,2024,,,,,,0.2101,,,,,,,,,,,,,,,,,,,,,,,,,,,,,,,,
NDCincond,0,E5IPPUHFC143a,T5HFC143aIPPU,,2025,,,,,,0.242,,,,,,,,,,,,,,,,,,,,,,,,,,,,,,,,
NDCincond,0,E5IPPUHFC143a,T5HFC143aIPPU,,2026,,,,,,0.268,,,,,,,,,,,,,,,,,,,,,,,,,,,,,,,,
NDCincond,0,E5IPPUHFC143a,T5HFC143aIPPU,,2027,,,,,,0.2939,,,,,,,,,,,,,,,,,,,,,,,,,,,,,,,,
NDCincond,0,E5IPPUHFC143a,T5HFC143aIPPU,,2028,,,,,,0.3199,,,,,,,,,,,,,,,,,,,,,,,,,,,,,,,,
NDCincond,0,E5IPPUHFC143a,T5HFC143aIPPU,,2029,,,,,,0.3459,,,,,,,,,,,,,,,,,,,,,,,,,,,,,,,,
NDCincond,0,E5IPPUHFC143a,T5HFC143aIPPU,,2030,,,,,,0.3738,,,,,,,,,,,,,,,,,,,,,,,,,,,,,,,,
NDCincond,0,E5IPPUHFC143a,T5HFC143aIPPU,,2031,,,,,,0.3706,,,,,,,,,,,,,,,,,,,,,,,,,,,,,,,,
NDCincond,0,E5IPPUHFC143a,T5HFC143aIPPU,,2032,,,,,,0.3675,,,,,,,,,,,,,,,,,,,,,,,,,,,,,,,,
NDCincond,0,E5IPPUHFC143a,T5HFC143aIPPU,,2033,,,,,,0.3644,,,,,,,,,,,,,,,,,,,,,,,,,,,,,,,,
NDCincond,0,E5IPPUHFC143a,T5HFC143aIPPU,,2034,,,,,,0.3613,,,,,,,,,,,,,,,,,,,,,,,,,,,,,,,,
NDCincond,0,E5IPPUHFC143a,T5HFC143aIPPU,,2035,,,,,,0.3581,,,,,,,,,,,,,,,,,,,,,,,,,,,,,,,,
NDCincond,0,E5IPPUHFC152a,T5HFC152aIPPU,,2014,,,,,,0.0014,,,,,,,,,,,,,,,,,,,,,,,,,,,,,,,,
NDCincond,0,E5IPPUHFC152a,T5HFC152aIPPU,,2016,,,,,,0.0014,,,,,,,,,,,,,,,,,,,,,,,,,,,,,,,,
NDCincond,0,E5IPPUHFC152a,T5HFC152aIPPU,,2017,,,,,,0.0014,,,,,,,,,,,,,,,,,,,,,,,,,,,,,,,,
NDCincond,0,E5IPPUHFC152a,T5HFC152aIPPU,,2021,,,,,,0.0014,,,,,,,,,,,,,,,,,,,,,,,,,,,,,,,,
NDCincond,0,E5IPPUHFC152a,T5HFC152aIPPU,,2022,,,,,,0.0022,,,,,,,,,,,,,,,,,,,,,,,,,,,,,,,,
NDCincond,0,E5IPPUHFC152a,T5HFC152aIPPU,,2023,,,,,,0.0024,,,,,,,,,,,,,,,,,,,,,,,,,,,,,,,,
NDCincond,0,E5IPPUHFC152a,T5HFC152aIPPU,,2024,,,,,,0.0029,,,,,,,,,,,,,,,,,,,,,,,,,,,,,,,,
NDCincond,0,E5IPPUHFC152a,T5HFC152aIPPU,,2025,,,,,,0.0033,,,,,,,,,,,,,,,,,,,,,,,,,,,,,,,,
NDCincond,0,E5IPPUHFC152a,T5HFC152aIPPU,,2026,,,,,,0.0037,,,,,,,,,,,,,,,,,,,,,,,,,,,,,,,,
NDCincond,0,E5IPPUHFC152a,T5HFC152aIPPU,,2027,,,,,,0.004,,,,,,,,,,,,,,,,,,,,,,,,,,,,,,,,
NDCincond,0,E5IPPUHFC152a,T5HFC152aIPPU,,2028,,,,,,0.0044,,,,,,,,,,,,,,,,,,,,,,,,,,,,,,,,
NDCincond,0,E5IPPUHFC152a,T5HFC152aIPPU,,2029,,,,,,0.0047,,,,,,,,,,,,,,,,,,,,,,,,,,,,,,,,
NDCincond,0,E5IPPUHFC152a,T5HFC152aIPPU,,2030,,,,,,0.0051,,,,,,,,,,,,,,,,,,,,,,,,,,,,,,,,
NDCincond,0,E5IPPUHFC152a,T5HFC152aIPPU,,2031,,,,,,0.0051,,,,,,,,,,,,,,,,,,,,,,,,,,,,,,,,
NDCincond,0,E5IPPUHFC152a,T5HFC152aIPPU,,2032,,,,,,0.005,,,,,,,,,,,,,,,,,,,,,,,,,,,,,,,,
NDCincond,0,E5IPPUHFC152a,T5HFC152aIPPU,,2033,,,,,,0.005,,,,,,,,,,,,,,,,,,,,,,,,,,,,,,,,
NDCincond,0,E5IPPUHFC152a,T5HFC152aIPPU,,2034,,,,,,0.005,,,,,,,,,,,,,,,,,,,,,,,,,,,,,,,,
NDCincond,0,E5IPPUHFC152a,T5HFC152aIPPU,,2035,,,,,,0.0049,,,,,,,,,,,,,,,,,,,,,,,,,,,,,,,,
NDCincond,0,LIME_PROD,LIME_PROD,,2010,,,,,,0.0665,,,,,,,,,,,,,,,,,,,,,,,,,,,,,,,,
NDCincond,0,LIME_PROD,LIME_PROD,,2011,,,,,,0.0692,,,,,,,,,,,,,,,,,,,,,,,,,,,,,,,,
NDCincond,0,LIME_PROD,LIME_PROD,,2012,,,,,,0.0719,,,,,,,,,,,,,,,,,,,,,,,,,,,,,,,,
NDCincond,0,LIME_PROD,LIME_PROD,,2013,,,,,,0.0742,,,,,,,,,,,,,,,,,,,,,,,,,,,,,,,,
NDCincond,0,LIME_PROD,LIME_PROD,,2014,,,,,,0.0766,,,,,,,,,,,,,,,,,,,,,,,,,,,,,,,,
NDCincond,0,LIME_PROD,LIME_PROD,,2015,,,,,,0.0852,,,,,,,,,,,,,,,,,,,,,,,,,,,,,,,,
NDCincond,0,LIME_PROD,LIME_PROD,,2016,,,,,,0.0938,,,,,,,,,,,,,,,,,,,,,,,,,,,,,,,,
NDCincond,0,LIME_PROD,LIME_PROD,,2017,,,,,,0.1005,,,,,,,,,,,,,,,,,,,,,,,,,,,,,,,,
NDCincond,0,LIME_PROD,LIME_PROD,,2018,,,,,,0.1071,,,,,,,,,,,,,,,,,,,,,,,,,,,,,,,,
NDCincond,0,LIME_PROD,LIME_PROD,,2019,,,,,,0.1144,,,,,,,,,,,,,,,,,,,,,,,,,,,,,,,,
NDCincond,0,LIME_PROD,LIME_PROD,,2020,,,,,,0.1216,,,,,,,,,,,,,,,,,,,,,,,,,,,,,,,,
NDCincond,0,LIME_PROD,LIME_PROD,,2021,,,,,,0.2199,,,,,,,,,,,,,,,,,,,,,,,,,,,,,,,,
NDCincond,0,LIME_PROD,LIME_PROD,,2022,,,,,,0.1791,,,,,,,,,,,,,,,,,,,,,,,,,,,,,,,,
NDCincond,0,LIME_PROD,LIME_PROD,,2023,,,,,,0.1829,,,,,,,,,,,,,,,,,,,,,,,,,,,,,,,,
NDCincond,0,LIME_PROD,LIME_PROD,,2024,,,,,,0.1868,,,,,,,,,,,,,,,,,,,,,,,,,,,,,,,,
NDCincond,0,LIME_PROD,LIME_PROD,,2025,,,,,,0.1908,,,,,,,,,,,,,,,,,,,,,,,,,,,,,,,,
NDCincond,0,LIME_PROD,LIME_PROD,,2026,,,,,,0.1949,,,,,,,,,,,,,,,,,,,,,,,,,,,,,,,,
NDCincond,0,LIME_PROD,LIME_PROD,,2027,,,,,,0.1991,,,,,,,,,,,,,,,,,,,,,,,,,,,,,,,,
NDCincond,0,LIME_PROD,LIME_PROD,,2028,,,,,,0.2034,,,,,,,,,,,,,,,,,,,,,,,,,,,,,,,,
NDCincond,0,LIME_PROD,LIME_PROD,,2029,,,,,,0.2077,,,,,,,,,,,,,,,,,,,,,,,,,,,,,,,,
NDCincond,0,LIME_PROD,LIME_PROD,,2030,,,,,,0.2121,,,,,,,,,,,,,,,,,,,,,,,,,,,,,,,,
NDCincond,0,LIME_PROD,LIME_PROD,,2031,,,,,,0.2167,,,,,,,,,,,,,,,,,,,,,,,,,,,,,,,,
NDCincond,0,LIME_PROD,LIME_PROD,,2032,,,,,,0.2213,,,,,,,,,,,,,,,,,,,,,,,,,,,,,,,,
NDCincond,0,LIME_PROD,LIME_PROD,,2033,,,,,,0.226,,,,,,,,,,,,,,,,,,,,,,,,,,,,,,,,
NDCincond,0,LIME_PROD,LIME_PROD,,2034,,,,,,0.2309,,,,,,,,,,,,,,,,,,,,,,,,,,,,,,,,
NDCincond,0,LIME_PROD,LIME_PROD,,2035,,,,,,0.2358,,,,,,,,,,,,,,,,,,,,,,,,,,,,,,,,
NDCincond,0,GLASS_PROD,GLASS_PROD,,2010,,,,,,0.0075,,,,,,,,,,,,,,,,,,,,,,,,,,,,,,,,
NDCincond,0,GLASS_PROD,GLASS_PROD,,2011,,,,,,0.0092,,,,,,,,,,,,,,,,,,,,,,,,,,,,,,,,
NDCincond,0,GLASS_PROD,GLASS_PROD,,2012,,,,,,0.0109,,,,,,,,,,,,,,,,,,,,,,,,,,,,,,,,
NDCincond,0,GLASS_PROD,GLASS_PROD,,2013,,,,,,0.0126,,,,,,,,,,,,,,,,,,,,,,,,,,,,,,,,
NDCincond,0,GLASS_PROD,GLASS_PROD,,2014,,,,,,0.0143,,,,,,,,,,,,,,,,,,,,,,,,,,,,,,,,
NDCincond,0,GLASS_PROD,GLASS_PROD,,2015,,,,,,0.0125,,,,,,,,,,,,,,,,,,,,,,,,,,,,,,,,
NDCincond,0,GLASS_PROD,GLASS_PROD,,2016,,,,,,0.0107,,,,,,,,,,,,,,,,,,,,,,,,,,,,,,,,
NDCincond,0,GLASS_PROD,GLASS_PROD,,2017,,,,,,0.0124,,,,,,,,,,,,,,,,,,,,,,,,,,,,,,,,
NDCincond,0,GLASS_PROD,GLASS_PROD,,2018,,,,,,0.0141,,,,,,,,,,,,,,,,,,,,,,,,,,,,,,,,
NDCincond,0,GLASS_PROD,GLASS_PROD,,2019,,,,,,0.0094,,,,,,,,,,,,,,,,,,,,,,,,,,,,,,,,
NDCincond,0,GLASS_PROD,GLASS_PROD,,2020,,,,,,0.0047,,,,,,,,,,,,,,,,,,,,,,,,,,,,,,,,
NDCincond,0,GLASS_PROD,GLASS_PROD,,2021,,,,,,0.0089,,,,,,,,,,,,,,,,,,,,,,,,,,,,,,,,
NDCincond,0,GLASS_PROD,GLASS_PROD,,2022,,,,,,0.0081,,,,,,,,,,,,,,,,,,,,,,,,,,,,,,,,
NDCincond,0,GLASS_PROD,GLASS_PROD,,2023,,,,,,0.0083,,,,,,,,,,,,,,,,,,,,,,,,,,,,,,,,
NDCincond,0,GLASS_PROD,GLASS_PROD,,2024,,,,,,0.0084,,,,,,,,,,,,,,,,,,,,,,,,,,,,,,,,
NDCincond,0,GLASS_PROD,GLASS_PROD,,2025,,,,,,0.0086,,,,,,,,,,,,,,,,,,,,,,,,,,,,,,,,
NDCincond,0,GLASS_PROD,GLASS_PROD,,2026,,,,,,0.0088,,,,,,,,,,,,,,,,,,,,,,,,,,,,,,,,
NDCincond,0,GLASS_PROD,GLASS_PROD,,2027,,,,,,0.009,,,,,,,,,,,,,,,,,,,,,,,,,,,,,,,,
NDCincond,0,GLASS_PROD,GLASS_PROD,,2028,,,,,,0.0092,,,,,,,,,,,,,,,,,,,,,,,,,,,,,,,,
NDCincond,0,GLASS_PROD,GLASS_PROD,,2029,,,,,,0.0094,,,,,,,,,,,,,,,,,,,,,,,,,,,,,,,,
NDCincond,0,GLASS_PROD,GLASS_PROD,,2030,,,,,,0.0096,,,,,,,,,,,,,,,,,,,,,,,,,,,,,,,,
NDCincond,0,GLASS_PROD,GLASS_PROD,,2031,,,,,,0.0098,,,,,,,,,,,,,,,,,,,,,,,,,,,,,,,,
NDCincond,0,GLASS_PROD,GLASS_PROD,,2032,,,,,,0.01,,,,,,,,,,,,,,,,,,,,,,,,,,,,,,,,
NDCincond,0,GLASS_PROD,GLASS_PROD,,2033,,,,,,0.0102,,,,,,,,,,,,,,,,,,,,,,,,,,,,,,,,
NDCincond,0,GLASS_PROD,GLASS_PROD,,2034,,,,,,0.0104,,,,,,,,,,,,,,,,,,,,,,,,,,,,,,,,
NDCincond,0,GLASS_PROD,GLASS_PROD,,2035,,,,,,0.0107,,,,,,,,,,,,,,,,,,,,,,,,,,,,,,,,
NDCincond,0,CERAMICS,CERAMICS,,2010,,,,,,0.3181,,,,,,,,,,,,,,,,,,,,,,,,,,,,,,,,
NDCincond,0,CERAMICS,CERAMICS,,2011,,,,,,0.4096,,,,,,,,,,,,,,,,,,,,,,,,,,,,,,,,
NDCincond,0,CERAMICS,CERAMICS,,2012,,,,,,0.5012,,,,,,,,,,,,,,,,,,,,,,,,,,,,,,,,
NDCincond,0,CERAMICS,CERAMICS,,2013,,,,,,0.4401,,,,,,,,,,,,,,,,,,,,,,,,,,,,,,,,
NDCincond,0,CERAMICS,CERAMICS,,2014,,,,,,0.3789,,,,,,,,,,,,,,,,,,,,,,,,,,,,,,,,
NDCincond,0,CERAMICS,CERAMICS,,2015,,,,,,0.383,,,,,,,,,,,,,,,,,,,,,,,,,,,,,,,,
NDCincond,0,CERAMICS,CERAMICS,,2016,,,,,,0.3872,,,,,,,,,,,,,,,,,,,,,,,,,,,,,,,,
NDCincond,0,CERAMICS,CERAMICS,,2017,,,,,,0.296,,,,,,,,,,,,,,,,,,,,,,,,,,,,,,,,
NDCincond,0,CERAMICS,CERAMICS,,2018,,,,,,0.2049,,,,,,,,,,,,,,,,,,,,,,,,,,,,,,,,
NDCincond,0,CERAMICS,CERAMICS,,2019,,,,,,0.1522,,,,,,,,,,,,,,,,,,,,,,,,,,,,,,,,
NDCincond,0,CERAMICS,CERAMICS,,2020,,,,,,0.0995,,,,,,,,,,,,,,,,,,,,,,,,,,,,,,,,
NDCincond,0,CERAMICS,CERAMICS,,2021,,,,,,0.0446,,,,,,,,,,,,,,,,,,,,,,,,,,,,,,,,
NDCincond,0,CERAMICS,CERAMICS,,2022,,,,,,0.2117,,,,,,,,,,,,,,,,,,,,,,,,,,,,,,,,
NDCincond,0,CERAMICS,CERAMICS,,2023,,,,,,0.2162,,,,,,,,,,,,,,,,,,,,,,,,,,,,,,,,
NDCincond,0,CERAMICS,CERAMICS,,2024,,,,,,0.2208,,,,,,,,,,,,,,,,,,,,,,,,,,,,,,,,
NDCincond,0,CERAMICS,CERAMICS,,2025,,,,,,0.2256,,,,,,,,,,,,,,,,,,,,,,,,,,,,,,,,
NDCincond,0,CERAMICS,CERAMICS,,2026,,,,,,0.2304,,,,,,,,,,,,,,,,,,,,,,,,,,,,,,,,
NDCincond,0,CERAMICS,CERAMICS,,2027,,,,,,0.2353,,,,,,,,,,,,,,,,,,,,,,,,,,,,,,,,
NDCincond,0,CERAMICS,CERAMICS,,2028,,,,,,0.2404,,,,,,,,,,,,,,,,,,,,,,,,,,,,,,,,
NDCincond,0,CERAMICS,CERAMICS,,2029,,,,,,0.2455,,,,,,,,,,,,,,,,,,,,,,,,,,,,,,,,
NDCincond,0,CERAMICS,CERAMICS,,2030,,,,,,0.2507,,,,,,,,,,,,,,,,,,,,,,,,,,,,,,,,
NDCincond,0,CERAMICS,CERAMICS,,2031,,,,,,0.2561,,,,,,,,,,,,,,,,,,,,,,,,,,,,,,,,
NDCincond,0,CERAMICS,CERAMICS,,2032,,,,,,0.2616,,,,,,,,,,,,,,,,,,,,,,,,,,,,,,,,
NDCincond,0,CERAMICS,CERAMICS,,2033,,,,,,0.2672,,,,,,,,,,,,,,,,,,,,,,,,,,,,,,,,
NDCincond,0,CERAMICS,CERAMICS,,2034,,,,,,0.2729,,,,,,,,,,,,,,,,,,,,,,,,,,,,,,,,
NDCincond,0,CERAMICS,CERAMICS,,2035,,,,,,0.2787,,,,,,,,,,,,,,,,,,,,,,,,,,,,,,,,
NDCincond,0,SODA_ASH,SODA_ASH,,2012,,,,,,0.0018,,,,,,,,,,,,,,,,,,,,,,,,,,,,,,,,
NDCincond,0,SODA_ASH,SODA_ASH,,2013,,,,,,0.0018,,,,,,,,,,,,,,,,,,,,,,,,,,,,,,,,
NDCincond,0,SODA_ASH,SODA_ASH,,2014,,,,,,0.0018,,,,,,,,,,,,,,,,,,,,,,,,,,,,,,,,
NDCincond,0,SODA_ASH,SODA_ASH,,2017,,,,,,0.0015,,,,,,,,,,,,,,,,,,,,,,,,,,,,,,,,
NDCincond,0,SODA_ASH,SODA_ASH,,2018,,,,,,0.0031,,,,,,,,,,,,,,,,,,,,,,,,,,,,,,,,
NDCincond,0,SODA_ASH,SODA_ASH,,2019,,,,,,0.0058,,,,,,,,,,,,,,,,,,,,,,,,,,,,,,,,
NDCincond,0,SODA_ASH,SODA_ASH,,2020,,,,,,0.0085,,,,,,,,,,,,,,,,,,,,,,,,,,,,,,,,
NDCincond,0,SODA_ASH,SODA_ASH,,2021,,,,,,0.0012,,,,,,,,,,,,,,,,,,,,,,,,,,,,,,,,
NDCincond,0,SODA_ASH,SODA_ASH,,2022,,,,,,0.0017,,,,,,,,,,,,,,,,,,,,,,,,,,,,,,,,
NDCincond,0,SODA_ASH,SODA_ASH,,2023,,,,,,0.0017,,,,,,,,,,,,,,,,,,,,,,,,,,,,,,,,
NDCincond,0,SODA_ASH,SODA_ASH,,2024,,,,,,0.0018,,,,,,,,,,,,,,,,,,,,,,,,,,,,,,,,
NDCincond,0,SODA_ASH,SODA_ASH,,2025,,,,,,0.0018,,,,,,,,,,,,,,,,,,,,,,,,,,,,,,,,
NDCincond,0,SODA_ASH,SODA_ASH,,2026,,,,,,0.0019,,,,,,,,,,,,,,,,,,,,,,,,,,,,,,,,
NDCincond,0,SODA_ASH,SODA_ASH,,2027,,,,,,0.0019,,,,,,,,,,,,,,,,,,,,,,,,,,,,,,,,
NDCincond,0,SODA_ASH,SODA_ASH,,2028,,,,,,0.0019,,,,,,,,,,,,,,,,,,,,,,,,,,,,,,,,
NDCincond,0,SODA_ASH,SODA_ASH,,2029,,,,,,0.002,,,,,,,,,,,,,,,,,,,,,,,,,,,,,,,,
NDCincond,0,SODA_ASH,SODA_ASH,,2030,,,,,,0.002,,,,,,,,,,,,,,,,,,,,,,,,,,,,,,,,
NDCincond,0,SODA_ASH,SODA_ASH,,2031,,,,,,0.0021,,,,,,,,,,,,,,,,,,,,,,,,,,,,,,,,
NDCincond,0,SODA_ASH,SODA_ASH,,2032,,,,,,0.0021,,,,,,,,,,,,,,,,,,,,,,,,,,,,,,,,
NDCincond,0,SODA_ASH,SODA_ASH,,2033,,,,,,0.0021,,,,,,,,,,,,,,,,,,,,,,,,,,,,,,,,
NDCincond,0,SODA_ASH,SODA_ASH,,2034,,,,,,0.0022,,,,,,,,,,,,,,,,,,,,,,,,,,,,,,,,
NDCincond,0,SODA_ASH,SODA_ASH,,2035,,,,,,0.0022,,,,,,,,,,,,,,,,,,,,,,,,,,,,,,,,
NDCincond,0,IRON_STEEL,IRON_STEEL,,2010,,,,,,0.0298,,,,,,,,,,,,,,,,,,,,,,,,,,,,,,,,
NDCincond,0,IRON_STEEL,IRON_STEEL,,2011,,,,,,0.0317,,,,,,,,,,,,,,,,,,,,,,,,,,,,,,,,
NDCincond,0,IRON_STEEL,IRON_STEEL,,2012,,,,,,0.0336,,,,,,,,,,,,,,,,,,,,,,,,,,,,,,,,
NDCincond,0,IRON_STEEL,IRON_STEEL,,2013,,,,,,0.0357,,,,,,,,,,,,,,,,,,,,,,,,,,,,,,,,
NDCincond,0,IRON_STEEL,IRON_STEEL,,2014,,,,,,0.0378,,,,,,,,,,,,,,,,,,,,,,,,,,,,,,,,
NDCincond,0,IRON_STEEL,IRON_STEEL,,2015,,,,,,0.0404,,,,,,,,,,,,,,,,,,,,,,,,,,,,,,,,
NDCincond,0,IRON_STEEL,IRON_STEEL,,2016,,,,,,0.0429,,,,,,,,,,,,,,,,,,,,,,,,,,,,,,,,
NDCincond,0,IRON_STEEL,IRON_STEEL,,2017,,,,,,0.0496,,,,,,,,,,,,,,,,,,,,,,,,,,,,,,,,
NDCincond,0,IRON_STEEL,IRON_STEEL,,2018,,,,,,0.0564,,,,,,,,,,,,,,,,,,,,,,,,,,,,,,,,
NDCincond,0,IRON_STEEL,IRON_STEEL,,2019,,,,,,0.0459,,,,,,,,,,,,,,,,,,,,,,,,,,,,,,,,
NDCincond,0,IRON_STEEL,IRON_STEEL,,2020,,,,,,0.0354,,,,,,,,,,,,,,,,,,,,,,,,,,,,,,,,
NDCincond,0,IRON_STEEL,IRON_STEEL,,2021,,,,,,0.0779,,,,,,,,,,,,,,,,,,,,,,,,,,,,,,,,
NDCincond,0,IRON_STEEL,IRON_STEEL,,2022,,,,,,0.0801,,,,,,,,,,,,,,,,,,,,,,,,,,,,,,,,
NDCincond,0,IRON_STEEL,IRON_STEEL,,2023,,,,,,0.0818,,,,,,,,,,,,,,,,,,,,,,,,,,,,,,,,
NDCincond,0,IRON_STEEL,IRON_STEEL,,2024,,,,,,0.0836,,,,,,,,,,,,,,,,,,,,,,,,,,,,,,,,
NDCincond,0,IRON_STEEL,IRON_STEEL,,2025,,,,,,0.0853,,,,,,,,,,,,,,,,,,,,,,,,,,,,,,,,
NDCincond,0,IRON_STEEL,IRON_STEEL,,2026,,,,,,0.0872,,,,,,,,,,,,,,,,,,,,,,,,,,,,,,,,
NDCincond,0,IRON_STEEL,IRON_STEEL,,2027,,,,,,0.089,,,,,,,,,,,,,,,,,,,,,,,,,,,,,,,,
NDCincond,0,IRON_STEEL,IRON_STEEL,,2028,,,,,,0.0909,,,,,,,,,,,,,,,,,,,,,,,,,,,,,,,,
NDCincond,0,IRON_STEEL,IRON_STEEL,,2029,,,,,,0.0929,,,,,,,,,,,,,,,,,,,,,,,,,,,,,,,,
NDCincond,0,IRON_STEEL,IRON_STEEL,,2030,,,,,,0.0949,,,,,,,,,,,,,,,,,,,,,,,,,,,,,,,,
NDCincond,0,IRON_STEEL,IRON_STEEL,,2031,,,,,,0.0969,,,,,,,,,,,,,,,,,,,,,,,,,,,,,,,,
NDCincond,0,IRON_STEEL,IRON_STEEL,,2032,,,,,,0.099,,,,,,,,,,,,,,,,,,,,,,,,,,,,,,,,
NDCincond,0,IRON_STEEL,IRON_STEEL,,2033,,,,,,0.1011,,,,,,,,,,,,,,,,,,,,,,,,,,,,,,,,
NDCincond,0,IRON_STEEL,IRON_STEEL,,2034,,,,,,0.1032,,,,,,,,,,,,,,,,,,,,,,,,,,,,,,,,
NDCincond,0,IRON_STEEL,IRON_STEEL,,2035,,,,,,0.1055,,,,,,,,,,,,,,,,,,,,,,,,,,,,,,,,
NDCincond,0,LEAD_PROD,LEAD_PROD,,2010,,,,,,0.0013,,,,,,,,,,,,,,,,,,,,,,,,,,,,,,,,
NDCincond,0,LEAD_PROD,LEAD_PROD,,2011,,,,,,0.0016,,,,,,,,,,,,,,,,,,,,,,,,,,,,,,,,
NDCincond,0,LEAD_PROD,LEAD_PROD,,2012,,,,,,0.0019,,,,,,,,,,,,,,,,,,,,,,,,,,,,,,,,
NDCincond,0,LEAD_PROD,LEAD_PROD,,2013,,,,,,0.0023,,,,,,,,,,,,,,,,,,,,,,,,,,,,,,,,
NDCincond,0,LEAD_PROD,LEAD_PROD,,2014,,,,,,0.0027,,,,,,,,,,,,,,,,,,,,,,,,,,,,,,,,
NDCincond,0,LEAD_PROD,LEAD_PROD,,2015,,,,,,0.0029,,,,,,,,,,,,,,,,,,,,,,,,,,,,,,,,
NDCincond,0,LEAD_PROD,LEAD_PROD,,2016,,,,,,0.003,,,,,,,,,,,,,,,,,,,,,,,,,,,,,,,,
NDCincond,0,LEAD_PROD,LEAD_PROD,,2017,,,,,,0.0035,,,,,,,,,,,,,,,,,,,,,,,,,,,,,,,,
NDCincond,0,LEAD_PROD,LEAD_PROD,,2018,,,,,,0.004,,,,,,,,,,,,,,,,,,,,,,,,,,,,,,,,
NDCincond,0,LEAD_PROD,LEAD_PROD,,2019,,,,,,0.007,,,,,,,,,,,,,,,,,,,,,,,,,,,,,,,,
NDCincond,0,LEAD_PROD,LEAD_PROD,,2020,,,,,,0.01,,,,,,,,,,,,,,,,,,,,,,,,,,,,,,,,
NDCincond,0,LEAD_PROD,LEAD_PROD,,2021,,,,,,0.0087,,,,,,,,,,,,,,,,,,,,,,,,,,,,,,,,
NDCincond,0,LEAD_PROD,LEAD_PROD,,2022,,,,,,0.0066,,,,,,,,,,,,,,,,,,,,,,,,,,,,,,,,
NDCincond,0,LEAD_PROD,LEAD_PROD,,2023,,,,,,0.0067,,,,,,,,,,,,,,,,,,,,,,,,,,,,,,,,
NDCincond,0,LEAD_PROD,LEAD_PROD,,2024,,,,,,0.0069,,,,,,,,,,,,,,,,,,,,,,,,,,,,,,,,
NDCincond,0,LEAD_PROD,LEAD_PROD,,2025,,,,,,0.007,,,,,,,,,,,,,,,,,,,,,,,,,,,,,,,,
NDCincond,0,LEAD_PROD,LEAD_PROD,,2026,,,,,,0.0072,,,,,,,,,,,,,,,,,,,,,,,,,,,,,,,,
NDCincond,0,LEAD_PROD,LEAD_PROD,,2027,,,,,,0.0073,,,,,,,,,,,,,,,,,,,,,,,,,,,,,,,,
NDCincond,0,LEAD_PROD,LEAD_PROD,,2028,,,,,,0.0075,,,,,,,,,,,,,,,,,,,,,,,,,,,,,,,,
NDCincond,0,LEAD_PROD,LEAD_PROD,,2029,,,,,,0.0077,,,,,,,,,,,,,,,,,,,,,,,,,,,,,,,,
NDCincond,0,LEAD_PROD,LEAD_PROD,,2030,,,,,,0.0078,,,,,,,,,,,,,,,,,,,,,,,,,,,,,,,,
NDCincond,0,LEAD_PROD,LEAD_PROD,,2031,,,,,,0.008,,,,,,,,,,,,,,,,,,,,,,,,,,,,,,,,
NDCincond,0,LEAD_PROD,LEAD_PROD,,2032,,,,,,0.0082,,,,,,,,,,,,,,,,,,,,,,,,,,,,,,,,
NDCincond,0,LEAD_PROD,LEAD_PROD,,2033,,,,,,0.0083,,,,,,,,,,,,,,,,,,,,,,,,,,,,,,,,
NDCincond,0,LEAD_PROD,LEAD_PROD,,2034,,,,,,0.0085,,,,,,,,,,,,,,,,,,,,,,,,,,,,,,,,
NDCincond,0,LEAD_PROD,LEAD_PROD,,2035,,,,,,0.0087,,,,,,,,,,,,,,,,,,,,,,,,,,,,,,,,
NDCincond,0,LUBRI,LUBRI,,2013,,,,,,0.0028,,,,,,,,,,,,,,,,,,,,,,,,,,,,,,,,
NDCincond,0,LUBRI,LUBRI,,2014,,,,,,0.0054,,,,,,,,,,,,,,,,,,,,,,,,,,,,,,,,
NDCincond,0,LUBRI,LUBRI,,2015,,,,,,0.0056,,,,,,,,,,,,,,,,,,,,,,,,,,,,,,,,
NDCincond,0,LUBRI,LUBRI,,2016,,,,,,0.0057,,,,,,,,,,,,,,,,,,,,,,,,,,,,,,,,
NDCincond,0,LUBRI,LUBRI,,2017,,,,,,0.0053,,,,,,,,,,,,,,,,,,,,,,,,,,,,,,,,
NDCincond,0,LUBRI,LUBRI,,2018,,,,,,0.0049,,,,,,,,,,,,,,,,,,,,,,,,,,,,,,,,
NDCincond,0,LUBRI,LUBRI,,2019,,,,,,0.0043,,,,,,,,,,,,,,,,,,,,,,,,,,,,,,,,
NDCincond,0,LUBRI,LUBRI,,2020,,,,,,0.0037,,,,,,,,,,,,,,,,,,,,,,,,,,,,,,,,
NDCincond,0,LUBRI,LUBRI,,2021,,,,,,0.0036,,,,,,,,,,,,,,,,,,,,,,,,,,,,,,,,
NDCincond,0,LUBRI,LUBRI,,2022,,,,,,0.003,,,,,,,,,,,,,,,,,,,,,,,,,,,,,,,,
NDCincond,0,LUBRI,LUBRI,,2023,,,,,,0.0031,,,,,,,,,,,,,,,,,,,,,,,,,,,,,,,,
NDCincond,0,LUBRI,LUBRI,,2024,,,,,,0.0031,,,,,,,,,,,,,,,,,,,,,,,,,,,,,,,,
NDCincond,0,LUBRI,LUBRI,,2025,,,,,,0.0032,,,,,,,,,,,,,,,,,,,,,,,,,,,,,,,,
NDCincond,0,LUBRI,LUBRI,,2026,,,,,,0.0033,,,,,,,,,,,,,,,,,,,,,,,,,,,,,,,,
NDCincond,0,LUBRI,LUBRI,,2027,,,,,,0.0033,,,,,,,,,,,,,,,,,,,,,,,,,,,,,,,,
NDCincond,0,LUBRI,LUBRI,,2028,,,,,,0.0034,,,,,,,,,,,,,,,,,,,,,,,,,,,,,,,,
NDCincond,0,LUBRI,LUBRI,,2029,,,,,,0.0035,,,,,,,,,,,,,,,,,,,,,,,,,,,,,,,,
NDCincond,0,LUBRI,LUBRI,,2030,,,,,,0.0036,,,,,,,,,,,,,,,,,,,,,,,,,,,,,,,,
NDCincond,0,LUBRI,LUBRI,,2031,,,,,,0.0036,,,,,,,,,,,,,,,,,,,,,,,,,,,,,,,,
NDCincond,0,LUBRI,LUBRI,,2032,,,,,,0.0037,,,,,,,,,,,,,,,,,,,,,,,,,,,,,,,,
NDCincond,0,LUBRI,LUBRI,,2033,,,,,,0.0038,,,,,,,,,,,,,,,,,,,,,,,,,,,,,,,,
NDCincond,0,LUBRI,LUBRI,,2034,,,,,,0.0039,,,,,,,,,,,,,,,,,,,,,,,,,,,,,,,,
NDCincond,0,LUBRI,LUBRI,,2035,,,,,,0.0039,,,,,,,,,,,,,,,,,,,,,,,,,,,,,,,,
NDCincond,0,E5IPPULIME_PROD,T5LIME_PRODIPPU,,2010,,,,,,0.0665,,,,,,,,,,,,,,,,,,,,,,,,,,,,,,,,
NDCincond,0,E5IPPULIME_PROD,T5LIME_PRODIPPU,,2011,,,,,,0.0692,,,,,,,,,,,,,,,,,,,,,,,,,,,,,,,,
NDCincond,0,E5IPPULIME_PROD,T5LIME_PRODIPPU,,2012,,,,,,0.0719,,,,,,,,,,,,,,,,,,,,,,,,,,,,,,,,
NDCincond,0,E5IPPULIME_PROD,T5LIME_PRODIPPU,,2013,,,,,,0.0742,,,,,,,,,,,,,,,,,,,,,,,,,,,,,,,,
NDCincond,0,E5IPPULIME_PROD,T5LIME_PRODIPPU,,2014,,,,,,0.0766,,,,,,,,,,,,,,,,,,,,,,,,,,,,,,,,
NDCincond,0,E5IPPULIME_PROD,T5LIME_PRODIPPU,,2015,,,,,,0.0852,,,,,,,,,,,,,,,,,,,,,,,,,,,,,,,,
NDCincond,0,E5IPPULIME_PROD,T5LIME_PRODIPPU,,2016,,,,,,0.0938,,,,,,,,,,,,,,,,,,,,,,,,,,,,,,,,
NDCincond,0,E5IPPULIME_PROD,T5LIME_PRODIPPU,,2017,,,,,,0.1005,,,,,,,,,,,,,,,,,,,,,,,,,,,,,,,,
NDCincond,0,E5IPPULIME_PROD,T5LIME_PRODIPPU,,2018,,,,,,0.1071,,,,,,,,,,,,,,,,,,,,,,,,,,,,,,,,
NDCincond,0,E5IPPULIME_PROD,T5LIME_PRODIPPU,,2019,,,,,,0.1144,,,,,,,,,,,,,,,,,,,,,,,,,,,,,,,,
NDCincond,0,E5IPPULIME_PROD,T5LIME_PRODIPPU,,2020,,,,,,0.1216,,,,,,,,,,,,,,,,,,,,,,,,,,,,,,,,
NDCincond,0,E5IPPULIME_PROD,T5LIME_PRODIPPU,,2021,,,,,,0.2199,,,,,,,,,,,,,,,,,,,,,,,,,,,,,,,,
NDCincond,0,E5IPPULIME_PROD,T5LIME_PRODIPPU,,2022,,,,,,0.1791,,,,,,,,,,,,,,,,,,,,,,,,,,,,,,,,
NDCincond,0,E5IPPULIME_PROD,T5LIME_PRODIPPU,,2023,,,,,,0.1829,,,,,,,,,,,,,,,,,,,,,,,,,,,,,,,,
NDCincond,0,E5IPPULIME_PROD,T5LIME_PRODIPPU,,2024,,,,,,0.1868,,,,,,,,,,,,,,,,,,,,,,,,,,,,,,,,
NDCincond,0,E5IPPULIME_PROD,T5LIME_PRODIPPU,,2025,,,,,,0.1908,,,,,,,,,,,,,,,,,,,,,,,,,,,,,,,,
NDCincond,0,E5IPPULIME_PROD,T5LIME_PRODIPPU,,2026,,,,,,0.1949,,,,,,,,,,,,,,,,,,,,,,,,,,,,,,,,
NDCincond,0,E5IPPULIME_PROD,T5LIME_PRODIPPU,,2027,,,,,,0.1991,,,,,,,,,,,,,,,,,,,,,,,,,,,,,,,,
NDCincond,0,E5IPPULIME_PROD,T5LIME_PRODIPPU,,2028,,,,,,0.2034,,,,,,,,,,,,,,,,,,,,,,,,,,,,,,,,
NDCincond,0,E5IPPULIME_PROD,T5LIME_PRODIPPU,,2029,,,,,,0.2077,,,,,,,,,,,,,,,,,,,,,,,,,,,,,,,,
NDCincond,0,E5IPPULIME_PROD,T5LIME_PRODIPPU,,2030,,,,,,0.2121,,,,,,,,,,,,,,,,,,,,,,,,,,,,,,,,
NDCincond,0,E5IPPULIME_PROD,T5LIME_PRODIPPU,,2031,,,,,,0.2167,,,,,,,,,,,,,,,,,,,,,,,,,,,,,,,,
NDCincond,0,E5IPPULIME_PROD,T5LIME_PRODIPPU,,2032,,,,,,0.2213,,,,,,,,,,,,,,,,,,,,,,,,,,,,,,,,
NDCincond,0,E5IPPULIME_PROD,T5LIME_PRODIPPU,,2033,,,,,,0.226,,,,,,,,,,,,,,,,,,,,,,,,,,,,,,,,
NDCincond,0,E5IPPULIME_PROD,T5LIME_PRODIPPU,,2034,,,,,,0.2309,,,,,,,,,,,,,,,,,,,,,,,,,,,,,,,,
NDCincond,0,E5IPPULIME_PROD,T5LIME_PRODIPPU,,2035,,,,,,0.2358,,,,,,,,,,,,,,,,,,,,,,,,,,,,,,,,
NDCincond,0,E5IPPUGLASS_PROD,T5GLASS_PRODIPPU,,2010,,,,,,0.0075,,,,,,,,,,,,,,,,,,,,,,,,,,,,,,,,
NDCincond,0,E5IPPUGLASS_PROD,T5GLASS_PRODIPPU,,2011,,,,,,0.0092,,,,,,,,,,,,,,,,,,,,,,,,,,,,,,,,
NDCincond,0,E5IPPUGLASS_PROD,T5GLASS_PRODIPPU,,2012,,,,,,0.0109,,,,,,,,,,,,,,,,,,,,,,,,,,,,,,,,
NDCincond,0,E5IPPUGLASS_PROD,T5GLASS_PRODIPPU,,2013,,,,,,0.0126,,,,,,,,,,,,,,,,,,,,,,,,,,,,,,,,
NDCincond,0,E5IPPUGLASS_PROD,T5GLASS_PRODIPPU,,2014,,,,,,0.0143,,,,,,,,,,,,,,,,,,,,,,,,,,,,,,,,
NDCincond,0,E5IPPUGLASS_PROD,T5GLASS_PRODIPPU,,2015,,,,,,0.0125,,,,,,,,,,,,,,,,,,,,,,,,,,,,,,,,
NDCincond,0,E5IPPUGLASS_PROD,T5GLASS_PRODIPPU,,2016,,,,,,0.0107,,,,,,,,,,,,,,,,,,,,,,,,,,,,,,,,
NDCincond,0,E5IPPUGLASS_PROD,T5GLASS_PRODIPPU,,2017,,,,,,0.0124,,,,,,,,,,,,,,,,,,,,,,,,,,,,,,,,
NDCincond,0,E5IPPUGLASS_PROD,T5GLASS_PRODIPPU,,2018,,,,,,0.0141,,,,,,,,,,,,,,,,,,,,,,,,,,,,,,,,
NDCincond,0,E5IPPUGLASS_PROD,T5GLASS_PRODIPPU,,2019,,,,,,0.0094,,,,,,,,,,,,,,,,,,,,,,,,,,,,,,,,
NDCincond,0,E5IPPUGLASS_PROD,T5GLASS_PRODIPPU,,2020,,,,,,0.0047,,,,,,,,,,,,,,,,,,,,,,,,,,,,,,,,
NDCincond,0,E5IPPUGLASS_PROD,T5GLASS_PRODIPPU,,2021,,,,,,0.0089,,,,,,,,,,,,,,,,,,,,,,,,,,,,,,,,
NDCincond,0,E5IPPUGLASS_PROD,T5GLASS_PRODIPPU,,2022,,,,,,0.0081,,,,,,,,,,,,,,,,,,,,,,,,,,,,,,,,
NDCincond,0,E5IPPUGLASS_PROD,T5GLASS_PRODIPPU,,2023,,,,,,0.0083,,,,,,,,,,,,,,,,,,,,,,,,,,,,,,,,
NDCincond,0,E5IPPUGLASS_PROD,T5GLASS_PRODIPPU,,2024,,,,,,0.0084,,,,,,,,,,,,,,,,,,,,,,,,,,,,,,,,
NDCincond,0,E5IPPUGLASS_PROD,T5GLASS_PRODIPPU,,2025,,,,,,0.0086,,,,,,,,,,,,,,,,,,,,,,,,,,,,,,,,
NDCincond,0,E5IPPUGLASS_PROD,T5GLASS_PRODIPPU,,2026,,,,,,0.0088,,,,,,,,,,,,,,,,,,,,,,,,,,,,,,,,
NDCincond,0,E5IPPUGLASS_PROD,T5GLASS_PRODIPPU,,2027,,,,,,0.009,,,,,,,,,,,,,,,,,,,,,,,,,,,,,,,,
NDCincond,0,E5IPPUGLASS_PROD,T5GLASS_PRODIPPU,,2028,,,,,,0.0092,,,,,,,,,,,,,,,,,,,,,,,,,,,,,,,,
NDCincond,0,E5IPPUGLASS_PROD,T5GLASS_PRODIPPU,,2029,,,,,,0.0094,,,,,,,,,,,,,,,,,,,,,,,,,,,,,,,,
NDCincond,0,E5IPPUGLASS_PROD,T5GLASS_PRODIPPU,,2030,,,,,,0.0096,,,,,,,,,,,,,,,,,,,,,,,,,,,,,,,,
NDCincond,0,E5IPPUGLASS_PROD,T5GLASS_PRODIPPU,,2031,,,,,,0.0098,,,,,,,,,,,,,,,,,,,,,,,,,,,,,,,,
NDCincond,0,E5IPPUGLASS_PROD,T5GLASS_PRODIPPU,,2032,,,,,,0.01,,,,,,,,,,,,,,,,,,,,,,,,,,,,,,,,
NDCincond,0,E5IPPUGLASS_PROD,T5GLASS_PRODIPPU,,2033,,,,,,0.0102,,,,,,,,,,,,,,,,,,,,,,,,,,,,,,,,
NDCincond,0,E5IPPUGLASS_PROD,T5GLASS_PRODIPPU,,2034,,,,,,0.0104,,,,,,,,,,,,,,,,,,,,,,,,,,,,,,,,
NDCincond,0,E5IPPUGLASS_PROD,T5GLASS_PRODIPPU,,2035,,,,,,0.0107,,,,,,,,,,,,,,,,,,,,,,,,,,,,,,,,
NDCincond,0,E5IPPUCERAMICS,T5CERAMICSIPPU,,2010,,,,,,0.3181,,,,,,,,,,,,,,,,,,,,,,,,,,,,,,,,
NDCincond,0,E5IPPUCERAMICS,T5CERAMICSIPPU,,2011,,,,,,0.4096,,,,,,,,,,,,,,,,,,,,,,,,,,,,,,,,
NDCincond,0,E5IPPUCERAMICS,T5CERAMICSIPPU,,2012,,,,,,0.5012,,,,,,,,,,,,,,,,,,,,,,,,,,,,,,,,
NDCincond,0,E5IPPUCERAMICS,T5CERAMICSIPPU,,2013,,,,,,0.4401,,,,,,,,,,,,,,,,,,,,,,,,,,,,,,,,
NDCincond,0,E5IPPUCERAMICS,T5CERAMICSIPPU,,2014,,,,,,0.3789,,,,,,,,,,,,,,,,,,,,,,,,,,,,,,,,
NDCincond,0,E5IPPUCERAMICS,T5CERAMICSIPPU,,2015,,,,,,0.383,,,,,,,,,,,,,,,,,,,,,,,,,,,,,,,,
NDCincond,0,E5IPPUCERAMICS,T5CERAMICSIPPU,,2016,,,,,,0.3872,,,,,,,,,,,,,,,,,,,,,,,,,,,,,,,,
NDCincond,0,E5IPPUCERAMICS,T5CERAMICSIPPU,,2017,,,,,,0.296,,,,,,,,,,,,,,,,,,,,,,,,,,,,,,,,
NDCincond,0,E5IPPUCERAMICS,T5CERAMICSIPPU,,2018,,,,,,0.2049,,,,,,,,,,,,,,,,,,,,,,,,,,,,,,,,
NDCincond,0,E5IPPUCERAMICS,T5CERAMICSIPPU,,2019,,,,,,0.1522,,,,,,,,,,,,,,,,,,,,,,,,,,,,,,,,
NDCincond,0,E5IPPUCERAMICS,T5CERAMICSIPPU,,2020,,,,,,0.0995,,,,,,,,,,,,,,,,,,,,,,,,,,,,,,,,
NDCincond,0,E5IPPUCERAMICS,T5CERAMICSIPPU,,2021,,,,,,0.0446,,,,,,,,,,,,,,,,,,,,,,,,,,,,,,,,
NDCincond,0,E5IPPUCERAMICS,T5CERAMICSIPPU,,2022,,,,,,0.2117,,,,,,,,,,,,,,,,,,,,,,,,,,,,,,,,
NDCincond,0,E5IPPUCERAMICS,T5CERAMICSIPPU,,2023,,,,,,0.2162,,,,,,,,,,,,,,,,,,,,,,,,,,,,,,,,
NDCincond,0,E5IPPUCERAMICS,T5CERAMICSIPPU,,2024,,,,,,0.2208,,,,,,,,,,,,,,,,,,,,,,,,,,,,,,,,
NDCincond,0,E5IPPUCERAMICS,T5CERAMICSIPPU,,2025,,,,,,0.2256,,,,,,,,,,,,,,,,,,,,,,,,,,,,,,,,
NDCincond,0,E5IPPUCERAMICS,T5CERAMICSIPPU,,2026,,,,,,0.2304,,,,,,,,,,,,,,,,,,,,,,,,,,,,,,,,
NDCincond,0,E5IPPUCERAMICS,T5CERAMICSIPPU,,2027,,,,,,0.2353,,,,,,,,,,,,,,,,,,,,,,,,,,,,,,,,
NDCincond,0,E5IPPUCERAMICS,T5CERAMICSIPPU,,2028,,,,,,0.2404,,,,,,,,,,,,,,,,,,,,,,,,,,,,,,,,
NDCincond,0,E5IPPUCERAMICS,T5CERAMICSIPPU,,2029,,,,,,0.2455,,,,,,,,,,,,,,,,,,,,,,,,,,,,,,,,
NDCincond,0,E5IPPUCERAMICS,T5CERAMICSIPPU,,2030,,,,,,0.2507,,,,,,,,,,,,,,,,,,,,,,,,,,,,,,,,
NDCincond,0,E5IPPUCERAMICS,T5CERAMICSIPPU,,2031,,,,,,0.2561,,,,,,,,,,,,,,,,,,,,,,,,,,,,,,,,
NDCincond,0,E5IPPUCERAMICS,T5CERAMICSIPPU,,2032,,,,,,0.2616,,,,,,,,,,,,,,,,,,,,,,,,,,,,,,,,
NDCincond,0,E5IPPUCERAMICS,T5CERAMICSIPPU,,2033,,,,,,0.2672,,,,,,,,,,,,,,,,,,,,,,,,,,,,,,,,
NDCincond,0,E5IPPUCERAMICS,T5CERAMICSIPPU,,2034,,,,,,0.2729,,,,,,,,,,,,,,,,,,,,,,,,,,,,,,,,
NDCincond,0,E5IPPUCERAMICS,T5CERAMICSIPPU,,2035,,,,,,0.2787,,,,,,,,,,,,,,,,,,,,,,,,,,,,,,,,
NDCincond,0,E5IPPUSODA_ASH,T5SODA_ASHIPPU,,2012,,,,,,0.0018,,,,,,,,,,,,,,,,,,,,,,,,,,,,,,,,
NDCincond,0,E5IPPUSODA_ASH,T5SODA_ASHIPPU,,2013,,,,,,0.0018,,,,,,,,,,,,,,,,,,,,,,,,,,,,,,,,
NDCincond,0,E5IPPUSODA_ASH,T5SODA_ASHIPPU,,2014,,,,,,0.0018,,,,,,,,,,,,,,,,,,,,,,,,,,,,,,,,
NDCincond,0,E5IPPUSODA_ASH,T5SODA_ASHIPPU,,2017,,,,,,0.0015,,,,,,,,,,,,,,,,,,,,,,,,,,,,,,,,
NDCincond,0,E5IPPUSODA_ASH,T5SODA_ASHIPPU,,2018,,,,,,0.0031,,,,,,,,,,,,,,,,,,,,,,,,,,,,,,,,
NDCincond,0,E5IPPUSODA_ASH,T5SODA_ASHIPPU,,2019,,,,,,0.0058,,,,,,,,,,,,,,,,,,,,,,,,,,,,,,,,
NDCincond,0,E5IPPUSODA_ASH,T5SODA_ASHIPPU,,2020,,,,,,0.0085,,,,,,,,,,,,,,,,,,,,,,,,,,,,,,,,
NDCincond,0,E5IPPUSODA_ASH,T5SODA_ASHIPPU,,2021,,,,,,0.0012,,,,,,,,,,,,,,,,,,,,,,,,,,,,,,,,
NDCincond,0,E5IPPUSODA_ASH,T5SODA_ASHIPPU,,2022,,,,,,0.0017,,,,,,,,,,,,,,,,,,,,,,,,,,,,,,,,
NDCincond,0,E5IPPUSODA_ASH,T5SODA_ASHIPPU,,2023,,,,,,0.0017,,,,,,,,,,,,,,,,,,,,,,,,,,,,,,,,
NDCincond,0,E5IPPUSODA_ASH,T5SODA_ASHIPPU,,2024,,,,,,0.0018,,,,,,,,,,,,,,,,,,,,,,,,,,,,,,,,
NDCincond,0,E5IPPUSODA_ASH,T5SODA_ASHIPPU,,2025,,,,,,0.0018,,,,,,,,,,,,,,,,,,,,,,,,,,,,,,,,
NDCincond,0,E5IPPUSODA_ASH,T5SODA_ASHIPPU,,2026,,,,,,0.0019,,,,,,,,,,,,,,,,,,,,,,,,,,,,,,,,
NDCincond,0,E5IPPUSODA_ASH,T5SODA_ASHIPPU,,2027,,,,,,0.0019,,,,,,,,,,,,,,,,,,,,,,,,,,,,,,,,
NDCincond,0,E5IPPUSODA_ASH,T5SODA_ASHIPPU,,2028,,,,,,0.0019,,,,,,,,,,,,,,,,,,,,,,,,,,,,,,,,
NDCincond,0,E5IPPUSODA_ASH,T5SODA_ASHIPPU,,2029,,,,,,0.002,,,,,,,,,,,,,,,,,,,,,,,,,,,,,,,,
NDCincond,0,E5IPPUSODA_ASH,T5SODA_ASHIPPU,,2030,,,,,,0.002,,,,,,,,,,,,,,,,,,,,,,,,,,,,,,,,
NDCincond,0,E5IPPUSODA_ASH,T5SODA_ASHIPPU,,2031,,,,,,0.0021,,,,,,,,,,,,,,,,,,,,,,,,,,,,,,,,
NDCincond,0,E5IPPUSODA_ASH,T5SODA_ASHIPPU,,2032,,,,,,0.0021,,,,,,,,,,,,,,,,,,,,,,,,,,,,,,,,
NDCincond,0,E5IPPUSODA_ASH,T5SODA_ASHIPPU,,2033,,,,,,0.0021,,,,,,,,,,,,,,,,,,,,,,,,,,,,,,,,
NDCincond,0,E5IPPUSODA_ASH,T5SODA_ASHIPPU,,2034,,,,,,0.0022,,,,,,,,,,,,,,,,,,,,,,,,,,,,,,,,
NDCincond,0,E5IPPUSODA_ASH,T5SODA_ASHIPPU,,2035,,,,,,0.0022,,,,,,,,,,,,,,,,,,,,,,,,,,,,,,,,
NDCincond,0,E5IPPUIRON_STEEL,T5IRON_STEELIPPU,,2010,,,,,,0.0298,,,,,,,,,,,,,,,,,,,,,,,,,,,,,,,,
NDCincond,0,E5IPPUIRON_STEEL,T5IRON_STEELIPPU,,2011,,,,,,0.0317,,,,,,,,,,,,,,,,,,,,,,,,,,,,,,,,
NDCincond,0,E5IPPUIRON_STEEL,T5IRON_STEELIPPU,,2012,,,,,,0.0336,,,,,,,,,,,,,,,,,,,,,,,,,,,,,,,,
NDCincond,0,E5IPPUIRON_STEEL,T5IRON_STEELIPPU,,2013,,,,,,0.0357,,,,,,,,,,,,,,,,,,,,,,,,,,,,,,,,
NDCincond,0,E5IPPUIRON_STEEL,T5IRON_STEELIPPU,,2014,,,,,,0.0378,,,,,,,,,,,,,,,,,,,,,,,,,,,,,,,,
NDCincond,0,E5IPPUIRON_STEEL,T5IRON_STEELIPPU,,2015,,,,,,0.0404,,,,,,,,,,,,,,,,,,,,,,,,,,,,,,,,
NDCincond,0,E5IPPUIRON_STEEL,T5IRON_STEELIPPU,,2016,,,,,,0.0429,,,,,,,,,,,,,,,,,,,,,,,,,,,,,,,,
NDCincond,0,E5IPPUIRON_STEEL,T5IRON_STEELIPPU,,2017,,,,,,0.0496,,,,,,,,,,,,,,,,,,,,,,,,,,,,,,,,
NDCincond,0,E5IPPUIRON_STEEL,T5IRON_STEELIPPU,,2018,,,,,,0.0564,,,,,,,,,,,,,,,,,,,,,,,,,,,,,,,,
NDCincond,0,E5IPPUIRON_STEEL,T5IRON_STEELIPPU,,2019,,,,,,0.0459,,,,,,,,,,,,,,,,,,,,,,,,,,,,,,,,
NDCincond,0,E5IPPUIRON_STEEL,T5IRON_STEELIPPU,,2020,,,,,,0.0354,,,,,,,,,,,,,,,,,,,,,,,,,,,,,,,,
NDCincond,0,E5IPPUIRON_STEEL,T5IRON_STEELIPPU,,2021,,,,,,0.0779,,,,,,,,,,,,,,,,,,,,,,,,,,,,,,,,
NDCincond,0,E5IPPUIRON_STEEL,T5IRON_STEELIPPU,,2022,,,,,,0.0801,,,,,,,,,,,,,,,,,,,,,,,,,,,,,,,,
NDCincond,0,E5IPPUIRON_STEEL,T5IRON_STEELIPPU,,2023,,,,,,0.0818,,,,,,,,,,,,,,,,,,,,,,,,,,,,,,,,
NDCincond,0,E5IPPUIRON_STEEL,T5IRON_STEELIPPU,,2024,,,,,,0.0836,,,,,,,,,,,,,,,,,,,,,,,,,,,,,,,,
NDCincond,0,E5IPPUIRON_STEEL,T5IRON_STEELIPPU,,2025,,,,,,0.0853,,,,,,,,,,,,,,,,,,,,,,,,,,,,,,,,
NDCincond,0,E5IPPUIRON_STEEL,T5IRON_STEELIPPU,,2026,,,,,,0.0872,,,,,,,,,,,,,,,,,,,,,,,,,,,,,,,,
NDCincond,0,E5IPPUIRON_STEEL,T5IRON_STEELIPPU,,2027,,,,,,0.089,,,,,,,,,,,,,,,,,,,,,,,,,,,,,,,,
NDCincond,0,E5IPPUIRON_STEEL,T5IRON_STEELIPPU,,2028,,,,,,0.0909,,,,,,,,,,,,,,,,,,,,,,,,,,,,,,,,
NDCincond,0,E5IPPUIRON_STEEL,T5IRON_STEELIPPU,,2029,,,,,,0.0929,,,,,,,,,,,,,,,,,,,,,,,,,,,,,,,,
NDCincond,0,E5IPPUIRON_STEEL,T5IRON_STEELIPPU,,2030,,,,,,0.0949,,,,,,,,,,,,,,,,,,,,,,,,,,,,,,,,
NDCincond,0,E5IPPUIRON_STEEL,T5IRON_STEELIPPU,,2031,,,,,,0.0969,,,,,,,,,,,,,,,,,,,,,,,,,,,,,,,,
NDCincond,0,E5IPPUIRON_STEEL,T5IRON_STEELIPPU,,2032,,,,,,0.099,,,,,,,,,,,,,,,,,,,,,,,,,,,,,,,,
NDCincond,0,E5IPPUIRON_STEEL,T5IRON_STEELIPPU,,2033,,,,,,0.1011,,,,,,,,,,,,,,,,,,,,,,,,,,,,,,,,
NDCincond,0,E5IPPUIRON_STEEL,T5IRON_STEELIPPU,,2034,,,,,,0.1032,,,,,,,,,,,,,,,,,,,,,,,,,,,,,,,,
NDCincond,0,E5IPPUIRON_STEEL,T5IRON_STEELIPPU,,2035,,,,,,0.1055,,,,,,,,,,,,,,,,,,,,,,,,,,,,,,,,
NDCincond,0,E5IPPULEAD_PROD,T5LEAD_PRODIPPU,,2010,,,,,,0.0013,,,,,,,,,,,,,,,,,,,,,,,,,,,,,,,,
NDCincond,0,E5IPPULEAD_PROD,T5LEAD_PRODIPPU,,2011,,,,,,0.0016,,,,,,,,,,,,,,,,,,,,,,,,,,,,,,,,
NDCincond,0,E5IPPULEAD_PROD,T5LEAD_PRODIPPU,,2012,,,,,,0.0019,,,,,,,,,,,,,,,,,,,,,,,,,,,,,,,,
NDCincond,0,E5IPPULEAD_PROD,T5LEAD_PRODIPPU,,2013,,,,,,0.0023,,,,,,,,,,,,,,,,,,,,,,,,,,,,,,,,
NDCincond,0,E5IPPULEAD_PROD,T5LEAD_PRODIPPU,,2014,,,,,,0.0027,,,,,,,,,,,,,,,,,,,,,,,,,,,,,,,,
NDCincond,0,E5IPPULEAD_PROD,T5LEAD_PRODIPPU,,2015,,,,,,0.0029,,,,,,,,,,,,,,,,,,,,,,,,,,,,,,,,
NDCincond,0,E5IPPULEAD_PROD,T5LEAD_PRODIPPU,,2016,,,,,,0.003,,,,,,,,,,,,,,,,,,,,,,,,,,,,,,,,
NDCincond,0,E5IPPULEAD_PROD,T5LEAD_PRODIPPU,,2017,,,,,,0.0035,,,,,,,,,,,,,,,,,,,,,,,,,,,,,,,,
NDCincond,0,E5IPPULEAD_PROD,T5LEAD_PRODIPPU,,2018,,,,,,0.004,,,,,,,,,,,,,,,,,,,,,,,,,,,,,,,,
NDCincond,0,E5IPPULEAD_PROD,T5LEAD_PRODIPPU,,2019,,,,,,0.007,,,,,,,,,,,,,,,,,,,,,,,,,,,,,,,,
NDCincond,0,E5IPPULEAD_PROD,T5LEAD_PRODIPPU,,2020,,,,,,0.01,,,,,,,,,,,,,,,,,,,,,,,,,,,,,,,,
NDCincond,0,E5IPPULEAD_PROD,T5LEAD_PRODIPPU,,2021,,,,,,0.0087,,,,,,,,,,,,,,,,,,,,,,,,,,,,,,,,
NDCincond,0,E5IPPULEAD_PROD,T5LEAD_PRODIPPU,,2022,,,,,,0.0066,,,,,,,,,,,,,,,,,,,,,,,,,,,,,,,,
NDCincond,0,E5IPPULEAD_PROD,T5LEAD_PRODIPPU,,2023,,,,,,0.0067,,,,,,,,,,,,,,,,,,,,,,,,,,,,,,,,
NDCincond,0,E5IPPULEAD_PROD,T5LEAD_PRODIPPU,,2024,,,,,,0.0069,,,,,,,,,,,,,,,,,,,,,,,,,,,,,,,,
NDCincond,0,E5IPPULEAD_PROD,T5LEAD_PRODIPPU,,2025,,,,,,0.007,,,,,,,,,,,,,,,,,,,,,,,,,,,,,,,,
NDCincond,0,E5IPPULEAD_PROD,T5LEAD_PRODIPPU,,2026,,,,,,0.0072,,,,,,,,,,,,,,,,,,,,,,,,,,,,,,,,
NDCincond,0,E5IPPULEAD_PROD,T5LEAD_PRODIPPU,,2027,,,,,,0.0073,,,,,,,,,,,,,,,,,,,,,,,,,,,,,,,,
NDCincond,0,E5IPPULEAD_PROD,T5LEAD_PRODIPPU,,2028,,,,,,0.0075,,,,,,,,,,,,,,,,,,,,,,,,,,,,,,,,
NDCincond,0,E5IPPULEAD_PROD,T5LEAD_PRODIPPU,,2029,,,,,,0.0077,,,,,,,,,,,,,,,,,,,,,,,,,,,,,,,,
NDCincond,0,E5IPPULEAD_PROD,T5LEAD_PRODIPPU,,2030,,,,,,0.0078,,,,,,,,,,,,,,,,,,,,,,,,,,,,,,,,
NDCincond,0,E5IPPULEAD_PROD,T5LEAD_PRODIPPU,,2031,,,,,,0.008,,,,,,,,,,,,,,,,,,,,,,,,,,,,,,,,
NDCincond,0,E5IPPULEAD_PROD,T5LEAD_PRODIPPU,,2032,,,,,,0.0082,,,,,,,,,,,,,,,,,,,,,,,,,,,,,,,,
NDCincond,0,E5IPPULEAD_PROD,T5LEAD_PRODIPPU,,2033,,,,,,0.0083,,,,,,,,,,,,,,,,,,,,,,,,,,,,,,,,
NDCincond,0,E5IPPULEAD_PROD,T5LEAD_PRODIPPU,,2034,,,,,,0.0085,,,,,,,,,,,,,,,,,,,,,,,,,,,,,,,,
NDCincond,0,E5IPPULEAD_PROD,T5LEAD_PRODIPPU,,2035,,,,,,0.0087,,,,,,,,,,,,,,,,,,,,,,,,,,,,,,,,
NDCincond,0,E5IPPULUBRI,T5LUBRIIPPU,,2013,,,,,,0.0028,,,,,,,,,,,,,,,,,,,,,,,,,,,,,,,,
NDCincond,0,E5IPPULUBRI,T5LUBRIIPPU,,2014,,,,,,0.0054,,,,,,,,,,,,,,,,,,,,,,,,,,,,,,,,
NDCincond,0,E5IPPULUBRI,T5LUBRIIPPU,,2015,,,,,,0.0056,,,,,,,,,,,,,,,,,,,,,,,,,,,,,,,,
NDCincond,0,E5IPPULUBRI,T5LUBRIIPPU,,2016,,,,,,0.0057,,,,,,,,,,,,,,,,,,,,,,,,,,,,,,,,
NDCincond,0,E5IPPULUBRI,T5LUBRIIPPU,,2017,,,,,,0.0053,,,,,,,,,,,,,,,,,,,,,,,,,,,,,,,,
NDCincond,0,E5IPPULUBRI,T5LUBRIIPPU,,2018,,,,,,0.0049,,,,,,,,,,,,,,,,,,,,,,,,,,,,,,,,
NDCincond,0,E5IPPULUBRI,T5LUBRIIPPU,,2019,,,,,,0.0043,,,,,,,,,,,,,,,,,,,,,,,,,,,,,,,,
NDCincond,0,E5IPPULUBRI,T5LUBRIIPPU,,2020,,,,,,0.0037,,,,,,,,,,,,,,,,,,,,,,,,,,,,,,,,
NDCincond,0,E5IPPULUBRI,T5LUBRIIPPU,,2021,,,,,,0.0036,,,,,,,,,,,,,,,,,,,,,,,,,,,,,,,,
NDCincond,0,E5IPPULUBRI,T5LUBRIIPPU,,2022,,,,,,0.003,,,,,,,,,,,,,,,,,,,,,,,,,,,,,,,,
NDCincond,0,E5IPPULUBRI,T5LUBRIIPPU,,2023,,,,,,0.0031,,,,,,,,,,,,,,,,,,,,,,,,,,,,,,,,
NDCincond,0,E5IPPULUBRI,T5LUBRIIPPU,,2024,,,,,,0.0031,,,,,,,,,,,,,,,,,,,,,,,,,,,,,,,,
NDCincond,0,E5IPPULUBRI,T5LUBRIIPPU,,2025,,,,,,0.0032,,,,,,,,,,,,,,,,,,,,,,,,,,,,,,,,
NDCincond,0,E5IPPULUBRI,T5LUBRIIPPU,,2026,,,,,,0.0033,,,,,,,,,,,,,,,,,,,,,,,,,,,,,,,,
NDCincond,0,E5IPPULUBRI,T5LUBRIIPPU,,2027,,,,,,0.0033,,,,,,,,,,,,,,,,,,,,,,,,,,,,,,,,
NDCincond,0,E5IPPULUBRI,T5LUBRIIPPU,,2028,,,,,,0.0034,,,,,,,,,,,,,,,,,,,,,,,,,,,,,,,,
NDCincond,0,E5IPPULUBRI,T5LUBRIIPPU,,2029,,,,,,0.0035,,,,,,,,,,,,,,,,,,,,,,,,,,,,,,,,
NDCincond,0,E5IPPULUBRI,T5LUBRIIPPU,,2030,,,,,,0.0036,,,,,,,,,,,,,,,,,,,,,,,,,,,,,,,,
NDCincond,0,E5IPPULUBRI,T5LUBRIIPPU,,2031,,,,,,0.0036,,,,,,,,,,,,,,,,,,,,,,,,,,,,,,,,
NDCincond,0,E5IPPULUBRI,T5LUBRIIPPU,,2032,,,,,,0.0037,,,,,,,,,,,,,,,,,,,,,,,,,,,,,,,,
NDCincond,0,E5IPPULUBRI,T5LUBRIIPPU,,2033,,,,,,0.0038,,,,,,,,,,,,,,,,,,,,,,,,,,,,,,,,
NDCincond,0,E5IPPULUBRI,T5LUBRIIPPU,,2034,,,,,,0.0039,,,,,,,,,,,,,,,,,,,,,,,,,,,,,,,,
NDCincond,0,E5IPPULUBRI,T5LUBRIIPPU,,2035,,,,,,0.0039,,,,,,,,,,,,,,,,,,,,,,,,,,,,,,,,
NDCincond,0,RAW_MAT_CLK,PROD_CLK_TRAD,,2010,,,,,,,3.32899,,,,,,,,,,,,,,,,,,,,,,,,,,,,,,,
NDCincond,0,RAW_MAT_CLK,PROD_CLK_TRAD,,2011,,,,,,,3.32837,,,,,,,,,,,,,,,,,,,,,,,,,,,,,,,
NDCincond,0,RAW_MAT_CLK,PROD_CLK_TRAD,,2012,,,,,,,3.32776,,,,,,,,,,,,,,,,,,,,,,,,,,,,,,,
NDCincond,0,RAW_MAT_CLK,PROD_CLK_TRAD,,2013,,,,,,,3.43397,,,,,,,,,,,,,,,,,,,,,,,,,,,,,,,
NDCincond,0,RAW_MAT_CLK,PROD_CLK_TRAD,,2014,,,,,,,3.53987,,,,,,,,,,,,,,,,,,,,,,,,,,,,,,,
NDCincond,0,RAW_MAT_CLK,PROD_CLK_TRAD,,2015,,,,,,,3.41132,,,,,,,,,,,,,,,,,,,,,,,,,,,,,,,
NDCincond,0,RAW_MAT_CLK,PROD_CLK_TRAD,,2016,,,,,,,3.28185,,,,,,,,,,,,,,,,,,,,,,,,,,,,,,,
NDCincond,0,RAW_MAT_CLK,PROD_CLK_TRAD,,2017,,,,,,,3.53806,,,,,,,,,,,,,,,,,,,,,,,,,,,,,,,
NDCincond,0,RAW_MAT_CLK,PROD_CLK_TRAD,,2018,,,,,,,3.79395,,,,,,,,,,,,,,,,,,,,,,,,,,,,,,,
NDCincond,0,RAW_MAT_CLK,PROD_CLK_TRAD,,2019,,,,,,,3.15698,,,,,,,,,,,,,,,,,,,,,,,,,,,,,,,
NDCincond,0,RAW_MAT_CLK,PROD_CLK_TRAD,,2020,,,,,,,2.52037,,,,,,,,,,,,,,,,,,,,,,,,,,,,,,,
NDCincond,0,RAW_MAT_CLK,PROD_CLK_TRAD,,2021,,,,,,,3.67404,,,,,,,,,,,,,,,,,,,,,,,,,,,,,,,
NDCincond,0,RAW_MAT_CLK,PROD_CLK_TRAD,,2022,,,,,,,3.36162,,,,,,,,,,,,,,,,,,,,,,,,,,,,,,,
NDCincond,0,RAW_MAT_CLK,PROD_CLK_TRAD,,2023,,,,,,,3.50534,,,,,,,,,,,,,,,,,,,,,,,,,,,,,,,
NDCincond,0,RAW_MAT_CLK,PROD_CLK_TRAD,,2024,,,,,,,3.64573,,,,,,,,,,,,,,,,,,,,,,,,,,,,,,,
NDCincond,0,RAW_MAT_CLK,PROD_CLK_TRAD,,2025,,,,,,,3.78341,,,,,,,,,,,,,,,,,,,,,,,,,,,,,,,
NDCincond,0,RAW_MAT_CLK,PROD_CLK_TRAD,,2026,,,,,,,3.91878,,,,,,,,,,,,,,,,,,,,,,,,,,,,,,,
NDCincond,0,RAW_MAT_CLK,PROD_CLK_TRAD,,2027,,,,,,,4.05082,,,,,,,,,,,,,,,,,,,,,,,,,,,,,,,
NDCincond,0,RAW_MAT_CLK,PROD_CLK_TRAD,,2028,,,,,,,4.18015,,,,,,,,,,,,,,,,,,,,,,,,,,,,,,,
NDCincond,0,RAW_MAT_CLK,PROD_CLK_TRAD,,2029,,,,,,,4.30731,,,,,,,,,,,,,,,,,,,,,,,,,,,,,,,
NDCincond,0,RAW_MAT_CLK,PROD_CLK_TRAD,,2030,,,,,,,4.43102,,,,,,,,,,,,,,,,,,,,,,,,,,,,,,,
NDCincond,0,RAW_MAT_CLK,PROD_CLK_TRAD,,2031,,,,,,,4.59184,,,,,,,,,,,,,,,,,,,,,,,,,,,,,,,
NDCincond,0,RAW_MAT_CLK,PROD_CLK_TRAD,,2032,,,,,,,4.75266,,,,,,,,,,,,,,,,,,,,,,,,,,,,,,,
NDCincond,0,RAW_MAT_CLK,PROD_CLK_TRAD,,2033,,,,,,,4.91341,,,,,,,,,,,,,,,,,,,,,,,,,,,,,,,
NDCincond,0,RAW_MAT_CLK,PROD_CLK_TRAD,,2034,,,,,,,5.07423,,,,,,,,,,,,,,,,,,,,,,,,,,,,,,,
NDCincond,0,RAW_MAT_CLK,PROD_CLK_TRAD,,2035,,,,,,,5.23498,,,,,,,,,,,,,,,,,,,,,,,,,,,,,,,
NDCincond,0,RAW_MAT_CEM,PROD_CEM,,2010,,,,,,,1.94591,,,,,,,,,,,,,,,,,,,,,,,,,,,,,,,
NDCincond,0,RAW_MAT_CEM,PROD_CEM,,2011,,,,,,,2.33983,,,,,,,,,,,,,,,,,,,,,,,,,,,,,,,
NDCincond,0,RAW_MAT_CEM,PROD_CEM,,2012,,,,,,,2.73374,,,,,,,,,,,,,,,,,,,,,,,,,,,,,,,
NDCincond,0,RAW_MAT_CEM,PROD_CEM,,2013,,,,,,,2.87383,,,,,,,,,,,,,,,,,,,,,,,,,,,,,,,
NDCincond,0,RAW_MAT_CEM,PROD_CEM,,2014,,,,,,,3.01423,,,,,,,,,,,,,,,,,,,,,,,,,,,,,,,
NDCincond,0,RAW_MAT_CEM,PROD_CEM,,2015,,,,,,,2.37058,,,,,,,,,,,,,,,,,,,,,,,,,,,,,,,
NDCincond,0,RAW_MAT_CEM,PROD_CEM,,2016,,,,,,,1.72785,,,,,,,,,,,,,,,,,,,,,,,,,,,,,,,
NDCincond,0,RAW_MAT_CEM,PROD_CEM,,2017,,,,,,,1.49474,,,,,,,,,,,,,,,,,,,,,,,,,,,,,,,
NDCincond,0,RAW_MAT_CEM,PROD_CEM,,2018,,,,,,,1.26195,,,,,,,,,,,,,,,,,,,,,,,,,,,,,,,
NDCincond,0,RAW_MAT_CEM,PROD_CEM,,2019,,,,,,,1.08342,,,,,,,,,,,,,,,,,,,,,,,,,,,,,,,
NDCincond,0,RAW_MAT_CEM,PROD_CEM,,2020,,,,,,,0.891529,,,,,,,,,,,,,,,,,,,,,,,,,,,,,,,
NDCincond,0,RAW_MAT_CEM,PROD_CEM,,2021,,,,,,,1.33966,,,,,,,,,,,,,,,,,,,,,,,,,,,,,,,
NDCincond,0,RAW_MAT_CEM,PROD_CEM,,2022,,,,,,,1.26298,,,,,,,,,,,,,,,,,,,,,,,,,,,,,,,
NDCincond,0,RAW_MAT_CEM,PROD_CEM,,2023,,,,,,,1.35576,,,,,,,,,,,,,,,,,,,,,,,,,,,,,,,
NDCincond,0,RAW_MAT_CEM,PROD_CEM,,2024,,,,,,,1.45177,,,,,,,,,,,,,,,,,,,,,,,,,,,,,,,
NDCincond,0,RAW_MAT_CEM,PROD_CEM,,2025,,,,,,,1.55059,,,,,,,,,,,,,,,,,,,,,,,,,,,,,,,
NDCincond,0,RAW_MAT_CEM,PROD_CEM,,2026,,,,,,,1.65162,,,,,,,,,,,,,,,,,,,,,,,,,,,,,,,
NDCincond,0,RAW_MAT_CEM,PROD_CEM,,2027,,,,,,,1.75598,,,,,,,,,,,,,,,,,,,,,,,,,,,,,,,
NDCincond,0,RAW_MAT_CEM,PROD_CEM,,2028,,,,,,,1.86315,,,,,,,,,,,,,,,,,,,,,,,,,,,,,,,
NDCincond,0,RAW_MAT_CEM,PROD_CEM,,2029,,,,,,,1.97249,,,,,,,,,,,,,,,,,,,,,,,,,,,,,,,
NDCincond,0,RAW_MAT_CEM,PROD_CEM,,2030,,,,,,,2.08518,,,,,,,,,,,,,,,,,,,,,,,,,,,,,,,
NDCincond,0,RAW_MAT_CEM,PROD_CEM,,2031,,,,,,,2.16086,,,,,,,,,,,,,,,,,,,,,,,,,,,,,,,
NDCincond,0,RAW_MAT_CEM,PROD_CEM,,2032,,,,,,,2.23654,,,,,,,,,,,,,,,,,,,,,,,,,,,,,,,
NDCincond,0,RAW_MAT_CEM,PROD_CEM,,2033,,,,,,,2.31219,,,,,,,,,,,,,,,,,,,,,,,,,,,,,,,
NDCincond,0,RAW_MAT_CEM,PROD_CEM,,2034,,,,,,,2.38787,,,,,,,,,,,,,,,,,,,,,,,,,,,,,,,
NDCincond,0,RAW_MAT_CEM,PROD_CEM,,2035,,,,,,,2.46352,,,,,,,,,,,,,,,,,,,,,,,,,,,,,,,
NDCincond,0,CLK_PROD,PROD_CEM,,2010,,,,,,,3.32899,,,,,,,,,,,,,,,,,,,,,,,,,,,,,,,
NDCincond,0,CLK_PROD,PROD_CEM,,2011,,,,,,,3.32837,,,,,,,,,,,,,,,,,,,,,,,,,,,,,,,
NDCincond,0,CLK_PROD,PROD_CEM,,2012,,,,,,,3.32776,,,,,,,,,,,,,,,,,,,,,,,,,,,,,,,
NDCincond,0,CLK_PROD,PROD_CEM,,2013,,,,,,,3.43397,,,,,,,,,,,,,,,,,,,,,,,,,,,,,,,
NDCincond,0,CLK_PROD,PROD_CEM,,2014,,,,,,,3.53987,,,,,,,,,,,,,,,,,,,,,,,,,,,,,,,
NDCincond,0,CLK_PROD,PROD_CEM,,2015,,,,,,,3.41132,,,,,,,,,,,,,,,,,,,,,,,,,,,,,,,
NDCincond,0,CLK_PROD,PROD_CEM,,2016,,,,,,,3.28185,,,,,,,,,,,,,,,,,,,,,,,,,,,,,,,
NDCincond,0,CLK_PROD,PROD_CEM,,2017,,,,,,,3.53806,,,,,,,,,,,,,,,,,,,,,,,,,,,,,,,
NDCincond,0,CLK_PROD,PROD_CEM,,2018,,,,,,,3.79395,,,,,,,,,,,,,,,,,,,,,,,,,,,,,,,
NDCincond,0,CLK_PROD,PROD_CEM,,2019,,,,,,,3.15698,,,,,,,,,,,,,,,,,,,,,,,,,,,,,,,
NDCincond,0,CLK_PROD,PROD_CEM,,2020,,,,,,,2.52037,,,,,,,,,,,,,,,,,,,,,,,,,,,,,,,
NDCincond,0,CLK_PROD,PROD_CEM,,2021,,,,,,,3.67404,,,,,,,,,,,,,,,,,,,,,,,,,,,,,,,
NDCincond,0,CLK_PROD,PROD_CEM,,2022,,,,,,,3.36162,,,,,,,,,,,,,,,,,,,,,,,,,,,,,,,
NDCincond,0,CLK_PROD,PROD_CEM,,2023,,,,,,,3.50534,,,,,,,,,,,,,,,,,,,,,,,,,,,,,,,
NDCincond,0,CLK_PROD,PROD_CEM,,2024,,,,,,,3.64573,,,,,,,,,,,,,,,,,,,,,,,,,,,,,,,
NDCincond,0,CLK_PROD,PROD_CEM,,2025,,,,,,,3.78341,,,,,,,,,,,,,,,,,,,,,,,,,,,,,,,
NDCincond,0,CLK_PROD,PROD_CEM,,2026,,,,,,,3.91878,,,,,,,,,,,,,,,,,,,,,,,,,,,,,,,
NDCincond,0,CLK_PROD,PROD_CEM,,2027,,,,,,,4.05082,,,,,,,,,,,,,,,,,,,,,,,,,,,,,,,
NDCincond,0,CLK_PROD,PROD_CEM,,2028,,,,,,,4.18015,,,,,,,,,,,,,,,,,,,,,,,,,,,,,,,
NDCincond,0,CLK_PROD,PROD_CEM,,2029,,,,,,,4.30731,,,,,,,,,,,,,,,,,,,,,,,,,,,,,,,
NDCincond,0,CLK_PROD,PROD_CEM,,2030,,,,,,,4.43102,,,,,,,,,,,,,,,,,,,,,,,,,,,,,,,
NDCincond,0,CLK_PROD,PROD_CEM,,2031,,,,,,,4.59184,,,,,,,,,,,,,,,,,,,,,,,,,,,,,,,
NDCincond,0,CLK_PROD,PROD_CEM,,2032,,,,,,,4.75266,,,,,,,,,,,,,,,,,,,,,,,,,,,,,,,
NDCincond,0,CLK_PROD,PROD_CEM,,2033,,,,,,,4.91341,,,,,,,,,,,,,,,,,,,,,,,,,,,,,,,
NDCincond,0,CLK_PROD,PROD_CEM,,2034,,,,,,,5.07423,,,,,,,,,,,,,,,,,,,,,,,,,,,,,,,
NDCincond,0,CLK_PROD,PROD_CEM,,2035,,,,,,,5.23498,,,,,,,,,,,,,,,,,,,,,,,,,,,,,,,
NDCincond,0,CEM_PROD,T5CEM_PRODIND,,2010,,,,,,,5.2749,,,,,,,,,,,,,,,,,,,,,,,,,,,,,,,
NDCincond,0,CEM_PROD,T5CEM_PRODIND,,2011,,,,,,,5.6682,,,,,,,,,,,,,,,,,,,,,,,,,,,,,,,
NDCincond,0,CEM_PROD,T5CEM_PRODIND,,2012,,,,,,,6.0615,,,,,,,,,,,,,,,,,,,,,,,,,,,,,,,
NDCincond,0,CEM_PROD,T5CEM_PRODIND,,2013,,,,,,,6.3078,,,,,,,,,,,,,,,,,,,,,,,,,,,,,,,
NDCincond,0,CEM_PROD,T5CEM_PRODIND,,2014,,,,,,,6.5541,,,,,,,,,,,,,,,,,,,,,,,,,,,,,,,
NDCincond,0,CEM_PROD,T5CEM_PRODIND,,2015,,,,,,,5.7819,,,,,,,,,,,,,,,,,,,,,,,,,,,,,,,
NDCincond,0,CEM_PROD,T5CEM_PRODIND,,2016,,,,,,,5.0097,,,,,,,,,,,,,,,,,,,,,,,,,,,,,,,
NDCincond,0,CEM_PROD,T5CEM_PRODIND,,2017,,,,,,,5.0328,,,,,,,,,,,,,,,,,,,,,,,,,,,,,,,
NDCincond,0,CEM_PROD,T5CEM_PRODIND,,2018,,,,,,,5.0559,,,,,,,,,,,,,,,,,,,,,,,,,,,,,,,
NDCincond,0,CEM_PROD,T5CEM_PRODIND,,2019,,,,,,,4.2404,,,,,,,,,,,,,,,,,,,,,,,,,,,,,,,
NDCincond,0,CEM_PROD,T5CEM_PRODIND,,2020,,,,,,,3.4119,,,,,,,,,,,,,,,,,,,,,,,,,,,,,,,
NDCincond,0,CEM_PROD,T5CEM_PRODIND,,2021,,,,,,,5.0137,,,,,,,,,,,,,,,,,,,,,,,,,,,,,,,
NDCincond,0,CEM_PROD,T5CEM_PRODIND,,2022,,,,,,,4.6246,,,,,,,,,,,,,,,,,,,,,,,,,,,,,,,
NDCincond,0,CEM_PROD,T5CEM_PRODIND,,2023,,,,,,,4.8611,,,,,,,,,,,,,,,,,,,,,,,,,,,,,,,
NDCincond,0,CEM_PROD,T5CEM_PRODIND,,2024,,,,,,,5.0975,,,,,,,,,,,,,,,,,,,,,,,,,,,,,,,
NDCincond,0,CEM_PROD,T5CEM_PRODIND,,2025,,,,,,,5.334,,,,,,,,,,,,,,,,,,,,,,,,,,,,,,,
NDCincond,0,CEM_PROD,T5CEM_PRODIND,,2026,,,,,,,5.5704,,,,,,,,,,,,,,,,,,,,,,,,,,,,,,,
NDCincond,0,CEM_PROD,T5CEM_PRODIND,,2027,,,,,,,5.8068,,,,,,,,,,,,,,,,,,,,,,,,,,,,,,,
NDCincond,0,CEM_PROD,T5CEM_PRODIND,,2028,,,,,,,6.0433,,,,,,,,,,,,,,,,,,,,,,,,,,,,,,,
NDCincond,0,CEM_PROD,T5CEM_PRODIND,,2029,,,,,,,6.2798,,,,,,,,,,,,,,,,,,,,,,,,,,,,,,,
NDCincond,0,CEM_PROD,T5CEM_PRODIND,,2030,,,,,,,6.5162,,,,,,,,,,,,,,,,,,,,,,,,,,,,,,,
NDCincond,0,CEM_PROD,T5CEM_PRODIND,,2031,,,,,,,6.7527,,,,,,,,,,,,,,,,,,,,,,,,,,,,,,,
NDCincond,0,CEM_PROD,T5CEM_PRODIND,,2032,,,,,,,6.9892,,,,,,,,,,,,,,,,,,,,,,,,,,,,,,,
NDCincond,0,CEM_PROD,T5CEM_PRODIND,,2033,,,,,,,7.2256,,,,,,,,,,,,,,,,,,,,,,,,,,,,,,,
NDCincond,0,CEM_PROD,T5CEM_PRODIND,,2034,,,,,,,7.4621,,,,,,,,,,,,,,,,,,,,,,,,,,,,,,,
NDCincond,0,CEM_PROD,T5CEM_PRODIND,,2035,,,,,,,7.6985,,,,,,,,,,,,,,,,,,,,,,,,,,,,,,,
NDCincond,0,HFC23,T5HFC23IPPU,,2010,,,,,,,0.0034,,,,,,,,,,,,,,,,,,,,,,,,,,,,,,,
NDCincond,0,HFC23,T5HFC23IPPU,,2011,,,,,,,0.0026,,,,,,,,,,,,,,,,,,,,,,,,,,,,,,,
NDCincond,0,HFC23,T5HFC23IPPU,,2012,,,,,,,0.002,,,,,,,,,,,,,,,,,,,,,,,,,,,,,,,
NDCincond,0,HFC23,T5HFC23IPPU,,2013,,,,,,,0.0015,,,,,,,,,,,,,,,,,,,,,,,,,,,,,,,
NDCincond,0,HFC23,T5HFC23IPPU,,2014,,,,,,,0.0011,,,,,,,,,,,,,,,,,,,,,,,,,,,,,,,
NDCincond,0,HFC23,T5HFC23IPPU,,2025,,,,,,,0.001,,,,,,,,,,,,,,,,,,,,,,,,,,,,,,,
NDCincond,0,HFC23,T5HFC23IPPU,,2026,,,,,,,0.0011,,,,,,,,,,,,,,,,,,,,,,,,,,,,,,,
NDCincond,0,HFC23,T5HFC23IPPU,,2027,,,,,,,0.0012,,,,,,,,,,,,,,,,,,,,,,,,,,,,,,,
NDCincond,0,HFC23,T5HFC23IPPU,,2028,,,,,,,0.0013,,,,,,,,,,,,,,,,,,,,,,,,,,,,,,,
NDCincond,0,HFC23,T5HFC23IPPU,,2029,,,,,,,0.0014,,,,,,,,,,,,,,,,,,,,,,,,,,,,,,,
NDCincond,0,HFC23,T5HFC23IPPU,,2030,,,,,,,0.0015,,,,,,,,,,,,,,,,,,,,,,,,,,,,,,,
NDCincond,0,HFC23,T5HFC23IPPU,,2031,,,,,,,0.0015,,,,,,,,,,,,,,,,,,,,,,,,,,,,,,,
NDCincond,0,HFC23,T5HFC23IPPU,,2032,,,,,,,0.0014,,,,,,,,,,,,,,,,,,,,,,,,,,,,,,,
NDCincond,0,HFC23,T5HFC23IPPU,,2033,,,,,,,0.0014,,,,,,,,,,,,,,,,,,,,,,,,,,,,,,,
NDCincond,0,HFC23,T5HFC23IPPU,,2034,,,,,,,0.0014,,,,,,,,,,,,,,,,,,,,,,,,,,,,,,,
NDCincond,0,HFC23,T5HFC23IPPU,,2035,,,,,,,0.0014,,,,,,,,,,,,,,,,,,,,,,,,,,,,,,,
NDCincond,0,HFC32,T5HFC32IPPU,,2010,,,,,,,0.0043,,,,,,,,,,,,,,,,,,,,,,,,,,,,,,,
NDCincond,0,HFC32,T5HFC32IPPU,,2011,,,,,,,0.0038,,,,,,,,,,,,,,,,,,,,,,,,,,,,,,,
NDCincond,0,HFC32,T5HFC32IPPU,,2012,,,,,,,0.0052,,,,,,,,,,,,,,,,,,,,,,,,,,,,,,,
NDCincond,0,HFC32,T5HFC32IPPU,,2013,,,,,,,0.0069,,,,,,,,,,,,,,,,,,,,,,,,,,,,,,,
NDCincond,0,HFC32,T5HFC32IPPU,,2014,,,,,,,0.0062,,,,,,,,,,,,,,,,,,,,,,,,,,,,,,,
NDCincond,0,HFC32,T5HFC32IPPU,,2015,,,,,,,0.0055,,,,,,,,,,,,,,,,,,,,,,,,,,,,,,,
NDCincond,0,HFC32,T5HFC32IPPU,,2016,,,,,,,0.005,,,,,,,,,,,,,,,,,,,,,,,,,,,,,,,
NDCincond,0,HFC32,T5HFC32IPPU,,2017,,,,,,,0.0044,,,,,,,,,,,,,,,,,,,,,,,,,,,,,,,
NDCincond,0,HFC32,T5HFC32IPPU,,2018,,,,,,,0.004,,,,,,,,,,,,,,,,,,,,,,,,,,,,,,,
NDCincond,0,HFC32,T5HFC32IPPU,,2019,,,,,,,0.0232,,,,,,,,,,,,,,,,,,,,,,,,,,,,,,,
NDCincond,0,HFC32,T5HFC32IPPU,,2020,,,,,,,0.0359,,,,,,,,,,,,,,,,,,,,,,,,,,,,,,,
NDCincond,0,HFC32,T5HFC32IPPU,,2021,,,,,,,0.0479,,,,,,,,,,,,,,,,,,,,,,,,,,,,,,,
NDCincond,0,HFC32,T5HFC32IPPU,,2022,,,,,,,0.0737,,,,,,,,,,,,,,,,,,,,,,,,,,,,,,,
NDCincond,0,HFC32,T5HFC32IPPU,,2023,,,,,,,0.0898,,,,,,,,,,,,,,,,,,,,,,,,,,,,,,,
NDCincond,0,HFC32,T5HFC32IPPU,,2024,,,,,,,0.1059,,,,,,,,,,,,,,,,,,,,,,,,,,,,,,,
NDCincond,0,HFC32,T5HFC32IPPU,,2025,,,,,,,0.122,,,,,,,,,,,,,,,,,,,,,,,,,,,,,,,
NDCincond,0,HFC32,T5HFC32IPPU,,2026,,,,,,,0.1351,,,,,,,,,,,,,,,,,,,,,,,,,,,,,,,
NDCincond,0,HFC32,T5HFC32IPPU,,2027,,,,,,,0.1481,,,,,,,,,,,,,,,,,,,,,,,,,,,,,,,
NDCincond,0,HFC32,T5HFC32IPPU,,2028,,,,,,,0.1612,,,,,,,,,,,,,,,,,,,,,,,,,,,,,,,
NDCincond,0,HFC32,T5HFC32IPPU,,2029,,,,,,,0.1743,,,,,,,,,,,,,,,,,,,,,,,,,,,,,,,
NDCincond,0,HFC32,T5HFC32IPPU,,2030,,,,,,,0.1884,,,,,,,,,,,,,,,,,,,,,,,,,,,,,,,
NDCincond,0,HFC32,T5HFC32IPPU,,2031,,,,,,,0.1868,,,,,,,,,,,,,,,,,,,,,,,,,,,,,,,
NDCincond,0,HFC32,T5HFC32IPPU,,2032,,,,,,,0.1852,,,,,,,,,,,,,,,,,,,,,,,,,,,,,,,
NDCincond,0,HFC32,T5HFC32IPPU,,2033,,,,,,,0.1837,,,,,,,,,,,,,,,,,,,,,,,,,,,,,,,
NDCincond,0,HFC32,T5HFC32IPPU,,2034,,,,,,,0.1821,,,,,,,,,,,,,,,,,,,,,,,,,,,,,,,
NDCincond,0,HFC32,T5HFC32IPPU,,2035,,,,,,,0.1805,,,,,,,,,,,,,,,,,,,,,,,,,,,,,,,
NDCincond,0,HFC125,T5HFC125IPPU,,2010,,,,,,,0.0091,,,,,,,,,,,,,,,,,,,,,,,,,,,,,,,
NDCincond,0,HFC125,T5HFC125IPPU,,2011,,,,,,,0.0108,,,,,,,,,,,,,,,,,,,,,,,,,,,,,,,
NDCincond,0,HFC125,T5HFC125IPPU,,2012,,,,,,,0.0126,,,,,,,,,,,,,,,,,,,,,,,,,,,,,,,
NDCincond,0,HFC125,T5HFC125IPPU,,2013,,,,,,,0.0137,,,,,,,,,,,,,,,,,,,,,,,,,,,,,,,
NDCincond,0,HFC125,T5HFC125IPPU,,2014,,,,,,,0.0101,,,,,,,,,,,,,,,,,,,,,,,,,,,,,,,
NDCincond,0,HFC125,T5HFC125IPPU,,2015,,,,,,,0.0085,,,,,,,,,,,,,,,,,,,,,,,,,,,,,,,
NDCincond,0,HFC125,T5HFC125IPPU,,2016,,,,,,,0.0067,,,,,,,,,,,,,,,,,,,,,,,,,,,,,,,
NDCincond,0,HFC125,T5HFC125IPPU,,2017,,,,,,,0.0063,,,,,,,,,,,,,,,,,,,,,,,,,,,,,,,
NDCincond,0,HFC125,T5HFC125IPPU,,2018,,,,,,,0.0068,,,,,,,,,,,,,,,,,,,,,,,,,,,,,,,
NDCincond,0,HFC125,T5HFC125IPPU,,2019,,,,,,,0.0652,,,,,,,,,,,,,,,,,,,,,,,,,,,,,,,
NDCincond,0,HFC125,T5HFC125IPPU,,2020,,,,,,,0.0954,,,,,,,,,,,,,,,,,,,,,,,,,,,,,,,
NDCincond,0,HFC125,T5HFC125IPPU,,2021,,,,,,,0.1172,,,,,,,,,,,,,,,,,,,,,,,,,,,,,,,
NDCincond,0,HFC125,T5HFC125IPPU,,2022,,,,,,,0.1854,,,,,,,,,,,,,,,,,,,,,,,,,,,,,,,
NDCincond,0,HFC125,T5HFC125IPPU,,2023,,,,,,,0.2258,,,,,,,,,,,,,,,,,,,,,,,,,,,,,,,
NDCincond,0,HFC125,T5HFC125IPPU,,2024,,,,,,,0.2662,,,,,,,,,,,,,,,,,,,,,,,,,,,,,,,
NDCincond,0,HFC125,T5HFC125IPPU,,2025,,,,,,,0.3066,,,,,,,,,,,,,,,,,,,,,,,,,,,,,,,
NDCincond,0,HFC125,T5HFC125IPPU,,2026,,,,,,,0.3394,,,,,,,,,,,,,,,,,,,,,,,,,,,,,,,
NDCincond,0,HFC125,T5HFC125IPPU,,2027,,,,,,,0.3723,,,,,,,,,,,,,,,,,,,,,,,,,,,,,,,
NDCincond,0,HFC125,T5HFC125IPPU,,2028,,,,,,,0.4052,,,,,,,,,,,,,,,,,,,,,,,,,,,,,,,
NDCincond,0,HFC125,T5HFC125IPPU,,2029,,,,,,,0.4381,,,,,,,,,,,,,,,,,,,,,,,,,,,,,,,
NDCincond,0,HFC125,T5HFC125IPPU,,2030,,,,,,,0.4734,,,,,,,,,,,,,,,,,,,,,,,,,,,,,,,
NDCincond,0,HFC125,T5HFC125IPPU,,2031,,,,,,,0.4695,,,,,,,,,,,,,,,,,,,,,,,,,,,,,,,
NDCincond,0,HFC125,T5HFC125IPPU,,2032,,,,,,,0.4655,,,,,,,,,,,,,,,,,,,,,,,,,,,,,,,
NDCincond,0,HFC125,T5HFC125IPPU,,2033,,,,,,,0.4616,,,,,,,,,,,,,,,,,,,,,,,,,,,,,,,
NDCincond,0,HFC125,T5HFC125IPPU,,2034,,,,,,,0.4576,,,,,,,,,,,,,,,,,,,,,,,,,,,,,,,
NDCincond,0,HFC125,T5HFC125IPPU,,2035,,,,,,,0.4536,,,,,,,,,,,,,,,,,,,,,,,,,,,,,,,
NDCincond,0,HFC134a,T5HFC134aIPPU,,2010,,,,,,,0.0794,,,,,,,,,,,,,,,,,,,,,,,,,,,,,,,
NDCincond,0,HFC134a,T5HFC134aIPPU,,2011,,,,,,,0.0906,,,,,,,,,,,,,,,,,,,,,,,,,,,,,,,
NDCincond,0,HFC134a,T5HFC134aIPPU,,2012,,,,,,,0.1235,,,,,,,,,,,,,,,,,,,,,,,,,,,,,,,
NDCincond,0,HFC134a,T5HFC134aIPPU,,2013,,,,,,,0.1658,,,,,,,,,,,,,,,,,,,,,,,,,,,,,,,
NDCincond,0,HFC134a,T5HFC134aIPPU,,2014,,,,,,,0.2255,,,,,,,,,,,,,,,,,,,,,,,,,,,,,,,
NDCincond,0,HFC134a,T5HFC134aIPPU,,2015,,,,,,,0.2765,,,,,,,,,,,,,,,,,,,,,,,,,,,,,,,
NDCincond,0,HFC134a,T5HFC134aIPPU,,2016,,,,,,,0.3072,,,,,,,,,,,,,,,,,,,,,,,,,,,,,,,
NDCincond,0,HFC134a,T5HFC134aIPPU,,2017,,,,,,,0.3382,,,,,,,,,,,,,,,,,,,,,,,,,,,,,,,
NDCincond,0,HFC134a,T5HFC134aIPPU,,2018,,,,,,,0.3628,,,,,,,,,,,,,,,,,,,,,,,,,,,,,,,
NDCincond,0,HFC134a,T5HFC134aIPPU,,2019,,,,,,,0.3978,,,,,,,,,,,,,,,,,,,,,,,,,,,,,,,
NDCincond,0,HFC134a,T5HFC134aIPPU,,2020,,,,,,,0.427,,,,,,,,,,,,,,,,,,,,,,,,,,,,,,,
NDCincond,0,HFC134a,T5HFC134aIPPU,,2021,,,,,,,0.4122,,,,,,,,,,,,,,,,,,,,,,,,,,,,,,,
NDCincond,0,HFC134a,T5HFC134aIPPU,,2022,,,,,,,0.4691,,,,,,,,,,,,,,,,,,,,,,,,,,,,,,,
NDCincond,0,HFC134a,T5HFC134aIPPU,,2023,,,,,,,0.5713,,,,,,,,,,,,,,,,,,,,,,,,,,,,,,,
NDCincond,0,HFC134a,T5HFC134aIPPU,,2024,,,,,,,0.6735,,,,,,,,,,,,,,,,,,,,,,,,,,,,,,,
NDCincond,0,HFC134a,T5HFC134aIPPU,,2025,,,,,,,0.7757,,,,,,,,,,,,,,,,,,,,,,,,,,,,,,,
NDCincond,0,HFC134a,T5HFC134aIPPU,,2026,,,,,,,0.8588,,,,,,,,,,,,,,,,,,,,,,,,,,,,,,,
NDCincond,0,HFC134a,T5HFC134aIPPU,,2027,,,,,,,0.942,,,,,,,,,,,,,,,,,,,,,,,,,,,,,,,
NDCincond,0,HFC134a,T5HFC134aIPPU,,2028,,,,,,,1.0252,,,,,,,,,,,,,,,,,,,,,,,,,,,,,,,
NDCincond,0,HFC134a,T5HFC134aIPPU,,2029,,,,,,,1.1084,,,,,,,,,,,,,,,,,,,,,,,,,,,,,,,
NDCincond,0,HFC134a,T5HFC134aIPPU,,2030,,,,,,,1.1979,,,,,,,,,,,,,,,,,,,,,,,,,,,,,,,
NDCincond,0,HFC134a,T5HFC134aIPPU,,2031,,,,,,,1.1878,,,,,,,,,,,,,,,,,,,,,,,,,,,,,,,
NDCincond,0,HFC134a,T5HFC134aIPPU,,2032,,,,,,,1.1778,,,,,,,,,,,,,,,,,,,,,,,,,,,,,,,
NDCincond,0,HFC134a,T5HFC134aIPPU,,2033,,,,,,,1.1678,,,,,,,,,,,,,,,,,,,,,,,,,,,,,,,
NDCincond,0,HFC134a,T5HFC134aIPPU,,2034,,,,,,,1.1578,,,,,,,,,,,,,,,,,,,,,,,,,,,,,,,
NDCincond,0,HFC134a,T5HFC134aIPPU,,2035,,,,,,,1.1478,,,,,,,,,,,,,,,,,,,,,,,,,,,,,,,
NDCincond,0,HFC143a,T5HFC143aIPPU,,2010,,,,,,,0.0078,,,,,,,,,,,,,,,,,,,,,,,,,,,,,,,
NDCincond,0,HFC143a,T5HFC143aIPPU,,2011,,,,,,,0.0109,,,,,,,,,,,,,,,,,,,,,,,,,,,,,,,
NDCincond,0,HFC143a,T5HFC143aIPPU,,2012,,,,,,,0.0125,,,,,,,,,,,,,,,,,,,,,,,,,,,,,,,
NDCincond,0,HFC143a,T5HFC143aIPPU,,2013,,,,,,,0.0094,,,,,,,,,,,,,,,,,,,,,,,,,,,,,,,
NDCincond,0,HFC143a,T5HFC143aIPPU,,2014,,,,,,,0.0063,,,,,,,,,,,,,,,,,,,,,,,,,,,,,,,
NDCincond,0,HFC143a,T5HFC143aIPPU,,2015,,,,,,,0.0086,,,,,,,,,,,,,,,,,,,,,,,,,,,,,,,
NDCincond,0,HFC143a,T5HFC143aIPPU,,2016,,,,,,,0.0085,,,,,,,,,,,,,,,,,,,,,,,,,,,,,,,
NDCincond,0,HFC143a,T5HFC143aIPPU,,2017,,,,,,,0.006,,,,,,,,,,,,,,,,,,,,,,,,,,,,,,,
NDCincond,0,HFC143a,T5HFC143aIPPU,,2018,,,,,,,0.0039,,,,,,,,,,,,,,,,,,,,,,,,,,,,,,,
NDCincond,0,HFC143a,T5HFC143aIPPU,,2019,,,,,,,0.0409,,,,,,,,,,,,,,,,,,,,,,,,,,,,,,,
NDCincond,0,HFC143a,T5HFC143aIPPU,,2020,,,,,,,0.0662,,,,,,,,,,,,,,,,,,,,,,,,,,,,,,,
NDCincond,0,HFC143a,T5HFC143aIPPU,,2021,,,,,,,0.0797,,,,,,,,,,,,,,,,,,,,,,,,,,,,,,,
NDCincond,0,HFC143a,T5HFC143aIPPU,,2022,,,,,,,0.1464,,,,,,,,,,,,,,,,,,,,,,,,,,,,,,,
NDCincond,0,HFC143a,T5HFC143aIPPU,,2023,,,,,,,0.1783,,,,,,,,,,,,,,,,,,,,,,,,,,,,,,,
NDCincond,0,HFC143a,T5HFC143aIPPU,,2024,,,,,,,0.2101,,,,,,,,,,,,,,,,,,,,,,,,,,,,,,,
NDCincond,0,HFC143a,T5HFC143aIPPU,,2025,,,,,,,0.242,,,,,,,,,,,,,,,,,,,,,,,,,,,,,,,
NDCincond,0,HFC143a,T5HFC143aIPPU,,2026,,,,,,,0.268,,,,,,,,,,,,,,,,,,,,,,,,,,,,,,,
NDCincond,0,HFC143a,T5HFC143aIPPU,,2027,,,,,,,0.2939,,,,,,,,,,,,,,,,,,,,,,,,,,,,,,,
NDCincond,0,HFC143a,T5HFC143aIPPU,,2028,,,,,,,0.3199,,,,,,,,,,,,,,,,,,,,,,,,,,,,,,,
NDCincond,0,HFC143a,T5HFC143aIPPU,,2029,,,,,,,0.3459,,,,,,,,,,,,,,,,,,,,,,,,,,,,,,,
NDCincond,0,HFC143a,T5HFC143aIPPU,,2030,,,,,,,0.3738,,,,,,,,,,,,,,,,,,,,,,,,,,,,,,,
NDCincond,0,HFC143a,T5HFC143aIPPU,,2031,,,,,,,0.3706,,,,,,,,,,,,,,,,,,,,,,,,,,,,,,,
NDCincond,0,HFC143a,T5HFC143aIPPU,,2032,,,,,,,0.3675,,,,,,,,,,,,,,,,,,,,,,,,,,,,,,,
NDCincond,0,HFC143a,T5HFC143aIPPU,,2033,,,,,,,0.3644,,,,,,,,,,,,,,,,,,,,,,,,,,,,,,,
NDCincond,0,HFC143a,T5HFC143aIPPU,,2034,,,,,,,0.3613,,,,,,,,,,,,,,,,,,,,,,,,,,,,,,,
NDCincond,0,HFC143a,T5HFC143aIPPU,,2035,,,,,,,0.3581,,,,,,,,,,,,,,,,,,,,,,,,,,,,,,,
NDCincond,0,HFC152a,T5HFC152aIPPU,,2014,,,,,,,0.0014,,,,,,,,,,,,,,,,,,,,,,,,,,,,,,,
NDCincond,0,HFC152a,T5HFC152aIPPU,,2016,,,,,,,0.0014,,,,,,,,,,,,,,,,,,,,,,,,,,,,,,,
NDCincond,0,HFC152a,T5HFC152aIPPU,,2017,,,,,,,0.0014,,,,,,,,,,,,,,,,,,,,,,,,,,,,,,,
NDCincond,0,HFC152a,T5HFC152aIPPU,,2021,,,,,,,0.0014,,,,,,,,,,,,,,,,,,,,,,,,,,,,,,,
NDCincond,0,HFC152a,T5HFC152aIPPU,,2022,,,,,,,0.0022,,,,,,,,,,,,,,,,,,,,,,,,,,,,,,,
NDCincond,0,HFC152a,T5HFC152aIPPU,,2023,,,,,,,0.0024,,,,,,,,,,,,,,,,,,,,,,,,,,,,,,,
NDCincond,0,HFC152a,T5HFC152aIPPU,,2024,,,,,,,0.0029,,,,,,,,,,,,,,,,,,,,,,,,,,,,,,,
NDCincond,0,HFC152a,T5HFC152aIPPU,,2025,,,,,,,0.0033,,,,,,,,,,,,,,,,,,,,,,,,,,,,,,,
NDCincond,0,HFC152a,T5HFC152aIPPU,,2026,,,,,,,0.0037,,,,,,,,,,,,,,,,,,,,,,,,,,,,,,,
NDCincond,0,HFC152a,T5HFC152aIPPU,,2027,,,,,,,0.004,,,,,,,,,,,,,,,,,,,,,,,,,,,,,,,
NDCincond,0,HFC152a,T5HFC152aIPPU,,2028,,,,,,,0.0044,,,,,,,,,,,,,,,,,,,,,,,,,,,,,,,
NDCincond,0,HFC152a,T5HFC152aIPPU,,2029,,,,,,,0.0047,,,,,,,,,,,,,,,,,,,,,,,,,,,,,,,
NDCincond,0,HFC152a,T5HFC152aIPPU,,2030,,,,,,,0.0051,,,,,,,,,,,,,,,,,,,,,,,,,,,,,,,
NDCincond,0,HFC152a,T5HFC152aIPPU,,2031,,,,,,,0.0051,,,,,,,,,,,,,,,,,,,,,,,,,,,,,,,
NDCincond,0,HFC152a,T5HFC152aIPPU,,2032,,,,,,,0.005,,,,,,,,,,,,,,,,,,,,,,,,,,,,,,,
NDCincond,0,HFC152a,T5HFC152aIPPU,,2033,,,,,,,0.005,,,,,,,,,,,,,,,,,,,,,,,,,,,,,,,
NDCincond,0,HFC152a,T5HFC152aIPPU,,2034,,,,,,,0.005,,,,,,,,,,,,,,,,,,,,,,,,,,,,,,,
NDCincond,0,HFC152a,T5HFC152aIPPU,,2035,,,,,,,0.0049,,,,,,,,,,,,,,,,,,,,,,,,,,,,,,,
NDCincond,0,LIME_PROD,T5LIME_PRODIPPU,,2010,,,,,,,0.0665,,,,,,,,,,,,,,,,,,,,,,,,,,,,,,,
NDCincond,0,LIME_PROD,T5LIME_PRODIPPU,,2011,,,,,,,0.0692,,,,,,,,,,,,,,,,,,,,,,,,,,,,,,,
NDCincond,0,LIME_PROD,T5LIME_PRODIPPU,,2012,,,,,,,0.0719,,,,,,,,,,,,,,,,,,,,,,,,,,,,,,,
NDCincond,0,LIME_PROD,T5LIME_PRODIPPU,,2013,,,,,,,0.0742,,,,,,,,,,,,,,,,,,,,,,,,,,,,,,,
NDCincond,0,LIME_PROD,T5LIME_PRODIPPU,,2014,,,,,,,0.0766,,,,,,,,,,,,,,,,,,,,,,,,,,,,,,,
NDCincond,0,LIME_PROD,T5LIME_PRODIPPU,,2015,,,,,,,0.0852,,,,,,,,,,,,,,,,,,,,,,,,,,,,,,,
NDCincond,0,LIME_PROD,T5LIME_PRODIPPU,,2016,,,,,,,0.0938,,,,,,,,,,,,,,,,,,,,,,,,,,,,,,,
NDCincond,0,LIME_PROD,T5LIME_PRODIPPU,,2017,,,,,,,0.1005,,,,,,,,,,,,,,,,,,,,,,,,,,,,,,,
NDCincond,0,LIME_PROD,T5LIME_PRODIPPU,,2018,,,,,,,0.1071,,,,,,,,,,,,,,,,,,,,,,,,,,,,,,,
NDCincond,0,LIME_PROD,T5LIME_PRODIPPU,,2019,,,,,,,0.1144,,,,,,,,,,,,,,,,,,,,,,,,,,,,,,,
NDCincond,0,LIME_PROD,T5LIME_PRODIPPU,,2020,,,,,,,0.1216,,,,,,,,,,,,,,,,,,,,,,,,,,,,,,,
NDCincond,0,LIME_PROD,T5LIME_PRODIPPU,,2021,,,,,,,0.2199,,,,,,,,,,,,,,,,,,,,,,,,,,,,,,,
NDCincond,0,LIME_PROD,T5LIME_PRODIPPU,,2022,,,,,,,0.1791,,,,,,,,,,,,,,,,,,,,,,,,,,,,,,,
NDCincond,0,LIME_PROD,T5LIME_PRODIPPU,,2023,,,,,,,0.1829,,,,,,,,,,,,,,,,,,,,,,,,,,,,,,,
NDCincond,0,LIME_PROD,T5LIME_PRODIPPU,,2024,,,,,,,0.1868,,,,,,,,,,,,,,,,,,,,,,,,,,,,,,,
NDCincond,0,LIME_PROD,T5LIME_PRODIPPU,,2025,,,,,,,0.1908,,,,,,,,,,,,,,,,,,,,,,,,,,,,,,,
NDCincond,0,LIME_PROD,T5LIME_PRODIPPU,,2026,,,,,,,0.1949,,,,,,,,,,,,,,,,,,,,,,,,,,,,,,,
NDCincond,0,LIME_PROD,T5LIME_PRODIPPU,,2027,,,,,,,0.1991,,,,,,,,,,,,,,,,,,,,,,,,,,,,,,,
NDCincond,0,LIME_PROD,T5LIME_PRODIPPU,,2028,,,,,,,0.2034,,,,,,,,,,,,,,,,,,,,,,,,,,,,,,,
NDCincond,0,LIME_PROD,T5LIME_PRODIPPU,,2029,,,,,,,0.2077,,,,,,,,,,,,,,,,,,,,,,,,,,,,,,,
NDCincond,0,LIME_PROD,T5LIME_PRODIPPU,,2030,,,,,,,0.2121,,,,,,,,,,,,,,,,,,,,,,,,,,,,,,,
NDCincond,0,LIME_PROD,T5LIME_PRODIPPU,,2031,,,,,,,0.2167,,,,,,,,,,,,,,,,,,,,,,,,,,,,,,,
NDCincond,0,LIME_PROD,T5LIME_PRODIPPU,,2032,,,,,,,0.2213,,,,,,,,,,,,,,,,,,,,,,,,,,,,,,,
NDCincond,0,LIME_PROD,T5LIME_PRODIPPU,,2033,,,,,,,0.226,,,,,,,,,,,,,,,,,,,,,,,,,,,,,,,
NDCincond,0,LIME_PROD,T5LIME_PRODIPPU,,2034,,,,,,,0.2309,,,,,,,,,,,,,,,,,,,,,,,,,,,,,,,
NDCincond,0,LIME_PROD,T5LIME_PRODIPPU,,2035,,,,,,,0.2358,,,,,,,,,,,,,,,,,,,,,,,,,,,,,,,
NDCincond,0,GLASS_PROD,T5GLASS_PRODIPPU,,2010,,,,,,,0.0075,,,,,,,,,,,,,,,,,,,,,,,,,,,,,,,
NDCincond,0,GLASS_PROD,T5GLASS_PRODIPPU,,2011,,,,,,,0.0092,,,,,,,,,,,,,,,,,,,,,,,,,,,,,,,
NDCincond,0,GLASS_PROD,T5GLASS_PRODIPPU,,2012,,,,,,,0.0109,,,,,,,,,,,,,,,,,,,,,,,,,,,,,,,
NDCincond,0,GLASS_PROD,T5GLASS_PRODIPPU,,2013,,,,,,,0.0126,,,,,,,,,,,,,,,,,,,,,,,,,,,,,,,
NDCincond,0,GLASS_PROD,T5GLASS_PRODIPPU,,2014,,,,,,,0.0143,,,,,,,,,,,,,,,,,,,,,,,,,,,,,,,
NDCincond,0,GLASS_PROD,T5GLASS_PRODIPPU,,2015,,,,,,,0.0125,,,,,,,,,,,,,,,,,,,,,,,,,,,,,,,
NDCincond,0,GLASS_PROD,T5GLASS_PRODIPPU,,2016,,,,,,,0.0107,,,,,,,,,,,,,,,,,,,,,,,,,,,,,,,
NDCincond,0,GLASS_PROD,T5GLASS_PRODIPPU,,2017,,,,,,,0.0124,,,,,,,,,,,,,,,,,,,,,,,,,,,,,,,
NDCincond,0,GLASS_PROD,T5GLASS_PRODIPPU,,2018,,,,,,,0.0141,,,,,,,,,,,,,,,,,,,,,,,,,,,,,,,
NDCincond,0,GLASS_PROD,T5GLASS_PRODIPPU,,2019,,,,,,,0.0094,,,,,,,,,,,,,,,,,,,,,,,,,,,,,,,
NDCincond,0,GLASS_PROD,T5GLASS_PRODIPPU,,2020,,,,,,,0.0047,,,,,,,,,,,,,,,,,,,,,,,,,,,,,,,
NDCincond,0,GLASS_PROD,T5GLASS_PRODIPPU,,2021,,,,,,,0.0089,,,,,,,,,,,,,,,,,,,,,,,,,,,,,,,
NDCincond,0,GLASS_PROD,T5GLASS_PRODIPPU,,2022,,,,,,,0.0081,,,,,,,,,,,,,,,,,,,,,,,,,,,,,,,
NDCincond,0,GLASS_PROD,T5GLASS_PRODIPPU,,2023,,,,,,,0.0083,,,,,,,,,,,,,,,,,,,,,,,,,,,,,,,
NDCincond,0,GLASS_PROD,T5GLASS_PRODIPPU,,2024,,,,,,,0.0084,,,,,,,,,,,,,,,,,,,,,,,,,,,,,,,
NDCincond,0,GLASS_PROD,T5GLASS_PRODIPPU,,2025,,,,,,,0.0086,,,,,,,,,,,,,,,,,,,,,,,,,,,,,,,
NDCincond,0,GLASS_PROD,T5GLASS_PRODIPPU,,2026,,,,,,,0.0088,,,,,,,,,,,,,,,,,,,,,,,,,,,,,,,
NDCincond,0,GLASS_PROD,T5GLASS_PRODIPPU,,2027,,,,,,,0.009,,,,,,,,,,,,,,,,,,,,,,,,,,,,,,,
NDCincond,0,GLASS_PROD,T5GLASS_PRODIPPU,,2028,,,,,,,0.0092,,,,,,,,,,,,,,,,,,,,,,,,,,,,,,,
NDCincond,0,GLASS_PROD,T5GLASS_PRODIPPU,,2029,,,,,,,0.0094,,,,,,,,,,,,,,,,,,,,,,,,,,,,,,,
NDCincond,0,GLASS_PROD,T5GLASS_PRODIPPU,,2030,,,,,,,0.0096,,,,,,,,,,,,,,,,,,,,,,,,,,,,,,,
NDCincond,0,GLASS_PROD,T5GLASS_PRODIPPU,,2031,,,,,,,0.0098,,,,,,,,,,,,,,,,,,,,,,,,,,,,,,,
NDCincond,0,GLASS_PROD,T5GLASS_PRODIPPU,,2032,,,,,,,0.01,,,,,,,,,,,,,,,,,,,,,,,,,,,,,,,
NDCincond,0,GLASS_PROD,T5GLASS_PRODIPPU,,2033,,,,,,,0.0102,,,,,,,,,,,,,,,,,,,,,,,,,,,,,,,
NDCincond,0,GLASS_PROD,T5GLASS_PRODIPPU,,2034,,,,,,,0.0104,,,,,,,,,,,,,,,,,,,,,,,,,,,,,,,
NDCincond,0,GLASS_PROD,T5GLASS_PRODIPPU,,2035,,,,,,,0.0107,,,,,,,,,,,,,,,,,,,,,,,,,,,,,,,
NDCincond,0,CERAMICS,T5CERAMICSIPPU,,2010,,,,,,,0.3181,,,,,,,,,,,,,,,,,,,,,,,,,,,,,,,
NDCincond,0,CERAMICS,T5CERAMICSIPPU,,2011,,,,,,,0.4096,,,,,,,,,,,,,,,,,,,,,,,,,,,,,,,
NDCincond,0,CERAMICS,T5CERAMICSIPPU,,2012,,,,,,,0.5012,,,,,,,,,,,,,,,,,,,,,,,,,,,,,,,
NDCincond,0,CERAMICS,T5CERAMICSIPPU,,2013,,,,,,,0.4401,,,,,,,,,,,,,,,,,,,,,,,,,,,,,,,
NDCincond,0,CERAMICS,T5CERAMICSIPPU,,2014,,,,,,,0.3789,,,,,,,,,,,,,,,,,,,,,,,,,,,,,,,
NDCincond,0,CERAMICS,T5CERAMICSIPPU,,2015,,,,,,,0.383,,,,,,,,,,,,,,,,,,,,,,,,,,,,,,,
NDCincond,0,CERAMICS,T5CERAMICSIPPU,,2016,,,,,,,0.3872,,,,,,,,,,,,,,,,,,,,,,,,,,,,,,,
NDCincond,0,CERAMICS,T5CERAMICSIPPU,,2017,,,,,,,0.296,,,,,,,,,,,,,,,,,,,,,,,,,,,,,,,
NDCincond,0,CERAMICS,T5CERAMICSIPPU,,2018,,,,,,,0.2049,,,,,,,,,,,,,,,,,,,,,,,,,,,,,,,
NDCincond,0,CERAMICS,T5CERAMICSIPPU,,2019,,,,,,,0.1522,,,,,,,,,,,,,,,,,,,,,,,,,,,,,,,
NDCincond,0,CERAMICS,T5CERAMICSIPPU,,2020,,,,,,,0.0995,,,,,,,,,,,,,,,,,,,,,,,,,,,,,,,
NDCincond,0,CERAMICS,T5CERAMICSIPPU,,2021,,,,,,,0.0446,,,,,,,,,,,,,,,,,,,,,,,,,,,,,,,
NDCincond,0,CERAMICS,T5CERAMICSIPPU,,2022,,,,,,,0.2117,,,,,,,,,,,,,,,,,,,,,,,,,,,,,,,
NDCincond,0,CERAMICS,T5CERAMICSIPPU,,2023,,,,,,,0.2162,,,,,,,,,,,,,,,,,,,,,,,,,,,,,,,
NDCincond,0,CERAMICS,T5CERAMICSIPPU,,2024,,,,,,,0.2208,,,,,,,,,,,,,,,,,,,,,,,,,,,,,,,
NDCincond,0,CERAMICS,T5CERAMICSIPPU,,2025,,,,,,,0.2256,,,,,,,,,,,,,,,,,,,,,,,,,,,,,,,
NDCincond,0,CERAMICS,T5CERAMICSIPPU,,2026,,,,,,,0.2304,,,,,,,,,,,,,,,,,,,,,,,,,,,,,,,
NDCincond,0,CERAMICS,T5CERAMICSIPPU,,2027,,,,,,,0.2353,,,,,,,,,,,,,,,,,,,,,,,,,,,,,,,
NDCincond,0,CERAMICS,T5CERAMICSIPPU,,2028,,,,,,,0.2404,,,,,,,,,,,,,,,,,,,,,,,,,,,,,,,
NDCincond,0,CERAMICS,T5CERAMICSIPPU,,2029,,,,,,,0.2455,,,,,,,,,,,,,,,,,,,,,,,,,,,,,,,
NDCincond,0,CERAMICS,T5CERAMICSIPPU,,2030,,,,,,,0.2507,,,,,,,,,,,,,,,,,,,,,,,,,,,,,,,
NDCincond,0,CERAMICS,T5CERAMICSIPPU,,2031,,,,,,,0.2561,,,,,,,,,,,,,,,,,,,,,,,,,,,,,,,
NDCincond,0,CERAMICS,T5CERAMICSIPPU,,2032,,,,,,,0.2616,,,,,,,,,,,,,,,,,,,,,,,,,,,,,,,
NDCincond,0,CERAMICS,T5CERAMICSIPPU,,2033,,,,,,,0.2672,,,,,,,,,,,,,,,,,,,,,,,,,,,,,,,
NDCincond,0,CERAMICS,T5CERAMICSIPPU,,2034,,,,,,,0.2729,,,,,,,,,,,,,,,,,,,,,,,,,,,,,,,
NDCincond,0,CERAMICS,T5CERAMICSIPPU,,2035,,,,,,,0.2787,,,,,,,,,,,,,,,,,,,,,,,,,,,,,,,
NDCincond,0,SODA_ASH,T5SODA_ASHIPPU,,2012,,,,,,,0.0018,,,,,,,,,,,,,,,,,,,,,,,,,,,,,,,
NDCincond,0,SODA_ASH,T5SODA_ASHIPPU,,2013,,,,,,,0.0018,,,,,,,,,,,,,,,,,,,,,,,,,,,,,,,
NDCincond,0,SODA_ASH,T5SODA_ASHIPPU,,2014,,,,,,,0.0018,,,,,,,,,,,,,,,,,,,,,,,,,,,,,,,
NDCincond,0,SODA_ASH,T5SODA_ASHIPPU,,2017,,,,,,,0.0015,,,,,,,,,,,,,,,,,,,,,,,,,,,,,,,
NDCincond,0,SODA_ASH,T5SODA_ASHIPPU,,2018,,,,,,,0.0031,,,,,,,,,,,,,,,,,,,,,,,,,,,,,,,
NDCincond,0,SODA_ASH,T5SODA_ASHIPPU,,2019,,,,,,,0.0058,,,,,,,,,,,,,,,,,,,,,,,,,,,,,,,
NDCincond,0,SODA_ASH,T5SODA_ASHIPPU,,2020,,,,,,,0.0085,,,,,,,,,,,,,,,,,,,,,,,,,,,,,,,
NDCincond,0,SODA_ASH,T5SODA_ASHIPPU,,2021,,,,,,,0.0012,,,,,,,,,,,,,,,,,,,,,,,,,,,,,,,
NDCincond,0,SODA_ASH,T5SODA_ASHIPPU,,2022,,,,,,,0.0017,,,,,,,,,,,,,,,,,,,,,,,,,,,,,,,
NDCincond,0,SODA_ASH,T5SODA_ASHIPPU,,2023,,,,,,,0.0017,,,,,,,,,,,,,,,,,,,,,,,,,,,,,,,
NDCincond,0,SODA_ASH,T5SODA_ASHIPPU,,2024,,,,,,,0.0018,,,,,,,,,,,,,,,,,,,,,,,,,,,,,,,
NDCincond,0,SODA_ASH,T5SODA_ASHIPPU,,2025,,,,,,,0.0018,,,,,,,,,,,,,,,,,,,,,,,,,,,,,,,
NDCincond,0,SODA_ASH,T5SODA_ASHIPPU,,2026,,,,,,,0.0019,,,,,,,,,,,,,,,,,,,,,,,,,,,,,,,
NDCincond,0,SODA_ASH,T5SODA_ASHIPPU,,2027,,,,,,,0.0019,,,,,,,,,,,,,,,,,,,,,,,,,,,,,,,
NDCincond,0,SODA_ASH,T5SODA_ASHIPPU,,2028,,,,,,,0.0019,,,,,,,,,,,,,,,,,,,,,,,,,,,,,,,
NDCincond,0,SODA_ASH,T5SODA_ASHIPPU,,2029,,,,,,,0.002,,,,,,,,,,,,,,,,,,,,,,,,,,,,,,,
NDCincond,0,SODA_ASH,T5SODA_ASHIPPU,,2030,,,,,,,0.002,,,,,,,,,,,,,,,,,,,,,,,,,,,,,,,
NDCincond,0,SODA_ASH,T5SODA_ASHIPPU,,2031,,,,,,,0.0021,,,,,,,,,,,,,,,,,,,,,,,,,,,,,,,
NDCincond,0,SODA_ASH,T5SODA_ASHIPPU,,2032,,,,,,,0.0021,,,,,,,,,,,,,,,,,,,,,,,,,,,,,,,
NDCincond,0,SODA_ASH,T5SODA_ASHIPPU,,2033,,,,,,,0.0021,,,,,,,,,,,,,,,,,,,,,,,,,,,,,,,
NDCincond,0,SODA_ASH,T5SODA_ASHIPPU,,2034,,,,,,,0.0022,,,,,,,,,,,,,,,,,,,,,,,,,,,,,,,
NDCincond,0,SODA_ASH,T5SODA_ASHIPPU,,2035,,,,,,,0.0022,,,,,,,,,,,,,,,,,,,,,,,,,,,,,,,
NDCincond,0,IRON_STEEL,T5IRON_STEELIPPU,,2010,,,,,,,0.0298,,,,,,,,,,,,,,,,,,,,,,,,,,,,,,,
NDCincond,0,IRON_STEEL,T5IRON_STEELIPPU,,2011,,,,,,,0.0317,,,,,,,,,,,,,,,,,,,,,,,,,,,,,,,
NDCincond,0,IRON_STEEL,T5IRON_STEELIPPU,,2012,,,,,,,0.0336,,,,,,,,,,,,,,,,,,,,,,,,,,,,,,,
NDCincond,0,IRON_STEEL,T5IRON_STEELIPPU,,2013,,,,,,,0.0357,,,,,,,,,,,,,,,,,,,,,,,,,,,,,,,
NDCincond,0,IRON_STEEL,T5IRON_STEELIPPU,,2014,,,,,,,0.0378,,,,,,,,,,,,,,,,,,,,,,,,,,,,,,,
NDCincond,0,IRON_STEEL,T5IRON_STEELIPPU,,2015,,,,,,,0.0404,,,,,,,,,,,,,,,,,,,,,,,,,,,,,,,
NDCincond,0,IRON_STEEL,T5IRON_STEELIPPU,,2016,,,,,,,0.0429,,,,,,,,,,,,,,,,,,,,,,,,,,,,,,,
NDCincond,0,IRON_STEEL,T5IRON_STEELIPPU,,2017,,,,,,,0.0496,,,,,,,,,,,,,,,,,,,,,,,,,,,,,,,
NDCincond,0,IRON_STEEL,T5IRON_STEELIPPU,,2018,,,,,,,0.0564,,,,,,,,,,,,,,,,,,,,,,,,,,,,,,,
NDCincond,0,IRON_STEEL,T5IRON_STEELIPPU,,2019,,,,,,,0.0459,,,,,,,,,,,,,,,,,,,,,,,,,,,,,,,
NDCincond,0,IRON_STEEL,T5IRON_STEELIPPU,,2020,,,,,,,0.0354,,,,,,,,,,,,,,,,,,,,,,,,,,,,,,,
NDCincond,0,IRON_STEEL,T5IRON_STEELIPPU,,2021,,,,,,,0.0779,,,,,,,,,,,,,,,,,,,,,,,,,,,,,,,
NDCincond,0,IRON_STEEL,T5IRON_STEELIPPU,,2022,,,,,,,0.0801,,,,,,,,,,,,,,,,,,,,,,,,,,,,,,,
NDCincond,0,IRON_STEEL,T5IRON_STEELIPPU,,2023,,,,,,,0.0818,,,,,,,,,,,,,,,,,,,,,,,,,,,,,,,
NDCincond,0,IRON_STEEL,T5IRON_STEELIPPU,,2024,,,,,,,0.0836,,,,,,,,,,,,,,,,,,,,,,,,,,,,,,,
NDCincond,0,IRON_STEEL,T5IRON_STEELIPPU,,2025,,,,,,,0.0853,,,,,,,,,,,,,,,,,,,,,,,,,,,,,,,
NDCincond,0,IRON_STEEL,T5IRON_STEELIPPU,,2026,,,,,,,0.0872,,,,,,,,,,,,,,,,,,,,,,,,,,,,,,,
NDCincond,0,IRON_STEEL,T5IRON_STEELIPPU,,2027,,,,,,,0.089,,,,,,,,,,,,,,,,,,,,,,,,,,,,,,,
NDCincond,0,IRON_STEEL,T5IRON_STEELIPPU,,2028,,,,,,,0.0909,,,,,,,,,,,,,,,,,,,,,,,,,,,,,,,
NDCincond,0,IRON_STEEL,T5IRON_STEELIPPU,,2029,,,,,,,0.0929,,,,,,,,,,,,,,,,,,,,,,,,,,,,,,,
NDCincond,0,IRON_STEEL,T5IRON_STEELIPPU,,2030,,,,,,,0.0949,,,,,,,,,,,,,,,,,,,,,,,,,,,,,,,
NDCincond,0,IRON_STEEL,T5IRON_STEELIPPU,,2031,,,,,,,0.0969,,,,,,,,,,,,,,,,,,,,,,,,,,,,,,,
NDCincond,0,IRON_STEEL,T5IRON_STEELIPPU,,2032,,,,,,,0.099,,,,,,,,,,,,,,,,,,,,,,,,,,,,,,,
NDCincond,0,IRON_STEEL,T5IRON_STEELIPPU,,2033,,,,,,,0.1011,,,,,,,,,,,,,,,,,,,,,,,,,,,,,,,
NDCincond,0,IRON_STEEL,T5IRON_STEELIPPU,,2034,,,,,,,0.1032,,,,,,,,,,,,,,,,,,,,,,,,,,,,,,,
NDCincond,0,IRON_STEEL,T5IRON_STEELIPPU,,2035,,,,,,,0.1055,,,,,,,,,,,,,,,,,,,,,,,,,,,,,,,
NDCincond,0,LEAD_PROD,T5LEAD_PRODIPPU,,2010,,,,,,,0.0013,,,,,,,,,,,,,,,,,,,,,,,,,,,,,,,
NDCincond,0,LEAD_PROD,T5LEAD_PRODIPPU,,2011,,,,,,,0.0016,,,,,,,,,,,,,,,,,,,,,,,,,,,,,,,
NDCincond,0,LEAD_PROD,T5LEAD_PRODIPPU,,2012,,,,,,,0.0019,,,,,,,,,,,,,,,,,,,,,,,,,,,,,,,
NDCincond,0,LEAD_PROD,T5LEAD_PRODIPPU,,2013,,,,,,,0.0023,,,,,,,,,,,,,,,,,,,,,,,,,,,,,,,
NDCincond,0,LEAD_PROD,T5LEAD_PRODIPPU,,2014,,,,,,,0.0027,,,,,,,,,,,,,,,,,,,,,,,,,,,,,,,
NDCincond,0,LEAD_PROD,T5LEAD_PRODIPPU,,2015,,,,,,,0.0029,,,,,,,,,,,,,,,,,,,,,,,,,,,,,,,
NDCincond,0,LEAD_PROD,T5LEAD_PRODIPPU,,2016,,,,,,,0.003,,,,,,,,,,,,,,,,,,,,,,,,,,,,,,,
NDCincond,0,LEAD_PROD,T5LEAD_PRODIPPU,,2017,,,,,,,0.0035,,,,,,,,,,,,,,,,,,,,,,,,,,,,,,,
NDCincond,0,LEAD_PROD,T5LEAD_PRODIPPU,,2018,,,,,,,0.004,,,,,,,,,,,,,,,,,,,,,,,,,,,,,,,
NDCincond,0,LEAD_PROD,T5LEAD_PRODIPPU,,2019,,,,,,,0.007,,,,,,,,,,,,,,,,,,,,,,,,,,,,,,,
NDCincond,0,LEAD_PROD,T5LEAD_PRODIPPU,,2020,,,,,,,0.01,,,,,,,,,,,,,,,,,,,,,,,,,,,,,,,
NDCincond,0,LEAD_PROD,T5LEAD_PRODIPPU,,2021,,,,,,,0.0087,,,,,,,,,,,,,,,,,,,,,,,,,,,,,,,
NDCincond,0,LEAD_PROD,T5LEAD_PRODIPPU,,2022,,,,,,,0.0066,,,,,,,,,,,,,,,,,,,,,,,,,,,,,,,
NDCincond,0,LEAD_PROD,T5LEAD_PRODIPPU,,2023,,,,,,,0.0067,,,,,,,,,,,,,,,,,,,,,,,,,,,,,,,
NDCincond,0,LEAD_PROD,T5LEAD_PRODIPPU,,2024,,,,,,,0.0069,,,,,,,,,,,,,,,,,,,,,,,,,,,,,,,
NDCincond,0,LEAD_PROD,T5LEAD_PRODIPPU,,2025,,,,,,,0.007,,,,,,,,,,,,,,,,,,,,,,,,,,,,,,,
NDCincond,0,LEAD_PROD,T5LEAD_PRODIPPU,,2026,,,,,,,0.0072,,,,,,,,,,,,,,,,,,,,,,,,,,,,,,,
NDCincond,0,LEAD_PROD,T5LEAD_PRODIPPU,,2027,,,,,,,0.0073,,,,,,,,,,,,,,,,,,,,,,,,,,,,,,,
NDCincond,0,LEAD_PROD,T5LEAD_PRODIPPU,,2028,,,,,,,0.0075,,,,,,,,,,,,,,,,,,,,,,,,,,,,,,,
NDCincond,0,LEAD_PROD,T5LEAD_PRODIPPU,,2029,,,,,,,0.0077,,,,,,,,,,,,,,,,,,,,,,,,,,,,,,,
NDCincond,0,LEAD_PROD,T5LEAD_PRODIPPU,,2030,,,,,,,0.0078,,,,,,,,,,,,,,,,,,,,,,,,,,,,,,,
NDCincond,0,LEAD_PROD,T5LEAD_PRODIPPU,,2031,,,,,,,0.008,,,,,,,,,,,,,,,,,,,,,,,,,,,,,,,
NDCincond,0,LEAD_PROD,T5LEAD_PRODIPPU,,2032,,,,,,,0.0082,,,,,,,,,,,,,,,,,,,,,,,,,,,,,,,
NDCincond,0,LEAD_PROD,T5LEAD_PRODIPPU,,2033,,,,,,,0.0083,,,,,,,,,,,,,,,,,,,,,,,,,,,,,,,
NDCincond,0,LEAD_PROD,T5LEAD_PRODIPPU,,2034,,,,,,,0.0085,,,,,,,,,,,,,,,,,,,,,,,,,,,,,,,
NDCincond,0,LEAD_PROD,T5LEAD_PRODIPPU,,2035,,,,,,,0.0087,,,,,,,,,,,,,,,,,,,,,,,,,,,,,,,
NDCincond,0,LUBRI,T5LUBRIIPPU,,2013,,,,,,,0.0028,,,,,,,,,,,,,,,,,,,,,,,,,,,,,,,
NDCincond,0,LUBRI,T5LUBRIIPPU,,2014,,,,,,,0.0054,,,,,,,,,,,,,,,,,,,,,,,,,,,,,,,
NDCincond,0,LUBRI,T5LUBRIIPPU,,2015,,,,,,,0.0056,,,,,,,,,,,,,,,,,,,,,,,,,,,,,,,
NDCincond,0,LUBRI,T5LUBRIIPPU,,2016,,,,,,,0.0057,,,,,,,,,,,,,,,,,,,,,,,,,,,,,,,
NDCincond,0,LUBRI,T5LUBRIIPPU,,2017,,,,,,,0.0053,,,,,,,,,,,,,,,,,,,,,,,,,,,,,,,
NDCincond,0,LUBRI,T5LUBRIIPPU,,2018,,,,,,,0.0049,,,,,,,,,,,,,,,,,,,,,,,,,,,,,,,
NDCincond,0,LUBRI,T5LUBRIIPPU,,2019,,,,,,,0.0043,,,,,,,,,,,,,,,,,,,,,,,,,,,,,,,
NDCincond,0,LUBRI,T5LUBRIIPPU,,2020,,,,,,,0.0037,,,,,,,,,,,,,,,,,,,,,,,,,,,,,,,
NDCincond,0,LUBRI,T5LUBRIIPPU,,2021,,,,,,,0.0036,,,,,,,,,,,,,,,,,,,,,,,,,,,,,,,
NDCincond,0,LUBRI,T5LUBRIIPPU,,2022,,,,,,,0.003,,,,,,,,,,,,,,,,,,,,,,,,,,,,,,,
NDCincond,0,LUBRI,T5LUBRIIPPU,,2023,,,,,,,0.0031,,,,,,,,,,,,,,,,,,,,,,,,,,,,,,,
NDCincond,0,LUBRI,T5LUBRIIPPU,,2024,,,,,,,0.0031,,,,,,,,,,,,,,,,,,,,,,,,,,,,,,,
NDCincond,0,LUBRI,T5LUBRIIPPU,,2025,,,,,,,0.0032,,,,,,,,,,,,,,,,,,,,,,,,,,,,,,,
NDCincond,0,LUBRI,T5LUBRIIPPU,,2026,,,,,,,0.0033,,,,,,,,,,,,,,,,,,,,,,,,,,,,,,,
NDCincond,0,LUBRI,T5LUBRIIPPU,,2027,,,,,,,0.0033,,,,,,,,,,,,,,,,,,,,,,,,,,,,,,,
NDCincond,0,LUBRI,T5LUBRIIPPU,,2028,,,,,,,0.0034,,,,,,,,,,,,,,,,,,,,,,,,,,,,,,,
NDCincond,0,LUBRI,T5LUBRIIPPU,,2029,,,,,,,0.0035,,,,,,,,,,,,,,,,,,,,,,,,,,,,,,,
NDCincond,0,LUBRI,T5LUBRIIPPU,,2030,,,,,,,0.0036,,,,,,,,,,,,,,,,,,,,,,,,,,,,,,,
NDCincond,0,LUBRI,T5LUBRIIPPU,,2031,,,,,,,0.0036,,,,,,,,,,,,,,,,,,,,,,,,,,,,,,,
NDCincond,0,LUBRI,T5LUBRIIPPU,,2032,,,,,,,0.0037,,,,,,,,,,,,,,,,,,,,,,,,,,,,,,,
NDCincond,0,LUBRI,T5LUBRIIPPU,,2033,,,,,,,0.0038,,,,,,,,,,,,,,,,,,,,,,,,,,,,,,,
NDCincond,0,LUBRI,T5LUBRIIPPU,,2034,,,,,,,0.0039,,,,,,,,,,,,,,,,,,,,,,,,,,,,,,,
NDCincond,0,LUBRI,T5LUBRIIPPU,,2035,,,,,,,0.0039,,,,,,,,,,,,,,,,,,,,,,,,,,,,,,,
NDCincond,0,,IMP_HFC23,,2010,,0,0,0,0,,,,,,,,,,,,,,,,,,,,,,,,,,,,,,,,,
NDCincond,0,,IMP_HFC23,,2011,,0,0,0,0,,,,,,,,,,,,,,,,,,,,,,,,,,,,,,,,,
NDCincond,0,,IMP_HFC23,,2012,,0,0,0,0,,,,,,,,,,,,,,,,,,,,,,,,,,,,,,,,,
NDCincond,0,,IMP_HFC23,,2013,,0,0,0,0,,,,,,,,,,,,,,,,,,,,,,,,,,,,,,,,,
NDCincond,0,,IMP_HFC23,,2014,,0,0,0,0,,,,,,,,,,,,,,,,,,,,,,,,,,,,,,,,,
NDCincond,0,,IMP_HFC23,,2015,,0,0,0,0,,,,,,,,,,,,,,,,,,,,,,,,,,,,,,,,,
NDCincond,0,,IMP_HFC23,,2016,,0,0,0,0,,,,,,,,,,,,,,,,,,,,,,,,,,,,,,,,,
NDCincond,0,,IMP_HFC23,,2017,,0,0,0,0,,,,,,,,,,,,,,,,,,,,,,,,,,,,,,,,,
NDCincond,0,,IMP_HFC23,,2018,,0,0,0,0,,,,,,,,,,,,,,,,,,,,,,,,,,,,,,,,,
NDCincond,0,,IMP_HFC23,,2019,,0,0,0,0,,,,,,,,,,,,,,,,,,,,,,,,,,,,,,,,,
NDCincond,0,,IMP_HFC23,,2020,,0,0,0,0,,,,,,,,,,,,,,,,,,,,,,,,,,,,,,,,,
NDCincond,0,,IMP_HFC23,,2021,,0,0,0,0,,,,,,,,,,,,,,,,,,,,,,,,,,,,,,,,,
NDCincond,0,,IMP_HFC23,,2022,,0,0,0,0,,,,,,,,,,,,,,,,,,,,,,,,,,,,,,,,,
NDCincond,0,,IMP_HFC23,,2023,,0,0,0,0,,,,,,,,,,,,,,,,,,,,,,,,,,,,,,,,,
NDCincond,0,,IMP_HFC23,,2024,,0,0,0,0,,,,,,,,,,,,,,,,,,,,,,,,,,,,,,,,,
NDCincond,0,,IMP_HFC23,,2025,,0,0,0,0,,,,,,,,,,,,,,,,,,,,,,,,,,,,,,,,,
NDCincond,0,,IMP_HFC23,,2026,,0,0,0,0,,,,,,,,,,,,,,,,,,,,,,,,,,,,,,,,,
NDCincond,0,,IMP_HFC23,,2027,,0,0,0,0,,,,,,,,,,,,,,,,,,,,,,,,,,,,,,,,,
NDCincond,0,,IMP_HFC23,,2028,,0,0,0,0,,,,,,,,,,,,,,,,,,,,,,,,,,,,,,,,,
NDCincond,0,,IMP_HFC23,,2029,,0,0,0,0,,,,,,,,,,,,,,,,,,,,,,,,,,,,,,,,,
NDCincond,0,,IMP_HFC23,,2030,,0,0,0,0,,,,,,,,,,,,,,,,,,,,,,,,,,,,,,,,,
NDCincond,0,,IMP_HFC23,,2031,,0,0,0,0,,,,,,,,,,,,,,,,,,,,,,,,,,,,,,,,,
NDCincond,0,,IMP_HFC23,,2032,,0,0,0,0,,,,,,,,,,,,,,,,,,,,,,,,,,,,,,,,,
NDCincond,0,,IMP_HFC23,,2033,,0,0,0,0,,,,,,,,,,,,,,,,,,,,,,,,,,,,,,,,,
NDCincond,0,,IMP_HFC23,,2034,,0,0,0,0,,,,,,,,,,,,,,,,,,,,,,,,,,,,,,,,,
NDCincond,0,,IMP_HFC23,,2035,,0,0,0,0,,,,,,,,,,,,,,,,,,,,,,,,,,,,,,,,,
NDCincond,0,,IMP_HFC152a,,2010,,0,0,0,0,,,,,,,,,,,,,,,,,,,,,,,,,,,,,,,,,
NDCincond,0,,IMP_HFC152a,,2011,,0,0,0,0,,,,,,,,,,,,,,,,,,,,,,,,,,,,,,,,,
NDCincond,0,,IMP_HFC152a,,2012,,0,0,0,0,,,,,,,,,,,,,,,,,,,,,,,,,,,,,,,,,
NDCincond,0,,IMP_HFC152a,,2013,,0,0,0,0,,,,,,,,,,,,,,,,,,,,,,,,,,,,,,,,,
NDCincond,0,,IMP_HFC152a,,2014,,0,0,0,0,,,,,,,,,,,,,,,,,,,,,,,,,,,,,,,,,
NDCincond,0,,IMP_HFC152a,,2015,,0,0,0,0,,,,,,,,,,,,,,,,,,,,,,,,,,,,,,,,,
NDCincond,0,,IMP_HFC152a,,2016,,0,0,0,0,,,,,,,,,,,,,,,,,,,,,,,,,,,,,,,,,
NDCincond,0,,IMP_HFC152a,,2017,,0,0,0,0,,,,,,,,,,,,,,,,,,,,,,,,,,,,,,,,,
NDCincond,0,,IMP_HFC152a,,2018,,0,0,0,0,,,,,,,,,,,,,,,,,,,,,,,,,,,,,,,,,
NDCincond,0,,IMP_HFC152a,,2019,,0,0,0,0,,,,,,,,,,,,,,,,,,,,,,,,,,,,,,,,,
NDCincond,0,,IMP_HFC152a,,2020,,0,0,0,0,,,,,,,,,,,,,,,,,,,,,,,,,,,,,,,,,
NDCincond,0,,IMP_HFC152a,,2021,,0,0,0,0,,,,,,,,,,,,,,,,,,,,,,,,,,,,,,,,,
NDCincond,0,,IMP_HFC152a,,2022,,0,0,0,0,,,,,,,,,,,,,,,,,,,,,,,,,,,,,,,,,
NDCincond,0,,IMP_HFC152a,,2023,,0,0,0,0,,,,,,,,,,,,,,,,,,,,,,,,,,,,,,,,,
NDCincond,0,,IMP_HFC152a,,2024,,0,0,0,0,,,,,,,,,,,,,,,,,,,,,,,,,,,,,,,,,
NDCincond,0,,IMP_HFC152a,,2025,,0,0,0,0,,,,,,,,,,,,,,,,,,,,,,,,,,,,,,,,,
NDCincond,0,,IMP_HFC152a,,2026,,0,0,0,0,,,,,,,,,,,,,,,,,,,,,,,,,,,,,,,,,
NDCincond,0,,IMP_HFC152a,,2027,,0,0,0,0,,,,,,,,,,,,,,,,,,,,,,,,,,,,,,,,,
NDCincond,0,,IMP_HFC152a,,2028,,0,0,0,0,,,,,,,,,,,,,,,,,,,,,,,,,,,,,,,,,
NDCincond,0,,IMP_HFC152a,,2029,,0,0,0,0,,,,,,,,,,,,,,,,,,,,,,,,,,,,,,,,,
NDCincond,0,,IMP_HFC152a,,2030,,0,0,0,0,,,,,,,,,,,,,,,,,,,,,,,,,,,,,,,,,
NDCincond,0,,IMP_HFC152a,,2031,,0,0,0,0,,,,,,,,,,,,,,,,,,,,,,,,,,,,,,,,,
NDCincond,0,,IMP_HFC152a,,2032,,0,0,0,0,,,,,,,,,,,,,,,,,,,,,,,,,,,,,,,,,
NDCincond,0,,IMP_HFC152a,,2033,,0,0,0,0,,,,,,,,,,,,,,,,,,,,,,,,,,,,,,,,,
NDCincond,0,,IMP_HFC152a,,2034,,0,0,0,0,,,,,,,,,,,,,,,,,,,,,,,,,,,,,,,,,
NDCincond,0,,IMP_HFC152a,,2035,,0,0,0,0,,,,,,,,,,,,,,,,,,,,,,,,,,,,,,,,,
NDCincond,0,,T5HFC23IPPU,,2010,,0,0,0,0,,,,,,,,,,,,,,,,,,,,,,,,,,,,,,,,,
NDCincond,0,,T5HFC23IPPU,,2011,,0,0,0,0,,,,,,,,,,,,,,,,,,,,,,,,,,,,,,,,,
NDCincond,0,,T5HFC23IPPU,,2012,,0,0,0,0,,,,,,,,,,,,,,,,,,,,,,,,,,,,,,,,,
NDCincond,0,,T5HFC23IPPU,,2013,,0,0,0,0,,,,,,,,,,,,,,,,,,,,,,,,,,,,,,,,,
NDCincond,0,,T5HFC23IPPU,,2014,,0,0,0,0,,,,,,,,,,,,,,,,,,,,,,,,,,,,,,,,,
NDCincond,0,,T5HFC23IPPU,,2015,,0,0,0,0,,,,,,,,,,,,,,,,,,,,,,,,,,,,,,,,,
NDCincond,0,,T5HFC23IPPU,,2016,,0,0,0,0,,,,,,,,,,,,,,,,,,,,,,,,,,,,,,,,,
NDCincond,0,,T5HFC23IPPU,,2017,,0,0,0,0,,,,,,,,,,,,,,,,,,,,,,,,,,,,,,,,,
NDCincond,0,,T5HFC23IPPU,,2018,,0,0,0,0,,,,,,,,,,,,,,,,,,,,,,,,,,,,,,,,,
NDCincond,0,,T5HFC23IPPU,,2019,,0,0,0,0,,,,,,,,,,,,,,,,,,,,,,,,,,,,,,,,,
NDCincond,0,,T5HFC23IPPU,,2020,,0,0,0,0,,,,,,,,,,,,,,,,,,,,,,,,,,,,,,,,,
NDCincond,0,,T5HFC23IPPU,,2021,,0,0,0,0,,,,,,,,,,,,,,,,,,,,,,,,,,,,,,,,,
NDCincond,0,,T5HFC23IPPU,,2022,,0,0,0,0,,,,,,,,,,,,,,,,,,,,,,,,,,,,,,,,,
NDCincond,0,,T5HFC23IPPU,,2023,,0,0,0,0,,,,,,,,,,,,,,,,,,,,,,,,,,,,,,,,,
NDCincond,0,,T5HFC23IPPU,,2024,,0,0,0,0,,,,,,,,,,,,,,,,,,,,,,,,,,,,,,,,,
NDCincond,0,,T5HFC23IPPU,,2025,,0,0,0,0,,,,,,,,,,,,,,,,,,,,,,,,,,,,,,,,,
NDCincond,0,,T5HFC23IPPU,,2026,,0,0,0,0,,,,,,,,,,,,,,,,,,,,,,,,,,,,,,,,,
NDCincond,0,,T5HFC23IPPU,,2027,,0,0,0,0,,,,,,,,,,,,,,,,,,,,,,,,,,,,,,,,,
NDCincond,0,,T5HFC23IPPU,,2028,,0,0,0,0,,,,,,,,,,,,,,,,,,,,,,,,,,,,,,,,,
NDCincond,0,,T5HFC23IPPU,,2029,,0,0,0,0,,,,,,,,,,,,,,,,,,,,,,,,,,,,,,,,,
NDCincond,0,,T5HFC23IPPU,,2030,,0,0,0,0,,,,,,,,,,,,,,,,,,,,,,,,,,,,,,,,,
NDCincond,0,,T5HFC23IPPU,,2031,,0,0,0,0,,,,,,,,,,,,,,,,,,,,,,,,,,,,,,,,,
NDCincond,0,,T5HFC23IPPU,,2032,,0,0,0,0,,,,,,,,,,,,,,,,,,,,,,,,,,,,,,,,,
NDCincond,0,,T5HFC23IPPU,,2033,,0,0,0,0,,,,,,,,,,,,,,,,,,,,,,,,,,,,,,,,,
NDCincond,0,,T5HFC23IPPU,,2034,,0,0,0,0,,,,,,,,,,,,,,,,,,,,,,,,,,,,,,,,,
NDCincond,0,,T5HFC23IPPU,,2035,,0,0,0,0,,,,,,,,,,,,,,,,,,,,,,,,,,,,,,,,,
NDCincond,0,,T5HFC152aIPPU,,2010,,0,0,0,0,,,,,,,,,,,,,,,,,,,,,,,,,,,,,,,,,
NDCincond,0,,T5HFC152aIPPU,,2011,,0,0,0,0,,,,,,,,,,,,,,,,,,,,,,,,,,,,,,,,,
NDCincond,0,,T5HFC152aIPPU,,2012,,0,0,0,0,,,,,,,,,,,,,,,,,,,,,,,,,,,,,,,,,
NDCincond,0,,T5HFC152aIPPU,,2013,,0,0,0,0,,,,,,,,,,,,,,,,,,,,,,,,,,,,,,,,,
NDCincond,0,,T5HFC152aIPPU,,2014,,0,0,0,0,,,,,,,,,,,,,,,,,,,,,,,,,,,,,,,,,
NDCincond,0,,T5HFC152aIPPU,,2015,,0,0,0,0,,,,,,,,,,,,,,,,,,,,,,,,,,,,,,,,,
NDCincond,0,,T5HFC152aIPPU,,2016,,0,0,0,0,,,,,,,,,,,,,,,,,,,,,,,,,,,,,,,,,
NDCincond,0,,T5HFC152aIPPU,,2017,,0,0,0,0,,,,,,,,,,,,,,,,,,,,,,,,,,,,,,,,,
NDCincond,0,,T5HFC152aIPPU,,2018,,0,0,0,0,,,,,,,,,,,,,,,,,,,,,,,,,,,,,,,,,
NDCincond,0,,T5HFC152aIPPU,,2019,,0,0,0,0,,,,,,,,,,,,,,,,,,,,,,,,,,,,,,,,,
NDCincond,0,,T5HFC152aIPPU,,2020,,0,0,0,0,,,,,,,,,,,,,,,,,,,,,,,,,,,,,,,,,
NDCincond,0,,T5HFC152aIPPU,,2021,,0,0,0,0,,,,,,,,,,,,,,,,,,,,,,,,,,,,,,,,,
NDCincond,0,,T5HFC152aIPPU,,2022,,0,0,0,0,,,,,,,,,,,,,,,,,,,,,,,,,,,,,,,,,
NDCincond,0,,T5HFC152aIPPU,,2023,,0,0,0,0,,,,,,,,,,,,,,,,,,,,,,,,,,,,,,,,,
NDCincond,0,,T5HFC152aIPPU,,2024,,0,0,0,0,,,,,,,,,,,,,,,,,,,,,,,,,,,,,,,,,
NDCincond,0,,T5HFC152aIPPU,,2025,,0,0,0,0,,,,,,,,,,,,,,,,,,,,,,,,,,,,,,,,,
NDCincond,0,,T5HFC152aIPPU,,2026,,0,0,0,0,,,,,,,,,,,,,,,,,,,,,,,,,,,,,,,,,
NDCincond,0,,T5HFC152aIPPU,,2027,,0,0,0,0,,,,,,,,,,,,,,,,,,,,,,,,,,,,,,,,,
NDCincond,0,,T5HFC152aIPPU,,2028,,0,0,0,0,,,,,,,,,,,,,,,,,,,,,,,,,,,,,,,,,
NDCincond,0,,T5HFC152aIPPU,,2029,,0,0,0,0,,,,,,,,,,,,,,,,,,,,,,,,,,,,,,,,,
NDCincond,0,,T5HFC152aIPPU,,2030,,0,0,0,0,,,,,,,,,,,,,,,,,,,,,,,,,,,,,,,,,
NDCincond,0,,T5HFC152aIPPU,,2031,,0,0,0,0,,,,,,,,,,,,,,,,,,,,,,,,,,,,,,,,,
NDCincond,0,,T5HFC152aIPPU,,2032,,0,0,0,0,,,,,,,,,,,,,,,,,,,,,,,,,,,,,,,,,
NDCincond,0,,T5HFC152aIPPU,,2033,,0,0,0,0,,,,,,,,,,,,,,,,,,,,,,,,,,,,,,,,,
NDCincond,0,,T5HFC152aIPPU,,2034,,0,0,0,0,,,,,,,,,,,,,,,,,,,,,,,,,,,,,,,,,
NDCincond,0,,T5HFC152aIPPU,,2035,,0,0,0,0,,,,,,,,,,,,,,,,,,,,,,,,,,,,,,,,,
NDCincond,0,,SODA_ASH,,2010,,0,0,0,0,,,,,,,,,,,,,,,,,,,,,,,,,,,,,,,,,
NDCincond,0,,SODA_ASH,,2011,,0,0,0,0,,,,,,,,,,,,,,,,,,,,,,,,,,,,,,,,,
NDCincond,0,,SODA_ASH,,2012,,0,0,0,0,,,,,,,,,,,,,,,,,,,,,,,,,,,,,,,,,
NDCincond,0,,SODA_ASH,,2013,,0,0,0,0,,,,,,,,,,,,,,,,,,,,,,,,,,,,,,,,,
NDCincond,0,,SODA_ASH,,2014,,0,0,0,0,,,,,,,,,,,,,,,,,,,,,,,,,,,,,,,,,
NDCincond,0,,SODA_ASH,,2015,,0,0,0,0,,,,,,,,,,,,,,,,,,,,,,,,,,,,,,,,,
NDCincond,0,,SODA_ASH,,2016,,0,0,0,0,,,,,,,,,,,,,,,,,,,,,,,,,,,,,,,,,
NDCincond,0,,SODA_ASH,,2017,,0,0,0,0,,,,,,,,,,,,,,,,,,,,,,,,,,,,,,,,,
NDCincond,0,,SODA_ASH,,2018,,0,0,0,0,,,,,,,,,,,,,,,,,,,,,,,,,,,,,,,,,
NDCincond,0,,SODA_ASH,,2019,,0,0,0,0,,,,,,,,,,,,,,,,,,,,,,,,,,,,,,,,,
NDCincond,0,,SODA_ASH,,2020,,0,0,0,0,,,,,,,,,,,,,,,,,,,,,,,,,,,,,,,,,
NDCincond,0,,SODA_ASH,,2021,,0,0,0,0,,,,,,,,,,,,,,,,,,,,,,,,,,,,,,,,,
NDCincond,0,,SODA_ASH,,2022,,0,0,0,0,,,,,,,,,,,,,,,,,,,,,,,,,,,,,,,,,
NDCincond,0,,SODA_ASH,,2023,,0,0,0,0,,,,,,,,,,,,,,,,,,,,,,,,,,,,,,,,,
NDCincond,0,,SODA_ASH,,2024,,0,0,0,0,,,,,,,,,,,,,,,,,,,,,,,,,,,,,,,,,
NDCincond,0,,SODA_ASH,,2025,,0,0,0,0,,,,,,,,,,,,,,,,,,,,,,,,,,,,,,,,,
NDCincond,0,,SODA_ASH,,2026,,0,0,0,0,,,,,,,,,,,,,,,,,,,,,,,,,,,,,,,,,
NDCincond,0,,SODA_ASH,,2027,,0,0,0,0,,,,,,,,,,,,,,,,,,,,,,,,,,,,,,,,,
NDCincond,0,,SODA_ASH,,2028,,0,0,0,0,,,,,,,,,,,,,,,,,,,,,,,,,,,,,,,,,
NDCincond,0,,SODA_ASH,,2029,,0,0,0,0,,,,,,,,,,,,,,,,,,,,,,,,,,,,,,,,,
NDCincond,0,,SODA_ASH,,2030,,0,0,0,0,,,,,,,,,,,,,,,,,,,,,,,,,,,,,,,,,
NDCincond,0,,SODA_ASH,,2031,,0,0,0,0,,,,,,,,,,,,,,,,,,,,,,,,,,,,,,,,,
NDCincond,0,,SODA_ASH,,2032,,0,0,0,0,,,,,,,,,,,,,,,,,,,,,,,,,,,,,,,,,
NDCincond,0,,SODA_ASH,,2033,,0,0,0,0,,,,,,,,,,,,,,,,,,,,,,,,,,,,,,,,,
NDCincond,0,,SODA_ASH,,2034,,0,0,0,0,,,,,,,,,,,,,,,,,,,,,,,,,,,,,,,,,
NDCincond,0,,SODA_ASH,,2035,,0,0,0,0,,,,,,,,,,,,,,,,,,,,,,,,,,,,,,,,,
NDCincond,0,,LUBRI,,2010,,0,0,0,0,,,,,,,,,,,,,,,,,,,,,,,,,,,,,,,,,
NDCincond,0,,LUBRI,,2011,,0,0,0,0,,,,,,,,,,,,,,,,,,,,,,,,,,,,,,,,,
NDCincond,0,,LUBRI,,2012,,0,0,0,0,,,,,,,,,,,,,,,,,,,,,,,,,,,,,,,,,
NDCincond,0,,LUBRI,,2013,,0,0,0,0,,,,,,,,,,,,,,,,,,,,,,,,,,,,,,,,,
NDCincond,0,,LUBRI,,2014,,0,0,0,0,,,,,,,,,,,,,,,,,,,,,,,,,,,,,,,,,
NDCincond,0,,LUBRI,,2015,,0,0,0,0,,,,,,,,,,,,,,,,,,,,,,,,,,,,,,,,,
NDCincond,0,,LUBRI,,2016,,0,0,0,0,,,,,,,,,,,,,,,,,,,,,,,,,,,,,,,,,
NDCincond,0,,LUBRI,,2017,,0,0,0,0,,,,,,,,,,,,,,,,,,,,,,,,,,,,,,,,,
NDCincond,0,,LUBRI,,2018,,0,0,0,0,,,,,,,,,,,,,,,,,,,,,,,,,,,,,,,,,
NDCincond,0,,LUBRI,,2019,,0,0,0,0,,,,,,,,,,,,,,,,,,,,,,,,,,,,,,,,,
NDCincond,0,,LUBRI,,2020,,0,0,0,0,,,,,,,,,,,,,,,,,,,,,,,,,,,,,,,,,
NDCincond,0,,LUBRI,,2021,,0,0,0,0,,,,,,,,,,,,,,,,,,,,,,,,,,,,,,,,,
NDCincond,0,,LUBRI,,2022,,0,0,0,0,,,,,,,,,,,,,,,,,,,,,,,,,,,,,,,,,
NDCincond,0,,LUBRI,,2023,,0,0,0,0,,,,,,,,,,,,,,,,,,,,,,,,,,,,,,,,,
NDCincond,0,,LUBRI,,2024,,0,0,0,0,,,,,,,,,,,,,,,,,,,,,,,,,,,,,,,,,
NDCincond,0,,LUBRI,,2025,,0,0,0,0,,,,,,,,,,,,,,,,,,,,,,,,,,,,,,,,,
NDCincond,0,,LUBRI,,2026,,0,0,0,0,,,,,,,,,,,,,,,,,,,,,,,,,,,,,,,,,
NDCincond,0,,LUBRI,,2027,,0,0,0,0,,,,,,,,,,,,,,,,,,,,,,,,,,,,,,,,,
NDCincond,0,,LUBRI,,2028,,0,0,0,0,,,,,,,,,,,,,,,,,,,,,,,,,,,,,,,,,
NDCincond,0,,LUBRI,,2029,,0,0,0,0,,,,,,,,,,,,,,,,,,,,,,,,,,,,,,,,,
NDCincond,0,,LUBRI,,2030,,0,0,0,0,,,,,,,,,,,,,,,,,,,,,,,,,,,,,,,,,
NDCincond,0,,LUBRI,,2031,,0,0,0,0,,,,,,,,,,,,,,,,,,,,,,,,,,,,,,,,,
NDCincond,0,,LUBRI,,2032,,0,0,0,0,,,,,,,,,,,,,,,,,,,,,,,,,,,,,,,,,
NDCincond,0,,LUBRI,,2033,,0,0,0,0,,,,,,,,,,,,,,,,,,,,,,,,,,,,,,,,,
NDCincond,0,,LUBRI,,2034,,0,0,0,0,,,,,,,,,,,,,,,,,,,,,,,,,,,,,,,,,
NDCincond,0,,LUBRI,,2035,,0,0,0,0,,,,,,,,,,,,,,,,,,,,,,,,,,,,,,,,,
NDCincond,0,,T5SODA_ASHIPPU,,2010,,0,0,0,0,,,,,,,,,,,,,,,,,,,,,,,,,,,,,,,,,
NDCincond,0,,T5SODA_ASHIPPU,,2011,,0,0,0,0,,,,,,,,,,,,,,,,,,,,,,,,,,,,,,,,,
NDCincond,0,,T5SODA_ASHIPPU,,2012,,0,0,0,0,,,,,,,,,,,,,,,,,,,,,,,,,,,,,,,,,
NDCincond,0,,T5SODA_ASHIPPU,,2013,,0,0,0,0,,,,,,,,,,,,,,,,,,,,,,,,,,,,,,,,,
NDCincond,0,,T5SODA_ASHIPPU,,2014,,0,0,0,0,,,,,,,,,,,,,,,,,,,,,,,,,,,,,,,,,
NDCincond,0,,T5SODA_ASHIPPU,,2015,,0,0,0,0,,,,,,,,,,,,,,,,,,,,,,,,,,,,,,,,,
NDCincond,0,,T5SODA_ASHIPPU,,2016,,0,0,0,0,,,,,,,,,,,,,,,,,,,,,,,,,,,,,,,,,
NDCincond,0,,T5SODA_ASHIPPU,,2017,,0,0,0,0,,,,,,,,,,,,,,,,,,,,,,,,,,,,,,,,,
NDCincond,0,,T5SODA_ASHIPPU,,2018,,0,0,0,0,,,,,,,,,,,,,,,,,,,,,,,,,,,,,,,,,
NDCincond,0,,T5SODA_ASHIPPU,,2019,,0,0,0,0,,,,,,,,,,,,,,,,,,,,,,,,,,,,,,,,,
NDCincond,0,,T5SODA_ASHIPPU,,2020,,0,0,0,0,,,,,,,,,,,,,,,,,,,,,,,,,,,,,,,,,
NDCincond,0,,T5SODA_ASHIPPU,,2021,,0,0,0,0,,,,,,,,,,,,,,,,,,,,,,,,,,,,,,,,,
NDCincond,0,,T5SODA_ASHIPPU,,2022,,0,0,0,0,,,,,,,,,,,,,,,,,,,,,,,,,,,,,,,,,
NDCincond,0,,T5SODA_ASHIPPU,,2023,,0,0,0,0,,,,,,,,,,,,,,,,,,,,,,,,,,,,,,,,,
NDCincond,0,,T5SODA_ASHIPPU,,2024,,0,0,0,0,,,,,,,,,,,,,,,,,,,,,,,,,,,,,,,,,
NDCincond,0,,T5SODA_ASHIPPU,,2025,,0,0,0,0,,,,,,,,,,,,,,,,,,,,,,,,,,,,,,,,,
NDCincond,0,,T5SODA_ASHIPPU,,2026,,0,0,0,0,,,,,,,,,,,,,,,,,,,,,,,,,,,,,,,,,
NDCincond,0,,T5SODA_ASHIPPU,,2027,,0,0,0,0,,,,,,,,,,,,,,,,,,,,,,,,,,,,,,,,,
NDCincond,0,,T5SODA_ASHIPPU,,2028,,0,0,0,0,,,,,,,,,,,,,,,,,,,,,,,,,,,,,,,,,
NDCincond,0,,T5SODA_ASHIPPU,,2029,,0,0,0,0,,,,,,,,,,,,,,,,,,,,,,,,,,,,,,,,,
NDCincond,0,,T5SODA_ASHIPPU,,2030,,0,0,0,0,,,,,,,,,,,,,,,,,,,,,,,,,,,,,,,,,
NDCincond,0,,T5SODA_ASHIPPU,,2031,,0,0,0,0,,,,,,,,,,,,,,,,,,,,,,,,,,,,,,,,,
NDCincond,0,,T5SODA_ASHIPPU,,2032,,0,0,0,0,,,,,,,,,,,,,,,,,,,,,,,,,,,,,,,,,
NDCincond,0,,T5SODA_ASHIPPU,,2033,,0,0,0,0,,,,,,,,,,,,,,,,,,,,,,,,,,,,,,,,,
NDCincond,0,,T5SODA_ASHIPPU,,2034,,0,0,0,0,,,,,,,,,,,,,,,,,,,,,,,,,,,,,,,,,
NDCincond,0,,T5SODA_ASHIPPU,,2035,,0,0,0,0,,,,,,,,,,,,,,,,,,,,,,,,,,,,,,,,,
NDCincond,0,,T5LUBRIIPPU,,2010,,0,0,0,0,,,,,,,,,,,,,,,,,,,,,,,,,,,,,,,,,
NDCincond,0,,T5LUBRIIPPU,,2011,,0,0,0,0,,,,,,,,,,,,,,,,,,,,,,,,,,,,,,,,,
NDCincond,0,,T5LUBRIIPPU,,2012,,0,0,0,0,,,,,,,,,,,,,,,,,,,,,,,,,,,,,,,,,
NDCincond,0,,T5LUBRIIPPU,,2013,,0,0,0,0,,,,,,,,,,,,,,,,,,,,,,,,,,,,,,,,,
NDCincond,0,,T5LUBRIIPPU,,2014,,0,0,0,0,,,,,,,,,,,,,,,,,,,,,,,,,,,,,,,,,
NDCincond,0,,T5LUBRIIPPU,,2015,,0,0,0,0,,,,,,,,,,,,,,,,,,,,,,,,,,,,,,,,,
NDCincond,0,,T5LUBRIIPPU,,2016,,0,0,0,0,,,,,,,,,,,,,,,,,,,,,,,,,,,,,,,,,
NDCincond,0,,T5LUBRIIPPU,,2017,,0,0,0,0,,,,,,,,,,,,,,,,,,,,,,,,,,,,,,,,,
NDCincond,0,,T5LUBRIIPPU,,2018,,0,0,0,0,,,,,,,,,,,,,,,,,,,,,,,,,,,,,,,,,
NDCincond,0,,T5LUBRIIPPU,,2019,,0,0,0,0,,,,,,,,,,,,,,,,,,,,,,,,,,,,,,,,,
NDCincond,0,,T5LUBRIIPPU,,2020,,0,0,0,0,,,,,,,,,,,,,,,,,,,,,,,,,,,,,,,,,
NDCincond,0,,T5LUBRIIPPU,,2021,,0,0,0,0,,,,,,,,,,,,,,,,,,,,,,,,,,,,,,,,,
NDCincond,0,,T5LUBRIIPPU,,2022,,0,0,0,0,,,,,,,,,,,,,,,,,,,,,,,,,,,,,,,,,
NDCincond,0,,T5LUBRIIPPU,,2023,,0,0,0,0,,,,,,,,,,,,,,,,,,,,,,,,,,,,,,,,,
NDCincond,0,,T5LUBRIIPPU,,2024,,0,0,0,0,,,,,,,,,,,,,,,,,,,,,,,,,,,,,,,,,
NDCincond,0,,T5LUBRIIPPU,,2025,,0,0,0,0,,,,,,,,,,,,,,,,,,,,,,,,,,,,,,,,,
NDCincond,0,,T5LUBRIIPPU,,2026,,0,0,0,0,,,,,,,,,,,,,,,,,,,,,,,,,,,,,,,,,
NDCincond,0,,T5LUBRIIPPU,,2027,,0,0,0,0,,,,,,,,,,,,,,,,,,,,,,,,,,,,,,,,,
NDCincond,0,,T5LUBRIIPPU,,2028,,0,0,0,0,,,,,,,,,,,,,,,,,,,,,,,,,,,,,,,,,
NDCincond,0,,T5LUBRIIPPU,,2029,,0,0,0,0,,,,,,,,,,,,,,,,,,,,,,,,,,,,,,,,,
NDCincond,0,,T5LUBRIIPPU,,2030,,0,0,0,0,,,,,,,,,,,,,,,,,,,,,,,,,,,,,,,,,
NDCincond,0,,T5LUBRIIPPU,,2031,,0,0,0,0,,,,,,,,,,,,,,,,,,,,,,,,,,,,,,,,,
NDCincond,0,,T5LUBRIIPPU,,2032,,0,0,0,0,,,,,,,,,,,,,,,,,,,,,,,,,,,,,,,,,
NDCincond,0,,T5LUBRIIPPU,,2033,,0,0,0,0,,,,,,,,,,,,,,,,,,,,,,,,,,,,,,,,,
NDCincond,0,,T5LUBRIIPPU,,2034,,0,0,0,0,,,,,,,,,,,,,,,,,,,,,,,,,,,,,,,,,
NDCincond,0,,T5LUBRIIPPU,,2035,,0,0,0,0,,,,,,,,,,,,,,,,,,,,,,,,,,,,,,,,,
NDCincond,0,,IMP_HFC23,CO2e_HFC,2010,,,,,,,,,,,,,,,,,,0,,,,,,,,,,,,,,,,,,,,
NDCincond,0,,IMP_HFC23,CO2e_HFC,2011,,,,,,,,,,,,,,,,,,0,,,,,,,,,,,,,,,,,,,,
NDCincond,0,,IMP_HFC23,CO2e_HFC,2012,,,,,,,,,,,,,,,,,,0,,,,,,,,,,,,,,,,,,,,
NDCincond,0,,IMP_HFC23,CO2e_HFC,2013,,,,,,,,,,,,,,,,,,0,,,,,,,,,,,,,,,,,,,,
NDCincond,0,,IMP_HFC23,CO2e_HFC,2014,,,,,,,,,,,,,,,,,,0,,,,,,,,,,,,,,,,,,,,
NDCincond,0,,IMP_HFC23,CO2e_HFC,2015,,,,,,,,,,,,,,,,,,0,,,,,,,,,,,,,,,,,,,,
NDCincond,0,,IMP_HFC23,CO2e_HFC,2016,,,,,,,,,,,,,,,,,,0,,,,,,,,,,,,,,,,,,,,
NDCincond,0,,IMP_HFC23,CO2e_HFC,2017,,,,,,,,,,,,,,,,,,0,,,,,,,,,,,,,,,,,,,,
NDCincond,0,,IMP_HFC23,CO2e_HFC,2018,,,,,,,,,,,,,,,,,,0,,,,,,,,,,,,,,,,,,,,
NDCincond,0,,IMP_HFC23,CO2e_HFC,2019,,,,,,,,,,,,,,,,,,0,,,,,,,,,,,,,,,,,,,,
NDCincond,0,,IMP_HFC23,CO2e_HFC,2020,,,,,,,,,,,,,,,,,,0,,,,,,,,,,,,,,,,,,,,
NDCincond,0,,IMP_HFC23,CO2e_HFC,2021,,,,,,,,,,,,,,,,,,0,,,,,,,,,,,,,,,,,,,,
NDCincond,0,,IMP_HFC23,CO2e_HFC,2022,,,,,,,,,,,,,,,,,,0,,,,,,,,,,,,,,,,,,,,
NDCincond,0,,IMP_HFC23,CO2e_HFC,2023,,,,,,,,,,,,,,,,,,0,,,,,,,,,,,,,,,,,,,,
NDCincond,0,,IMP_HFC23,CO2e_HFC,2024,,,,,,,,,,,,,,,,,,0,,,,,,,,,,,,,,,,,,,,
NDCincond,0,,IMP_HFC23,CO2e_HFC,2025,,,,,,,,,,,,,,,,,,0,,,,,,,,,,,,,,,,,,,,
NDCincond,0,,IMP_HFC23,CO2e_HFC,2026,,,,,,,,,,,,,,,,,,0,,,,,,,,,,,,,,,,,,,,
NDCincond,0,,IMP_HFC23,CO2e_HFC,2027,,,,,,,,,,,,,,,,,,0,,,,,,,,,,,,,,,,,,,,
NDCincond,0,,IMP_HFC23,CO2e_HFC,2028,,,,,,,,,,,,,,,,,,0,,,,,,,,,,,,,,,,,,,,
NDCincond,0,,IMP_HFC23,CO2e_HFC,2029,,,,,,,,,,,,,,,,,,0,,,,,,,,,,,,,,,,,,,,
NDCincond,0,,IMP_HFC23,CO2e_HFC,2030,,,,,,,,,,,,,,,,,,0,,,,,,,,,,,,,,,,,,,,
NDCincond,0,,IMP_HFC23,CO2e_HFC,2031,,,,,,,,,,,,,,,,,,0,,,,,,,,,,,,,,,,,,,,
NDCincond,0,,IMP_HFC23,CO2e_HFC,2032,,,,,,,,,,,,,,,,,,0,,,,,,,,,,,,,,,,,,,,
NDCincond,0,,IMP_HFC23,CO2e_HFC,2033,,,,,,,,,,,,,,,,,,0,,,,,,,,,,,,,,,,,,,,
NDCincond,0,,IMP_HFC23,CO2e_HFC,2034,,,,,,,,,,,,,,,,,,0,,,,,,,,,,,,,,,,,,,,
NDCincond,0,,IMP_HFC23,CO2e_HFC,2035,,,,,,,,,,,,,,,,,,0,,,,,,,,,,,,,,,,,,,,
NDCincond,0,,IMP_HFC152a,CO2e_HFC,2010,,,,,,,,,,,,,,,,,,0,,,,,,,,,,,,,,,,,,,,
NDCincond,0,,IMP_HFC152a,CO2e_HFC,2011,,,,,,,,,,,,,,,,,,0,,,,,,,,,,,,,,,,,,,,
NDCincond,0,,IMP_HFC152a,CO2e_HFC,2012,,,,,,,,,,,,,,,,,,0,,,,,,,,,,,,,,,,,,,,
NDCincond,0,,IMP_HFC152a,CO2e_HFC,2013,,,,,,,,,,,,,,,,,,0,,,,,,,,,,,,,,,,,,,,
NDCincond,0,,IMP_HFC152a,CO2e_HFC,2014,,,,,,,,,,,,,,,,,,0,,,,,,,,,,,,,,,,,,,,
NDCincond,0,,IMP_HFC152a,CO2e_HFC,2015,,,,,,,,,,,,,,,,,,0,,,,,,,,,,,,,,,,,,,,
NDCincond,0,,IMP_HFC152a,CO2e_HFC,2016,,,,,,,,,,,,,,,,,,0,,,,,,,,,,,,,,,,,,,,
NDCincond,0,,IMP_HFC152a,CO2e_HFC,2017,,,,,,,,,,,,,,,,,,0,,,,,,,,,,,,,,,,,,,,
NDCincond,0,,IMP_HFC152a,CO2e_HFC,2018,,,,,,,,,,,,,,,,,,0,,,,,,,,,,,,,,,,,,,,
NDCincond,0,,IMP_HFC152a,CO2e_HFC,2019,,,,,,,,,,,,,,,,,,0,,,,,,,,,,,,,,,,,,,,
NDCincond,0,,IMP_HFC152a,CO2e_HFC,2020,,,,,,,,,,,,,,,,,,0,,,,,,,,,,,,,,,,,,,,
NDCincond,0,,IMP_HFC152a,CO2e_HFC,2021,,,,,,,,,,,,,,,,,,0,,,,,,,,,,,,,,,,,,,,
NDCincond,0,,IMP_HFC152a,CO2e_HFC,2022,,,,,,,,,,,,,,,,,,0,,,,,,,,,,,,,,,,,,,,
NDCincond,0,,IMP_HFC152a,CO2e_HFC,2023,,,,,,,,,,,,,,,,,,0,,,,,,,,,,,,,,,,,,,,
NDCincond,0,,IMP_HFC152a,CO2e_HFC,2024,,,,,,,,,,,,,,,,,,0,,,,,,,,,,,,,,,,,,,,
NDCincond,0,,IMP_HFC152a,CO2e_HFC,2025,,,,,,,,,,,,,,,,,,0,,,,,,,,,,,,,,,,,,,,
NDCincond,0,,IMP_HFC152a,CO2e_HFC,2026,,,,,,,,,,,,,,,,,,0,,,,,,,,,,,,,,,,,,,,
NDCincond,0,,IMP_HFC152a,CO2e_HFC,2027,,,,,,,,,,,,,,,,,,0,,,,,,,,,,,,,,,,,,,,
NDCincond,0,,IMP_HFC152a,CO2e_HFC,2028,,,,,,,,,,,,,,,,,,0,,,,,,,,,,,,,,,,,,,,
NDCincond,0,,IMP_HFC152a,CO2e_HFC,2029,,,,,,,,,,,,,,,,,,0,,,,,,,,,,,,,,,,,,,,
NDCincond,0,,IMP_HFC152a,CO2e_HFC,2030,,,,,,,,,,,,,,,,,,0,,,,,,,,,,,,,,,,,,,,
NDCincond,0,,IMP_HFC152a,CO2e_HFC,2031,,,,,,,,,,,,,,,,,,0,,,,,,,,,,,,,,,,,,,,
NDCincond,0,,IMP_HFC152a,CO2e_HFC,2032,,,,,,,,,,,,,,,,,,0,,,,,,,,,,,,,,,,,,,,
NDCincond,0,,IMP_HFC152a,CO2e_HFC,2033,,,,,,,,,,,,,,,,,,0,,,,,,,,,,,,,,,,,,,,
NDCincond,0,,IMP_HFC152a,CO2e_HFC,2034,,,,,,,,,,,,,,,,,,0,,,,,,,,,,,,,,,,,,,,
NDCincond,0,,IMP_HFC152a,CO2e_HFC,2035,,,,,,,,,,,,,,,,,,0,,,,,,,,,,,,,,,,,,,,
NDCincond,0,,SODA_ASH,CO2e_IPPU,2010,,,,,,,,,,,,,,,,,,0,,,,,,,,,,,,,,,,,,,,
NDCincond,0,,SODA_ASH,CO2e_IPPU,2011,,,,,,,,,,,,,,,,,,0,,,,,,,,,,,,,,,,,,,,
NDCincond,0,,SODA_ASH,CO2e_IPPU,2012,,,,,,,,,,,,,,,,,,0,,,,,,,,,,,,,,,,,,,,
NDCincond,0,,SODA_ASH,CO2e_IPPU,2013,,,,,,,,,,,,,,,,,,0,,,,,,,,,,,,,,,,,,,,
NDCincond,0,,SODA_ASH,CO2e_IPPU,2014,,,,,,,,,,,,,,,,,,0,,,,,,,,,,,,,,,,,,,,
NDCincond,0,,SODA_ASH,CO2e_IPPU,2015,,,,,,,,,,,,,,,,,,0,,,,,,,,,,,,,,,,,,,,
NDCincond,0,,SODA_ASH,CO2e_IPPU,2016,,,,,,,,,,,,,,,,,,0,,,,,,,,,,,,,,,,,,,,
NDCincond,0,,SODA_ASH,CO2e_IPPU,2017,,,,,,,,,,,,,,,,,,0,,,,,,,,,,,,,,,,,,,,
NDCincond,0,,SODA_ASH,CO2e_IPPU,2018,,,,,,,,,,,,,,,,,,0,,,,,,,,,,,,,,,,,,,,
NDCincond,0,,SODA_ASH,CO2e_IPPU,2019,,,,,,,,,,,,,,,,,,0,,,,,,,,,,,,,,,,,,,,
NDCincond,0,,SODA_ASH,CO2e_IPPU,2020,,,,,,,,,,,,,,,,,,0,,,,,,,,,,,,,,,,,,,,
NDCincond,0,,SODA_ASH,CO2e_IPPU,2021,,,,,,,,,,,,,,,,,,0,,,,,,,,,,,,,,,,,,,,
NDCincond,0,,SODA_ASH,CO2e_IPPU,2022,,,,,,,,,,,,,,,,,,0,,,,,,,,,,,,,,,,,,,,
NDCincond,0,,SODA_ASH,CO2e_IPPU,2023,,,,,,,,,,,,,,,,,,0,,,,,,,,,,,,,,,,,,,,
NDCincond,0,,SODA_ASH,CO2e_IPPU,2024,,,,,,,,,,,,,,,,,,0,,,,,,,,,,,,,,,,,,,,
NDCincond,0,,SODA_ASH,CO2e_IPPU,2025,,,,,,,,,,,,,,,,,,0,,,,,,,,,,,,,,,,,,,,
NDCincond,0,,SODA_ASH,CO2e_IPPU,2026,,,,,,,,,,,,,,,,,,0,,,,,,,,,,,,,,,,,,,,
NDCincond,0,,SODA_ASH,CO2e_IPPU,2027,,,,,,,,,,,,,,,,,,0,,,,,,,,,,,,,,,,,,,,
NDCincond,0,,SODA_ASH,CO2e_IPPU,2028,,,,,,,,,,,,,,,,,,0,,,,,,,,,,,,,,,,,,,,
NDCincond,0,,SODA_ASH,CO2e_IPPU,2029,,,,,,,,,,,,,,,,,,0,,,,,,,,,,,,,,,,,,,,
NDCincond,0,,SODA_ASH,CO2e_IPPU,2030,,,,,,,,,,,,,,,,,,0,,,,,,,,,,,,,,,,,,,,
NDCincond,0,,SODA_ASH,CO2e_IPPU,2031,,,,,,,,,,,,,,,,,,0,,,,,,,,,,,,,,,,,,,,
NDCincond,0,,SODA_ASH,CO2e_IPPU,2032,,,,,,,,,,,,,,,,,,0,,,,,,,,,,,,,,,,,,,,
NDCincond,0,,SODA_ASH,CO2e_IPPU,2033,,,,,,,,,,,,,,,,,,0,,,,,,,,,,,,,,,,,,,,
NDCincond,0,,SODA_ASH,CO2e_IPPU,2034,,,,,,,,,,,,,,,,,,0,,,,,,,,,,,,,,,,,,,,
NDCincond,0,,SODA_ASH,CO2e_IPPU,2035,,,,,,,,,,,,,,,,,,0,,,,,,,,,,,,,,,,,,,,
NDCincond,0,,LUBRI,CO2e_IPPU,2010,,,,,,,,,,,,,,,,,,0,,,,,,,,,,,,,,,,,,,,
NDCincond,0,,LUBRI,CO2e_IPPU,2011,,,,,,,,,,,,,,,,,,0,,,,,,,,,,,,,,,,,,,,
NDCincond,0,,LUBRI,CO2e_IPPU,2012,,,,,,,,,,,,,,,,,,0,,,,,,,,,,,,,,,,,,,,
NDCincond,0,,LUBRI,CO2e_IPPU,2013,,,,,,,,,,,,,,,,,,0,,,,,,,,,,,,,,,,,,,,
NDCincond,0,,LUBRI,CO2e_IPPU,2014,,,,,,,,,,,,,,,,,,0,,,,,,,,,,,,,,,,,,,,
NDCincond,0,,LUBRI,CO2e_IPPU,2015,,,,,,,,,,,,,,,,,,0,,,,,,,,,,,,,,,,,,,,
NDCincond,0,,LUBRI,CO2e_IPPU,2016,,,,,,,,,,,,,,,,,,0,,,,,,,,,,,,,,,,,,,,
NDCincond,0,,LUBRI,CO2e_IPPU,2017,,,,,,,,,,,,,,,,,,0,,,,,,,,,,,,,,,,,,,,
NDCincond,0,,LUBRI,CO2e_IPPU,2018,,,,,,,,,,,,,,,,,,0,,,,,,,,,,,,,,,,,,,,
NDCincond,0,,LUBRI,CO2e_IPPU,2019,,,,,,,,,,,,,,,,,,0,,,,,,,,,,,,,,,,,,,,
NDCincond,0,,LUBRI,CO2e_IPPU,2020,,,,,,,,,,,,,,,,,,0,,,,,,,,,,,,,,,,,,,,
NDCincond,0,,LUBRI,CO2e_IPPU,2021,,,,,,,,,,,,,,,,,,0,,,,,,,,,,,,,,,,,,,,
NDCincond,0,,LUBRI,CO2e_IPPU,2022,,,,,,,,,,,,,,,,,,0,,,,,,,,,,,,,,,,,,,,
NDCincond,0,,LUBRI,CO2e_IPPU,2023,,,,,,,,,,,,,,,,,,0,,,,,,,,,,,,,,,,,,,,
NDCincond,0,,LUBRI,CO2e_IPPU,2024,,,,,,,,,,,,,,,,,,0,,,,,,,,,,,,,,,,,,,,
NDCincond,0,,LUBRI,CO2e_IPPU,2025,,,,,,,,,,,,,,,,,,0,,,,,,,,,,,,,,,,,,,,
NDCincond,0,,LUBRI,CO2e_IPPU,2026,,,,,,,,,,,,,,,,,,0,,,,,,,,,,,,,,,,,,,,
NDCincond,0,,LUBRI,CO2e_IPPU,2027,,,,,,,,,,,,,,,,,,0,,,,,,,,,,,,,,,,,,,,
NDCincond,0,,LUBRI,CO2e_IPPU,2028,,,,,,,,,,,,,,,,,,0,,,,,,,,,,,,,,,,,,,,
NDCincond,0,,LUBRI,CO2e_IPPU,2029,,,,,,,,,,,,,,,,,,0,,,,,,,,,,,,,,,,,,,,
NDCincond,0,,LUBRI,CO2e_IPPU,2030,,,,,,,,,,,,,,,,,,0,,,,,,,,,,,,,,,,,,,,
NDCincond,0,,LUBRI,CO2e_IPPU,2031,,,,,,,,,,,,,,,,,,0,,,,,,,,,,,,,,,,,,,,
NDCincond,0,,LUBRI,CO2e_IPPU,2032,,,,,,,,,,,,,,,,,,0,,,,,,,,,,,,,,,,,,,,
NDCincond,0,,LUBRI,CO2e_IPPU,2033,,,,,,,,,,,,,,,,,,0,,,,,,,,,,,,,,,,,,,,
NDCincond,0,,LUBRI,CO2e_IPPU,2034,,,,,,,,,,,,,,,,,,0,,,,,,,,,,,,,,,,,,,,
NDCincond,0,,LUBRI,CO2e_IPPU,2035,,,,,,,,,,,,,,,,,,0,,,,,,,,,,,,,,,,,,,,
NDCincond,0,E5IPPUHFC152a,,,2010,0,,,,,,,,,,,,,,,,,,,,,,,,,,,,,,,,,,,,,
NDCincond,0,E5IPPUHFC152a,,,2011,0,,,,,,,,,,,,,,,,,,,,,,,,,,,,,,,,,,,,,
NDCincond,0,E5IPPUHFC152a,,,2012,0,,,,,,,,,,,,,,,,,,,,,,,,,,,,,,,,,,,,,
NDCincond,0,E5IPPUHFC152a,,,2013,0,,,,,,,,,,,,,,,,,,,,,,,,,,,,,,,,,,,,,
NDCincond,0,E5IPPUHFC152a,,,2014,0,,,,,,,,,,,,,,,,,,,,,,,,,,,,,,,,,,,,,
NDCincond,0,E5IPPUHFC152a,,,2015,0,,,,,,,,,,,,,,,,,,,,,,,,,,,,,,,,,,,,,
NDCincond,0,E5IPPUHFC152a,,,2016,0,,,,,,,,,,,,,,,,,,,,,,,,,,,,,,,,,,,,,
NDCincond,0,E5IPPUHFC152a,,,2017,0,,,,,,,,,,,,,,,,,,,,,,,,,,,,,,,,,,,,,
NDCincond,0,E5IPPUHFC152a,,,2018,0,,,,,,,,,,,,,,,,,,,,,,,,,,,,,,,,,,,,,
NDCincond,0,E5IPPUHFC152a,,,2019,0,,,,,,,,,,,,,,,,,,,,,,,,,,,,,,,,,,,,,
NDCincond,0,E5IPPUHFC152a,,,2020,0,,,,,,,,,,,,,,,,,,,,,,,,,,,,,,,,,,,,,
NDCincond,0,E5IPPUHFC152a,,,2021,0,,,,,,,,,,,,,,,,,,,,,,,,,,,,,,,,,,,,,
NDCincond,0,E5IPPUHFC152a,,,2022,0,,,,,,,,,,,,,,,,,,,,,,,,,,,,,,,,,,,,,
NDCincond,0,E5IPPUHFC152a,,,2023,0,,,,,,,,,,,,,,,,,,,,,,,,,,,,,,,,,,,,,
NDCincond,0,E5IPPUHFC152a,,,2024,0,,,,,,,,,,,,,,,,,,,,,,,,,,,,,,,,,,,,,
NDCincond,0,E5IPPUHFC152a,,,2025,0,,,,,,,,,,,,,,,,,,,,,,,,,,,,,,,,,,,,,
NDCincond,0,E5IPPUHFC152a,,,2026,0,,,,,,,,,,,,,,,,,,,,,,,,,,,,,,,,,,,,,
NDCincond,0,E5IPPUHFC152a,,,2027,0,,,,,,,,,,,,,,,,,,,,,,,,,,,,,,,,,,,,,
NDCincond,0,E5IPPUHFC152a,,,2028,0,,,,,,,,,,,,,,,,,,,,,,,,,,,,,,,,,,,,,
NDCincond,0,E5IPPUHFC152a,,,2029,0,,,,,,,,,,,,,,,,,,,,,,,,,,,,,,,,,,,,,
NDCincond,0,E5IPPUHFC152a,,,2030,0,,,,,,,,,,,,,,,,,,,,,,,,,,,,,,,,,,,,,
NDCincond,0,E5IPPUHFC152a,,,2031,0,,,,,,,,,,,,,,,,,,,,,,,,,,,,,,,,,,,,,
NDCincond,0,E5IPPUHFC152a,,,2032,0,,,,,,,,,,,,,,,,,,,,,,,,,,,,,,,,,,,,,
NDCincond,0,E5IPPUHFC152a,,,2033,0,,,,,,,,,,,,,,,,,,,,,,,,,,,,,,,,,,,,,
NDCincond,0,E5IPPUHFC152a,,,2034,0,,,,,,,,,,,,,,,,,,,,,,,,,,,,,,,,,,,,,
NDCincond,0,E5IPPUHFC152a,,,2035,0,,,,,,,,,,,,,,,,,,,,,,,,,,,,,,,,,,,,,
NDCincond,0,E5IPPUSODA_ASH,,,2010,0,,,,,,,,,,,,,,,,,,,,,,,,,,,,,,,,,,,,,
NDCincond,0,E5IPPUSODA_ASH,,,2011,0,,,,,,,,,,,,,,,,,,,,,,,,,,,,,,,,,,,,,
NDCincond,0,E5IPPUSODA_ASH,,,2012,0,,,,,,,,,,,,,,,,,,,,,,,,,,,,,,,,,,,,,
NDCincond,0,E5IPPUSODA_ASH,,,2013,0,,,,,,,,,,,,,,,,,,,,,,,,,,,,,,,,,,,,,
NDCincond,0,E5IPPUSODA_ASH,,,2014,0,,,,,,,,,,,,,,,,,,,,,,,,,,,,,,,,,,,,,
NDCincond,0,E5IPPUSODA_ASH,,,2015,0,,,,,,,,,,,,,,,,,,,,,,,,,,,,,,,,,,,,,
NDCincond,0,E5IPPUSODA_ASH,,,2016,0,,,,,,,,,,,,,,,,,,,,,,,,,,,,,,,,,,,,,
NDCincond,0,E5IPPUSODA_ASH,,,2017,0,,,,,,,,,,,,,,,,,,,,,,,,,,,,,,,,,,,,,
NDCincond,0,E5IPPUSODA_ASH,,,2018,0,,,,,,,,,,,,,,,,,,,,,,,,,,,,,,,,,,,,,
NDCincond,0,E5IPPUSODA_ASH,,,2019,0,,,,,,,,,,,,,,,,,,,,,,,,,,,,,,,,,,,,,
NDCincond,0,E5IPPUSODA_ASH,,,2020,0,,,,,,,,,,,,,,,,,,,,,,,,,,,,,,,,,,,,,
NDCincond,0,E5IPPUSODA_ASH,,,2021,0,,,,,,,,,,,,,,,,,,,,,,,,,,,,,,,,,,,,,
NDCincond,0,E5IPPUSODA_ASH,,,2022,0,,,,,,,,,,,,,,,,,,,,,,,,,,,,,,,,,,,,,
NDCincond,0,E5IPPUSODA_ASH,,,2023,0,,,,,,,,,,,,,,,,,,,,,,,,,,,,,,,,,,,,,
NDCincond,0,E5IPPUSODA_ASH,,,2024,0,,,,,,,,,,,,,,,,,,,,,,,,,,,,,,,,,,,,,
NDCincond,0,E5IPPUSODA_ASH,,,2025,0,,,,,,,,,,,,,,,,,,,,,,,,,,,,,,,,,,,,,
NDCincond,0,E5IPPUSODA_ASH,,,2026,0,,,,,,,,,,,,,,,,,,,,,,,,,,,,,,,,,,,,,
NDCincond,0,E5IPPUSODA_ASH,,,2027,0,,,,,,,,,,,,,,,,,,,,,,,,,,,,,,,,,,,,,
NDCincond,0,E5IPPUSODA_ASH,,,2028,0,,,,,,,,,,,,,,,,,,,,,,,,,,,,,,,,,,,,,
NDCincond,0,E5IPPUSODA_ASH,,,2029,0,,,,,,,,,,,,,,,,,,,,,,,,,,,,,,,,,,,,,
NDCincond,0,E5IPPUSODA_ASH,,,2030,0,,,,,,,,,,,,,,,,,,,,,,,,,,,,,,,,,,,,,
NDCincond,0,E5IPPUSODA_ASH,,,2031,0,,,,,,,,,,,,,,,,,,,,,,,,,,,,,,,,,,,,,
NDCincond,0,E5IPPUSODA_ASH,,,2032,0,,,,,,,,,,,,,,,,,,,,,,,,,,,,,,,,,,,,,
NDCincond,0,E5IPPUSODA_ASH,,,2033,0,,,,,,,,,,,,,,,,,,,,,,,,,,,,,,,,,,,,,
NDCincond,0,E5IPPUSODA_ASH,,,2034,0,,,,,,,,,,,,,,,,,,,,,,,,,,,,,,,,,,,,,
NDCincond,0,E5IPPUSODA_ASH,,,2035,0,,,,,,,,,,,,,,,,,,,,,,,,,,,,,,,,,,,,,
NDCincond,0,E5IPPULUBRI,,,2010,0,,,,,,,,,,,,,,,,,,,,,,,,,,,,,,,,,,,,,
NDCincond,0,E5IPPULUBRI,,,2011,0,,,,,,,,,,,,,,,,,,,,,,,,,,,,,,,,,,,,,
NDCincond,0,E5IPPULUBRI,,,2012,0,,,,,,,,,,,,,,,,,,,,,,,,,,,,,,,,,,,,,
NDCincond,0,E5IPPULUBRI,,,2013,0,,,,,,,,,,,,,,,,,,,,,,,,,,,,,,,,,,,,,
NDCincond,0,E5IPPULUBRI,,,2014,0,,,,,,,,,,,,,,,,,,,,,,,,,,,,,,,,,,,,,
NDCincond,0,E5IPPULUBRI,,,2015,0,,,,,,,,,,,,,,,,,,,,,,,,,,,,,,,,,,,,,
NDCincond,0,E5IPPULUBRI,,,2016,0,,,,,,,,,,,,,,,,,,,,,,,,,,,,,,,,,,,,,
NDCincond,0,E5IPPULUBRI,,,2017,0,,,,,,,,,,,,,,,,,,,,,,,,,,,,,,,,,,,,,
NDCincond,0,E5IPPULUBRI,,,2018,0,,,,,,,,,,,,,,,,,,,,,,,,,,,,,,,,,,,,,
NDCincond,0,E5IPPULUBRI,,,2019,0,,,,,,,,,,,,,,,,,,,,,,,,,,,,,,,,,,,,,
NDCincond,0,E5IPPULUBRI,,,2020,0,,,,,,,,,,,,,,,,,,,,,,,,,,,,,,,,,,,,,
NDCincond,0,E5IPPULUBRI,,,2021,0,,,,,,,,,,,,,,,,,,,,,,,,,,,,,,,,,,,,,
NDCincond,0,E5IPPULUBRI,,,2022,0,,,,,,,,,,,,,,,,,,,,,,,,,,,,,,,,,,,,,
NDCincond,0,E5IPPULUBRI,,,2023,0,,,,,,,,,,,,,,,,,,,,,,,,,,,,,,,,,,,,,
NDCincond,0,E5IPPULUBRI,,,2024,0,,,,,,,,,,,,,,,,,,,,,,,,,,,,,,,,,,,,,
NDCincond,0,E5IPPULUBRI,,,2025,0,,,,,,,,,,,,,,,,,,,,,,,,,,,,,,,,,,,,,
NDCincond,0,E5IPPULUBRI,,,2026,0,,,,,,,,,,,,,,,,,,,,,,,,,,,,,,,,,,,,,
NDCincond,0,E5IPPULUBRI,,,2027,0,,,,,,,,,,,,,,,,,,,,,,,,,,,,,,,,,,,,,
NDCincond,0,E5IPPULUBRI,,,2028,0,,,,,,,,,,,,,,,,,,,,,,,,,,,,,,,,,,,,,
NDCincond,0,E5IPPULUBRI,,,2029,0,,,,,,,,,,,,,,,,,,,,,,,,,,,,,,,,,,,,,
NDCincond,0,E5IPPULUBRI,,,2030,0,,,,,,,,,,,,,,,,,,,,,,,,,,,,,,,,,,,,,
NDCincond,0,E5IPPULUBRI,,,2031,0,,,,,,,,,,,,,,,,,,,,,,,,,,,,,,,,,,,,,
NDCincond,0,E5IPPULUBRI,,,2032,0,,,,,,,,,,,,,,,,,,,,,,,,,,,,,,,,,,,,,
NDCincond,0,E5IPPULUBRI,,,2033,0,,,,,,,,,,,,,,,,,,,,,,,,,,,,,,,,,,,,,
NDCincond,0,E5IPPULUBRI,,,2034,0,,,,,,,,,,,,,,,,,,,,,,,,,,,,,,,,,,,,,
NDCincond,0,E5IPPULUBRI,,,2035,0,,,,,,,,,,,,,,,,,,,,,,,,,,,,,,,,,,,,,
NDCincond,0,E5IPPUPARAFFIN,,,2010,0,,,,,,,,,,,,,,,,,,,,,,,,,,,,,,,,,,,,,
NDCincond,0,E5IPPUPARAFFIN,,,2011,0,,,,,,,,,,,,,,,,,,,,,,,,,,,,,,,,,,,,,
NDCincond,0,E5IPPUPARAFFIN,,,2012,0,,,,,,,,,,,,,,,,,,,,,,,,,,,,,,,,,,,,,
NDCincond,0,E5IPPUPARAFFIN,,,2013,0,,,,,,,,,,,,,,,,,,,,,,,,,,,,,,,,,,,,,
NDCincond,0,E5IPPUPARAFFIN,,,2014,0,,,,,,,,,,,,,,,,,,,,,,,,,,,,,,,,,,,,,
NDCincond,0,E5IPPUPARAFFIN,,,2015,0,,,,,,,,,,,,,,,,,,,,,,,,,,,,,,,,,,,,,
NDCincond,0,E5IPPUPARAFFIN,,,2016,0,,,,,,,,,,,,,,,,,,,,,,,,,,,,,,,,,,,,,
NDCincond,0,E5IPPUPARAFFIN,,,2017,0,,,,,,,,,,,,,,,,,,,,,,,,,,,,,,,,,,,,,
NDCincond,0,E5IPPUPARAFFIN,,,2018,0,,,,,,,,,,,,,,,,,,,,,,,,,,,,,,,,,,,,,
NDCincond,0,E5IPPUPARAFFIN,,,2019,0,,,,,,,,,,,,,,,,,,,,,,,,,,,,,,,,,,,,,
NDCincond,0,E5IPPUPARAFFIN,,,2020,0,,,,,,,,,,,,,,,,,,,,,,,,,,,,,,,,,,,,,
NDCincond,0,E5IPPUPARAFFIN,,,2021,0,,,,,,,,,,,,,,,,,,,,,,,,,,,,,,,,,,,,,
NDCincond,0,E5IPPUPARAFFIN,,,2022,0,,,,,,,,,,,,,,,,,,,,,,,,,,,,,,,,,,,,,
NDCincond,0,E5IPPUPARAFFIN,,,2023,0,,,,,,,,,,,,,,,,,,,,,,,,,,,,,,,,,,,,,
NDCincond,0,E5IPPUPARAFFIN,,,2024,0,,,,,,,,,,,,,,,,,,,,,,,,,,,,,,,,,,,,,
NDCincond,0,E5IPPUPARAFFIN,,,2025,0,,,,,,,,,,,,,,,,,,,,,,,,,,,,,,,,,,,,,
NDCincond,0,E5IPPUPARAFFIN,,,2026,0,,,,,,,,,,,,,,,,,,,,,,,,,,,,,,,,,,,,,
NDCincond,0,E5IPPUPARAFFIN,,,2027,0,,,,,,,,,,,,,,,,,,,,,,,,,,,,,,,,,,,,,
NDCincond,0,E5IPPUPARAFFIN,,,2028,0,,,,,,,,,,,,,,,,,,,,,,,,,,,,,,,,,,,,,
NDCincond,0,E5IPPUPARAFFIN,,,2029,0,,,,,,,,,,,,,,,,,,,,,,,,,,,,,,,,,,,,,
NDCincond,0,E5IPPUPARAFFIN,,,2030,0,,,,,,,,,,,,,,,,,,,,,,,,,,,,,,,,,,,,,
NDCincond,0,E5IPPUPARAFFIN,,,2031,0,,,,,,,,,,,,,,,,,,,,,,,,,,,,,,,,,,,,,
NDCincond,0,E5IPPUPARAFFIN,,,2032,0,,,,,,,,,,,,,,,,,,,,,,,,,,,,,,,,,,,,,
NDCincond,0,E5IPPUPARAFFIN,,,2033,0,,,,,,,,,,,,,,,,,,,,,,,,,,,,,,,,,,,,,
NDCincond,0,E5IPPUPARAFFIN,,,2034,0,,,,,,,,,,,,,,,,,,,,,,,,,,,,,,,,,,,,,
NDCincond,0,E5IPPUPARAFFIN,,,2035,0,,,,,,,,,,,,,,,,,,,,,,,,,,,,,,,,,,,,,
NDCincond,0,HFC23,IMP_HFC23,,2010,,,,,,0,,,,,,,,,,,,,,,,,,,,,,,,,,,,,,,,
NDCincond,0,HFC23,IMP_HFC23,,2011,,,,,,0,,,,,,,,,,,,,,,,,,,,,,,,,,,,,,,,
NDCincond,0,HFC23,IMP_HFC23,,2012,,,,,,0,,,,,,,,,,,,,,,,,,,,,,,,,,,,,,,,
NDCincond,0,HFC23,IMP_HFC23,,2013,,,,,,0,,,,,,,,,,,,,,,,,,,,,,,,,,,,,,,,
NDCincond,0,HFC23,IMP_HFC23,,2014,,,,,,0,,,,,,,,,,,,,,,,,,,,,,,,,,,,,,,,
NDCincond,0,HFC23,IMP_HFC23,,2015,,,,,,0,,,,,,,,,,,,,,,,,,,,,,,,,,,,,,,,
NDCincond,0,HFC23,IMP_HFC23,,2016,,,,,,0,,,,,,,,,,,,,,,,,,,,,,,,,,,,,,,,
NDCincond,0,HFC23,IMP_HFC23,,2017,,,,,,0,,,,,,,,,,,,,,,,,,,,,,,,,,,,,,,,
NDCincond,0,HFC23,IMP_HFC23,,2018,,,,,,0,,,,,,,,,,,,,,,,,,,,,,,,,,,,,,,,
NDCincond,0,HFC23,IMP_HFC23,,2019,,,,,,0,,,,,,,,,,,,,,,,,,,,,,,,,,,,,,,,
NDCincond,0,HFC23,IMP_HFC23,,2020,,,,,,0,,,,,,,,,,,,,,,,,,,,,,,,,,,,,,,,
NDCincond,0,HFC23,IMP_HFC23,,2021,,,,,,0,,,,,,,,,,,,,,,,,,,,,,,,,,,,,,,,
NDCincond,0,HFC23,IMP_HFC23,,2022,,,,,,0,,,,,,,,,,,,,,,,,,,,,,,,,,,,,,,,
NDCincond,0,HFC23,IMP_HFC23,,2023,,,,,,0,,,,,,,,,,,,,,,,,,,,,,,,,,,,,,,,
NDCincond,0,HFC23,IMP_HFC23,,2024,,,,,,0,,,,,,,,,,,,,,,,,,,,,,,,,,,,,,,,
NDCincond,0,HFC23,IMP_HFC23,,2025,,,,,,0,,,,,,,,,,,,,,,,,,,,,,,,,,,,,,,,
NDCincond,0,HFC23,IMP_HFC23,,2026,,,,,,0,,,,,,,,,,,,,,,,,,,,,,,,,,,,,,,,
NDCincond,0,HFC23,IMP_HFC23,,2027,,,,,,0,,,,,,,,,,,,,,,,,,,,,,,,,,,,,,,,
NDCincond,0,HFC23,IMP_HFC23,,2028,,,,,,0,,,,,,,,,,,,,,,,,,,,,,,,,,,,,,,,
NDCincond,0,HFC23,IMP_HFC23,,2029,,,,,,0,,,,,,,,,,,,,,,,,,,,,,,,,,,,,,,,
NDCincond,0,HFC23,IMP_HFC23,,2030,,,,,,0,,,,,,,,,,,,,,,,,,,,,,,,,,,,,,,,
NDCincond,0,HFC23,IMP_HFC23,,2031,,,,,,0,,,,,,,,,,,,,,,,,,,,,,,,,,,,,,,,
NDCincond,0,HFC23,IMP_HFC23,,2032,,,,,,0,,,,,,,,,,,,,,,,,,,,,,,,,,,,,,,,
NDCincond,0,HFC23,IMP_HFC23,,2033,,,,,,0,,,,,,,,,,,,,,,,,,,,,,,,,,,,,,,,
NDCincond,0,HFC23,IMP_HFC23,,2034,,,,,,0,,,,,,,,,,,,,,,,,,,,,,,,,,,,,,,,
NDCincond,0,HFC23,IMP_HFC23,,2035,,,,,,0,,,,,,,,,,,,,,,,,,,,,,,,,,,,,,,,
NDCincond,0,HFC152a,IMP_HFC152a,,2010,,,,,,0,,,,,,,,,,,,,,,,,,,,,,,,,,,,,,,,
NDCincond,0,HFC152a,IMP_HFC152a,,2011,,,,,,0,,,,,,,,,,,,,,,,,,,,,,,,,,,,,,,,
NDCincond,0,HFC152a,IMP_HFC152a,,2012,,,,,,0,,,,,,,,,,,,,,,,,,,,,,,,,,,,,,,,
NDCincond,0,HFC152a,IMP_HFC152a,,2013,,,,,,0,,,,,,,,,,,,,,,,,,,,,,,,,,,,,,,,
NDCincond,0,HFC152a,IMP_HFC152a,,2014,,,,,,0,,,,,,,,,,,,,,,,,,,,,,,,,,,,,,,,
NDCincond,0,HFC152a,IMP_HFC152a,,2015,,,,,,0,,,,,,,,,,,,,,,,,,,,,,,,,,,,,,,,
NDCincond,0,HFC152a,IMP_HFC152a,,2016,,,,,,0,,,,,,,,,,,,,,,,,,,,,,,,,,,,,,,,
NDCincond,0,HFC152a,IMP_HFC152a,,2017,,,,,,0,,,,,,,,,,,,,,,,,,,,,,,,,,,,,,,,
NDCincond,0,HFC152a,IMP_HFC152a,,2018,,,,,,0,,,,,,,,,,,,,,,,,,,,,,,,,,,,,,,,
NDCincond,0,HFC152a,IMP_HFC152a,,2019,,,,,,0,,,,,,,,,,,,,,,,,,,,,,,,,,,,,,,,
NDCincond,0,HFC152a,IMP_HFC152a,,2020,,,,,,0,,,,,,,,,,,,,,,,,,,,,,,,,,,,,,,,
NDCincond,0,HFC152a,IMP_HFC152a,,2021,,,,,,0,,,,,,,,,,,,,,,,,,,,,,,,,,,,,,,,
NDCincond,0,HFC152a,IMP_HFC152a,,2022,,,,,,0,,,,,,,,,,,,,,,,,,,,,,,,,,,,,,,,
NDCincond,0,HFC152a,IMP_HFC152a,,2023,,,,,,0,,,,,,,,,,,,,,,,,,,,,,,,,,,,,,,,
NDCincond,0,HFC152a,IMP_HFC152a,,2024,,,,,,0,,,,,,,,,,,,,,,,,,,,,,,,,,,,,,,,
NDCincond,0,HFC152a,IMP_HFC152a,,2025,,,,,,0,,,,,,,,,,,,,,,,,,,,,,,,,,,,,,,,
NDCincond,0,HFC152a,IMP_HFC152a,,2026,,,,,,0,,,,,,,,,,,,,,,,,,,,,,,,,,,,,,,,
NDCincond,0,HFC152a,IMP_HFC152a,,2027,,,,,,0,,,,,,,,,,,,,,,,,,,,,,,,,,,,,,,,
NDCincond,0,HFC152a,IMP_HFC152a,,2028,,,,,,0,,,,,,,,,,,,,,,,,,,,,,,,,,,,,,,,
NDCincond,0,HFC152a,IMP_HFC152a,,2029,,,,,,0,,,,,,,,,,,,,,,,,,,,,,,,,,,,,,,,
NDCincond,0,HFC152a,IMP_HFC152a,,2030,,,,,,0,,,,,,,,,,,,,,,,,,,,,,,,,,,,,,,,
NDCincond,0,HFC152a,IMP_HFC152a,,2031,,,,,,0,,,,,,,,,,,,,,,,,,,,,,,,,,,,,,,,
NDCincond,0,HFC152a,IMP_HFC152a,,2032,,,,,,0,,,,,,,,,,,,,,,,,,,,,,,,,,,,,,,,
NDCincond,0,HFC152a,IMP_HFC152a,,2033,,,,,,0,,,,,,,,,,,,,,,,,,,,,,,,,,,,,,,,
NDCincond,0,HFC152a,IMP_HFC152a,,2034,,,,,,0,,,,,,,,,,,,,,,,,,,,,,,,,,,,,,,,
NDCincond,0,HFC152a,IMP_HFC152a,,2035,,,,,,0,,,,,,,,,,,,,,,,,,,,,,,,,,,,,,,,
NDCincond,0,E5IPPUHFC23,T5HFC23IPPU,,2010,,,,,,0,,,,,,,,,,,,,,,,,,,,,,,,,,,,,,,,
NDCincond,0,E5IPPUHFC23,T5HFC23IPPU,,2011,,,,,,0,,,,,,,,,,,,,,,,,,,,,,,,,,,,,,,,
NDCincond,0,E5IPPUHFC23,T5HFC23IPPU,,2012,,,,,,0,,,,,,,,,,,,,,,,,,,,,,,,,,,,,,,,
NDCincond,0,E5IPPUHFC23,T5HFC23IPPU,,2013,,,,,,0,,,,,,,,,,,,,,,,,,,,,,,,,,,,,,,,
NDCincond,0,E5IPPUHFC23,T5HFC23IPPU,,2014,,,,,,0,,,,,,,,,,,,,,,,,,,,,,,,,,,,,,,,
NDCincond,0,E5IPPUHFC23,T5HFC23IPPU,,2015,,,,,,0,,,,,,,,,,,,,,,,,,,,,,,,,,,,,,,,
NDCincond,0,E5IPPUHFC23,T5HFC23IPPU,,2016,,,,,,0,,,,,,,,,,,,,,,,,,,,,,,,,,,,,,,,
NDCincond,0,E5IPPUHFC23,T5HFC23IPPU,,2017,,,,,,0,,,,,,,,,,,,,,,,,,,,,,,,,,,,,,,,
NDCincond,0,E5IPPUHFC23,T5HFC23IPPU,,2018,,,,,,0,,,,,,,,,,,,,,,,,,,,,,,,,,,,,,,,
NDCincond,0,E5IPPUHFC23,T5HFC23IPPU,,2019,,,,,,0,,,,,,,,,,,,,,,,,,,,,,,,,,,,,,,,
NDCincond,0,E5IPPUHFC23,T5HFC23IPPU,,2020,,,,,,0,,,,,,,,,,,,,,,,,,,,,,,,,,,,,,,,
NDCincond,0,E5IPPUHFC23,T5HFC23IPPU,,2021,,,,,,0,,,,,,,,,,,,,,,,,,,,,,,,,,,,,,,,
NDCincond,0,E5IPPUHFC23,T5HFC23IPPU,,2022,,,,,,0,,,,,,,,,,,,,,,,,,,,,,,,,,,,,,,,
NDCincond,0,E5IPPUHFC23,T5HFC23IPPU,,2023,,,,,,0,,,,,,,,,,,,,,,,,,,,,,,,,,,,,,,,
NDCincond,0,E5IPPUHFC23,T5HFC23IPPU,,2024,,,,,,0,,,,,,,,,,,,,,,,,,,,,,,,,,,,,,,,
NDCincond,0,E5IPPUHFC23,T5HFC23IPPU,,2025,,,,,,0,,,,,,,,,,,,,,,,,,,,,,,,,,,,,,,,
NDCincond,0,E5IPPUHFC23,T5HFC23IPPU,,2026,,,,,,0,,,,,,,,,,,,,,,,,,,,,,,,,,,,,,,,
NDCincond,0,E5IPPUHFC23,T5HFC23IPPU,,2027,,,,,,0,,,,,,,,,,,,,,,,,,,,,,,,,,,,,,,,
NDCincond,0,E5IPPUHFC23,T5HFC23IPPU,,2028,,,,,,0,,,,,,,,,,,,,,,,,,,,,,,,,,,,,,,,
NDCincond,0,E5IPPUHFC23,T5HFC23IPPU,,2029,,,,,,0,,,,,,,,,,,,,,,,,,,,,,,,,,,,,,,,
NDCincond,0,E5IPPUHFC23,T5HFC23IPPU,,2030,,,,,,0,,,,,,,,,,,,,,,,,,,,,,,,,,,,,,,,
NDCincond,0,E5IPPUHFC23,T5HFC23IPPU,,2031,,,,,,0,,,,,,,,,,,,,,,,,,,,,,,,,,,,,,,,
NDCincond,0,E5IPPUHFC23,T5HFC23IPPU,,2032,,,,,,0,,,,,,,,,,,,,,,,,,,,,,,,,,,,,,,,
NDCincond,0,E5IPPUHFC23,T5HFC23IPPU,,2033,,,,,,0,,,,,,,,,,,,,,,,,,,,,,,,,,,,,,,,
NDCincond,0,E5IPPUHFC23,T5HFC23IPPU,,2034,,,,,,0,,,,,,,,,,,,,,,,,,,,,,,,,,,,,,,,
NDCincond,0,E5IPPUHFC23,T5HFC23IPPU,,2035,,,,,,0,,,,,,,,,,,,,,,,,,,,,,,,,,,,,,,,
NDCincond,0,E5IPPUHFC152a,T5HFC152aIPPU,,2010,,,,,,0,,,,,,,,,,,,,,,,,,,,,,,,,,,,,,,,
NDCincond,0,E5IPPUHFC152a,T5HFC152aIPPU,,2011,,,,,,0,,,,,,,,,,,,,,,,,,,,,,,,,,,,,,,,
NDCincond,0,E5IPPUHFC152a,T5HFC152aIPPU,,2012,,,,,,0,,,,,,,,,,,,,,,,,,,,,,,,,,,,,,,,
NDCincond,0,E5IPPUHFC152a,T5HFC152aIPPU,,2013,,,,,,0,,,,,,,,,,,,,,,,,,,,,,,,,,,,,,,,
NDCincond,0,E5IPPUHFC152a,T5HFC152aIPPU,,2014,,,,,,0,,,,,,,,,,,,,,,,,,,,,,,,,,,,,,,,
NDCincond,0,E5IPPUHFC152a,T5HFC152aIPPU,,2015,,,,,,0,,,,,,,,,,,,,,,,,,,,,,,,,,,,,,,,
NDCincond,0,E5IPPUHFC152a,T5HFC152aIPPU,,2016,,,,,,0,,,,,,,,,,,,,,,,,,,,,,,,,,,,,,,,
NDCincond,0,E5IPPUHFC152a,T5HFC152aIPPU,,2017,,,,,,0,,,,,,,,,,,,,,,,,,,,,,,,,,,,,,,,
NDCincond,0,E5IPPUHFC152a,T5HFC152aIPPU,,2018,,,,,,0,,,,,,,,,,,,,,,,,,,,,,,,,,,,,,,,
NDCincond,0,E5IPPUHFC152a,T5HFC152aIPPU,,2019,,,,,,0,,,,,,,,,,,,,,,,,,,,,,,,,,,,,,,,
NDCincond,0,E5IPPUHFC152a,T5HFC152aIPPU,,2020,,,,,,0,,,,,,,,,,,,,,,,,,,,,,,,,,,,,,,,
NDCincond,0,E5IPPUHFC152a,T5HFC152aIPPU,,2021,,,,,,0,,,,,,,,,,,,,,,,,,,,,,,,,,,,,,,,
NDCincond,0,E5IPPUHFC152a,T5HFC152aIPPU,,2022,,,,,,0,,,,,,,,,,,,,,,,,,,,,,,,,,,,,,,,
NDCincond,0,E5IPPUHFC152a,T5HFC152aIPPU,,2023,,,,,,0,,,,,,,,,,,,,,,,,,,,,,,,,,,,,,,,
NDCincond,0,E5IPPUHFC152a,T5HFC152aIPPU,,2024,,,,,,0,,,,,,,,,,,,,,,,,,,,,,,,,,,,,,,,
NDCincond,0,E5IPPUHFC152a,T5HFC152aIPPU,,2025,,,,,,0,,,,,,,,,,,,,,,,,,,,,,,,,,,,,,,,
NDCincond,0,E5IPPUHFC152a,T5HFC152aIPPU,,2026,,,,,,0,,,,,,,,,,,,,,,,,,,,,,,,,,,,,,,,
NDCincond,0,E5IPPUHFC152a,T5HFC152aIPPU,,2027,,,,,,0,,,,,,,,,,,,,,,,,,,,,,,,,,,,,,,,
NDCincond,0,E5IPPUHFC152a,T5HFC152aIPPU,,2028,,,,,,0,,,,,,,,,,,,,,,,,,,,,,,,,,,,,,,,
NDCincond,0,E5IPPUHFC152a,T5HFC152aIPPU,,2029,,,,,,0,,,,,,,,,,,,,,,,,,,,,,,,,,,,,,,,
NDCincond,0,E5IPPUHFC152a,T5HFC152aIPPU,,2030,,,,,,0,,,,,,,,,,,,,,,,,,,,,,,,,,,,,,,,
NDCincond,0,E5IPPUHFC152a,T5HFC152aIPPU,,2031,,,,,,0,,,,,,,,,,,,,,,,,,,,,,,,,,,,,,,,
NDCincond,0,E5IPPUHFC152a,T5HFC152aIPPU,,2032,,,,,,0,,,,,,,,,,,,,,,,,,,,,,,,,,,,,,,,
NDCincond,0,E5IPPUHFC152a,T5HFC152aIPPU,,2033,,,,,,0,,,,,,,,,,,,,,,,,,,,,,,,,,,,,,,,
NDCincond,0,E5IPPUHFC152a,T5HFC152aIPPU,,2034,,,,,,0,,,,,,,,,,,,,,,,,,,,,,,,,,,,,,,,
NDCincond,0,E5IPPUHFC152a,T5HFC152aIPPU,,2035,,,,,,0,,,,,,,,,,,,,,,,,,,,,,,,,,,,,,,,
NDCincond,0,SODA_ASH,SODA_ASH,,2010,,,,,,0,,,,,,,,,,,,,,,,,,,,,,,,,,,,,,,,
NDCincond,0,SODA_ASH,SODA_ASH,,2011,,,,,,0,,,,,,,,,,,,,,,,,,,,,,,,,,,,,,,,
NDCincond,0,SODA_ASH,SODA_ASH,,2012,,,,,,0,,,,,,,,,,,,,,,,,,,,,,,,,,,,,,,,
NDCincond,0,SODA_ASH,SODA_ASH,,2013,,,,,,0,,,,,,,,,,,,,,,,,,,,,,,,,,,,,,,,
NDCincond,0,SODA_ASH,SODA_ASH,,2014,,,,,,0,,,,,,,,,,,,,,,,,,,,,,,,,,,,,,,,
NDCincond,0,SODA_ASH,SODA_ASH,,2015,,,,,,0,,,,,,,,,,,,,,,,,,,,,,,,,,,,,,,,
NDCincond,0,SODA_ASH,SODA_ASH,,2016,,,,,,0,,,,,,,,,,,,,,,,,,,,,,,,,,,,,,,,
NDCincond,0,SODA_ASH,SODA_ASH,,2017,,,,,,0,,,,,,,,,,,,,,,,,,,,,,,,,,,,,,,,
NDCincond,0,SODA_ASH,SODA_ASH,,2018,,,,,,0,,,,,,,,,,,,,,,,,,,,,,,,,,,,,,,,
NDCincond,0,SODA_ASH,SODA_ASH,,2019,,,,,,0,,,,,,,,,,,,,,,,,,,,,,,,,,,,,,,,
NDCincond,0,SODA_ASH,SODA_ASH,,2020,,,,,,0,,,,,,,,,,,,,,,,,,,,,,,,,,,,,,,,
NDCincond,0,SODA_ASH,SODA_ASH,,2021,,,,,,0,,,,,,,,,,,,,,,,,,,,,,,,,,,,,,,,
NDCincond,0,SODA_ASH,SODA_ASH,,2022,,,,,,0,,,,,,,,,,,,,,,,,,,,,,,,,,,,,,,,
NDCincond,0,SODA_ASH,SODA_ASH,,2023,,,,,,0,,,,,,,,,,,,,,,,,,,,,,,,,,,,,,,,
NDCincond,0,SODA_ASH,SODA_ASH,,2024,,,,,,0,,,,,,,,,,,,,,,,,,,,,,,,,,,,,,,,
NDCincond,0,SODA_ASH,SODA_ASH,,2025,,,,,,0,,,,,,,,,,,,,,,,,,,,,,,,,,,,,,,,
NDCincond,0,SODA_ASH,SODA_ASH,,2026,,,,,,0,,,,,,,,,,,,,,,,,,,,,,,,,,,,,,,,
NDCincond,0,SODA_ASH,SODA_ASH,,2027,,,,,,0,,,,,,,,,,,,,,,,,,,,,,,,,,,,,,,,
NDCincond,0,SODA_ASH,SODA_ASH,,2028,,,,,,0,,,,,,,,,,,,,,,,,,,,,,,,,,,,,,,,
NDCincond,0,SODA_ASH,SODA_ASH,,2029,,,,,,0,,,,,,,,,,,,,,,,,,,,,,,,,,,,,,,,
NDCincond,0,SODA_ASH,SODA_ASH,,2030,,,,,,0,,,,,,,,,,,,,,,,,,,,,,,,,,,,,,,,
NDCincond,0,SODA_ASH,SODA_ASH,,2031,,,,,,0,,,,,,,,,,,,,,,,,,,,,,,,,,,,,,,,
NDCincond,0,SODA_ASH,SODA_ASH,,2032,,,,,,0,,,,,,,,,,,,,,,,,,,,,,,,,,,,,,,,
NDCincond,0,SODA_ASH,SODA_ASH,,2033,,,,,,0,,,,,,,,,,,,,,,,,,,,,,,,,,,,,,,,
NDCincond,0,SODA_ASH,SODA_ASH,,2034,,,,,,0,,,,,,,,,,,,,,,,,,,,,,,,,,,,,,,,
NDCincond,0,SODA_ASH,SODA_ASH,,2035,,,,,,0,,,,,,,,,,,,,,,,,,,,,,,,,,,,,,,,
NDCincond,0,LUBRI,LUBRI,,2010,,,,,,0,,,,,,,,,,,,,,,,,,,,,,,,,,,,,,,,
NDCincond,0,LUBRI,LUBRI,,2011,,,,,,0,,,,,,,,,,,,,,,,,,,,,,,,,,,,,,,,
NDCincond,0,LUBRI,LUBRI,,2012,,,,,,0,,,,,,,,,,,,,,,,,,,,,,,,,,,,,,,,
NDCincond,0,LUBRI,LUBRI,,2013,,,,,,0,,,,,,,,,,,,,,,,,,,,,,,,,,,,,,,,
NDCincond,0,LUBRI,LUBRI,,2014,,,,,,0,,,,,,,,,,,,,,,,,,,,,,,,,,,,,,,,
NDCincond,0,LUBRI,LUBRI,,2015,,,,,,0,,,,,,,,,,,,,,,,,,,,,,,,,,,,,,,,
NDCincond,0,LUBRI,LUBRI,,2016,,,,,,0,,,,,,,,,,,,,,,,,,,,,,,,,,,,,,,,
NDCincond,0,LUBRI,LUBRI,,2017,,,,,,0,,,,,,,,,,,,,,,,,,,,,,,,,,,,,,,,
NDCincond,0,LUBRI,LUBRI,,2018,,,,,,0,,,,,,,,,,,,,,,,,,,,,,,,,,,,,,,,
NDCincond,0,LUBRI,LUBRI,,2019,,,,,,0,,,,,,,,,,,,,,,,,,,,,,,,,,,,,,,,
NDCincond,0,LUBRI,LUBRI,,2020,,,,,,0,,,,,,,,,,,,,,,,,,,,,,,,,,,,,,,,
NDCincond,0,LUBRI,LUBRI,,2021,,,,,,0,,,,,,,,,,,,,,,,,,,,,,,,,,,,,,,,
NDCincond,0,LUBRI,LUBRI,,2022,,,,,,0,,,,,,,,,,,,,,,,,,,,,,,,,,,,,,,,
NDCincond,0,LUBRI,LUBRI,,2023,,,,,,0,,,,,,,,,,,,,,,,,,,,,,,,,,,,,,,,
NDCincond,0,LUBRI,LUBRI,,2024,,,,,,0,,,,,,,,,,,,,,,,,,,,,,,,,,,,,,,,
NDCincond,0,LUBRI,LUBRI,,2025,,,,,,0,,,,,,,,,,,,,,,,,,,,,,,,,,,,,,,,
NDCincond,0,LUBRI,LUBRI,,2026,,,,,,0,,,,,,,,,,,,,,,,,,,,,,,,,,,,,,,,
NDCincond,0,LUBRI,LUBRI,,2027,,,,,,0,,,,,,,,,,,,,,,,,,,,,,,,,,,,,,,,
NDCincond,0,LUBRI,LUBRI,,2028,,,,,,0,,,,,,,,,,,,,,,,,,,,,,,,,,,,,,,,
NDCincond,0,LUBRI,LUBRI,,2029,,,,,,0,,,,,,,,,,,,,,,,,,,,,,,,,,,,,,,,
NDCincond,0,LUBRI,LUBRI,,2030,,,,,,0,,,,,,,,,,,,,,,,,,,,,,,,,,,,,,,,
NDCincond,0,LUBRI,LUBRI,,2031,,,,,,0,,,,,,,,,,,,,,,,,,,,,,,,,,,,,,,,
NDCincond,0,LUBRI,LUBRI,,2032,,,,,,0,,,,,,,,,,,,,,,,,,,,,,,,,,,,,,,,
NDCincond,0,LUBRI,LUBRI,,2033,,,,,,0,,,,,,,,,,,,,,,,,,,,,,,,,,,,,,,,
NDCincond,0,LUBRI,LUBRI,,2034,,,,,,0,,,,,,,,,,,,,,,,,,,,,,,,,,,,,,,,
NDCincond,0,LUBRI,LUBRI,,2035,,,,,,0,,,,,,,,,,,,,,,,,,,,,,,,,,,,,,,,
NDCincond,0,E5IPPUSODA_ASH,T5SODA_ASHIPPU,,2010,,,,,,0,,,,,,,,,,,,,,,,,,,,,,,,,,,,,,,,
NDCincond,0,E5IPPUSODA_ASH,T5SODA_ASHIPPU,,2011,,,,,,0,,,,,,,,,,,,,,,,,,,,,,,,,,,,,,,,
NDCincond,0,E5IPPUSODA_ASH,T5SODA_ASHIPPU,,2012,,,,,,0,,,,,,,,,,,,,,,,,,,,,,,,,,,,,,,,
NDCincond,0,E5IPPUSODA_ASH,T5SODA_ASHIPPU,,2013,,,,,,0,,,,,,,,,,,,,,,,,,,,,,,,,,,,,,,,
NDCincond,0,E5IPPUSODA_ASH,T5SODA_ASHIPPU,,2014,,,,,,0,,,,,,,,,,,,,,,,,,,,,,,,,,,,,,,,
NDCincond,0,E5IPPUSODA_ASH,T5SODA_ASHIPPU,,2015,,,,,,0,,,,,,,,,,,,,,,,,,,,,,,,,,,,,,,,
NDCincond,0,E5IPPUSODA_ASH,T5SODA_ASHIPPU,,2016,,,,,,0,,,,,,,,,,,,,,,,,,,,,,,,,,,,,,,,
NDCincond,0,E5IPPUSODA_ASH,T5SODA_ASHIPPU,,2017,,,,,,0,,,,,,,,,,,,,,,,,,,,,,,,,,,,,,,,
NDCincond,0,E5IPPUSODA_ASH,T5SODA_ASHIPPU,,2018,,,,,,0,,,,,,,,,,,,,,,,,,,,,,,,,,,,,,,,
NDCincond,0,E5IPPUSODA_ASH,T5SODA_ASHIPPU,,2019,,,,,,0,,,,,,,,,,,,,,,,,,,,,,,,,,,,,,,,
NDCincond,0,E5IPPUSODA_ASH,T5SODA_ASHIPPU,,2020,,,,,,0,,,,,,,,,,,,,,,,,,,,,,,,,,,,,,,,
NDCincond,0,E5IPPUSODA_ASH,T5SODA_ASHIPPU,,2021,,,,,,0,,,,,,,,,,,,,,,,,,,,,,,,,,,,,,,,
NDCincond,0,E5IPPUSODA_ASH,T5SODA_ASHIPPU,,2022,,,,,,0,,,,,,,,,,,,,,,,,,,,,,,,,,,,,,,,
NDCincond,0,E5IPPUSODA_ASH,T5SODA_ASHIPPU,,2023,,,,,,0,,,,,,,,,,,,,,,,,,,,,,,,,,,,,,,,
NDCincond,0,E5IPPUSODA_ASH,T5SODA_ASHIPPU,,2024,,,,,,0,,,,,,,,,,,,,,,,,,,,,,,,,,,,,,,,
NDCincond,0,E5IPPUSODA_ASH,T5SODA_ASHIPPU,,2025,,,,,,0,,,,,,,,,,,,,,,,,,,,,,,,,,,,,,,,
NDCincond,0,E5IPPUSODA_ASH,T5SODA_ASHIPPU,,2026,,,,,,0,,,,,,,,,,,,,,,,,,,,,,,,,,,,,,,,
NDCincond,0,E5IPPUSODA_ASH,T5SODA_ASHIPPU,,2027,,,,,,0,,,,,,,,,,,,,,,,,,,,,,,,,,,,,,,,
NDCincond,0,E5IPPUSODA_ASH,T5SODA_ASHIPPU,,2028,,,,,,0,,,,,,,,,,,,,,,,,,,,,,,,,,,,,,,,
NDCincond,0,E5IPPUSODA_ASH,T5SODA_ASHIPPU,,2029,,,,,,0,,,,,,,,,,,,,,,,,,,,,,,,,,,,,,,,
NDCincond,0,E5IPPUSODA_ASH,T5SODA_ASHIPPU,,2030,,,,,,0,,,,,,,,,,,,,,,,,,,,,,,,,,,,,,,,
NDCincond,0,E5IPPUSODA_ASH,T5SODA_ASHIPPU,,2031,,,,,,0,,,,,,,,,,,,,,,,,,,,,,,,,,,,,,,,
NDCincond,0,E5IPPUSODA_ASH,T5SODA_ASHIPPU,,2032,,,,,,0,,,,,,,,,,,,,,,,,,,,,,,,,,,,,,,,
NDCincond,0,E5IPPUSODA_ASH,T5SODA_ASHIPPU,,2033,,,,,,0,,,,,,,,,,,,,,,,,,,,,,,,,,,,,,,,
NDCincond,0,E5IPPUSODA_ASH,T5SODA_ASHIPPU,,2034,,,,,,0,,,,,,,,,,,,,,,,,,,,,,,,,,,,,,,,
NDCincond,0,E5IPPUSODA_ASH,T5SODA_ASHIPPU,,2035,,,,,,0,,,,,,,,,,,,,,,,,,,,,,,,,,,,,,,,
NDCincond,0,E5IPPULUBRI,T5LUBRIIPPU,,2010,,,,,,0,,,,,,,,,,,,,,,,,,,,,,,,,,,,,,,,
NDCincond,0,E5IPPULUBRI,T5LUBRIIPPU,,2011,,,,,,0,,,,,,,,,,,,,,,,,,,,,,,,,,,,,,,,
NDCincond,0,E5IPPULUBRI,T5LUBRIIPPU,,2012,,,,,,0,,,,,,,,,,,,,,,,,,,,,,,,,,,,,,,,
NDCincond,0,E5IPPULUBRI,T5LUBRIIPPU,,2013,,,,,,0,,,,,,,,,,,,,,,,,,,,,,,,,,,,,,,,
NDCincond,0,E5IPPULUBRI,T5LUBRIIPPU,,2014,,,,,,0,,,,,,,,,,,,,,,,,,,,,,,,,,,,,,,,
NDCincond,0,E5IPPULUBRI,T5LUBRIIPPU,,2015,,,,,,0,,,,,,,,,,,,,,,,,,,,,,,,,,,,,,,,
NDCincond,0,E5IPPULUBRI,T5LUBRIIPPU,,2016,,,,,,0,,,,,,,,,,,,,,,,,,,,,,,,,,,,,,,,
NDCincond,0,E5IPPULUBRI,T5LUBRIIPPU,,2017,,,,,,0,,,,,,,,,,,,,,,,,,,,,,,,,,,,,,,,
NDCincond,0,E5IPPULUBRI,T5LUBRIIPPU,,2018,,,,,,0,,,,,,,,,,,,,,,,,,,,,,,,,,,,,,,,
NDCincond,0,E5IPPULUBRI,T5LUBRIIPPU,,2019,,,,,,0,,,,,,,,,,,,,,,,,,,,,,,,,,,,,,,,
NDCincond,0,E5IPPULUBRI,T5LUBRIIPPU,,2020,,,,,,0,,,,,,,,,,,,,,,,,,,,,,,,,,,,,,,,
NDCincond,0,E5IPPULUBRI,T5LUBRIIPPU,,2021,,,,,,0,,,,,,,,,,,,,,,,,,,,,,,,,,,,,,,,
NDCincond,0,E5IPPULUBRI,T5LUBRIIPPU,,2022,,,,,,0,,,,,,,,,,,,,,,,,,,,,,,,,,,,,,,,
NDCincond,0,E5IPPULUBRI,T5LUBRIIPPU,,2023,,,,,,0,,,,,,,,,,,,,,,,,,,,,,,,,,,,,,,,
NDCincond,0,E5IPPULUBRI,T5LUBRIIPPU,,2024,,,,,,0,,,,,,,,,,,,,,,,,,,,,,,,,,,,,,,,
NDCincond,0,E5IPPULUBRI,T5LUBRIIPPU,,2025,,,,,,0,,,,,,,,,,,,,,,,,,,,,,,,,,,,,,,,
NDCincond,0,E5IPPULUBRI,T5LUBRIIPPU,,2026,,,,,,0,,,,,,,,,,,,,,,,,,,,,,,,,,,,,,,,
NDCincond,0,E5IPPULUBRI,T5LUBRIIPPU,,2027,,,,,,0,,,,,,,,,,,,,,,,,,,,,,,,,,,,,,,,
NDCincond,0,E5IPPULUBRI,T5LUBRIIPPU,,2028,,,,,,0,,,,,,,,,,,,,,,,,,,,,,,,,,,,,,,,
NDCincond,0,E5IPPULUBRI,T5LUBRIIPPU,,2029,,,,,,0,,,,,,,,,,,,,,,,,,,,,,,,,,,,,,,,
NDCincond,0,E5IPPULUBRI,T5LUBRIIPPU,,2030,,,,,,0,,,,,,,,,,,,,,,,,,,,,,,,,,,,,,,,
NDCincond,0,E5IPPULUBRI,T5LUBRIIPPU,,2031,,,,,,0,,,,,,,,,,,,,,,,,,,,,,,,,,,,,,,,
NDCincond,0,E5IPPULUBRI,T5LUBRIIPPU,,2032,,,,,,0,,,,,,,,,,,,,,,,,,,,,,,,,,,,,,,,
NDCincond,0,E5IPPULUBRI,T5LUBRIIPPU,,2033,,,,,,0,,,,,,,,,,,,,,,,,,,,,,,,,,,,,,,,
NDCincond,0,E5IPPULUBRI,T5LUBRIIPPU,,2034,,,,,,0,,,,,,,,,,,,,,,,,,,,,,,,,,,,,,,,
NDCincond,0,E5IPPULUBRI,T5LUBRIIPPU,,2035,,,,,,0,,,,,,,,,,,,,,,,,,,,,,,,,,,,,,,,
NDCincond,0,HFC23,T5HFC23IPPU,,2010,,,,,,,0,,,,,,,,,,,,,,,,,,,,,,,,,,,,,,,
NDCincond,0,HFC23,T5HFC23IPPU,,2011,,,,,,,0,,,,,,,,,,,,,,,,,,,,,,,,,,,,,,,
NDCincond,0,HFC23,T5HFC23IPPU,,2012,,,,,,,0,,,,,,,,,,,,,,,,,,,,,,,,,,,,,,,
NDCincond,0,HFC23,T5HFC23IPPU,,2013,,,,,,,0,,,,,,,,,,,,,,,,,,,,,,,,,,,,,,,
NDCincond,0,HFC23,T5HFC23IPPU,,2014,,,,,,,0,,,,,,,,,,,,,,,,,,,,,,,,,,,,,,,
NDCincond,0,HFC23,T5HFC23IPPU,,2015,,,,,,,0,,,,,,,,,,,,,,,,,,,,,,,,,,,,,,,
NDCincond,0,HFC23,T5HFC23IPPU,,2016,,,,,,,0,,,,,,,,,,,,,,,,,,,,,,,,,,,,,,,
NDCincond,0,HFC23,T5HFC23IPPU,,2017,,,,,,,0,,,,,,,,,,,,,,,,,,,,,,,,,,,,,,,
NDCincond,0,HFC23,T5HFC23IPPU,,2018,,,,,,,0,,,,,,,,,,,,,,,,,,,,,,,,,,,,,,,
NDCincond,0,HFC23,T5HFC23IPPU,,2019,,,,,,,0,,,,,,,,,,,,,,,,,,,,,,,,,,,,,,,
NDCincond,0,HFC23,T5HFC23IPPU,,2020,,,,,,,0,,,,,,,,,,,,,,,,,,,,,,,,,,,,,,,
NDCincond,0,HFC23,T5HFC23IPPU,,2021,,,,,,,0,,,,,,,,,,,,,,,,,,,,,,,,,,,,,,,
NDCincond,0,HFC23,T5HFC23IPPU,,2022,,,,,,,0,,,,,,,,,,,,,,,,,,,,,,,,,,,,,,,
NDCincond,0,HFC23,T5HFC23IPPU,,2023,,,,,,,0,,,,,,,,,,,,,,,,,,,,,,,,,,,,,,,
NDCincond,0,HFC23,T5HFC23IPPU,,2024,,,,,,,0,,,,,,,,,,,,,,,,,,,,,,,,,,,,,,,
NDCincond,0,HFC23,T5HFC23IPPU,,2025,,,,,,,0,,,,,,,,,,,,,,,,,,,,,,,,,,,,,,,
NDCincond,0,HFC23,T5HFC23IPPU,,2026,,,,,,,0,,,,,,,,,,,,,,,,,,,,,,,,,,,,,,,
NDCincond,0,HFC23,T5HFC23IPPU,,2027,,,,,,,0,,,,,,,,,,,,,,,,,,,,,,,,,,,,,,,
NDCincond,0,HFC23,T5HFC23IPPU,,2028,,,,,,,0,,,,,,,,,,,,,,,,,,,,,,,,,,,,,,,
NDCincond,0,HFC23,T5HFC23IPPU,,2029,,,,,,,0,,,,,,,,,,,,,,,,,,,,,,,,,,,,,,,
NDCincond,0,HFC23,T5HFC23IPPU,,2030,,,,,,,0,,,,,,,,,,,,,,,,,,,,,,,,,,,,,,,
NDCincond,0,HFC23,T5HFC23IPPU,,2031,,,,,,,0,,,,,,,,,,,,,,,,,,,,,,,,,,,,,,,
NDCincond,0,HFC23,T5HFC23IPPU,,2032,,,,,,,0,,,,,,,,,,,,,,,,,,,,,,,,,,,,,,,
NDCincond,0,HFC23,T5HFC23IPPU,,2033,,,,,,,0,,,,,,,,,,,,,,,,,,,,,,,,,,,,,,,
NDCincond,0,HFC23,T5HFC23IPPU,,2034,,,,,,,0,,,,,,,,,,,,,,,,,,,,,,,,,,,,,,,
NDCincond,0,HFC23,T5HFC23IPPU,,2035,,,,,,,0,,,,,,,,,,,,,,,,,,,,,,,,,,,,,,,
NDCincond,0,HFC152a,T5HFC152aIPPU,,2010,,,,,,,0,,,,,,,,,,,,,,,,,,,,,,,,,,,,,,,
NDCincond,0,HFC152a,T5HFC152aIPPU,,2011,,,,,,,0,,,,,,,,,,,,,,,,,,,,,,,,,,,,,,,
NDCincond,0,HFC152a,T5HFC152aIPPU,,2012,,,,,,,0,,,,,,,,,,,,,,,,,,,,,,,,,,,,,,,
NDCincond,0,HFC152a,T5HFC152aIPPU,,2013,,,,,,,0,,,,,,,,,,,,,,,,,,,,,,,,,,,,,,,
NDCincond,0,HFC152a,T5HFC152aIPPU,,2014,,,,,,,0,,,,,,,,,,,,,,,,,,,,,,,,,,,,,,,
NDCincond,0,HFC152a,T5HFC152aIPPU,,2015,,,,,,,0,,,,,,,,,,,,,,,,,,,,,,,,,,,,,,,
NDCincond,0,HFC152a,T5HFC152aIPPU,,2016,,,,,,,0,,,,,,,,,,,,,,,,,,,,,,,,,,,,,,,
NDCincond,0,HFC152a,T5HFC152aIPPU,,2017,,,,,,,0,,,,,,,,,,,,,,,,,,,,,,,,,,,,,,,
NDCincond,0,HFC152a,T5HFC152aIPPU,,2018,,,,,,,0,,,,,,,,,,,,,,,,,,,,,,,,,,,,,,,
NDCincond,0,HFC152a,T5HFC152aIPPU,,2019,,,,,,,0,,,,,,,,,,,,,,,,,,,,,,,,,,,,,,,
NDCincond,0,HFC152a,T5HFC152aIPPU,,2020,,,,,,,0,,,,,,,,,,,,,,,,,,,,,,,,,,,,,,,
NDCincond,0,HFC152a,T5HFC152aIPPU,,2021,,,,,,,0,,,,,,,,,,,,,,,,,,,,,,,,,,,,,,,
NDCincond,0,HFC152a,T5HFC152aIPPU,,2022,,,,,,,0,,,,,,,,,,,,,,,,,,,,,,,,,,,,,,,
NDCincond,0,HFC152a,T5HFC152aIPPU,,2023,,,,,,,0,,,,,,,,,,,,,,,,,,,,,,,,,,,,,,,
NDCincond,0,HFC152a,T5HFC152aIPPU,,2024,,,,,,,0,,,,,,,,,,,,,,,,,,,,,,,,,,,,,,,
NDCincond,0,HFC152a,T5HFC152aIPPU,,2025,,,,,,,0,,,,,,,,,,,,,,,,,,,,,,,,,,,,,,,
NDCincond,0,HFC152a,T5HFC152aIPPU,,2026,,,,,,,0,,,,,,,,,,,,,,,,,,,,,,,,,,,,,,,
NDCincond,0,HFC152a,T5HFC152aIPPU,,2027,,,,,,,0,,,,,,,,,,,,,,,,,,,,,,,,,,,,,,,
NDCincond,0,HFC152a,T5HFC152aIPPU,,2028,,,,,,,0,,,,,,,,,,,,,,,,,,,,,,,,,,,,,,,
NDCincond,0,HFC152a,T5HFC152aIPPU,,2029,,,,,,,0,,,,,,,,,,,,,,,,,,,,,,,,,,,,,,,
NDCincond,0,HFC152a,T5HFC152aIPPU,,2030,,,,,,,0,,,,,,,,,,,,,,,,,,,,,,,,,,,,,,,
NDCincond,0,HFC152a,T5HFC152aIPPU,,2031,,,,,,,0,,,,,,,,,,,,,,,,,,,,,,,,,,,,,,,
NDCincond,0,HFC152a,T5HFC152aIPPU,,2032,,,,,,,0,,,,,,,,,,,,,,,,,,,,,,,,,,,,,,,
NDCincond,0,HFC152a,T5HFC152aIPPU,,2033,,,,,,,0,,,,,,,,,,,,,,,,,,,,,,,,,,,,,,,
NDCincond,0,HFC152a,T5HFC152aIPPU,,2034,,,,,,,0,,,,,,,,,,,,,,,,,,,,,,,,,,,,,,,
NDCincond,0,HFC152a,T5HFC152aIPPU,,2035,,,,,,,0,,,,,,,,,,,,,,,,,,,,,,,,,,,,,,,
NDCincond,0,SODA_ASH,T5SODA_ASHIPPU,,2010,,,,,,,0,,,,,,,,,,,,,,,,,,,,,,,,,,,,,,,
NDCincond,0,SODA_ASH,T5SODA_ASHIPPU,,2011,,,,,,,0,,,,,,,,,,,,,,,,,,,,,,,,,,,,,,,
NDCincond,0,SODA_ASH,T5SODA_ASHIPPU,,2012,,,,,,,0,,,,,,,,,,,,,,,,,,,,,,,,,,,,,,,
NDCincond,0,SODA_ASH,T5SODA_ASHIPPU,,2013,,,,,,,0,,,,,,,,,,,,,,,,,,,,,,,,,,,,,,,
NDCincond,0,SODA_ASH,T5SODA_ASHIPPU,,2014,,,,,,,0,,,,,,,,,,,,,,,,,,,,,,,,,,,,,,,
NDCincond,0,SODA_ASH,T5SODA_ASHIPPU,,2015,,,,,,,0,,,,,,,,,,,,,,,,,,,,,,,,,,,,,,,
NDCincond,0,SODA_ASH,T5SODA_ASHIPPU,,2016,,,,,,,0,,,,,,,,,,,,,,,,,,,,,,,,,,,,,,,
NDCincond,0,SODA_ASH,T5SODA_ASHIPPU,,2017,,,,,,,0,,,,,,,,,,,,,,,,,,,,,,,,,,,,,,,
NDCincond,0,SODA_ASH,T5SODA_ASHIPPU,,2018,,,,,,,0,,,,,,,,,,,,,,,,,,,,,,,,,,,,,,,
NDCincond,0,SODA_ASH,T5SODA_ASHIPPU,,2019,,,,,,,0,,,,,,,,,,,,,,,,,,,,,,,,,,,,,,,
NDCincond,0,SODA_ASH,T5SODA_ASHIPPU,,2020,,,,,,,0,,,,,,,,,,,,,,,,,,,,,,,,,,,,,,,
NDCincond,0,SODA_ASH,T5SODA_ASHIPPU,,2021,,,,,,,0,,,,,,,,,,,,,,,,,,,,,,,,,,,,,,,
NDCincond,0,SODA_ASH,T5SODA_ASHIPPU,,2022,,,,,,,0,,,,,,,,,,,,,,,,,,,,,,,,,,,,,,,
NDCincond,0,SODA_ASH,T5SODA_ASHIPPU,,2023,,,,,,,0,,,,,,,,,,,,,,,,,,,,,,,,,,,,,,,
NDCincond,0,SODA_ASH,T5SODA_ASHIPPU,,2024,,,,,,,0,,,,,,,,,,,,,,,,,,,,,,,,,,,,,,,
NDCincond,0,SODA_ASH,T5SODA_ASHIPPU,,2025,,,,,,,0,,,,,,,,,,,,,,,,,,,,,,,,,,,,,,,
NDCincond,0,SODA_ASH,T5SODA_ASHIPPU,,2026,,,,,,,0,,,,,,,,,,,,,,,,,,,,,,,,,,,,,,,
NDCincond,0,SODA_ASH,T5SODA_ASHIPPU,,2027,,,,,,,0,,,,,,,,,,,,,,,,,,,,,,,,,,,,,,,
NDCincond,0,SODA_ASH,T5SODA_ASHIPPU,,2028,,,,,,,0,,,,,,,,,,,,,,,,,,,,,,,,,,,,,,,
NDCincond,0,SODA_ASH,T5SODA_ASHIPPU,,2029,,,,,,,0,,,,,,,,,,,,,,,,,,,,,,,,,,,,,,,
NDCincond,0,SODA_ASH,T5SODA_ASHIPPU,,2030,,,,,,,0,,,,,,,,,,,,,,,,,,,,,,,,,,,,,,,
NDCincond,0,SODA_ASH,T5SODA_ASHIPPU,,2031,,,,,,,0,,,,,,,,,,,,,,,,,,,,,,,,,,,,,,,
NDCincond,0,SODA_ASH,T5SODA_ASHIPPU,,2032,,,,,,,0,,,,,,,,,,,,,,,,,,,,,,,,,,,,,,,
NDCincond,0,SODA_ASH,T5SODA_ASHIPPU,,2033,,,,,,,0,,,,,,,,,,,,,,,,,,,,,,,,,,,,,,,
NDCincond,0,SODA_ASH,T5SODA_ASHIPPU,,2034,,,,,,,0,,,,,,,,,,,,,,,,,,,,,,,,,,,,,,,
NDCincond,0,SODA_ASH,T5SODA_ASHIPPU,,2035,,,,,,,0,,,,,,,,,,,,,,,,,,,,,,,,,,,,,,,
NDCincond,0,LUBRI,T5LUBRIIPPU,,2010,,,,,,,0,,,,,,,,,,,,,,,,,,,,,,,,,,,,,,,
NDCincond,0,LUBRI,T5LUBRIIPPU,,2011,,,,,,,0,,,,,,,,,,,,,,,,,,,,,,,,,,,,,,,
NDCincond,0,LUBRI,T5LUBRIIPPU,,2012,,,,,,,0,,,,,,,,,,,,,,,,,,,,,,,,,,,,,,,
NDCincond,0,LUBRI,T5LUBRIIPPU,,2013,,,,,,,0,,,,,,,,,,,,,,,,,,,,,,,,,,,,,,,
NDCincond,0,LUBRI,T5LUBRIIPPU,,2014,,,,,,,0,,,,,,,,,,,,,,,,,,,,,,,,,,,,,,,
NDCincond,0,LUBRI,T5LUBRIIPPU,,2015,,,,,,,0,,,,,,,,,,,,,,,,,,,,,,,,,,,,,,,
NDCincond,0,LUBRI,T5LUBRIIPPU,,2016,,,,,,,0,,,,,,,,,,,,,,,,,,,,,,,,,,,,,,,
NDCincond,0,LUBRI,T5LUBRIIPPU,,2017,,,,,,,0,,,,,,,,,,,,,,,,,,,,,,,,,,,,,,,
NDCincond,0,LUBRI,T5LUBRIIPPU,,2018,,,,,,,0,,,,,,,,,,,,,,,,,,,,,,,,,,,,,,,
NDCincond,0,LUBRI,T5LUBRIIPPU,,2019,,,,,,,0,,,,,,,,,,,,,,,,,,,,,,,,,,,,,,,
NDCincond,0,LUBRI,T5LUBRIIPPU,,2020,,,,,,,0,,,,,,,,,,,,,,,,,,,,,,,,,,,,,,,
NDCincond,0,LUBRI,T5LUBRIIPPU,,2021,,,,,,,0,,,,,,,,,,,,,,,,,,,,,,,,,,,,,,,
NDCincond,0,LUBRI,T5LUBRIIPPU,,2022,,,,,,,0,,,,,,,,,,,,,,,,,,,,,,,,,,,,,,,
NDCincond,0,LUBRI,T5LUBRIIPPU,,2023,,,,,,,0,,,,,,,,,,,,,,,,,,,,,,,,,,,,,,,
NDCincond,0,LUBRI,T5LUBRIIPPU,,2024,,,,,,,0,,,,,,,,,,,,,,,,,,,,,,,,,,,,,,,
NDCincond,0,LUBRI,T5LUBRIIPPU,,2025,,,,,,,0,,,,,,,,,,,,,,,,,,,,,,,,,,,,,,,
NDCincond,0,LUBRI,T5LUBRIIPPU,,2026,,,,,,,0,,,,,,,,,,,,,,,,,,,,,,,,,,,,,,,
NDCincond,0,LUBRI,T5LUBRIIPPU,,2027,,,,,,,0,,,,,,,,,,,,,,,,,,,,,,,,,,,,,,,
NDCincond,0,LUBRI,T5LUBRIIPPU,,2028,,,,,,,0,,,,,,,,,,,,,,,,,,,,,,,,,,,,,,,
NDCincond,0,LUBRI,T5LUBRIIPPU,,2029,,,,,,,0,,,,,,,,,,,,,,,,,,,,,,,,,,,,,,,
NDCincond,0,LUBRI,T5LUBRIIPPU,,2030,,,,,,,0,,,,,,,,,,,,,,,,,,,,,,,,,,,,,,,
NDCincond,0,LUBRI,T5LUBRIIPPU,,2031,,,,,,,0,,,,,,,,,,,,,,,,,,,,,,,,,,,,,,,
NDCincond,0,LUBRI,T5LUBRIIPPU,,2032,,,,,,,0,,,,,,,,,,,,,,,,,,,,,,,,,,,,,,,
NDCincond,0,LUBRI,T5LUBRIIPPU,,2033,,,,,,,0,,,,,,,,,,,,,,,,,,,,,,,,,,,,,,,
NDCincond,0,LUBRI,T5LUBRIIPPU,,2034,,,,,,,0,,,,,,,,,,,,,,,,,,,,,,,,,,,,,,,
NDCincond,0,LUBRI,T5LUBRIIPPU,,2035,,,,,,,0,,,,,,,,,,,,,,,,,,,,,,,,,,,,,,,
