PARAMETER,Scenario,REGION,TECHNOLOGY,FUEL,EMISSION,MODE_OF_OPERATION,YEAR,TIMESLICE,SEASON,DAYTYPE,DAILYTIMEBRACKET,STORAGE,Value
EmissionActivityRatio,NDCINC,ECU,T5NPRAND,,CO2e_CUT,1,2010,,,,,,46.8919950515
EmissionActivityRatio,NDCINC,ECU,T5NPRAND,,CO2e_CUT,1,2011,,,,,,41.7337444118
EmissionActivityRatio,NDCINC,ECU,T5NPRAND,,CO2e_CUT,1,2012,,,,,,37.3278484477
EmissionActivityRatio,NDCINC,ECU,T5NPRAND,,CO2e_CUT,1,2013,,,,,,36.1498690033
EmissionActivityRatio,NDCINC,ECU,T5NPRAND,,CO2e_CUT,1,2014,,,,,,34.9923120468
EmissionActivityRatio,NDCINC,ECU,T5NPRAND,,CO2e_CUT,1,2015,,,,,,33.1000953803
EmissionActivityRatio,NDCINC,ECU,T5NPRAND,,CO2e_CUT,1,2016,,,,,,31.2190128072
EmissionActivityRatio,NDCINC,ECU,T5NPRAND,,CO2e_CUT,1,2017,,,,,,30.5258145191
EmissionActivityRatio,NDCINC,ECU,T5NPRAND,,CO2e_CUT,1,2018,,,,,,29.8308123993
EmissionActivityRatio,NDCINC,ECU,T5NPRAND,,CO2e_CUT,1,2019,,,,,,26.383050353
EmissionActivityRatio,NDCINC,ECU,T5NPRAND,,CO2e_CUT,1,2020,,,,,,24.86042741
EmissionActivityRatio,NDCINC,ECU,T5NPRAND,,CO2e_CUT,1,2021,,,,,,25.4808035231
EmissionActivityRatio,NDCINC,ECU,T5NPRAND,,CO2e_CUT,1,2022,,,,,,23.8938502014
EmissionActivityRatio,NDCINC,ECU,T5NPRAND,,CO2e_CUT,1,2023,,,,,,32.4915104273
EmissionActivityRatio,NDCINC,ECU,T5NPRAND,,CO2e_CUT,1,2024,,,,,,32.4915104273
EmissionActivityRatio,NDCINC,ECU,T5NPRAND,,CO2e_CUT,1,2025,,,,,,32.4915104273
EmissionActivityRatio,NDCINC,ECU,T5NPRAND,,CO2e_CUT,1,2026,,,,,,32.4915104273
EmissionActivityRatio,NDCINC,ECU,T5NPRAND,,CO2e_CUT,1,2027,,,,,,32.4915104273
EmissionActivityRatio,NDCINC,ECU,T5NPRAND,,CO2e_CUT,1,2028,,,,,,32.4915104273
EmissionActivityRatio,NDCINC,ECU,T5NPRAND,,CO2e_CUT,1,2029,,,,,,32.4915104273
EmissionActivityRatio,NDCINC,ECU,T5NPRAND,,CO2e_CUT,1,2030,,,,,,32.4915104273
EmissionActivityRatio,NDCINC,ECU,T5NPRAND,,CO2e_CUT,1,2031,,,,,,32.4915104273
EmissionActivityRatio,NDCINC,ECU,T5NPRAND,,CO2e_CUT,1,2032,,,,,,32.4915104273
EmissionActivityRatio,NDCINC,ECU,T5NPRAND,,CO2e_CUT,1,2033,,,,,,32.4915104273
EmissionActivityRatio,NDCINC,ECU,T5NPRAND,,CO2e_CUT,1,2034,,,,,,32.4915104273
EmissionActivityRatio,NDCINC,ECU,T5NPRAND,,CO2e_CUT,1,2035,,,,,,32.4915104273
EmissionActivityRatio,NDCINC,ECU,T5NPRPLU,,CO2e_CUT,1,2010,,,,,,0.3314666031
EmissionActivityRatio,NDCINC,ECU,T5NPRPLU,,CO2e_CUT,1,2011,,,,,,0.1510831237
EmissionActivityRatio,NDCINC,ECU,T5NPRPLU,,CO2e_CUT,1,2012,,,,,,-0.0138913712
EmissionActivityRatio,NDCINC,ECU,T5NPRPLU,,CO2e_CUT,1,2013,,,,,,-0.1316721095
EmissionActivityRatio,NDCINC,ECU,T5NPRPLU,,CO2e_CUT,1,2014,,,,,,-0.242455168
EmissionActivityRatio,NDCINC,ECU,T5NPRPLU,,CO2e_CUT,1,2015,,,,,,-0.3326121707
EmissionActivityRatio,NDCINC,ECU,T5NPRPLU,,CO2e_CUT,1,2016,,,,,,-0.4229883271
EmissionActivityRatio,NDCINC,ECU,T5NPRPLU,,CO2e_CUT,1,2017,,,,,,-0.4621472652
EmissionActivityRatio,NDCINC,ECU,T5NPRPLU,,CO2e_CUT,1,2018,,,,,,-0.5012954697
EmissionActivityRatio,NDCINC,ECU,T5NPRPLU,,CO2e_CUT,1,2019,,,,,,-0.6630350197
EmissionActivityRatio,NDCINC,ECU,T5NPRPLU,,CO2e_CUT,1,2020,,,,,,-0.7398542216
EmissionActivityRatio,NDCINC,ECU,T5NPRPLU,,CO2e_CUT,1,2021,,,,,,-0.8082919295
EmissionActivityRatio,NDCINC,ECU,T5NPRPLU,,CO2e_CUT,1,2022,,,,,,-0.8794062215
EmissionActivityRatio,NDCINC,ECU,T5NPRPLU,,CO2e_CUT,1,2023,,,,,,-0.3626999651
EmissionActivityRatio,NDCINC,ECU,T5NPRPLU,,CO2e_CUT,1,2024,,,,,,-0.3626999651
EmissionActivityRatio,NDCINC,ECU,T5NPRPLU,,CO2e_CUT,1,2025,,,,,,-0.3626999651
EmissionActivityRatio,NDCINC,ECU,T5NPRPLU,,CO2e_CUT,1,2026,,,,,,-0.3626999651
EmissionActivityRatio,NDCINC,ECU,T5NPRPLU,,CO2e_CUT,1,2027,,,,,,-0.3626999651
EmissionActivityRatio,NDCINC,ECU,T5NPRPLU,,CO2e_CUT,1,2028,,,,,,-0.3626999651
EmissionActivityRatio,NDCINC,ECU,T5NPRPLU,,CO2e_CUT,1,2029,,,,,,-0.3626999651
EmissionActivityRatio,NDCINC,ECU,T5NPRPLU,,CO2e_CUT,1,2030,,,,,,-0.3626999651
EmissionActivityRatio,NDCINC,ECU,T5NPRPLU,,CO2e_CUT,1,2031,,,,,,-0.3626999651
EmissionActivityRatio,NDCINC,ECU,T5NPRPLU,,CO2e_CUT,1,2032,,,,,,-0.3626999651
EmissionActivityRatio,NDCINC,ECU,T5NPRPLU,,CO2e_CUT,1,2033,,,,,,-0.3626999651
EmissionActivityRatio,NDCINC,ECU,T5NPRPLU,,CO2e_CUT,1,2034,,,,,,-0.3626999651
EmissionActivityRatio,NDCINC,ECU,T5NPRPLU,,CO2e_CUT,1,2035,,,,,,-0.3626999651
EmissionActivityRatio,NDCINC,ECU,T5NPRMON,,CO2e_CUT,1,2010,,,,,,-0.46333338
EmissionActivityRatio,NDCINC,ECU,T5NPRMON,,CO2e_CUT,1,2011,,,,,,-0.4944405736
EmissionActivityRatio,NDCINC,ECU,T5NPRMON,,CO2e_CUT,1,2012,,,,,,-0.5252426929
EmissionActivityRatio,NDCINC,ECU,T5NPRMON,,CO2e_CUT,1,2013,,,,,,-0.7026053962
EmissionActivityRatio,NDCINC,ECU,T5NPRMON,,CO2e_CUT,1,2014,,,,,,-0.8701284559
EmissionActivityRatio,NDCINC,ECU,T5NPRMON,,CO2e_CUT,1,2015,,,,,,-0.968804969
EmissionActivityRatio,NDCINC,ECU,T5NPRMON,,CO2e_CUT,1,2016,,,,,,-1.0673298652
EmissionActivityRatio,NDCINC,ECU,T5NPRMON,,CO2e_CUT,1,2017,,,,,,-1.1240073662
EmissionActivityRatio,NDCINC,ECU,T5NPRMON,,CO2e_CUT,1,2018,,,,,,-1.1797117219
EmissionActivityRatio,NDCINC,ECU,T5NPRMON,,CO2e_CUT,1,2019,,,,,,-1.3445903576
EmissionActivityRatio,NDCINC,ECU,T5NPRMON,,CO2e_CUT,1,2020,,,,,,-1.4441787416
EmissionActivityRatio,NDCINC,ECU,T5NPRMON,,CO2e_CUT,1,2021,,,,,,-1.5264840299
EmissionActivityRatio,NDCINC,ECU,T5NPRMON,,CO2e_CUT,1,2022,,,,,,-1.5974232875
EmissionActivityRatio,NDCINC,ECU,T5NPRMON,,CO2e_CUT,1,2023,,,,,,-1.0237139106
EmissionActivityRatio,NDCINC,ECU,T5NPRMON,,CO2e_CUT,1,2024,,,,,,-1.0237139106
EmissionActivityRatio,NDCINC,ECU,T5NPRMON,,CO2e_CUT,1,2025,,,,,,-1.0237139106
EmissionActivityRatio,NDCINC,ECU,T5NPRMON,,CO2e_CUT,1,2026,,,,,,-1.0237139106
EmissionActivityRatio,NDCINC,ECU,T5NPRMON,,CO2e_CUT,1,2027,,,,,,-1.0237139106
EmissionActivityRatio,NDCINC,ECU,T5NPRMON,,CO2e_CUT,1,2028,,,,,,-1.0237139106
EmissionActivityRatio,NDCINC,ECU,T5NPRMON,,CO2e_CUT,1,2029,,,,,,-1.0237139106
EmissionActivityRatio,NDCINC,ECU,T5NPRMON,,CO2e_CUT,1,2030,,,,,,-1.0237139106
EmissionActivityRatio,NDCINC,ECU,T5NPRMON,,CO2e_CUT,1,2031,,,,,,-1.0237139106
EmissionActivityRatio,NDCINC,ECU,T5NPRMON,,CO2e_CUT,1,2032,,,,,,-1.0237139106
EmissionActivityRatio,NDCINC,ECU,T5NPRMON,,CO2e_CUT,1,2033,,,,,,-1.0237139106
EmissionActivityRatio,NDCINC,ECU,T5NPRMON,,CO2e_CUT,1,2034,,,,,,-1.0237139106
EmissionActivityRatio,NDCINC,ECU,T5NPRMON,,CO2e_CUT,1,2035,,,,,,-1.0237139106
EmissionActivityRatio,NDCINC,ECU,T5NPRPIE,,CO2e_CUT,1,2010,,,,,,-2.5206375538
EmissionActivityRatio,NDCINC,ECU,T5NPRPIE,,CO2e_CUT,1,2011,,,,,,-2.58647205
EmissionActivityRatio,NDCINC,ECU,T5NPRPIE,,CO2e_CUT,1,2012,,,,,,-2.6520246925
EmissionActivityRatio,NDCINC,ECU,T5NPRPIE,,CO2e_CUT,1,2013,,,,,,-3.0442983788
EmissionActivityRatio,NDCINC,ECU,T5NPRPIE,,CO2e_CUT,1,2014,,,,,,-3.4083289869
EmissionActivityRatio,NDCINC,ECU,T5NPRPIE,,CO2e_CUT,1,2015,,,,,,-3.5622739156
EmissionActivityRatio,NDCINC,ECU,T5NPRPIE,,CO2e_CUT,1,2016,,,,,,-3.7165505797
EmissionActivityRatio,NDCINC,ECU,T5NPRPIE,,CO2e_CUT,1,2017,,,,,,-3.8343834728
EmissionActivityRatio,NDCINC,ECU,T5NPRPIE,,CO2e_CUT,1,2018,,,,,,-3.9483884657
EmissionActivityRatio,NDCINC,ECU,T5NPRPIE,,CO2e_CUT,1,2019,,,,,,-4.0679287091
EmissionActivityRatio,NDCINC,ECU,T5NPRPIE,,CO2e_CUT,1,2020,,,,,,-4.2055367388
EmissionActivityRatio,NDCINC,ECU,T5NPRPIE,,CO2e_CUT,1,2021,,,,,,-4.2639005338
EmissionActivityRatio,NDCINC,ECU,T5NPRPIE,,CO2e_CUT,1,2022,,,,,,-4.334944004
EmissionActivityRatio,NDCINC,ECU,T5NPRPIE,,CO2e_CUT,1,2023,,,,,,-3.5496667755
EmissionActivityRatio,NDCINC,ECU,T5NPRPIE,,CO2e_CUT,1,2024,,,,,,-3.5496667755
EmissionActivityRatio,NDCINC,ECU,T5NPRPIE,,CO2e_CUT,1,2025,,,,,,-3.5496667755
EmissionActivityRatio,NDCINC,ECU,T5NPRPIE,,CO2e_CUT,1,2026,,,,,,-3.5496667755
EmissionActivityRatio,NDCINC,ECU,T5NPRPIE,,CO2e_CUT,1,2027,,,,,,-3.5496667755
EmissionActivityRatio,NDCINC,ECU,T5NPRPIE,,CO2e_CUT,1,2028,,,,,,-3.5496667755
EmissionActivityRatio,NDCINC,ECU,T5NPRPIE,,CO2e_CUT,1,2029,,,,,,-3.5496667755
EmissionActivityRatio,NDCINC,ECU,T5NPRPIE,,CO2e_CUT,1,2030,,,,,,-3.5496667755
EmissionActivityRatio,NDCINC,ECU,T5NPRPIE,,CO2e_CUT,1,2031,,,,,,-3.5496667755
EmissionActivityRatio,NDCINC,ECU,T5NPRPIE,,CO2e_CUT,1,2032,,,,,,-3.5496667755
EmissionActivityRatio,NDCINC,ECU,T5NPRPIE,,CO2e_CUT,1,2033,,,,,,-3.5496667755
EmissionActivityRatio,NDCINC,ECU,T5NPRPIE,,CO2e_CUT,1,2034,,,,,,-3.5496667755
EmissionActivityRatio,NDCINC,ECU,T5NPRPIE,,CO2e_CUT,1,2035,,,,,,-3.5496667755
EmissionActivityRatio,NDCINC,ECU,T5NPRCEJ,,CO2e_CUT,1,2010,,,,,,0.501305214
EmissionActivityRatio,NDCINC,ECU,T5NPRCEJ,,CO2e_CUT,1,2011,,,,,,0.5473197386
EmissionActivityRatio,NDCINC,ECU,T5NPRCEJ,,CO2e_CUT,1,2012,,,,,,0.5926077259
EmissionActivityRatio,NDCINC,ECU,T5NPRCEJ,,CO2e_CUT,1,2013,,,,,,0.2918549837
EmissionActivityRatio,NDCINC,ECU,T5NPRCEJ,,CO2e_CUT,1,2014,,,,,,0.0010300513
EmissionActivityRatio,NDCINC,ECU,T5NPRCEJ,,CO2e_CUT,1,2015,,,,,,-0.1339816844
EmissionActivityRatio,NDCINC,ECU,T5NPRCEJ,,CO2e_CUT,1,2016,,,,,,-0.2681611686
EmissionActivityRatio,NDCINC,ECU,T5NPRCEJ,,CO2e_CUT,1,2017,,,,,,-0.4444222842
EmissionActivityRatio,NDCINC,ECU,T5NPRCEJ,,CO2e_CUT,1,2018,,,,,,-0.6049823227
EmissionActivityRatio,NDCINC,ECU,T5NPRCEJ,,CO2e_CUT,1,2019,,,,,,-0.7911553516
EmissionActivityRatio,NDCINC,ECU,T5NPRCEJ,,CO2e_CUT,1,2020,,,,,,-0.9458930624
EmissionActivityRatio,NDCINC,ECU,T5NPRCEJ,,CO2e_CUT,1,2021,,,,,,-1.0534137984
EmissionActivityRatio,NDCINC,ECU,T5NPRCEJ,,CO2e_CUT,1,2022,,,,,,-1.1323299749
EmissionActivityRatio,NDCINC,ECU,T5NPRCEJ,,CO2e_CUT,1,2023,,,,,,-0.2646324564
EmissionActivityRatio,NDCINC,ECU,T5NPRCEJ,,CO2e_CUT,1,2024,,,,,,-0.2646324564
EmissionActivityRatio,NDCINC,ECU,T5NPRCEJ,,CO2e_CUT,1,2025,,,,,,-0.2646324564
EmissionActivityRatio,NDCINC,ECU,T5NPRCEJ,,CO2e_CUT,1,2026,,,,,,-0.2646324564
EmissionActivityRatio,NDCINC,ECU,T5NPRCEJ,,CO2e_CUT,1,2027,,,,,,-0.2646324564
EmissionActivityRatio,NDCINC,ECU,T5NPRCEJ,,CO2e_CUT,1,2028,,,,,,-0.2646324564
EmissionActivityRatio,NDCINC,ECU,T5NPRCEJ,,CO2e_CUT,1,2029,,,,,,-0.2646324564
EmissionActivityRatio,NDCINC,ECU,T5NPRCEJ,,CO2e_CUT,1,2030,,,,,,-0.2646324564
EmissionActivityRatio,NDCINC,ECU,T5NPRCEJ,,CO2e_CUT,1,2031,,,,,,-0.2646324564
EmissionActivityRatio,NDCINC,ECU,T5NPRCEJ,,CO2e_CUT,1,2032,,,,,,-0.2646324564
EmissionActivityRatio,NDCINC,ECU,T5NPRCEJ,,CO2e_CUT,1,2033,,,,,,-0.2646324564
EmissionActivityRatio,NDCINC,ECU,T5NPRCEJ,,CO2e_CUT,1,2034,,,,,,-0.2646324564
EmissionActivityRatio,NDCINC,ECU,T5NPRCEJ,,CO2e_CUT,1,2035,,,,,,-0.2646324564
EmissionActivityRatio,NDCINC,ECU,T5NPRAMA,,CO2e_CUT,1,2010,,,,,,-5.3798325826
EmissionActivityRatio,NDCINC,ECU,T5NPRAMA,,CO2e_CUT,1,2011,,,,,,-5.6174510896
EmissionActivityRatio,NDCINC,ECU,T5NPRAMA,,CO2e_CUT,1,2012,,,,,,-5.8245023551
EmissionActivityRatio,NDCINC,ECU,T5NPRAMA,,CO2e_CUT,1,2013,,,,,,-5.9268154485
EmissionActivityRatio,NDCINC,ECU,T5NPRAMA,,CO2e_CUT,1,2014,,,,,,-6.0249346558
EmissionActivityRatio,NDCINC,ECU,T5NPRAMA,,CO2e_CUT,1,2015,,,,,,-6.0857216627
EmissionActivityRatio,NDCINC,ECU,T5NPRAMA,,CO2e_CUT,1,2016,,,,,,-6.1451527089
EmissionActivityRatio,NDCINC,ECU,T5NPRAMA,,CO2e_CUT,1,2017,,,,,,-6.1867970119
EmissionActivityRatio,NDCINC,ECU,T5NPRAMA,,CO2e_CUT,1,2018,,,,,,-6.2266565665
EmissionActivityRatio,NDCINC,ECU,T5NPRAMA,,CO2e_CUT,1,2019,,,,,,-6.0829401953
EmissionActivityRatio,NDCINC,ECU,T5NPRAMA,,CO2e_CUT,1,2020,,,,,,-6.0670060345
EmissionActivityRatio,NDCINC,ECU,T5NPRAMA,,CO2e_CUT,1,2021,,,,,,-6.0258771666
EmissionActivityRatio,NDCINC,ECU,T5NPRAMA,,CO2e_CUT,1,2022,,,,,,-5.9952323555
EmissionActivityRatio,NDCINC,ECU,T5NPRAMA,,CO2e_CUT,1,2023,,,,,,-5.9683784487
EmissionActivityRatio,NDCINC,ECU,T5NPRAMA,,CO2e_CUT,1,2024,,,,,,-5.9683784487
EmissionActivityRatio,NDCINC,ECU,T5NPRAMA,,CO2e_CUT,1,2025,,,,,,-5.9683784487
EmissionActivityRatio,NDCINC,ECU,T5NPRAMA,,CO2e_CUT,1,2026,,,,,,-5.9683784487
EmissionActivityRatio,NDCINC,ECU,T5NPRAMA,,CO2e_CUT,1,2027,,,,,,-5.9683784487
EmissionActivityRatio,NDCINC,ECU,T5NPRAMA,,CO2e_CUT,1,2028,,,,,,-5.9683784487
EmissionActivityRatio,NDCINC,ECU,T5NPRAMA,,CO2e_CUT,1,2029,,,,,,-5.9683784487
EmissionActivityRatio,NDCINC,ECU,T5NPRAMA,,CO2e_CUT,1,2030,,,,,,-5.9683784487
EmissionActivityRatio,NDCINC,ECU,T5NPRAMA,,CO2e_CUT,1,2031,,,,,,-5.9683784487
EmissionActivityRatio,NDCINC,ECU,T5NPRAMA,,CO2e_CUT,1,2032,,,,,,-5.9683784487
EmissionActivityRatio,NDCINC,ECU,T5NPRAMA,,CO2e_CUT,1,2033,,,,,,-5.9683784487
EmissionActivityRatio,NDCINC,ECU,T5NPRAMA,,CO2e_CUT,1,2034,,,,,,-5.9683784487
EmissionActivityRatio,NDCINC,ECU,T5NPRAMA,,CO2e_CUT,1,2035,,,,,,-5.9683784487
EmissionActivityRatio,NDCINC,ECU,T5NPRCHO,,CO2e_CUT,1,2010,,,,,,-4.3845485828
EmissionActivityRatio,NDCINC,ECU,T5NPRCHO,,CO2e_CUT,1,2011,,,,,,-4.6308675958
EmissionActivityRatio,NDCINC,ECU,T5NPRCHO,,CO2e_CUT,1,2012,,,,,,-4.873594578
EmissionActivityRatio,NDCINC,ECU,T5NPRCHO,,CO2e_CUT,1,2013,,,,,,-5.0506399477
EmissionActivityRatio,NDCINC,ECU,T5NPRCHO,,CO2e_CUT,1,2014,,,,,,-5.2223303807
EmissionActivityRatio,NDCINC,ECU,T5NPRCHO,,CO2e_CUT,1,2015,,,,,,-5.3047664423
EmissionActivityRatio,NDCINC,ECU,T5NPRCHO,,CO2e_CUT,1,2016,,,,,,-5.3903939874
EmissionActivityRatio,NDCINC,ECU,T5NPRCHO,,CO2e_CUT,1,2017,,,,,,-5.4493034848
EmissionActivityRatio,NDCINC,ECU,T5NPRCHO,,CO2e_CUT,1,2018,,,,,,-5.5085392775
EmissionActivityRatio,NDCINC,ECU,T5NPRCHO,,CO2e_CUT,1,2019,,,,,,-5.3005748233
EmissionActivityRatio,NDCINC,ECU,T5NPRCHO,,CO2e_CUT,1,2020,,,,,,-5.2948301775
EmissionActivityRatio,NDCINC,ECU,T5NPRCHO,,CO2e_CUT,1,2021,,,,,,-5.1523710615
EmissionActivityRatio,NDCINC,ECU,T5NPRCHO,,CO2e_CUT,1,2022,,,,,,-5.1155756841
EmissionActivityRatio,NDCINC,ECU,T5NPRCHO,,CO2e_CUT,1,2023,,,,,,-5.129102771
EmissionActivityRatio,NDCINC,ECU,T5NPRCHO,,CO2e_CUT,1,2024,,,,,,-5.129102771
EmissionActivityRatio,NDCINC,ECU,T5NPRCHO,,CO2e_CUT,1,2025,,,,,,-5.129102771
EmissionActivityRatio,NDCINC,ECU,T5NPRCHO,,CO2e_CUT,1,2026,,,,,,-5.129102771
EmissionActivityRatio,NDCINC,ECU,T5NPRCHO,,CO2e_CUT,1,2027,,,,,,-5.129102771
EmissionActivityRatio,NDCINC,ECU,T5NPRCHO,,CO2e_CUT,1,2028,,,,,,-5.129102771
EmissionActivityRatio,NDCINC,ECU,T5NPRCHO,,CO2e_CUT,1,2029,,,,,,-5.129102771
EmissionActivityRatio,NDCINC,ECU,T5NPRCHO,,CO2e_CUT,1,2030,,,,,,-5.129102771
EmissionActivityRatio,NDCINC,ECU,T5NPRCHO,,CO2e_CUT,1,2031,,,,,,-5.129102771
EmissionActivityRatio,NDCINC,ECU,T5NPRCHO,,CO2e_CUT,1,2032,,,,,,-5.129102771
EmissionActivityRatio,NDCINC,ECU,T5NPRCHO,,CO2e_CUT,1,2033,,,,,,-5.129102771
EmissionActivityRatio,NDCINC,ECU,T5NPRCHO,,CO2e_CUT,1,2034,,,,,,-5.129102771
EmissionActivityRatio,NDCINC,ECU,T5NPRCHO,,CO2e_CUT,1,2035,,,,,,-5.129102771
EmissionActivityRatio,NDCINC,ECU,T5NPRMAN,,CO2e_CUT,1,2010,,,,,,-6.6244933333
EmissionActivityRatio,NDCINC,ECU,T5NPRMAN,,CO2e_CUT,1,2011,,,,,,-6.6244933333
EmissionActivityRatio,NDCINC,ECU,T5NPRMAN,,CO2e_CUT,1,2012,,,,,,-6.6244933333
EmissionActivityRatio,NDCINC,ECU,T5NPRMAN,,CO2e_CUT,1,2013,,,,,,-6.6244933333
EmissionActivityRatio,NDCINC,ECU,T5NPRMAN,,CO2e_CUT,1,2014,,,,,,-6.6244933333
EmissionActivityRatio,NDCINC,ECU,T5NPRMAN,,CO2e_CUT,1,2015,,,,,,-6.6244933333
EmissionActivityRatio,NDCINC,ECU,T5NPRMAN,,CO2e_CUT,1,2016,,,,,,-6.6244933333
EmissionActivityRatio,NDCINC,ECU,T5NPRMAN,,CO2e_CUT,1,2017,,,,,,-6.6244933333
EmissionActivityRatio,NDCINC,ECU,T5NPRMAN,,CO2e_CUT,1,2018,,,,,,-6.6244933333
EmissionActivityRatio,NDCINC,ECU,T5NPRMAN,,CO2e_CUT,1,2019,,,,,,-6.6244933333
EmissionActivityRatio,NDCINC,ECU,T5NPRMAN,,CO2e_CUT,1,2020,,,,,,-6.6244933333
EmissionActivityRatio,NDCINC,ECU,T5NPRMAN,,CO2e_CUT,1,2021,,,,,,-6.6244933333
EmissionActivityRatio,NDCINC,ECU,T5NPRMAN,,CO2e_CUT,1,2022,,,,,,-6.6244933333
EmissionActivityRatio,NDCINC,ECU,T5NPRMAN,,CO2e_CUT,1,2023,,,,,,-6.6244933333
EmissionActivityRatio,NDCINC,ECU,T5NPRMAN,,CO2e_CUT,1,2024,,,,,,-6.6244933333
EmissionActivityRatio,NDCINC,ECU,T5NPRMAN,,CO2e_CUT,1,2025,,,,,,-6.6244933333
EmissionActivityRatio,NDCINC,ECU,T5NPRMAN,,CO2e_CUT,1,2026,,,,,,-6.6244933333
EmissionActivityRatio,NDCINC,ECU,T5NPRMAN,,CO2e_CUT,1,2027,,,,,,-6.6244933333
EmissionActivityRatio,NDCINC,ECU,T5NPRMAN,,CO2e_CUT,1,2028,,,,,,-6.6244933333
EmissionActivityRatio,NDCINC,ECU,T5NPRMAN,,CO2e_CUT,1,2029,,,,,,-6.6244933333
EmissionActivityRatio,NDCINC,ECU,T5NPRMAN,,CO2e_CUT,1,2030,,,,,,-6.6244933333
EmissionActivityRatio,NDCINC,ECU,T5NPRMAN,,CO2e_CUT,1,2031,,,,,,-6.6244933333
EmissionActivityRatio,NDCINC,ECU,T5NPRMAN,,CO2e_CUT,1,2032,,,,,,-6.6244933333
EmissionActivityRatio,NDCINC,ECU,T5NPRMAN,,CO2e_CUT,1,2033,,,,,,-6.6244933333
EmissionActivityRatio,NDCINC,ECU,T5NPRMAN,,CO2e_CUT,1,2034,,,,,,-6.6244933333
EmissionActivityRatio,NDCINC,ECU,T5NPRMAN,,CO2e_CUT,1,2035,,,,,,-6.6244933333
EmissionActivityRatio,NDCINC,ECU,T5NPRMOR,,CO2e_CUT,1,2010,,,,,,-6.4927068279
EmissionActivityRatio,NDCINC,ECU,T5NPRMOR,,CO2e_CUT,1,2011,,,,,,-6.4972353996
EmissionActivityRatio,NDCINC,ECU,T5NPRMOR,,CO2e_CUT,1,2012,,,,,,-6.501733951
EmissionActivityRatio,NDCINC,ECU,T5NPRMOR,,CO2e_CUT,1,2013,,,,,,-6.5059330492
EmissionActivityRatio,NDCINC,ECU,T5NPRMOR,,CO2e_CUT,1,2014,,,,,,-6.5099963667
EmissionActivityRatio,NDCINC,ECU,T5NPRMOR,,CO2e_CUT,1,2015,,,,,,-6.5180403865
EmissionActivityRatio,NDCINC,ECU,T5NPRMOR,,CO2e_CUT,1,2016,,,,,,-6.5257226394
EmissionActivityRatio,NDCINC,ECU,T5NPRMOR,,CO2e_CUT,1,2017,,,,,,-6.5285831929
EmissionActivityRatio,NDCINC,ECU,T5NPRMOR,,CO2e_CUT,1,2018,,,,,,-6.5314039382
EmissionActivityRatio,NDCINC,ECU,T5NPRMOR,,CO2e_CUT,1,2019,,,,,,-6.541704168
EmissionActivityRatio,NDCINC,ECU,T5NPRMOR,,CO2e_CUT,1,2020,,,,,,-6.5460666941
EmissionActivityRatio,NDCINC,ECU,T5NPRMOR,,CO2e_CUT,1,2021,,,,,,-6.5429968346
EmissionActivityRatio,NDCINC,ECU,T5NPRMOR,,CO2e_CUT,1,2022,,,,,,-6.5477969542
EmissionActivityRatio,NDCINC,ECU,T5NPRMOR,,CO2e_CUT,1,2023,,,,,,-6.5223015694
EmissionActivityRatio,NDCINC,ECU,T5NPRMOR,,CO2e_CUT,1,2024,,,,,,-6.5223015694
EmissionActivityRatio,NDCINC,ECU,T5NPRMOR,,CO2e_CUT,1,2025,,,,,,-6.5223015694
EmissionActivityRatio,NDCINC,ECU,T5NPRMOR,,CO2e_CUT,1,2026,,,,,,-6.5223015694
EmissionActivityRatio,NDCINC,ECU,T5NPRMOR,,CO2e_CUT,1,2027,,,,,,-6.5223015694
EmissionActivityRatio,NDCINC,ECU,T5NPRMOR,,CO2e_CUT,1,2028,,,,,,-6.5223015694
EmissionActivityRatio,NDCINC,ECU,T5NPRMOR,,CO2e_CUT,1,2029,,,,,,-6.5223015694
EmissionActivityRatio,NDCINC,ECU,T5NPRMOR,,CO2e_CUT,1,2030,,,,,,-6.5223015694
EmissionActivityRatio,NDCINC,ECU,T5NPRMOR,,CO2e_CUT,1,2031,,,,,,-6.5223015694
EmissionActivityRatio,NDCINC,ECU,T5NPRMOR,,CO2e_CUT,1,2032,,,,,,-6.5223015694
EmissionActivityRatio,NDCINC,ECU,T5NPRMOR,,CO2e_CUT,1,2033,,,,,,-6.5223015694
EmissionActivityRatio,NDCINC,ECU,T5NPRMOR,,CO2e_CUT,1,2034,,,,,,-6.5223015694
EmissionActivityRatio,NDCINC,ECU,T5NPRMOR,,CO2e_CUT,1,2035,,,,,,-6.5223015694
EmissionActivityRatio,NDCINC,ECU,T5NPRPFO,,CO2e_CUT,1,2010,,,,,,55.8288766939
EmissionActivityRatio,NDCINC,ECU,T5NPRPFO,,CO2e_CUT,1,2011,,,,,,68.1653898554
EmissionActivityRatio,NDCINC,ECU,T5NPRPFO,,CO2e_CUT,1,2012,,,,,,80.501903017
EmissionActivityRatio,NDCINC,ECU,T5NPRPFO,,CO2e_CUT,1,2013,,,,,,93.0681664452
EmissionActivityRatio,NDCINC,ECU,T5NPRPFO,,CO2e_CUT,1,2014,,,,,,105.6344298734
EmissionActivityRatio,NDCINC,ECU,T5NPRPFO,,CO2e_CUT,1,2015,,,,,,71.0105334267
EmissionActivityRatio,NDCINC,ECU,T5NPRPFO,,CO2e_CUT,1,2016,,,,,,58.6092309704
EmissionActivityRatio,NDCINC,ECU,T5NPRPFO,,CO2e_CUT,1,2017,,,,,,56.1529480451
EmissionActivityRatio,NDCINC,ECU,T5NPRPFO,,CO2e_CUT,1,2018,,,,,,53.4471761164
EmissionActivityRatio,NDCINC,ECU,T5NPRPFO,,CO2e_CUT,1,2019,,,,,,46.3739939908
EmissionActivityRatio,NDCINC,ECU,T5NPRPFO,,CO2e_CUT,1,2020,,,,,,52.9882927308
EmissionActivityRatio,NDCINC,ECU,T5NPRPFO,,CO2e_CUT,1,2021,,,,,,64.4651146807
EmissionActivityRatio,NDCINC,ECU,T5NPRPFO,,CO2e_CUT,1,2022,,,,,,75.7839624573
EmissionActivityRatio,NDCINC,ECU,T5NPRPFO,,CO2e_CUT,1,2023,,,,,,67.8484629464
EmissionActivityRatio,NDCINC,ECU,T5NPRPFO,,CO2e_CUT,1,2024,,,,,,67.8484629464
EmissionActivityRatio,NDCINC,ECU,T5NPRPFO,,CO2e_CUT,1,2025,,,,,,67.8484629464
EmissionActivityRatio,NDCINC,ECU,T5NPRPFO,,CO2e_CUT,1,2026,,,,,,67.8484629464
EmissionActivityRatio,NDCINC,ECU,T5NPRPFO,,CO2e_CUT,1,2027,,,,,,67.8484629464
EmissionActivityRatio,NDCINC,ECU,T5NPRPFO,,CO2e_CUT,1,2028,,,,,,67.8484629464
EmissionActivityRatio,NDCINC,ECU,T5NPRPFO,,CO2e_CUT,1,2029,,,,,,67.8484629464
EmissionActivityRatio,NDCINC,ECU,T5NPRPFO,,CO2e_CUT,1,2030,,,,,,67.8484629464
EmissionActivityRatio,NDCINC,ECU,T5NPRPFO,,CO2e_CUT,1,2031,,,,,,67.8484629464
EmissionActivityRatio,NDCINC,ECU,T5NPRPFO,,CO2e_CUT,1,2032,,,,,,67.8484629464
EmissionActivityRatio,NDCINC,ECU,T5NPRPFO,,CO2e_CUT,1,2033,,,,,,67.8484629464
EmissionActivityRatio,NDCINC,ECU,T5NPRPFO,,CO2e_CUT,1,2034,,,,,,67.8484629464
EmissionActivityRatio,NDCINC,ECU,T5NPRPFO,,CO2e_CUT,1,2035,,,,,,67.8484629464
EmissionActivityRatio,NDCINC,ECU,SUPCAMCROAND,,CO2e_CUT,1,2010,,,,,,-0.0211981917
EmissionActivityRatio,NDCINC,ECU,SUPCAMCROAND,,CO2e_CUT,1,2011,,,,,,-0.0211981917
EmissionActivityRatio,NDCINC,ECU,SUPCAMCROAND,,CO2e_CUT,1,2012,,,,,,-0.0211981917
EmissionActivityRatio,NDCINC,ECU,SUPCAMCROAND,,CO2e_CUT,1,2013,,,,,,-0.0211981917
EmissionActivityRatio,NDCINC,ECU,SUPCAMCROAND,,CO2e_CUT,1,2014,,,,,,-0.0211981917
EmissionActivityRatio,NDCINC,ECU,SUPCAMCROAND,,CO2e_CUT,1,2015,,,,,,-0.0211981917
EmissionActivityRatio,NDCINC,ECU,SUPCAMCROAND,,CO2e_CUT,1,2016,,,,,,-0.0211981917
EmissionActivityRatio,NDCINC,ECU,SUPCAMCROAND,,CO2e_CUT,1,2017,,,,,,-0.0211981917
EmissionActivityRatio,NDCINC,ECU,SUPCAMCROAND,,CO2e_CUT,1,2018,,,,,,-0.0211981917
EmissionActivityRatio,NDCINC,ECU,SUPCAMCROAND,,CO2e_CUT,1,2019,,,,,,-0.0211981917
EmissionActivityRatio,NDCINC,ECU,SUPCAMCROAND,,CO2e_CUT,1,2020,,,,,,-0.0211981917
EmissionActivityRatio,NDCINC,ECU,SUPCAMCROAND,,CO2e_CUT,1,2021,,,,,,-0.0211981917
EmissionActivityRatio,NDCINC,ECU,SUPCAMCROAND,,CO2e_CUT,1,2022,,,,,,-0.0211981917
EmissionActivityRatio,NDCINC,ECU,SUPCAMCROAND,,CO2e_CUT,1,2023,,,,,,-0.0211981917
EmissionActivityRatio,NDCINC,ECU,SUPCAMCROAND,,CO2e_CUT,1,2024,,,,,,-0.0211981917
EmissionActivityRatio,NDCINC,ECU,SUPCAMCROAND,,CO2e_CUT,1,2025,,,,,,-0.0211981917
EmissionActivityRatio,NDCINC,ECU,SUPCAMCROAND,,CO2e_CUT,1,2026,,,,,,-0.0211981917
EmissionActivityRatio,NDCINC,ECU,SUPCAMCROAND,,CO2e_CUT,1,2027,,,,,,-0.0211981917
EmissionActivityRatio,NDCINC,ECU,SUPCAMCROAND,,CO2e_CUT,1,2028,,,,,,-0.0211981917
EmissionActivityRatio,NDCINC,ECU,SUPCAMCROAND,,CO2e_CUT,1,2029,,,,,,-0.0211981917
EmissionActivityRatio,NDCINC,ECU,SUPCAMCROAND,,CO2e_CUT,1,2030,,,,,,-0.0211981917
EmissionActivityRatio,NDCINC,ECU,SUPCAMCROAND,,CO2e_CUT,1,2031,,,,,,-0.0211981917
EmissionActivityRatio,NDCINC,ECU,SUPCAMCROAND,,CO2e_CUT,1,2032,,,,,,-0.0211981917
EmissionActivityRatio,NDCINC,ECU,SUPCAMCROAND,,CO2e_CUT,1,2033,,,,,,-0.0211981917
EmissionActivityRatio,NDCINC,ECU,SUPCAMCROAND,,CO2e_CUT,1,2034,,,,,,-0.0211981917
EmissionActivityRatio,NDCINC,ECU,SUPCAMCROAND,,CO2e_CUT,1,2035,,,,,,-0.0211981917
EmissionActivityRatio,NDCINC,ECU,SUPCAMCROPLU,,CO2e_CUT,1,2010,,,,,,-21.1981916667
EmissionActivityRatio,NDCINC,ECU,SUPCAMCROPLU,,CO2e_CUT,1,2011,,,,,,-21.1981916667
EmissionActivityRatio,NDCINC,ECU,SUPCAMCROPLU,,CO2e_CUT,1,2012,,,,,,-21.1981916667
EmissionActivityRatio,NDCINC,ECU,SUPCAMCROPLU,,CO2e_CUT,1,2013,,,,,,-21.1981916667
EmissionActivityRatio,NDCINC,ECU,SUPCAMCROPLU,,CO2e_CUT,1,2014,,,,,,-21.1981916667
EmissionActivityRatio,NDCINC,ECU,SUPCAMCROPLU,,CO2e_CUT,1,2015,,,,,,-21.1981916667
EmissionActivityRatio,NDCINC,ECU,SUPCAMCROPLU,,CO2e_CUT,1,2016,,,,,,-21.1981916667
EmissionActivityRatio,NDCINC,ECU,SUPCAMCROPLU,,CO2e_CUT,1,2017,,,,,,-21.1981916667
EmissionActivityRatio,NDCINC,ECU,SUPCAMCROPLU,,CO2e_CUT,1,2018,,,,,,-21.1981916667
EmissionActivityRatio,NDCINC,ECU,SUPCAMCROPLU,,CO2e_CUT,1,2019,,,,,,-21.1981916667
EmissionActivityRatio,NDCINC,ECU,SUPCAMCROPLU,,CO2e_CUT,1,2020,,,,,,-21.1981916667
EmissionActivityRatio,NDCINC,ECU,SUPCAMCROPLU,,CO2e_CUT,1,2021,,,,,,-21.1981916667
EmissionActivityRatio,NDCINC,ECU,SUPCAMCROPLU,,CO2e_CUT,1,2022,,,,,,-21.1981916667
EmissionActivityRatio,NDCINC,ECU,SUPCAMCROPLU,,CO2e_CUT,1,2023,,,,,,-21.1981916667
EmissionActivityRatio,NDCINC,ECU,SUPCAMCROPLU,,CO2e_CUT,1,2024,,,,,,-21.1981916667
EmissionActivityRatio,NDCINC,ECU,SUPCAMCROPLU,,CO2e_CUT,1,2025,,,,,,-21.1981916667
EmissionActivityRatio,NDCINC,ECU,SUPCAMCROPLU,,CO2e_CUT,1,2026,,,,,,-21.1981916667
EmissionActivityRatio,NDCINC,ECU,SUPCAMCROPLU,,CO2e_CUT,1,2027,,,,,,-21.1981916667
EmissionActivityRatio,NDCINC,ECU,SUPCAMCROPLU,,CO2e_CUT,1,2028,,,,,,-21.1981916667
EmissionActivityRatio,NDCINC,ECU,SUPCAMCROPLU,,CO2e_CUT,1,2029,,,,,,-21.1981916667
EmissionActivityRatio,NDCINC,ECU,SUPCAMCROPLU,,CO2e_CUT,1,2030,,,,,,-21.1981916667
EmissionActivityRatio,NDCINC,ECU,SUPCAMCROPLU,,CO2e_CUT,1,2031,,,,,,-21.1981916667
EmissionActivityRatio,NDCINC,ECU,SUPCAMCROPLU,,CO2e_CUT,1,2032,,,,,,-21.1981916667
EmissionActivityRatio,NDCINC,ECU,SUPCAMCROPLU,,CO2e_CUT,1,2033,,,,,,-21.1981916667
EmissionActivityRatio,NDCINC,ECU,SUPCAMCROPLU,,CO2e_CUT,1,2034,,,,,,-21.1981916667
EmissionActivityRatio,NDCINC,ECU,SUPCAMCROPLU,,CO2e_CUT,1,2035,,,,,,-21.1981916667
EmissionActivityRatio,NDCINC,ECU,SUPCAMCROMON,,CO2e_CUT,1,2010,,,,,,-21.1981916667
EmissionActivityRatio,NDCINC,ECU,SUPCAMCROMON,,CO2e_CUT,1,2011,,,,,,-21.1981916667
EmissionActivityRatio,NDCINC,ECU,SUPCAMCROMON,,CO2e_CUT,1,2012,,,,,,-21.1981916667
EmissionActivityRatio,NDCINC,ECU,SUPCAMCROMON,,CO2e_CUT,1,2013,,,,,,-21.1981916667
EmissionActivityRatio,NDCINC,ECU,SUPCAMCROMON,,CO2e_CUT,1,2014,,,,,,-21.1981916667
EmissionActivityRatio,NDCINC,ECU,SUPCAMCROMON,,CO2e_CUT,1,2015,,,,,,-21.1981916667
EmissionActivityRatio,NDCINC,ECU,SUPCAMCROMON,,CO2e_CUT,1,2016,,,,,,-21.1981916667
EmissionActivityRatio,NDCINC,ECU,SUPCAMCROMON,,CO2e_CUT,1,2017,,,,,,-21.1981916667
EmissionActivityRatio,NDCINC,ECU,SUPCAMCROMON,,CO2e_CUT,1,2018,,,,,,-21.1981916667
EmissionActivityRatio,NDCINC,ECU,SUPCAMCROMON,,CO2e_CUT,1,2019,,,,,,-21.1981916667
EmissionActivityRatio,NDCINC,ECU,SUPCAMCROMON,,CO2e_CUT,1,2020,,,,,,-21.1981916667
EmissionActivityRatio,NDCINC,ECU,SUPCAMCROMON,,CO2e_CUT,1,2021,,,,,,-21.1981916667
EmissionActivityRatio,NDCINC,ECU,SUPCAMCROMON,,CO2e_CUT,1,2022,,,,,,-21.1981916667
EmissionActivityRatio,NDCINC,ECU,SUPCAMCROMON,,CO2e_CUT,1,2023,,,,,,-21.1981916667
EmissionActivityRatio,NDCINC,ECU,SUPCAMCROMON,,CO2e_CUT,1,2024,,,,,,-21.1981916667
EmissionActivityRatio,NDCINC,ECU,SUPCAMCROMON,,CO2e_CUT,1,2025,,,,,,-21.1981916667
EmissionActivityRatio,NDCINC,ECU,SUPCAMCROMON,,CO2e_CUT,1,2026,,,,,,-21.1981916667
EmissionActivityRatio,NDCINC,ECU,SUPCAMCROMON,,CO2e_CUT,1,2027,,,,,,-21.1981916667
EmissionActivityRatio,NDCINC,ECU,SUPCAMCROMON,,CO2e_CUT,1,2028,,,,,,-21.1981916667
EmissionActivityRatio,NDCINC,ECU,SUPCAMCROMON,,CO2e_CUT,1,2029,,,,,,-21.1981916667
EmissionActivityRatio,NDCINC,ECU,SUPCAMCROMON,,CO2e_CUT,1,2030,,,,,,-21.1981916667
EmissionActivityRatio,NDCINC,ECU,SUPCAMCROMON,,CO2e_CUT,1,2031,,,,,,-21.1981916667
EmissionActivityRatio,NDCINC,ECU,SUPCAMCROMON,,CO2e_CUT,1,2032,,,,,,-21.1981916667
EmissionActivityRatio,NDCINC,ECU,SUPCAMCROMON,,CO2e_CUT,1,2033,,,,,,-21.1981916667
EmissionActivityRatio,NDCINC,ECU,SUPCAMCROMON,,CO2e_CUT,1,2034,,,,,,-21.1981916667
EmissionActivityRatio,NDCINC,ECU,SUPCAMCROMON,,CO2e_CUT,1,2035,,,,,,-21.1981916667
EmissionActivityRatio,NDCINC,ECU,SUPCAMCROPIE,,CO2e_CUT,1,2010,,,,,,-21.1981916667
EmissionActivityRatio,NDCINC,ECU,SUPCAMCROPIE,,CO2e_CUT,1,2011,,,,,,-21.1981916667
EmissionActivityRatio,NDCINC,ECU,SUPCAMCROPIE,,CO2e_CUT,1,2012,,,,,,-21.1981916667
EmissionActivityRatio,NDCINC,ECU,SUPCAMCROPIE,,CO2e_CUT,1,2013,,,,,,-21.1981916667
EmissionActivityRatio,NDCINC,ECU,SUPCAMCROPIE,,CO2e_CUT,1,2014,,,,,,-21.1981916667
EmissionActivityRatio,NDCINC,ECU,SUPCAMCROPIE,,CO2e_CUT,1,2015,,,,,,-21.1981916667
EmissionActivityRatio,NDCINC,ECU,SUPCAMCROPIE,,CO2e_CUT,1,2016,,,,,,-21.1981916667
EmissionActivityRatio,NDCINC,ECU,SUPCAMCROPIE,,CO2e_CUT,1,2017,,,,,,-21.1981916667
EmissionActivityRatio,NDCINC,ECU,SUPCAMCROPIE,,CO2e_CUT,1,2018,,,,,,-21.1981916667
EmissionActivityRatio,NDCINC,ECU,SUPCAMCROPIE,,CO2e_CUT,1,2019,,,,,,-21.1981916667
EmissionActivityRatio,NDCINC,ECU,SUPCAMCROPIE,,CO2e_CUT,1,2020,,,,,,-21.1981916667
EmissionActivityRatio,NDCINC,ECU,SUPCAMCROPIE,,CO2e_CUT,1,2021,,,,,,-21.1981916667
EmissionActivityRatio,NDCINC,ECU,SUPCAMCROPIE,,CO2e_CUT,1,2022,,,,,,-21.1981916667
EmissionActivityRatio,NDCINC,ECU,SUPCAMCROPIE,,CO2e_CUT,1,2023,,,,,,-21.1981916667
EmissionActivityRatio,NDCINC,ECU,SUPCAMCROPIE,,CO2e_CUT,1,2024,,,,,,-21.1981916667
EmissionActivityRatio,NDCINC,ECU,SUPCAMCROPIE,,CO2e_CUT,1,2025,,,,,,-21.1981916667
EmissionActivityRatio,NDCINC,ECU,SUPCAMCROPIE,,CO2e_CUT,1,2026,,,,,,-21.1981916667
EmissionActivityRatio,NDCINC,ECU,SUPCAMCROPIE,,CO2e_CUT,1,2027,,,,,,-21.1981916667
EmissionActivityRatio,NDCINC,ECU,SUPCAMCROPIE,,CO2e_CUT,1,2028,,,,,,-21.1981916667
EmissionActivityRatio,NDCINC,ECU,SUPCAMCROPIE,,CO2e_CUT,1,2029,,,,,,-21.1981916667
EmissionActivityRatio,NDCINC,ECU,SUPCAMCROPIE,,CO2e_CUT,1,2030,,,,,,-21.1981916667
EmissionActivityRatio,NDCINC,ECU,SUPCAMCROPIE,,CO2e_CUT,1,2031,,,,,,-21.1981916667
EmissionActivityRatio,NDCINC,ECU,SUPCAMCROPIE,,CO2e_CUT,1,2032,,,,,,-21.1981916667
EmissionActivityRatio,NDCINC,ECU,SUPCAMCROPIE,,CO2e_CUT,1,2033,,,,,,-21.1981916667
EmissionActivityRatio,NDCINC,ECU,SUPCAMCROPIE,,CO2e_CUT,1,2034,,,,,,-21.1981916667
EmissionActivityRatio,NDCINC,ECU,SUPCAMCROPIE,,CO2e_CUT,1,2035,,,,,,-21.1981916667
EmissionActivityRatio,NDCINC,ECU,SUPCAMCROCEJ,,CO2e_CUT,1,2010,,,,,,-21.1981916667
EmissionActivityRatio,NDCINC,ECU,SUPCAMCROCEJ,,CO2e_CUT,1,2011,,,,,,-21.1981916667
EmissionActivityRatio,NDCINC,ECU,SUPCAMCROCEJ,,CO2e_CUT,1,2012,,,,,,-21.1981916667
EmissionActivityRatio,NDCINC,ECU,SUPCAMCROCEJ,,CO2e_CUT,1,2013,,,,,,-21.1981916667
EmissionActivityRatio,NDCINC,ECU,SUPCAMCROCEJ,,CO2e_CUT,1,2014,,,,,,-21.1981916667
EmissionActivityRatio,NDCINC,ECU,SUPCAMCROCEJ,,CO2e_CUT,1,2015,,,,,,-21.1981916667
EmissionActivityRatio,NDCINC,ECU,SUPCAMCROCEJ,,CO2e_CUT,1,2016,,,,,,-21.1981916667
EmissionActivityRatio,NDCINC,ECU,SUPCAMCROCEJ,,CO2e_CUT,1,2017,,,,,,-21.1981916667
EmissionActivityRatio,NDCINC,ECU,SUPCAMCROCEJ,,CO2e_CUT,1,2018,,,,,,-21.1981916667
EmissionActivityRatio,NDCINC,ECU,SUPCAMCROCEJ,,CO2e_CUT,1,2019,,,,,,-21.1981916667
EmissionActivityRatio,NDCINC,ECU,SUPCAMCROCEJ,,CO2e_CUT,1,2020,,,,,,-21.1981916667
EmissionActivityRatio,NDCINC,ECU,SUPCAMCROCEJ,,CO2e_CUT,1,2021,,,,,,-21.1981916667
EmissionActivityRatio,NDCINC,ECU,SUPCAMCROCEJ,,CO2e_CUT,1,2022,,,,,,-21.1981916667
EmissionActivityRatio,NDCINC,ECU,SUPCAMCROCEJ,,CO2e_CUT,1,2023,,,,,,-21.1981916667
EmissionActivityRatio,NDCINC,ECU,SUPCAMCROCEJ,,CO2e_CUT,1,2024,,,,,,-21.1981916667
EmissionActivityRatio,NDCINC,ECU,SUPCAMCROCEJ,,CO2e_CUT,1,2025,,,,,,-21.1981916667
EmissionActivityRatio,NDCINC,ECU,SUPCAMCROCEJ,,CO2e_CUT,1,2026,,,,,,-21.1981916667
EmissionActivityRatio,NDCINC,ECU,SUPCAMCROCEJ,,CO2e_CUT,1,2027,,,,,,-21.1981916667
EmissionActivityRatio,NDCINC,ECU,SUPCAMCROCEJ,,CO2e_CUT,1,2028,,,,,,-21.1981916667
EmissionActivityRatio,NDCINC,ECU,SUPCAMCROCEJ,,CO2e_CUT,1,2029,,,,,,-21.1981916667
EmissionActivityRatio,NDCINC,ECU,SUPCAMCROCEJ,,CO2e_CUT,1,2030,,,,,,-21.1981916667
EmissionActivityRatio,NDCINC,ECU,SUPCAMCROCEJ,,CO2e_CUT,1,2031,,,,,,-21.1981916667
EmissionActivityRatio,NDCINC,ECU,SUPCAMCROCEJ,,CO2e_CUT,1,2032,,,,,,-21.1981916667
EmissionActivityRatio,NDCINC,ECU,SUPCAMCROCEJ,,CO2e_CUT,1,2033,,,,,,-21.1981916667
EmissionActivityRatio,NDCINC,ECU,SUPCAMCROCEJ,,CO2e_CUT,1,2034,,,,,,-21.1981916667
EmissionActivityRatio,NDCINC,ECU,SUPCAMCROCEJ,,CO2e_CUT,1,2035,,,,,,-21.1981916667
EmissionActivityRatio,NDCINC,ECU,SUPCAMCROAMA,,CO2e_CUT,1,2010,,,,,,-21.1981916667
EmissionActivityRatio,NDCINC,ECU,SUPCAMCROAMA,,CO2e_CUT,1,2011,,,,,,-21.1981916667
EmissionActivityRatio,NDCINC,ECU,SUPCAMCROAMA,,CO2e_CUT,1,2012,,,,,,-21.1981916667
EmissionActivityRatio,NDCINC,ECU,SUPCAMCROAMA,,CO2e_CUT,1,2013,,,,,,-21.1981916667
EmissionActivityRatio,NDCINC,ECU,SUPCAMCROAMA,,CO2e_CUT,1,2014,,,,,,-21.1981916667
EmissionActivityRatio,NDCINC,ECU,SUPCAMCROAMA,,CO2e_CUT,1,2015,,,,,,-21.1981916667
EmissionActivityRatio,NDCINC,ECU,SUPCAMCROAMA,,CO2e_CUT,1,2016,,,,,,-21.1981916667
EmissionActivityRatio,NDCINC,ECU,SUPCAMCROAMA,,CO2e_CUT,1,2017,,,,,,-21.1981916667
EmissionActivityRatio,NDCINC,ECU,SUPCAMCROAMA,,CO2e_CUT,1,2018,,,,,,-21.1981916667
EmissionActivityRatio,NDCINC,ECU,SUPCAMCROAMA,,CO2e_CUT,1,2019,,,,,,-21.1981916667
EmissionActivityRatio,NDCINC,ECU,SUPCAMCROAMA,,CO2e_CUT,1,2020,,,,,,-21.1981916667
EmissionActivityRatio,NDCINC,ECU,SUPCAMCROAMA,,CO2e_CUT,1,2021,,,,,,-21.1981916667
EmissionActivityRatio,NDCINC,ECU,SUPCAMCROAMA,,CO2e_CUT,1,2022,,,,,,-21.1981916667
EmissionActivityRatio,NDCINC,ECU,SUPCAMCROAMA,,CO2e_CUT,1,2023,,,,,,-21.1981916667
EmissionActivityRatio,NDCINC,ECU,SUPCAMCROAMA,,CO2e_CUT,1,2024,,,,,,-21.1981916667
EmissionActivityRatio,NDCINC,ECU,SUPCAMCROAMA,,CO2e_CUT,1,2025,,,,,,-21.1981916667
EmissionActivityRatio,NDCINC,ECU,SUPCAMCROAMA,,CO2e_CUT,1,2026,,,,,,-21.1981916667
EmissionActivityRatio,NDCINC,ECU,SUPCAMCROAMA,,CO2e_CUT,1,2027,,,,,,-21.1981916667
EmissionActivityRatio,NDCINC,ECU,SUPCAMCROAMA,,CO2e_CUT,1,2028,,,,,,-21.1981916667
EmissionActivityRatio,NDCINC,ECU,SUPCAMCROAMA,,CO2e_CUT,1,2029,,,,,,-21.1981916667
EmissionActivityRatio,NDCINC,ECU,SUPCAMCROAMA,,CO2e_CUT,1,2030,,,,,,-21.1981916667
EmissionActivityRatio,NDCINC,ECU,SUPCAMCROAMA,,CO2e_CUT,1,2031,,,,,,-21.1981916667
EmissionActivityRatio,NDCINC,ECU,SUPCAMCROAMA,,CO2e_CUT,1,2032,,,,,,-21.1981916667
EmissionActivityRatio,NDCINC,ECU,SUPCAMCROAMA,,CO2e_CUT,1,2033,,,,,,-21.1981916667
EmissionActivityRatio,NDCINC,ECU,SUPCAMCROAMA,,CO2e_CUT,1,2034,,,,,,-21.1981916667
EmissionActivityRatio,NDCINC,ECU,SUPCAMCROAMA,,CO2e_CUT,1,2035,,,,,,-21.1981916667
EmissionActivityRatio,NDCINC,ECU,SUPCAMCROCHO,,CO2e_CUT,1,2010,,,,,,-21.1981916667
EmissionActivityRatio,NDCINC,ECU,SUPCAMCROCHO,,CO2e_CUT,1,2011,,,,,,-21.1981916667
EmissionActivityRatio,NDCINC,ECU,SUPCAMCROCHO,,CO2e_CUT,1,2012,,,,,,-21.1981916667
EmissionActivityRatio,NDCINC,ECU,SUPCAMCROCHO,,CO2e_CUT,1,2013,,,,,,-21.1981916667
EmissionActivityRatio,NDCINC,ECU,SUPCAMCROCHO,,CO2e_CUT,1,2014,,,,,,-21.1981916667
EmissionActivityRatio,NDCINC,ECU,SUPCAMCROCHO,,CO2e_CUT,1,2015,,,,,,-21.1981916667
EmissionActivityRatio,NDCINC,ECU,SUPCAMCROCHO,,CO2e_CUT,1,2016,,,,,,-21.1981916667
EmissionActivityRatio,NDCINC,ECU,SUPCAMCROCHO,,CO2e_CUT,1,2017,,,,,,-21.1981916667
EmissionActivityRatio,NDCINC,ECU,SUPCAMCROCHO,,CO2e_CUT,1,2018,,,,,,-21.1981916667
EmissionActivityRatio,NDCINC,ECU,SUPCAMCROCHO,,CO2e_CUT,1,2019,,,,,,-21.1981916667
EmissionActivityRatio,NDCINC,ECU,SUPCAMCROCHO,,CO2e_CUT,1,2020,,,,,,-21.1981916667
EmissionActivityRatio,NDCINC,ECU,SUPCAMCROCHO,,CO2e_CUT,1,2021,,,,,,-21.1981916667
EmissionActivityRatio,NDCINC,ECU,SUPCAMCROCHO,,CO2e_CUT,1,2022,,,,,,-21.1981916667
EmissionActivityRatio,NDCINC,ECU,SUPCAMCROCHO,,CO2e_CUT,1,2023,,,,,,-21.1981916667
EmissionActivityRatio,NDCINC,ECU,SUPCAMCROCHO,,CO2e_CUT,1,2024,,,,,,-21.1981916667
EmissionActivityRatio,NDCINC,ECU,SUPCAMCROCHO,,CO2e_CUT,1,2025,,,,,,-21.1981916667
EmissionActivityRatio,NDCINC,ECU,SUPCAMCROCHO,,CO2e_CUT,1,2026,,,,,,-21.1981916667
EmissionActivityRatio,NDCINC,ECU,SUPCAMCROCHO,,CO2e_CUT,1,2027,,,,,,-21.1981916667
EmissionActivityRatio,NDCINC,ECU,SUPCAMCROCHO,,CO2e_CUT,1,2028,,,,,,-21.1981916667
EmissionActivityRatio,NDCINC,ECU,SUPCAMCROCHO,,CO2e_CUT,1,2029,,,,,,-21.1981916667
EmissionActivityRatio,NDCINC,ECU,SUPCAMCROCHO,,CO2e_CUT,1,2030,,,,,,-21.1981916667
EmissionActivityRatio,NDCINC,ECU,SUPCAMCROCHO,,CO2e_CUT,1,2031,,,,,,-21.1981916667
EmissionActivityRatio,NDCINC,ECU,SUPCAMCROCHO,,CO2e_CUT,1,2032,,,,,,-21.1981916667
EmissionActivityRatio,NDCINC,ECU,SUPCAMCROCHO,,CO2e_CUT,1,2033,,,,,,-21.1981916667
EmissionActivityRatio,NDCINC,ECU,SUPCAMCROCHO,,CO2e_CUT,1,2034,,,,,,-21.1981916667
EmissionActivityRatio,NDCINC,ECU,SUPCAMCROCHO,,CO2e_CUT,1,2035,,,,,,-21.1981916667
EmissionActivityRatio,NDCINC,ECU,SUPCAMCROMAN,,CO2e_CUT,1,2010,,,,,,-0.0211981917
EmissionActivityRatio,NDCINC,ECU,SUPCAMCROMAN,,CO2e_CUT,1,2011,,,,,,-0.0211981917
EmissionActivityRatio,NDCINC,ECU,SUPCAMCROMAN,,CO2e_CUT,1,2012,,,,,,-0.0211981917
EmissionActivityRatio,NDCINC,ECU,SUPCAMCROMAN,,CO2e_CUT,1,2013,,,,,,-0.0211981917
EmissionActivityRatio,NDCINC,ECU,SUPCAMCROMAN,,CO2e_CUT,1,2014,,,,,,-0.0211981917
EmissionActivityRatio,NDCINC,ECU,SUPCAMCROMAN,,CO2e_CUT,1,2015,,,,,,-0.0211981917
EmissionActivityRatio,NDCINC,ECU,SUPCAMCROMAN,,CO2e_CUT,1,2016,,,,,,-0.0211981917
EmissionActivityRatio,NDCINC,ECU,SUPCAMCROMAN,,CO2e_CUT,1,2017,,,,,,-0.0211981917
EmissionActivityRatio,NDCINC,ECU,SUPCAMCROMAN,,CO2e_CUT,1,2018,,,,,,-0.0211981917
EmissionActivityRatio,NDCINC,ECU,SUPCAMCROMAN,,CO2e_CUT,1,2019,,,,,,-0.0211981917
EmissionActivityRatio,NDCINC,ECU,SUPCAMCROMAN,,CO2e_CUT,1,2020,,,,,,-0.0211981917
EmissionActivityRatio,NDCINC,ECU,SUPCAMCROMAN,,CO2e_CUT,1,2021,,,,,,-0.0211981917
EmissionActivityRatio,NDCINC,ECU,SUPCAMCROMAN,,CO2e_CUT,1,2022,,,,,,-0.0211981917
EmissionActivityRatio,NDCINC,ECU,SUPCAMCROMAN,,CO2e_CUT,1,2023,,,,,,-0.0211981917
EmissionActivityRatio,NDCINC,ECU,SUPCAMCROMAN,,CO2e_CUT,1,2024,,,,,,-0.0211981917
EmissionActivityRatio,NDCINC,ECU,SUPCAMCROMAN,,CO2e_CUT,1,2025,,,,,,-0.0211981917
EmissionActivityRatio,NDCINC,ECU,SUPCAMCROMAN,,CO2e_CUT,1,2026,,,,,,-0.0211981917
EmissionActivityRatio,NDCINC,ECU,SUPCAMCROMAN,,CO2e_CUT,1,2027,,,,,,-0.0211981917
EmissionActivityRatio,NDCINC,ECU,SUPCAMCROMAN,,CO2e_CUT,1,2028,,,,,,-0.0211981917
EmissionActivityRatio,NDCINC,ECU,SUPCAMCROMAN,,CO2e_CUT,1,2029,,,,,,-0.0211981917
EmissionActivityRatio,NDCINC,ECU,SUPCAMCROMAN,,CO2e_CUT,1,2030,,,,,,-0.0211981917
EmissionActivityRatio,NDCINC,ECU,SUPCAMCROMAN,,CO2e_CUT,1,2031,,,,,,-0.0211981917
EmissionActivityRatio,NDCINC,ECU,SUPCAMCROMAN,,CO2e_CUT,1,2032,,,,,,-0.0211981917
EmissionActivityRatio,NDCINC,ECU,SUPCAMCROMAN,,CO2e_CUT,1,2033,,,,,,-0.0211981917
EmissionActivityRatio,NDCINC,ECU,SUPCAMCROMAN,,CO2e_CUT,1,2034,,,,,,-0.0211981917
EmissionActivityRatio,NDCINC,ECU,SUPCAMCROMAN,,CO2e_CUT,1,2035,,,,,,-0.0211981917
EmissionActivityRatio,NDCINC,ECU,SUPCAMCROMOR,,CO2e_CUT,1,2010,,,,,,-21.1981916667
EmissionActivityRatio,NDCINC,ECU,SUPCAMCROMOR,,CO2e_CUT,1,2011,,,,,,-21.1981916667
EmissionActivityRatio,NDCINC,ECU,SUPCAMCROMOR,,CO2e_CUT,1,2012,,,,,,-21.1981916667
EmissionActivityRatio,NDCINC,ECU,SUPCAMCROMOR,,CO2e_CUT,1,2013,,,,,,-21.1981916667
EmissionActivityRatio,NDCINC,ECU,SUPCAMCROMOR,,CO2e_CUT,1,2014,,,,,,-21.1981916667
EmissionActivityRatio,NDCINC,ECU,SUPCAMCROMOR,,CO2e_CUT,1,2015,,,,,,-21.1981916667
EmissionActivityRatio,NDCINC,ECU,SUPCAMCROMOR,,CO2e_CUT,1,2016,,,,,,-21.1981916667
EmissionActivityRatio,NDCINC,ECU,SUPCAMCROMOR,,CO2e_CUT,1,2017,,,,,,-21.1981916667
EmissionActivityRatio,NDCINC,ECU,SUPCAMCROMOR,,CO2e_CUT,1,2018,,,,,,-21.1981916667
EmissionActivityRatio,NDCINC,ECU,SUPCAMCROMOR,,CO2e_CUT,1,2019,,,,,,-21.1981916667
EmissionActivityRatio,NDCINC,ECU,SUPCAMCROMOR,,CO2e_CUT,1,2020,,,,,,-21.1981916667
EmissionActivityRatio,NDCINC,ECU,SUPCAMCROMOR,,CO2e_CUT,1,2021,,,,,,-21.1981916667
EmissionActivityRatio,NDCINC,ECU,SUPCAMCROMOR,,CO2e_CUT,1,2022,,,,,,-21.1981916667
EmissionActivityRatio,NDCINC,ECU,SUPCAMCROMOR,,CO2e_CUT,1,2023,,,,,,-21.1981916667
EmissionActivityRatio,NDCINC,ECU,SUPCAMCROMOR,,CO2e_CUT,1,2024,,,,,,-21.1981916667
EmissionActivityRatio,NDCINC,ECU,SUPCAMCROMOR,,CO2e_CUT,1,2025,,,,,,-21.1981916667
EmissionActivityRatio,NDCINC,ECU,SUPCAMCROMOR,,CO2e_CUT,1,2026,,,,,,-21.1981916667
EmissionActivityRatio,NDCINC,ECU,SUPCAMCROMOR,,CO2e_CUT,1,2027,,,,,,-21.1981916667
EmissionActivityRatio,NDCINC,ECU,SUPCAMCROMOR,,CO2e_CUT,1,2028,,,,,,-21.1981916667
EmissionActivityRatio,NDCINC,ECU,SUPCAMCROMOR,,CO2e_CUT,1,2029,,,,,,-21.1981916667
EmissionActivityRatio,NDCINC,ECU,SUPCAMCROMOR,,CO2e_CUT,1,2030,,,,,,-21.1981916667
EmissionActivityRatio,NDCINC,ECU,SUPCAMCROMOR,,CO2e_CUT,1,2031,,,,,,-21.1981916667
EmissionActivityRatio,NDCINC,ECU,SUPCAMCROMOR,,CO2e_CUT,1,2032,,,,,,-21.1981916667
EmissionActivityRatio,NDCINC,ECU,SUPCAMCROMOR,,CO2e_CUT,1,2033,,,,,,-21.1981916667
EmissionActivityRatio,NDCINC,ECU,SUPCAMCROMOR,,CO2e_CUT,1,2034,,,,,,-21.1981916667
EmissionActivityRatio,NDCINC,ECU,SUPCAMCROMOR,,CO2e_CUT,1,2035,,,,,,-21.1981916667
EmissionActivityRatio,NDCINC,ECU,SUPCAMCROPFO,,CO2e_CUT,1,2010,,,,,,-21.1981916667
EmissionActivityRatio,NDCINC,ECU,SUPCAMCROPFO,,CO2e_CUT,1,2011,,,,,,-21.1981916667
EmissionActivityRatio,NDCINC,ECU,SUPCAMCROPFO,,CO2e_CUT,1,2012,,,,,,-21.1981916667
EmissionActivityRatio,NDCINC,ECU,SUPCAMCROPFO,,CO2e_CUT,1,2013,,,,,,-21.1981916667
EmissionActivityRatio,NDCINC,ECU,SUPCAMCROPFO,,CO2e_CUT,1,2014,,,,,,-21.1981916667
EmissionActivityRatio,NDCINC,ECU,SUPCAMCROPFO,,CO2e_CUT,1,2015,,,,,,-21.1981916667
EmissionActivityRatio,NDCINC,ECU,SUPCAMCROPFO,,CO2e_CUT,1,2016,,,,,,-21.1981916667
EmissionActivityRatio,NDCINC,ECU,SUPCAMCROPFO,,CO2e_CUT,1,2017,,,,,,-21.1981916667
EmissionActivityRatio,NDCINC,ECU,SUPCAMCROPFO,,CO2e_CUT,1,2018,,,,,,-21.1981916667
EmissionActivityRatio,NDCINC,ECU,SUPCAMCROPFO,,CO2e_CUT,1,2019,,,,,,-21.1981916667
EmissionActivityRatio,NDCINC,ECU,SUPCAMCROPFO,,CO2e_CUT,1,2020,,,,,,-21.1981916667
EmissionActivityRatio,NDCINC,ECU,SUPCAMCROPFO,,CO2e_CUT,1,2021,,,,,,-21.1981916667
EmissionActivityRatio,NDCINC,ECU,SUPCAMCROPFO,,CO2e_CUT,1,2022,,,,,,-21.1981916667
EmissionActivityRatio,NDCINC,ECU,SUPCAMCROPFO,,CO2e_CUT,1,2023,,,,,,-21.1981916667
EmissionActivityRatio,NDCINC,ECU,SUPCAMCROPFO,,CO2e_CUT,1,2024,,,,,,-21.1981916667
EmissionActivityRatio,NDCINC,ECU,SUPCAMCROPFO,,CO2e_CUT,1,2025,,,,,,-21.1981916667
EmissionActivityRatio,NDCINC,ECU,SUPCAMCROPFO,,CO2e_CUT,1,2026,,,,,,-21.1981916667
EmissionActivityRatio,NDCINC,ECU,SUPCAMCROPFO,,CO2e_CUT,1,2027,,,,,,-21.1981916667
EmissionActivityRatio,NDCINC,ECU,SUPCAMCROPFO,,CO2e_CUT,1,2028,,,,,,-21.1981916667
EmissionActivityRatio,NDCINC,ECU,SUPCAMCROPFO,,CO2e_CUT,1,2029,,,,,,-21.1981916667
EmissionActivityRatio,NDCINC,ECU,SUPCAMCROPFO,,CO2e_CUT,1,2030,,,,,,-21.1981916667
EmissionActivityRatio,NDCINC,ECU,SUPCAMCROPFO,,CO2e_CUT,1,2031,,,,,,-21.1981916667
EmissionActivityRatio,NDCINC,ECU,SUPCAMCROPFO,,CO2e_CUT,1,2032,,,,,,-21.1981916667
EmissionActivityRatio,NDCINC,ECU,SUPCAMCROPFO,,CO2e_CUT,1,2033,,,,,,-21.1981916667
EmissionActivityRatio,NDCINC,ECU,SUPCAMCROPFO,,CO2e_CUT,1,2034,,,,,,-21.1981916667
EmissionActivityRatio,NDCINC,ECU,SUPCAMCROPFO,,CO2e_CUT,1,2035,,,,,,-21.1981916667
EmissionActivityRatio,NDCINC,ECU,SUPCAMGRAAND,,CO2e_CUT,1,2010,,,,,,-0.0211981917
EmissionActivityRatio,NDCINC,ECU,SUPCAMGRAAND,,CO2e_CUT,1,2011,,,,,,-0.0211981917
EmissionActivityRatio,NDCINC,ECU,SUPCAMGRAAND,,CO2e_CUT,1,2012,,,,,,-0.0211981917
EmissionActivityRatio,NDCINC,ECU,SUPCAMGRAAND,,CO2e_CUT,1,2013,,,,,,-0.0211981917
EmissionActivityRatio,NDCINC,ECU,SUPCAMGRAAND,,CO2e_CUT,1,2014,,,,,,-0.0211981917
EmissionActivityRatio,NDCINC,ECU,SUPCAMGRAAND,,CO2e_CUT,1,2015,,,,,,-0.0211981917
EmissionActivityRatio,NDCINC,ECU,SUPCAMGRAAND,,CO2e_CUT,1,2016,,,,,,-0.0211981917
EmissionActivityRatio,NDCINC,ECU,SUPCAMGRAAND,,CO2e_CUT,1,2017,,,,,,-0.0211981917
EmissionActivityRatio,NDCINC,ECU,SUPCAMGRAAND,,CO2e_CUT,1,2018,,,,,,-0.0211981917
EmissionActivityRatio,NDCINC,ECU,SUPCAMGRAAND,,CO2e_CUT,1,2019,,,,,,-0.0211981917
EmissionActivityRatio,NDCINC,ECU,SUPCAMGRAAND,,CO2e_CUT,1,2020,,,,,,-0.0211981917
EmissionActivityRatio,NDCINC,ECU,SUPCAMGRAAND,,CO2e_CUT,1,2021,,,,,,-0.0211981917
EmissionActivityRatio,NDCINC,ECU,SUPCAMGRAAND,,CO2e_CUT,1,2022,,,,,,-0.0211981917
EmissionActivityRatio,NDCINC,ECU,SUPCAMGRAAND,,CO2e_CUT,1,2023,,,,,,-0.0211981917
EmissionActivityRatio,NDCINC,ECU,SUPCAMGRAAND,,CO2e_CUT,1,2024,,,,,,-0.0211981917
EmissionActivityRatio,NDCINC,ECU,SUPCAMGRAAND,,CO2e_CUT,1,2025,,,,,,-0.0211981917
EmissionActivityRatio,NDCINC,ECU,SUPCAMGRAAND,,CO2e_CUT,1,2026,,,,,,-0.0211981917
EmissionActivityRatio,NDCINC,ECU,SUPCAMGRAAND,,CO2e_CUT,1,2027,,,,,,-0.0211981917
EmissionActivityRatio,NDCINC,ECU,SUPCAMGRAAND,,CO2e_CUT,1,2028,,,,,,-0.0211981917
EmissionActivityRatio,NDCINC,ECU,SUPCAMGRAAND,,CO2e_CUT,1,2029,,,,,,-0.0211981917
EmissionActivityRatio,NDCINC,ECU,SUPCAMGRAAND,,CO2e_CUT,1,2030,,,,,,-0.0211981917
EmissionActivityRatio,NDCINC,ECU,SUPCAMGRAAND,,CO2e_CUT,1,2031,,,,,,-0.0211981917
EmissionActivityRatio,NDCINC,ECU,SUPCAMGRAAND,,CO2e_CUT,1,2032,,,,,,-0.0211981917
EmissionActivityRatio,NDCINC,ECU,SUPCAMGRAAND,,CO2e_CUT,1,2033,,,,,,-0.0211981917
EmissionActivityRatio,NDCINC,ECU,SUPCAMGRAAND,,CO2e_CUT,1,2034,,,,,,-0.0211981917
EmissionActivityRatio,NDCINC,ECU,SUPCAMGRAAND,,CO2e_CUT,1,2035,,,,,,-0.0211981917
EmissionActivityRatio,NDCINC,ECU,SUPCAMGRAPLU,,CO2e_CUT,1,2010,,,,,,-0.0211981917
EmissionActivityRatio,NDCINC,ECU,SUPCAMGRAPLU,,CO2e_CUT,1,2011,,,,,,-0.0211981917
EmissionActivityRatio,NDCINC,ECU,SUPCAMGRAPLU,,CO2e_CUT,1,2012,,,,,,-0.0211981917
EmissionActivityRatio,NDCINC,ECU,SUPCAMGRAPLU,,CO2e_CUT,1,2013,,,,,,-0.0211981917
EmissionActivityRatio,NDCINC,ECU,SUPCAMGRAPLU,,CO2e_CUT,1,2014,,,,,,-0.0211981917
EmissionActivityRatio,NDCINC,ECU,SUPCAMGRAPLU,,CO2e_CUT,1,2015,,,,,,-0.0211981917
EmissionActivityRatio,NDCINC,ECU,SUPCAMGRAPLU,,CO2e_CUT,1,2016,,,,,,-0.0211981917
EmissionActivityRatio,NDCINC,ECU,SUPCAMGRAPLU,,CO2e_CUT,1,2017,,,,,,-0.0211981917
EmissionActivityRatio,NDCINC,ECU,SUPCAMGRAPLU,,CO2e_CUT,1,2018,,,,,,-0.0211981917
EmissionActivityRatio,NDCINC,ECU,SUPCAMGRAPLU,,CO2e_CUT,1,2019,,,,,,-0.0211981917
EmissionActivityRatio,NDCINC,ECU,SUPCAMGRAPLU,,CO2e_CUT,1,2020,,,,,,-0.0211981917
EmissionActivityRatio,NDCINC,ECU,SUPCAMGRAPLU,,CO2e_CUT,1,2021,,,,,,-0.0211981917
EmissionActivityRatio,NDCINC,ECU,SUPCAMGRAPLU,,CO2e_CUT,1,2022,,,,,,-0.0211981917
EmissionActivityRatio,NDCINC,ECU,SUPCAMGRAPLU,,CO2e_CUT,1,2023,,,,,,-0.0211981917
EmissionActivityRatio,NDCINC,ECU,SUPCAMGRAPLU,,CO2e_CUT,1,2024,,,,,,-0.0211981917
EmissionActivityRatio,NDCINC,ECU,SUPCAMGRAPLU,,CO2e_CUT,1,2025,,,,,,-0.0211981917
EmissionActivityRatio,NDCINC,ECU,SUPCAMGRAPLU,,CO2e_CUT,1,2026,,,,,,-0.0211981917
EmissionActivityRatio,NDCINC,ECU,SUPCAMGRAPLU,,CO2e_CUT,1,2027,,,,,,-0.0211981917
EmissionActivityRatio,NDCINC,ECU,SUPCAMGRAPLU,,CO2e_CUT,1,2028,,,,,,-0.0211981917
EmissionActivityRatio,NDCINC,ECU,SUPCAMGRAPLU,,CO2e_CUT,1,2029,,,,,,-0.0211981917
EmissionActivityRatio,NDCINC,ECU,SUPCAMGRAPLU,,CO2e_CUT,1,2030,,,,,,-0.0211981917
EmissionActivityRatio,NDCINC,ECU,SUPCAMGRAPLU,,CO2e_CUT,1,2031,,,,,,-0.0211981917
EmissionActivityRatio,NDCINC,ECU,SUPCAMGRAPLU,,CO2e_CUT,1,2032,,,,,,-0.0211981917
EmissionActivityRatio,NDCINC,ECU,SUPCAMGRAPLU,,CO2e_CUT,1,2033,,,,,,-0.0211981917
EmissionActivityRatio,NDCINC,ECU,SUPCAMGRAPLU,,CO2e_CUT,1,2034,,,,,,-0.0211981917
EmissionActivityRatio,NDCINC,ECU,SUPCAMGRAPLU,,CO2e_CUT,1,2035,,,,,,-0.0211981917
EmissionActivityRatio,NDCINC,ECU,SUPCAMGRAMON,,CO2e_CUT,1,2010,,,,,,-0.0211981917
EmissionActivityRatio,NDCINC,ECU,SUPCAMGRAMON,,CO2e_CUT,1,2011,,,,,,-0.0211981917
EmissionActivityRatio,NDCINC,ECU,SUPCAMGRAMON,,CO2e_CUT,1,2012,,,,,,-0.0211981917
EmissionActivityRatio,NDCINC,ECU,SUPCAMGRAMON,,CO2e_CUT,1,2013,,,,,,-0.0211981917
EmissionActivityRatio,NDCINC,ECU,SUPCAMGRAMON,,CO2e_CUT,1,2014,,,,,,-0.0211981917
EmissionActivityRatio,NDCINC,ECU,SUPCAMGRAMON,,CO2e_CUT,1,2015,,,,,,-0.0211981917
EmissionActivityRatio,NDCINC,ECU,SUPCAMGRAMON,,CO2e_CUT,1,2016,,,,,,-0.0211981917
EmissionActivityRatio,NDCINC,ECU,SUPCAMGRAMON,,CO2e_CUT,1,2017,,,,,,-0.0211981917
EmissionActivityRatio,NDCINC,ECU,SUPCAMGRAMON,,CO2e_CUT,1,2018,,,,,,-0.0211981917
EmissionActivityRatio,NDCINC,ECU,SUPCAMGRAMON,,CO2e_CUT,1,2019,,,,,,-0.0211981917
EmissionActivityRatio,NDCINC,ECU,SUPCAMGRAMON,,CO2e_CUT,1,2020,,,,,,-0.0211981917
EmissionActivityRatio,NDCINC,ECU,SUPCAMGRAMON,,CO2e_CUT,1,2021,,,,,,-0.0211981917
EmissionActivityRatio,NDCINC,ECU,SUPCAMGRAMON,,CO2e_CUT,1,2022,,,,,,-0.0211981917
EmissionActivityRatio,NDCINC,ECU,SUPCAMGRAMON,,CO2e_CUT,1,2023,,,,,,-0.0211981917
EmissionActivityRatio,NDCINC,ECU,SUPCAMGRAMON,,CO2e_CUT,1,2024,,,,,,-0.0211981917
EmissionActivityRatio,NDCINC,ECU,SUPCAMGRAMON,,CO2e_CUT,1,2025,,,,,,-0.0211981917
EmissionActivityRatio,NDCINC,ECU,SUPCAMGRAMON,,CO2e_CUT,1,2026,,,,,,-0.0211981917
EmissionActivityRatio,NDCINC,ECU,SUPCAMGRAMON,,CO2e_CUT,1,2027,,,,,,-0.0211981917
EmissionActivityRatio,NDCINC,ECU,SUPCAMGRAMON,,CO2e_CUT,1,2028,,,,,,-0.0211981917
EmissionActivityRatio,NDCINC,ECU,SUPCAMGRAMON,,CO2e_CUT,1,2029,,,,,,-0.0211981917
EmissionActivityRatio,NDCINC,ECU,SUPCAMGRAMON,,CO2e_CUT,1,2030,,,,,,-0.0211981917
EmissionActivityRatio,NDCINC,ECU,SUPCAMGRAMON,,CO2e_CUT,1,2031,,,,,,-0.0211981917
EmissionActivityRatio,NDCINC,ECU,SUPCAMGRAMON,,CO2e_CUT,1,2032,,,,,,-0.0211981917
EmissionActivityRatio,NDCINC,ECU,SUPCAMGRAMON,,CO2e_CUT,1,2033,,,,,,-0.0211981917
EmissionActivityRatio,NDCINC,ECU,SUPCAMGRAMON,,CO2e_CUT,1,2034,,,,,,-0.0211981917
EmissionActivityRatio,NDCINC,ECU,SUPCAMGRAMON,,CO2e_CUT,1,2035,,,,,,-0.0211981917
EmissionActivityRatio,NDCINC,ECU,SUPCAMGRAPIE,,CO2e_CUT,1,2010,,,,,,-0.0211981917
EmissionActivityRatio,NDCINC,ECU,SUPCAMGRAPIE,,CO2e_CUT,1,2011,,,,,,-0.0211981917
EmissionActivityRatio,NDCINC,ECU,SUPCAMGRAPIE,,CO2e_CUT,1,2012,,,,,,-0.0211981917
EmissionActivityRatio,NDCINC,ECU,SUPCAMGRAPIE,,CO2e_CUT,1,2013,,,,,,-0.0211981917
EmissionActivityRatio,NDCINC,ECU,SUPCAMGRAPIE,,CO2e_CUT,1,2014,,,,,,-0.0211981917
EmissionActivityRatio,NDCINC,ECU,SUPCAMGRAPIE,,CO2e_CUT,1,2015,,,,,,-0.0211981917
EmissionActivityRatio,NDCINC,ECU,SUPCAMGRAPIE,,CO2e_CUT,1,2016,,,,,,-0.0211981917
EmissionActivityRatio,NDCINC,ECU,SUPCAMGRAPIE,,CO2e_CUT,1,2017,,,,,,-0.0211981917
EmissionActivityRatio,NDCINC,ECU,SUPCAMGRAPIE,,CO2e_CUT,1,2018,,,,,,-0.0211981917
EmissionActivityRatio,NDCINC,ECU,SUPCAMGRAPIE,,CO2e_CUT,1,2019,,,,,,-0.0211981917
EmissionActivityRatio,NDCINC,ECU,SUPCAMGRAPIE,,CO2e_CUT,1,2020,,,,,,-0.0211981917
EmissionActivityRatio,NDCINC,ECU,SUPCAMGRAPIE,,CO2e_CUT,1,2021,,,,,,-0.0211981917
EmissionActivityRatio,NDCINC,ECU,SUPCAMGRAPIE,,CO2e_CUT,1,2022,,,,,,-0.0211981917
EmissionActivityRatio,NDCINC,ECU,SUPCAMGRAPIE,,CO2e_CUT,1,2023,,,,,,-0.0211981917
EmissionActivityRatio,NDCINC,ECU,SUPCAMGRAPIE,,CO2e_CUT,1,2024,,,,,,-0.0211981917
EmissionActivityRatio,NDCINC,ECU,SUPCAMGRAPIE,,CO2e_CUT,1,2025,,,,,,-0.0211981917
EmissionActivityRatio,NDCINC,ECU,SUPCAMGRAPIE,,CO2e_CUT,1,2026,,,,,,-0.0211981917
EmissionActivityRatio,NDCINC,ECU,SUPCAMGRAPIE,,CO2e_CUT,1,2027,,,,,,-0.0211981917
EmissionActivityRatio,NDCINC,ECU,SUPCAMGRAPIE,,CO2e_CUT,1,2028,,,,,,-0.0211981917
EmissionActivityRatio,NDCINC,ECU,SUPCAMGRAPIE,,CO2e_CUT,1,2029,,,,,,-0.0211981917
EmissionActivityRatio,NDCINC,ECU,SUPCAMGRAPIE,,CO2e_CUT,1,2030,,,,,,-0.0211981917
EmissionActivityRatio,NDCINC,ECU,SUPCAMGRAPIE,,CO2e_CUT,1,2031,,,,,,-0.0211981917
EmissionActivityRatio,NDCINC,ECU,SUPCAMGRAPIE,,CO2e_CUT,1,2032,,,,,,-0.0211981917
EmissionActivityRatio,NDCINC,ECU,SUPCAMGRAPIE,,CO2e_CUT,1,2033,,,,,,-0.0211981917
EmissionActivityRatio,NDCINC,ECU,SUPCAMGRAPIE,,CO2e_CUT,1,2034,,,,,,-0.0211981917
EmissionActivityRatio,NDCINC,ECU,SUPCAMGRAPIE,,CO2e_CUT,1,2035,,,,,,-0.0211981917
EmissionActivityRatio,NDCINC,ECU,SUPCAMGRACEJ,,CO2e_CUT,1,2010,,,,,,-0.0211981917
EmissionActivityRatio,NDCINC,ECU,SUPCAMGRACEJ,,CO2e_CUT,1,2011,,,,,,-0.0211981917
EmissionActivityRatio,NDCINC,ECU,SUPCAMGRACEJ,,CO2e_CUT,1,2012,,,,,,-0.0211981917
EmissionActivityRatio,NDCINC,ECU,SUPCAMGRACEJ,,CO2e_CUT,1,2013,,,,,,-0.0211981917
EmissionActivityRatio,NDCINC,ECU,SUPCAMGRACEJ,,CO2e_CUT,1,2014,,,,,,-0.0211981917
EmissionActivityRatio,NDCINC,ECU,SUPCAMGRACEJ,,CO2e_CUT,1,2015,,,,,,-0.0211981917
EmissionActivityRatio,NDCINC,ECU,SUPCAMGRACEJ,,CO2e_CUT,1,2016,,,,,,-0.0211981917
EmissionActivityRatio,NDCINC,ECU,SUPCAMGRACEJ,,CO2e_CUT,1,2017,,,,,,-0.0211981917
EmissionActivityRatio,NDCINC,ECU,SUPCAMGRACEJ,,CO2e_CUT,1,2018,,,,,,-0.0211981917
EmissionActivityRatio,NDCINC,ECU,SUPCAMGRACEJ,,CO2e_CUT,1,2019,,,,,,-0.0211981917
EmissionActivityRatio,NDCINC,ECU,SUPCAMGRACEJ,,CO2e_CUT,1,2020,,,,,,-0.0211981917
EmissionActivityRatio,NDCINC,ECU,SUPCAMGRACEJ,,CO2e_CUT,1,2021,,,,,,-0.0211981917
EmissionActivityRatio,NDCINC,ECU,SUPCAMGRACEJ,,CO2e_CUT,1,2022,,,,,,-0.0211981917
EmissionActivityRatio,NDCINC,ECU,SUPCAMGRACEJ,,CO2e_CUT,1,2023,,,,,,-0.0211981917
EmissionActivityRatio,NDCINC,ECU,SUPCAMGRACEJ,,CO2e_CUT,1,2024,,,,,,-0.0211981917
EmissionActivityRatio,NDCINC,ECU,SUPCAMGRACEJ,,CO2e_CUT,1,2025,,,,,,-0.0211981917
EmissionActivityRatio,NDCINC,ECU,SUPCAMGRACEJ,,CO2e_CUT,1,2026,,,,,,-0.0211981917
EmissionActivityRatio,NDCINC,ECU,SUPCAMGRACEJ,,CO2e_CUT,1,2027,,,,,,-0.0211981917
EmissionActivityRatio,NDCINC,ECU,SUPCAMGRACEJ,,CO2e_CUT,1,2028,,,,,,-0.0211981917
EmissionActivityRatio,NDCINC,ECU,SUPCAMGRACEJ,,CO2e_CUT,1,2029,,,,,,-0.0211981917
EmissionActivityRatio,NDCINC,ECU,SUPCAMGRACEJ,,CO2e_CUT,1,2030,,,,,,-0.0211981917
EmissionActivityRatio,NDCINC,ECU,SUPCAMGRACEJ,,CO2e_CUT,1,2031,,,,,,-0.0211981917
EmissionActivityRatio,NDCINC,ECU,SUPCAMGRACEJ,,CO2e_CUT,1,2032,,,,,,-0.0211981917
EmissionActivityRatio,NDCINC,ECU,SUPCAMGRACEJ,,CO2e_CUT,1,2033,,,,,,-0.0211981917
EmissionActivityRatio,NDCINC,ECU,SUPCAMGRACEJ,,CO2e_CUT,1,2034,,,,,,-0.0211981917
EmissionActivityRatio,NDCINC,ECU,SUPCAMGRACEJ,,CO2e_CUT,1,2035,,,,,,-0.0211981917
EmissionActivityRatio,NDCINC,ECU,SUPCAMGRAAMA,,CO2e_CUT,1,2010,,,,,,-0.0211981917
EmissionActivityRatio,NDCINC,ECU,SUPCAMGRAAMA,,CO2e_CUT,1,2011,,,,,,-0.0211981917
EmissionActivityRatio,NDCINC,ECU,SUPCAMGRAAMA,,CO2e_CUT,1,2012,,,,,,-0.0211981917
EmissionActivityRatio,NDCINC,ECU,SUPCAMGRAAMA,,CO2e_CUT,1,2013,,,,,,-0.0211981917
EmissionActivityRatio,NDCINC,ECU,SUPCAMGRAAMA,,CO2e_CUT,1,2014,,,,,,-0.0211981917
EmissionActivityRatio,NDCINC,ECU,SUPCAMGRAAMA,,CO2e_CUT,1,2015,,,,,,-0.0211981917
EmissionActivityRatio,NDCINC,ECU,SUPCAMGRAAMA,,CO2e_CUT,1,2016,,,,,,-0.0211981917
EmissionActivityRatio,NDCINC,ECU,SUPCAMGRAAMA,,CO2e_CUT,1,2017,,,,,,-0.0211981917
EmissionActivityRatio,NDCINC,ECU,SUPCAMGRAAMA,,CO2e_CUT,1,2018,,,,,,-0.0211981917
EmissionActivityRatio,NDCINC,ECU,SUPCAMGRAAMA,,CO2e_CUT,1,2019,,,,,,-0.0211981917
EmissionActivityRatio,NDCINC,ECU,SUPCAMGRAAMA,,CO2e_CUT,1,2020,,,,,,-0.0211981917
EmissionActivityRatio,NDCINC,ECU,SUPCAMGRAAMA,,CO2e_CUT,1,2021,,,,,,-0.0211981917
EmissionActivityRatio,NDCINC,ECU,SUPCAMGRAAMA,,CO2e_CUT,1,2022,,,,,,-0.0211981917
EmissionActivityRatio,NDCINC,ECU,SUPCAMGRAAMA,,CO2e_CUT,1,2023,,,,,,-0.0211981917
EmissionActivityRatio,NDCINC,ECU,SUPCAMGRAAMA,,CO2e_CUT,1,2024,,,,,,-0.0211981917
EmissionActivityRatio,NDCINC,ECU,SUPCAMGRAAMA,,CO2e_CUT,1,2025,,,,,,-0.0211981917
EmissionActivityRatio,NDCINC,ECU,SUPCAMGRAAMA,,CO2e_CUT,1,2026,,,,,,-0.0211981917
EmissionActivityRatio,NDCINC,ECU,SUPCAMGRAAMA,,CO2e_CUT,1,2027,,,,,,-0.0211981917
EmissionActivityRatio,NDCINC,ECU,SUPCAMGRAAMA,,CO2e_CUT,1,2028,,,,,,-0.0211981917
EmissionActivityRatio,NDCINC,ECU,SUPCAMGRAAMA,,CO2e_CUT,1,2029,,,,,,-0.0211981917
EmissionActivityRatio,NDCINC,ECU,SUPCAMGRAAMA,,CO2e_CUT,1,2030,,,,,,-0.0211981917
EmissionActivityRatio,NDCINC,ECU,SUPCAMGRAAMA,,CO2e_CUT,1,2031,,,,,,-0.0211981917
EmissionActivityRatio,NDCINC,ECU,SUPCAMGRAAMA,,CO2e_CUT,1,2032,,,,,,-0.0211981917
EmissionActivityRatio,NDCINC,ECU,SUPCAMGRAAMA,,CO2e_CUT,1,2033,,,,,,-0.0211981917
EmissionActivityRatio,NDCINC,ECU,SUPCAMGRAAMA,,CO2e_CUT,1,2034,,,,,,-0.0211981917
EmissionActivityRatio,NDCINC,ECU,SUPCAMGRAAMA,,CO2e_CUT,1,2035,,,,,,-0.0211981917
EmissionActivityRatio,NDCINC,ECU,SUPCAMGRACHO,,CO2e_CUT,1,2010,,,,,,-0.0211981917
EmissionActivityRatio,NDCINC,ECU,SUPCAMGRACHO,,CO2e_CUT,1,2011,,,,,,-0.0211981917
EmissionActivityRatio,NDCINC,ECU,SUPCAMGRACHO,,CO2e_CUT,1,2012,,,,,,-0.0211981917
EmissionActivityRatio,NDCINC,ECU,SUPCAMGRACHO,,CO2e_CUT,1,2013,,,,,,-0.0211981917
EmissionActivityRatio,NDCINC,ECU,SUPCAMGRACHO,,CO2e_CUT,1,2014,,,,,,-0.0211981917
EmissionActivityRatio,NDCINC,ECU,SUPCAMGRACHO,,CO2e_CUT,1,2015,,,,,,-0.0211981917
EmissionActivityRatio,NDCINC,ECU,SUPCAMGRACHO,,CO2e_CUT,1,2016,,,,,,-0.0211981917
EmissionActivityRatio,NDCINC,ECU,SUPCAMGRACHO,,CO2e_CUT,1,2017,,,,,,-0.0211981917
EmissionActivityRatio,NDCINC,ECU,SUPCAMGRACHO,,CO2e_CUT,1,2018,,,,,,-0.0211981917
EmissionActivityRatio,NDCINC,ECU,SUPCAMGRACHO,,CO2e_CUT,1,2019,,,,,,-0.0211981917
EmissionActivityRatio,NDCINC,ECU,SUPCAMGRACHO,,CO2e_CUT,1,2020,,,,,,-0.0211981917
EmissionActivityRatio,NDCINC,ECU,SUPCAMGRACHO,,CO2e_CUT,1,2021,,,,,,-0.0211981917
EmissionActivityRatio,NDCINC,ECU,SUPCAMGRACHO,,CO2e_CUT,1,2022,,,,,,-0.0211981917
EmissionActivityRatio,NDCINC,ECU,SUPCAMGRACHO,,CO2e_CUT,1,2023,,,,,,-0.0211981917
EmissionActivityRatio,NDCINC,ECU,SUPCAMGRACHO,,CO2e_CUT,1,2024,,,,,,-0.0211981917
EmissionActivityRatio,NDCINC,ECU,SUPCAMGRACHO,,CO2e_CUT,1,2025,,,,,,-0.0211981917
EmissionActivityRatio,NDCINC,ECU,SUPCAMGRACHO,,CO2e_CUT,1,2026,,,,,,-0.0211981917
EmissionActivityRatio,NDCINC,ECU,SUPCAMGRACHO,,CO2e_CUT,1,2027,,,,,,-0.0211981917
EmissionActivityRatio,NDCINC,ECU,SUPCAMGRACHO,,CO2e_CUT,1,2028,,,,,,-0.0211981917
EmissionActivityRatio,NDCINC,ECU,SUPCAMGRACHO,,CO2e_CUT,1,2029,,,,,,-0.0211981917
EmissionActivityRatio,NDCINC,ECU,SUPCAMGRACHO,,CO2e_CUT,1,2030,,,,,,-0.0211981917
EmissionActivityRatio,NDCINC,ECU,SUPCAMGRACHO,,CO2e_CUT,1,2031,,,,,,-0.0211981917
EmissionActivityRatio,NDCINC,ECU,SUPCAMGRACHO,,CO2e_CUT,1,2032,,,,,,-0.0211981917
EmissionActivityRatio,NDCINC,ECU,SUPCAMGRACHO,,CO2e_CUT,1,2033,,,,,,-0.0211981917
EmissionActivityRatio,NDCINC,ECU,SUPCAMGRACHO,,CO2e_CUT,1,2034,,,,,,-0.0211981917
EmissionActivityRatio,NDCINC,ECU,SUPCAMGRACHO,,CO2e_CUT,1,2035,,,,,,-0.0211981917
EmissionActivityRatio,NDCINC,ECU,SUPCAMGRAMAN,,CO2e_CUT,1,2010,,,,,,-0.0211981917
EmissionActivityRatio,NDCINC,ECU,SUPCAMGRAMAN,,CO2e_CUT,1,2011,,,,,,-0.0211981917
EmissionActivityRatio,NDCINC,ECU,SUPCAMGRAMAN,,CO2e_CUT,1,2012,,,,,,-0.0211981917
EmissionActivityRatio,NDCINC,ECU,SUPCAMGRAMAN,,CO2e_CUT,1,2013,,,,,,-0.0211981917
EmissionActivityRatio,NDCINC,ECU,SUPCAMGRAMAN,,CO2e_CUT,1,2014,,,,,,-0.0211981917
EmissionActivityRatio,NDCINC,ECU,SUPCAMGRAMAN,,CO2e_CUT,1,2015,,,,,,-0.0211981917
EmissionActivityRatio,NDCINC,ECU,SUPCAMGRAMAN,,CO2e_CUT,1,2016,,,,,,-0.0211981917
EmissionActivityRatio,NDCINC,ECU,SUPCAMGRAMAN,,CO2e_CUT,1,2017,,,,,,-0.0211981917
EmissionActivityRatio,NDCINC,ECU,SUPCAMGRAMAN,,CO2e_CUT,1,2018,,,,,,-0.0211981917
EmissionActivityRatio,NDCINC,ECU,SUPCAMGRAMAN,,CO2e_CUT,1,2019,,,,,,-0.0211981917
EmissionActivityRatio,NDCINC,ECU,SUPCAMGRAMAN,,CO2e_CUT,1,2020,,,,,,-0.0211981917
EmissionActivityRatio,NDCINC,ECU,SUPCAMGRAMAN,,CO2e_CUT,1,2021,,,,,,-0.0211981917
EmissionActivityRatio,NDCINC,ECU,SUPCAMGRAMAN,,CO2e_CUT,1,2022,,,,,,-0.0211981917
EmissionActivityRatio,NDCINC,ECU,SUPCAMGRAMAN,,CO2e_CUT,1,2023,,,,,,-0.0211981917
EmissionActivityRatio,NDCINC,ECU,SUPCAMGRAMAN,,CO2e_CUT,1,2024,,,,,,-0.0211981917
EmissionActivityRatio,NDCINC,ECU,SUPCAMGRAMAN,,CO2e_CUT,1,2025,,,,,,-0.0211981917
EmissionActivityRatio,NDCINC,ECU,SUPCAMGRAMAN,,CO2e_CUT,1,2026,,,,,,-0.0211981917
EmissionActivityRatio,NDCINC,ECU,SUPCAMGRAMAN,,CO2e_CUT,1,2027,,,,,,-0.0211981917
EmissionActivityRatio,NDCINC,ECU,SUPCAMGRAMAN,,CO2e_CUT,1,2028,,,,,,-0.0211981917
EmissionActivityRatio,NDCINC,ECU,SUPCAMGRAMAN,,CO2e_CUT,1,2029,,,,,,-0.0211981917
EmissionActivityRatio,NDCINC,ECU,SUPCAMGRAMAN,,CO2e_CUT,1,2030,,,,,,-0.0211981917
EmissionActivityRatio,NDCINC,ECU,SUPCAMGRAMAN,,CO2e_CUT,1,2031,,,,,,-0.0211981917
EmissionActivityRatio,NDCINC,ECU,SUPCAMGRAMAN,,CO2e_CUT,1,2032,,,,,,-0.0211981917
EmissionActivityRatio,NDCINC,ECU,SUPCAMGRAMAN,,CO2e_CUT,1,2033,,,,,,-0.0211981917
EmissionActivityRatio,NDCINC,ECU,SUPCAMGRAMAN,,CO2e_CUT,1,2034,,,,,,-0.0211981917
EmissionActivityRatio,NDCINC,ECU,SUPCAMGRAMAN,,CO2e_CUT,1,2035,,,,,,-0.0211981917
EmissionActivityRatio,NDCINC,ECU,SUPCAMGRAMOR,,CO2e_CUT,1,2010,,,,,,-0.0211981917
EmissionActivityRatio,NDCINC,ECU,SUPCAMGRAMOR,,CO2e_CUT,1,2011,,,,,,-0.0211981917
EmissionActivityRatio,NDCINC,ECU,SUPCAMGRAMOR,,CO2e_CUT,1,2012,,,,,,-0.0211981917
EmissionActivityRatio,NDCINC,ECU,SUPCAMGRAMOR,,CO2e_CUT,1,2013,,,,,,-0.0211981917
EmissionActivityRatio,NDCINC,ECU,SUPCAMGRAMOR,,CO2e_CUT,1,2014,,,,,,-0.0211981917
EmissionActivityRatio,NDCINC,ECU,SUPCAMGRAMOR,,CO2e_CUT,1,2015,,,,,,-0.0211981917
EmissionActivityRatio,NDCINC,ECU,SUPCAMGRAMOR,,CO2e_CUT,1,2016,,,,,,-0.0211981917
EmissionActivityRatio,NDCINC,ECU,SUPCAMGRAMOR,,CO2e_CUT,1,2017,,,,,,-0.0211981917
EmissionActivityRatio,NDCINC,ECU,SUPCAMGRAMOR,,CO2e_CUT,1,2018,,,,,,-0.0211981917
EmissionActivityRatio,NDCINC,ECU,SUPCAMGRAMOR,,CO2e_CUT,1,2019,,,,,,-0.0211981917
EmissionActivityRatio,NDCINC,ECU,SUPCAMGRAMOR,,CO2e_CUT,1,2020,,,,,,-0.0211981917
EmissionActivityRatio,NDCINC,ECU,SUPCAMGRAMOR,,CO2e_CUT,1,2021,,,,,,-0.0211981917
EmissionActivityRatio,NDCINC,ECU,SUPCAMGRAMOR,,CO2e_CUT,1,2022,,,,,,-0.0211981917
EmissionActivityRatio,NDCINC,ECU,SUPCAMGRAMOR,,CO2e_CUT,1,2023,,,,,,-0.0211981917
EmissionActivityRatio,NDCINC,ECU,SUPCAMGRAMOR,,CO2e_CUT,1,2024,,,,,,-0.0211981917
EmissionActivityRatio,NDCINC,ECU,SUPCAMGRAMOR,,CO2e_CUT,1,2025,,,,,,-0.0211981917
EmissionActivityRatio,NDCINC,ECU,SUPCAMGRAMOR,,CO2e_CUT,1,2026,,,,,,-0.0211981917
EmissionActivityRatio,NDCINC,ECU,SUPCAMGRAMOR,,CO2e_CUT,1,2027,,,,,,-0.0211981917
EmissionActivityRatio,NDCINC,ECU,SUPCAMGRAMOR,,CO2e_CUT,1,2028,,,,,,-0.0211981917
EmissionActivityRatio,NDCINC,ECU,SUPCAMGRAMOR,,CO2e_CUT,1,2029,,,,,,-0.0211981917
EmissionActivityRatio,NDCINC,ECU,SUPCAMGRAMOR,,CO2e_CUT,1,2030,,,,,,-0.0211981917
EmissionActivityRatio,NDCINC,ECU,SUPCAMGRAMOR,,CO2e_CUT,1,2031,,,,,,-0.0211981917
EmissionActivityRatio,NDCINC,ECU,SUPCAMGRAMOR,,CO2e_CUT,1,2032,,,,,,-0.0211981917
EmissionActivityRatio,NDCINC,ECU,SUPCAMGRAMOR,,CO2e_CUT,1,2033,,,,,,-0.0211981917
EmissionActivityRatio,NDCINC,ECU,SUPCAMGRAMOR,,CO2e_CUT,1,2034,,,,,,-0.0211981917
EmissionActivityRatio,NDCINC,ECU,SUPCAMGRAMOR,,CO2e_CUT,1,2035,,,,,,-0.0211981917
EmissionActivityRatio,NDCINC,ECU,SUPCAMGRAPFO,,CO2e_CUT,1,2010,,,,,,-0.0211981917
EmissionActivityRatio,NDCINC,ECU,SUPCAMGRAPFO,,CO2e_CUT,1,2011,,,,,,-0.0211981917
EmissionActivityRatio,NDCINC,ECU,SUPCAMGRAPFO,,CO2e_CUT,1,2012,,,,,,-0.0211981917
EmissionActivityRatio,NDCINC,ECU,SUPCAMGRAPFO,,CO2e_CUT,1,2013,,,,,,-0.0211981917
EmissionActivityRatio,NDCINC,ECU,SUPCAMGRAPFO,,CO2e_CUT,1,2014,,,,,,-0.0211981917
EmissionActivityRatio,NDCINC,ECU,SUPCAMGRAPFO,,CO2e_CUT,1,2015,,,,,,-0.0211981917
EmissionActivityRatio,NDCINC,ECU,SUPCAMGRAPFO,,CO2e_CUT,1,2016,,,,,,-0.0211981917
EmissionActivityRatio,NDCINC,ECU,SUPCAMGRAPFO,,CO2e_CUT,1,2017,,,,,,-0.0211981917
EmissionActivityRatio,NDCINC,ECU,SUPCAMGRAPFO,,CO2e_CUT,1,2018,,,,,,-0.0211981917
EmissionActivityRatio,NDCINC,ECU,SUPCAMGRAPFO,,CO2e_CUT,1,2019,,,,,,-0.0211981917
EmissionActivityRatio,NDCINC,ECU,SUPCAMGRAPFO,,CO2e_CUT,1,2020,,,,,,-0.0211981917
EmissionActivityRatio,NDCINC,ECU,SUPCAMGRAPFO,,CO2e_CUT,1,2021,,,,,,-0.0211981917
EmissionActivityRatio,NDCINC,ECU,SUPCAMGRAPFO,,CO2e_CUT,1,2022,,,,,,-0.0211981917
EmissionActivityRatio,NDCINC,ECU,SUPCAMGRAPFO,,CO2e_CUT,1,2023,,,,,,-0.0211981917
EmissionActivityRatio,NDCINC,ECU,SUPCAMGRAPFO,,CO2e_CUT,1,2024,,,,,,-0.0211981917
EmissionActivityRatio,NDCINC,ECU,SUPCAMGRAPFO,,CO2e_CUT,1,2025,,,,,,-0.0211981917
EmissionActivityRatio,NDCINC,ECU,SUPCAMGRAPFO,,CO2e_CUT,1,2026,,,,,,-0.0211981917
EmissionActivityRatio,NDCINC,ECU,SUPCAMGRAPFO,,CO2e_CUT,1,2027,,,,,,-0.0211981917
EmissionActivityRatio,NDCINC,ECU,SUPCAMGRAPFO,,CO2e_CUT,1,2028,,,,,,-0.0211981917
EmissionActivityRatio,NDCINC,ECU,SUPCAMGRAPFO,,CO2e_CUT,1,2029,,,,,,-0.0211981917
EmissionActivityRatio,NDCINC,ECU,SUPCAMGRAPFO,,CO2e_CUT,1,2030,,,,,,-0.0211981917
EmissionActivityRatio,NDCINC,ECU,SUPCAMGRAPFO,,CO2e_CUT,1,2031,,,,,,-0.0211981917
EmissionActivityRatio,NDCINC,ECU,SUPCAMGRAPFO,,CO2e_CUT,1,2032,,,,,,-0.0211981917
EmissionActivityRatio,NDCINC,ECU,SUPCAMGRAPFO,,CO2e_CUT,1,2033,,,,,,-0.0211981917
EmissionActivityRatio,NDCINC,ECU,SUPCAMGRAPFO,,CO2e_CUT,1,2034,,,,,,-0.0211981917
EmissionActivityRatio,NDCINC,ECU,SUPCAMGRAPFO,,CO2e_CUT,1,2035,,,,,,-0.0211981917
EmissionActivityRatio,NDCINC,ECU,SUPCAMHUMAND,,CO2e_CUT,1,2010,,,,,,-0.0211981917
EmissionActivityRatio,NDCINC,ECU,SUPCAMHUMAND,,CO2e_CUT,1,2011,,,,,,-0.0211981917
EmissionActivityRatio,NDCINC,ECU,SUPCAMHUMAND,,CO2e_CUT,1,2012,,,,,,-0.0211981917
EmissionActivityRatio,NDCINC,ECU,SUPCAMHUMAND,,CO2e_CUT,1,2013,,,,,,-0.0211981917
EmissionActivityRatio,NDCINC,ECU,SUPCAMHUMAND,,CO2e_CUT,1,2014,,,,,,-0.0211981917
EmissionActivityRatio,NDCINC,ECU,SUPCAMHUMAND,,CO2e_CUT,1,2015,,,,,,-0.0211981917
EmissionActivityRatio,NDCINC,ECU,SUPCAMHUMAND,,CO2e_CUT,1,2016,,,,,,-0.0211981917
EmissionActivityRatio,NDCINC,ECU,SUPCAMHUMAND,,CO2e_CUT,1,2017,,,,,,-0.0211981917
EmissionActivityRatio,NDCINC,ECU,SUPCAMHUMAND,,CO2e_CUT,1,2018,,,,,,-0.0211981917
EmissionActivityRatio,NDCINC,ECU,SUPCAMHUMAND,,CO2e_CUT,1,2019,,,,,,-0.0211981917
EmissionActivityRatio,NDCINC,ECU,SUPCAMHUMAND,,CO2e_CUT,1,2020,,,,,,-0.0211981917
EmissionActivityRatio,NDCINC,ECU,SUPCAMHUMAND,,CO2e_CUT,1,2021,,,,,,-0.0211981917
EmissionActivityRatio,NDCINC,ECU,SUPCAMHUMAND,,CO2e_CUT,1,2022,,,,,,-0.0211981917
EmissionActivityRatio,NDCINC,ECU,SUPCAMHUMAND,,CO2e_CUT,1,2023,,,,,,-0.0211981917
EmissionActivityRatio,NDCINC,ECU,SUPCAMHUMAND,,CO2e_CUT,1,2024,,,,,,-0.0211981917
EmissionActivityRatio,NDCINC,ECU,SUPCAMHUMAND,,CO2e_CUT,1,2025,,,,,,-0.0211981917
EmissionActivityRatio,NDCINC,ECU,SUPCAMHUMAND,,CO2e_CUT,1,2026,,,,,,-0.0211981917
EmissionActivityRatio,NDCINC,ECU,SUPCAMHUMAND,,CO2e_CUT,1,2027,,,,,,-0.0211981917
EmissionActivityRatio,NDCINC,ECU,SUPCAMHUMAND,,CO2e_CUT,1,2028,,,,,,-0.0211981917
EmissionActivityRatio,NDCINC,ECU,SUPCAMHUMAND,,CO2e_CUT,1,2029,,,,,,-0.0211981917
EmissionActivityRatio,NDCINC,ECU,SUPCAMHUMAND,,CO2e_CUT,1,2030,,,,,,-0.0211981917
EmissionActivityRatio,NDCINC,ECU,SUPCAMHUMAND,,CO2e_CUT,1,2031,,,,,,-0.0211981917
EmissionActivityRatio,NDCINC,ECU,SUPCAMHUMAND,,CO2e_CUT,1,2032,,,,,,-0.0211981917
EmissionActivityRatio,NDCINC,ECU,SUPCAMHUMAND,,CO2e_CUT,1,2033,,,,,,-0.0211981917
EmissionActivityRatio,NDCINC,ECU,SUPCAMHUMAND,,CO2e_CUT,1,2034,,,,,,-0.0211981917
EmissionActivityRatio,NDCINC,ECU,SUPCAMHUMAND,,CO2e_CUT,1,2035,,,,,,-0.0211981917
EmissionActivityRatio,NDCINC,ECU,SUPCAMHUMPLU,,CO2e_CUT,1,2010,,,,,,-0.0211981917
EmissionActivityRatio,NDCINC,ECU,SUPCAMHUMPLU,,CO2e_CUT,1,2011,,,,,,-0.0211981917
EmissionActivityRatio,NDCINC,ECU,SUPCAMHUMPLU,,CO2e_CUT,1,2012,,,,,,-0.0211981917
EmissionActivityRatio,NDCINC,ECU,SUPCAMHUMPLU,,CO2e_CUT,1,2013,,,,,,-0.0211981917
EmissionActivityRatio,NDCINC,ECU,SUPCAMHUMPLU,,CO2e_CUT,1,2014,,,,,,-0.0211981917
EmissionActivityRatio,NDCINC,ECU,SUPCAMHUMPLU,,CO2e_CUT,1,2015,,,,,,-0.0211981917
EmissionActivityRatio,NDCINC,ECU,SUPCAMHUMPLU,,CO2e_CUT,1,2016,,,,,,-0.0211981917
EmissionActivityRatio,NDCINC,ECU,SUPCAMHUMPLU,,CO2e_CUT,1,2017,,,,,,-0.0211981917
EmissionActivityRatio,NDCINC,ECU,SUPCAMHUMPLU,,CO2e_CUT,1,2018,,,,,,-0.0211981917
EmissionActivityRatio,NDCINC,ECU,SUPCAMHUMPLU,,CO2e_CUT,1,2019,,,,,,-0.0211981917
EmissionActivityRatio,NDCINC,ECU,SUPCAMHUMPLU,,CO2e_CUT,1,2020,,,,,,-0.0211981917
EmissionActivityRatio,NDCINC,ECU,SUPCAMHUMPLU,,CO2e_CUT,1,2021,,,,,,-0.0211981917
EmissionActivityRatio,NDCINC,ECU,SUPCAMHUMPLU,,CO2e_CUT,1,2022,,,,,,-0.0211981917
EmissionActivityRatio,NDCINC,ECU,SUPCAMHUMPLU,,CO2e_CUT,1,2023,,,,,,-0.0211981917
EmissionActivityRatio,NDCINC,ECU,SUPCAMHUMPLU,,CO2e_CUT,1,2024,,,,,,-0.0211981917
EmissionActivityRatio,NDCINC,ECU,SUPCAMHUMPLU,,CO2e_CUT,1,2025,,,,,,-0.0211981917
EmissionActivityRatio,NDCINC,ECU,SUPCAMHUMPLU,,CO2e_CUT,1,2026,,,,,,-0.0211981917
EmissionActivityRatio,NDCINC,ECU,SUPCAMHUMPLU,,CO2e_CUT,1,2027,,,,,,-0.0211981917
EmissionActivityRatio,NDCINC,ECU,SUPCAMHUMPLU,,CO2e_CUT,1,2028,,,,,,-0.0211981917
EmissionActivityRatio,NDCINC,ECU,SUPCAMHUMPLU,,CO2e_CUT,1,2029,,,,,,-0.0211981917
EmissionActivityRatio,NDCINC,ECU,SUPCAMHUMPLU,,CO2e_CUT,1,2030,,,,,,-0.0211981917
EmissionActivityRatio,NDCINC,ECU,SUPCAMHUMPLU,,CO2e_CUT,1,2031,,,,,,-0.0211981917
EmissionActivityRatio,NDCINC,ECU,SUPCAMHUMPLU,,CO2e_CUT,1,2032,,,,,,-0.0211981917
EmissionActivityRatio,NDCINC,ECU,SUPCAMHUMPLU,,CO2e_CUT,1,2033,,,,,,-0.0211981917
EmissionActivityRatio,NDCINC,ECU,SUPCAMHUMPLU,,CO2e_CUT,1,2034,,,,,,-0.0211981917
EmissionActivityRatio,NDCINC,ECU,SUPCAMHUMPLU,,CO2e_CUT,1,2035,,,,,,-0.0211981917
EmissionActivityRatio,NDCINC,ECU,SUPCAMHUMMON,,CO2e_CUT,1,2010,,,,,,-0.0211981917
EmissionActivityRatio,NDCINC,ECU,SUPCAMHUMMON,,CO2e_CUT,1,2011,,,,,,-0.0211981917
EmissionActivityRatio,NDCINC,ECU,SUPCAMHUMMON,,CO2e_CUT,1,2012,,,,,,-0.0211981917
EmissionActivityRatio,NDCINC,ECU,SUPCAMHUMMON,,CO2e_CUT,1,2013,,,,,,-0.0211981917
EmissionActivityRatio,NDCINC,ECU,SUPCAMHUMMON,,CO2e_CUT,1,2014,,,,,,-0.0211981917
EmissionActivityRatio,NDCINC,ECU,SUPCAMHUMMON,,CO2e_CUT,1,2015,,,,,,-0.0211981917
EmissionActivityRatio,NDCINC,ECU,SUPCAMHUMMON,,CO2e_CUT,1,2016,,,,,,-0.0211981917
EmissionActivityRatio,NDCINC,ECU,SUPCAMHUMMON,,CO2e_CUT,1,2017,,,,,,-0.0211981917
EmissionActivityRatio,NDCINC,ECU,SUPCAMHUMMON,,CO2e_CUT,1,2018,,,,,,-0.0211981917
EmissionActivityRatio,NDCINC,ECU,SUPCAMHUMMON,,CO2e_CUT,1,2019,,,,,,-0.0211981917
EmissionActivityRatio,NDCINC,ECU,SUPCAMHUMMON,,CO2e_CUT,1,2020,,,,,,-0.0211981917
EmissionActivityRatio,NDCINC,ECU,SUPCAMHUMMON,,CO2e_CUT,1,2021,,,,,,-0.0211981917
EmissionActivityRatio,NDCINC,ECU,SUPCAMHUMMON,,CO2e_CUT,1,2022,,,,,,-0.0211981917
EmissionActivityRatio,NDCINC,ECU,SUPCAMHUMMON,,CO2e_CUT,1,2023,,,,,,-0.0211981917
EmissionActivityRatio,NDCINC,ECU,SUPCAMHUMMON,,CO2e_CUT,1,2024,,,,,,-0.0211981917
EmissionActivityRatio,NDCINC,ECU,SUPCAMHUMMON,,CO2e_CUT,1,2025,,,,,,-0.0211981917
EmissionActivityRatio,NDCINC,ECU,SUPCAMHUMMON,,CO2e_CUT,1,2026,,,,,,-0.0211981917
EmissionActivityRatio,NDCINC,ECU,SUPCAMHUMMON,,CO2e_CUT,1,2027,,,,,,-0.0211981917
EmissionActivityRatio,NDCINC,ECU,SUPCAMHUMMON,,CO2e_CUT,1,2028,,,,,,-0.0211981917
EmissionActivityRatio,NDCINC,ECU,SUPCAMHUMMON,,CO2e_CUT,1,2029,,,,,,-0.0211981917
EmissionActivityRatio,NDCINC,ECU,SUPCAMHUMMON,,CO2e_CUT,1,2030,,,,,,-0.0211981917
EmissionActivityRatio,NDCINC,ECU,SUPCAMHUMMON,,CO2e_CUT,1,2031,,,,,,-0.0211981917
EmissionActivityRatio,NDCINC,ECU,SUPCAMHUMMON,,CO2e_CUT,1,2032,,,,,,-0.0211981917
EmissionActivityRatio,NDCINC,ECU,SUPCAMHUMMON,,CO2e_CUT,1,2033,,,,,,-0.0211981917
EmissionActivityRatio,NDCINC,ECU,SUPCAMHUMMON,,CO2e_CUT,1,2034,,,,,,-0.0211981917
EmissionActivityRatio,NDCINC,ECU,SUPCAMHUMMON,,CO2e_CUT,1,2035,,,,,,-0.0211981917
EmissionActivityRatio,NDCINC,ECU,SUPCAMHUMPIE,,CO2e_CUT,1,2010,,,,,,-0.0211981917
EmissionActivityRatio,NDCINC,ECU,SUPCAMHUMPIE,,CO2e_CUT,1,2011,,,,,,-0.0211981917
EmissionActivityRatio,NDCINC,ECU,SUPCAMHUMPIE,,CO2e_CUT,1,2012,,,,,,-0.0211981917
EmissionActivityRatio,NDCINC,ECU,SUPCAMHUMPIE,,CO2e_CUT,1,2013,,,,,,-0.0211981917
EmissionActivityRatio,NDCINC,ECU,SUPCAMHUMPIE,,CO2e_CUT,1,2014,,,,,,-0.0211981917
EmissionActivityRatio,NDCINC,ECU,SUPCAMHUMPIE,,CO2e_CUT,1,2015,,,,,,-0.0211981917
EmissionActivityRatio,NDCINC,ECU,SUPCAMHUMPIE,,CO2e_CUT,1,2016,,,,,,-0.0211981917
EmissionActivityRatio,NDCINC,ECU,SUPCAMHUMPIE,,CO2e_CUT,1,2017,,,,,,-0.0211981917
EmissionActivityRatio,NDCINC,ECU,SUPCAMHUMPIE,,CO2e_CUT,1,2018,,,,,,-0.0211981917
EmissionActivityRatio,NDCINC,ECU,SUPCAMHUMPIE,,CO2e_CUT,1,2019,,,,,,-0.0211981917
EmissionActivityRatio,NDCINC,ECU,SUPCAMHUMPIE,,CO2e_CUT,1,2020,,,,,,-0.0211981917
EmissionActivityRatio,NDCINC,ECU,SUPCAMHUMPIE,,CO2e_CUT,1,2021,,,,,,-0.0211981917
EmissionActivityRatio,NDCINC,ECU,SUPCAMHUMPIE,,CO2e_CUT,1,2022,,,,,,-0.0211981917
EmissionActivityRatio,NDCINC,ECU,SUPCAMHUMPIE,,CO2e_CUT,1,2023,,,,,,-0.0211981917
EmissionActivityRatio,NDCINC,ECU,SUPCAMHUMPIE,,CO2e_CUT,1,2024,,,,,,-0.0211981917
EmissionActivityRatio,NDCINC,ECU,SUPCAMHUMPIE,,CO2e_CUT,1,2025,,,,,,-0.0211981917
EmissionActivityRatio,NDCINC,ECU,SUPCAMHUMPIE,,CO2e_CUT,1,2026,,,,,,-0.0211981917
EmissionActivityRatio,NDCINC,ECU,SUPCAMHUMPIE,,CO2e_CUT,1,2027,,,,,,-0.0211981917
EmissionActivityRatio,NDCINC,ECU,SUPCAMHUMPIE,,CO2e_CUT,1,2028,,,,,,-0.0211981917
EmissionActivityRatio,NDCINC,ECU,SUPCAMHUMPIE,,CO2e_CUT,1,2029,,,,,,-0.0211981917
EmissionActivityRatio,NDCINC,ECU,SUPCAMHUMPIE,,CO2e_CUT,1,2030,,,,,,-0.0211981917
EmissionActivityRatio,NDCINC,ECU,SUPCAMHUMPIE,,CO2e_CUT,1,2031,,,,,,-0.0211981917
EmissionActivityRatio,NDCINC,ECU,SUPCAMHUMPIE,,CO2e_CUT,1,2032,,,,,,-0.0211981917
EmissionActivityRatio,NDCINC,ECU,SUPCAMHUMPIE,,CO2e_CUT,1,2033,,,,,,-0.0211981917
EmissionActivityRatio,NDCINC,ECU,SUPCAMHUMPIE,,CO2e_CUT,1,2034,,,,,,-0.0211981917
EmissionActivityRatio,NDCINC,ECU,SUPCAMHUMPIE,,CO2e_CUT,1,2035,,,,,,-0.0211981917
EmissionActivityRatio,NDCINC,ECU,SUPCAMHUMCEJ,,CO2e_CUT,1,2010,,,,,,-0.0211981917
EmissionActivityRatio,NDCINC,ECU,SUPCAMHUMCEJ,,CO2e_CUT,1,2011,,,,,,-0.0211981917
EmissionActivityRatio,NDCINC,ECU,SUPCAMHUMCEJ,,CO2e_CUT,1,2012,,,,,,-0.0211981917
EmissionActivityRatio,NDCINC,ECU,SUPCAMHUMCEJ,,CO2e_CUT,1,2013,,,,,,-0.0211981917
EmissionActivityRatio,NDCINC,ECU,SUPCAMHUMCEJ,,CO2e_CUT,1,2014,,,,,,-0.0211981917
EmissionActivityRatio,NDCINC,ECU,SUPCAMHUMCEJ,,CO2e_CUT,1,2015,,,,,,-0.0211981917
EmissionActivityRatio,NDCINC,ECU,SUPCAMHUMCEJ,,CO2e_CUT,1,2016,,,,,,-0.0211981917
EmissionActivityRatio,NDCINC,ECU,SUPCAMHUMCEJ,,CO2e_CUT,1,2017,,,,,,-0.0211981917
EmissionActivityRatio,NDCINC,ECU,SUPCAMHUMCEJ,,CO2e_CUT,1,2018,,,,,,-0.0211981917
EmissionActivityRatio,NDCINC,ECU,SUPCAMHUMCEJ,,CO2e_CUT,1,2019,,,,,,-0.0211981917
EmissionActivityRatio,NDCINC,ECU,SUPCAMHUMCEJ,,CO2e_CUT,1,2020,,,,,,-0.0211981917
EmissionActivityRatio,NDCINC,ECU,SUPCAMHUMCEJ,,CO2e_CUT,1,2021,,,,,,-0.0211981917
EmissionActivityRatio,NDCINC,ECU,SUPCAMHUMCEJ,,CO2e_CUT,1,2022,,,,,,-0.0211981917
EmissionActivityRatio,NDCINC,ECU,SUPCAMHUMCEJ,,CO2e_CUT,1,2023,,,,,,-0.0211981917
EmissionActivityRatio,NDCINC,ECU,SUPCAMHUMCEJ,,CO2e_CUT,1,2024,,,,,,-0.0211981917
EmissionActivityRatio,NDCINC,ECU,SUPCAMHUMCEJ,,CO2e_CUT,1,2025,,,,,,-0.0211981917
EmissionActivityRatio,NDCINC,ECU,SUPCAMHUMCEJ,,CO2e_CUT,1,2026,,,,,,-0.0211981917
EmissionActivityRatio,NDCINC,ECU,SUPCAMHUMCEJ,,CO2e_CUT,1,2027,,,,,,-0.0211981917
EmissionActivityRatio,NDCINC,ECU,SUPCAMHUMCEJ,,CO2e_CUT,1,2028,,,,,,-0.0211981917
EmissionActivityRatio,NDCINC,ECU,SUPCAMHUMCEJ,,CO2e_CUT,1,2029,,,,,,-0.0211981917
EmissionActivityRatio,NDCINC,ECU,SUPCAMHUMCEJ,,CO2e_CUT,1,2030,,,,,,-0.0211981917
EmissionActivityRatio,NDCINC,ECU,SUPCAMHUMCEJ,,CO2e_CUT,1,2031,,,,,,-0.0211981917
EmissionActivityRatio,NDCINC,ECU,SUPCAMHUMCEJ,,CO2e_CUT,1,2032,,,,,,-0.0211981917
EmissionActivityRatio,NDCINC,ECU,SUPCAMHUMCEJ,,CO2e_CUT,1,2033,,,,,,-0.0211981917
EmissionActivityRatio,NDCINC,ECU,SUPCAMHUMCEJ,,CO2e_CUT,1,2034,,,,,,-0.0211981917
EmissionActivityRatio,NDCINC,ECU,SUPCAMHUMCEJ,,CO2e_CUT,1,2035,,,,,,-0.0211981917
EmissionActivityRatio,NDCINC,ECU,SUPCAMHUMAMA,,CO2e_CUT,1,2010,,,,,,-0.0211981917
EmissionActivityRatio,NDCINC,ECU,SUPCAMHUMAMA,,CO2e_CUT,1,2011,,,,,,-0.0211981917
EmissionActivityRatio,NDCINC,ECU,SUPCAMHUMAMA,,CO2e_CUT,1,2012,,,,,,-0.0211981917
EmissionActivityRatio,NDCINC,ECU,SUPCAMHUMAMA,,CO2e_CUT,1,2013,,,,,,-0.0211981917
EmissionActivityRatio,NDCINC,ECU,SUPCAMHUMAMA,,CO2e_CUT,1,2014,,,,,,-0.0211981917
EmissionActivityRatio,NDCINC,ECU,SUPCAMHUMAMA,,CO2e_CUT,1,2015,,,,,,-0.0211981917
EmissionActivityRatio,NDCINC,ECU,SUPCAMHUMAMA,,CO2e_CUT,1,2016,,,,,,-0.0211981917
EmissionActivityRatio,NDCINC,ECU,SUPCAMHUMAMA,,CO2e_CUT,1,2017,,,,,,-0.0211981917
EmissionActivityRatio,NDCINC,ECU,SUPCAMHUMAMA,,CO2e_CUT,1,2018,,,,,,-0.0211981917
EmissionActivityRatio,NDCINC,ECU,SUPCAMHUMAMA,,CO2e_CUT,1,2019,,,,,,-0.0211981917
EmissionActivityRatio,NDCINC,ECU,SUPCAMHUMAMA,,CO2e_CUT,1,2020,,,,,,-0.0211981917
EmissionActivityRatio,NDCINC,ECU,SUPCAMHUMAMA,,CO2e_CUT,1,2021,,,,,,-0.0211981917
EmissionActivityRatio,NDCINC,ECU,SUPCAMHUMAMA,,CO2e_CUT,1,2022,,,,,,-0.0211981917
EmissionActivityRatio,NDCINC,ECU,SUPCAMHUMAMA,,CO2e_CUT,1,2023,,,,,,-0.0211981917
EmissionActivityRatio,NDCINC,ECU,SUPCAMHUMAMA,,CO2e_CUT,1,2024,,,,,,-0.0211981917
EmissionActivityRatio,NDCINC,ECU,SUPCAMHUMAMA,,CO2e_CUT,1,2025,,,,,,-0.0211981917
EmissionActivityRatio,NDCINC,ECU,SUPCAMHUMAMA,,CO2e_CUT,1,2026,,,,,,-0.0211981917
EmissionActivityRatio,NDCINC,ECU,SUPCAMHUMAMA,,CO2e_CUT,1,2027,,,,,,-0.0211981917
EmissionActivityRatio,NDCINC,ECU,SUPCAMHUMAMA,,CO2e_CUT,1,2028,,,,,,-0.0211981917
EmissionActivityRatio,NDCINC,ECU,SUPCAMHUMAMA,,CO2e_CUT,1,2029,,,,,,-0.0211981917
EmissionActivityRatio,NDCINC,ECU,SUPCAMHUMAMA,,CO2e_CUT,1,2030,,,,,,-0.0211981917
EmissionActivityRatio,NDCINC,ECU,SUPCAMHUMAMA,,CO2e_CUT,1,2031,,,,,,-0.0211981917
EmissionActivityRatio,NDCINC,ECU,SUPCAMHUMAMA,,CO2e_CUT,1,2032,,,,,,-0.0211981917
EmissionActivityRatio,NDCINC,ECU,SUPCAMHUMAMA,,CO2e_CUT,1,2033,,,,,,-0.0211981917
EmissionActivityRatio,NDCINC,ECU,SUPCAMHUMAMA,,CO2e_CUT,1,2034,,,,,,-0.0211981917
EmissionActivityRatio,NDCINC,ECU,SUPCAMHUMAMA,,CO2e_CUT,1,2035,,,,,,-0.0211981917
EmissionActivityRatio,NDCINC,ECU,SUPCAMHUMCHO,,CO2e_CUT,1,2010,,,,,,-0.0211981917
EmissionActivityRatio,NDCINC,ECU,SUPCAMHUMCHO,,CO2e_CUT,1,2011,,,,,,-0.0211981917
EmissionActivityRatio,NDCINC,ECU,SUPCAMHUMCHO,,CO2e_CUT,1,2012,,,,,,-0.0211981917
EmissionActivityRatio,NDCINC,ECU,SUPCAMHUMCHO,,CO2e_CUT,1,2013,,,,,,-0.0211981917
EmissionActivityRatio,NDCINC,ECU,SUPCAMHUMCHO,,CO2e_CUT,1,2014,,,,,,-0.0211981917
EmissionActivityRatio,NDCINC,ECU,SUPCAMHUMCHO,,CO2e_CUT,1,2015,,,,,,-0.0211981917
EmissionActivityRatio,NDCINC,ECU,SUPCAMHUMCHO,,CO2e_CUT,1,2016,,,,,,-0.0211981917
EmissionActivityRatio,NDCINC,ECU,SUPCAMHUMCHO,,CO2e_CUT,1,2017,,,,,,-0.0211981917
EmissionActivityRatio,NDCINC,ECU,SUPCAMHUMCHO,,CO2e_CUT,1,2018,,,,,,-0.0211981917
EmissionActivityRatio,NDCINC,ECU,SUPCAMHUMCHO,,CO2e_CUT,1,2019,,,,,,-0.0211981917
EmissionActivityRatio,NDCINC,ECU,SUPCAMHUMCHO,,CO2e_CUT,1,2020,,,,,,-0.0211981917
EmissionActivityRatio,NDCINC,ECU,SUPCAMHUMCHO,,CO2e_CUT,1,2021,,,,,,-0.0211981917
EmissionActivityRatio,NDCINC,ECU,SUPCAMHUMCHO,,CO2e_CUT,1,2022,,,,,,-0.0211981917
EmissionActivityRatio,NDCINC,ECU,SUPCAMHUMCHO,,CO2e_CUT,1,2023,,,,,,-0.0211981917
EmissionActivityRatio,NDCINC,ECU,SUPCAMHUMCHO,,CO2e_CUT,1,2024,,,,,,-0.0211981917
EmissionActivityRatio,NDCINC,ECU,SUPCAMHUMCHO,,CO2e_CUT,1,2025,,,,,,-0.0211981917
EmissionActivityRatio,NDCINC,ECU,SUPCAMHUMCHO,,CO2e_CUT,1,2026,,,,,,-0.0211981917
EmissionActivityRatio,NDCINC,ECU,SUPCAMHUMCHO,,CO2e_CUT,1,2027,,,,,,-0.0211981917
EmissionActivityRatio,NDCINC,ECU,SUPCAMHUMCHO,,CO2e_CUT,1,2028,,,,,,-0.0211981917
EmissionActivityRatio,NDCINC,ECU,SUPCAMHUMCHO,,CO2e_CUT,1,2029,,,,,,-0.0211981917
EmissionActivityRatio,NDCINC,ECU,SUPCAMHUMCHO,,CO2e_CUT,1,2030,,,,,,-0.0211981917
EmissionActivityRatio,NDCINC,ECU,SUPCAMHUMCHO,,CO2e_CUT,1,2031,,,,,,-0.0211981917
EmissionActivityRatio,NDCINC,ECU,SUPCAMHUMCHO,,CO2e_CUT,1,2032,,,,,,-0.0211981917
EmissionActivityRatio,NDCINC,ECU,SUPCAMHUMCHO,,CO2e_CUT,1,2033,,,,,,-0.0211981917
EmissionActivityRatio,NDCINC,ECU,SUPCAMHUMCHO,,CO2e_CUT,1,2034,,,,,,-0.0211981917
EmissionActivityRatio,NDCINC,ECU,SUPCAMHUMCHO,,CO2e_CUT,1,2035,,,,,,-0.0211981917
EmissionActivityRatio,NDCINC,ECU,SUPCAMHUMMAN,,CO2e_CUT,1,2010,,,,,,-0.0211981917
EmissionActivityRatio,NDCINC,ECU,SUPCAMHUMMAN,,CO2e_CUT,1,2011,,,,,,-0.0211981917
EmissionActivityRatio,NDCINC,ECU,SUPCAMHUMMAN,,CO2e_CUT,1,2012,,,,,,-0.0211981917
EmissionActivityRatio,NDCINC,ECU,SUPCAMHUMMAN,,CO2e_CUT,1,2013,,,,,,-0.0211981917
EmissionActivityRatio,NDCINC,ECU,SUPCAMHUMMAN,,CO2e_CUT,1,2014,,,,,,-0.0211981917
EmissionActivityRatio,NDCINC,ECU,SUPCAMHUMMAN,,CO2e_CUT,1,2015,,,,,,-0.0211981917
EmissionActivityRatio,NDCINC,ECU,SUPCAMHUMMAN,,CO2e_CUT,1,2016,,,,,,-0.0211981917
EmissionActivityRatio,NDCINC,ECU,SUPCAMHUMMAN,,CO2e_CUT,1,2017,,,,,,-0.0211981917
EmissionActivityRatio,NDCINC,ECU,SUPCAMHUMMAN,,CO2e_CUT,1,2018,,,,,,-0.0211981917
EmissionActivityRatio,NDCINC,ECU,SUPCAMHUMMAN,,CO2e_CUT,1,2019,,,,,,-0.0211981917
EmissionActivityRatio,NDCINC,ECU,SUPCAMHUMMAN,,CO2e_CUT,1,2020,,,,,,-0.0211981917
EmissionActivityRatio,NDCINC,ECU,SUPCAMHUMMAN,,CO2e_CUT,1,2021,,,,,,-0.0211981917
EmissionActivityRatio,NDCINC,ECU,SUPCAMHUMMAN,,CO2e_CUT,1,2022,,,,,,-0.0211981917
EmissionActivityRatio,NDCINC,ECU,SUPCAMHUMMAN,,CO2e_CUT,1,2023,,,,,,-0.0211981917
EmissionActivityRatio,NDCINC,ECU,SUPCAMHUMMAN,,CO2e_CUT,1,2024,,,,,,-0.0211981917
EmissionActivityRatio,NDCINC,ECU,SUPCAMHUMMAN,,CO2e_CUT,1,2025,,,,,,-0.0211981917
EmissionActivityRatio,NDCINC,ECU,SUPCAMHUMMAN,,CO2e_CUT,1,2026,,,,,,-0.0211981917
EmissionActivityRatio,NDCINC,ECU,SUPCAMHUMMAN,,CO2e_CUT,1,2027,,,,,,-0.0211981917
EmissionActivityRatio,NDCINC,ECU,SUPCAMHUMMAN,,CO2e_CUT,1,2028,,,,,,-0.0211981917
EmissionActivityRatio,NDCINC,ECU,SUPCAMHUMMAN,,CO2e_CUT,1,2029,,,,,,-0.0211981917
EmissionActivityRatio,NDCINC,ECU,SUPCAMHUMMAN,,CO2e_CUT,1,2030,,,,,,-0.0211981917
EmissionActivityRatio,NDCINC,ECU,SUPCAMHUMMAN,,CO2e_CUT,1,2031,,,,,,-0.0211981917
EmissionActivityRatio,NDCINC,ECU,SUPCAMHUMMAN,,CO2e_CUT,1,2032,,,,,,-0.0211981917
EmissionActivityRatio,NDCINC,ECU,SUPCAMHUMMAN,,CO2e_CUT,1,2033,,,,,,-0.0211981917
EmissionActivityRatio,NDCINC,ECU,SUPCAMHUMMAN,,CO2e_CUT,1,2034,,,,,,-0.0211981917
EmissionActivityRatio,NDCINC,ECU,SUPCAMHUMMAN,,CO2e_CUT,1,2035,,,,,,-0.0211981917
EmissionActivityRatio,NDCINC,ECU,SUPCAMHUMMOR,,CO2e_CUT,1,2010,,,,,,-0.0211981917
EmissionActivityRatio,NDCINC,ECU,SUPCAMHUMMOR,,CO2e_CUT,1,2011,,,,,,-0.0211981917
EmissionActivityRatio,NDCINC,ECU,SUPCAMHUMMOR,,CO2e_CUT,1,2012,,,,,,-0.0211981917
EmissionActivityRatio,NDCINC,ECU,SUPCAMHUMMOR,,CO2e_CUT,1,2013,,,,,,-0.0211981917
EmissionActivityRatio,NDCINC,ECU,SUPCAMHUMMOR,,CO2e_CUT,1,2014,,,,,,-0.0211981917
EmissionActivityRatio,NDCINC,ECU,SUPCAMHUMMOR,,CO2e_CUT,1,2015,,,,,,-0.0211981917
EmissionActivityRatio,NDCINC,ECU,SUPCAMHUMMOR,,CO2e_CUT,1,2016,,,,,,-0.0211981917
EmissionActivityRatio,NDCINC,ECU,SUPCAMHUMMOR,,CO2e_CUT,1,2017,,,,,,-0.0211981917
EmissionActivityRatio,NDCINC,ECU,SUPCAMHUMMOR,,CO2e_CUT,1,2018,,,,,,-0.0211981917
EmissionActivityRatio,NDCINC,ECU,SUPCAMHUMMOR,,CO2e_CUT,1,2019,,,,,,-0.0211981917
EmissionActivityRatio,NDCINC,ECU,SUPCAMHUMMOR,,CO2e_CUT,1,2020,,,,,,-0.0211981917
EmissionActivityRatio,NDCINC,ECU,SUPCAMHUMMOR,,CO2e_CUT,1,2021,,,,,,-0.0211981917
EmissionActivityRatio,NDCINC,ECU,SUPCAMHUMMOR,,CO2e_CUT,1,2022,,,,,,-0.0211981917
EmissionActivityRatio,NDCINC,ECU,SUPCAMHUMMOR,,CO2e_CUT,1,2023,,,,,,-0.0211981917
EmissionActivityRatio,NDCINC,ECU,SUPCAMHUMMOR,,CO2e_CUT,1,2024,,,,,,-0.0211981917
EmissionActivityRatio,NDCINC,ECU,SUPCAMHUMMOR,,CO2e_CUT,1,2025,,,,,,-0.0211981917
EmissionActivityRatio,NDCINC,ECU,SUPCAMHUMMOR,,CO2e_CUT,1,2026,,,,,,-0.0211981917
EmissionActivityRatio,NDCINC,ECU,SUPCAMHUMMOR,,CO2e_CUT,1,2027,,,,,,-0.0211981917
EmissionActivityRatio,NDCINC,ECU,SUPCAMHUMMOR,,CO2e_CUT,1,2028,,,,,,-0.0211981917
EmissionActivityRatio,NDCINC,ECU,SUPCAMHUMMOR,,CO2e_CUT,1,2029,,,,,,-0.0211981917
EmissionActivityRatio,NDCINC,ECU,SUPCAMHUMMOR,,CO2e_CUT,1,2030,,,,,,-0.0211981917
EmissionActivityRatio,NDCINC,ECU,SUPCAMHUMMOR,,CO2e_CUT,1,2031,,,,,,-0.0211981917
EmissionActivityRatio,NDCINC,ECU,SUPCAMHUMMOR,,CO2e_CUT,1,2032,,,,,,-0.0211981917
EmissionActivityRatio,NDCINC,ECU,SUPCAMHUMMOR,,CO2e_CUT,1,2033,,,,,,-0.0211981917
EmissionActivityRatio,NDCINC,ECU,SUPCAMHUMMOR,,CO2e_CUT,1,2034,,,,,,-0.0211981917
EmissionActivityRatio,NDCINC,ECU,SUPCAMHUMMOR,,CO2e_CUT,1,2035,,,,,,-0.0211981917
EmissionActivityRatio,NDCINC,ECU,SUPCAMHUMPFO,,CO2e_CUT,1,2010,,,,,,-0.0211981917
EmissionActivityRatio,NDCINC,ECU,SUPCAMHUMPFO,,CO2e_CUT,1,2011,,,,,,-0.0211981917
EmissionActivityRatio,NDCINC,ECU,SUPCAMHUMPFO,,CO2e_CUT,1,2012,,,,,,-0.0211981917
EmissionActivityRatio,NDCINC,ECU,SUPCAMHUMPFO,,CO2e_CUT,1,2013,,,,,,-0.0211981917
EmissionActivityRatio,NDCINC,ECU,SUPCAMHUMPFO,,CO2e_CUT,1,2014,,,,,,-0.0211981917
EmissionActivityRatio,NDCINC,ECU,SUPCAMHUMPFO,,CO2e_CUT,1,2015,,,,,,-0.0211981917
EmissionActivityRatio,NDCINC,ECU,SUPCAMHUMPFO,,CO2e_CUT,1,2016,,,,,,-0.0211981917
EmissionActivityRatio,NDCINC,ECU,SUPCAMHUMPFO,,CO2e_CUT,1,2017,,,,,,-0.0211981917
EmissionActivityRatio,NDCINC,ECU,SUPCAMHUMPFO,,CO2e_CUT,1,2018,,,,,,-0.0211981917
EmissionActivityRatio,NDCINC,ECU,SUPCAMHUMPFO,,CO2e_CUT,1,2019,,,,,,-0.0211981917
EmissionActivityRatio,NDCINC,ECU,SUPCAMHUMPFO,,CO2e_CUT,1,2020,,,,,,-0.0211981917
EmissionActivityRatio,NDCINC,ECU,SUPCAMHUMPFO,,CO2e_CUT,1,2021,,,,,,-0.0211981917
EmissionActivityRatio,NDCINC,ECU,SUPCAMHUMPFO,,CO2e_CUT,1,2022,,,,,,-0.0211981917
EmissionActivityRatio,NDCINC,ECU,SUPCAMHUMPFO,,CO2e_CUT,1,2023,,,,,,-0.0211981917
EmissionActivityRatio,NDCINC,ECU,SUPCAMHUMPFO,,CO2e_CUT,1,2024,,,,,,-0.0211981917
EmissionActivityRatio,NDCINC,ECU,SUPCAMHUMPFO,,CO2e_CUT,1,2025,,,,,,-0.0211981917
EmissionActivityRatio,NDCINC,ECU,SUPCAMHUMPFO,,CO2e_CUT,1,2026,,,,,,-0.0211981917
EmissionActivityRatio,NDCINC,ECU,SUPCAMHUMPFO,,CO2e_CUT,1,2027,,,,,,-0.0211981917
EmissionActivityRatio,NDCINC,ECU,SUPCAMHUMPFO,,CO2e_CUT,1,2028,,,,,,-0.0211981917
EmissionActivityRatio,NDCINC,ECU,SUPCAMHUMPFO,,CO2e_CUT,1,2029,,,,,,-0.0211981917
EmissionActivityRatio,NDCINC,ECU,SUPCAMHUMPFO,,CO2e_CUT,1,2030,,,,,,-0.0211981917
EmissionActivityRatio,NDCINC,ECU,SUPCAMHUMPFO,,CO2e_CUT,1,2031,,,,,,-0.0211981917
EmissionActivityRatio,NDCINC,ECU,SUPCAMHUMPFO,,CO2e_CUT,1,2032,,,,,,-0.0211981917
EmissionActivityRatio,NDCINC,ECU,SUPCAMHUMPFO,,CO2e_CUT,1,2033,,,,,,-0.0211981917
EmissionActivityRatio,NDCINC,ECU,SUPCAMHUMPFO,,CO2e_CUT,1,2034,,,,,,-0.0211981917
EmissionActivityRatio,NDCINC,ECU,SUPCAMHUMPFO,,CO2e_CUT,1,2035,,,,,,-0.0211981917
EmissionActivityRatio,NDCINC,ECU,SUPCAMOTIAND,,CO2e_CUT,1,2010,,,,,,-0.0211981917
EmissionActivityRatio,NDCINC,ECU,SUPCAMOTIAND,,CO2e_CUT,1,2011,,,,,,-0.0211981917
EmissionActivityRatio,NDCINC,ECU,SUPCAMOTIAND,,CO2e_CUT,1,2012,,,,,,-0.0211981917
EmissionActivityRatio,NDCINC,ECU,SUPCAMOTIAND,,CO2e_CUT,1,2013,,,,,,-0.0211981917
EmissionActivityRatio,NDCINC,ECU,SUPCAMOTIAND,,CO2e_CUT,1,2014,,,,,,-0.0211981917
EmissionActivityRatio,NDCINC,ECU,SUPCAMOTIAND,,CO2e_CUT,1,2015,,,,,,-0.0211981917
EmissionActivityRatio,NDCINC,ECU,SUPCAMOTIAND,,CO2e_CUT,1,2016,,,,,,-0.0211981917
EmissionActivityRatio,NDCINC,ECU,SUPCAMOTIAND,,CO2e_CUT,1,2017,,,,,,-0.0211981917
EmissionActivityRatio,NDCINC,ECU,SUPCAMOTIAND,,CO2e_CUT,1,2018,,,,,,-0.0211981917
EmissionActivityRatio,NDCINC,ECU,SUPCAMOTIAND,,CO2e_CUT,1,2019,,,,,,-0.0211981917
EmissionActivityRatio,NDCINC,ECU,SUPCAMOTIAND,,CO2e_CUT,1,2020,,,,,,-0.0211981917
EmissionActivityRatio,NDCINC,ECU,SUPCAMOTIAND,,CO2e_CUT,1,2021,,,,,,-0.0211981917
EmissionActivityRatio,NDCINC,ECU,SUPCAMOTIAND,,CO2e_CUT,1,2022,,,,,,-0.0211981917
EmissionActivityRatio,NDCINC,ECU,SUPCAMOTIAND,,CO2e_CUT,1,2023,,,,,,-0.0211981917
EmissionActivityRatio,NDCINC,ECU,SUPCAMOTIAND,,CO2e_CUT,1,2024,,,,,,-0.0211981917
EmissionActivityRatio,NDCINC,ECU,SUPCAMOTIAND,,CO2e_CUT,1,2025,,,,,,-0.0211981917
EmissionActivityRatio,NDCINC,ECU,SUPCAMOTIAND,,CO2e_CUT,1,2026,,,,,,-0.0211981917
EmissionActivityRatio,NDCINC,ECU,SUPCAMOTIAND,,CO2e_CUT,1,2027,,,,,,-0.0211981917
EmissionActivityRatio,NDCINC,ECU,SUPCAMOTIAND,,CO2e_CUT,1,2028,,,,,,-0.0211981917
EmissionActivityRatio,NDCINC,ECU,SUPCAMOTIAND,,CO2e_CUT,1,2029,,,,,,-0.0211981917
EmissionActivityRatio,NDCINC,ECU,SUPCAMOTIAND,,CO2e_CUT,1,2030,,,,,,-0.0211981917
EmissionActivityRatio,NDCINC,ECU,SUPCAMOTIAND,,CO2e_CUT,1,2031,,,,,,-0.0211981917
EmissionActivityRatio,NDCINC,ECU,SUPCAMOTIAND,,CO2e_CUT,1,2032,,,,,,-0.0211981917
EmissionActivityRatio,NDCINC,ECU,SUPCAMOTIAND,,CO2e_CUT,1,2033,,,,,,-0.0211981917
EmissionActivityRatio,NDCINC,ECU,SUPCAMOTIAND,,CO2e_CUT,1,2034,,,,,,-0.0211981917
EmissionActivityRatio,NDCINC,ECU,SUPCAMOTIAND,,CO2e_CUT,1,2035,,,,,,-0.0211981917
EmissionActivityRatio,NDCINC,ECU,SUPCAMOTIPLU,,CO2e_CUT,1,2010,,,,,,-0.0211981917
EmissionActivityRatio,NDCINC,ECU,SUPCAMOTIPLU,,CO2e_CUT,1,2011,,,,,,-0.0211981917
EmissionActivityRatio,NDCINC,ECU,SUPCAMOTIPLU,,CO2e_CUT,1,2012,,,,,,-0.0211981917
EmissionActivityRatio,NDCINC,ECU,SUPCAMOTIPLU,,CO2e_CUT,1,2013,,,,,,-0.0211981917
EmissionActivityRatio,NDCINC,ECU,SUPCAMOTIPLU,,CO2e_CUT,1,2014,,,,,,-0.0211981917
EmissionActivityRatio,NDCINC,ECU,SUPCAMOTIPLU,,CO2e_CUT,1,2015,,,,,,-0.0211981917
EmissionActivityRatio,NDCINC,ECU,SUPCAMOTIPLU,,CO2e_CUT,1,2016,,,,,,-0.0211981917
EmissionActivityRatio,NDCINC,ECU,SUPCAMOTIPLU,,CO2e_CUT,1,2017,,,,,,-0.0211981917
EmissionActivityRatio,NDCINC,ECU,SUPCAMOTIPLU,,CO2e_CUT,1,2018,,,,,,-0.0211981917
EmissionActivityRatio,NDCINC,ECU,SUPCAMOTIPLU,,CO2e_CUT,1,2019,,,,,,-0.0211981917
EmissionActivityRatio,NDCINC,ECU,SUPCAMOTIPLU,,CO2e_CUT,1,2020,,,,,,-0.0211981917
EmissionActivityRatio,NDCINC,ECU,SUPCAMOTIPLU,,CO2e_CUT,1,2021,,,,,,-0.0211981917
EmissionActivityRatio,NDCINC,ECU,SUPCAMOTIPLU,,CO2e_CUT,1,2022,,,,,,-0.0211981917
EmissionActivityRatio,NDCINC,ECU,SUPCAMOTIPLU,,CO2e_CUT,1,2023,,,,,,-0.0211981917
EmissionActivityRatio,NDCINC,ECU,SUPCAMOTIPLU,,CO2e_CUT,1,2024,,,,,,-0.0211981917
EmissionActivityRatio,NDCINC,ECU,SUPCAMOTIPLU,,CO2e_CUT,1,2025,,,,,,-0.0211981917
EmissionActivityRatio,NDCINC,ECU,SUPCAMOTIPLU,,CO2e_CUT,1,2026,,,,,,-0.0211981917
EmissionActivityRatio,NDCINC,ECU,SUPCAMOTIPLU,,CO2e_CUT,1,2027,,,,,,-0.0211981917
EmissionActivityRatio,NDCINC,ECU,SUPCAMOTIPLU,,CO2e_CUT,1,2028,,,,,,-0.0211981917
EmissionActivityRatio,NDCINC,ECU,SUPCAMOTIPLU,,CO2e_CUT,1,2029,,,,,,-0.0211981917
EmissionActivityRatio,NDCINC,ECU,SUPCAMOTIPLU,,CO2e_CUT,1,2030,,,,,,-0.0211981917
EmissionActivityRatio,NDCINC,ECU,SUPCAMOTIPLU,,CO2e_CUT,1,2031,,,,,,-0.0211981917
EmissionActivityRatio,NDCINC,ECU,SUPCAMOTIPLU,,CO2e_CUT,1,2032,,,,,,-0.0211981917
EmissionActivityRatio,NDCINC,ECU,SUPCAMOTIPLU,,CO2e_CUT,1,2033,,,,,,-0.0211981917
EmissionActivityRatio,NDCINC,ECU,SUPCAMOTIPLU,,CO2e_CUT,1,2034,,,,,,-0.0211981917
EmissionActivityRatio,NDCINC,ECU,SUPCAMOTIPLU,,CO2e_CUT,1,2035,,,,,,-0.0211981917
EmissionActivityRatio,NDCINC,ECU,SUPCAMOTIMON,,CO2e_CUT,1,2010,,,,,,-0.0211981917
EmissionActivityRatio,NDCINC,ECU,SUPCAMOTIMON,,CO2e_CUT,1,2011,,,,,,-0.0211981917
EmissionActivityRatio,NDCINC,ECU,SUPCAMOTIMON,,CO2e_CUT,1,2012,,,,,,-0.0211981917
EmissionActivityRatio,NDCINC,ECU,SUPCAMOTIMON,,CO2e_CUT,1,2013,,,,,,-0.0211981917
EmissionActivityRatio,NDCINC,ECU,SUPCAMOTIMON,,CO2e_CUT,1,2014,,,,,,-0.0211981917
EmissionActivityRatio,NDCINC,ECU,SUPCAMOTIMON,,CO2e_CUT,1,2015,,,,,,-0.0211981917
EmissionActivityRatio,NDCINC,ECU,SUPCAMOTIMON,,CO2e_CUT,1,2016,,,,,,-0.0211981917
EmissionActivityRatio,NDCINC,ECU,SUPCAMOTIMON,,CO2e_CUT,1,2017,,,,,,-0.0211981917
EmissionActivityRatio,NDCINC,ECU,SUPCAMOTIMON,,CO2e_CUT,1,2018,,,,,,-0.0211981917
EmissionActivityRatio,NDCINC,ECU,SUPCAMOTIMON,,CO2e_CUT,1,2019,,,,,,-0.0211981917
EmissionActivityRatio,NDCINC,ECU,SUPCAMOTIMON,,CO2e_CUT,1,2020,,,,,,-0.0211981917
EmissionActivityRatio,NDCINC,ECU,SUPCAMOTIMON,,CO2e_CUT,1,2021,,,,,,-0.0211981917
EmissionActivityRatio,NDCINC,ECU,SUPCAMOTIMON,,CO2e_CUT,1,2022,,,,,,-0.0211981917
EmissionActivityRatio,NDCINC,ECU,SUPCAMOTIMON,,CO2e_CUT,1,2023,,,,,,-0.0211981917
EmissionActivityRatio,NDCINC,ECU,SUPCAMOTIMON,,CO2e_CUT,1,2024,,,,,,-0.0211981917
EmissionActivityRatio,NDCINC,ECU,SUPCAMOTIMON,,CO2e_CUT,1,2025,,,,,,-0.0211981917
EmissionActivityRatio,NDCINC,ECU,SUPCAMOTIMON,,CO2e_CUT,1,2026,,,,,,-0.0211981917
EmissionActivityRatio,NDCINC,ECU,SUPCAMOTIMON,,CO2e_CUT,1,2027,,,,,,-0.0211981917
EmissionActivityRatio,NDCINC,ECU,SUPCAMOTIMON,,CO2e_CUT,1,2028,,,,,,-0.0211981917
EmissionActivityRatio,NDCINC,ECU,SUPCAMOTIMON,,CO2e_CUT,1,2029,,,,,,-0.0211981917
EmissionActivityRatio,NDCINC,ECU,SUPCAMOTIMON,,CO2e_CUT,1,2030,,,,,,-0.0211981917
EmissionActivityRatio,NDCINC,ECU,SUPCAMOTIMON,,CO2e_CUT,1,2031,,,,,,-0.0211981917
EmissionActivityRatio,NDCINC,ECU,SUPCAMOTIMON,,CO2e_CUT,1,2032,,,,,,-0.0211981917
EmissionActivityRatio,NDCINC,ECU,SUPCAMOTIMON,,CO2e_CUT,1,2033,,,,,,-0.0211981917
EmissionActivityRatio,NDCINC,ECU,SUPCAMOTIMON,,CO2e_CUT,1,2034,,,,,,-0.0211981917
EmissionActivityRatio,NDCINC,ECU,SUPCAMOTIMON,,CO2e_CUT,1,2035,,,,,,-0.0211981917
EmissionActivityRatio,NDCINC,ECU,SUPCAMOTIPIE,,CO2e_CUT,1,2010,,,,,,-0.0211981917
EmissionActivityRatio,NDCINC,ECU,SUPCAMOTIPIE,,CO2e_CUT,1,2011,,,,,,-0.0211981917
EmissionActivityRatio,NDCINC,ECU,SUPCAMOTIPIE,,CO2e_CUT,1,2012,,,,,,-0.0211981917
EmissionActivityRatio,NDCINC,ECU,SUPCAMOTIPIE,,CO2e_CUT,1,2013,,,,,,-0.0211981917
EmissionActivityRatio,NDCINC,ECU,SUPCAMOTIPIE,,CO2e_CUT,1,2014,,,,,,-0.0211981917
EmissionActivityRatio,NDCINC,ECU,SUPCAMOTIPIE,,CO2e_CUT,1,2015,,,,,,-0.0211981917
EmissionActivityRatio,NDCINC,ECU,SUPCAMOTIPIE,,CO2e_CUT,1,2016,,,,,,-0.0211981917
EmissionActivityRatio,NDCINC,ECU,SUPCAMOTIPIE,,CO2e_CUT,1,2017,,,,,,-0.0211981917
EmissionActivityRatio,NDCINC,ECU,SUPCAMOTIPIE,,CO2e_CUT,1,2018,,,,,,-0.0211981917
EmissionActivityRatio,NDCINC,ECU,SUPCAMOTIPIE,,CO2e_CUT,1,2019,,,,,,-0.0211981917
EmissionActivityRatio,NDCINC,ECU,SUPCAMOTIPIE,,CO2e_CUT,1,2020,,,,,,-0.0211981917
EmissionActivityRatio,NDCINC,ECU,SUPCAMOTIPIE,,CO2e_CUT,1,2021,,,,,,-0.0211981917
EmissionActivityRatio,NDCINC,ECU,SUPCAMOTIPIE,,CO2e_CUT,1,2022,,,,,,-0.0211981917
EmissionActivityRatio,NDCINC,ECU,SUPCAMOTIPIE,,CO2e_CUT,1,2023,,,,,,-0.0211981917
EmissionActivityRatio,NDCINC,ECU,SUPCAMOTIPIE,,CO2e_CUT,1,2024,,,,,,-0.0211981917
EmissionActivityRatio,NDCINC,ECU,SUPCAMOTIPIE,,CO2e_CUT,1,2025,,,,,,-0.0211981917
EmissionActivityRatio,NDCINC,ECU,SUPCAMOTIPIE,,CO2e_CUT,1,2026,,,,,,-0.0211981917
EmissionActivityRatio,NDCINC,ECU,SUPCAMOTIPIE,,CO2e_CUT,1,2027,,,,,,-0.0211981917
EmissionActivityRatio,NDCINC,ECU,SUPCAMOTIPIE,,CO2e_CUT,1,2028,,,,,,-0.0211981917
EmissionActivityRatio,NDCINC,ECU,SUPCAMOTIPIE,,CO2e_CUT,1,2029,,,,,,-0.0211981917
EmissionActivityRatio,NDCINC,ECU,SUPCAMOTIPIE,,CO2e_CUT,1,2030,,,,,,-0.0211981917
EmissionActivityRatio,NDCINC,ECU,SUPCAMOTIPIE,,CO2e_CUT,1,2031,,,,,,-0.0211981917
EmissionActivityRatio,NDCINC,ECU,SUPCAMOTIPIE,,CO2e_CUT,1,2032,,,,,,-0.0211981917
EmissionActivityRatio,NDCINC,ECU,SUPCAMOTIPIE,,CO2e_CUT,1,2033,,,,,,-0.0211981917
EmissionActivityRatio,NDCINC,ECU,SUPCAMOTIPIE,,CO2e_CUT,1,2034,,,,,,-0.0211981917
EmissionActivityRatio,NDCINC,ECU,SUPCAMOTIPIE,,CO2e_CUT,1,2035,,,,,,-0.0211981917
EmissionActivityRatio,NDCINC,ECU,SUPCAMOTICEJ,,CO2e_CUT,1,2010,,,,,,-0.0211981917
EmissionActivityRatio,NDCINC,ECU,SUPCAMOTICEJ,,CO2e_CUT,1,2011,,,,,,-0.0211981917
EmissionActivityRatio,NDCINC,ECU,SUPCAMOTICEJ,,CO2e_CUT,1,2012,,,,,,-0.0211981917
EmissionActivityRatio,NDCINC,ECU,SUPCAMOTICEJ,,CO2e_CUT,1,2013,,,,,,-0.0211981917
EmissionActivityRatio,NDCINC,ECU,SUPCAMOTICEJ,,CO2e_CUT,1,2014,,,,,,-0.0211981917
EmissionActivityRatio,NDCINC,ECU,SUPCAMOTICEJ,,CO2e_CUT,1,2015,,,,,,-0.0211981917
EmissionActivityRatio,NDCINC,ECU,SUPCAMOTICEJ,,CO2e_CUT,1,2016,,,,,,-0.0211981917
EmissionActivityRatio,NDCINC,ECU,SUPCAMOTICEJ,,CO2e_CUT,1,2017,,,,,,-0.0211981917
EmissionActivityRatio,NDCINC,ECU,SUPCAMOTICEJ,,CO2e_CUT,1,2018,,,,,,-0.0211981917
EmissionActivityRatio,NDCINC,ECU,SUPCAMOTICEJ,,CO2e_CUT,1,2019,,,,,,-0.0211981917
EmissionActivityRatio,NDCINC,ECU,SUPCAMOTICEJ,,CO2e_CUT,1,2020,,,,,,-0.0211981917
EmissionActivityRatio,NDCINC,ECU,SUPCAMOTICEJ,,CO2e_CUT,1,2021,,,,,,-0.0211981917
EmissionActivityRatio,NDCINC,ECU,SUPCAMOTICEJ,,CO2e_CUT,1,2022,,,,,,-0.0211981917
EmissionActivityRatio,NDCINC,ECU,SUPCAMOTICEJ,,CO2e_CUT,1,2023,,,,,,-0.0211981917
EmissionActivityRatio,NDCINC,ECU,SUPCAMOTICEJ,,CO2e_CUT,1,2024,,,,,,-0.0211981917
EmissionActivityRatio,NDCINC,ECU,SUPCAMOTICEJ,,CO2e_CUT,1,2025,,,,,,-0.0211981917
EmissionActivityRatio,NDCINC,ECU,SUPCAMOTICEJ,,CO2e_CUT,1,2026,,,,,,-0.0211981917
EmissionActivityRatio,NDCINC,ECU,SUPCAMOTICEJ,,CO2e_CUT,1,2027,,,,,,-0.0211981917
EmissionActivityRatio,NDCINC,ECU,SUPCAMOTICEJ,,CO2e_CUT,1,2028,,,,,,-0.0211981917
EmissionActivityRatio,NDCINC,ECU,SUPCAMOTICEJ,,CO2e_CUT,1,2029,,,,,,-0.0211981917
EmissionActivityRatio,NDCINC,ECU,SUPCAMOTICEJ,,CO2e_CUT,1,2030,,,,,,-0.0211981917
EmissionActivityRatio,NDCINC,ECU,SUPCAMOTICEJ,,CO2e_CUT,1,2031,,,,,,-0.0211981917
EmissionActivityRatio,NDCINC,ECU,SUPCAMOTICEJ,,CO2e_CUT,1,2032,,,,,,-0.0211981917
EmissionActivityRatio,NDCINC,ECU,SUPCAMOTICEJ,,CO2e_CUT,1,2033,,,,,,-0.0211981917
EmissionActivityRatio,NDCINC,ECU,SUPCAMOTICEJ,,CO2e_CUT,1,2034,,,,,,-0.0211981917
EmissionActivityRatio,NDCINC,ECU,SUPCAMOTICEJ,,CO2e_CUT,1,2035,,,,,,-0.0211981917
EmissionActivityRatio,NDCINC,ECU,SUPCAMOTIAMA,,CO2e_CUT,1,2010,,,,,,-0.0211981917
EmissionActivityRatio,NDCINC,ECU,SUPCAMOTIAMA,,CO2e_CUT,1,2011,,,,,,-0.0211981917
EmissionActivityRatio,NDCINC,ECU,SUPCAMOTIAMA,,CO2e_CUT,1,2012,,,,,,-0.0211981917
EmissionActivityRatio,NDCINC,ECU,SUPCAMOTIAMA,,CO2e_CUT,1,2013,,,,,,-0.0211981917
EmissionActivityRatio,NDCINC,ECU,SUPCAMOTIAMA,,CO2e_CUT,1,2014,,,,,,-0.0211981917
EmissionActivityRatio,NDCINC,ECU,SUPCAMOTIAMA,,CO2e_CUT,1,2015,,,,,,-0.0211981917
EmissionActivityRatio,NDCINC,ECU,SUPCAMOTIAMA,,CO2e_CUT,1,2016,,,,,,-0.0211981917
EmissionActivityRatio,NDCINC,ECU,SUPCAMOTIAMA,,CO2e_CUT,1,2017,,,,,,-0.0211981917
EmissionActivityRatio,NDCINC,ECU,SUPCAMOTIAMA,,CO2e_CUT,1,2018,,,,,,-0.0211981917
EmissionActivityRatio,NDCINC,ECU,SUPCAMOTIAMA,,CO2e_CUT,1,2019,,,,,,-0.0211981917
EmissionActivityRatio,NDCINC,ECU,SUPCAMOTIAMA,,CO2e_CUT,1,2020,,,,,,-0.0211981917
EmissionActivityRatio,NDCINC,ECU,SUPCAMOTIAMA,,CO2e_CUT,1,2021,,,,,,-0.0211981917
EmissionActivityRatio,NDCINC,ECU,SUPCAMOTIAMA,,CO2e_CUT,1,2022,,,,,,-0.0211981917
EmissionActivityRatio,NDCINC,ECU,SUPCAMOTIAMA,,CO2e_CUT,1,2023,,,,,,-0.0211981917
EmissionActivityRatio,NDCINC,ECU,SUPCAMOTIAMA,,CO2e_CUT,1,2024,,,,,,-0.0211981917
EmissionActivityRatio,NDCINC,ECU,SUPCAMOTIAMA,,CO2e_CUT,1,2025,,,,,,-0.0211981917
EmissionActivityRatio,NDCINC,ECU,SUPCAMOTIAMA,,CO2e_CUT,1,2026,,,,,,-0.0211981917
EmissionActivityRatio,NDCINC,ECU,SUPCAMOTIAMA,,CO2e_CUT,1,2027,,,,,,-0.0211981917
EmissionActivityRatio,NDCINC,ECU,SUPCAMOTIAMA,,CO2e_CUT,1,2028,,,,,,-0.0211981917
EmissionActivityRatio,NDCINC,ECU,SUPCAMOTIAMA,,CO2e_CUT,1,2029,,,,,,-0.0211981917
EmissionActivityRatio,NDCINC,ECU,SUPCAMOTIAMA,,CO2e_CUT,1,2030,,,,,,-0.0211981917
EmissionActivityRatio,NDCINC,ECU,SUPCAMOTIAMA,,CO2e_CUT,1,2031,,,,,,-0.0211981917
EmissionActivityRatio,NDCINC,ECU,SUPCAMOTIAMA,,CO2e_CUT,1,2032,,,,,,-0.0211981917
EmissionActivityRatio,NDCINC,ECU,SUPCAMOTIAMA,,CO2e_CUT,1,2033,,,,,,-0.0211981917
EmissionActivityRatio,NDCINC,ECU,SUPCAMOTIAMA,,CO2e_CUT,1,2034,,,,,,-0.0211981917
EmissionActivityRatio,NDCINC,ECU,SUPCAMOTIAMA,,CO2e_CUT,1,2035,,,,,,-0.0211981917
EmissionActivityRatio,NDCINC,ECU,SUPCAMOTICHO,,CO2e_CUT,1,2010,,,,,,-0.0211981917
EmissionActivityRatio,NDCINC,ECU,SUPCAMOTICHO,,CO2e_CUT,1,2011,,,,,,-0.0211981917
EmissionActivityRatio,NDCINC,ECU,SUPCAMOTICHO,,CO2e_CUT,1,2012,,,,,,-0.0211981917
EmissionActivityRatio,NDCINC,ECU,SUPCAMOTICHO,,CO2e_CUT,1,2013,,,,,,-0.0211981917
EmissionActivityRatio,NDCINC,ECU,SUPCAMOTICHO,,CO2e_CUT,1,2014,,,,,,-0.0211981917
EmissionActivityRatio,NDCINC,ECU,SUPCAMOTICHO,,CO2e_CUT,1,2015,,,,,,-0.0211981917
EmissionActivityRatio,NDCINC,ECU,SUPCAMOTICHO,,CO2e_CUT,1,2016,,,,,,-0.0211981917
EmissionActivityRatio,NDCINC,ECU,SUPCAMOTICHO,,CO2e_CUT,1,2017,,,,,,-0.0211981917
EmissionActivityRatio,NDCINC,ECU,SUPCAMOTICHO,,CO2e_CUT,1,2018,,,,,,-0.0211981917
EmissionActivityRatio,NDCINC,ECU,SUPCAMOTICHO,,CO2e_CUT,1,2019,,,,,,-0.0211981917
EmissionActivityRatio,NDCINC,ECU,SUPCAMOTICHO,,CO2e_CUT,1,2020,,,,,,-0.0211981917
EmissionActivityRatio,NDCINC,ECU,SUPCAMOTICHO,,CO2e_CUT,1,2021,,,,,,-0.0211981917
EmissionActivityRatio,NDCINC,ECU,SUPCAMOTICHO,,CO2e_CUT,1,2022,,,,,,-0.0211981917
EmissionActivityRatio,NDCINC,ECU,SUPCAMOTICHO,,CO2e_CUT,1,2023,,,,,,-0.0211981917
EmissionActivityRatio,NDCINC,ECU,SUPCAMOTICHO,,CO2e_CUT,1,2024,,,,,,-0.0211981917
EmissionActivityRatio,NDCINC,ECU,SUPCAMOTICHO,,CO2e_CUT,1,2025,,,,,,-0.0211981917
EmissionActivityRatio,NDCINC,ECU,SUPCAMOTICHO,,CO2e_CUT,1,2026,,,,,,-0.0211981917
EmissionActivityRatio,NDCINC,ECU,SUPCAMOTICHO,,CO2e_CUT,1,2027,,,,,,-0.0211981917
EmissionActivityRatio,NDCINC,ECU,SUPCAMOTICHO,,CO2e_CUT,1,2028,,,,,,-0.0211981917
EmissionActivityRatio,NDCINC,ECU,SUPCAMOTICHO,,CO2e_CUT,1,2029,,,,,,-0.0211981917
EmissionActivityRatio,NDCINC,ECU,SUPCAMOTICHO,,CO2e_CUT,1,2030,,,,,,-0.0211981917
EmissionActivityRatio,NDCINC,ECU,SUPCAMOTICHO,,CO2e_CUT,1,2031,,,,,,-0.0211981917
EmissionActivityRatio,NDCINC,ECU,SUPCAMOTICHO,,CO2e_CUT,1,2032,,,,,,-0.0211981917
EmissionActivityRatio,NDCINC,ECU,SUPCAMOTICHO,,CO2e_CUT,1,2033,,,,,,-0.0211981917
EmissionActivityRatio,NDCINC,ECU,SUPCAMOTICHO,,CO2e_CUT,1,2034,,,,,,-0.0211981917
EmissionActivityRatio,NDCINC,ECU,SUPCAMOTICHO,,CO2e_CUT,1,2035,,,,,,-0.0211981917
EmissionActivityRatio,NDCINC,ECU,SUPCAMOTIMAN,,CO2e_CUT,1,2010,,,,,,-0.0211981917
EmissionActivityRatio,NDCINC,ECU,SUPCAMOTIMAN,,CO2e_CUT,1,2011,,,,,,-0.0211981917
EmissionActivityRatio,NDCINC,ECU,SUPCAMOTIMAN,,CO2e_CUT,1,2012,,,,,,-0.0211981917
EmissionActivityRatio,NDCINC,ECU,SUPCAMOTIMAN,,CO2e_CUT,1,2013,,,,,,-0.0211981917
EmissionActivityRatio,NDCINC,ECU,SUPCAMOTIMAN,,CO2e_CUT,1,2014,,,,,,-0.0211981917
EmissionActivityRatio,NDCINC,ECU,SUPCAMOTIMAN,,CO2e_CUT,1,2015,,,,,,-0.0211981917
EmissionActivityRatio,NDCINC,ECU,SUPCAMOTIMAN,,CO2e_CUT,1,2016,,,,,,-0.0211981917
EmissionActivityRatio,NDCINC,ECU,SUPCAMOTIMAN,,CO2e_CUT,1,2017,,,,,,-0.0211981917
EmissionActivityRatio,NDCINC,ECU,SUPCAMOTIMAN,,CO2e_CUT,1,2018,,,,,,-0.0211981917
EmissionActivityRatio,NDCINC,ECU,SUPCAMOTIMAN,,CO2e_CUT,1,2019,,,,,,-0.0211981917
EmissionActivityRatio,NDCINC,ECU,SUPCAMOTIMAN,,CO2e_CUT,1,2020,,,,,,-0.0211981917
EmissionActivityRatio,NDCINC,ECU,SUPCAMOTIMAN,,CO2e_CUT,1,2021,,,,,,-0.0211981917
EmissionActivityRatio,NDCINC,ECU,SUPCAMOTIMAN,,CO2e_CUT,1,2022,,,,,,-0.0211981917
EmissionActivityRatio,NDCINC,ECU,SUPCAMOTIMAN,,CO2e_CUT,1,2023,,,,,,-0.0211981917
EmissionActivityRatio,NDCINC,ECU,SUPCAMOTIMAN,,CO2e_CUT,1,2024,,,,,,-0.0211981917
EmissionActivityRatio,NDCINC,ECU,SUPCAMOTIMAN,,CO2e_CUT,1,2025,,,,,,-0.0211981917
EmissionActivityRatio,NDCINC,ECU,SUPCAMOTIMAN,,CO2e_CUT,1,2026,,,,,,-0.0211981917
EmissionActivityRatio,NDCINC,ECU,SUPCAMOTIMAN,,CO2e_CUT,1,2027,,,,,,-0.0211981917
EmissionActivityRatio,NDCINC,ECU,SUPCAMOTIMAN,,CO2e_CUT,1,2028,,,,,,-0.0211981917
EmissionActivityRatio,NDCINC,ECU,SUPCAMOTIMAN,,CO2e_CUT,1,2029,,,,,,-0.0211981917
EmissionActivityRatio,NDCINC,ECU,SUPCAMOTIMAN,,CO2e_CUT,1,2030,,,,,,-0.0211981917
EmissionActivityRatio,NDCINC,ECU,SUPCAMOTIMAN,,CO2e_CUT,1,2031,,,,,,-0.0211981917
EmissionActivityRatio,NDCINC,ECU,SUPCAMOTIMAN,,CO2e_CUT,1,2032,,,,,,-0.0211981917
EmissionActivityRatio,NDCINC,ECU,SUPCAMOTIMAN,,CO2e_CUT,1,2033,,,,,,-0.0211981917
EmissionActivityRatio,NDCINC,ECU,SUPCAMOTIMAN,,CO2e_CUT,1,2034,,,,,,-0.0211981917
EmissionActivityRatio,NDCINC,ECU,SUPCAMOTIMAN,,CO2e_CUT,1,2035,,,,,,-0.0211981917
EmissionActivityRatio,NDCINC,ECU,SUPCAMOTIMOR,,CO2e_CUT,1,2010,,,,,,-0.0211981917
EmissionActivityRatio,NDCINC,ECU,SUPCAMOTIMOR,,CO2e_CUT,1,2011,,,,,,-0.0211981917
EmissionActivityRatio,NDCINC,ECU,SUPCAMOTIMOR,,CO2e_CUT,1,2012,,,,,,-0.0211981917
EmissionActivityRatio,NDCINC,ECU,SUPCAMOTIMOR,,CO2e_CUT,1,2013,,,,,,-0.0211981917
EmissionActivityRatio,NDCINC,ECU,SUPCAMOTIMOR,,CO2e_CUT,1,2014,,,,,,-0.0211981917
EmissionActivityRatio,NDCINC,ECU,SUPCAMOTIMOR,,CO2e_CUT,1,2015,,,,,,-0.0211981917
EmissionActivityRatio,NDCINC,ECU,SUPCAMOTIMOR,,CO2e_CUT,1,2016,,,,,,-0.0211981917
EmissionActivityRatio,NDCINC,ECU,SUPCAMOTIMOR,,CO2e_CUT,1,2017,,,,,,-0.0211981917
EmissionActivityRatio,NDCINC,ECU,SUPCAMOTIMOR,,CO2e_CUT,1,2018,,,,,,-0.0211981917
EmissionActivityRatio,NDCINC,ECU,SUPCAMOTIMOR,,CO2e_CUT,1,2019,,,,,,-0.0211981917
EmissionActivityRatio,NDCINC,ECU,SUPCAMOTIMOR,,CO2e_CUT,1,2020,,,,,,-0.0211981917
EmissionActivityRatio,NDCINC,ECU,SUPCAMOTIMOR,,CO2e_CUT,1,2021,,,,,,-0.0211981917
EmissionActivityRatio,NDCINC,ECU,SUPCAMOTIMOR,,CO2e_CUT,1,2022,,,,,,-0.0211981917
EmissionActivityRatio,NDCINC,ECU,SUPCAMOTIMOR,,CO2e_CUT,1,2023,,,,,,-0.0211981917
EmissionActivityRatio,NDCINC,ECU,SUPCAMOTIMOR,,CO2e_CUT,1,2024,,,,,,-0.0211981917
EmissionActivityRatio,NDCINC,ECU,SUPCAMOTIMOR,,CO2e_CUT,1,2025,,,,,,-0.0211981917
EmissionActivityRatio,NDCINC,ECU,SUPCAMOTIMOR,,CO2e_CUT,1,2026,,,,,,-0.0211981917
EmissionActivityRatio,NDCINC,ECU,SUPCAMOTIMOR,,CO2e_CUT,1,2027,,,,,,-0.0211981917
EmissionActivityRatio,NDCINC,ECU,SUPCAMOTIMOR,,CO2e_CUT,1,2028,,,,,,-0.0211981917
EmissionActivityRatio,NDCINC,ECU,SUPCAMOTIMOR,,CO2e_CUT,1,2029,,,,,,-0.0211981917
EmissionActivityRatio,NDCINC,ECU,SUPCAMOTIMOR,,CO2e_CUT,1,2030,,,,,,-0.0211981917
EmissionActivityRatio,NDCINC,ECU,SUPCAMOTIMOR,,CO2e_CUT,1,2031,,,,,,-0.0211981917
EmissionActivityRatio,NDCINC,ECU,SUPCAMOTIMOR,,CO2e_CUT,1,2032,,,,,,-0.0211981917
EmissionActivityRatio,NDCINC,ECU,SUPCAMOTIMOR,,CO2e_CUT,1,2033,,,,,,-0.0211981917
EmissionActivityRatio,NDCINC,ECU,SUPCAMOTIMOR,,CO2e_CUT,1,2034,,,,,,-0.0211981917
EmissionActivityRatio,NDCINC,ECU,SUPCAMOTIMOR,,CO2e_CUT,1,2035,,,,,,-0.0211981917
EmissionActivityRatio,NDCINC,ECU,SUPCAMOTIPFO,,CO2e_CUT,1,2010,,,,,,-0.0211981917
EmissionActivityRatio,NDCINC,ECU,SUPCAMOTIPFO,,CO2e_CUT,1,2011,,,,,,-0.0211981917
EmissionActivityRatio,NDCINC,ECU,SUPCAMOTIPFO,,CO2e_CUT,1,2012,,,,,,-0.0211981917
EmissionActivityRatio,NDCINC,ECU,SUPCAMOTIPFO,,CO2e_CUT,1,2013,,,,,,-0.0211981917
EmissionActivityRatio,NDCINC,ECU,SUPCAMOTIPFO,,CO2e_CUT,1,2014,,,,,,-0.0211981917
EmissionActivityRatio,NDCINC,ECU,SUPCAMOTIPFO,,CO2e_CUT,1,2015,,,,,,-0.0211981917
EmissionActivityRatio,NDCINC,ECU,SUPCAMOTIPFO,,CO2e_CUT,1,2016,,,,,,-0.0211981917
EmissionActivityRatio,NDCINC,ECU,SUPCAMOTIPFO,,CO2e_CUT,1,2017,,,,,,-0.0211981917
EmissionActivityRatio,NDCINC,ECU,SUPCAMOTIPFO,,CO2e_CUT,1,2018,,,,,,-0.0211981917
EmissionActivityRatio,NDCINC,ECU,SUPCAMOTIPFO,,CO2e_CUT,1,2019,,,,,,-0.0211981917
EmissionActivityRatio,NDCINC,ECU,SUPCAMOTIPFO,,CO2e_CUT,1,2020,,,,,,-0.0211981917
EmissionActivityRatio,NDCINC,ECU,SUPCAMOTIPFO,,CO2e_CUT,1,2021,,,,,,-0.0211981917
EmissionActivityRatio,NDCINC,ECU,SUPCAMOTIPFO,,CO2e_CUT,1,2022,,,,,,-0.0211981917
EmissionActivityRatio,NDCINC,ECU,SUPCAMOTIPFO,,CO2e_CUT,1,2023,,,,,,-0.0211981917
EmissionActivityRatio,NDCINC,ECU,SUPCAMOTIPFO,,CO2e_CUT,1,2024,,,,,,-0.0211981917
EmissionActivityRatio,NDCINC,ECU,SUPCAMOTIPFO,,CO2e_CUT,1,2025,,,,,,-0.0211981917
EmissionActivityRatio,NDCINC,ECU,SUPCAMOTIPFO,,CO2e_CUT,1,2026,,,,,,-0.0211981917
EmissionActivityRatio,NDCINC,ECU,SUPCAMOTIPFO,,CO2e_CUT,1,2027,,,,,,-0.0211981917
EmissionActivityRatio,NDCINC,ECU,SUPCAMOTIPFO,,CO2e_CUT,1,2028,,,,,,-0.0211981917
EmissionActivityRatio,NDCINC,ECU,SUPCAMOTIPFO,,CO2e_CUT,1,2029,,,,,,-0.0211981917
EmissionActivityRatio,NDCINC,ECU,SUPCAMOTIPFO,,CO2e_CUT,1,2030,,,,,,-0.0211981917
EmissionActivityRatio,NDCINC,ECU,SUPCAMOTIPFO,,CO2e_CUT,1,2031,,,,,,-0.0211981917
EmissionActivityRatio,NDCINC,ECU,SUPCAMOTIPFO,,CO2e_CUT,1,2032,,,,,,-0.0211981917
EmissionActivityRatio,NDCINC,ECU,SUPCAMOTIPFO,,CO2e_CUT,1,2033,,,,,,-0.0211981917
EmissionActivityRatio,NDCINC,ECU,SUPCAMOTIPFO,,CO2e_CUT,1,2034,,,,,,-0.0211981917
EmissionActivityRatio,NDCINC,ECU,SUPCAMOTIPFO,,CO2e_CUT,1,2035,,,,,,-0.0211981917
EmissionActivityRatio,NDCINC,ECU,SUPCAMANDCRO,,CO2e_CUT,1,2010,,,,,,30.3852075184
EmissionActivityRatio,NDCINC,ECU,SUPCAMANDCRO,,CO2e_CUT,1,2011,,,,,,31.7683295324
EmissionActivityRatio,NDCINC,ECU,SUPCAMANDCRO,,CO2e_CUT,1,2012,,,,,,33.0534593596
EmissionActivityRatio,NDCINC,ECU,SUPCAMANDCRO,,CO2e_CUT,1,2013,,,,,,32.585063341
EmissionActivityRatio,NDCINC,ECU,SUPCAMANDCRO,,CO2e_CUT,1,2014,,,,,,32.1375421631
EmissionActivityRatio,NDCINC,ECU,SUPCAMANDCRO,,CO2e_CUT,1,2015,,,,,,45.0327543014
EmissionActivityRatio,NDCINC,ECU,SUPCAMANDCRO,,CO2e_CUT,1,2016,,,,,,77.3450765094
EmissionActivityRatio,NDCINC,ECU,SUPCAMANDCRO,,CO2e_CUT,1,2017,,,,,,78.8941913653
EmissionActivityRatio,NDCINC,ECU,SUPCAMANDCRO,,CO2e_CUT,1,2018,,,,,,81.08419666
EmissionActivityRatio,NDCINC,ECU,SUPCAMANDCRO,,CO2e_CUT,1,2019,,,,,,23.5620556645
EmissionActivityRatio,NDCINC,ECU,SUPCAMANDCRO,,CO2e_CUT,1,2020,,,,,,23.5620556645
EmissionActivityRatio,NDCINC,ECU,SUPCAMANDCRO,,CO2e_CUT,1,2021,,,,,,33.8882137039
EmissionActivityRatio,NDCINC,ECU,SUPCAMANDCRO,,CO2e_CUT,1,2022,,,,,,33.8882137039
EmissionActivityRatio,NDCINC,ECU,SUPCAMANDCRO,,CO2e_CUT,1,2023,,,,,,42.8604891913
EmissionActivityRatio,NDCINC,ECU,SUPCAMANDCRO,,CO2e_CUT,1,2024,,,,,,42.8604891913
EmissionActivityRatio,NDCINC,ECU,SUPCAMANDCRO,,CO2e_CUT,1,2025,,,,,,42.8604891913
EmissionActivityRatio,NDCINC,ECU,SUPCAMANDCRO,,CO2e_CUT,1,2026,,,,,,42.8604891913
EmissionActivityRatio,NDCINC,ECU,SUPCAMANDCRO,,CO2e_CUT,1,2027,,,,,,42.8604891913
EmissionActivityRatio,NDCINC,ECU,SUPCAMANDCRO,,CO2e_CUT,1,2028,,,,,,42.8604891913
EmissionActivityRatio,NDCINC,ECU,SUPCAMANDCRO,,CO2e_CUT,1,2029,,,,,,42.8604891913
EmissionActivityRatio,NDCINC,ECU,SUPCAMANDCRO,,CO2e_CUT,1,2030,,,,,,42.8604891913
EmissionActivityRatio,NDCINC,ECU,SUPCAMANDCRO,,CO2e_CUT,1,2031,,,,,,42.8604891913
EmissionActivityRatio,NDCINC,ECU,SUPCAMANDCRO,,CO2e_CUT,1,2032,,,,,,42.8604891913
EmissionActivityRatio,NDCINC,ECU,SUPCAMANDCRO,,CO2e_CUT,1,2033,,,,,,42.8604891913
EmissionActivityRatio,NDCINC,ECU,SUPCAMANDCRO,,CO2e_CUT,1,2034,,,,,,42.8604891913
EmissionActivityRatio,NDCINC,ECU,SUPCAMANDCRO,,CO2e_CUT,1,2035,,,,,,42.8604891913
EmissionActivityRatio,NDCINC,ECU,SUPCAMPLUCRO,,CO2e_CUT,1,2010,,,,,,61.3564070313
EmissionActivityRatio,NDCINC,ECU,SUPCAMPLUCRO,,CO2e_CUT,1,2011,,,,,,61.863257757
EmissionActivityRatio,NDCINC,ECU,SUPCAMPLUCRO,,CO2e_CUT,1,2012,,,,,,62.3341988446
EmissionActivityRatio,NDCINC,ECU,SUPCAMPLUCRO,,CO2e_CUT,1,2013,,,,,,62.837348623
EmissionActivityRatio,NDCINC,ECU,SUPCAMPLUCRO,,CO2e_CUT,1,2014,,,,,,63.3180747022
EmissionActivityRatio,NDCINC,ECU,SUPCAMPLUCRO,,CO2e_CUT,1,2015,,,,,,62.7748368534
EmissionActivityRatio,NDCINC,ECU,SUPCAMPLUCRO,,CO2e_CUT,1,2016,,,,,,62.2543110261
EmissionActivityRatio,NDCINC,ECU,SUPCAMPLUCRO,,CO2e_CUT,1,2017,,,,,,66.1862127012
EmissionActivityRatio,NDCINC,ECU,SUPCAMPLUCRO,,CO2e_CUT,1,2018,,,,,,71.7641086827
EmissionActivityRatio,NDCINC,ECU,SUPCAMPLUCRO,,CO2e_CUT,1,2019,,,,,,67.4804862794
EmissionActivityRatio,NDCINC,ECU,SUPCAMPLUCRO,,CO2e_CUT,1,2020,,,,,,67.4804862794
EmissionActivityRatio,NDCINC,ECU,SUPCAMPLUCRO,,CO2e_CUT,1,2021,,,,,,57.402721064
EmissionActivityRatio,NDCINC,ECU,SUPCAMPLUCRO,,CO2e_CUT,1,2022,,,,,,57.402721064
EmissionActivityRatio,NDCINC,ECU,SUPCAMPLUCRO,,CO2e_CUT,1,2023,,,,,,63.4196285314
EmissionActivityRatio,NDCINC,ECU,SUPCAMPLUCRO,,CO2e_CUT,1,2024,,,,,,63.4196285314
EmissionActivityRatio,NDCINC,ECU,SUPCAMPLUCRO,,CO2e_CUT,1,2025,,,,,,63.4196285314
EmissionActivityRatio,NDCINC,ECU,SUPCAMPLUCRO,,CO2e_CUT,1,2026,,,,,,63.4196285314
EmissionActivityRatio,NDCINC,ECU,SUPCAMPLUCRO,,CO2e_CUT,1,2027,,,,,,63.4196285314
EmissionActivityRatio,NDCINC,ECU,SUPCAMPLUCRO,,CO2e_CUT,1,2028,,,,,,63.4196285314
EmissionActivityRatio,NDCINC,ECU,SUPCAMPLUCRO,,CO2e_CUT,1,2029,,,,,,63.4196285314
EmissionActivityRatio,NDCINC,ECU,SUPCAMPLUCRO,,CO2e_CUT,1,2030,,,,,,63.4196285314
EmissionActivityRatio,NDCINC,ECU,SUPCAMPLUCRO,,CO2e_CUT,1,2031,,,,,,63.4196285314
EmissionActivityRatio,NDCINC,ECU,SUPCAMPLUCRO,,CO2e_CUT,1,2032,,,,,,63.4196285314
EmissionActivityRatio,NDCINC,ECU,SUPCAMPLUCRO,,CO2e_CUT,1,2033,,,,,,63.4196285314
EmissionActivityRatio,NDCINC,ECU,SUPCAMPLUCRO,,CO2e_CUT,1,2034,,,,,,63.4196285314
EmissionActivityRatio,NDCINC,ECU,SUPCAMPLUCRO,,CO2e_CUT,1,2035,,,,,,63.4196285314
EmissionActivityRatio,NDCINC,ECU,SUPCAMMONCRO,,CO2e_CUT,1,2010,,,,,,608.0903674523
EmissionActivityRatio,NDCINC,ECU,SUPCAMMONCRO,,CO2e_CUT,1,2011,,,,,,588.6588728478
EmissionActivityRatio,NDCINC,ECU,SUPCAMMONCRO,,CO2e_CUT,1,2012,,,,,,570.6040714266
EmissionActivityRatio,NDCINC,ECU,SUPCAMMONCRO,,CO2e_CUT,1,2013,,,,,,573.9749193396
EmissionActivityRatio,NDCINC,ECU,SUPCAMMONCRO,,CO2e_CUT,1,2014,,,,,,577.1955398593
EmissionActivityRatio,NDCINC,ECU,SUPCAMMONCRO,,CO2e_CUT,1,2015,,,,,,572.6093556567
EmissionActivityRatio,NDCINC,ECU,SUPCAMMONCRO,,CO2e_CUT,1,2016,,,,,,568.2021789907
EmissionActivityRatio,NDCINC,ECU,SUPCAMMONCRO,,CO2e_CUT,1,2017,,,,,,572.0844823599
EmissionActivityRatio,NDCINC,ECU,SUPCAMMONCRO,,CO2e_CUT,1,2018,,,,,,577.4751709534
EmissionActivityRatio,NDCINC,ECU,SUPCAMMONCRO,,CO2e_CUT,1,2019,,,,,,611.7032466908
EmissionActivityRatio,NDCINC,ECU,SUPCAMMONCRO,,CO2e_CUT,1,2020,,,,,,611.7032466908
EmissionActivityRatio,NDCINC,ECU,SUPCAMMONCRO,,CO2e_CUT,1,2021,,,,,,854.3449693134
EmissionActivityRatio,NDCINC,ECU,SUPCAMMONCRO,,CO2e_CUT,1,2022,,,,,,854.3449693134
EmissionActivityRatio,NDCINC,ECU,SUPCAMMONCRO,,CO2e_CUT,1,2023,,,,,,626.2301069919
EmissionActivityRatio,NDCINC,ECU,SUPCAMMONCRO,,CO2e_CUT,1,2024,,,,,,626.2301069919
EmissionActivityRatio,NDCINC,ECU,SUPCAMMONCRO,,CO2e_CUT,1,2025,,,,,,626.2301069919
EmissionActivityRatio,NDCINC,ECU,SUPCAMMONCRO,,CO2e_CUT,1,2026,,,,,,626.2301069919
EmissionActivityRatio,NDCINC,ECU,SUPCAMMONCRO,,CO2e_CUT,1,2027,,,,,,626.2301069919
EmissionActivityRatio,NDCINC,ECU,SUPCAMMONCRO,,CO2e_CUT,1,2028,,,,,,626.2301069919
EmissionActivityRatio,NDCINC,ECU,SUPCAMMONCRO,,CO2e_CUT,1,2029,,,,,,626.2301069919
EmissionActivityRatio,NDCINC,ECU,SUPCAMMONCRO,,CO2e_CUT,1,2030,,,,,,626.2301069919
EmissionActivityRatio,NDCINC,ECU,SUPCAMMONCRO,,CO2e_CUT,1,2031,,,,,,626.2301069919
EmissionActivityRatio,NDCINC,ECU,SUPCAMMONCRO,,CO2e_CUT,1,2032,,,,,,626.2301069919
EmissionActivityRatio,NDCINC,ECU,SUPCAMMONCRO,,CO2e_CUT,1,2033,,,,,,626.2301069919
EmissionActivityRatio,NDCINC,ECU,SUPCAMMONCRO,,CO2e_CUT,1,2034,,,,,,626.2301069919
EmissionActivityRatio,NDCINC,ECU,SUPCAMMONCRO,,CO2e_CUT,1,2035,,,,,,626.2301069919
EmissionActivityRatio,NDCINC,ECU,SUPCAMPIECRO,,CO2e_CUT,1,2010,,,,,,175.9728480557
EmissionActivityRatio,NDCINC,ECU,SUPCAMPIECRO,,CO2e_CUT,1,2011,,,,,,169.8746209123
EmissionActivityRatio,NDCINC,ECU,SUPCAMPIECRO,,CO2e_CUT,1,2012,,,,,,164.2084443091
EmissionActivityRatio,NDCINC,ECU,SUPCAMPIECRO,,CO2e_CUT,1,2013,,,,,,166.690761642
EmissionActivityRatio,NDCINC,ECU,SUPCAMPIECRO,,CO2e_CUT,1,2014,,,,,,169.0624504115
EmissionActivityRatio,NDCINC,ECU,SUPCAMPIECRO,,CO2e_CUT,1,2015,,,,,,210.5165990475
EmissionActivityRatio,NDCINC,ECU,SUPCAMPIECRO,,CO2e_CUT,1,2016,,,,,,283.6066352577
EmissionActivityRatio,NDCINC,ECU,SUPCAMPIECRO,,CO2e_CUT,1,2017,,,,,,275.0051265068
EmissionActivityRatio,NDCINC,ECU,SUPCAMPIECRO,,CO2e_CUT,1,2018,,,,,,265.7587129728
EmissionActivityRatio,NDCINC,ECU,SUPCAMPIECRO,,CO2e_CUT,1,2019,,,,,,318.7922896216
EmissionActivityRatio,NDCINC,ECU,SUPCAMPIECRO,,CO2e_CUT,1,2020,,,,,,318.7922896216
EmissionActivityRatio,NDCINC,ECU,SUPCAMPIECRO,,CO2e_CUT,1,2021,,,,,,274.6600624438
EmissionActivityRatio,NDCINC,ECU,SUPCAMPIECRO,,CO2e_CUT,1,2022,,,,,,274.6600624438
EmissionActivityRatio,NDCINC,ECU,SUPCAMPIECRO,,CO2e_CUT,1,2023,,,,,,235.9693002497
EmissionActivityRatio,NDCINC,ECU,SUPCAMPIECRO,,CO2e_CUT,1,2024,,,,,,235.9693002497
EmissionActivityRatio,NDCINC,ECU,SUPCAMPIECRO,,CO2e_CUT,1,2025,,,,,,235.9693002497
EmissionActivityRatio,NDCINC,ECU,SUPCAMPIECRO,,CO2e_CUT,1,2026,,,,,,235.9693002497
EmissionActivityRatio,NDCINC,ECU,SUPCAMPIECRO,,CO2e_CUT,1,2027,,,,,,235.9693002497
EmissionActivityRatio,NDCINC,ECU,SUPCAMPIECRO,,CO2e_CUT,1,2028,,,,,,235.9693002497
EmissionActivityRatio,NDCINC,ECU,SUPCAMPIECRO,,CO2e_CUT,1,2029,,,,,,235.9693002497
EmissionActivityRatio,NDCINC,ECU,SUPCAMPIECRO,,CO2e_CUT,1,2030,,,,,,235.9693002497
EmissionActivityRatio,NDCINC,ECU,SUPCAMPIECRO,,CO2e_CUT,1,2031,,,,,,235.9693002497
EmissionActivityRatio,NDCINC,ECU,SUPCAMPIECRO,,CO2e_CUT,1,2032,,,,,,235.9693002497
EmissionActivityRatio,NDCINC,ECU,SUPCAMPIECRO,,CO2e_CUT,1,2033,,,,,,235.9693002497
EmissionActivityRatio,NDCINC,ECU,SUPCAMPIECRO,,CO2e_CUT,1,2034,,,,,,235.9693002497
EmissionActivityRatio,NDCINC,ECU,SUPCAMPIECRO,,CO2e_CUT,1,2035,,,,,,235.9693002497
EmissionActivityRatio,NDCINC,ECU,SUPCAMCEJCRO,,CO2e_CUT,1,2010,,,,,,912.1847833627
EmissionActivityRatio,NDCINC,ECU,SUPCAMCEJCRO,,CO2e_CUT,1,2011,,,,,,885.7327735555
EmissionActivityRatio,NDCINC,ECU,SUPCAMCEJCRO,,CO2e_CUT,1,2012,,,,,,861.1548502416
EmissionActivityRatio,NDCINC,ECU,SUPCAMCEJCRO,,CO2e_CUT,1,2013,,,,,,855.8916140484
EmissionActivityRatio,NDCINC,ECU,SUPCAMCEJCRO,,CO2e_CUT,1,2014,,,,,,850.8629426513
EmissionActivityRatio,NDCINC,ECU,SUPCAMCEJCRO,,CO2e_CUT,1,2015,,,,,,774.5990277804
EmissionActivityRatio,NDCINC,ECU,SUPCAMCEJCRO,,CO2e_CUT,1,2016,,,,,,708.8461223306
EmissionActivityRatio,NDCINC,ECU,SUPCAMCEJCRO,,CO2e_CUT,1,2017,,,,,,767.7423117886
EmissionActivityRatio,NDCINC,ECU,SUPCAMCEJCRO,,CO2e_CUT,1,2018,,,,,,838.3978589092
EmissionActivityRatio,NDCINC,ECU,SUPCAMCEJCRO,,CO2e_CUT,1,2019,,,,,,638.355186593
EmissionActivityRatio,NDCINC,ECU,SUPCAMCEJCRO,,CO2e_CUT,1,2020,,,,,,638.355186593
EmissionActivityRatio,NDCINC,ECU,SUPCAMCEJCRO,,CO2e_CUT,1,2021,,,,,,1643.6428573813
EmissionActivityRatio,NDCINC,ECU,SUPCAMCEJCRO,,CO2e_CUT,1,2022,,,,,,1643.6428573813
EmissionActivityRatio,NDCINC,ECU,SUPCAMCEJCRO,,CO2e_CUT,1,2023,,,,,,924.5698748167
EmissionActivityRatio,NDCINC,ECU,SUPCAMCEJCRO,,CO2e_CUT,1,2024,,,,,,924.5698748167
EmissionActivityRatio,NDCINC,ECU,SUPCAMCEJCRO,,CO2e_CUT,1,2025,,,,,,924.5698748167
EmissionActivityRatio,NDCINC,ECU,SUPCAMCEJCRO,,CO2e_CUT,1,2026,,,,,,924.5698748167
EmissionActivityRatio,NDCINC,ECU,SUPCAMCEJCRO,,CO2e_CUT,1,2027,,,,,,924.5698748167
EmissionActivityRatio,NDCINC,ECU,SUPCAMCEJCRO,,CO2e_CUT,1,2028,,,,,,924.5698748167
EmissionActivityRatio,NDCINC,ECU,SUPCAMCEJCRO,,CO2e_CUT,1,2029,,,,,,924.5698748167
EmissionActivityRatio,NDCINC,ECU,SUPCAMCEJCRO,,CO2e_CUT,1,2030,,,,,,924.5698748167
EmissionActivityRatio,NDCINC,ECU,SUPCAMCEJCRO,,CO2e_CUT,1,2031,,,,,,924.5698748167
EmissionActivityRatio,NDCINC,ECU,SUPCAMCEJCRO,,CO2e_CUT,1,2032,,,,,,924.5698748167
EmissionActivityRatio,NDCINC,ECU,SUPCAMCEJCRO,,CO2e_CUT,1,2033,,,,,,924.5698748167
EmissionActivityRatio,NDCINC,ECU,SUPCAMCEJCRO,,CO2e_CUT,1,2034,,,,,,924.5698748167
EmissionActivityRatio,NDCINC,ECU,SUPCAMCEJCRO,,CO2e_CUT,1,2035,,,,,,924.5698748167
EmissionActivityRatio,NDCINC,ECU,SUPCAMAMACRO,,CO2e_CUT,1,2010,,,,,,763.9488632802
EmissionActivityRatio,NDCINC,ECU,SUPCAMAMACRO,,CO2e_CUT,1,2011,,,,,,790.213042725
EmissionActivityRatio,NDCINC,ECU,SUPCAMAMACRO,,CO2e_CUT,1,2012,,,,,,814.6164431849
EmissionActivityRatio,NDCINC,ECU,SUPCAMAMACRO,,CO2e_CUT,1,2013,,,,,,813.063063504
EmissionActivityRatio,NDCINC,ECU,SUPCAMAMACRO,,CO2e_CUT,1,2014,,,,,,811.5789127489
EmissionActivityRatio,NDCINC,ECU,SUPCAMAMACRO,,CO2e_CUT,1,2015,,,,,,723.5699185298
EmissionActivityRatio,NDCINC,ECU,SUPCAMAMACRO,,CO2e_CUT,1,2016,,,,,,651.3570117318
EmissionActivityRatio,NDCINC,ECU,SUPCAMAMACRO,,CO2e_CUT,1,2017,,,,,,647.7763200167
EmissionActivityRatio,NDCINC,ECU,SUPCAMAMACRO,,CO2e_CUT,1,2018,,,,,,643.1148219899
EmissionActivityRatio,NDCINC,ECU,SUPCAMAMACRO,,CO2e_CUT,1,2019,,,,,,604.1256523186
EmissionActivityRatio,NDCINC,ECU,SUPCAMAMACRO,,CO2e_CUT,1,2020,,,,,,604.1256523186
EmissionActivityRatio,NDCINC,ECU,SUPCAMAMACRO,,CO2e_CUT,1,2021,,,,,,601.748802405
EmissionActivityRatio,NDCINC,ECU,SUPCAMAMACRO,,CO2e_CUT,1,2022,,,,,,601.748802405
EmissionActivityRatio,NDCINC,ECU,SUPCAMAMACRO,,CO2e_CUT,1,2023,,,,,,697.7682543968
EmissionActivityRatio,NDCINC,ECU,SUPCAMAMACRO,,CO2e_CUT,1,2024,,,,,,697.7682543968
EmissionActivityRatio,NDCINC,ECU,SUPCAMAMACRO,,CO2e_CUT,1,2025,,,,,,697.7682543968
EmissionActivityRatio,NDCINC,ECU,SUPCAMAMACRO,,CO2e_CUT,1,2026,,,,,,697.7682543968
EmissionActivityRatio,NDCINC,ECU,SUPCAMAMACRO,,CO2e_CUT,1,2027,,,,,,697.7682543968
EmissionActivityRatio,NDCINC,ECU,SUPCAMAMACRO,,CO2e_CUT,1,2028,,,,,,697.7682543968
EmissionActivityRatio,NDCINC,ECU,SUPCAMAMACRO,,CO2e_CUT,1,2029,,,,,,697.7682543968
EmissionActivityRatio,NDCINC,ECU,SUPCAMAMACRO,,CO2e_CUT,1,2030,,,,,,697.7682543968
EmissionActivityRatio,NDCINC,ECU,SUPCAMAMACRO,,CO2e_CUT,1,2031,,,,,,697.7682543968
EmissionActivityRatio,NDCINC,ECU,SUPCAMAMACRO,,CO2e_CUT,1,2032,,,,,,697.7682543968
EmissionActivityRatio,NDCINC,ECU,SUPCAMAMACRO,,CO2e_CUT,1,2033,,,,,,697.7682543968
EmissionActivityRatio,NDCINC,ECU,SUPCAMAMACRO,,CO2e_CUT,1,2034,,,,,,697.7682543968
EmissionActivityRatio,NDCINC,ECU,SUPCAMAMACRO,,CO2e_CUT,1,2035,,,,,,697.7682543968
EmissionActivityRatio,NDCINC,ECU,SUPCAMCHOCRO,,CO2e_CUT,1,2010,,,,,,97.2544655852
EmissionActivityRatio,NDCINC,ECU,SUPCAMCHOCRO,,CO2e_CUT,1,2011,,,,,,94.3759611842
EmissionActivityRatio,NDCINC,ECU,SUPCAMCHOCRO,,CO2e_CUT,1,2012,,,,,,91.7013946412
EmissionActivityRatio,NDCINC,ECU,SUPCAMCHOCRO,,CO2e_CUT,1,2013,,,,,,91.0088779896
EmissionActivityRatio,NDCINC,ECU,SUPCAMCHOCRO,,CO2e_CUT,1,2014,,,,,,90.347224484
EmissionActivityRatio,NDCINC,ECU,SUPCAMCHOCRO,,CO2e_CUT,1,2015,,,,,,84.3798377428
EmissionActivityRatio,NDCINC,ECU,SUPCAMCHOCRO,,CO2e_CUT,1,2016,,,,,,78.8381528457
EmissionActivityRatio,NDCINC,ECU,SUPCAMCHOCRO,,CO2e_CUT,1,2017,,,,,,77.0310116306
EmissionActivityRatio,NDCINC,ECU,SUPCAMCHOCRO,,CO2e_CUT,1,2018,,,,,,75.241493397
EmissionActivityRatio,NDCINC,ECU,SUPCAMCHOCRO,,CO2e_CUT,1,2019,,,,,,85.2258100291
EmissionActivityRatio,NDCINC,ECU,SUPCAMCHOCRO,,CO2e_CUT,1,2020,,,,,,85.2258100291
EmissionActivityRatio,NDCINC,ECU,SUPCAMCHOCRO,,CO2e_CUT,1,2021,,,,,,61.3212906367
EmissionActivityRatio,NDCINC,ECU,SUPCAMCHOCRO,,CO2e_CUT,1,2022,,,,,,61.3212906367
EmissionActivityRatio,NDCINC,ECU,SUPCAMCHOCRO,,CO2e_CUT,1,2023,,,,,,82.5594323717
EmissionActivityRatio,NDCINC,ECU,SUPCAMCHOCRO,,CO2e_CUT,1,2024,,,,,,82.5594323717
EmissionActivityRatio,NDCINC,ECU,SUPCAMCHOCRO,,CO2e_CUT,1,2025,,,,,,82.5594323717
EmissionActivityRatio,NDCINC,ECU,SUPCAMCHOCRO,,CO2e_CUT,1,2026,,,,,,82.5594323717
EmissionActivityRatio,NDCINC,ECU,SUPCAMCHOCRO,,CO2e_CUT,1,2027,,,,,,82.5594323717
EmissionActivityRatio,NDCINC,ECU,SUPCAMCHOCRO,,CO2e_CUT,1,2028,,,,,,82.5594323717
EmissionActivityRatio,NDCINC,ECU,SUPCAMCHOCRO,,CO2e_CUT,1,2029,,,,,,82.5594323717
EmissionActivityRatio,NDCINC,ECU,SUPCAMCHOCRO,,CO2e_CUT,1,2030,,,,,,82.5594323717
EmissionActivityRatio,NDCINC,ECU,SUPCAMCHOCRO,,CO2e_CUT,1,2031,,,,,,82.5594323717
EmissionActivityRatio,NDCINC,ECU,SUPCAMCHOCRO,,CO2e_CUT,1,2032,,,,,,82.5594323717
EmissionActivityRatio,NDCINC,ECU,SUPCAMCHOCRO,,CO2e_CUT,1,2033,,,,,,82.5594323717
EmissionActivityRatio,NDCINC,ECU,SUPCAMCHOCRO,,CO2e_CUT,1,2034,,,,,,82.5594323717
EmissionActivityRatio,NDCINC,ECU,SUPCAMCHOCRO,,CO2e_CUT,1,2035,,,,,,82.5594323717
EmissionActivityRatio,NDCINC,ECU,SUPCAMMANCRO,,CO2e_CUT,1,2010,,,,,,1285.2793245263
EmissionActivityRatio,NDCINC,ECU,SUPCAMMANCRO,,CO2e_CUT,1,2011,,,,,,1244.6472565672
EmissionActivityRatio,NDCINC,ECU,SUPCAMMANCRO,,CO2e_CUT,1,2012,,,,,,1206.8939116359
EmissionActivityRatio,NDCINC,ECU,SUPCAMMANCRO,,CO2e_CUT,1,2013,,,,,,1151.1346224247
EmissionActivityRatio,NDCINC,ECU,SUPCAMMANCRO,,CO2e_CUT,1,2014,,,,,,1097.8603378432
EmissionActivityRatio,NDCINC,ECU,SUPCAMMANCRO,,CO2e_CUT,1,2015,,,,,,730.7383958613
EmissionActivityRatio,NDCINC,ECU,SUPCAMMANCRO,,CO2e_CUT,1,2016,,,,,,554.0443355521
EmissionActivityRatio,NDCINC,ECU,SUPCAMMANCRO,,CO2e_CUT,1,2017,,,,,,716.3785396318
EmissionActivityRatio,NDCINC,ECU,SUPCAMMANCRO,,CO2e_CUT,1,2018,,,,,,1108.9076767151
EmissionActivityRatio,NDCINC,ECU,SUPCAMMANCRO,,CO2e_CUT,1,2019,,,,,,2673.652794117
EmissionActivityRatio,NDCINC,ECU,SUPCAMMANCRO,,CO2e_CUT,1,2020,,,,,,2673.652794117
EmissionActivityRatio,NDCINC,ECU,SUPCAMMANCRO,,CO2e_CUT,1,2021,,,,,,1769.999828466
EmissionActivityRatio,NDCINC,ECU,SUPCAMMANCRO,,CO2e_CUT,1,2022,,,,,,1769.999828466
EmissionActivityRatio,NDCINC,ECU,SUPCAMMANCRO,,CO2e_CUT,1,2023,,,,,,1383.3222804557
EmissionActivityRatio,NDCINC,ECU,SUPCAMMANCRO,,CO2e_CUT,1,2024,,,,,,1383.3222804557
EmissionActivityRatio,NDCINC,ECU,SUPCAMMANCRO,,CO2e_CUT,1,2025,,,,,,1383.3222804557
EmissionActivityRatio,NDCINC,ECU,SUPCAMMANCRO,,CO2e_CUT,1,2026,,,,,,1383.3222804557
EmissionActivityRatio,NDCINC,ECU,SUPCAMMANCRO,,CO2e_CUT,1,2027,,,,,,1383.3222804557
EmissionActivityRatio,NDCINC,ECU,SUPCAMMANCRO,,CO2e_CUT,1,2028,,,,,,1383.3222804557
EmissionActivityRatio,NDCINC,ECU,SUPCAMMANCRO,,CO2e_CUT,1,2029,,,,,,1383.3222804557
EmissionActivityRatio,NDCINC,ECU,SUPCAMMANCRO,,CO2e_CUT,1,2030,,,,,,1383.3222804557
EmissionActivityRatio,NDCINC,ECU,SUPCAMMANCRO,,CO2e_CUT,1,2031,,,,,,1383.3222804557
EmissionActivityRatio,NDCINC,ECU,SUPCAMMANCRO,,CO2e_CUT,1,2032,,,,,,1383.3222804557
EmissionActivityRatio,NDCINC,ECU,SUPCAMMANCRO,,CO2e_CUT,1,2033,,,,,,1383.3222804557
EmissionActivityRatio,NDCINC,ECU,SUPCAMMANCRO,,CO2e_CUT,1,2034,,,,,,1383.3222804557
EmissionActivityRatio,NDCINC,ECU,SUPCAMMANCRO,,CO2e_CUT,1,2035,,,,,,1383.3222804557
EmissionActivityRatio,NDCINC,ECU,SUPCAMMORCRO,,CO2e_CUT,1,2010,,,,,,4611.7442865789
EmissionActivityRatio,NDCINC,ECU,SUPCAMMORCRO,,CO2e_CUT,1,2011,,,,,,4457.199546685
EmissionActivityRatio,NDCINC,ECU,SUPCAMMORCRO,,CO2e_CUT,1,2012,,,,,,4313.6040772538
EmissionActivityRatio,NDCINC,ECU,SUPCAMMORCRO,,CO2e_CUT,1,2013,,,,,,4285.7214829093
EmissionActivityRatio,NDCINC,ECU,SUPCAMMORCRO,,CO2e_CUT,1,2014,,,,,,4259.0815223397
EmissionActivityRatio,NDCINC,ECU,SUPCAMMORCRO,,CO2e_CUT,1,2015,,,,,,3563.8545494711
EmissionActivityRatio,NDCINC,ECU,SUPCAMMORCRO,,CO2e_CUT,1,2016,,,,,,3062.8600430973
EmissionActivityRatio,NDCINC,ECU,SUPCAMMORCRO,,CO2e_CUT,1,2017,,,,,,3615.724661662
EmissionActivityRatio,NDCINC,ECU,SUPCAMMORCRO,,CO2e_CUT,1,2018,,,,,,4591.0429539138
EmissionActivityRatio,NDCINC,ECU,SUPCAMMORCRO,,CO2e_CUT,1,2019,,,,,,2610.4893062551
EmissionActivityRatio,NDCINC,ECU,SUPCAMMORCRO,,CO2e_CUT,1,2020,,,,,,2610.4893062551
EmissionActivityRatio,NDCINC,ECU,SUPCAMMORCRO,,CO2e_CUT,1,2021,,,,,,2429.5934753728
EmissionActivityRatio,NDCINC,ECU,SUPCAMMORCRO,,CO2e_CUT,1,2022,,,,,,2429.5934753728
EmissionActivityRatio,NDCINC,ECU,SUPCAMMORCRO,,CO2e_CUT,1,2023,,,,,,3603.1537451667
EmissionActivityRatio,NDCINC,ECU,SUPCAMMORCRO,,CO2e_CUT,1,2024,,,,,,3603.1537451667
EmissionActivityRatio,NDCINC,ECU,SUPCAMMORCRO,,CO2e_CUT,1,2025,,,,,,3603.1537451667
EmissionActivityRatio,NDCINC,ECU,SUPCAMMORCRO,,CO2e_CUT,1,2026,,,,,,3603.1537451667
EmissionActivityRatio,NDCINC,ECU,SUPCAMMORCRO,,CO2e_CUT,1,2027,,,,,,3603.1537451667
EmissionActivityRatio,NDCINC,ECU,SUPCAMMORCRO,,CO2e_CUT,1,2028,,,,,,3603.1537451667
EmissionActivityRatio,NDCINC,ECU,SUPCAMMORCRO,,CO2e_CUT,1,2029,,,,,,3603.1537451667
EmissionActivityRatio,NDCINC,ECU,SUPCAMMORCRO,,CO2e_CUT,1,2030,,,,,,3603.1537451667
EmissionActivityRatio,NDCINC,ECU,SUPCAMMORCRO,,CO2e_CUT,1,2031,,,,,,3603.1537451667
EmissionActivityRatio,NDCINC,ECU,SUPCAMMORCRO,,CO2e_CUT,1,2032,,,,,,3603.1537451667
EmissionActivityRatio,NDCINC,ECU,SUPCAMMORCRO,,CO2e_CUT,1,2033,,,,,,3603.1537451667
EmissionActivityRatio,NDCINC,ECU,SUPCAMMORCRO,,CO2e_CUT,1,2034,,,,,,3603.1537451667
EmissionActivityRatio,NDCINC,ECU,SUPCAMMORCRO,,CO2e_CUT,1,2035,,,,,,3603.1537451667
EmissionActivityRatio,NDCINC,ECU,SUPCAMPFOCRO,,CO2e_CUT,1,2010,,,,,,119.5959946426
EmissionActivityRatio,NDCINC,ECU,SUPCAMPFOCRO,,CO2e_CUT,1,2011,,,,,,115.2038031479
EmissionActivityRatio,NDCINC,ECU,SUPCAMPFOCRO,,CO2e_CUT,1,2012,,,,,,111.1227920444
EmissionActivityRatio,NDCINC,ECU,SUPCAMPFOCRO,,CO2e_CUT,1,2013,,,,,,108.5901716496
EmissionActivityRatio,NDCINC,ECU,SUPCAMPFOCRO,,CO2e_CUT,1,2014,,,,,,106.1704216572
EmissionActivityRatio,NDCINC,ECU,SUPCAMPFOCRO,,CO2e_CUT,1,2015,,,,,,67.395922663
EmissionActivityRatio,NDCINC,ECU,SUPCAMPFOCRO,,CO2e_CUT,1,2016,,,,,,58.5393454192
EmissionActivityRatio,NDCINC,ECU,SUPCAMPFOCRO,,CO2e_CUT,1,2017,,,,,,58.0362810262
EmissionActivityRatio,NDCINC,ECU,SUPCAMPFOCRO,,CO2e_CUT,1,2018,,,,,,58.1106029482
EmissionActivityRatio,NDCINC,ECU,SUPCAMPFOCRO,,CO2e_CUT,1,2019,,,,,,275.1932145401
EmissionActivityRatio,NDCINC,ECU,SUPCAMPFOCRO,,CO2e_CUT,1,2020,,,,,,275.1932145401
EmissionActivityRatio,NDCINC,ECU,SUPCAMPFOCRO,,CO2e_CUT,1,2021,,,,,,132.8457867022
EmissionActivityRatio,NDCINC,ECU,SUPCAMPFOCRO,,CO2e_CUT,1,2022,,,,,,132.8457867022
EmissionActivityRatio,NDCINC,ECU,SUPCAMPFOCRO,,CO2e_CUT,1,2023,,,,,,124.526410591
EmissionActivityRatio,NDCINC,ECU,SUPCAMPFOCRO,,CO2e_CUT,1,2024,,,,,,124.526410591
EmissionActivityRatio,NDCINC,ECU,SUPCAMPFOCRO,,CO2e_CUT,1,2025,,,,,,124.526410591
EmissionActivityRatio,NDCINC,ECU,SUPCAMPFOCRO,,CO2e_CUT,1,2026,,,,,,124.526410591
EmissionActivityRatio,NDCINC,ECU,SUPCAMPFOCRO,,CO2e_CUT,1,2027,,,,,,124.526410591
EmissionActivityRatio,NDCINC,ECU,SUPCAMPFOCRO,,CO2e_CUT,1,2028,,,,,,124.526410591
EmissionActivityRatio,NDCINC,ECU,SUPCAMPFOCRO,,CO2e_CUT,1,2029,,,,,,124.526410591
EmissionActivityRatio,NDCINC,ECU,SUPCAMPFOCRO,,CO2e_CUT,1,2030,,,,,,124.526410591
EmissionActivityRatio,NDCINC,ECU,SUPCAMPFOCRO,,CO2e_CUT,1,2031,,,,,,124.526410591
EmissionActivityRatio,NDCINC,ECU,SUPCAMPFOCRO,,CO2e_CUT,1,2032,,,,,,124.526410591
EmissionActivityRatio,NDCINC,ECU,SUPCAMPFOCRO,,CO2e_CUT,1,2033,,,,,,124.526410591
EmissionActivityRatio,NDCINC,ECU,SUPCAMPFOCRO,,CO2e_CUT,1,2034,,,,,,124.526410591
EmissionActivityRatio,NDCINC,ECU,SUPCAMPFOCRO,,CO2e_CUT,1,2035,,,,,,124.526410591
EmissionActivityRatio,NDCINC,ECU,SUPCAMGRACRO,,CO2e_CUT,1,2010,,,,,,98.5028643964
EmissionActivityRatio,NDCINC,ECU,SUPCAMGRACRO,,CO2e_CUT,1,2011,,,,,,98.5028643964
EmissionActivityRatio,NDCINC,ECU,SUPCAMGRACRO,,CO2e_CUT,1,2012,,,,,,98.5028643964
EmissionActivityRatio,NDCINC,ECU,SUPCAMGRACRO,,CO2e_CUT,1,2013,,,,,,98.5028643964
EmissionActivityRatio,NDCINC,ECU,SUPCAMGRACRO,,CO2e_CUT,1,2014,,,,,,98.5028643964
EmissionActivityRatio,NDCINC,ECU,SUPCAMGRACRO,,CO2e_CUT,1,2015,,,,,,107.5685768885
EmissionActivityRatio,NDCINC,ECU,SUPCAMGRACRO,,CO2e_CUT,1,2016,,,,,,111.6971724233
EmissionActivityRatio,NDCINC,ECU,SUPCAMGRACRO,,CO2e_CUT,1,2017,,,,,,110.4696287705
EmissionActivityRatio,NDCINC,ECU,SUPCAMGRACRO,,CO2e_CUT,1,2018,,,,,,106.0460466853
EmissionActivityRatio,NDCINC,ECU,SUPCAMGRACRO,,CO2e_CUT,1,2019,,,,,,121.417456168
EmissionActivityRatio,NDCINC,ECU,SUPCAMGRACRO,,CO2e_CUT,1,2020,,,,,,121.417456168
EmissionActivityRatio,NDCINC,ECU,SUPCAMGRACRO,,CO2e_CUT,1,2021,,,,,,61.0962423245
EmissionActivityRatio,NDCINC,ECU,SUPCAMGRACRO,,CO2e_CUT,1,2022,,,,,,61.0962423245
EmissionActivityRatio,NDCINC,ECU,SUPCAMGRACRO,,CO2e_CUT,1,2023,,,,,,99.4863956719
EmissionActivityRatio,NDCINC,ECU,SUPCAMGRACRO,,CO2e_CUT,1,2024,,,,,,99.4863956719
EmissionActivityRatio,NDCINC,ECU,SUPCAMGRACRO,,CO2e_CUT,1,2025,,,,,,99.4863956719
EmissionActivityRatio,NDCINC,ECU,SUPCAMGRACRO,,CO2e_CUT,1,2026,,,,,,99.4863956719
EmissionActivityRatio,NDCINC,ECU,SUPCAMGRACRO,,CO2e_CUT,1,2027,,,,,,99.4863956719
EmissionActivityRatio,NDCINC,ECU,SUPCAMGRACRO,,CO2e_CUT,1,2028,,,,,,99.4863956719
EmissionActivityRatio,NDCINC,ECU,SUPCAMGRACRO,,CO2e_CUT,1,2029,,,,,,99.4863956719
EmissionActivityRatio,NDCINC,ECU,SUPCAMGRACRO,,CO2e_CUT,1,2030,,,,,,99.4863956719
EmissionActivityRatio,NDCINC,ECU,SUPCAMGRACRO,,CO2e_CUT,1,2031,,,,,,99.4863956719
EmissionActivityRatio,NDCINC,ECU,SUPCAMGRACRO,,CO2e_CUT,1,2032,,,,,,99.4863956719
EmissionActivityRatio,NDCINC,ECU,SUPCAMGRACRO,,CO2e_CUT,1,2033,,,,,,99.4863956719
EmissionActivityRatio,NDCINC,ECU,SUPCAMGRACRO,,CO2e_CUT,1,2034,,,,,,99.4863956719
EmissionActivityRatio,NDCINC,ECU,SUPCAMGRACRO,,CO2e_CUT,1,2035,,,,,,99.4863956719
EmissionActivityRatio,NDCINC,ECU,SUPCAMHUMCRO,,CO2e_CUT,1,2010,,,,,,-11.9166666667
EmissionActivityRatio,NDCINC,ECU,SUPCAMHUMCRO,,CO2e_CUT,1,2011,,,,,,-11.9166666667
EmissionActivityRatio,NDCINC,ECU,SUPCAMHUMCRO,,CO2e_CUT,1,2012,,,,,,-11.9166666667
EmissionActivityRatio,NDCINC,ECU,SUPCAMHUMCRO,,CO2e_CUT,1,2013,,,,,,-11.9166666667
EmissionActivityRatio,NDCINC,ECU,SUPCAMHUMCRO,,CO2e_CUT,1,2014,,,,,,-11.9166666667
EmissionActivityRatio,NDCINC,ECU,SUPCAMHUMCRO,,CO2e_CUT,1,2015,,,,,,-11.9166666667
EmissionActivityRatio,NDCINC,ECU,SUPCAMHUMCRO,,CO2e_CUT,1,2016,,,,,,-11.9166666667
EmissionActivityRatio,NDCINC,ECU,SUPCAMHUMCRO,,CO2e_CUT,1,2017,,,,,,-11.9166666667
EmissionActivityRatio,NDCINC,ECU,SUPCAMHUMCRO,,CO2e_CUT,1,2018,,,,,,-11.9166666667
EmissionActivityRatio,NDCINC,ECU,SUPCAMHUMCRO,,CO2e_CUT,1,2019,,,,,,-11.9166666667
EmissionActivityRatio,NDCINC,ECU,SUPCAMHUMCRO,,CO2e_CUT,1,2020,,,,,,-11.9166666667
EmissionActivityRatio,NDCINC,ECU,SUPCAMHUMCRO,,CO2e_CUT,1,2021,,,,,,-11.9166666667
EmissionActivityRatio,NDCINC,ECU,SUPCAMHUMCRO,,CO2e_CUT,1,2022,,,,,,-11.9166666667
EmissionActivityRatio,NDCINC,ECU,SUPCAMHUMCRO,,CO2e_CUT,1,2023,,,,,,-11.9166666667
EmissionActivityRatio,NDCINC,ECU,SUPCAMHUMCRO,,CO2e_CUT,1,2024,,,,,,-11.9166666667
EmissionActivityRatio,NDCINC,ECU,SUPCAMHUMCRO,,CO2e_CUT,1,2025,,,,,,-11.9166666667
EmissionActivityRatio,NDCINC,ECU,SUPCAMHUMCRO,,CO2e_CUT,1,2026,,,,,,-11.9166666667
EmissionActivityRatio,NDCINC,ECU,SUPCAMHUMCRO,,CO2e_CUT,1,2027,,,,,,-11.9166666667
EmissionActivityRatio,NDCINC,ECU,SUPCAMHUMCRO,,CO2e_CUT,1,2028,,,,,,-11.9166666667
EmissionActivityRatio,NDCINC,ECU,SUPCAMHUMCRO,,CO2e_CUT,1,2029,,,,,,-11.9166666667
EmissionActivityRatio,NDCINC,ECU,SUPCAMHUMCRO,,CO2e_CUT,1,2030,,,,,,-11.9166666667
EmissionActivityRatio,NDCINC,ECU,SUPCAMHUMCRO,,CO2e_CUT,1,2031,,,,,,-11.9166666667
EmissionActivityRatio,NDCINC,ECU,SUPCAMHUMCRO,,CO2e_CUT,1,2032,,,,,,-11.9166666667
EmissionActivityRatio,NDCINC,ECU,SUPCAMHUMCRO,,CO2e_CUT,1,2033,,,,,,-11.9166666667
EmissionActivityRatio,NDCINC,ECU,SUPCAMHUMCRO,,CO2e_CUT,1,2034,,,,,,-11.9166666667
EmissionActivityRatio,NDCINC,ECU,SUPCAMHUMCRO,,CO2e_CUT,1,2035,,,,,,-11.9166666667
EmissionActivityRatio,NDCINC,ECU,SUPCAMASECRO,,CO2e_CUT,1,2010,,,,,,0.0
EmissionActivityRatio,NDCINC,ECU,SUPCAMASECRO,,CO2e_CUT,1,2011,,,,,,0.0
EmissionActivityRatio,NDCINC,ECU,SUPCAMASECRO,,CO2e_CUT,1,2012,,,,,,0.0
EmissionActivityRatio,NDCINC,ECU,SUPCAMASECRO,,CO2e_CUT,1,2013,,,,,,0.0
EmissionActivityRatio,NDCINC,ECU,SUPCAMASECRO,,CO2e_CUT,1,2014,,,,,,0.0
EmissionActivityRatio,NDCINC,ECU,SUPCAMASECRO,,CO2e_CUT,1,2015,,,,,,0.0
EmissionActivityRatio,NDCINC,ECU,SUPCAMASECRO,,CO2e_CUT,1,2016,,,,,,0.0
EmissionActivityRatio,NDCINC,ECU,SUPCAMASECRO,,CO2e_CUT,1,2017,,,,,,0.0
EmissionActivityRatio,NDCINC,ECU,SUPCAMASECRO,,CO2e_CUT,1,2018,,,,,,0.0
EmissionActivityRatio,NDCINC,ECU,SUPCAMASECRO,,CO2e_CUT,1,2019,,,,,,0.0
EmissionActivityRatio,NDCINC,ECU,SUPCAMASECRO,,CO2e_CUT,1,2020,,,,,,0.0
EmissionActivityRatio,NDCINC,ECU,SUPCAMASECRO,,CO2e_CUT,1,2021,,,,,,-11.9166666667
EmissionActivityRatio,NDCINC,ECU,SUPCAMASECRO,,CO2e_CUT,1,2022,,,,,,-11.9166666667
EmissionActivityRatio,NDCINC,ECU,SUPCAMASECRO,,CO2e_CUT,1,2023,,,,,,-1.8333333333
EmissionActivityRatio,NDCINC,ECU,SUPCAMASECRO,,CO2e_CUT,1,2024,,,,,,-1.8333333333
EmissionActivityRatio,NDCINC,ECU,SUPCAMASECRO,,CO2e_CUT,1,2025,,,,,,-1.8333333333
EmissionActivityRatio,NDCINC,ECU,SUPCAMASECRO,,CO2e_CUT,1,2026,,,,,,-1.8333333333
EmissionActivityRatio,NDCINC,ECU,SUPCAMASECRO,,CO2e_CUT,1,2027,,,,,,-1.8333333333
EmissionActivityRatio,NDCINC,ECU,SUPCAMASECRO,,CO2e_CUT,1,2028,,,,,,-1.8333333333
EmissionActivityRatio,NDCINC,ECU,SUPCAMASECRO,,CO2e_CUT,1,2029,,,,,,-1.8333333333
EmissionActivityRatio,NDCINC,ECU,SUPCAMASECRO,,CO2e_CUT,1,2030,,,,,,-1.8333333333
EmissionActivityRatio,NDCINC,ECU,SUPCAMASECRO,,CO2e_CUT,1,2031,,,,,,-1.8333333333
EmissionActivityRatio,NDCINC,ECU,SUPCAMASECRO,,CO2e_CUT,1,2032,,,,,,-1.8333333333
EmissionActivityRatio,NDCINC,ECU,SUPCAMASECRO,,CO2e_CUT,1,2033,,,,,,-1.8333333333
EmissionActivityRatio,NDCINC,ECU,SUPCAMASECRO,,CO2e_CUT,1,2034,,,,,,-1.8333333333
EmissionActivityRatio,NDCINC,ECU,SUPCAMASECRO,,CO2e_CUT,1,2035,,,,,,-1.8333333333
EmissionActivityRatio,NDCINC,ECU,SUPCAMOTICRO,,CO2e_CUT,1,2010,,,,,,-11.9166666667
EmissionActivityRatio,NDCINC,ECU,SUPCAMOTICRO,,CO2e_CUT,1,2011,,,,,,-11.9166666667
EmissionActivityRatio,NDCINC,ECU,SUPCAMOTICRO,,CO2e_CUT,1,2012,,,,,,-11.9166666667
EmissionActivityRatio,NDCINC,ECU,SUPCAMOTICRO,,CO2e_CUT,1,2013,,,,,,-11.9166666667
EmissionActivityRatio,NDCINC,ECU,SUPCAMOTICRO,,CO2e_CUT,1,2014,,,,,,-11.9166666667
EmissionActivityRatio,NDCINC,ECU,SUPCAMOTICRO,,CO2e_CUT,1,2015,,,,,,-11.9166666667
EmissionActivityRatio,NDCINC,ECU,SUPCAMOTICRO,,CO2e_CUT,1,2016,,,,,,-11.9166666667
EmissionActivityRatio,NDCINC,ECU,SUPCAMOTICRO,,CO2e_CUT,1,2017,,,,,,-11.9166666667
EmissionActivityRatio,NDCINC,ECU,SUPCAMOTICRO,,CO2e_CUT,1,2018,,,,,,-11.9166666667
EmissionActivityRatio,NDCINC,ECU,SUPCAMOTICRO,,CO2e_CUT,1,2019,,,,,,-11.9166666667
EmissionActivityRatio,NDCINC,ECU,SUPCAMOTICRO,,CO2e_CUT,1,2020,,,,,,-11.9166666667
EmissionActivityRatio,NDCINC,ECU,SUPCAMOTICRO,,CO2e_CUT,1,2021,,,,,,-11.9166666667
EmissionActivityRatio,NDCINC,ECU,SUPCAMOTICRO,,CO2e_CUT,1,2022,,,,,,-11.9166666667
EmissionActivityRatio,NDCINC,ECU,SUPCAMOTICRO,,CO2e_CUT,1,2023,,,,,,-11.9166666667
EmissionActivityRatio,NDCINC,ECU,SUPCAMOTICRO,,CO2e_CUT,1,2024,,,,,,-11.9166666667
EmissionActivityRatio,NDCINC,ECU,SUPCAMOTICRO,,CO2e_CUT,1,2025,,,,,,-11.9166666667
EmissionActivityRatio,NDCINC,ECU,SUPCAMOTICRO,,CO2e_CUT,1,2026,,,,,,-11.9166666667
EmissionActivityRatio,NDCINC,ECU,SUPCAMOTICRO,,CO2e_CUT,1,2027,,,,,,-11.9166666667
EmissionActivityRatio,NDCINC,ECU,SUPCAMOTICRO,,CO2e_CUT,1,2028,,,,,,-11.9166666667
EmissionActivityRatio,NDCINC,ECU,SUPCAMOTICRO,,CO2e_CUT,1,2029,,,,,,-11.9166666667
EmissionActivityRatio,NDCINC,ECU,SUPCAMOTICRO,,CO2e_CUT,1,2030,,,,,,-11.9166666667
EmissionActivityRatio,NDCINC,ECU,SUPCAMOTICRO,,CO2e_CUT,1,2031,,,,,,-11.9166666667
EmissionActivityRatio,NDCINC,ECU,SUPCAMOTICRO,,CO2e_CUT,1,2032,,,,,,-11.9166666667
EmissionActivityRatio,NDCINC,ECU,SUPCAMOTICRO,,CO2e_CUT,1,2033,,,,,,-11.9166666667
EmissionActivityRatio,NDCINC,ECU,SUPCAMOTICRO,,CO2e_CUT,1,2034,,,,,,-11.9166666667
EmissionActivityRatio,NDCINC,ECU,SUPCAMOTICRO,,CO2e_CUT,1,2035,,,,,,-11.9166666667
EmissionActivityRatio,NDCINC,ECU,SUPCAMANDGRA,,CO2e_CUT,1,2010,,,,,,0.0
EmissionActivityRatio,NDCINC,ECU,SUPCAMANDGRA,,CO2e_CUT,1,2011,,,,,,0.0
EmissionActivityRatio,NDCINC,ECU,SUPCAMANDGRA,,CO2e_CUT,1,2012,,,,,,0.0
EmissionActivityRatio,NDCINC,ECU,SUPCAMANDGRA,,CO2e_CUT,1,2013,,,,,,0.0
EmissionActivityRatio,NDCINC,ECU,SUPCAMANDGRA,,CO2e_CUT,1,2014,,,,,,0.0
EmissionActivityRatio,NDCINC,ECU,SUPCAMANDGRA,,CO2e_CUT,1,2015,,,,,,0.0
EmissionActivityRatio,NDCINC,ECU,SUPCAMANDGRA,,CO2e_CUT,1,2016,,,,,,0.0
EmissionActivityRatio,NDCINC,ECU,SUPCAMANDGRA,,CO2e_CUT,1,2017,,,,,,8.0995264973
EmissionActivityRatio,NDCINC,ECU,SUPCAMANDGRA,,CO2e_CUT,1,2018,,,,,,7.9597088834
EmissionActivityRatio,NDCINC,ECU,SUPCAMANDGRA,,CO2e_CUT,1,2019,,,,,,142.994795413
EmissionActivityRatio,NDCINC,ECU,SUPCAMANDGRA,,CO2e_CUT,1,2020,,,,,,142.994795413
EmissionActivityRatio,NDCINC,ECU,SUPCAMANDGRA,,CO2e_CUT,1,2021,,,,,,265.6829491217
EmissionActivityRatio,NDCINC,ECU,SUPCAMANDGRA,,CO2e_CUT,1,2022,,,,,,265.6829491217
EmissionActivityRatio,NDCINC,ECU,SUPCAMANDGRA,,CO2e_CUT,1,2023,,,,,,64.1088249577
EmissionActivityRatio,NDCINC,ECU,SUPCAMANDGRA,,CO2e_CUT,1,2024,,,,,,64.1088249577
EmissionActivityRatio,NDCINC,ECU,SUPCAMANDGRA,,CO2e_CUT,1,2025,,,,,,64.1088249577
EmissionActivityRatio,NDCINC,ECU,SUPCAMANDGRA,,CO2e_CUT,1,2026,,,,,,64.1088249577
EmissionActivityRatio,NDCINC,ECU,SUPCAMANDGRA,,CO2e_CUT,1,2027,,,,,,64.1088249577
EmissionActivityRatio,NDCINC,ECU,SUPCAMANDGRA,,CO2e_CUT,1,2028,,,,,,64.1088249577
EmissionActivityRatio,NDCINC,ECU,SUPCAMANDGRA,,CO2e_CUT,1,2029,,,,,,64.1088249577
EmissionActivityRatio,NDCINC,ECU,SUPCAMANDGRA,,CO2e_CUT,1,2030,,,,,,64.1088249577
EmissionActivityRatio,NDCINC,ECU,SUPCAMANDGRA,,CO2e_CUT,1,2031,,,,,,64.1088249577
EmissionActivityRatio,NDCINC,ECU,SUPCAMANDGRA,,CO2e_CUT,1,2032,,,,,,64.1088249577
EmissionActivityRatio,NDCINC,ECU,SUPCAMANDGRA,,CO2e_CUT,1,2033,,,,,,64.1088249577
EmissionActivityRatio,NDCINC,ECU,SUPCAMANDGRA,,CO2e_CUT,1,2034,,,,,,64.1088249577
EmissionActivityRatio,NDCINC,ECU,SUPCAMANDGRA,,CO2e_CUT,1,2035,,,,,,64.1088249577
EmissionActivityRatio,NDCINC,ECU,SUPCAMPLUGRA,,CO2e_CUT,1,2010,,,,,,0.0
EmissionActivityRatio,NDCINC,ECU,SUPCAMPLUGRA,,CO2e_CUT,1,2011,,,,,,0.0
EmissionActivityRatio,NDCINC,ECU,SUPCAMPLUGRA,,CO2e_CUT,1,2012,,,,,,0.0
EmissionActivityRatio,NDCINC,ECU,SUPCAMPLUGRA,,CO2e_CUT,1,2013,,,,,,0.0
EmissionActivityRatio,NDCINC,ECU,SUPCAMPLUGRA,,CO2e_CUT,1,2014,,,,,,0.0
EmissionActivityRatio,NDCINC,ECU,SUPCAMPLUGRA,,CO2e_CUT,1,2015,,,,,,0.0
EmissionActivityRatio,NDCINC,ECU,SUPCAMPLUGRA,,CO2e_CUT,1,2016,,,,,,0.0
EmissionActivityRatio,NDCINC,ECU,SUPCAMPLUGRA,,CO2e_CUT,1,2017,,,,,,20.4532636828
EmissionActivityRatio,NDCINC,ECU,SUPCAMPLUGRA,,CO2e_CUT,1,2018,,,,,,20.129101366
EmissionActivityRatio,NDCINC,ECU,SUPCAMPLUGRA,,CO2e_CUT,1,2019,,,,,,166.7534283627
EmissionActivityRatio,NDCINC,ECU,SUPCAMPLUGRA,,CO2e_CUT,1,2020,,,,,,166.7534283627
EmissionActivityRatio,NDCINC,ECU,SUPCAMPLUGRA,,CO2e_CUT,1,2021,,,,,,9.444174067
EmissionActivityRatio,NDCINC,ECU,SUPCAMPLUGRA,,CO2e_CUT,1,2022,,,,,,9.444174067
EmissionActivityRatio,NDCINC,ECU,SUPCAMPLUGRA,,CO2e_CUT,1,2023,,,,,,30.2290438391
EmissionActivityRatio,NDCINC,ECU,SUPCAMPLUGRA,,CO2e_CUT,1,2024,,,,,,30.2290438391
EmissionActivityRatio,NDCINC,ECU,SUPCAMPLUGRA,,CO2e_CUT,1,2025,,,,,,30.2290438391
EmissionActivityRatio,NDCINC,ECU,SUPCAMPLUGRA,,CO2e_CUT,1,2026,,,,,,30.2290438391
EmissionActivityRatio,NDCINC,ECU,SUPCAMPLUGRA,,CO2e_CUT,1,2027,,,,,,30.2290438391
EmissionActivityRatio,NDCINC,ECU,SUPCAMPLUGRA,,CO2e_CUT,1,2028,,,,,,30.2290438391
EmissionActivityRatio,NDCINC,ECU,SUPCAMPLUGRA,,CO2e_CUT,1,2029,,,,,,30.2290438391
EmissionActivityRatio,NDCINC,ECU,SUPCAMPLUGRA,,CO2e_CUT,1,2030,,,,,,30.2290438391
EmissionActivityRatio,NDCINC,ECU,SUPCAMPLUGRA,,CO2e_CUT,1,2031,,,,,,30.2290438391
EmissionActivityRatio,NDCINC,ECU,SUPCAMPLUGRA,,CO2e_CUT,1,2032,,,,,,30.2290438391
EmissionActivityRatio,NDCINC,ECU,SUPCAMPLUGRA,,CO2e_CUT,1,2033,,,,,,30.2290438391
EmissionActivityRatio,NDCINC,ECU,SUPCAMPLUGRA,,CO2e_CUT,1,2034,,,,,,30.2290438391
EmissionActivityRatio,NDCINC,ECU,SUPCAMPLUGRA,,CO2e_CUT,1,2035,,,,,,30.2290438391
EmissionActivityRatio,NDCINC,ECU,SUPCAMMONGRA,,CO2e_CUT,1,2010,,,,,,0.0
EmissionActivityRatio,NDCINC,ECU,SUPCAMMONGRA,,CO2e_CUT,1,2011,,,,,,0.0
EmissionActivityRatio,NDCINC,ECU,SUPCAMMONGRA,,CO2e_CUT,1,2012,,,,,,0.0
EmissionActivityRatio,NDCINC,ECU,SUPCAMMONGRA,,CO2e_CUT,1,2013,,,,,,0.0
EmissionActivityRatio,NDCINC,ECU,SUPCAMMONGRA,,CO2e_CUT,1,2014,,,,,,0.0
EmissionActivityRatio,NDCINC,ECU,SUPCAMMONGRA,,CO2e_CUT,1,2015,,,,,,0.0
EmissionActivityRatio,NDCINC,ECU,SUPCAMMONGRA,,CO2e_CUT,1,2016,,,,,,0.0
EmissionActivityRatio,NDCINC,ECU,SUPCAMMONGRA,,CO2e_CUT,1,2017,,,,,,281.8537140758
EmissionActivityRatio,NDCINC,ECU,SUPCAMMONGRA,,CO2e_CUT,1,2018,,,,,,279.7502557369
EmissionActivityRatio,NDCINC,ECU,SUPCAMMONGRA,,CO2e_CUT,1,2019,,,,,,344.3115578424
EmissionActivityRatio,NDCINC,ECU,SUPCAMMONGRA,,CO2e_CUT,1,2020,,,,,,344.3115578424
EmissionActivityRatio,NDCINC,ECU,SUPCAMMONGRA,,CO2e_CUT,1,2021,,,,,,501.7719517958
EmissionActivityRatio,NDCINC,ECU,SUPCAMMONGRA,,CO2e_CUT,1,2022,,,,,,501.7719517958
EmissionActivityRatio,NDCINC,ECU,SUPCAMMONGRA,,CO2e_CUT,1,2023,,,,,,173.3669991607
EmissionActivityRatio,NDCINC,ECU,SUPCAMMONGRA,,CO2e_CUT,1,2024,,,,,,173.3669991607
EmissionActivityRatio,NDCINC,ECU,SUPCAMMONGRA,,CO2e_CUT,1,2025,,,,,,173.3669991607
EmissionActivityRatio,NDCINC,ECU,SUPCAMMONGRA,,CO2e_CUT,1,2026,,,,,,173.3669991607
EmissionActivityRatio,NDCINC,ECU,SUPCAMMONGRA,,CO2e_CUT,1,2027,,,,,,173.3669991607
EmissionActivityRatio,NDCINC,ECU,SUPCAMMONGRA,,CO2e_CUT,1,2028,,,,,,173.3669991607
EmissionActivityRatio,NDCINC,ECU,SUPCAMMONGRA,,CO2e_CUT,1,2029,,,,,,173.3669991607
EmissionActivityRatio,NDCINC,ECU,SUPCAMMONGRA,,CO2e_CUT,1,2030,,,,,,173.3669991607
EmissionActivityRatio,NDCINC,ECU,SUPCAMMONGRA,,CO2e_CUT,1,2031,,,,,,173.3669991607
EmissionActivityRatio,NDCINC,ECU,SUPCAMMONGRA,,CO2e_CUT,1,2032,,,,,,173.3669991607
EmissionActivityRatio,NDCINC,ECU,SUPCAMMONGRA,,CO2e_CUT,1,2033,,,,,,173.3669991607
EmissionActivityRatio,NDCINC,ECU,SUPCAMMONGRA,,CO2e_CUT,1,2034,,,,,,173.3669991607
EmissionActivityRatio,NDCINC,ECU,SUPCAMMONGRA,,CO2e_CUT,1,2035,,,,,,173.3669991607
EmissionActivityRatio,NDCINC,ECU,SUPCAMPIEGRA,,CO2e_CUT,1,2010,,,,,,0.0
EmissionActivityRatio,NDCINC,ECU,SUPCAMPIEGRA,,CO2e_CUT,1,2011,,,,,,0.0
EmissionActivityRatio,NDCINC,ECU,SUPCAMPIEGRA,,CO2e_CUT,1,2012,,,,,,0.0
EmissionActivityRatio,NDCINC,ECU,SUPCAMPIEGRA,,CO2e_CUT,1,2013,,,,,,0.0
EmissionActivityRatio,NDCINC,ECU,SUPCAMPIEGRA,,CO2e_CUT,1,2014,,,,,,0.0
EmissionActivityRatio,NDCINC,ECU,SUPCAMPIEGRA,,CO2e_CUT,1,2015,,,,,,0.0
EmissionActivityRatio,NDCINC,ECU,SUPCAMPIEGRA,,CO2e_CUT,1,2016,,,,,,0.0
EmissionActivityRatio,NDCINC,ECU,SUPCAMPIEGRA,,CO2e_CUT,1,2017,,,,,,670.1231771236
EmissionActivityRatio,NDCINC,ECU,SUPCAMPIEGRA,,CO2e_CUT,1,2018,,,,,,670.2996794366
EmissionActivityRatio,NDCINC,ECU,SUPCAMPIEGRA,,CO2e_CUT,1,2019,,,,,,809.1680588006
EmissionActivityRatio,NDCINC,ECU,SUPCAMPIEGRA,,CO2e_CUT,1,2020,,,,,,809.1680588006
EmissionActivityRatio,NDCINC,ECU,SUPCAMPIEGRA,,CO2e_CUT,1,2021,,,,,,777.1175819857
EmissionActivityRatio,NDCINC,ECU,SUPCAMPIEGRA,,CO2e_CUT,1,2022,,,,,,777.1175819857
EmissionActivityRatio,NDCINC,ECU,SUPCAMPIEGRA,,CO2e_CUT,1,2023,,,,,,347.153395241
EmissionActivityRatio,NDCINC,ECU,SUPCAMPIEGRA,,CO2e_CUT,1,2024,,,,,,347.153395241
EmissionActivityRatio,NDCINC,ECU,SUPCAMPIEGRA,,CO2e_CUT,1,2025,,,,,,347.153395241
EmissionActivityRatio,NDCINC,ECU,SUPCAMPIEGRA,,CO2e_CUT,1,2026,,,,,,347.153395241
EmissionActivityRatio,NDCINC,ECU,SUPCAMPIEGRA,,CO2e_CUT,1,2027,,,,,,347.153395241
EmissionActivityRatio,NDCINC,ECU,SUPCAMPIEGRA,,CO2e_CUT,1,2028,,,,,,347.153395241
EmissionActivityRatio,NDCINC,ECU,SUPCAMPIEGRA,,CO2e_CUT,1,2029,,,,,,347.153395241
EmissionActivityRatio,NDCINC,ECU,SUPCAMPIEGRA,,CO2e_CUT,1,2030,,,,,,347.153395241
EmissionActivityRatio,NDCINC,ECU,SUPCAMPIEGRA,,CO2e_CUT,1,2031,,,,,,347.153395241
EmissionActivityRatio,NDCINC,ECU,SUPCAMPIEGRA,,CO2e_CUT,1,2032,,,,,,347.153395241
EmissionActivityRatio,NDCINC,ECU,SUPCAMPIEGRA,,CO2e_CUT,1,2033,,,,,,347.153395241
EmissionActivityRatio,NDCINC,ECU,SUPCAMPIEGRA,,CO2e_CUT,1,2034,,,,,,347.153395241
EmissionActivityRatio,NDCINC,ECU,SUPCAMPIEGRA,,CO2e_CUT,1,2035,,,,,,347.153395241
EmissionActivityRatio,NDCINC,ECU,SUPCAMCEJGRA,,CO2e_CUT,1,2010,,,,,,0.0
EmissionActivityRatio,NDCINC,ECU,SUPCAMCEJGRA,,CO2e_CUT,1,2011,,,,,,0.0
EmissionActivityRatio,NDCINC,ECU,SUPCAMCEJGRA,,CO2e_CUT,1,2012,,,,,,0.0
EmissionActivityRatio,NDCINC,ECU,SUPCAMCEJGRA,,CO2e_CUT,1,2013,,,,,,0.0
EmissionActivityRatio,NDCINC,ECU,SUPCAMCEJGRA,,CO2e_CUT,1,2014,,,,,,0.0
EmissionActivityRatio,NDCINC,ECU,SUPCAMCEJGRA,,CO2e_CUT,1,2015,,,,,,0.0
EmissionActivityRatio,NDCINC,ECU,SUPCAMCEJGRA,,CO2e_CUT,1,2016,,,,,,0.0
EmissionActivityRatio,NDCINC,ECU,SUPCAMCEJGRA,,CO2e_CUT,1,2017,,,,,,82.9826879241
EmissionActivityRatio,NDCINC,ECU,SUPCAMCEJGRA,,CO2e_CUT,1,2018,,,,,,85.4627558181
EmissionActivityRatio,NDCINC,ECU,SUPCAMCEJGRA,,CO2e_CUT,1,2019,,,,,,65.0680732834
EmissionActivityRatio,NDCINC,ECU,SUPCAMCEJGRA,,CO2e_CUT,1,2020,,,,,,65.0680732834
EmissionActivityRatio,NDCINC,ECU,SUPCAMCEJGRA,,CO2e_CUT,1,2021,,,,,,292.690640094
EmissionActivityRatio,NDCINC,ECU,SUPCAMCEJGRA,,CO2e_CUT,1,2022,,,,,,292.690640094
EmissionActivityRatio,NDCINC,ECU,SUPCAMCEJGRA,,CO2e_CUT,1,2023,,,,,,67.9971438844
EmissionActivityRatio,NDCINC,ECU,SUPCAMCEJGRA,,CO2e_CUT,1,2024,,,,,,67.9971438844
EmissionActivityRatio,NDCINC,ECU,SUPCAMCEJGRA,,CO2e_CUT,1,2025,,,,,,67.9971438844
EmissionActivityRatio,NDCINC,ECU,SUPCAMCEJGRA,,CO2e_CUT,1,2026,,,,,,67.9971438844
EmissionActivityRatio,NDCINC,ECU,SUPCAMCEJGRA,,CO2e_CUT,1,2027,,,,,,67.9971438844
EmissionActivityRatio,NDCINC,ECU,SUPCAMCEJGRA,,CO2e_CUT,1,2028,,,,,,67.9971438844
EmissionActivityRatio,NDCINC,ECU,SUPCAMCEJGRA,,CO2e_CUT,1,2029,,,,,,67.9971438844
EmissionActivityRatio,NDCINC,ECU,SUPCAMCEJGRA,,CO2e_CUT,1,2030,,,,,,67.9971438844
EmissionActivityRatio,NDCINC,ECU,SUPCAMCEJGRA,,CO2e_CUT,1,2031,,,,,,67.9971438844
EmissionActivityRatio,NDCINC,ECU,SUPCAMCEJGRA,,CO2e_CUT,1,2032,,,,,,67.9971438844
EmissionActivityRatio,NDCINC,ECU,SUPCAMCEJGRA,,CO2e_CUT,1,2033,,,,,,67.9971438844
EmissionActivityRatio,NDCINC,ECU,SUPCAMCEJGRA,,CO2e_CUT,1,2034,,,,,,67.9971438844
EmissionActivityRatio,NDCINC,ECU,SUPCAMCEJGRA,,CO2e_CUT,1,2035,,,,,,67.9971438844
EmissionActivityRatio,NDCINC,ECU,SUPCAMAMAGRA,,CO2e_CUT,1,2010,,,,,,0.0
EmissionActivityRatio,NDCINC,ECU,SUPCAMAMAGRA,,CO2e_CUT,1,2011,,,,,,0.0
EmissionActivityRatio,NDCINC,ECU,SUPCAMAMAGRA,,CO2e_CUT,1,2012,,,,,,0.0
EmissionActivityRatio,NDCINC,ECU,SUPCAMAMAGRA,,CO2e_CUT,1,2013,,,,,,0.0
EmissionActivityRatio,NDCINC,ECU,SUPCAMAMAGRA,,CO2e_CUT,1,2014,,,,,,0.0
EmissionActivityRatio,NDCINC,ECU,SUPCAMAMAGRA,,CO2e_CUT,1,2015,,,,,,0.0
EmissionActivityRatio,NDCINC,ECU,SUPCAMAMAGRA,,CO2e_CUT,1,2016,,,,,,0.0
EmissionActivityRatio,NDCINC,ECU,SUPCAMAMAGRA,,CO2e_CUT,1,2017,,,,,,6448.5864207705
EmissionActivityRatio,NDCINC,ECU,SUPCAMAMAGRA,,CO2e_CUT,1,2018,,,,,,6484.4656953874
EmissionActivityRatio,NDCINC,ECU,SUPCAMAMAGRA,,CO2e_CUT,1,2019,,,,,,2043.147675345
EmissionActivityRatio,NDCINC,ECU,SUPCAMAMAGRA,,CO2e_CUT,1,2020,,,,,,2043.147675345
EmissionActivityRatio,NDCINC,ECU,SUPCAMAMAGRA,,CO2e_CUT,1,2021,,,,,,4680.0274093655
EmissionActivityRatio,NDCINC,ECU,SUPCAMAMAGRA,,CO2e_CUT,1,2022,,,,,,4680.0274093655
EmissionActivityRatio,NDCINC,ECU,SUPCAMAMAGRA,,CO2e_CUT,1,2023,,,,,,2029.1847911984
EmissionActivityRatio,NDCINC,ECU,SUPCAMAMAGRA,,CO2e_CUT,1,2024,,,,,,2029.1847911984
EmissionActivityRatio,NDCINC,ECU,SUPCAMAMAGRA,,CO2e_CUT,1,2025,,,,,,2029.1847911984
EmissionActivityRatio,NDCINC,ECU,SUPCAMAMAGRA,,CO2e_CUT,1,2026,,,,,,2029.1847911984
EmissionActivityRatio,NDCINC,ECU,SUPCAMAMAGRA,,CO2e_CUT,1,2027,,,,,,2029.1847911984
EmissionActivityRatio,NDCINC,ECU,SUPCAMAMAGRA,,CO2e_CUT,1,2028,,,,,,2029.1847911984
EmissionActivityRatio,NDCINC,ECU,SUPCAMAMAGRA,,CO2e_CUT,1,2029,,,,,,2029.1847911984
EmissionActivityRatio,NDCINC,ECU,SUPCAMAMAGRA,,CO2e_CUT,1,2030,,,,,,2029.1847911984
EmissionActivityRatio,NDCINC,ECU,SUPCAMAMAGRA,,CO2e_CUT,1,2031,,,,,,2029.1847911984
EmissionActivityRatio,NDCINC,ECU,SUPCAMAMAGRA,,CO2e_CUT,1,2032,,,,,,2029.1847911984
EmissionActivityRatio,NDCINC,ECU,SUPCAMAMAGRA,,CO2e_CUT,1,2033,,,,,,2029.1847911984
EmissionActivityRatio,NDCINC,ECU,SUPCAMAMAGRA,,CO2e_CUT,1,2034,,,,,,2029.1847911984
EmissionActivityRatio,NDCINC,ECU,SUPCAMAMAGRA,,CO2e_CUT,1,2035,,,,,,2029.1847911984
EmissionActivityRatio,NDCINC,ECU,SUPCAMCHOGRA,,CO2e_CUT,1,2010,,,,,,0.0
EmissionActivityRatio,NDCINC,ECU,SUPCAMCHOGRA,,CO2e_CUT,1,2011,,,,,,0.0
EmissionActivityRatio,NDCINC,ECU,SUPCAMCHOGRA,,CO2e_CUT,1,2012,,,,,,0.0
EmissionActivityRatio,NDCINC,ECU,SUPCAMCHOGRA,,CO2e_CUT,1,2013,,,,,,0.0
EmissionActivityRatio,NDCINC,ECU,SUPCAMCHOGRA,,CO2e_CUT,1,2014,,,,,,0.0
EmissionActivityRatio,NDCINC,ECU,SUPCAMCHOGRA,,CO2e_CUT,1,2015,,,,,,0.0
EmissionActivityRatio,NDCINC,ECU,SUPCAMCHOGRA,,CO2e_CUT,1,2016,,,,,,0.0
EmissionActivityRatio,NDCINC,ECU,SUPCAMCHOGRA,,CO2e_CUT,1,2017,,,,,,178.6671906604
EmissionActivityRatio,NDCINC,ECU,SUPCAMCHOGRA,,CO2e_CUT,1,2018,,,,,,175.3258498917
EmissionActivityRatio,NDCINC,ECU,SUPCAMCHOGRA,,CO2e_CUT,1,2019,,,,,,104.45517123
EmissionActivityRatio,NDCINC,ECU,SUPCAMCHOGRA,,CO2e_CUT,1,2020,,,,,,104.45517123
EmissionActivityRatio,NDCINC,ECU,SUPCAMCHOGRA,,CO2e_CUT,1,2021,,,,,,203.0026105108
EmissionActivityRatio,NDCINC,ECU,SUPCAMCHOGRA,,CO2e_CUT,1,2022,,,,,,203.0026105108
EmissionActivityRatio,NDCINC,ECU,SUPCAMCHOGRA,,CO2e_CUT,1,2023,,,,,,74.5314310795
EmissionActivityRatio,NDCINC,ECU,SUPCAMCHOGRA,,CO2e_CUT,1,2024,,,,,,74.5314310795
EmissionActivityRatio,NDCINC,ECU,SUPCAMCHOGRA,,CO2e_CUT,1,2025,,,,,,74.5314310795
EmissionActivityRatio,NDCINC,ECU,SUPCAMCHOGRA,,CO2e_CUT,1,2026,,,,,,74.5314310795
EmissionActivityRatio,NDCINC,ECU,SUPCAMCHOGRA,,CO2e_CUT,1,2027,,,,,,74.5314310795
EmissionActivityRatio,NDCINC,ECU,SUPCAMCHOGRA,,CO2e_CUT,1,2028,,,,,,74.5314310795
EmissionActivityRatio,NDCINC,ECU,SUPCAMCHOGRA,,CO2e_CUT,1,2029,,,,,,74.5314310795
EmissionActivityRatio,NDCINC,ECU,SUPCAMCHOGRA,,CO2e_CUT,1,2030,,,,,,74.5314310795
EmissionActivityRatio,NDCINC,ECU,SUPCAMCHOGRA,,CO2e_CUT,1,2031,,,,,,74.5314310795
EmissionActivityRatio,NDCINC,ECU,SUPCAMCHOGRA,,CO2e_CUT,1,2032,,,,,,74.5314310795
EmissionActivityRatio,NDCINC,ECU,SUPCAMCHOGRA,,CO2e_CUT,1,2033,,,,,,74.5314310795
EmissionActivityRatio,NDCINC,ECU,SUPCAMCHOGRA,,CO2e_CUT,1,2034,,,,,,74.5314310795
EmissionActivityRatio,NDCINC,ECU,SUPCAMCHOGRA,,CO2e_CUT,1,2035,,,,,,74.5314310795
EmissionActivityRatio,NDCINC,ECU,SUPCAMMANGRA,,CO2e_CUT,1,2010,,,,,,0.0
EmissionActivityRatio,NDCINC,ECU,SUPCAMMANGRA,,CO2e_CUT,1,2011,,,,,,0.0
EmissionActivityRatio,NDCINC,ECU,SUPCAMMANGRA,,CO2e_CUT,1,2012,,,,,,0.0
EmissionActivityRatio,NDCINC,ECU,SUPCAMMANGRA,,CO2e_CUT,1,2013,,,,,,0.0
EmissionActivityRatio,NDCINC,ECU,SUPCAMMANGRA,,CO2e_CUT,1,2014,,,,,,0.0
EmissionActivityRatio,NDCINC,ECU,SUPCAMMANGRA,,CO2e_CUT,1,2015,,,,,,0.0
EmissionActivityRatio,NDCINC,ECU,SUPCAMMANGRA,,CO2e_CUT,1,2016,,,,,,0.0
EmissionActivityRatio,NDCINC,ECU,SUPCAMMANGRA,,CO2e_CUT,1,2017,,,,,,347.572772215
EmissionActivityRatio,NDCINC,ECU,SUPCAMMANGRA,,CO2e_CUT,1,2018,,,,,,340.4450181085
EmissionActivityRatio,NDCINC,ECU,SUPCAMMANGRA,,CO2e_CUT,1,2019,,,,,,154.2825216882
EmissionActivityRatio,NDCINC,ECU,SUPCAMMANGRA,,CO2e_CUT,1,2020,,,,,,154.2825216882
EmissionActivityRatio,NDCINC,ECU,SUPCAMMANGRA,,CO2e_CUT,1,2021,,,,,,21.9966097174
EmissionActivityRatio,NDCINC,ECU,SUPCAMMANGRA,,CO2e_CUT,1,2022,,,,,,21.9966097174
EmissionActivityRatio,NDCINC,ECU,SUPCAMMANGRA,,CO2e_CUT,1,2023,,,,,,80.0443117796
EmissionActivityRatio,NDCINC,ECU,SUPCAMMANGRA,,CO2e_CUT,1,2024,,,,,,80.0443117796
EmissionActivityRatio,NDCINC,ECU,SUPCAMMANGRA,,CO2e_CUT,1,2025,,,,,,80.0443117796
EmissionActivityRatio,NDCINC,ECU,SUPCAMMANGRA,,CO2e_CUT,1,2026,,,,,,80.0443117796
EmissionActivityRatio,NDCINC,ECU,SUPCAMMANGRA,,CO2e_CUT,1,2027,,,,,,80.0443117796
EmissionActivityRatio,NDCINC,ECU,SUPCAMMANGRA,,CO2e_CUT,1,2028,,,,,,80.0443117796
EmissionActivityRatio,NDCINC,ECU,SUPCAMMANGRA,,CO2e_CUT,1,2029,,,,,,80.0443117796
EmissionActivityRatio,NDCINC,ECU,SUPCAMMANGRA,,CO2e_CUT,1,2030,,,,,,80.0443117796
EmissionActivityRatio,NDCINC,ECU,SUPCAMMANGRA,,CO2e_CUT,1,2031,,,,,,80.0443117796
EmissionActivityRatio,NDCINC,ECU,SUPCAMMANGRA,,CO2e_CUT,1,2032,,,,,,80.0443117796
EmissionActivityRatio,NDCINC,ECU,SUPCAMMANGRA,,CO2e_CUT,1,2033,,,,,,80.0443117796
EmissionActivityRatio,NDCINC,ECU,SUPCAMMANGRA,,CO2e_CUT,1,2034,,,,,,80.0443117796
EmissionActivityRatio,NDCINC,ECU,SUPCAMMANGRA,,CO2e_CUT,1,2035,,,,,,80.0443117796
EmissionActivityRatio,NDCINC,ECU,SUPCAMMORGRA,,CO2e_CUT,1,2010,,,,,,0.0
EmissionActivityRatio,NDCINC,ECU,SUPCAMMORGRA,,CO2e_CUT,1,2011,,,,,,0.0
EmissionActivityRatio,NDCINC,ECU,SUPCAMMORGRA,,CO2e_CUT,1,2012,,,,,,0.0
EmissionActivityRatio,NDCINC,ECU,SUPCAMMORGRA,,CO2e_CUT,1,2013,,,,,,0.0
EmissionActivityRatio,NDCINC,ECU,SUPCAMMORGRA,,CO2e_CUT,1,2014,,,,,,0.0
EmissionActivityRatio,NDCINC,ECU,SUPCAMMORGRA,,CO2e_CUT,1,2015,,,,,,0.0
EmissionActivityRatio,NDCINC,ECU,SUPCAMMORGRA,,CO2e_CUT,1,2016,,,,,,0.0
EmissionActivityRatio,NDCINC,ECU,SUPCAMMORGRA,,CO2e_CUT,1,2017,,,,,,15.0605339562
EmissionActivityRatio,NDCINC,ECU,SUPCAMMORGRA,,CO2e_CUT,1,2018,,,,,,14.9236498675
EmissionActivityRatio,NDCINC,ECU,SUPCAMMORGRA,,CO2e_CUT,1,2019,,,,,,2.9585148496
EmissionActivityRatio,NDCINC,ECU,SUPCAMMORGRA,,CO2e_CUT,1,2020,,,,,,2.9585148496
EmissionActivityRatio,NDCINC,ECU,SUPCAMMORGRA,,CO2e_CUT,1,2021,,,,,,23.9243549898
EmissionActivityRatio,NDCINC,ECU,SUPCAMMORGRA,,CO2e_CUT,1,2022,,,,,,23.9243549898
EmissionActivityRatio,NDCINC,ECU,SUPCAMMORGRA,,CO2e_CUT,1,2023,,,,,,6.4423018079
EmissionActivityRatio,NDCINC,ECU,SUPCAMMORGRA,,CO2e_CUT,1,2024,,,,,,6.4423018079
EmissionActivityRatio,NDCINC,ECU,SUPCAMMORGRA,,CO2e_CUT,1,2025,,,,,,6.4423018079
EmissionActivityRatio,NDCINC,ECU,SUPCAMMORGRA,,CO2e_CUT,1,2026,,,,,,6.4423018079
EmissionActivityRatio,NDCINC,ECU,SUPCAMMORGRA,,CO2e_CUT,1,2027,,,,,,6.4423018079
EmissionActivityRatio,NDCINC,ECU,SUPCAMMORGRA,,CO2e_CUT,1,2028,,,,,,6.4423018079
EmissionActivityRatio,NDCINC,ECU,SUPCAMMORGRA,,CO2e_CUT,1,2029,,,,,,6.4423018079
EmissionActivityRatio,NDCINC,ECU,SUPCAMMORGRA,,CO2e_CUT,1,2030,,,,,,6.4423018079
EmissionActivityRatio,NDCINC,ECU,SUPCAMMORGRA,,CO2e_CUT,1,2031,,,,,,6.4423018079
EmissionActivityRatio,NDCINC,ECU,SUPCAMMORGRA,,CO2e_CUT,1,2032,,,,,,6.4423018079
EmissionActivityRatio,NDCINC,ECU,SUPCAMMORGRA,,CO2e_CUT,1,2033,,,,,,6.4423018079
EmissionActivityRatio,NDCINC,ECU,SUPCAMMORGRA,,CO2e_CUT,1,2034,,,,,,6.4423018079
EmissionActivityRatio,NDCINC,ECU,SUPCAMMORGRA,,CO2e_CUT,1,2035,,,,,,6.4423018079
EmissionActivityRatio,NDCINC,ECU,SUPCAMPFOGRA,,CO2e_CUT,1,2010,,,,,,0.0
EmissionActivityRatio,NDCINC,ECU,SUPCAMPFOGRA,,CO2e_CUT,1,2011,,,,,,0.0
EmissionActivityRatio,NDCINC,ECU,SUPCAMPFOGRA,,CO2e_CUT,1,2012,,,,,,0.0
EmissionActivityRatio,NDCINC,ECU,SUPCAMPFOGRA,,CO2e_CUT,1,2013,,,,,,0.0
EmissionActivityRatio,NDCINC,ECU,SUPCAMPFOGRA,,CO2e_CUT,1,2014,,,,,,0.0
EmissionActivityRatio,NDCINC,ECU,SUPCAMPFOGRA,,CO2e_CUT,1,2015,,,,,,0.0
EmissionActivityRatio,NDCINC,ECU,SUPCAMPFOGRA,,CO2e_CUT,1,2016,,,,,,0.0
EmissionActivityRatio,NDCINC,ECU,SUPCAMPFOGRA,,CO2e_CUT,1,2017,,,,,,2.0168298806
EmissionActivityRatio,NDCINC,ECU,SUPCAMPFOGRA,,CO2e_CUT,1,2018,,,,,,1.9359955661
EmissionActivityRatio,NDCINC,ECU,SUPCAMPFOGRA,,CO2e_CUT,1,2019,,,,,,87.5486438703
EmissionActivityRatio,NDCINC,ECU,SUPCAMPFOGRA,,CO2e_CUT,1,2020,,,,,,87.5486438703
EmissionActivityRatio,NDCINC,ECU,SUPCAMPFOGRA,,CO2e_CUT,1,2021,,,,,,8.4315899023
EmissionActivityRatio,NDCINC,ECU,SUPCAMPFOGRA,,CO2e_CUT,1,2022,,,,,,8.4315899023
EmissionActivityRatio,NDCINC,ECU,SUPCAMPFOGRA,,CO2e_CUT,1,2023,,,,,,15.0702533071
EmissionActivityRatio,NDCINC,ECU,SUPCAMPFOGRA,,CO2e_CUT,1,2024,,,,,,15.0702533071
EmissionActivityRatio,NDCINC,ECU,SUPCAMPFOGRA,,CO2e_CUT,1,2025,,,,,,15.0702533071
EmissionActivityRatio,NDCINC,ECU,SUPCAMPFOGRA,,CO2e_CUT,1,2026,,,,,,15.0702533071
EmissionActivityRatio,NDCINC,ECU,SUPCAMPFOGRA,,CO2e_CUT,1,2027,,,,,,15.0702533071
EmissionActivityRatio,NDCINC,ECU,SUPCAMPFOGRA,,CO2e_CUT,1,2028,,,,,,15.0702533071
EmissionActivityRatio,NDCINC,ECU,SUPCAMPFOGRA,,CO2e_CUT,1,2029,,,,,,15.0702533071
EmissionActivityRatio,NDCINC,ECU,SUPCAMPFOGRA,,CO2e_CUT,1,2030,,,,,,15.0702533071
EmissionActivityRatio,NDCINC,ECU,SUPCAMPFOGRA,,CO2e_CUT,1,2031,,,,,,15.0702533071
EmissionActivityRatio,NDCINC,ECU,SUPCAMPFOGRA,,CO2e_CUT,1,2032,,,,,,15.0702533071
EmissionActivityRatio,NDCINC,ECU,SUPCAMPFOGRA,,CO2e_CUT,1,2033,,,,,,15.0702533071
EmissionActivityRatio,NDCINC,ECU,SUPCAMPFOGRA,,CO2e_CUT,1,2034,,,,,,15.0702533071
EmissionActivityRatio,NDCINC,ECU,SUPCAMPFOGRA,,CO2e_CUT,1,2035,,,,,,15.0702533071
EmissionActivityRatio,NDCINC,ECU,SUPCAMCROGRA,,CO2e_CUT,1,2010,,,,,,105.1233333333
EmissionActivityRatio,NDCINC,ECU,SUPCAMCROGRA,,CO2e_CUT,1,2011,,,,,,105.1233333333
EmissionActivityRatio,NDCINC,ECU,SUPCAMCROGRA,,CO2e_CUT,1,2012,,,,,,105.1233333333
EmissionActivityRatio,NDCINC,ECU,SUPCAMCROGRA,,CO2e_CUT,1,2013,,,,,,105.1233333333
EmissionActivityRatio,NDCINC,ECU,SUPCAMCROGRA,,CO2e_CUT,1,2014,,,,,,105.1233333333
EmissionActivityRatio,NDCINC,ECU,SUPCAMCROGRA,,CO2e_CUT,1,2015,,,,,,105.1233333333
EmissionActivityRatio,NDCINC,ECU,SUPCAMCROGRA,,CO2e_CUT,1,2016,,,,,,105.1233333333
EmissionActivityRatio,NDCINC,ECU,SUPCAMCROGRA,,CO2e_CUT,1,2017,,,,,,105.1233333333
EmissionActivityRatio,NDCINC,ECU,SUPCAMCROGRA,,CO2e_CUT,1,2018,,,,,,105.1233333333
EmissionActivityRatio,NDCINC,ECU,SUPCAMCROGRA,,CO2e_CUT,1,2019,,,,,,107.2335548872
EmissionActivityRatio,NDCINC,ECU,SUPCAMCROGRA,,CO2e_CUT,1,2020,,,,,,107.2335548872
EmissionActivityRatio,NDCINC,ECU,SUPCAMCROGRA,,CO2e_CUT,1,2021,,,,,,105.1345406603
EmissionActivityRatio,NDCINC,ECU,SUPCAMCROGRA,,CO2e_CUT,1,2022,,,,,,105.1345406603
EmissionActivityRatio,NDCINC,ECU,SUPCAMCROGRA,,CO2e_CUT,1,2023,,,,,,105.4497070073
EmissionActivityRatio,NDCINC,ECU,SUPCAMCROGRA,,CO2e_CUT,1,2024,,,,,,105.4497070073
EmissionActivityRatio,NDCINC,ECU,SUPCAMCROGRA,,CO2e_CUT,1,2025,,,,,,105.4497070073
EmissionActivityRatio,NDCINC,ECU,SUPCAMCROGRA,,CO2e_CUT,1,2026,,,,,,105.4497070073
EmissionActivityRatio,NDCINC,ECU,SUPCAMCROGRA,,CO2e_CUT,1,2027,,,,,,105.4497070073
EmissionActivityRatio,NDCINC,ECU,SUPCAMCROGRA,,CO2e_CUT,1,2028,,,,,,105.4497070073
EmissionActivityRatio,NDCINC,ECU,SUPCAMCROGRA,,CO2e_CUT,1,2029,,,,,,105.4497070073
EmissionActivityRatio,NDCINC,ECU,SUPCAMCROGRA,,CO2e_CUT,1,2030,,,,,,105.4497070073
EmissionActivityRatio,NDCINC,ECU,SUPCAMCROGRA,,CO2e_CUT,1,2031,,,,,,105.4497070073
EmissionActivityRatio,NDCINC,ECU,SUPCAMCROGRA,,CO2e_CUT,1,2032,,,,,,105.4497070073
EmissionActivityRatio,NDCINC,ECU,SUPCAMCROGRA,,CO2e_CUT,1,2033,,,,,,105.4497070073
EmissionActivityRatio,NDCINC,ECU,SUPCAMCROGRA,,CO2e_CUT,1,2034,,,,,,105.4497070073
EmissionActivityRatio,NDCINC,ECU,SUPCAMCROGRA,,CO2e_CUT,1,2035,,,,,,105.4497070073
EmissionActivityRatio,NDCINC,ECU,SUPCAMHUMGRA,,CO2e_CUT,1,2010,,,,,,-6.8400177083
EmissionActivityRatio,NDCINC,ECU,SUPCAMHUMGRA,,CO2e_CUT,1,2011,,,,,,-6.8400177083
EmissionActivityRatio,NDCINC,ECU,SUPCAMHUMGRA,,CO2e_CUT,1,2012,,,,,,-6.8400177083
EmissionActivityRatio,NDCINC,ECU,SUPCAMHUMGRA,,CO2e_CUT,1,2013,,,,,,-6.8400177083
EmissionActivityRatio,NDCINC,ECU,SUPCAMHUMGRA,,CO2e_CUT,1,2014,,,,,,-6.8400177083
EmissionActivityRatio,NDCINC,ECU,SUPCAMHUMGRA,,CO2e_CUT,1,2015,,,,,,-5.8538079818
EmissionActivityRatio,NDCINC,ECU,SUPCAMHUMGRA,,CO2e_CUT,1,2016,,,,,,-5.8493134896
EmissionActivityRatio,NDCINC,ECU,SUPCAMHUMGRA,,CO2e_CUT,1,2017,,,,,,-5.9452548365
EmissionActivityRatio,NDCINC,ECU,SUPCAMHUMGRA,,CO2e_CUT,1,2018,,,,,,-6.3172455799
EmissionActivityRatio,NDCINC,ECU,SUPCAMHUMGRA,,CO2e_CUT,1,2019,,,,,,-4.8006451311
EmissionActivityRatio,NDCINC,ECU,SUPCAMHUMGRA,,CO2e_CUT,1,2020,,,,,,-4.8006451311
EmissionActivityRatio,NDCINC,ECU,SUPCAMHUMGRA,,CO2e_CUT,1,2021,,,,,,-6.8923992518
EmissionActivityRatio,NDCINC,ECU,SUPCAMHUMGRA,,CO2e_CUT,1,2022,,,,,,-6.8923992518
EmissionActivityRatio,NDCINC,ECU,SUPCAMHUMGRA,,CO2e_CUT,1,2023,,,,,,-6.2732153227
EmissionActivityRatio,NDCINC,ECU,SUPCAMHUMGRA,,CO2e_CUT,1,2024,,,,,,-6.2732153227
EmissionActivityRatio,NDCINC,ECU,SUPCAMHUMGRA,,CO2e_CUT,1,2025,,,,,,-6.2732153227
EmissionActivityRatio,NDCINC,ECU,SUPCAMHUMGRA,,CO2e_CUT,1,2026,,,,,,-6.2732153227
EmissionActivityRatio,NDCINC,ECU,SUPCAMHUMGRA,,CO2e_CUT,1,2027,,,,,,-6.2732153227
EmissionActivityRatio,NDCINC,ECU,SUPCAMHUMGRA,,CO2e_CUT,1,2028,,,,,,-6.2732153227
EmissionActivityRatio,NDCINC,ECU,SUPCAMHUMGRA,,CO2e_CUT,1,2029,,,,,,-6.2732153227
EmissionActivityRatio,NDCINC,ECU,SUPCAMHUMGRA,,CO2e_CUT,1,2030,,,,,,-6.2732153227
EmissionActivityRatio,NDCINC,ECU,SUPCAMHUMGRA,,CO2e_CUT,1,2031,,,,,,-6.2732153227
EmissionActivityRatio,NDCINC,ECU,SUPCAMHUMGRA,,CO2e_CUT,1,2032,,,,,,-6.2732153227
EmissionActivityRatio,NDCINC,ECU,SUPCAMHUMGRA,,CO2e_CUT,1,2033,,,,,,-6.2732153227
EmissionActivityRatio,NDCINC,ECU,SUPCAMHUMGRA,,CO2e_CUT,1,2034,,,,,,-6.2732153227
EmissionActivityRatio,NDCINC,ECU,SUPCAMHUMGRA,,CO2e_CUT,1,2035,,,,,,-6.2732153227
EmissionActivityRatio,NDCINC,ECU,SUPCAMOTIGRA,,CO2e_CUT,1,2010,,,,,,-6.8933333333
EmissionActivityRatio,NDCINC,ECU,SUPCAMOTIGRA,,CO2e_CUT,1,2011,,,,,,-6.8933333333
EmissionActivityRatio,NDCINC,ECU,SUPCAMOTIGRA,,CO2e_CUT,1,2012,,,,,,-6.8933333333
EmissionActivityRatio,NDCINC,ECU,SUPCAMOTIGRA,,CO2e_CUT,1,2013,,,,,,-6.8933333333
EmissionActivityRatio,NDCINC,ECU,SUPCAMOTIGRA,,CO2e_CUT,1,2014,,,,,,-6.8933333333
EmissionActivityRatio,NDCINC,ECU,SUPCAMOTIGRA,,CO2e_CUT,1,2015,,,,,,-6.8933333333
EmissionActivityRatio,NDCINC,ECU,SUPCAMOTIGRA,,CO2e_CUT,1,2016,,,,,,-6.8933333333
EmissionActivityRatio,NDCINC,ECU,SUPCAMOTIGRA,,CO2e_CUT,1,2017,,,,,,-6.8933333333
EmissionActivityRatio,NDCINC,ECU,SUPCAMOTIGRA,,CO2e_CUT,1,2018,,,,,,-6.8933333333
EmissionActivityRatio,NDCINC,ECU,SUPCAMOTIGRA,,CO2e_CUT,1,2019,,,,,,-6.588373404
EmissionActivityRatio,NDCINC,ECU,SUPCAMOTIGRA,,CO2e_CUT,1,2020,,,,,,-6.588373404
EmissionActivityRatio,NDCINC,ECU,SUPCAMOTIGRA,,CO2e_CUT,1,2021,,,,,,-6.1323393572
EmissionActivityRatio,NDCINC,ECU,SUPCAMOTIGRA,,CO2e_CUT,1,2022,,,,,,-6.1323393572
EmissionActivityRatio,NDCINC,ECU,SUPCAMOTIGRA,,CO2e_CUT,1,2023,,,,,,-6.7293404248
EmissionActivityRatio,NDCINC,ECU,SUPCAMOTIGRA,,CO2e_CUT,1,2024,,,,,,-6.7293404248
EmissionActivityRatio,NDCINC,ECU,SUPCAMOTIGRA,,CO2e_CUT,1,2025,,,,,,-6.7293404248
EmissionActivityRatio,NDCINC,ECU,SUPCAMOTIGRA,,CO2e_CUT,1,2026,,,,,,-6.7293404248
EmissionActivityRatio,NDCINC,ECU,SUPCAMOTIGRA,,CO2e_CUT,1,2027,,,,,,-6.7293404248
EmissionActivityRatio,NDCINC,ECU,SUPCAMOTIGRA,,CO2e_CUT,1,2028,,,,,,-6.7293404248
EmissionActivityRatio,NDCINC,ECU,SUPCAMOTIGRA,,CO2e_CUT,1,2029,,,,,,-6.7293404248
EmissionActivityRatio,NDCINC,ECU,SUPCAMOTIGRA,,CO2e_CUT,1,2030,,,,,,-6.7293404248
EmissionActivityRatio,NDCINC,ECU,SUPCAMOTIGRA,,CO2e_CUT,1,2031,,,,,,-6.7293404248
EmissionActivityRatio,NDCINC,ECU,SUPCAMOTIGRA,,CO2e_CUT,1,2032,,,,,,-6.7293404248
EmissionActivityRatio,NDCINC,ECU,SUPCAMOTIGRA,,CO2e_CUT,1,2033,,,,,,-6.7293404248
EmissionActivityRatio,NDCINC,ECU,SUPCAMOTIGRA,,CO2e_CUT,1,2034,,,,,,-6.7293404248
EmissionActivityRatio,NDCINC,ECU,SUPCAMOTIGRA,,CO2e_CUT,1,2035,,,,,,-6.7293404248
EmissionActivityRatio,NDCINC,ECU,SUPCAMANDHUM,,CO2e_CUT,1,2010,,,,,,0.0
EmissionActivityRatio,NDCINC,ECU,SUPCAMANDHUM,,CO2e_CUT,1,2011,,,,,,0.0
EmissionActivityRatio,NDCINC,ECU,SUPCAMANDHUM,,CO2e_CUT,1,2012,,,,,,0.0
EmissionActivityRatio,NDCINC,ECU,SUPCAMANDHUM,,CO2e_CUT,1,2013,,,,,,0.0
EmissionActivityRatio,NDCINC,ECU,SUPCAMANDHUM,,CO2e_CUT,1,2014,,,,,,0.0
EmissionActivityRatio,NDCINC,ECU,SUPCAMANDHUM,,CO2e_CUT,1,2015,,,,,,0.0
EmissionActivityRatio,NDCINC,ECU,SUPCAMANDHUM,,CO2e_CUT,1,2016,,,,,,0.0
EmissionActivityRatio,NDCINC,ECU,SUPCAMANDHUM,,CO2e_CUT,1,2017,,,,,,0.0
EmissionActivityRatio,NDCINC,ECU,SUPCAMANDHUM,,CO2e_CUT,1,2018,,,,,,0.0
EmissionActivityRatio,NDCINC,ECU,SUPCAMANDHUM,,CO2e_CUT,1,2019,,,,,,0.0
EmissionActivityRatio,NDCINC,ECU,SUPCAMANDHUM,,CO2e_CUT,1,2020,,,,,,0.0
EmissionActivityRatio,NDCINC,ECU,SUPCAMANDHUM,,CO2e_CUT,1,2021,,,,,,0.5676656423
EmissionActivityRatio,NDCINC,ECU,SUPCAMANDHUM,,CO2e_CUT,1,2022,,,,,,0.5676656423
EmissionActivityRatio,NDCINC,ECU,SUPCAMANDHUM,,CO2e_CUT,1,2023,,,,,,0.0873331757
EmissionActivityRatio,NDCINC,ECU,SUPCAMANDHUM,,CO2e_CUT,1,2024,,,,,,0.0873331757
EmissionActivityRatio,NDCINC,ECU,SUPCAMANDHUM,,CO2e_CUT,1,2025,,,,,,0.0873331757
EmissionActivityRatio,NDCINC,ECU,SUPCAMANDHUM,,CO2e_CUT,1,2026,,,,,,0.0873331757
EmissionActivityRatio,NDCINC,ECU,SUPCAMANDHUM,,CO2e_CUT,1,2027,,,,,,0.0873331757
EmissionActivityRatio,NDCINC,ECU,SUPCAMANDHUM,,CO2e_CUT,1,2028,,,,,,0.0873331757
EmissionActivityRatio,NDCINC,ECU,SUPCAMANDHUM,,CO2e_CUT,1,2029,,,,,,0.0873331757
EmissionActivityRatio,NDCINC,ECU,SUPCAMANDHUM,,CO2e_CUT,1,2030,,,,,,0.0873331757
EmissionActivityRatio,NDCINC,ECU,SUPCAMANDHUM,,CO2e_CUT,1,2031,,,,,,0.0873331757
EmissionActivityRatio,NDCINC,ECU,SUPCAMANDHUM,,CO2e_CUT,1,2032,,,,,,0.0873331757
EmissionActivityRatio,NDCINC,ECU,SUPCAMANDHUM,,CO2e_CUT,1,2033,,,,,,0.0873331757
EmissionActivityRatio,NDCINC,ECU,SUPCAMANDHUM,,CO2e_CUT,1,2034,,,,,,0.0873331757
EmissionActivityRatio,NDCINC,ECU,SUPCAMANDHUM,,CO2e_CUT,1,2035,,,,,,0.0873331757
EmissionActivityRatio,NDCINC,ECU,SUPCAMPLUHUM,,CO2e_CUT,1,2010,,,,,,0.0
EmissionActivityRatio,NDCINC,ECU,SUPCAMPLUHUM,,CO2e_CUT,1,2011,,,,,,0.0
EmissionActivityRatio,NDCINC,ECU,SUPCAMPLUHUM,,CO2e_CUT,1,2012,,,,,,0.0
EmissionActivityRatio,NDCINC,ECU,SUPCAMPLUHUM,,CO2e_CUT,1,2013,,,,,,0.0
EmissionActivityRatio,NDCINC,ECU,SUPCAMPLUHUM,,CO2e_CUT,1,2014,,,,,,0.0
EmissionActivityRatio,NDCINC,ECU,SUPCAMPLUHUM,,CO2e_CUT,1,2015,,,,,,0.0
EmissionActivityRatio,NDCINC,ECU,SUPCAMPLUHUM,,CO2e_CUT,1,2016,,,,,,0.0
EmissionActivityRatio,NDCINC,ECU,SUPCAMPLUHUM,,CO2e_CUT,1,2017,,,,,,0.0
EmissionActivityRatio,NDCINC,ECU,SUPCAMPLUHUM,,CO2e_CUT,1,2018,,,,,,0.0
EmissionActivityRatio,NDCINC,ECU,SUPCAMPLUHUM,,CO2e_CUT,1,2019,,,,,,0.0
EmissionActivityRatio,NDCINC,ECU,SUPCAMPLUHUM,,CO2e_CUT,1,2020,,,,,,0.0
EmissionActivityRatio,NDCINC,ECU,SUPCAMPLUHUM,,CO2e_CUT,1,2021,,,,,,2.6062389176
EmissionActivityRatio,NDCINC,ECU,SUPCAMPLUHUM,,CO2e_CUT,1,2022,,,,,,2.6062389176
EmissionActivityRatio,NDCINC,ECU,SUPCAMPLUHUM,,CO2e_CUT,1,2023,,,,,,0.4009598335
EmissionActivityRatio,NDCINC,ECU,SUPCAMPLUHUM,,CO2e_CUT,1,2024,,,,,,0.4009598335
EmissionActivityRatio,NDCINC,ECU,SUPCAMPLUHUM,,CO2e_CUT,1,2025,,,,,,0.4009598335
EmissionActivityRatio,NDCINC,ECU,SUPCAMPLUHUM,,CO2e_CUT,1,2026,,,,,,0.4009598335
EmissionActivityRatio,NDCINC,ECU,SUPCAMPLUHUM,,CO2e_CUT,1,2027,,,,,,0.4009598335
EmissionActivityRatio,NDCINC,ECU,SUPCAMPLUHUM,,CO2e_CUT,1,2028,,,,,,0.4009598335
EmissionActivityRatio,NDCINC,ECU,SUPCAMPLUHUM,,CO2e_CUT,1,2029,,,,,,0.4009598335
EmissionActivityRatio,NDCINC,ECU,SUPCAMPLUHUM,,CO2e_CUT,1,2030,,,,,,0.4009598335
EmissionActivityRatio,NDCINC,ECU,SUPCAMPLUHUM,,CO2e_CUT,1,2031,,,,,,0.4009598335
EmissionActivityRatio,NDCINC,ECU,SUPCAMPLUHUM,,CO2e_CUT,1,2032,,,,,,0.4009598335
EmissionActivityRatio,NDCINC,ECU,SUPCAMPLUHUM,,CO2e_CUT,1,2033,,,,,,0.4009598335
EmissionActivityRatio,NDCINC,ECU,SUPCAMPLUHUM,,CO2e_CUT,1,2034,,,,,,0.4009598335
EmissionActivityRatio,NDCINC,ECU,SUPCAMPLUHUM,,CO2e_CUT,1,2035,,,,,,0.4009598335
EmissionActivityRatio,NDCINC,ECU,SUPCAMMONHUM,,CO2e_CUT,1,2010,,,,,,0.0
EmissionActivityRatio,NDCINC,ECU,SUPCAMMONHUM,,CO2e_CUT,1,2011,,,,,,0.0
EmissionActivityRatio,NDCINC,ECU,SUPCAMMONHUM,,CO2e_CUT,1,2012,,,,,,0.0
EmissionActivityRatio,NDCINC,ECU,SUPCAMMONHUM,,CO2e_CUT,1,2013,,,,,,0.0
EmissionActivityRatio,NDCINC,ECU,SUPCAMMONHUM,,CO2e_CUT,1,2014,,,,,,0.0
EmissionActivityRatio,NDCINC,ECU,SUPCAMMONHUM,,CO2e_CUT,1,2015,,,,,,0.0
EmissionActivityRatio,NDCINC,ECU,SUPCAMMONHUM,,CO2e_CUT,1,2016,,,,,,0.0
EmissionActivityRatio,NDCINC,ECU,SUPCAMMONHUM,,CO2e_CUT,1,2017,,,,,,0.0
EmissionActivityRatio,NDCINC,ECU,SUPCAMMONHUM,,CO2e_CUT,1,2018,,,,,,0.0
EmissionActivityRatio,NDCINC,ECU,SUPCAMMONHUM,,CO2e_CUT,1,2019,,,,,,0.0
EmissionActivityRatio,NDCINC,ECU,SUPCAMMONHUM,,CO2e_CUT,1,2020,,,,,,0.0
EmissionActivityRatio,NDCINC,ECU,SUPCAMMONHUM,,CO2e_CUT,1,2021,,,,,,1.0394040357
EmissionActivityRatio,NDCINC,ECU,SUPCAMMONHUM,,CO2e_CUT,1,2022,,,,,,1.0394040357
EmissionActivityRatio,NDCINC,ECU,SUPCAMMONHUM,,CO2e_CUT,1,2023,,,,,,0.1599083132
EmissionActivityRatio,NDCINC,ECU,SUPCAMMONHUM,,CO2e_CUT,1,2024,,,,,,0.1599083132
EmissionActivityRatio,NDCINC,ECU,SUPCAMMONHUM,,CO2e_CUT,1,2025,,,,,,0.1599083132
EmissionActivityRatio,NDCINC,ECU,SUPCAMMONHUM,,CO2e_CUT,1,2026,,,,,,0.1599083132
EmissionActivityRatio,NDCINC,ECU,SUPCAMMONHUM,,CO2e_CUT,1,2027,,,,,,0.1599083132
EmissionActivityRatio,NDCINC,ECU,SUPCAMMONHUM,,CO2e_CUT,1,2028,,,,,,0.1599083132
EmissionActivityRatio,NDCINC,ECU,SUPCAMMONHUM,,CO2e_CUT,1,2029,,,,,,0.1599083132
EmissionActivityRatio,NDCINC,ECU,SUPCAMMONHUM,,CO2e_CUT,1,2030,,,,,,0.1599083132
EmissionActivityRatio,NDCINC,ECU,SUPCAMMONHUM,,CO2e_CUT,1,2031,,,,,,0.1599083132
EmissionActivityRatio,NDCINC,ECU,SUPCAMMONHUM,,CO2e_CUT,1,2032,,,,,,0.1599083132
EmissionActivityRatio,NDCINC,ECU,SUPCAMMONHUM,,CO2e_CUT,1,2033,,,,,,0.1599083132
EmissionActivityRatio,NDCINC,ECU,SUPCAMMONHUM,,CO2e_CUT,1,2034,,,,,,0.1599083132
EmissionActivityRatio,NDCINC,ECU,SUPCAMMONHUM,,CO2e_CUT,1,2035,,,,,,0.1599083132
EmissionActivityRatio,NDCINC,ECU,SUPCAMPIEHUM,,CO2e_CUT,1,2010,,,,,,0.0
EmissionActivityRatio,NDCINC,ECU,SUPCAMPIEHUM,,CO2e_CUT,1,2011,,,,,,0.0
EmissionActivityRatio,NDCINC,ECU,SUPCAMPIEHUM,,CO2e_CUT,1,2012,,,,,,0.0
EmissionActivityRatio,NDCINC,ECU,SUPCAMPIEHUM,,CO2e_CUT,1,2013,,,,,,0.0
EmissionActivityRatio,NDCINC,ECU,SUPCAMPIEHUM,,CO2e_CUT,1,2014,,,,,,0.0
EmissionActivityRatio,NDCINC,ECU,SUPCAMPIEHUM,,CO2e_CUT,1,2015,,,,,,0.0
EmissionActivityRatio,NDCINC,ECU,SUPCAMPIEHUM,,CO2e_CUT,1,2016,,,,,,0.0
EmissionActivityRatio,NDCINC,ECU,SUPCAMPIEHUM,,CO2e_CUT,1,2017,,,,,,0.0
EmissionActivityRatio,NDCINC,ECU,SUPCAMPIEHUM,,CO2e_CUT,1,2018,,,,,,0.0
EmissionActivityRatio,NDCINC,ECU,SUPCAMPIEHUM,,CO2e_CUT,1,2019,,,,,,0.0
EmissionActivityRatio,NDCINC,ECU,SUPCAMPIEHUM,,CO2e_CUT,1,2020,,,,,,0.0
EmissionActivityRatio,NDCINC,ECU,SUPCAMPIEHUM,,CO2e_CUT,1,2021,,,,,,0.2061330715
EmissionActivityRatio,NDCINC,ECU,SUPCAMPIEHUM,,CO2e_CUT,1,2022,,,,,,0.2061330715
EmissionActivityRatio,NDCINC,ECU,SUPCAMPIEHUM,,CO2e_CUT,1,2023,,,,,,0.0317127802
EmissionActivityRatio,NDCINC,ECU,SUPCAMPIEHUM,,CO2e_CUT,1,2024,,,,,,0.0317127802
EmissionActivityRatio,NDCINC,ECU,SUPCAMPIEHUM,,CO2e_CUT,1,2025,,,,,,0.0317127802
EmissionActivityRatio,NDCINC,ECU,SUPCAMPIEHUM,,CO2e_CUT,1,2026,,,,,,0.0317127802
EmissionActivityRatio,NDCINC,ECU,SUPCAMPIEHUM,,CO2e_CUT,1,2027,,,,,,0.0317127802
EmissionActivityRatio,NDCINC,ECU,SUPCAMPIEHUM,,CO2e_CUT,1,2028,,,,,,0.0317127802
EmissionActivityRatio,NDCINC,ECU,SUPCAMPIEHUM,,CO2e_CUT,1,2029,,,,,,0.0317127802
EmissionActivityRatio,NDCINC,ECU,SUPCAMPIEHUM,,CO2e_CUT,1,2030,,,,,,0.0317127802
EmissionActivityRatio,NDCINC,ECU,SUPCAMPIEHUM,,CO2e_CUT,1,2031,,,,,,0.0317127802
EmissionActivityRatio,NDCINC,ECU,SUPCAMPIEHUM,,CO2e_CUT,1,2032,,,,,,0.0317127802
EmissionActivityRatio,NDCINC,ECU,SUPCAMPIEHUM,,CO2e_CUT,1,2033,,,,,,0.0317127802
EmissionActivityRatio,NDCINC,ECU,SUPCAMPIEHUM,,CO2e_CUT,1,2034,,,,,,0.0317127802
EmissionActivityRatio,NDCINC,ECU,SUPCAMPIEHUM,,CO2e_CUT,1,2035,,,,,,0.0317127802
EmissionActivityRatio,NDCINC,ECU,SUPCAMCEJHUM,,CO2e_CUT,1,2010,,,,,,0.0
EmissionActivityRatio,NDCINC,ECU,SUPCAMCEJHUM,,CO2e_CUT,1,2011,,,,,,0.0
EmissionActivityRatio,NDCINC,ECU,SUPCAMCEJHUM,,CO2e_CUT,1,2012,,,,,,0.0
EmissionActivityRatio,NDCINC,ECU,SUPCAMCEJHUM,,CO2e_CUT,1,2013,,,,,,0.0
EmissionActivityRatio,NDCINC,ECU,SUPCAMCEJHUM,,CO2e_CUT,1,2014,,,,,,0.0
EmissionActivityRatio,NDCINC,ECU,SUPCAMCEJHUM,,CO2e_CUT,1,2015,,,,,,0.0
EmissionActivityRatio,NDCINC,ECU,SUPCAMCEJHUM,,CO2e_CUT,1,2016,,,,,,0.0
EmissionActivityRatio,NDCINC,ECU,SUPCAMCEJHUM,,CO2e_CUT,1,2017,,,,,,0.0
EmissionActivityRatio,NDCINC,ECU,SUPCAMCEJHUM,,CO2e_CUT,1,2018,,,,,,0.0
EmissionActivityRatio,NDCINC,ECU,SUPCAMCEJHUM,,CO2e_CUT,1,2019,,,,,,0.0
EmissionActivityRatio,NDCINC,ECU,SUPCAMCEJHUM,,CO2e_CUT,1,2020,,,,,,0.0
EmissionActivityRatio,NDCINC,ECU,SUPCAMCEJHUM,,CO2e_CUT,1,2021,,,,,,5.5813936482
EmissionActivityRatio,NDCINC,ECU,SUPCAMCEJHUM,,CO2e_CUT,1,2022,,,,,,5.5813936482
EmissionActivityRatio,NDCINC,ECU,SUPCAMCEJHUM,,CO2e_CUT,1,2023,,,,,,0.8586759459
EmissionActivityRatio,NDCINC,ECU,SUPCAMCEJHUM,,CO2e_CUT,1,2024,,,,,,0.8586759459
EmissionActivityRatio,NDCINC,ECU,SUPCAMCEJHUM,,CO2e_CUT,1,2025,,,,,,0.8586759459
EmissionActivityRatio,NDCINC,ECU,SUPCAMCEJHUM,,CO2e_CUT,1,2026,,,,,,0.8586759459
EmissionActivityRatio,NDCINC,ECU,SUPCAMCEJHUM,,CO2e_CUT,1,2027,,,,,,0.8586759459
EmissionActivityRatio,NDCINC,ECU,SUPCAMCEJHUM,,CO2e_CUT,1,2028,,,,,,0.8586759459
EmissionActivityRatio,NDCINC,ECU,SUPCAMCEJHUM,,CO2e_CUT,1,2029,,,,,,0.8586759459
EmissionActivityRatio,NDCINC,ECU,SUPCAMCEJHUM,,CO2e_CUT,1,2030,,,,,,0.8586759459
EmissionActivityRatio,NDCINC,ECU,SUPCAMCEJHUM,,CO2e_CUT,1,2031,,,,,,0.8586759459
EmissionActivityRatio,NDCINC,ECU,SUPCAMCEJHUM,,CO2e_CUT,1,2032,,,,,,0.8586759459
EmissionActivityRatio,NDCINC,ECU,SUPCAMCEJHUM,,CO2e_CUT,1,2033,,,,,,0.8586759459
EmissionActivityRatio,NDCINC,ECU,SUPCAMCEJHUM,,CO2e_CUT,1,2034,,,,,,0.8586759459
EmissionActivityRatio,NDCINC,ECU,SUPCAMCEJHUM,,CO2e_CUT,1,2035,,,,,,0.8586759459
EmissionActivityRatio,NDCINC,ECU,SUPCAMAMAHUM,,CO2e_CUT,1,2010,,,,,,0.0
EmissionActivityRatio,NDCINC,ECU,SUPCAMAMAHUM,,CO2e_CUT,1,2011,,,,,,0.0
EmissionActivityRatio,NDCINC,ECU,SUPCAMAMAHUM,,CO2e_CUT,1,2012,,,,,,0.0
EmissionActivityRatio,NDCINC,ECU,SUPCAMAMAHUM,,CO2e_CUT,1,2013,,,,,,0.0
EmissionActivityRatio,NDCINC,ECU,SUPCAMAMAHUM,,CO2e_CUT,1,2014,,,,,,0.0
EmissionActivityRatio,NDCINC,ECU,SUPCAMAMAHUM,,CO2e_CUT,1,2015,,,,,,0.0
EmissionActivityRatio,NDCINC,ECU,SUPCAMAMAHUM,,CO2e_CUT,1,2016,,,,,,0.0
EmissionActivityRatio,NDCINC,ECU,SUPCAMAMAHUM,,CO2e_CUT,1,2017,,,,,,0.0
EmissionActivityRatio,NDCINC,ECU,SUPCAMAMAHUM,,CO2e_CUT,1,2018,,,,,,0.0
EmissionActivityRatio,NDCINC,ECU,SUPCAMAMAHUM,,CO2e_CUT,1,2019,,,,,,0.0
EmissionActivityRatio,NDCINC,ECU,SUPCAMAMAHUM,,CO2e_CUT,1,2020,,,,,,0.0
EmissionActivityRatio,NDCINC,ECU,SUPCAMAMAHUM,,CO2e_CUT,1,2021,,,,,,0.2150411074
EmissionActivityRatio,NDCINC,ECU,SUPCAMAMAHUM,,CO2e_CUT,1,2022,,,,,,0.2150411074
EmissionActivityRatio,NDCINC,ECU,SUPCAMAMAHUM,,CO2e_CUT,1,2023,,,,,,0.0330832473
EmissionActivityRatio,NDCINC,ECU,SUPCAMAMAHUM,,CO2e_CUT,1,2024,,,,,,0.0330832473
EmissionActivityRatio,NDCINC,ECU,SUPCAMAMAHUM,,CO2e_CUT,1,2025,,,,,,0.0330832473
EmissionActivityRatio,NDCINC,ECU,SUPCAMAMAHUM,,CO2e_CUT,1,2026,,,,,,0.0330832473
EmissionActivityRatio,NDCINC,ECU,SUPCAMAMAHUM,,CO2e_CUT,1,2027,,,,,,0.0330832473
EmissionActivityRatio,NDCINC,ECU,SUPCAMAMAHUM,,CO2e_CUT,1,2028,,,,,,0.0330832473
EmissionActivityRatio,NDCINC,ECU,SUPCAMAMAHUM,,CO2e_CUT,1,2029,,,,,,0.0330832473
EmissionActivityRatio,NDCINC,ECU,SUPCAMAMAHUM,,CO2e_CUT,1,2030,,,,,,0.0330832473
EmissionActivityRatio,NDCINC,ECU,SUPCAMAMAHUM,,CO2e_CUT,1,2031,,,,,,0.0330832473
EmissionActivityRatio,NDCINC,ECU,SUPCAMAMAHUM,,CO2e_CUT,1,2032,,,,,,0.0330832473
EmissionActivityRatio,NDCINC,ECU,SUPCAMAMAHUM,,CO2e_CUT,1,2033,,,,,,0.0330832473
EmissionActivityRatio,NDCINC,ECU,SUPCAMAMAHUM,,CO2e_CUT,1,2034,,,,,,0.0330832473
EmissionActivityRatio,NDCINC,ECU,SUPCAMAMAHUM,,CO2e_CUT,1,2035,,,,,,0.0330832473
EmissionActivityRatio,NDCINC,ECU,SUPCAMCHOHUM,,CO2e_CUT,1,2010,,,,,,0.0
EmissionActivityRatio,NDCINC,ECU,SUPCAMCHOHUM,,CO2e_CUT,1,2011,,,,,,0.0
EmissionActivityRatio,NDCINC,ECU,SUPCAMCHOHUM,,CO2e_CUT,1,2012,,,,,,0.0
EmissionActivityRatio,NDCINC,ECU,SUPCAMCHOHUM,,CO2e_CUT,1,2013,,,,,,0.0
EmissionActivityRatio,NDCINC,ECU,SUPCAMCHOHUM,,CO2e_CUT,1,2014,,,,,,0.0
EmissionActivityRatio,NDCINC,ECU,SUPCAMCHOHUM,,CO2e_CUT,1,2015,,,,,,0.0
EmissionActivityRatio,NDCINC,ECU,SUPCAMCHOHUM,,CO2e_CUT,1,2016,,,,,,0.0
EmissionActivityRatio,NDCINC,ECU,SUPCAMCHOHUM,,CO2e_CUT,1,2017,,,,,,0.0
EmissionActivityRatio,NDCINC,ECU,SUPCAMCHOHUM,,CO2e_CUT,1,2018,,,,,,0.0
EmissionActivityRatio,NDCINC,ECU,SUPCAMCHOHUM,,CO2e_CUT,1,2019,,,,,,0.0
EmissionActivityRatio,NDCINC,ECU,SUPCAMCHOHUM,,CO2e_CUT,1,2020,,,,,,0.0
EmissionActivityRatio,NDCINC,ECU,SUPCAMCHOHUM,,CO2e_CUT,1,2021,,,,,,1.3197886497
EmissionActivityRatio,NDCINC,ECU,SUPCAMCHOHUM,,CO2e_CUT,1,2022,,,,,,1.3197886497
EmissionActivityRatio,NDCINC,ECU,SUPCAMCHOHUM,,CO2e_CUT,1,2023,,,,,,0.2030444076
EmissionActivityRatio,NDCINC,ECU,SUPCAMCHOHUM,,CO2e_CUT,1,2024,,,,,,0.2030444076
EmissionActivityRatio,NDCINC,ECU,SUPCAMCHOHUM,,CO2e_CUT,1,2025,,,,,,0.2030444076
EmissionActivityRatio,NDCINC,ECU,SUPCAMCHOHUM,,CO2e_CUT,1,2026,,,,,,0.2030444076
EmissionActivityRatio,NDCINC,ECU,SUPCAMCHOHUM,,CO2e_CUT,1,2027,,,,,,0.2030444076
EmissionActivityRatio,NDCINC,ECU,SUPCAMCHOHUM,,CO2e_CUT,1,2028,,,,,,0.2030444076
EmissionActivityRatio,NDCINC,ECU,SUPCAMCHOHUM,,CO2e_CUT,1,2029,,,,,,0.2030444076
EmissionActivityRatio,NDCINC,ECU,SUPCAMCHOHUM,,CO2e_CUT,1,2030,,,,,,0.2030444076
EmissionActivityRatio,NDCINC,ECU,SUPCAMCHOHUM,,CO2e_CUT,1,2031,,,,,,0.2030444076
EmissionActivityRatio,NDCINC,ECU,SUPCAMCHOHUM,,CO2e_CUT,1,2032,,,,,,0.2030444076
EmissionActivityRatio,NDCINC,ECU,SUPCAMCHOHUM,,CO2e_CUT,1,2033,,,,,,0.2030444076
EmissionActivityRatio,NDCINC,ECU,SUPCAMCHOHUM,,CO2e_CUT,1,2034,,,,,,0.2030444076
EmissionActivityRatio,NDCINC,ECU,SUPCAMCHOHUM,,CO2e_CUT,1,2035,,,,,,0.2030444076
EmissionActivityRatio,NDCINC,ECU,SUPCAMMANHUM,,CO2e_CUT,1,2010,,,,,,0.0
EmissionActivityRatio,NDCINC,ECU,SUPCAMMANHUM,,CO2e_CUT,1,2011,,,,,,0.0
EmissionActivityRatio,NDCINC,ECU,SUPCAMMANHUM,,CO2e_CUT,1,2012,,,,,,0.0
EmissionActivityRatio,NDCINC,ECU,SUPCAMMANHUM,,CO2e_CUT,1,2013,,,,,,0.0
EmissionActivityRatio,NDCINC,ECU,SUPCAMMANHUM,,CO2e_CUT,1,2014,,,,,,0.0
EmissionActivityRatio,NDCINC,ECU,SUPCAMMANHUM,,CO2e_CUT,1,2015,,,,,,0.0
EmissionActivityRatio,NDCINC,ECU,SUPCAMMANHUM,,CO2e_CUT,1,2016,,,,,,0.0
EmissionActivityRatio,NDCINC,ECU,SUPCAMMANHUM,,CO2e_CUT,1,2017,,,,,,0.0
EmissionActivityRatio,NDCINC,ECU,SUPCAMMANHUM,,CO2e_CUT,1,2018,,,,,,0.0
EmissionActivityRatio,NDCINC,ECU,SUPCAMMANHUM,,CO2e_CUT,1,2019,,,,,,0.0
EmissionActivityRatio,NDCINC,ECU,SUPCAMMANHUM,,CO2e_CUT,1,2020,,,,,,0.0
EmissionActivityRatio,NDCINC,ECU,SUPCAMMANHUM,,CO2e_CUT,1,2021,,,,,,0.7747492764
EmissionActivityRatio,NDCINC,ECU,SUPCAMMANHUM,,CO2e_CUT,1,2022,,,,,,0.7747492764
EmissionActivityRatio,NDCINC,ECU,SUPCAMMANHUM,,CO2e_CUT,1,2023,,,,,,0.1191921964
EmissionActivityRatio,NDCINC,ECU,SUPCAMMANHUM,,CO2e_CUT,1,2024,,,,,,0.1191921964
EmissionActivityRatio,NDCINC,ECU,SUPCAMMANHUM,,CO2e_CUT,1,2025,,,,,,0.1191921964
EmissionActivityRatio,NDCINC,ECU,SUPCAMMANHUM,,CO2e_CUT,1,2026,,,,,,0.1191921964
EmissionActivityRatio,NDCINC,ECU,SUPCAMMANHUM,,CO2e_CUT,1,2027,,,,,,0.1191921964
EmissionActivityRatio,NDCINC,ECU,SUPCAMMANHUM,,CO2e_CUT,1,2028,,,,,,0.1191921964
EmissionActivityRatio,NDCINC,ECU,SUPCAMMANHUM,,CO2e_CUT,1,2029,,,,,,0.1191921964
EmissionActivityRatio,NDCINC,ECU,SUPCAMMANHUM,,CO2e_CUT,1,2030,,,,,,0.1191921964
EmissionActivityRatio,NDCINC,ECU,SUPCAMMANHUM,,CO2e_CUT,1,2031,,,,,,0.1191921964
EmissionActivityRatio,NDCINC,ECU,SUPCAMMANHUM,,CO2e_CUT,1,2032,,,,,,0.1191921964
EmissionActivityRatio,NDCINC,ECU,SUPCAMMANHUM,,CO2e_CUT,1,2033,,,,,,0.1191921964
EmissionActivityRatio,NDCINC,ECU,SUPCAMMANHUM,,CO2e_CUT,1,2034,,,,,,0.1191921964
EmissionActivityRatio,NDCINC,ECU,SUPCAMMANHUM,,CO2e_CUT,1,2035,,,,,,0.1191921964
EmissionActivityRatio,NDCINC,ECU,SUPCAMMORHUM,,CO2e_CUT,1,2010,,,,,,0.0
EmissionActivityRatio,NDCINC,ECU,SUPCAMMORHUM,,CO2e_CUT,1,2011,,,,,,0.0
EmissionActivityRatio,NDCINC,ECU,SUPCAMMORHUM,,CO2e_CUT,1,2012,,,,,,0.0
EmissionActivityRatio,NDCINC,ECU,SUPCAMMORHUM,,CO2e_CUT,1,2013,,,,,,0.0
EmissionActivityRatio,NDCINC,ECU,SUPCAMMORHUM,,CO2e_CUT,1,2014,,,,,,0.0
EmissionActivityRatio,NDCINC,ECU,SUPCAMMORHUM,,CO2e_CUT,1,2015,,,,,,0.0
EmissionActivityRatio,NDCINC,ECU,SUPCAMMORHUM,,CO2e_CUT,1,2016,,,,,,0.0
EmissionActivityRatio,NDCINC,ECU,SUPCAMMORHUM,,CO2e_CUT,1,2017,,,,,,0.0
EmissionActivityRatio,NDCINC,ECU,SUPCAMMORHUM,,CO2e_CUT,1,2018,,,,,,0.0
EmissionActivityRatio,NDCINC,ECU,SUPCAMMORHUM,,CO2e_CUT,1,2019,,,,,,0.0
EmissionActivityRatio,NDCINC,ECU,SUPCAMMORHUM,,CO2e_CUT,1,2020,,,,,,0.0
EmissionActivityRatio,NDCINC,ECU,SUPCAMMORHUM,,CO2e_CUT,1,2021,,,,,,0.4422640732
EmissionActivityRatio,NDCINC,ECU,SUPCAMMORHUM,,CO2e_CUT,1,2022,,,,,,0.4422640732
EmissionActivityRatio,NDCINC,ECU,SUPCAMMORHUM,,CO2e_CUT,1,2023,,,,,,0.0680406266
EmissionActivityRatio,NDCINC,ECU,SUPCAMMORHUM,,CO2e_CUT,1,2024,,,,,,0.0680406266
EmissionActivityRatio,NDCINC,ECU,SUPCAMMORHUM,,CO2e_CUT,1,2025,,,,,,0.0680406266
EmissionActivityRatio,NDCINC,ECU,SUPCAMMORHUM,,CO2e_CUT,1,2026,,,,,,0.0680406266
EmissionActivityRatio,NDCINC,ECU,SUPCAMMORHUM,,CO2e_CUT,1,2027,,,,,,0.0680406266
EmissionActivityRatio,NDCINC,ECU,SUPCAMMORHUM,,CO2e_CUT,1,2028,,,,,,0.0680406266
EmissionActivityRatio,NDCINC,ECU,SUPCAMMORHUM,,CO2e_CUT,1,2029,,,,,,0.0680406266
EmissionActivityRatio,NDCINC,ECU,SUPCAMMORHUM,,CO2e_CUT,1,2030,,,,,,0.0680406266
EmissionActivityRatio,NDCINC,ECU,SUPCAMMORHUM,,CO2e_CUT,1,2031,,,,,,0.0680406266
EmissionActivityRatio,NDCINC,ECU,SUPCAMMORHUM,,CO2e_CUT,1,2032,,,,,,0.0680406266
EmissionActivityRatio,NDCINC,ECU,SUPCAMMORHUM,,CO2e_CUT,1,2033,,,,,,0.0680406266
EmissionActivityRatio,NDCINC,ECU,SUPCAMMORHUM,,CO2e_CUT,1,2034,,,,,,0.0680406266
EmissionActivityRatio,NDCINC,ECU,SUPCAMMORHUM,,CO2e_CUT,1,2035,,,,,,0.0680406266
EmissionActivityRatio,NDCINC,ECU,SUPCAMPFOHUM,,CO2e_CUT,1,2010,,,,,,0.0
EmissionActivityRatio,NDCINC,ECU,SUPCAMPFOHUM,,CO2e_CUT,1,2011,,,,,,0.0
EmissionActivityRatio,NDCINC,ECU,SUPCAMPFOHUM,,CO2e_CUT,1,2012,,,,,,0.0
EmissionActivityRatio,NDCINC,ECU,SUPCAMPFOHUM,,CO2e_CUT,1,2013,,,,,,0.0
EmissionActivityRatio,NDCINC,ECU,SUPCAMPFOHUM,,CO2e_CUT,1,2014,,,,,,0.0
EmissionActivityRatio,NDCINC,ECU,SUPCAMPFOHUM,,CO2e_CUT,1,2015,,,,,,0.0
EmissionActivityRatio,NDCINC,ECU,SUPCAMPFOHUM,,CO2e_CUT,1,2016,,,,,,0.0
EmissionActivityRatio,NDCINC,ECU,SUPCAMPFOHUM,,CO2e_CUT,1,2017,,,,,,0.0
EmissionActivityRatio,NDCINC,ECU,SUPCAMPFOHUM,,CO2e_CUT,1,2018,,,,,,0.0
EmissionActivityRatio,NDCINC,ECU,SUPCAMPFOHUM,,CO2e_CUT,1,2019,,,,,,0.0
EmissionActivityRatio,NDCINC,ECU,SUPCAMPFOHUM,,CO2e_CUT,1,2020,,,,,,0.0
EmissionActivityRatio,NDCINC,ECU,SUPCAMPFOHUM,,CO2e_CUT,1,2021,,,,,,6.0824348362
EmissionActivityRatio,NDCINC,ECU,SUPCAMPFOHUM,,CO2e_CUT,1,2022,,,,,,6.0824348362
EmissionActivityRatio,NDCINC,ECU,SUPCAMPFOHUM,,CO2e_CUT,1,2023,,,,,,0.9357592056
EmissionActivityRatio,NDCINC,ECU,SUPCAMPFOHUM,,CO2e_CUT,1,2024,,,,,,0.9357592056
EmissionActivityRatio,NDCINC,ECU,SUPCAMPFOHUM,,CO2e_CUT,1,2025,,,,,,0.9357592056
EmissionActivityRatio,NDCINC,ECU,SUPCAMPFOHUM,,CO2e_CUT,1,2026,,,,,,0.9357592056
EmissionActivityRatio,NDCINC,ECU,SUPCAMPFOHUM,,CO2e_CUT,1,2027,,,,,,0.9357592056
EmissionActivityRatio,NDCINC,ECU,SUPCAMPFOHUM,,CO2e_CUT,1,2028,,,,,,0.9357592056
EmissionActivityRatio,NDCINC,ECU,SUPCAMPFOHUM,,CO2e_CUT,1,2029,,,,,,0.9357592056
EmissionActivityRatio,NDCINC,ECU,SUPCAMPFOHUM,,CO2e_CUT,1,2030,,,,,,0.9357592056
EmissionActivityRatio,NDCINC,ECU,SUPCAMPFOHUM,,CO2e_CUT,1,2031,,,,,,0.9357592056
EmissionActivityRatio,NDCINC,ECU,SUPCAMPFOHUM,,CO2e_CUT,1,2032,,,,,,0.9357592056
EmissionActivityRatio,NDCINC,ECU,SUPCAMPFOHUM,,CO2e_CUT,1,2033,,,,,,0.9357592056
EmissionActivityRatio,NDCINC,ECU,SUPCAMPFOHUM,,CO2e_CUT,1,2034,,,,,,0.9357592056
EmissionActivityRatio,NDCINC,ECU,SUPCAMPFOHUM,,CO2e_CUT,1,2035,,,,,,0.9357592056
EmissionActivityRatio,NDCINC,ECU,SUPCAMCROHUM,,CO2e_CUT,1,2010,,,,,,106.9103790651
EmissionActivityRatio,NDCINC,ECU,SUPCAMCROHUM,,CO2e_CUT,1,2011,,,,,,106.9103790651
EmissionActivityRatio,NDCINC,ECU,SUPCAMCROHUM,,CO2e_CUT,1,2012,,,,,,106.9103790651
EmissionActivityRatio,NDCINC,ECU,SUPCAMCROHUM,,CO2e_CUT,1,2013,,,,,,106.9103790651
EmissionActivityRatio,NDCINC,ECU,SUPCAMCROHUM,,CO2e_CUT,1,2014,,,,,,106.9103790651
EmissionActivityRatio,NDCINC,ECU,SUPCAMCROHUM,,CO2e_CUT,1,2015,,,,,,78.8616493501
EmissionActivityRatio,NDCINC,ECU,SUPCAMCROHUM,,CO2e_CUT,1,2016,,,,,,50.0437129742
EmissionActivityRatio,NDCINC,ECU,SUPCAMCROHUM,,CO2e_CUT,1,2017,,,,,,76.9702336802
EmissionActivityRatio,NDCINC,ECU,SUPCAMCROHUM,,CO2e_CUT,1,2018,,,,,,101.3018166623
EmissionActivityRatio,NDCINC,ECU,SUPCAMCROHUM,,CO2e_CUT,1,2019,,,,,,0.3560182172
EmissionActivityRatio,NDCINC,ECU,SUPCAMCROHUM,,CO2e_CUT,1,2020,,,,,,0.3560182172
EmissionActivityRatio,NDCINC,ECU,SUPCAMCROHUM,,CO2e_CUT,1,2021,,,,,,0.1497771809
EmissionActivityRatio,NDCINC,ECU,SUPCAMCROHUM,,CO2e_CUT,1,2022,,,,,,0.1497771809
EmissionActivityRatio,NDCINC,ECU,SUPCAMCROHUM,,CO2e_CUT,1,2023,,,,,,64.8262229837
EmissionActivityRatio,NDCINC,ECU,SUPCAMCROHUM,,CO2e_CUT,1,2024,,,,,,64.8262229837
EmissionActivityRatio,NDCINC,ECU,SUPCAMCROHUM,,CO2e_CUT,1,2025,,,,,,64.8262229837
EmissionActivityRatio,NDCINC,ECU,SUPCAMCROHUM,,CO2e_CUT,1,2026,,,,,,64.8262229837
EmissionActivityRatio,NDCINC,ECU,SUPCAMCROHUM,,CO2e_CUT,1,2027,,,,,,64.8262229837
EmissionActivityRatio,NDCINC,ECU,SUPCAMCROHUM,,CO2e_CUT,1,2028,,,,,,64.8262229837
EmissionActivityRatio,NDCINC,ECU,SUPCAMCROHUM,,CO2e_CUT,1,2029,,,,,,64.8262229837
EmissionActivityRatio,NDCINC,ECU,SUPCAMCROHUM,,CO2e_CUT,1,2030,,,,,,64.8262229837
EmissionActivityRatio,NDCINC,ECU,SUPCAMCROHUM,,CO2e_CUT,1,2031,,,,,,64.8262229837
EmissionActivityRatio,NDCINC,ECU,SUPCAMCROHUM,,CO2e_CUT,1,2032,,,,,,64.8262229837
EmissionActivityRatio,NDCINC,ECU,SUPCAMCROHUM,,CO2e_CUT,1,2033,,,,,,64.8262229837
EmissionActivityRatio,NDCINC,ECU,SUPCAMCROHUM,,CO2e_CUT,1,2034,,,,,,64.8262229837
EmissionActivityRatio,NDCINC,ECU,SUPCAMCROHUM,,CO2e_CUT,1,2035,,,,,,64.8262229837
EmissionActivityRatio,NDCINC,ECU,SUPCAMGRAHUM,,CO2e_CUT,1,2010,,,,,,28.4026459811
EmissionActivityRatio,NDCINC,ECU,SUPCAMGRAHUM,,CO2e_CUT,1,2011,,,,,,28.4026459811
EmissionActivityRatio,NDCINC,ECU,SUPCAMGRAHUM,,CO2e_CUT,1,2012,,,,,,28.4026459811
EmissionActivityRatio,NDCINC,ECU,SUPCAMGRAHUM,,CO2e_CUT,1,2013,,,,,,28.4026459811
EmissionActivityRatio,NDCINC,ECU,SUPCAMGRAHUM,,CO2e_CUT,1,2014,,,,,,28.4026459811
EmissionActivityRatio,NDCINC,ECU,SUPCAMGRAHUM,,CO2e_CUT,1,2015,,,,,,17.5696211039
EmissionActivityRatio,NDCINC,ECU,SUPCAMGRAHUM,,CO2e_CUT,1,2016,,,,,,12.4488915383
EmissionActivityRatio,NDCINC,ECU,SUPCAMGRAHUM,,CO2e_CUT,1,2017,,,,,,13.5930008485
EmissionActivityRatio,NDCINC,ECU,SUPCAMGRAHUM,,CO2e_CUT,1,2018,,,,,,19.5196643943
EmissionActivityRatio,NDCINC,ECU,SUPCAMGRAHUM,,CO2e_CUT,1,2019,,,,,,0.0938577912
EmissionActivityRatio,NDCINC,ECU,SUPCAMGRAHUM,,CO2e_CUT,1,2020,,,,,,0.0938577912
EmissionActivityRatio,NDCINC,ECU,SUPCAMGRAHUM,,CO2e_CUT,1,2021,,,,,,2.5270875764
EmissionActivityRatio,NDCINC,ECU,SUPCAMGRAHUM,,CO2e_CUT,1,2022,,,,,,2.5270875764
EmissionActivityRatio,NDCINC,ECU,SUPCAMGRAHUM,,CO2e_CUT,1,2023,,,,,,16.183561425
EmissionActivityRatio,NDCINC,ECU,SUPCAMGRAHUM,,CO2e_CUT,1,2024,,,,,,16.183561425
EmissionActivityRatio,NDCINC,ECU,SUPCAMGRAHUM,,CO2e_CUT,1,2025,,,,,,16.183561425
EmissionActivityRatio,NDCINC,ECU,SUPCAMGRAHUM,,CO2e_CUT,1,2026,,,,,,16.183561425
EmissionActivityRatio,NDCINC,ECU,SUPCAMGRAHUM,,CO2e_CUT,1,2027,,,,,,16.183561425
EmissionActivityRatio,NDCINC,ECU,SUPCAMGRAHUM,,CO2e_CUT,1,2028,,,,,,16.183561425
EmissionActivityRatio,NDCINC,ECU,SUPCAMGRAHUM,,CO2e_CUT,1,2029,,,,,,16.183561425
EmissionActivityRatio,NDCINC,ECU,SUPCAMGRAHUM,,CO2e_CUT,1,2030,,,,,,16.183561425
EmissionActivityRatio,NDCINC,ECU,SUPCAMGRAHUM,,CO2e_CUT,1,2031,,,,,,16.183561425
EmissionActivityRatio,NDCINC,ECU,SUPCAMGRAHUM,,CO2e_CUT,1,2032,,,,,,16.183561425
EmissionActivityRatio,NDCINC,ECU,SUPCAMGRAHUM,,CO2e_CUT,1,2033,,,,,,16.183561425
EmissionActivityRatio,NDCINC,ECU,SUPCAMGRAHUM,,CO2e_CUT,1,2034,,,,,,16.183561425
EmissionActivityRatio,NDCINC,ECU,SUPCAMGRAHUM,,CO2e_CUT,1,2035,,,,,,16.183561425
EmissionActivityRatio,NDCINC,ECU,SUPCAMANDASE,,CO2e_CUT,1,2010,,,,,,0.0862291085
EmissionActivityRatio,NDCINC,ECU,SUPCAMANDASE,,CO2e_CUT,1,2011,,,,,,0.0901542217
EmissionActivityRatio,NDCINC,ECU,SUPCAMANDASE,,CO2e_CUT,1,2012,,,,,,0.0938012463
EmissionActivityRatio,NDCINC,ECU,SUPCAMANDASE,,CO2e_CUT,1,2013,,,,,,0.0924720018
EmissionActivityRatio,NDCINC,ECU,SUPCAMANDASE,,CO2e_CUT,1,2014,,,,,,0.0912019972
EmissionActivityRatio,NDCINC,ECU,SUPCAMANDASE,,CO2e_CUT,1,2015,,,,,,0.0808497981
EmissionActivityRatio,NDCINC,ECU,SUPCAMANDASE,,CO2e_CUT,1,2016,,,,,,0.070698842
EmissionActivityRatio,NDCINC,ECU,SUPCAMANDASE,,CO2e_CUT,1,2017,,,,,,0.0927652501
EmissionActivityRatio,NDCINC,ECU,SUPCAMANDASE,,CO2e_CUT,1,2018,,,,,,0.0570333252
EmissionActivityRatio,NDCINC,ECU,SUPCAMANDASE,,CO2e_CUT,1,2019,,,,,,0.3412747303
EmissionActivityRatio,NDCINC,ECU,SUPCAMANDASE,,CO2e_CUT,1,2020,,,,,,0.3412747303
EmissionActivityRatio,NDCINC,ECU,SUPCAMANDASE,,CO2e_CUT,1,2021,,,,,,0.2521026924
EmissionActivityRatio,NDCINC,ECU,SUPCAMANDASE,,CO2e_CUT,1,2022,,,,,,0.2521026924
EmissionActivityRatio,NDCINC,ECU,SUPCAMANDASE,,CO2e_CUT,1,2023,,,,,,0.1493815874
EmissionActivityRatio,NDCINC,ECU,SUPCAMANDASE,,CO2e_CUT,1,2024,,,,,,0.1493815874
EmissionActivityRatio,NDCINC,ECU,SUPCAMANDASE,,CO2e_CUT,1,2025,,,,,,0.1493815874
EmissionActivityRatio,NDCINC,ECU,SUPCAMANDASE,,CO2e_CUT,1,2026,,,,,,0.1493815874
EmissionActivityRatio,NDCINC,ECU,SUPCAMANDASE,,CO2e_CUT,1,2027,,,,,,0.1493815874
EmissionActivityRatio,NDCINC,ECU,SUPCAMANDASE,,CO2e_CUT,1,2028,,,,,,0.1493815874
EmissionActivityRatio,NDCINC,ECU,SUPCAMANDASE,,CO2e_CUT,1,2029,,,,,,0.1493815874
EmissionActivityRatio,NDCINC,ECU,SUPCAMANDASE,,CO2e_CUT,1,2030,,,,,,0.1493815874
EmissionActivityRatio,NDCINC,ECU,SUPCAMANDASE,,CO2e_CUT,1,2031,,,,,,0.1493815874
EmissionActivityRatio,NDCINC,ECU,SUPCAMANDASE,,CO2e_CUT,1,2032,,,,,,0.1493815874
EmissionActivityRatio,NDCINC,ECU,SUPCAMANDASE,,CO2e_CUT,1,2033,,,,,,0.1493815874
EmissionActivityRatio,NDCINC,ECU,SUPCAMANDASE,,CO2e_CUT,1,2034,,,,,,0.1493815874
EmissionActivityRatio,NDCINC,ECU,SUPCAMANDASE,,CO2e_CUT,1,2035,,,,,,0.1493815874
EmissionActivityRatio,NDCINC,ECU,SUPCAMPLUASE,,CO2e_CUT,1,2010,,,,,,11.2218459163
EmissionActivityRatio,NDCINC,ECU,SUPCAMPLUASE,,CO2e_CUT,1,2011,,,,,,11.3145469238
EmissionActivityRatio,NDCINC,ECU,SUPCAMPLUASE,,CO2e_CUT,1,2012,,,,,,11.4006801995
EmissionActivityRatio,NDCINC,ECU,SUPCAMPLUASE,,CO2e_CUT,1,2013,,,,,,11.4927043182
EmissionActivityRatio,NDCINC,ECU,SUPCAMPLUASE,,CO2e_CUT,1,2014,,,,,,11.5806272304
EmissionActivityRatio,NDCINC,ECU,SUPCAMPLUASE,,CO2e_CUT,1,2015,,,,,,17.1484171938
EmissionActivityRatio,NDCINC,ECU,SUPCAMPLUASE,,CO2e_CUT,1,2016,,,,,,46.2848778734
EmissionActivityRatio,NDCINC,ECU,SUPCAMPLUASE,,CO2e_CUT,1,2017,,,,,,60.6366163767
EmissionActivityRatio,NDCINC,ECU,SUPCAMPLUASE,,CO2e_CUT,1,2018,,,,,,74.4450376901
EmissionActivityRatio,NDCINC,ECU,SUPCAMPLUASE,,CO2e_CUT,1,2019,,,,,,46.0879841745
EmissionActivityRatio,NDCINC,ECU,SUPCAMPLUASE,,CO2e_CUT,1,2020,,,,,,46.0879841745
EmissionActivityRatio,NDCINC,ECU,SUPCAMPLUASE,,CO2e_CUT,1,2021,,,,,,24.1501430763
EmissionActivityRatio,NDCINC,ECU,SUPCAMPLUASE,,CO2e_CUT,1,2022,,,,,,24.1501430763
EmissionActivityRatio,NDCINC,ECU,SUPCAMPLUASE,,CO2e_CUT,1,2023,,,,,,30.4616621711
EmissionActivityRatio,NDCINC,ECU,SUPCAMPLUASE,,CO2e_CUT,1,2024,,,,,,30.4616621711
EmissionActivityRatio,NDCINC,ECU,SUPCAMPLUASE,,CO2e_CUT,1,2025,,,,,,30.4616621711
EmissionActivityRatio,NDCINC,ECU,SUPCAMPLUASE,,CO2e_CUT,1,2026,,,,,,30.4616621711
EmissionActivityRatio,NDCINC,ECU,SUPCAMPLUASE,,CO2e_CUT,1,2027,,,,,,30.4616621711
EmissionActivityRatio,NDCINC,ECU,SUPCAMPLUASE,,CO2e_CUT,1,2028,,,,,,30.4616621711
EmissionActivityRatio,NDCINC,ECU,SUPCAMPLUASE,,CO2e_CUT,1,2029,,,,,,30.4616621711
EmissionActivityRatio,NDCINC,ECU,SUPCAMPLUASE,,CO2e_CUT,1,2030,,,,,,30.4616621711
EmissionActivityRatio,NDCINC,ECU,SUPCAMPLUASE,,CO2e_CUT,1,2031,,,,,,30.4616621711
EmissionActivityRatio,NDCINC,ECU,SUPCAMPLUASE,,CO2e_CUT,1,2032,,,,,,30.4616621711
EmissionActivityRatio,NDCINC,ECU,SUPCAMPLUASE,,CO2e_CUT,1,2033,,,,,,30.4616621711
EmissionActivityRatio,NDCINC,ECU,SUPCAMPLUASE,,CO2e_CUT,1,2034,,,,,,30.4616621711
EmissionActivityRatio,NDCINC,ECU,SUPCAMPLUASE,,CO2e_CUT,1,2035,,,,,,30.4616621711
EmissionActivityRatio,NDCINC,ECU,SUPCAMMONASE,,CO2e_CUT,1,2010,,,,,,985.4871405377
EmissionActivityRatio,NDCINC,ECU,SUPCAMMONASE,,CO2e_CUT,1,2011,,,,,,953.9959525843
EmissionActivityRatio,NDCINC,ECU,SUPCAMMONASE,,CO2e_CUT,1,2012,,,,,,924.7358695803
EmissionActivityRatio,NDCINC,ECU,SUPCAMMONASE,,CO2e_CUT,1,2013,,,,,,930.1987537975
EmissionActivityRatio,NDCINC,ECU,SUPCAMMONASE,,CO2e_CUT,1,2014,,,,,,935.4181755753
EmissionActivityRatio,NDCINC,ECU,SUPCAMMONASE,,CO2e_CUT,1,2015,,,,,,640.8900415095
EmissionActivityRatio,NDCINC,ECU,SUPCAMMONASE,,CO2e_CUT,1,2016,,,,,,456.3282623268
EmissionActivityRatio,NDCINC,ECU,SUPCAMMONASE,,CO2e_CUT,1,2017,,,,,,456.3679624693
EmissionActivityRatio,NDCINC,ECU,SUPCAMMONASE,,CO2e_CUT,1,2018,,,,,,455.0855493371
EmissionActivityRatio,NDCINC,ECU,SUPCAMMONASE,,CO2e_CUT,1,2019,,,,,,3677.2961219762
EmissionActivityRatio,NDCINC,ECU,SUPCAMMONASE,,CO2e_CUT,1,2020,,,,,,3677.2961219762
EmissionActivityRatio,NDCINC,ECU,SUPCAMMONASE,,CO2e_CUT,1,2021,,,,,,1416.4409675007
EmissionActivityRatio,NDCINC,ECU,SUPCAMMONASE,,CO2e_CUT,1,2022,,,,,,1416.4409675007
EmissionActivityRatio,NDCINC,ECU,SUPCAMMONASE,,CO2e_CUT,1,2023,,,,,,1301.998606667
EmissionActivityRatio,NDCINC,ECU,SUPCAMMONASE,,CO2e_CUT,1,2024,,,,,,1301.998606667
EmissionActivityRatio,NDCINC,ECU,SUPCAMMONASE,,CO2e_CUT,1,2025,,,,,,1301.998606667
EmissionActivityRatio,NDCINC,ECU,SUPCAMMONASE,,CO2e_CUT,1,2026,,,,,,1301.998606667
EmissionActivityRatio,NDCINC,ECU,SUPCAMMONASE,,CO2e_CUT,1,2027,,,,,,1301.998606667
EmissionActivityRatio,NDCINC,ECU,SUPCAMMONASE,,CO2e_CUT,1,2028,,,,,,1301.998606667
EmissionActivityRatio,NDCINC,ECU,SUPCAMMONASE,,CO2e_CUT,1,2029,,,,,,1301.998606667
EmissionActivityRatio,NDCINC,ECU,SUPCAMMONASE,,CO2e_CUT,1,2030,,,,,,1301.998606667
EmissionActivityRatio,NDCINC,ECU,SUPCAMMONASE,,CO2e_CUT,1,2031,,,,,,1301.998606667
EmissionActivityRatio,NDCINC,ECU,SUPCAMMONASE,,CO2e_CUT,1,2032,,,,,,1301.998606667
EmissionActivityRatio,NDCINC,ECU,SUPCAMMONASE,,CO2e_CUT,1,2033,,,,,,1301.998606667
EmissionActivityRatio,NDCINC,ECU,SUPCAMMONASE,,CO2e_CUT,1,2034,,,,,,1301.998606667
EmissionActivityRatio,NDCINC,ECU,SUPCAMMONASE,,CO2e_CUT,1,2035,,,,,,1301.998606667
EmissionActivityRatio,NDCINC,ECU,SUPCAMPIEASE,,CO2e_CUT,1,2010,,,,,,331.8940848848
EmissionActivityRatio,NDCINC,ECU,SUPCAMPIEASE,,CO2e_CUT,1,2011,,,,,,320.3925064338
EmissionActivityRatio,NDCINC,ECU,SUPCAMPIEASE,,CO2e_CUT,1,2012,,,,,,309.7057981188
EmissionActivityRatio,NDCINC,ECU,SUPCAMPIEASE,,CO2e_CUT,1,2013,,,,,,314.3875797045
EmissionActivityRatio,NDCINC,ECU,SUPCAMPIEASE,,CO2e_CUT,1,2014,,,,,,318.8607099771
EmissionActivityRatio,NDCINC,ECU,SUPCAMPIEASE,,CO2e_CUT,1,2015,,,,,,294.7269578531
EmissionActivityRatio,NDCINC,ECU,SUPCAMPIEASE,,CO2e_CUT,1,2016,,,,,,269.3122274305
EmissionActivityRatio,NDCINC,ECU,SUPCAMPIEASE,,CO2e_CUT,1,2017,,,,,,272.0235685137
EmissionActivityRatio,NDCINC,ECU,SUPCAMPIEASE,,CO2e_CUT,1,2018,,,,,,273.6991865103
EmissionActivityRatio,NDCINC,ECU,SUPCAMPIEASE,,CO2e_CUT,1,2019,,,,,,914.5954699346
EmissionActivityRatio,NDCINC,ECU,SUPCAMPIEASE,,CO2e_CUT,1,2020,,,,,,914.5954699346
EmissionActivityRatio,NDCINC,ECU,SUPCAMPIEASE,,CO2e_CUT,1,2021,,,,,,516.9290670253
EmissionActivityRatio,NDCINC,ECU,SUPCAMPIEASE,,CO2e_CUT,1,2022,,,,,,516.9290670253
EmissionActivityRatio,NDCINC,ECU,SUPCAMPIEASE,,CO2e_CUT,1,2023,,,,,,428.311668719
EmissionActivityRatio,NDCINC,ECU,SUPCAMPIEASE,,CO2e_CUT,1,2024,,,,,,428.311668719
EmissionActivityRatio,NDCINC,ECU,SUPCAMPIEASE,,CO2e_CUT,1,2025,,,,,,428.311668719
EmissionActivityRatio,NDCINC,ECU,SUPCAMPIEASE,,CO2e_CUT,1,2026,,,,,,428.311668719
EmissionActivityRatio,NDCINC,ECU,SUPCAMPIEASE,,CO2e_CUT,1,2027,,,,,,428.311668719
EmissionActivityRatio,NDCINC,ECU,SUPCAMPIEASE,,CO2e_CUT,1,2028,,,,,,428.311668719
EmissionActivityRatio,NDCINC,ECU,SUPCAMPIEASE,,CO2e_CUT,1,2029,,,,,,428.311668719
EmissionActivityRatio,NDCINC,ECU,SUPCAMPIEASE,,CO2e_CUT,1,2030,,,,,,428.311668719
EmissionActivityRatio,NDCINC,ECU,SUPCAMPIEASE,,CO2e_CUT,1,2031,,,,,,428.311668719
EmissionActivityRatio,NDCINC,ECU,SUPCAMPIEASE,,CO2e_CUT,1,2032,,,,,,428.311668719
EmissionActivityRatio,NDCINC,ECU,SUPCAMPIEASE,,CO2e_CUT,1,2033,,,,,,428.311668719
EmissionActivityRatio,NDCINC,ECU,SUPCAMPIEASE,,CO2e_CUT,1,2034,,,,,,428.311668719
EmissionActivityRatio,NDCINC,ECU,SUPCAMPIEASE,,CO2e_CUT,1,2035,,,,,,428.311668719
EmissionActivityRatio,NDCINC,ECU,SUPCAMCEJASE,,CO2e_CUT,1,2010,,,,,,0.648681867
EmissionActivityRatio,NDCINC,ECU,SUPCAMCEJASE,,CO2e_CUT,1,2011,,,,,,0.6298710521
EmissionActivityRatio,NDCINC,ECU,SUPCAMCEJASE,,CO2e_CUT,1,2012,,,,,,0.6123929562
EmissionActivityRatio,NDCINC,ECU,SUPCAMCEJASE,,CO2e_CUT,1,2013,,,,,,0.6086501116
EmissionActivityRatio,NDCINC,ECU,SUPCAMCEJASE,,CO2e_CUT,1,2014,,,,,,0.605074073
EmissionActivityRatio,NDCINC,ECU,SUPCAMCEJASE,,CO2e_CUT,1,2015,,,,,,0.455025368
EmissionActivityRatio,NDCINC,ECU,SUPCAMCEJASE,,CO2e_CUT,1,2016,,,,,,0.34549966
EmissionActivityRatio,NDCINC,ECU,SUPCAMCEJASE,,CO2e_CUT,1,2017,,,,,,0.4145134913
EmissionActivityRatio,NDCINC,ECU,SUPCAMCEJASE,,CO2e_CUT,1,2018,,,,,,0.4729538875
EmissionActivityRatio,NDCINC,ECU,SUPCAMCEJASE,,CO2e_CUT,1,2019,,,,,,1.6427683298
EmissionActivityRatio,NDCINC,ECU,SUPCAMCEJASE,,CO2e_CUT,1,2020,,,,,,1.6427683298
EmissionActivityRatio,NDCINC,ECU,SUPCAMCEJASE,,CO2e_CUT,1,2021,,,,,,96.5837151144
EmissionActivityRatio,NDCINC,ECU,SUPCAMCEJASE,,CO2e_CUT,1,2022,,,,,,96.5837151144
EmissionActivityRatio,NDCINC,ECU,SUPCAMCEJASE,,CO2e_CUT,1,2023,,,,,,15.4804330273
EmissionActivityRatio,NDCINC,ECU,SUPCAMCEJASE,,CO2e_CUT,1,2024,,,,,,15.4804330273
EmissionActivityRatio,NDCINC,ECU,SUPCAMCEJASE,,CO2e_CUT,1,2025,,,,,,15.4804330273
EmissionActivityRatio,NDCINC,ECU,SUPCAMCEJASE,,CO2e_CUT,1,2026,,,,,,15.4804330273
EmissionActivityRatio,NDCINC,ECU,SUPCAMCEJASE,,CO2e_CUT,1,2027,,,,,,15.4804330273
EmissionActivityRatio,NDCINC,ECU,SUPCAMCEJASE,,CO2e_CUT,1,2028,,,,,,15.4804330273
EmissionActivityRatio,NDCINC,ECU,SUPCAMCEJASE,,CO2e_CUT,1,2029,,,,,,15.4804330273
EmissionActivityRatio,NDCINC,ECU,SUPCAMCEJASE,,CO2e_CUT,1,2030,,,,,,15.4804330273
EmissionActivityRatio,NDCINC,ECU,SUPCAMCEJASE,,CO2e_CUT,1,2031,,,,,,15.4804330273
EmissionActivityRatio,NDCINC,ECU,SUPCAMCEJASE,,CO2e_CUT,1,2032,,,,,,15.4804330273
EmissionActivityRatio,NDCINC,ECU,SUPCAMCEJASE,,CO2e_CUT,1,2033,,,,,,15.4804330273
EmissionActivityRatio,NDCINC,ECU,SUPCAMCEJASE,,CO2e_CUT,1,2034,,,,,,15.4804330273
EmissionActivityRatio,NDCINC,ECU,SUPCAMCEJASE,,CO2e_CUT,1,2035,,,,,,15.4804330273
EmissionActivityRatio,NDCINC,ECU,SUPCAMAMAASE,,CO2e_CUT,1,2010,,,,,,835.9017360775
EmissionActivityRatio,NDCINC,ECU,SUPCAMAMAASE,,CO2e_CUT,1,2011,,,,,,864.6396192655
EmissionActivityRatio,NDCINC,ECU,SUPCAMAMAASE,,CO2e_CUT,1,2012,,,,,,891.3414651496
EmissionActivityRatio,NDCINC,ECU,SUPCAMAMAASE,,CO2e_CUT,1,2013,,,,,,889.6417796935
EmissionActivityRatio,NDCINC,ECU,SUPCAMAMAASE,,CO2e_CUT,1,2014,,,,,,888.0178435213
EmissionActivityRatio,NDCINC,ECU,SUPCAMAMAASE,,CO2e_CUT,1,2015,,,,,,759.2057580019
EmissionActivityRatio,NDCINC,ECU,SUPCAMAMAASE,,CO2e_CUT,1,2016,,,,,,641.4053301119
EmissionActivityRatio,NDCINC,ECU,SUPCAMAMAASE,,CO2e_CUT,1,2017,,,,,,610.3684488294
EmissionActivityRatio,NDCINC,ECU,SUPCAMAMAASE,,CO2e_CUT,1,2018,,,,,,594.6001648738
EmissionActivityRatio,NDCINC,ECU,SUPCAMAMAASE,,CO2e_CUT,1,2019,,,,,,1746.2107024958
EmissionActivityRatio,NDCINC,ECU,SUPCAMAMAASE,,CO2e_CUT,1,2020,,,,,,1746.2107024958
EmissionActivityRatio,NDCINC,ECU,SUPCAMAMAASE,,CO2e_CUT,1,2021,,,,,,472.4380495424
EmissionActivityRatio,NDCINC,ECU,SUPCAMAMAASE,,CO2e_CUT,1,2022,,,,,,472.4380495424
EmissionActivityRatio,NDCINC,ECU,SUPCAMAMAASE,,CO2e_CUT,1,2023,,,,,,877.8784345847
EmissionActivityRatio,NDCINC,ECU,SUPCAMAMAASE,,CO2e_CUT,1,2024,,,,,,877.8784345847
EmissionActivityRatio,NDCINC,ECU,SUPCAMAMAASE,,CO2e_CUT,1,2025,,,,,,877.8784345847
EmissionActivityRatio,NDCINC,ECU,SUPCAMAMAASE,,CO2e_CUT,1,2026,,,,,,877.8784345847
EmissionActivityRatio,NDCINC,ECU,SUPCAMAMAASE,,CO2e_CUT,1,2027,,,,,,877.8784345847
EmissionActivityRatio,NDCINC,ECU,SUPCAMAMAASE,,CO2e_CUT,1,2028,,,,,,877.8784345847
EmissionActivityRatio,NDCINC,ECU,SUPCAMAMAASE,,CO2e_CUT,1,2029,,,,,,877.8784345847
EmissionActivityRatio,NDCINC,ECU,SUPCAMAMAASE,,CO2e_CUT,1,2030,,,,,,877.8784345847
EmissionActivityRatio,NDCINC,ECU,SUPCAMAMAASE,,CO2e_CUT,1,2031,,,,,,877.8784345847
EmissionActivityRatio,NDCINC,ECU,SUPCAMAMAASE,,CO2e_CUT,1,2032,,,,,,877.8784345847
EmissionActivityRatio,NDCINC,ECU,SUPCAMAMAASE,,CO2e_CUT,1,2033,,,,,,877.8784345847
EmissionActivityRatio,NDCINC,ECU,SUPCAMAMAASE,,CO2e_CUT,1,2034,,,,,,877.8784345847
EmissionActivityRatio,NDCINC,ECU,SUPCAMAMAASE,,CO2e_CUT,1,2035,,,,,,877.8784345847
EmissionActivityRatio,NDCINC,ECU,SUPCAMCHOASE,,CO2e_CUT,1,2010,,,,,,308.1187222793
EmissionActivityRatio,NDCINC,ECU,SUPCAMCHOASE,,CO2e_CUT,1,2011,,,,,,298.9991297467
EmissionActivityRatio,NDCINC,ECU,SUPCAMCHOASE,,CO2e_CUT,1,2012,,,,,,290.5256471059
EmissionActivityRatio,NDCINC,ECU,SUPCAMCHOASE,,CO2e_CUT,1,2013,,,,,,288.3316363263
EmissionActivityRatio,NDCINC,ECU,SUPCAMCHOASE,,CO2e_CUT,1,2014,,,,,,286.2354052535
EmissionActivityRatio,NDCINC,ECU,SUPCAMCHOASE,,CO2e_CUT,1,2015,,,,,,336.112601901
EmissionActivityRatio,NDCINC,ECU,SUPCAMCHOASE,,CO2e_CUT,1,2016,,,,,,444.8512967231
EmissionActivityRatio,NDCINC,ECU,SUPCAMCHOASE,,CO2e_CUT,1,2017,,,,,,474.1063253575
EmissionActivityRatio,NDCINC,ECU,SUPCAMCHOASE,,CO2e_CUT,1,2018,,,,,,490.5919106258
EmissionActivityRatio,NDCINC,ECU,SUPCAMCHOASE,,CO2e_CUT,1,2019,,,,,,1341.5185655316
EmissionActivityRatio,NDCINC,ECU,SUPCAMCHOASE,,CO2e_CUT,1,2020,,,,,,1341.5185655316
EmissionActivityRatio,NDCINC,ECU,SUPCAMCHOASE,,CO2e_CUT,1,2021,,,,,,165.892761707
EmissionActivityRatio,NDCINC,ECU,SUPCAMCHOASE,,CO2e_CUT,1,2022,,,,,,165.892761707
EmissionActivityRatio,NDCINC,ECU,SUPCAMCHOASE,,CO2e_CUT,1,2023,,,,,,479.438102292
EmissionActivityRatio,NDCINC,ECU,SUPCAMCHOASE,,CO2e_CUT,1,2024,,,,,,479.438102292
EmissionActivityRatio,NDCINC,ECU,SUPCAMCHOASE,,CO2e_CUT,1,2025,,,,,,479.438102292
EmissionActivityRatio,NDCINC,ECU,SUPCAMCHOASE,,CO2e_CUT,1,2026,,,,,,479.438102292
EmissionActivityRatio,NDCINC,ECU,SUPCAMCHOASE,,CO2e_CUT,1,2027,,,,,,479.438102292
EmissionActivityRatio,NDCINC,ECU,SUPCAMCHOASE,,CO2e_CUT,1,2028,,,,,,479.438102292
EmissionActivityRatio,NDCINC,ECU,SUPCAMCHOASE,,CO2e_CUT,1,2029,,,,,,479.438102292
EmissionActivityRatio,NDCINC,ECU,SUPCAMCHOASE,,CO2e_CUT,1,2030,,,,,,479.438102292
EmissionActivityRatio,NDCINC,ECU,SUPCAMCHOASE,,CO2e_CUT,1,2031,,,,,,479.438102292
EmissionActivityRatio,NDCINC,ECU,SUPCAMCHOASE,,CO2e_CUT,1,2032,,,,,,479.438102292
EmissionActivityRatio,NDCINC,ECU,SUPCAMCHOASE,,CO2e_CUT,1,2033,,,,,,479.438102292
EmissionActivityRatio,NDCINC,ECU,SUPCAMCHOASE,,CO2e_CUT,1,2034,,,,,,479.438102292
EmissionActivityRatio,NDCINC,ECU,SUPCAMCHOASE,,CO2e_CUT,1,2035,,,,,,479.438102292
EmissionActivityRatio,NDCINC,ECU,SUPCAMMANASE,,CO2e_CUT,1,2010,,,,,,70.1394236867
EmissionActivityRatio,NDCINC,ECU,SUPCAMMANASE,,CO2e_CUT,1,2011,,,,,,67.922077017
EmissionActivityRatio,NDCINC,ECU,SUPCAMMANASE,,CO2e_CUT,1,2012,,,,,,65.8618261399
EmissionActivityRatio,NDCINC,ECU,SUPCAMMANASE,,CO2e_CUT,1,2013,,,,,,62.8189666339
EmissionActivityRatio,NDCINC,ECU,SUPCAMMANASE,,CO2e_CUT,1,2014,,,,,,59.9117171772
EmissionActivityRatio,NDCINC,ECU,SUPCAMMANASE,,CO2e_CUT,1,2015,,,,,,89.8236951095
EmissionActivityRatio,NDCINC,ECU,SUPCAMMANASE,,CO2e_CUT,1,2016,,,,,,212.5230067176
EmissionActivityRatio,NDCINC,ECU,SUPCAMMANASE,,CO2e_CUT,1,2017,,,,,,191.7197109604
EmissionActivityRatio,NDCINC,ECU,SUPCAMMANASE,,CO2e_CUT,1,2018,,,,,,179.3338455222
EmissionActivityRatio,NDCINC,ECU,SUPCAMMANASE,,CO2e_CUT,1,2019,,,,,,5.3726523334
EmissionActivityRatio,NDCINC,ECU,SUPCAMMANASE,,CO2e_CUT,1,2020,,,,,,5.3726523334
EmissionActivityRatio,NDCINC,ECU,SUPCAMMANASE,,CO2e_CUT,1,2021,,,,,,173.2693401617
EmissionActivityRatio,NDCINC,ECU,SUPCAMMANASE,,CO2e_CUT,1,2022,,,,,,173.2693401617
EmissionActivityRatio,NDCINC,ECU,SUPCAMMANASE,,CO2e_CUT,1,2023,,,,,,104.4106349196
EmissionActivityRatio,NDCINC,ECU,SUPCAMMANASE,,CO2e_CUT,1,2024,,,,,,104.4106349196
EmissionActivityRatio,NDCINC,ECU,SUPCAMMANASE,,CO2e_CUT,1,2025,,,,,,104.4106349196
EmissionActivityRatio,NDCINC,ECU,SUPCAMMANASE,,CO2e_CUT,1,2026,,,,,,104.4106349196
EmissionActivityRatio,NDCINC,ECU,SUPCAMMANASE,,CO2e_CUT,1,2027,,,,,,104.4106349196
EmissionActivityRatio,NDCINC,ECU,SUPCAMMANASE,,CO2e_CUT,1,2028,,,,,,104.4106349196
EmissionActivityRatio,NDCINC,ECU,SUPCAMMANASE,,CO2e_CUT,1,2029,,,,,,104.4106349196
EmissionActivityRatio,NDCINC,ECU,SUPCAMMANASE,,CO2e_CUT,1,2030,,,,,,104.4106349196
EmissionActivityRatio,NDCINC,ECU,SUPCAMMANASE,,CO2e_CUT,1,2031,,,,,,104.4106349196
EmissionActivityRatio,NDCINC,ECU,SUPCAMMANASE,,CO2e_CUT,1,2032,,,,,,104.4106349196
EmissionActivityRatio,NDCINC,ECU,SUPCAMMANASE,,CO2e_CUT,1,2033,,,,,,104.4106349196
EmissionActivityRatio,NDCINC,ECU,SUPCAMMANASE,,CO2e_CUT,1,2034,,,,,,104.4106349196
EmissionActivityRatio,NDCINC,ECU,SUPCAMMANASE,,CO2e_CUT,1,2035,,,,,,104.4106349196
EmissionActivityRatio,NDCINC,ECU,SUPCAMMORASE,,CO2e_CUT,1,2010,,,,,,5.3901918458
EmissionActivityRatio,NDCINC,ECU,SUPCAMMORASE,,CO2e_CUT,1,2011,,,,,,5.2095604523
EmissionActivityRatio,NDCINC,ECU,SUPCAMMORASE,,CO2e_CUT,1,2012,,,,,,5.0417265309
EmissionActivityRatio,NDCINC,ECU,SUPCAMMORASE,,CO2e_CUT,1,2013,,,,,,5.0091374445
EmissionActivityRatio,NDCINC,ECU,SUPCAMMORASE,,CO2e_CUT,1,2014,,,,,,4.9780007446
EmissionActivityRatio,NDCINC,ECU,SUPCAMMORASE,,CO2e_CUT,1,2015,,,,,,3.1943665498
EmissionActivityRatio,NDCINC,ECU,SUPCAMMORASE,,CO2e_CUT,1,2016,,,,,,2.2074521521
EmissionActivityRatio,NDCINC,ECU,SUPCAMMORASE,,CO2e_CUT,1,2017,,,,,,2.0882063183
EmissionActivityRatio,NDCINC,ECU,SUPCAMMORASE,,CO2e_CUT,1,2018,,,,,,2.0148031029
EmissionActivityRatio,NDCINC,ECU,SUPCAMMORASE,,CO2e_CUT,1,2019,,,,,,7.9937832947
EmissionActivityRatio,NDCINC,ECU,SUPCAMMORASE,,CO2e_CUT,1,2020,,,,,,7.9937832947
EmissionActivityRatio,NDCINC,ECU,SUPCAMMORASE,,CO2e_CUT,1,2021,,,,,,2.8674742126
EmissionActivityRatio,NDCINC,ECU,SUPCAMMORASE,,CO2e_CUT,1,2022,,,,,,2.8674742126
EmissionActivityRatio,NDCINC,ECU,SUPCAMMORASE,,CO2e_CUT,1,2023,,,,,,4.3735353966
EmissionActivityRatio,NDCINC,ECU,SUPCAMMORASE,,CO2e_CUT,1,2024,,,,,,4.3735353966
EmissionActivityRatio,NDCINC,ECU,SUPCAMMORASE,,CO2e_CUT,1,2025,,,,,,4.3735353966
EmissionActivityRatio,NDCINC,ECU,SUPCAMMORASE,,CO2e_CUT,1,2026,,,,,,4.3735353966
EmissionActivityRatio,NDCINC,ECU,SUPCAMMORASE,,CO2e_CUT,1,2027,,,,,,4.3735353966
EmissionActivityRatio,NDCINC,ECU,SUPCAMMORASE,,CO2e_CUT,1,2028,,,,,,4.3735353966
EmissionActivityRatio,NDCINC,ECU,SUPCAMMORASE,,CO2e_CUT,1,2029,,,,,,4.3735353966
EmissionActivityRatio,NDCINC,ECU,SUPCAMMORASE,,CO2e_CUT,1,2030,,,,,,4.3735353966
EmissionActivityRatio,NDCINC,ECU,SUPCAMMORASE,,CO2e_CUT,1,2031,,,,,,4.3735353966
EmissionActivityRatio,NDCINC,ECU,SUPCAMMORASE,,CO2e_CUT,1,2032,,,,,,4.3735353966
EmissionActivityRatio,NDCINC,ECU,SUPCAMMORASE,,CO2e_CUT,1,2033,,,,,,4.3735353966
EmissionActivityRatio,NDCINC,ECU,SUPCAMMORASE,,CO2e_CUT,1,2034,,,,,,4.3735353966
EmissionActivityRatio,NDCINC,ECU,SUPCAMMORASE,,CO2e_CUT,1,2035,,,,,,4.3735353966
EmissionActivityRatio,NDCINC,ECU,SUPCAMPFOASE,,CO2e_CUT,1,2010,,,,,,0.0675061363
EmissionActivityRatio,NDCINC,ECU,SUPCAMPFOASE,,CO2e_CUT,1,2011,,,,,,0.0650269573
EmissionActivityRatio,NDCINC,ECU,SUPCAMPFOASE,,CO2e_CUT,1,2012,,,,,,0.0627234245
EmissionActivityRatio,NDCINC,ECU,SUPCAMPFOASE,,CO2e_CUT,1,2013,,,,,,0.0612938832
EmissionActivityRatio,NDCINC,ECU,SUPCAMPFOASE,,CO2e_CUT,1,2014,,,,,,0.0599280517
EmissionActivityRatio,NDCINC,ECU,SUPCAMPFOASE,,CO2e_CUT,1,2015,,,,,,0.0460108574
EmissionActivityRatio,NDCINC,ECU,SUPCAMPFOASE,,CO2e_CUT,1,2016,,,,,,0.0383130416
EmissionActivityRatio,NDCINC,ECU,SUPCAMPFOASE,,CO2e_CUT,1,2017,,,,,,0.0270647485
EmissionActivityRatio,NDCINC,ECU,SUPCAMPFOASE,,CO2e_CUT,1,2018,,,,,,0.0220785859
EmissionActivityRatio,NDCINC,ECU,SUPCAMPFOASE,,CO2e_CUT,1,2019,,,,,,0.3155231202
EmissionActivityRatio,NDCINC,ECU,SUPCAMPFOASE,,CO2e_CUT,1,2020,,,,,,0.3155231202
EmissionActivityRatio,NDCINC,ECU,SUPCAMPFOASE,,CO2e_CUT,1,2021,,,,,,1.458148597
EmissionActivityRatio,NDCINC,ECU,SUPCAMPFOASE,,CO2e_CUT,1,2022,,,,,,1.458148597
EmissionActivityRatio,NDCINC,ECU,SUPCAMPFOASE,,CO2e_CUT,1,2023,,,,,,0.3074837785
EmissionActivityRatio,NDCINC,ECU,SUPCAMPFOASE,,CO2e_CUT,1,2024,,,,,,0.3074837785
EmissionActivityRatio,NDCINC,ECU,SUPCAMPFOASE,,CO2e_CUT,1,2025,,,,,,0.3074837785
EmissionActivityRatio,NDCINC,ECU,SUPCAMPFOASE,,CO2e_CUT,1,2026,,,,,,0.3074837785
EmissionActivityRatio,NDCINC,ECU,SUPCAMPFOASE,,CO2e_CUT,1,2027,,,,,,0.3074837785
EmissionActivityRatio,NDCINC,ECU,SUPCAMPFOASE,,CO2e_CUT,1,2028,,,,,,0.3074837785
EmissionActivityRatio,NDCINC,ECU,SUPCAMPFOASE,,CO2e_CUT,1,2029,,,,,,0.3074837785
EmissionActivityRatio,NDCINC,ECU,SUPCAMPFOASE,,CO2e_CUT,1,2030,,,,,,0.3074837785
EmissionActivityRatio,NDCINC,ECU,SUPCAMPFOASE,,CO2e_CUT,1,2031,,,,,,0.3074837785
EmissionActivityRatio,NDCINC,ECU,SUPCAMPFOASE,,CO2e_CUT,1,2032,,,,,,0.3074837785
EmissionActivityRatio,NDCINC,ECU,SUPCAMPFOASE,,CO2e_CUT,1,2033,,,,,,0.3074837785
EmissionActivityRatio,NDCINC,ECU,SUPCAMPFOASE,,CO2e_CUT,1,2034,,,,,,0.3074837785
EmissionActivityRatio,NDCINC,ECU,SUPCAMPFOASE,,CO2e_CUT,1,2035,,,,,,0.3074837785
EmissionActivityRatio,NDCINC,ECU,SUPCAMCROASE,,CO2e_CUT,1,2010,,,,,,238.3333333333
EmissionActivityRatio,NDCINC,ECU,SUPCAMCROASE,,CO2e_CUT,1,2011,,,,,,238.3333333333
EmissionActivityRatio,NDCINC,ECU,SUPCAMCROASE,,CO2e_CUT,1,2012,,,,,,238.3333333333
EmissionActivityRatio,NDCINC,ECU,SUPCAMCROASE,,CO2e_CUT,1,2013,,,,,,238.3333333333
EmissionActivityRatio,NDCINC,ECU,SUPCAMCROASE,,CO2e_CUT,1,2014,,,,,,238.3333333333
EmissionActivityRatio,NDCINC,ECU,SUPCAMCROASE,,CO2e_CUT,1,2015,,,,,,238.3333333333
EmissionActivityRatio,NDCINC,ECU,SUPCAMCROASE,,CO2e_CUT,1,2016,,,,,,238.3333333333
EmissionActivityRatio,NDCINC,ECU,SUPCAMCROASE,,CO2e_CUT,1,2017,,,,,,238.3333333333
EmissionActivityRatio,NDCINC,ECU,SUPCAMCROASE,,CO2e_CUT,1,2018,,,,,,238.3333333333
EmissionActivityRatio,NDCINC,ECU,SUPCAMCROASE,,CO2e_CUT,1,2019,,,,,,238.3333333333
EmissionActivityRatio,NDCINC,ECU,SUPCAMCROASE,,CO2e_CUT,1,2020,,,,,,238.3333333333
EmissionActivityRatio,NDCINC,ECU,SUPCAMCROASE,,CO2e_CUT,1,2021,,,,,,238.3333333333
EmissionActivityRatio,NDCINC,ECU,SUPCAMCROASE,,CO2e_CUT,1,2022,,,,,,238.3333333333
EmissionActivityRatio,NDCINC,ECU,SUPCAMCROASE,,CO2e_CUT,1,2023,,,,,,238.3333333333
EmissionActivityRatio,NDCINC,ECU,SUPCAMCROASE,,CO2e_CUT,1,2024,,,,,,238.3333333333
EmissionActivityRatio,NDCINC,ECU,SUPCAMCROASE,,CO2e_CUT,1,2025,,,,,,238.3333333333
EmissionActivityRatio,NDCINC,ECU,SUPCAMCROASE,,CO2e_CUT,1,2026,,,,,,238.3333333333
EmissionActivityRatio,NDCINC,ECU,SUPCAMCROASE,,CO2e_CUT,1,2027,,,,,,238.3333333333
EmissionActivityRatio,NDCINC,ECU,SUPCAMCROASE,,CO2e_CUT,1,2028,,,,,,238.3333333333
EmissionActivityRatio,NDCINC,ECU,SUPCAMCROASE,,CO2e_CUT,1,2029,,,,,,238.3333333333
EmissionActivityRatio,NDCINC,ECU,SUPCAMCROASE,,CO2e_CUT,1,2030,,,,,,238.3333333333
EmissionActivityRatio,NDCINC,ECU,SUPCAMCROASE,,CO2e_CUT,1,2031,,,,,,238.3333333333
EmissionActivityRatio,NDCINC,ECU,SUPCAMCROASE,,CO2e_CUT,1,2032,,,,,,238.3333333333
EmissionActivityRatio,NDCINC,ECU,SUPCAMCROASE,,CO2e_CUT,1,2033,,,,,,238.3333333333
EmissionActivityRatio,NDCINC,ECU,SUPCAMCROASE,,CO2e_CUT,1,2034,,,,,,238.3333333333
EmissionActivityRatio,NDCINC,ECU,SUPCAMCROASE,,CO2e_CUT,1,2035,,,,,,238.3333333333
EmissionActivityRatio,NDCINC,ECU,SUPCAMGRAASE,,CO2e_CUT,1,2010,,,,,,127.5203777982
EmissionActivityRatio,NDCINC,ECU,SUPCAMGRAASE,,CO2e_CUT,1,2011,,,,,,127.5203777982
EmissionActivityRatio,NDCINC,ECU,SUPCAMGRAASE,,CO2e_CUT,1,2012,,,,,,127.5203777982
EmissionActivityRatio,NDCINC,ECU,SUPCAMGRAASE,,CO2e_CUT,1,2013,,,,,,127.5203777982
EmissionActivityRatio,NDCINC,ECU,SUPCAMGRAASE,,CO2e_CUT,1,2014,,,,,,127.5203777982
EmissionActivityRatio,NDCINC,ECU,SUPCAMGRAASE,,CO2e_CUT,1,2015,,,,,,121.9808084141
EmissionActivityRatio,NDCINC,ECU,SUPCAMGRAASE,,CO2e_CUT,1,2016,,,,,,112.2296051409
EmissionActivityRatio,NDCINC,ECU,SUPCAMGRAASE,,CO2e_CUT,1,2017,,,,,,117.3815967003
EmissionActivityRatio,NDCINC,ECU,SUPCAMGRAASE,,CO2e_CUT,1,2018,,,,,,123.794906882
EmissionActivityRatio,NDCINC,ECU,SUPCAMGRAASE,,CO2e_CUT,1,2019,,,,,,135.7153111693
EmissionActivityRatio,NDCINC,ECU,SUPCAMGRAASE,,CO2e_CUT,1,2020,,,,,,135.7153111693
EmissionActivityRatio,NDCINC,ECU,SUPCAMGRAASE,,CO2e_CUT,1,2021,,,,,,137.8666666667
EmissionActivityRatio,NDCINC,ECU,SUPCAMGRAASE,,CO2e_CUT,1,2022,,,,,,137.8666666667
EmissionActivityRatio,NDCINC,ECU,SUPCAMGRAASE,,CO2e_CUT,1,2023,,,,,,127.7040586
EmissionActivityRatio,NDCINC,ECU,SUPCAMGRAASE,,CO2e_CUT,1,2024,,,,,,127.7040586
EmissionActivityRatio,NDCINC,ECU,SUPCAMGRAASE,,CO2e_CUT,1,2025,,,,,,127.7040586
EmissionActivityRatio,NDCINC,ECU,SUPCAMGRAASE,,CO2e_CUT,1,2026,,,,,,127.7040586
EmissionActivityRatio,NDCINC,ECU,SUPCAMGRAASE,,CO2e_CUT,1,2027,,,,,,127.7040586
EmissionActivityRatio,NDCINC,ECU,SUPCAMGRAASE,,CO2e_CUT,1,2028,,,,,,127.7040586
EmissionActivityRatio,NDCINC,ECU,SUPCAMGRAASE,,CO2e_CUT,1,2029,,,,,,127.7040586
EmissionActivityRatio,NDCINC,ECU,SUPCAMGRAASE,,CO2e_CUT,1,2030,,,,,,127.7040586
EmissionActivityRatio,NDCINC,ECU,SUPCAMGRAASE,,CO2e_CUT,1,2031,,,,,,127.7040586
EmissionActivityRatio,NDCINC,ECU,SUPCAMGRAASE,,CO2e_CUT,1,2032,,,,,,127.7040586
EmissionActivityRatio,NDCINC,ECU,SUPCAMGRAASE,,CO2e_CUT,1,2033,,,,,,127.7040586
EmissionActivityRatio,NDCINC,ECU,SUPCAMGRAASE,,CO2e_CUT,1,2034,,,,,,127.7040586
EmissionActivityRatio,NDCINC,ECU,SUPCAMGRAASE,,CO2e_CUT,1,2035,,,,,,127.7040586
EmissionActivityRatio,NDCINC,ECU,SUPCAMANDOTI,,CO2e_CUT,1,2010,,,,,,1.150146114
EmissionActivityRatio,NDCINC,ECU,SUPCAMANDOTI,,CO2e_CUT,1,2011,,,,,,1.202500287
EmissionActivityRatio,NDCINC,ECU,SUPCAMANDOTI,,CO2e_CUT,1,2012,,,,,,1.2511452428
EmissionActivityRatio,NDCINC,ECU,SUPCAMANDOTI,,CO2e_CUT,1,2013,,,,,,1.2334154359
EmissionActivityRatio,NDCINC,ECU,SUPCAMANDOTI,,CO2e_CUT,1,2014,,,,,,1.2164757871
EmissionActivityRatio,NDCINC,ECU,SUPCAMANDOTI,,CO2e_CUT,1,2015,,,,,,0.0666603303
EmissionActivityRatio,NDCINC,ECU,SUPCAMANDOTI,,CO2e_CUT,1,2016,,,,,,0.0532752159
EmissionActivityRatio,NDCINC,ECU,SUPCAMANDOTI,,CO2e_CUT,1,2017,,,,,,0.0659884523
EmissionActivityRatio,NDCINC,ECU,SUPCAMANDOTI,,CO2e_CUT,1,2018,,,,,,0.0902257408
EmissionActivityRatio,NDCINC,ECU,SUPCAMANDOTI,,CO2e_CUT,1,2019,,,,,,0.1767284067
EmissionActivityRatio,NDCINC,ECU,SUPCAMANDOTI,,CO2e_CUT,1,2020,,,,,,0.1767284067
EmissionActivityRatio,NDCINC,ECU,SUPCAMANDOTI,,CO2e_CUT,1,2021,,,,,,0.5125749496
EmissionActivityRatio,NDCINC,ECU,SUPCAMANDOTI,,CO2e_CUT,1,2022,,,,,,0.5125749496
EmissionActivityRatio,NDCINC,ECU,SUPCAMANDOTI,,CO2e_CUT,1,2023,,,,,,0.5929568707
EmissionActivityRatio,NDCINC,ECU,SUPCAMANDOTI,,CO2e_CUT,1,2024,,,,,,0.5929568707
EmissionActivityRatio,NDCINC,ECU,SUPCAMANDOTI,,CO2e_CUT,1,2025,,,,,,0.5929568707
EmissionActivityRatio,NDCINC,ECU,SUPCAMANDOTI,,CO2e_CUT,1,2026,,,,,,0.5929568707
EmissionActivityRatio,NDCINC,ECU,SUPCAMANDOTI,,CO2e_CUT,1,2027,,,,,,0.5929568707
EmissionActivityRatio,NDCINC,ECU,SUPCAMANDOTI,,CO2e_CUT,1,2028,,,,,,0.5929568707
EmissionActivityRatio,NDCINC,ECU,SUPCAMANDOTI,,CO2e_CUT,1,2029,,,,,,0.5929568707
EmissionActivityRatio,NDCINC,ECU,SUPCAMANDOTI,,CO2e_CUT,1,2030,,,,,,0.5929568707
EmissionActivityRatio,NDCINC,ECU,SUPCAMANDOTI,,CO2e_CUT,1,2031,,,,,,0.5929568707
EmissionActivityRatio,NDCINC,ECU,SUPCAMANDOTI,,CO2e_CUT,1,2032,,,,,,0.5929568707
EmissionActivityRatio,NDCINC,ECU,SUPCAMANDOTI,,CO2e_CUT,1,2033,,,,,,0.5929568707
EmissionActivityRatio,NDCINC,ECU,SUPCAMANDOTI,,CO2e_CUT,1,2034,,,,,,0.5929568707
EmissionActivityRatio,NDCINC,ECU,SUPCAMANDOTI,,CO2e_CUT,1,2035,,,,,,0.5929568707
EmissionActivityRatio,NDCINC,ECU,SUPCAMPLUOTI,,CO2e_CUT,1,2010,,,,,,9.4782523982
EmissionActivityRatio,NDCINC,ECU,SUPCAMPLUOTI,,CO2e_CUT,1,2011,,,,,,9.5565499931
EmissionActivityRatio,NDCINC,ECU,SUPCAMPLUOTI,,CO2e_CUT,1,2012,,,,,,9.6293003172
EmissionActivityRatio,NDCINC,ECU,SUPCAMPLUOTI,,CO2e_CUT,1,2013,,,,,,9.7070261949
EmissionActivityRatio,NDCINC,ECU,SUPCAMPLUOTI,,CO2e_CUT,1,2014,,,,,,9.7812880909
EmissionActivityRatio,NDCINC,ECU,SUPCAMPLUOTI,,CO2e_CUT,1,2015,,,,,,24.3929593237
EmissionActivityRatio,NDCINC,ECU,SUPCAMPLUOTI,,CO2e_CUT,1,2016,,,,,,39.2753711995
EmissionActivityRatio,NDCINC,ECU,SUPCAMPLUOTI,,CO2e_CUT,1,2017,,,,,,59.1618209038
EmissionActivityRatio,NDCINC,ECU,SUPCAMPLUOTI,,CO2e_CUT,1,2018,,,,,,136.297458902
EmissionActivityRatio,NDCINC,ECU,SUPCAMPLUOTI,,CO2e_CUT,1,2019,,,,,,160.4711832289
EmissionActivityRatio,NDCINC,ECU,SUPCAMPLUOTI,,CO2e_CUT,1,2020,,,,,,160.4711832289
EmissionActivityRatio,NDCINC,ECU,SUPCAMPLUOTI,,CO2e_CUT,1,2021,,,,,,283.2367889597
EmissionActivityRatio,NDCINC,ECU,SUPCAMPLUOTI,,CO2e_CUT,1,2022,,,,,,283.2367889597
EmissionActivityRatio,NDCINC,ECU,SUPCAMPLUOTI,,CO2e_CUT,1,2023,,,,,,91.8996901308
EmissionActivityRatio,NDCINC,ECU,SUPCAMPLUOTI,,CO2e_CUT,1,2024,,,,,,91.8996901308
EmissionActivityRatio,NDCINC,ECU,SUPCAMPLUOTI,,CO2e_CUT,1,2025,,,,,,91.8996901308
EmissionActivityRatio,NDCINC,ECU,SUPCAMPLUOTI,,CO2e_CUT,1,2026,,,,,,91.8996901308
EmissionActivityRatio,NDCINC,ECU,SUPCAMPLUOTI,,CO2e_CUT,1,2027,,,,,,91.8996901308
EmissionActivityRatio,NDCINC,ECU,SUPCAMPLUOTI,,CO2e_CUT,1,2028,,,,,,91.8996901308
EmissionActivityRatio,NDCINC,ECU,SUPCAMPLUOTI,,CO2e_CUT,1,2029,,,,,,91.8996901308
EmissionActivityRatio,NDCINC,ECU,SUPCAMPLUOTI,,CO2e_CUT,1,2030,,,,,,91.8996901308
EmissionActivityRatio,NDCINC,ECU,SUPCAMPLUOTI,,CO2e_CUT,1,2031,,,,,,91.8996901308
EmissionActivityRatio,NDCINC,ECU,SUPCAMPLUOTI,,CO2e_CUT,1,2032,,,,,,91.8996901308
EmissionActivityRatio,NDCINC,ECU,SUPCAMPLUOTI,,CO2e_CUT,1,2033,,,,,,91.8996901308
EmissionActivityRatio,NDCINC,ECU,SUPCAMPLUOTI,,CO2e_CUT,1,2034,,,,,,91.8996901308
EmissionActivityRatio,NDCINC,ECU,SUPCAMPLUOTI,,CO2e_CUT,1,2035,,,,,,91.8996901308
EmissionActivityRatio,NDCINC,ECU,SUPCAMMONOTI,,CO2e_CUT,1,2010,,,,,,866.5931839638
EmissionActivityRatio,NDCINC,ECU,SUPCAMMONOTI,,CO2e_CUT,1,2011,,,,,,838.9012459234
EmissionActivityRatio,NDCINC,ECU,SUPCAMMONOTI,,CO2e_CUT,1,2012,,,,,,813.1712414916
EmissionActivityRatio,NDCINC,ECU,SUPCAMMONOTI,,CO2e_CUT,1,2013,,,,,,817.9750568157
EmissionActivityRatio,NDCINC,ECU,SUPCAMMONOTI,,CO2e_CUT,1,2014,,,,,,822.5647821919
EmissionActivityRatio,NDCINC,ECU,SUPCAMMONOTI,,CO2e_CUT,1,2015,,,,,,427.3663893577
EmissionActivityRatio,NDCINC,ECU,SUPCAMMONOTI,,CO2e_CUT,1,2016,,,,,,377.0790874953
EmissionActivityRatio,NDCINC,ECU,SUPCAMMONOTI,,CO2e_CUT,1,2017,,,,,,475.1917057169
EmissionActivityRatio,NDCINC,ECU,SUPCAMMONOTI,,CO2e_CUT,1,2018,,,,,,665.3794585156
EmissionActivityRatio,NDCINC,ECU,SUPCAMMONOTI,,CO2e_CUT,1,2019,,,,,,571.2071061149
EmissionActivityRatio,NDCINC,ECU,SUPCAMMONOTI,,CO2e_CUT,1,2020,,,,,,571.2071061149
EmissionActivityRatio,NDCINC,ECU,SUPCAMMONOTI,,CO2e_CUT,1,2021,,,,,,888.6897437525
EmissionActivityRatio,NDCINC,ECU,SUPCAMMONOTI,,CO2e_CUT,1,2022,,,,,,888.6897437525
EmissionActivityRatio,NDCINC,ECU,SUPCAMMONOTI,,CO2e_CUT,1,2023,,,,,,694.1550654774
EmissionActivityRatio,NDCINC,ECU,SUPCAMMONOTI,,CO2e_CUT,1,2024,,,,,,694.1550654774
EmissionActivityRatio,NDCINC,ECU,SUPCAMMONOTI,,CO2e_CUT,1,2025,,,,,,694.1550654774
EmissionActivityRatio,NDCINC,ECU,SUPCAMMONOTI,,CO2e_CUT,1,2026,,,,,,694.1550654774
EmissionActivityRatio,NDCINC,ECU,SUPCAMMONOTI,,CO2e_CUT,1,2027,,,,,,694.1550654774
EmissionActivityRatio,NDCINC,ECU,SUPCAMMONOTI,,CO2e_CUT,1,2028,,,,,,694.1550654774
EmissionActivityRatio,NDCINC,ECU,SUPCAMMONOTI,,CO2e_CUT,1,2029,,,,,,694.1550654774
EmissionActivityRatio,NDCINC,ECU,SUPCAMMONOTI,,CO2e_CUT,1,2030,,,,,,694.1550654774
EmissionActivityRatio,NDCINC,ECU,SUPCAMMONOTI,,CO2e_CUT,1,2031,,,,,,694.1550654774
EmissionActivityRatio,NDCINC,ECU,SUPCAMMONOTI,,CO2e_CUT,1,2032,,,,,,694.1550654774
EmissionActivityRatio,NDCINC,ECU,SUPCAMMONOTI,,CO2e_CUT,1,2033,,,,,,694.1550654774
EmissionActivityRatio,NDCINC,ECU,SUPCAMMONOTI,,CO2e_CUT,1,2034,,,,,,694.1550654774
EmissionActivityRatio,NDCINC,ECU,SUPCAMMONOTI,,CO2e_CUT,1,2035,,,,,,694.1550654774
EmissionActivityRatio,NDCINC,ECU,SUPCAMPIEOTI,,CO2e_CUT,1,2010,,,,,,0.826475968
EmissionActivityRatio,NDCINC,ECU,SUPCAMPIEOTI,,CO2e_CUT,1,2011,,,,,,0.7978349689
EmissionActivityRatio,NDCINC,ECU,SUPCAMPIEOTI,,CO2e_CUT,1,2012,,,,,,0.771223143
EmissionActivityRatio,NDCINC,ECU,SUPCAMPIEOTI,,CO2e_CUT,1,2013,,,,,,0.7828816213
EmissionActivityRatio,NDCINC,ECU,SUPCAMPIEOTI,,CO2e_CUT,1,2014,,,,,,0.7940205202
EmissionActivityRatio,NDCINC,ECU,SUPCAMPIEOTI,,CO2e_CUT,1,2015,,,,,,0.6794132982
EmissionActivityRatio,NDCINC,ECU,SUPCAMPIEOTI,,CO2e_CUT,1,2016,,,,,,0.6484944731
EmissionActivityRatio,NDCINC,ECU,SUPCAMPIEOTI,,CO2e_CUT,1,2017,,,,,,0.5179592685
EmissionActivityRatio,NDCINC,ECU,SUPCAMPIEOTI,,CO2e_CUT,1,2018,,,,,,0.4255836288
EmissionActivityRatio,NDCINC,ECU,SUPCAMPIEOTI,,CO2e_CUT,1,2019,,,,,,1.0495622173
EmissionActivityRatio,NDCINC,ECU,SUPCAMPIEOTI,,CO2e_CUT,1,2020,,,,,,1.0495622173
EmissionActivityRatio,NDCINC,ECU,SUPCAMPIEOTI,,CO2e_CUT,1,2021,,,,,,0.2246733735
EmissionActivityRatio,NDCINC,ECU,SUPCAMPIEOTI,,CO2e_CUT,1,2022,,,,,,0.2246733735
EmissionActivityRatio,NDCINC,ECU,SUPCAMPIEOTI,,CO2e_CUT,1,2023,,,,,,0.6763352363
EmissionActivityRatio,NDCINC,ECU,SUPCAMPIEOTI,,CO2e_CUT,1,2024,,,,,,0.6763352363
EmissionActivityRatio,NDCINC,ECU,SUPCAMPIEOTI,,CO2e_CUT,1,2025,,,,,,0.6763352363
EmissionActivityRatio,NDCINC,ECU,SUPCAMPIEOTI,,CO2e_CUT,1,2026,,,,,,0.6763352363
EmissionActivityRatio,NDCINC,ECU,SUPCAMPIEOTI,,CO2e_CUT,1,2027,,,,,,0.6763352363
EmissionActivityRatio,NDCINC,ECU,SUPCAMPIEOTI,,CO2e_CUT,1,2028,,,,,,0.6763352363
EmissionActivityRatio,NDCINC,ECU,SUPCAMPIEOTI,,CO2e_CUT,1,2029,,,,,,0.6763352363
EmissionActivityRatio,NDCINC,ECU,SUPCAMPIEOTI,,CO2e_CUT,1,2030,,,,,,0.6763352363
EmissionActivityRatio,NDCINC,ECU,SUPCAMPIEOTI,,CO2e_CUT,1,2031,,,,,,0.6763352363
EmissionActivityRatio,NDCINC,ECU,SUPCAMPIEOTI,,CO2e_CUT,1,2032,,,,,,0.6763352363
EmissionActivityRatio,NDCINC,ECU,SUPCAMPIEOTI,,CO2e_CUT,1,2033,,,,,,0.6763352363
EmissionActivityRatio,NDCINC,ECU,SUPCAMPIEOTI,,CO2e_CUT,1,2034,,,,,,0.6763352363
EmissionActivityRatio,NDCINC,ECU,SUPCAMPIEOTI,,CO2e_CUT,1,2035,,,,,,0.6763352363
EmissionActivityRatio,NDCINC,ECU,SUPCAMCEJOTI,,CO2e_CUT,1,2010,,,,,,0.1652544705
EmissionActivityRatio,NDCINC,ECU,SUPCAMCEJOTI,,CO2e_CUT,1,2011,,,,,,0.1604623352
EmissionActivityRatio,NDCINC,ECU,SUPCAMCEJOTI,,CO2e_CUT,1,2012,,,,,,0.1560097158
EmissionActivityRatio,NDCINC,ECU,SUPCAMCEJOTI,,CO2e_CUT,1,2013,,,,,,0.1550562102
EmissionActivityRatio,NDCINC,ECU,SUPCAMCEJOTI,,CO2e_CUT,1,2014,,,,,,0.1541451991
EmissionActivityRatio,NDCINC,ECU,SUPCAMCEJOTI,,CO2e_CUT,1,2015,,,,,,0.1950590856
EmissionActivityRatio,NDCINC,ECU,SUPCAMCEJOTI,,CO2e_CUT,1,2016,,,,,,0.2078573146
EmissionActivityRatio,NDCINC,ECU,SUPCAMCEJOTI,,CO2e_CUT,1,2017,,,,,,0.255709817
EmissionActivityRatio,NDCINC,ECU,SUPCAMCEJOTI,,CO2e_CUT,1,2018,,,,,,0.3322538408
EmissionActivityRatio,NDCINC,ECU,SUPCAMCEJOTI,,CO2e_CUT,1,2019,,,,,,0.3675284727
EmissionActivityRatio,NDCINC,ECU,SUPCAMCEJOTI,,CO2e_CUT,1,2020,,,,,,0.3675284727
EmissionActivityRatio,NDCINC,ECU,SUPCAMCEJOTI,,CO2e_CUT,1,2021,,,,,,1.3832355951
EmissionActivityRatio,NDCINC,ECU,SUPCAMCEJOTI,,CO2e_CUT,1,2022,,,,,,1.3832355951
EmissionActivityRatio,NDCINC,ECU,SUPCAMCEJOTI,,CO2e_CUT,1,2023,,,,,,0.4064104711
EmissionActivityRatio,NDCINC,ECU,SUPCAMCEJOTI,,CO2e_CUT,1,2024,,,,,,0.4064104711
EmissionActivityRatio,NDCINC,ECU,SUPCAMCEJOTI,,CO2e_CUT,1,2025,,,,,,0.4064104711
EmissionActivityRatio,NDCINC,ECU,SUPCAMCEJOTI,,CO2e_CUT,1,2026,,,,,,0.4064104711
EmissionActivityRatio,NDCINC,ECU,SUPCAMCEJOTI,,CO2e_CUT,1,2027,,,,,,0.4064104711
EmissionActivityRatio,NDCINC,ECU,SUPCAMCEJOTI,,CO2e_CUT,1,2028,,,,,,0.4064104711
EmissionActivityRatio,NDCINC,ECU,SUPCAMCEJOTI,,CO2e_CUT,1,2029,,,,,,0.4064104711
EmissionActivityRatio,NDCINC,ECU,SUPCAMCEJOTI,,CO2e_CUT,1,2030,,,,,,0.4064104711
EmissionActivityRatio,NDCINC,ECU,SUPCAMCEJOTI,,CO2e_CUT,1,2031,,,,,,0.4064104711
EmissionActivityRatio,NDCINC,ECU,SUPCAMCEJOTI,,CO2e_CUT,1,2032,,,,,,0.4064104711
EmissionActivityRatio,NDCINC,ECU,SUPCAMCEJOTI,,CO2e_CUT,1,2033,,,,,,0.4064104711
EmissionActivityRatio,NDCINC,ECU,SUPCAMCEJOTI,,CO2e_CUT,1,2034,,,,,,0.4064104711
EmissionActivityRatio,NDCINC,ECU,SUPCAMCEJOTI,,CO2e_CUT,1,2035,,,,,,0.4064104711
EmissionActivityRatio,NDCINC,ECU,SUPCAMAMAOTI,,CO2e_CUT,1,2010,,,,,,1436.8824364214
EmissionActivityRatio,NDCINC,ECU,SUPCAMAMAOTI,,CO2e_CUT,1,2011,,,,,,1486.2817352033
EmissionActivityRatio,NDCINC,ECU,SUPCAMAMAOTI,,CO2e_CUT,1,2012,,,,,,1532.1811653814
EmissionActivityRatio,NDCINC,ECU,SUPCAMAMAOTI,,CO2e_CUT,1,2013,,,,,,1529.2594724672
EmissionActivityRatio,NDCINC,ECU,SUPCAMAMAOTI,,CO2e_CUT,1,2014,,,,,,1526.4679896134
EmissionActivityRatio,NDCINC,ECU,SUPCAMAMAOTI,,CO2e_CUT,1,2015,,,,,,849.8546709297
EmissionActivityRatio,NDCINC,ECU,SUPCAMAMAOTI,,CO2e_CUT,1,2016,,,,,,763.2041265407
EmissionActivityRatio,NDCINC,ECU,SUPCAMAMAOTI,,CO2e_CUT,1,2017,,,,,,635.4883820326
EmissionActivityRatio,NDCINC,ECU,SUPCAMAMAOTI,,CO2e_CUT,1,2018,,,,,,538.9500407567
EmissionActivityRatio,NDCINC,ECU,SUPCAMAMAOTI,,CO2e_CUT,1,2019,,,,,,519.2111767081
EmissionActivityRatio,NDCINC,ECU,SUPCAMAMAOTI,,CO2e_CUT,1,2020,,,,,,519.2111767081
EmissionActivityRatio,NDCINC,ECU,SUPCAMAMAOTI,,CO2e_CUT,1,2021,,,,,,465.3111756946
EmissionActivityRatio,NDCINC,ECU,SUPCAMAMAOTI,,CO2e_CUT,1,2022,,,,,,465.3111756946
EmissionActivityRatio,NDCINC,ECU,SUPCAMAMAOTI,,CO2e_CUT,1,2023,,,,,,943.6626710886
EmissionActivityRatio,NDCINC,ECU,SUPCAMAMAOTI,,CO2e_CUT,1,2024,,,,,,943.6626710886
EmissionActivityRatio,NDCINC,ECU,SUPCAMAMAOTI,,CO2e_CUT,1,2025,,,,,,943.6626710886
EmissionActivityRatio,NDCINC,ECU,SUPCAMAMAOTI,,CO2e_CUT,1,2026,,,,,,943.6626710886
EmissionActivityRatio,NDCINC,ECU,SUPCAMAMAOTI,,CO2e_CUT,1,2027,,,,,,943.6626710886
EmissionActivityRatio,NDCINC,ECU,SUPCAMAMAOTI,,CO2e_CUT,1,2028,,,,,,943.6626710886
EmissionActivityRatio,NDCINC,ECU,SUPCAMAMAOTI,,CO2e_CUT,1,2029,,,,,,943.6626710886
EmissionActivityRatio,NDCINC,ECU,SUPCAMAMAOTI,,CO2e_CUT,1,2030,,,,,,943.6626710886
EmissionActivityRatio,NDCINC,ECU,SUPCAMAMAOTI,,CO2e_CUT,1,2031,,,,,,943.6626710886
EmissionActivityRatio,NDCINC,ECU,SUPCAMAMAOTI,,CO2e_CUT,1,2032,,,,,,943.6626710886
EmissionActivityRatio,NDCINC,ECU,SUPCAMAMAOTI,,CO2e_CUT,1,2033,,,,,,943.6626710886
EmissionActivityRatio,NDCINC,ECU,SUPCAMAMAOTI,,CO2e_CUT,1,2034,,,,,,943.6626710886
EmissionActivityRatio,NDCINC,ECU,SUPCAMAMAOTI,,CO2e_CUT,1,2035,,,,,,943.6626710886
EmissionActivityRatio,NDCINC,ECU,SUPCAMCHOOTI,,CO2e_CUT,1,2010,,,,,,579.8389220236
EmissionActivityRatio,NDCINC,ECU,SUPCAMCHOOTI,,CO2e_CUT,1,2011,,,,,,562.6770479763
EmissionActivityRatio,NDCINC,ECU,SUPCAMCHOOTI,,CO2e_CUT,1,2012,,,,,,546.7310677907
EmissionActivityRatio,NDCINC,ECU,SUPCAMCHOOTI,,CO2e_CUT,1,2013,,,,,,542.6022279854
EmissionActivityRatio,NDCINC,ECU,SUPCAMCHOOTI,,CO2e_CUT,1,2014,,,,,,538.6573967315
EmissionActivityRatio,NDCINC,ECU,SUPCAMCHOOTI,,CO2e_CUT,1,2015,,,,,,704.241962834
EmissionActivityRatio,NDCINC,ECU,SUPCAMCHOOTI,,CO2e_CUT,1,2016,,,,,,748.5413763988
EmissionActivityRatio,NDCINC,ECU,SUPCAMCHOOTI,,CO2e_CUT,1,2017,,,,,,531.8685634385
EmissionActivityRatio,NDCINC,ECU,SUPCAMCHOOTI,,CO2e_CUT,1,2018,,,,,,402.2677500275
EmissionActivityRatio,NDCINC,ECU,SUPCAMCHOOTI,,CO2e_CUT,1,2019,,,,,,358.8394520269
EmissionActivityRatio,NDCINC,ECU,SUPCAMCHOOTI,,CO2e_CUT,1,2020,,,,,,358.8394520269
EmissionActivityRatio,NDCINC,ECU,SUPCAMCHOOTI,,CO2e_CUT,1,2021,,,,,,1925.7931439263
EmissionActivityRatio,NDCINC,ECU,SUPCAMCHOOTI,,CO2e_CUT,1,2022,,,,,,1925.7931439263
EmissionActivityRatio,NDCINC,ECU,SUPCAMCHOOTI,,CO2e_CUT,1,2023,,,,,,748.2070390087
EmissionActivityRatio,NDCINC,ECU,SUPCAMCHOOTI,,CO2e_CUT,1,2024,,,,,,748.2070390087
EmissionActivityRatio,NDCINC,ECU,SUPCAMCHOOTI,,CO2e_CUT,1,2025,,,,,,748.2070390087
EmissionActivityRatio,NDCINC,ECU,SUPCAMCHOOTI,,CO2e_CUT,1,2026,,,,,,748.2070390087
EmissionActivityRatio,NDCINC,ECU,SUPCAMCHOOTI,,CO2e_CUT,1,2027,,,,,,748.2070390087
EmissionActivityRatio,NDCINC,ECU,SUPCAMCHOOTI,,CO2e_CUT,1,2028,,,,,,748.2070390087
EmissionActivityRatio,NDCINC,ECU,SUPCAMCHOOTI,,CO2e_CUT,1,2029,,,,,,748.2070390087
EmissionActivityRatio,NDCINC,ECU,SUPCAMCHOOTI,,CO2e_CUT,1,2030,,,,,,748.2070390087
EmissionActivityRatio,NDCINC,ECU,SUPCAMCHOOTI,,CO2e_CUT,1,2031,,,,,,748.2070390087
EmissionActivityRatio,NDCINC,ECU,SUPCAMCHOOTI,,CO2e_CUT,1,2032,,,,,,748.2070390087
EmissionActivityRatio,NDCINC,ECU,SUPCAMCHOOTI,,CO2e_CUT,1,2033,,,,,,748.2070390087
EmissionActivityRatio,NDCINC,ECU,SUPCAMCHOOTI,,CO2e_CUT,1,2034,,,,,,748.2070390087
EmissionActivityRatio,NDCINC,ECU,SUPCAMCHOOTI,,CO2e_CUT,1,2035,,,,,,748.2070390087
EmissionActivityRatio,NDCINC,ECU,SUPCAMMANOTI,,CO2e_CUT,1,2010,,,,,,35.6827325132
EmissionActivityRatio,NDCINC,ECU,SUPCAMMANOTI,,CO2e_CUT,1,2011,,,,,,34.5546795019
EmissionActivityRatio,NDCINC,ECU,SUPCAMMANOTI,,CO2e_CUT,1,2012,,,,,,33.5065474087
EmissionActivityRatio,NDCINC,ECU,SUPCAMMANOTI,,CO2e_CUT,1,2013,,,,,,31.9585229723
EmissionActivityRatio,NDCINC,ECU,SUPCAMMANOTI,,CO2e_CUT,1,2014,,,,,,30.4794887964
EmissionActivityRatio,NDCINC,ECU,SUPCAMMANOTI,,CO2e_CUT,1,2015,,,,,,41.810780036
EmissionActivityRatio,NDCINC,ECU,SUPCAMMANOTI,,CO2e_CUT,1,2016,,,,,,47.1469969769
EmissionActivityRatio,NDCINC,ECU,SUPCAMMANOTI,,CO2e_CUT,1,2017,,,,,,45.3609579343
EmissionActivityRatio,NDCINC,ECU,SUPCAMMANOTI,,CO2e_CUT,1,2018,,,,,,43.6074781148
EmissionActivityRatio,NDCINC,ECU,SUPCAMMANOTI,,CO2e_CUT,1,2019,,,,,,35.7863459353
EmissionActivityRatio,NDCINC,ECU,SUPCAMMANOTI,,CO2e_CUT,1,2020,,,,,,35.7863459353
EmissionActivityRatio,NDCINC,ECU,SUPCAMMANOTI,,CO2e_CUT,1,2021,,,,,,133.1438250862
EmissionActivityRatio,NDCINC,ECU,SUPCAMMANOTI,,CO2e_CUT,1,2022,,,,,,133.1438250862
EmissionActivityRatio,NDCINC,ECU,SUPCAMMANOTI,,CO2e_CUT,1,2023,,,,,,52.4591174075
EmissionActivityRatio,NDCINC,ECU,SUPCAMMANOTI,,CO2e_CUT,1,2024,,,,,,52.4591174075
EmissionActivityRatio,NDCINC,ECU,SUPCAMMANOTI,,CO2e_CUT,1,2025,,,,,,52.4591174075
EmissionActivityRatio,NDCINC,ECU,SUPCAMMANOTI,,CO2e_CUT,1,2026,,,,,,52.4591174075
EmissionActivityRatio,NDCINC,ECU,SUPCAMMANOTI,,CO2e_CUT,1,2027,,,,,,52.4591174075
EmissionActivityRatio,NDCINC,ECU,SUPCAMMANOTI,,CO2e_CUT,1,2028,,,,,,52.4591174075
EmissionActivityRatio,NDCINC,ECU,SUPCAMMANOTI,,CO2e_CUT,1,2029,,,,,,52.4591174075
EmissionActivityRatio,NDCINC,ECU,SUPCAMMANOTI,,CO2e_CUT,1,2030,,,,,,52.4591174075
EmissionActivityRatio,NDCINC,ECU,SUPCAMMANOTI,,CO2e_CUT,1,2031,,,,,,52.4591174075
EmissionActivityRatio,NDCINC,ECU,SUPCAMMANOTI,,CO2e_CUT,1,2032,,,,,,52.4591174075
EmissionActivityRatio,NDCINC,ECU,SUPCAMMANOTI,,CO2e_CUT,1,2033,,,,,,52.4591174075
EmissionActivityRatio,NDCINC,ECU,SUPCAMMANOTI,,CO2e_CUT,1,2034,,,,,,52.4591174075
EmissionActivityRatio,NDCINC,ECU,SUPCAMMANOTI,,CO2e_CUT,1,2035,,,,,,52.4591174075
EmissionActivityRatio,NDCINC,ECU,SUPCAMMOROTI,,CO2e_CUT,1,2010,,,,,,6624.2114705278
EmissionActivityRatio,NDCINC,ECU,SUPCAMMOROTI,,CO2e_CUT,1,2011,,,,,,6402.2266909956
EmissionActivityRatio,NDCINC,ECU,SUPCAMMOROTI,,CO2e_CUT,1,2012,,,,,,6195.9692108291
EmissionActivityRatio,NDCINC,ECU,SUPCAMMOROTI,,CO2e_CUT,1,2013,,,,,,6155.9192449578
EmissionActivityRatio,NDCINC,ECU,SUPCAMMOROTI,,CO2e_CUT,1,2014,,,,,,6117.6541718285
EmissionActivityRatio,NDCINC,ECU,SUPCAMMOROTI,,CO2e_CUT,1,2015,,,,,,3639.9853571838
EmissionActivityRatio,NDCINC,ECU,SUPCAMMOROTI,,CO2e_CUT,1,2016,,,,,,3330.4580986094
EmissionActivityRatio,NDCINC,ECU,SUPCAMMOROTI,,CO2e_CUT,1,2017,,,,,,4054.4237717322
EmissionActivityRatio,NDCINC,ECU,SUPCAMMOROTI,,CO2e_CUT,1,2018,,,,,,5334.1996418106
EmissionActivityRatio,NDCINC,ECU,SUPCAMMOROTI,,CO2e_CUT,1,2019,,,,,,3518.9191179366
EmissionActivityRatio,NDCINC,ECU,SUPCAMMOROTI,,CO2e_CUT,1,2020,,,,,,3518.9191179366
EmissionActivityRatio,NDCINC,ECU,SUPCAMMOROTI,,CO2e_CUT,1,2021,,,,,,766.8803814807
EmissionActivityRatio,NDCINC,ECU,SUPCAMMOROTI,,CO2e_CUT,1,2022,,,,,,766.8803814807
EmissionActivityRatio,NDCINC,ECU,SUPCAMMOROTI,,CO2e_CUT,1,2023,,,,,,4340.5112813315
EmissionActivityRatio,NDCINC,ECU,SUPCAMMOROTI,,CO2e_CUT,1,2024,,,,,,4340.5112813315
EmissionActivityRatio,NDCINC,ECU,SUPCAMMOROTI,,CO2e_CUT,1,2025,,,,,,4340.5112813315
EmissionActivityRatio,NDCINC,ECU,SUPCAMMOROTI,,CO2e_CUT,1,2026,,,,,,4340.5112813315
EmissionActivityRatio,NDCINC,ECU,SUPCAMMOROTI,,CO2e_CUT,1,2027,,,,,,4340.5112813315
EmissionActivityRatio,NDCINC,ECU,SUPCAMMOROTI,,CO2e_CUT,1,2028,,,,,,4340.5112813315
EmissionActivityRatio,NDCINC,ECU,SUPCAMMOROTI,,CO2e_CUT,1,2029,,,,,,4340.5112813315
EmissionActivityRatio,NDCINC,ECU,SUPCAMMOROTI,,CO2e_CUT,1,2030,,,,,,4340.5112813315
EmissionActivityRatio,NDCINC,ECU,SUPCAMMOROTI,,CO2e_CUT,1,2031,,,,,,4340.5112813315
EmissionActivityRatio,NDCINC,ECU,SUPCAMMOROTI,,CO2e_CUT,1,2032,,,,,,4340.5112813315
EmissionActivityRatio,NDCINC,ECU,SUPCAMMOROTI,,CO2e_CUT,1,2033,,,,,,4340.5112813315
EmissionActivityRatio,NDCINC,ECU,SUPCAMMOROTI,,CO2e_CUT,1,2034,,,,,,4340.5112813315
EmissionActivityRatio,NDCINC,ECU,SUPCAMMOROTI,,CO2e_CUT,1,2035,,,,,,4340.5112813315
EmissionActivityRatio,NDCINC,ECU,SUPCAMPFOOTI,,CO2e_CUT,1,2010,,,,,,42.8445272154
EmissionActivityRatio,NDCINC,ECU,SUPCAMPFOOTI,,CO2e_CUT,1,2011,,,,,,41.2710517108
EmissionActivityRatio,NDCINC,ECU,SUPCAMPFOOTI,,CO2e_CUT,1,2012,,,,,,39.8090546613
EmissionActivityRatio,NDCINC,ECU,SUPCAMPFOOTI,,CO2e_CUT,1,2013,,,,,,38.9017590303
EmissionActivityRatio,NDCINC,ECU,SUPCAMPFOOTI,,CO2e_CUT,1,2014,,,,,,38.0348985245
EmissionActivityRatio,NDCINC,ECU,SUPCAMPFOOTI,,CO2e_CUT,1,2015,,,,,,58.3548517398
EmissionActivityRatio,NDCINC,ECU,SUPCAMPFOOTI,,CO2e_CUT,1,2016,,,,,,81.1546988799
EmissionActivityRatio,NDCINC,ECU,SUPCAMPFOOTI,,CO2e_CUT,1,2017,,,,,,71.652640348
EmissionActivityRatio,NDCINC,ECU,SUPCAMPFOOTI,,CO2e_CUT,1,2018,,,,,,63.0761859609
EmissionActivityRatio,NDCINC,ECU,SUPCAMPFOOTI,,CO2e_CUT,1,2019,,,,,,1317.3877722954
EmissionActivityRatio,NDCINC,ECU,SUPCAMPFOOTI,,CO2e_CUT,1,2020,,,,,,1317.3877722954
EmissionActivityRatio,NDCINC,ECU,SUPCAMPFOOTI,,CO2e_CUT,1,2021,,,,,,301.1329816549
EmissionActivityRatio,NDCINC,ECU,SUPCAMPFOOTI,,CO2e_CUT,1,2022,,,,,,301.1329816549
EmissionActivityRatio,NDCINC,ECU,SUPCAMPFOOTI,,CO2e_CUT,1,2023,,,,,,285.5493212286
EmissionActivityRatio,NDCINC,ECU,SUPCAMPFOOTI,,CO2e_CUT,1,2024,,,,,,285.5493212286
EmissionActivityRatio,NDCINC,ECU,SUPCAMPFOOTI,,CO2e_CUT,1,2025,,,,,,285.5493212286
EmissionActivityRatio,NDCINC,ECU,SUPCAMPFOOTI,,CO2e_CUT,1,2026,,,,,,285.5493212286
EmissionActivityRatio,NDCINC,ECU,SUPCAMPFOOTI,,CO2e_CUT,1,2027,,,,,,285.5493212286
EmissionActivityRatio,NDCINC,ECU,SUPCAMPFOOTI,,CO2e_CUT,1,2028,,,,,,285.5493212286
EmissionActivityRatio,NDCINC,ECU,SUPCAMPFOOTI,,CO2e_CUT,1,2029,,,,,,285.5493212286
EmissionActivityRatio,NDCINC,ECU,SUPCAMPFOOTI,,CO2e_CUT,1,2030,,,,,,285.5493212286
EmissionActivityRatio,NDCINC,ECU,SUPCAMPFOOTI,,CO2e_CUT,1,2031,,,,,,285.5493212286
EmissionActivityRatio,NDCINC,ECU,SUPCAMPFOOTI,,CO2e_CUT,1,2032,,,,,,285.5493212286
EmissionActivityRatio,NDCINC,ECU,SUPCAMPFOOTI,,CO2e_CUT,1,2033,,,,,,285.5493212286
EmissionActivityRatio,NDCINC,ECU,SUPCAMPFOOTI,,CO2e_CUT,1,2034,,,,,,285.5493212286
EmissionActivityRatio,NDCINC,ECU,SUPCAMPFOOTI,,CO2e_CUT,1,2035,,,,,,285.5493212286
EmissionActivityRatio,NDCINC,ECU,SUPCAMCROOTI,,CO2e_CUT,1,2010,,,,,,238.3333333333
EmissionActivityRatio,NDCINC,ECU,SUPCAMCROOTI,,CO2e_CUT,1,2011,,,,,,238.3333333333
EmissionActivityRatio,NDCINC,ECU,SUPCAMCROOTI,,CO2e_CUT,1,2012,,,,,,238.3333333333
EmissionActivityRatio,NDCINC,ECU,SUPCAMCROOTI,,CO2e_CUT,1,2013,,,,,,238.3333333333
EmissionActivityRatio,NDCINC,ECU,SUPCAMCROOTI,,CO2e_CUT,1,2014,,,,,,238.3333333333
EmissionActivityRatio,NDCINC,ECU,SUPCAMCROOTI,,CO2e_CUT,1,2015,,,,,,238.3333333333
EmissionActivityRatio,NDCINC,ECU,SUPCAMCROOTI,,CO2e_CUT,1,2016,,,,,,238.3333333333
EmissionActivityRatio,NDCINC,ECU,SUPCAMCROOTI,,CO2e_CUT,1,2017,,,,,,238.3333333333
EmissionActivityRatio,NDCINC,ECU,SUPCAMCROOTI,,CO2e_CUT,1,2018,,,,,,238.3333333333
EmissionActivityRatio,NDCINC,ECU,SUPCAMCROOTI,,CO2e_CUT,1,2019,,,,,,238.3333333333
EmissionActivityRatio,NDCINC,ECU,SUPCAMCROOTI,,CO2e_CUT,1,2020,,,,,,238.3333333333
EmissionActivityRatio,NDCINC,ECU,SUPCAMCROOTI,,CO2e_CUT,1,2021,,,,,,238.3333333333
EmissionActivityRatio,NDCINC,ECU,SUPCAMCROOTI,,CO2e_CUT,1,2022,,,,,,238.3333333333
EmissionActivityRatio,NDCINC,ECU,SUPCAMCROOTI,,CO2e_CUT,1,2023,,,,,,238.3333333333
EmissionActivityRatio,NDCINC,ECU,SUPCAMCROOTI,,CO2e_CUT,1,2024,,,,,,238.3333333333
EmissionActivityRatio,NDCINC,ECU,SUPCAMCROOTI,,CO2e_CUT,1,2025,,,,,,238.3333333333
EmissionActivityRatio,NDCINC,ECU,SUPCAMCROOTI,,CO2e_CUT,1,2026,,,,,,238.3333333333
EmissionActivityRatio,NDCINC,ECU,SUPCAMCROOTI,,CO2e_CUT,1,2027,,,,,,238.3333333333
EmissionActivityRatio,NDCINC,ECU,SUPCAMCROOTI,,CO2e_CUT,1,2028,,,,,,238.3333333333
EmissionActivityRatio,NDCINC,ECU,SUPCAMCROOTI,,CO2e_CUT,1,2029,,,,,,238.3333333333
EmissionActivityRatio,NDCINC,ECU,SUPCAMCROOTI,,CO2e_CUT,1,2030,,,,,,238.3333333333
EmissionActivityRatio,NDCINC,ECU,SUPCAMCROOTI,,CO2e_CUT,1,2031,,,,,,238.3333333333
EmissionActivityRatio,NDCINC,ECU,SUPCAMCROOTI,,CO2e_CUT,1,2032,,,,,,238.3333333333
EmissionActivityRatio,NDCINC,ECU,SUPCAMCROOTI,,CO2e_CUT,1,2033,,,,,,238.3333333333
EmissionActivityRatio,NDCINC,ECU,SUPCAMCROOTI,,CO2e_CUT,1,2034,,,,,,238.3333333333
EmissionActivityRatio,NDCINC,ECU,SUPCAMCROOTI,,CO2e_CUT,1,2035,,,,,,238.3333333333
EmissionActivityRatio,NDCINC,ECU,SUPCAMGRAOTI,,CO2e_CUT,1,2010,,,,,,78.2881601949
EmissionActivityRatio,NDCINC,ECU,SUPCAMGRAOTI,,CO2e_CUT,1,2011,,,,,,79.1514318358
EmissionActivityRatio,NDCINC,ECU,SUPCAMGRAOTI,,CO2e_CUT,1,2012,,,,,,78.2881601949
EmissionActivityRatio,NDCINC,ECU,SUPCAMGRAOTI,,CO2e_CUT,1,2013,,,,,,79.1514318358
EmissionActivityRatio,NDCINC,ECU,SUPCAMGRAOTI,,CO2e_CUT,1,2014,,,,,,78.2881601949
EmissionActivityRatio,NDCINC,ECU,SUPCAMGRAOTI,,CO2e_CUT,1,2015,,,,,,118.7401636262
EmissionActivityRatio,NDCINC,ECU,SUPCAMGRAOTI,,CO2e_CUT,1,2016,,,,,,91.3983473641
EmissionActivityRatio,NDCINC,ECU,SUPCAMGRAOTI,,CO2e_CUT,1,2017,,,,,,96.0779128978
EmissionActivityRatio,NDCINC,ECU,SUPCAMGRAOTI,,CO2e_CUT,1,2018,,,,,,46.8895090359
EmissionActivityRatio,NDCINC,ECU,SUPCAMGRAOTI,,CO2e_CUT,1,2019,,,,,,133.0979756
EmissionActivityRatio,NDCINC,ECU,SUPCAMGRAOTI,,CO2e_CUT,1,2020,,,,,,133.0979756
EmissionActivityRatio,NDCINC,ECU,SUPCAMGRAOTI,,CO2e_CUT,1,2021,,,,,,137.8666666667
EmissionActivityRatio,NDCINC,ECU,SUPCAMGRAOTI,,CO2e_CUT,1,2022,,,,,,137.8666666667
EmissionActivityRatio,NDCINC,ECU,SUPCAMGRAOTI,,CO2e_CUT,1,2023,,,,,,99.0925047472
EmissionActivityRatio,NDCINC,ECU,SUPCAMGRAOTI,,CO2e_CUT,1,2024,,,,,,99.0925047472
EmissionActivityRatio,NDCINC,ECU,SUPCAMGRAOTI,,CO2e_CUT,1,2025,,,,,,99.0925047472
EmissionActivityRatio,NDCINC,ECU,SUPCAMGRAOTI,,CO2e_CUT,1,2026,,,,,,99.0925047472
EmissionActivityRatio,NDCINC,ECU,SUPCAMGRAOTI,,CO2e_CUT,1,2027,,,,,,99.0925047472
EmissionActivityRatio,NDCINC,ECU,SUPCAMGRAOTI,,CO2e_CUT,1,2028,,,,,,99.0925047472
EmissionActivityRatio,NDCINC,ECU,SUPCAMGRAOTI,,CO2e_CUT,1,2029,,,,,,99.0925047472
EmissionActivityRatio,NDCINC,ECU,SUPCAMGRAOTI,,CO2e_CUT,1,2030,,,,,,99.0925047472
EmissionActivityRatio,NDCINC,ECU,SUPCAMGRAOTI,,CO2e_CUT,1,2031,,,,,,99.0925047472
EmissionActivityRatio,NDCINC,ECU,SUPCAMGRAOTI,,CO2e_CUT,1,2032,,,,,,99.0925047472
EmissionActivityRatio,NDCINC,ECU,SUPCAMGRAOTI,,CO2e_CUT,1,2033,,,,,,99.0925047472
EmissionActivityRatio,NDCINC,ECU,SUPCAMGRAOTI,,CO2e_CUT,1,2034,,,,,,99.0925047472
EmissionActivityRatio,NDCINC,ECU,SUPCAMGRAOTI,,CO2e_CUT,1,2035,,,,,,99.0925047472
EmissionActivityRatio,NDCINC,ECU,SUPMEDREST,,CO2e_CUT,1,2010,,,,,,5.0
EmissionActivityRatio,NDCINC,ECU,SUPMEDREST,,CO2e_CUT,1,2011,,,,,,5.0
EmissionActivityRatio,NDCINC,ECU,SUPMEDREST,,CO2e_CUT,1,2012,,,,,,5.0
EmissionActivityRatio,NDCINC,ECU,SUPMEDREST,,CO2e_CUT,1,2013,,,,,,5.0
EmissionActivityRatio,NDCINC,ECU,SUPMEDREST,,CO2e_CUT,1,2014,,,,,,5.0
EmissionActivityRatio,NDCINC,ECU,SUPMEDREST,,CO2e_CUT,1,2015,,,,,,5.0
EmissionActivityRatio,NDCINC,ECU,SUPMEDREST,,CO2e_CUT,1,2016,,,,,,5.0
EmissionActivityRatio,NDCINC,ECU,SUPMEDREST,,CO2e_CUT,1,2017,,,,,,5.0
EmissionActivityRatio,NDCINC,ECU,SUPMEDREST,,CO2e_CUT,1,2018,,,,,,5.0
EmissionActivityRatio,NDCINC,ECU,SUPMEDREST,,CO2e_CUT,1,2019,,,,,,5.0
EmissionActivityRatio,NDCINC,ECU,SUPMEDREST,,CO2e_CUT,1,2020,,,,,,5.0
EmissionActivityRatio,NDCINC,ECU,SUPMEDREST,,CO2e_CUT,1,2021,,,,,,5.0
EmissionActivityRatio,NDCINC,ECU,SUPMEDREST,,CO2e_CUT,1,2022,,,,,,5.0
EmissionActivityRatio,NDCINC,ECU,SUPMEDREST,,CO2e_CUT,1,2023,,,,,,5.0
EmissionActivityRatio,NDCINC,ECU,SUPMEDREST,,CO2e_CUT,1,2024,,,,,,5.0
EmissionActivityRatio,NDCINC,ECU,SUPMEDREST,,CO2e_CUT,1,2025,,,,,,5.0
EmissionActivityRatio,NDCINC,ECU,SUPMEDREST,,CO2e_CUT,1,2026,,,,,,5.0
EmissionActivityRatio,NDCINC,ECU,SUPMEDREST,,CO2e_CUT,1,2027,,,,,,5.0
EmissionActivityRatio,NDCINC,ECU,SUPMEDREST,,CO2e_CUT,1,2028,,,,,,5.0
EmissionActivityRatio,NDCINC,ECU,SUPMEDREST,,CO2e_CUT,1,2029,,,,,,5.0
EmissionActivityRatio,NDCINC,ECU,SUPMEDREST,,CO2e_CUT,1,2030,,,,,,5.0
EmissionActivityRatio,NDCINC,ECU,SUPMEDREST,,CO2e_CUT,1,2031,,,,,,5.0
EmissionActivityRatio,NDCINC,ECU,SUPMEDREST,,CO2e_CUT,1,2032,,,,,,5.0
EmissionActivityRatio,NDCINC,ECU,SUPMEDREST,,CO2e_CUT,1,2033,,,,,,5.0
EmissionActivityRatio,NDCINC,ECU,SUPMEDREST,,CO2e_CUT,1,2034,,,,,,5.0
EmissionActivityRatio,NDCINC,ECU,SUPMEDREST,,CO2e_CUT,1,2035,,,,,,5.0
EmissionActivityRatio,NDCINC,ECU,SUPMEDRESTMAN,,CO2e_CUT,1,2010,,,,,,5.0
EmissionActivityRatio,NDCINC,ECU,SUPMEDRESTMAN,,CO2e_CUT,1,2011,,,,,,5.0
EmissionActivityRatio,NDCINC,ECU,SUPMEDRESTMAN,,CO2e_CUT,1,2012,,,,,,5.0
EmissionActivityRatio,NDCINC,ECU,SUPMEDRESTMAN,,CO2e_CUT,1,2013,,,,,,5.0
EmissionActivityRatio,NDCINC,ECU,SUPMEDRESTMAN,,CO2e_CUT,1,2014,,,,,,5.0
EmissionActivityRatio,NDCINC,ECU,SUPMEDRESTMAN,,CO2e_CUT,1,2015,,,,,,5.0
EmissionActivityRatio,NDCINC,ECU,SUPMEDRESTMAN,,CO2e_CUT,1,2016,,,,,,5.0
EmissionActivityRatio,NDCINC,ECU,SUPMEDRESTMAN,,CO2e_CUT,1,2017,,,,,,5.0
EmissionActivityRatio,NDCINC,ECU,SUPMEDRESTMAN,,CO2e_CUT,1,2018,,,,,,5.0
EmissionActivityRatio,NDCINC,ECU,SUPMEDRESTMAN,,CO2e_CUT,1,2019,,,,,,5.0
EmissionActivityRatio,NDCINC,ECU,SUPMEDRESTMAN,,CO2e_CUT,1,2020,,,,,,5.0
EmissionActivityRatio,NDCINC,ECU,SUPMEDRESTMAN,,CO2e_CUT,1,2021,,,,,,5.0
EmissionActivityRatio,NDCINC,ECU,SUPMEDRESTMAN,,CO2e_CUT,1,2022,,,,,,5.0
EmissionActivityRatio,NDCINC,ECU,SUPMEDRESTMAN,,CO2e_CUT,1,2023,,,,,,5.0
EmissionActivityRatio,NDCINC,ECU,SUPMEDRESTMAN,,CO2e_CUT,1,2024,,,,,,5.0
EmissionActivityRatio,NDCINC,ECU,SUPMEDRESTMAN,,CO2e_CUT,1,2025,,,,,,5.0
EmissionActivityRatio,NDCINC,ECU,SUPMEDRESTMAN,,CO2e_CUT,1,2026,,,,,,5.0
EmissionActivityRatio,NDCINC,ECU,SUPMEDRESTMAN,,CO2e_CUT,1,2027,,,,,,5.0
EmissionActivityRatio,NDCINC,ECU,SUPMEDRESTMAN,,CO2e_CUT,1,2028,,,,,,5.0
EmissionActivityRatio,NDCINC,ECU,SUPMEDRESTMAN,,CO2e_CUT,1,2029,,,,,,5.0
EmissionActivityRatio,NDCINC,ECU,SUPMEDRESTMAN,,CO2e_CUT,1,2030,,,,,,5.0
EmissionActivityRatio,NDCINC,ECU,SUPMEDRESTMAN,,CO2e_CUT,1,2031,,,,,,5.0
EmissionActivityRatio,NDCINC,ECU,SUPMEDRESTMAN,,CO2e_CUT,1,2032,,,,,,5.0
EmissionActivityRatio,NDCINC,ECU,SUPMEDRESTMAN,,CO2e_CUT,1,2033,,,,,,5.0
EmissionActivityRatio,NDCINC,ECU,SUPMEDRESTMAN,,CO2e_CUT,1,2034,,,,,,5.0
EmissionActivityRatio,NDCINC,ECU,SUPMEDRESTMAN,,CO2e_CUT,1,2035,,,,,,5.0
EmissionActivityRatio,NDCINC,ECU,SUPMEDABAMA,,CO2e_CUT,1,2010,,,,,,5.0
EmissionActivityRatio,NDCINC,ECU,SUPMEDABAMA,,CO2e_CUT,1,2011,,,,,,5.0
EmissionActivityRatio,NDCINC,ECU,SUPMEDABAMA,,CO2e_CUT,1,2012,,,,,,5.0
EmissionActivityRatio,NDCINC,ECU,SUPMEDABAMA,,CO2e_CUT,1,2013,,,,,,5.0
EmissionActivityRatio,NDCINC,ECU,SUPMEDABAMA,,CO2e_CUT,1,2014,,,,,,5.0
EmissionActivityRatio,NDCINC,ECU,SUPMEDABAMA,,CO2e_CUT,1,2015,,,,,,5.0
EmissionActivityRatio,NDCINC,ECU,SUPMEDABAMA,,CO2e_CUT,1,2016,,,,,,5.0
EmissionActivityRatio,NDCINC,ECU,SUPMEDABAMA,,CO2e_CUT,1,2017,,,,,,5.0
EmissionActivityRatio,NDCINC,ECU,SUPMEDABAMA,,CO2e_CUT,1,2018,,,,,,5.0
EmissionActivityRatio,NDCINC,ECU,SUPMEDABAMA,,CO2e_CUT,1,2019,,,,,,5.0
EmissionActivityRatio,NDCINC,ECU,SUPMEDABAMA,,CO2e_CUT,1,2020,,,,,,5.0
EmissionActivityRatio,NDCINC,ECU,SUPMEDABAMA,,CO2e_CUT,1,2021,,,,,,5.0
EmissionActivityRatio,NDCINC,ECU,SUPMEDABAMA,,CO2e_CUT,1,2022,,,,,,5.0
EmissionActivityRatio,NDCINC,ECU,SUPMEDABAMA,,CO2e_CUT,1,2023,,,,,,5.0
EmissionActivityRatio,NDCINC,ECU,SUPMEDABAMA,,CO2e_CUT,1,2024,,,,,,5.0
EmissionActivityRatio,NDCINC,ECU,SUPMEDABAMA,,CO2e_CUT,1,2025,,,,,,5.0
EmissionActivityRatio,NDCINC,ECU,SUPMEDABAMA,,CO2e_CUT,1,2026,,,,,,5.0
EmissionActivityRatio,NDCINC,ECU,SUPMEDABAMA,,CO2e_CUT,1,2027,,,,,,5.0
EmissionActivityRatio,NDCINC,ECU,SUPMEDABAMA,,CO2e_CUT,1,2028,,,,,,5.0
EmissionActivityRatio,NDCINC,ECU,SUPMEDABAMA,,CO2e_CUT,1,2029,,,,,,5.0
EmissionActivityRatio,NDCINC,ECU,SUPMEDABAMA,,CO2e_CUT,1,2030,,,,,,5.0
EmissionActivityRatio,NDCINC,ECU,SUPMEDABAMA,,CO2e_CUT,1,2031,,,,,,5.0
EmissionActivityRatio,NDCINC,ECU,SUPMEDABAMA,,CO2e_CUT,1,2032,,,,,,5.0
EmissionActivityRatio,NDCINC,ECU,SUPMEDABAMA,,CO2e_CUT,1,2033,,,,,,5.0
EmissionActivityRatio,NDCINC,ECU,SUPMEDABAMA,,CO2e_CUT,1,2034,,,,,,5.0
EmissionActivityRatio,NDCINC,ECU,SUPMEDABAMA,,CO2e_CUT,1,2035,,,,,,5.0
EmissionActivityRatio,NDCINC,ECU,SUPMEDABMOR,,CO2e_CUT,1,2010,,,,,,5.0
EmissionActivityRatio,NDCINC,ECU,SUPMEDABMOR,,CO2e_CUT,1,2011,,,,,,5.0
EmissionActivityRatio,NDCINC,ECU,SUPMEDABMOR,,CO2e_CUT,1,2012,,,,,,5.0
EmissionActivityRatio,NDCINC,ECU,SUPMEDABMOR,,CO2e_CUT,1,2013,,,,,,5.0
EmissionActivityRatio,NDCINC,ECU,SUPMEDABMOR,,CO2e_CUT,1,2014,,,,,,5.0
EmissionActivityRatio,NDCINC,ECU,SUPMEDABMOR,,CO2e_CUT,1,2015,,,,,,5.0
EmissionActivityRatio,NDCINC,ECU,SUPMEDABMOR,,CO2e_CUT,1,2016,,,,,,5.0
EmissionActivityRatio,NDCINC,ECU,SUPMEDABMOR,,CO2e_CUT,1,2017,,,,,,5.0
EmissionActivityRatio,NDCINC,ECU,SUPMEDABMOR,,CO2e_CUT,1,2018,,,,,,5.0
EmissionActivityRatio,NDCINC,ECU,SUPMEDABMOR,,CO2e_CUT,1,2019,,,,,,5.0
EmissionActivityRatio,NDCINC,ECU,SUPMEDABMOR,,CO2e_CUT,1,2020,,,,,,5.0
EmissionActivityRatio,NDCINC,ECU,SUPMEDABMOR,,CO2e_CUT,1,2021,,,,,,5.0
EmissionActivityRatio,NDCINC,ECU,SUPMEDABMOR,,CO2e_CUT,1,2022,,,,,,5.0
EmissionActivityRatio,NDCINC,ECU,SUPMEDABMOR,,CO2e_CUT,1,2023,,,,,,5.0
EmissionActivityRatio,NDCINC,ECU,SUPMEDABMOR,,CO2e_CUT,1,2024,,,,,,5.0
EmissionActivityRatio,NDCINC,ECU,SUPMEDABMOR,,CO2e_CUT,1,2025,,,,,,5.0
EmissionActivityRatio,NDCINC,ECU,SUPMEDABMOR,,CO2e_CUT,1,2026,,,,,,5.0
EmissionActivityRatio,NDCINC,ECU,SUPMEDABMOR,,CO2e_CUT,1,2027,,,,,,5.0
EmissionActivityRatio,NDCINC,ECU,SUPMEDABMOR,,CO2e_CUT,1,2028,,,,,,5.0
EmissionActivityRatio,NDCINC,ECU,SUPMEDABMOR,,CO2e_CUT,1,2029,,,,,,5.0
EmissionActivityRatio,NDCINC,ECU,SUPMEDABMOR,,CO2e_CUT,1,2030,,,,,,5.0
EmissionActivityRatio,NDCINC,ECU,SUPMEDABMOR,,CO2e_CUT,1,2031,,,,,,5.0
EmissionActivityRatio,NDCINC,ECU,SUPMEDABMOR,,CO2e_CUT,1,2032,,,,,,5.0
EmissionActivityRatio,NDCINC,ECU,SUPMEDABMOR,,CO2e_CUT,1,2033,,,,,,5.0
EmissionActivityRatio,NDCINC,ECU,SUPMEDABMOR,,CO2e_CUT,1,2034,,,,,,5.0
EmissionActivityRatio,NDCINC,ECU,SUPMEDABMOR,,CO2e_CUT,1,2035,,,,,,5.0
EmissionActivityRatio,NDCINC,ECU,SUPMEDABPIE,,CO2e_CUT,1,2010,,,,,,5.0
EmissionActivityRatio,NDCINC,ECU,SUPMEDABPIE,,CO2e_CUT,1,2011,,,,,,5.0
EmissionActivityRatio,NDCINC,ECU,SUPMEDABPIE,,CO2e_CUT,1,2012,,,,,,5.0
EmissionActivityRatio,NDCINC,ECU,SUPMEDABPIE,,CO2e_CUT,1,2013,,,,,,5.0
EmissionActivityRatio,NDCINC,ECU,SUPMEDABPIE,,CO2e_CUT,1,2014,,,,,,5.0
EmissionActivityRatio,NDCINC,ECU,SUPMEDABPIE,,CO2e_CUT,1,2015,,,,,,5.0
EmissionActivityRatio,NDCINC,ECU,SUPMEDABPIE,,CO2e_CUT,1,2016,,,,,,5.0
EmissionActivityRatio,NDCINC,ECU,SUPMEDABPIE,,CO2e_CUT,1,2017,,,,,,5.0
EmissionActivityRatio,NDCINC,ECU,SUPMEDABPIE,,CO2e_CUT,1,2018,,,,,,5.0
EmissionActivityRatio,NDCINC,ECU,SUPMEDABPIE,,CO2e_CUT,1,2019,,,,,,5.0
EmissionActivityRatio,NDCINC,ECU,SUPMEDABPIE,,CO2e_CUT,1,2020,,,,,,5.0
EmissionActivityRatio,NDCINC,ECU,SUPMEDABPIE,,CO2e_CUT,1,2021,,,,,,5.0
EmissionActivityRatio,NDCINC,ECU,SUPMEDABPIE,,CO2e_CUT,1,2022,,,,,,5.0
EmissionActivityRatio,NDCINC,ECU,SUPMEDABPIE,,CO2e_CUT,1,2023,,,,,,5.0
EmissionActivityRatio,NDCINC,ECU,SUPMEDABPIE,,CO2e_CUT,1,2024,,,,,,5.0
EmissionActivityRatio,NDCINC,ECU,SUPMEDABPIE,,CO2e_CUT,1,2025,,,,,,5.0
EmissionActivityRatio,NDCINC,ECU,SUPMEDABPIE,,CO2e_CUT,1,2026,,,,,,5.0
EmissionActivityRatio,NDCINC,ECU,SUPMEDABPIE,,CO2e_CUT,1,2027,,,,,,5.0
EmissionActivityRatio,NDCINC,ECU,SUPMEDABPIE,,CO2e_CUT,1,2028,,,,,,5.0
EmissionActivityRatio,NDCINC,ECU,SUPMEDABPIE,,CO2e_CUT,1,2029,,,,,,5.0
EmissionActivityRatio,NDCINC,ECU,SUPMEDABPIE,,CO2e_CUT,1,2030,,,,,,5.0
EmissionActivityRatio,NDCINC,ECU,SUPMEDABPIE,,CO2e_CUT,1,2031,,,,,,5.0
EmissionActivityRatio,NDCINC,ECU,SUPMEDABPIE,,CO2e_CUT,1,2032,,,,,,5.0
EmissionActivityRatio,NDCINC,ECU,SUPMEDABPIE,,CO2e_CUT,1,2033,,,,,,5.0
EmissionActivityRatio,NDCINC,ECU,SUPMEDABPIE,,CO2e_CUT,1,2034,,,,,,5.0
EmissionActivityRatio,NDCINC,ECU,SUPMEDABPIE,,CO2e_CUT,1,2035,,,,,,5.0
EmissionActivityRatio,NDCINC,ECU,SUPMEDABCHO,,CO2e_CUT,1,2010,,,,,,5.0
EmissionActivityRatio,NDCINC,ECU,SUPMEDABCHO,,CO2e_CUT,1,2011,,,,,,5.0
EmissionActivityRatio,NDCINC,ECU,SUPMEDABCHO,,CO2e_CUT,1,2012,,,,,,5.0
EmissionActivityRatio,NDCINC,ECU,SUPMEDABCHO,,CO2e_CUT,1,2013,,,,,,5.0
EmissionActivityRatio,NDCINC,ECU,SUPMEDABCHO,,CO2e_CUT,1,2014,,,,,,5.0
EmissionActivityRatio,NDCINC,ECU,SUPMEDABCHO,,CO2e_CUT,1,2015,,,,,,5.0
EmissionActivityRatio,NDCINC,ECU,SUPMEDABCHO,,CO2e_CUT,1,2016,,,,,,5.0
EmissionActivityRatio,NDCINC,ECU,SUPMEDABCHO,,CO2e_CUT,1,2017,,,,,,5.0
EmissionActivityRatio,NDCINC,ECU,SUPMEDABCHO,,CO2e_CUT,1,2018,,,,,,5.0
EmissionActivityRatio,NDCINC,ECU,SUPMEDABCHO,,CO2e_CUT,1,2019,,,,,,5.0
EmissionActivityRatio,NDCINC,ECU,SUPMEDABCHO,,CO2e_CUT,1,2020,,,,,,5.0
EmissionActivityRatio,NDCINC,ECU,SUPMEDABCHO,,CO2e_CUT,1,2021,,,,,,5.0
EmissionActivityRatio,NDCINC,ECU,SUPMEDABCHO,,CO2e_CUT,1,2022,,,,,,5.0
EmissionActivityRatio,NDCINC,ECU,SUPMEDABCHO,,CO2e_CUT,1,2023,,,,,,5.0
EmissionActivityRatio,NDCINC,ECU,SUPMEDABCHO,,CO2e_CUT,1,2024,,,,,,5.0
EmissionActivityRatio,NDCINC,ECU,SUPMEDABCHO,,CO2e_CUT,1,2025,,,,,,5.0
EmissionActivityRatio,NDCINC,ECU,SUPMEDABCHO,,CO2e_CUT,1,2026,,,,,,5.0
EmissionActivityRatio,NDCINC,ECU,SUPMEDABCHO,,CO2e_CUT,1,2027,,,,,,5.0
EmissionActivityRatio,NDCINC,ECU,SUPMEDABCHO,,CO2e_CUT,1,2028,,,,,,5.0
EmissionActivityRatio,NDCINC,ECU,SUPMEDABCHO,,CO2e_CUT,1,2029,,,,,,5.0
EmissionActivityRatio,NDCINC,ECU,SUPMEDABCHO,,CO2e_CUT,1,2030,,,,,,5.0
EmissionActivityRatio,NDCINC,ECU,SUPMEDABCHO,,CO2e_CUT,1,2031,,,,,,5.0
EmissionActivityRatio,NDCINC,ECU,SUPMEDABCHO,,CO2e_CUT,1,2032,,,,,,5.0
EmissionActivityRatio,NDCINC,ECU,SUPMEDABCHO,,CO2e_CUT,1,2033,,,,,,5.0
EmissionActivityRatio,NDCINC,ECU,SUPMEDABCHO,,CO2e_CUT,1,2034,,,,,,5.0
EmissionActivityRatio,NDCINC,ECU,SUPMEDABCHO,,CO2e_CUT,1,2035,,,,,,5.0
EmissionActivityRatio,NDCINC,ECU,SUPMEDABMON,,CO2e_CUT,1,2010,,,,,,5.0
EmissionActivityRatio,NDCINC,ECU,SUPMEDABMON,,CO2e_CUT,1,2011,,,,,,5.0
EmissionActivityRatio,NDCINC,ECU,SUPMEDABMON,,CO2e_CUT,1,2012,,,,,,5.0
EmissionActivityRatio,NDCINC,ECU,SUPMEDABMON,,CO2e_CUT,1,2013,,,,,,5.0
EmissionActivityRatio,NDCINC,ECU,SUPMEDABMON,,CO2e_CUT,1,2014,,,,,,5.0
EmissionActivityRatio,NDCINC,ECU,SUPMEDABMON,,CO2e_CUT,1,2015,,,,,,5.0
EmissionActivityRatio,NDCINC,ECU,SUPMEDABMON,,CO2e_CUT,1,2016,,,,,,5.0
EmissionActivityRatio,NDCINC,ECU,SUPMEDABMON,,CO2e_CUT,1,2017,,,,,,5.0
EmissionActivityRatio,NDCINC,ECU,SUPMEDABMON,,CO2e_CUT,1,2018,,,,,,5.0
EmissionActivityRatio,NDCINC,ECU,SUPMEDABMON,,CO2e_CUT,1,2019,,,,,,5.0
EmissionActivityRatio,NDCINC,ECU,SUPMEDABMON,,CO2e_CUT,1,2020,,,,,,5.0
EmissionActivityRatio,NDCINC,ECU,SUPMEDABMON,,CO2e_CUT,1,2021,,,,,,5.0
EmissionActivityRatio,NDCINC,ECU,SUPMEDABMON,,CO2e_CUT,1,2022,,,,,,5.0
EmissionActivityRatio,NDCINC,ECU,SUPMEDABMON,,CO2e_CUT,1,2023,,,,,,5.0
EmissionActivityRatio,NDCINC,ECU,SUPMEDABMON,,CO2e_CUT,1,2024,,,,,,5.0
EmissionActivityRatio,NDCINC,ECU,SUPMEDABMON,,CO2e_CUT,1,2025,,,,,,5.0
EmissionActivityRatio,NDCINC,ECU,SUPMEDABMON,,CO2e_CUT,1,2026,,,,,,5.0
EmissionActivityRatio,NDCINC,ECU,SUPMEDABMON,,CO2e_CUT,1,2027,,,,,,5.0
EmissionActivityRatio,NDCINC,ECU,SUPMEDABMON,,CO2e_CUT,1,2028,,,,,,5.0
EmissionActivityRatio,NDCINC,ECU,SUPMEDABMON,,CO2e_CUT,1,2029,,,,,,5.0
EmissionActivityRatio,NDCINC,ECU,SUPMEDABMON,,CO2e_CUT,1,2030,,,,,,5.0
EmissionActivityRatio,NDCINC,ECU,SUPMEDABMON,,CO2e_CUT,1,2031,,,,,,5.0
EmissionActivityRatio,NDCINC,ECU,SUPMEDABMON,,CO2e_CUT,1,2032,,,,,,5.0
EmissionActivityRatio,NDCINC,ECU,SUPMEDABMON,,CO2e_CUT,1,2033,,,,,,5.0
EmissionActivityRatio,NDCINC,ECU,SUPMEDABMON,,CO2e_CUT,1,2034,,,,,,5.0
EmissionActivityRatio,NDCINC,ECU,SUPMEDABMON,,CO2e_CUT,1,2035,,,,,,5.0
EmissionActivityRatio,NDCINC,ECU,SUPMEDABPIE2,,CO2e_CUT,1,2010,,,,,,5.0
EmissionActivityRatio,NDCINC,ECU,SUPMEDABPIE2,,CO2e_CUT,1,2011,,,,,,5.0
EmissionActivityRatio,NDCINC,ECU,SUPMEDABPIE2,,CO2e_CUT,1,2012,,,,,,5.0
EmissionActivityRatio,NDCINC,ECU,SUPMEDABPIE2,,CO2e_CUT,1,2013,,,,,,5.0
EmissionActivityRatio,NDCINC,ECU,SUPMEDABPIE2,,CO2e_CUT,1,2014,,,,,,5.0
EmissionActivityRatio,NDCINC,ECU,SUPMEDABPIE2,,CO2e_CUT,1,2015,,,,,,5.0
EmissionActivityRatio,NDCINC,ECU,SUPMEDABPIE2,,CO2e_CUT,1,2016,,,,,,5.0
EmissionActivityRatio,NDCINC,ECU,SUPMEDABPIE2,,CO2e_CUT,1,2017,,,,,,5.0
EmissionActivityRatio,NDCINC,ECU,SUPMEDABPIE2,,CO2e_CUT,1,2018,,,,,,5.0
EmissionActivityRatio,NDCINC,ECU,SUPMEDABPIE2,,CO2e_CUT,1,2019,,,,,,5.0
EmissionActivityRatio,NDCINC,ECU,SUPMEDABPIE2,,CO2e_CUT,1,2020,,,,,,5.0
EmissionActivityRatio,NDCINC,ECU,SUPMEDABPIE2,,CO2e_CUT,1,2021,,,,,,5.0
EmissionActivityRatio,NDCINC,ECU,SUPMEDABPIE2,,CO2e_CUT,1,2022,,,,,,5.0
EmissionActivityRatio,NDCINC,ECU,SUPMEDABPIE2,,CO2e_CUT,1,2023,,,,,,5.0
EmissionActivityRatio,NDCINC,ECU,SUPMEDABPIE2,,CO2e_CUT,1,2024,,,,,,5.0
EmissionActivityRatio,NDCINC,ECU,SUPMEDABPIE2,,CO2e_CUT,1,2025,,,,,,5.0
EmissionActivityRatio,NDCINC,ECU,SUPMEDABPIE2,,CO2e_CUT,1,2026,,,,,,5.0
EmissionActivityRatio,NDCINC,ECU,SUPMEDABPIE2,,CO2e_CUT,1,2027,,,,,,5.0
EmissionActivityRatio,NDCINC,ECU,SUPMEDABPIE2,,CO2e_CUT,1,2028,,,,,,5.0
EmissionActivityRatio,NDCINC,ECU,SUPMEDABPIE2,,CO2e_CUT,1,2029,,,,,,5.0
EmissionActivityRatio,NDCINC,ECU,SUPMEDABPIE2,,CO2e_CUT,1,2030,,,,,,5.0
EmissionActivityRatio,NDCINC,ECU,SUPMEDABPIE2,,CO2e_CUT,1,2031,,,,,,5.0
EmissionActivityRatio,NDCINC,ECU,SUPMEDABPIE2,,CO2e_CUT,1,2032,,,,,,5.0
EmissionActivityRatio,NDCINC,ECU,SUPMEDABPIE2,,CO2e_CUT,1,2033,,,,,,5.0
EmissionActivityRatio,NDCINC,ECU,SUPMEDABPIE2,,CO2e_CUT,1,2034,,,,,,5.0
EmissionActivityRatio,NDCINC,ECU,SUPMEDABPIE2,,CO2e_CUT,1,2035,,,,,,5.0
EmissionActivityRatio,NDCINC,ECU,SUPMEDDEFAMA,,CO2e_CUT,1,2010,,,,,,5.0
EmissionActivityRatio,NDCINC,ECU,SUPMEDDEFAMA,,CO2e_CUT,1,2011,,,,,,5.0
EmissionActivityRatio,NDCINC,ECU,SUPMEDDEFAMA,,CO2e_CUT,1,2012,,,,,,5.0
EmissionActivityRatio,NDCINC,ECU,SUPMEDDEFAMA,,CO2e_CUT,1,2013,,,,,,5.0
EmissionActivityRatio,NDCINC,ECU,SUPMEDDEFAMA,,CO2e_CUT,1,2014,,,,,,5.0
EmissionActivityRatio,NDCINC,ECU,SUPMEDDEFAMA,,CO2e_CUT,1,2015,,,,,,5.0
EmissionActivityRatio,NDCINC,ECU,SUPMEDDEFAMA,,CO2e_CUT,1,2016,,,,,,5.0
EmissionActivityRatio,NDCINC,ECU,SUPMEDDEFAMA,,CO2e_CUT,1,2017,,,,,,5.0
EmissionActivityRatio,NDCINC,ECU,SUPMEDDEFAMA,,CO2e_CUT,1,2018,,,,,,5.0
EmissionActivityRatio,NDCINC,ECU,SUPMEDDEFAMA,,CO2e_CUT,1,2019,,,,,,5.0
EmissionActivityRatio,NDCINC,ECU,SUPMEDDEFAMA,,CO2e_CUT,1,2020,,,,,,5.0
EmissionActivityRatio,NDCINC,ECU,SUPMEDDEFAMA,,CO2e_CUT,1,2021,,,,,,5.0
EmissionActivityRatio,NDCINC,ECU,SUPMEDDEFAMA,,CO2e_CUT,1,2022,,,,,,5.0
EmissionActivityRatio,NDCINC,ECU,SUPMEDDEFAMA,,CO2e_CUT,1,2023,,,,,,5.0
EmissionActivityRatio,NDCINC,ECU,SUPMEDDEFAMA,,CO2e_CUT,1,2024,,,,,,5.0
EmissionActivityRatio,NDCINC,ECU,SUPMEDDEFAMA,,CO2e_CUT,1,2025,,,,,,5.0
EmissionActivityRatio,NDCINC,ECU,SUPMEDDEFAMA,,CO2e_CUT,1,2026,,,,,,5.0
EmissionActivityRatio,NDCINC,ECU,SUPMEDDEFAMA,,CO2e_CUT,1,2027,,,,,,5.0
EmissionActivityRatio,NDCINC,ECU,SUPMEDDEFAMA,,CO2e_CUT,1,2028,,,,,,5.0
EmissionActivityRatio,NDCINC,ECU,SUPMEDDEFAMA,,CO2e_CUT,1,2029,,,,,,5.0
EmissionActivityRatio,NDCINC,ECU,SUPMEDDEFAMA,,CO2e_CUT,1,2030,,,,,,5.0
EmissionActivityRatio,NDCINC,ECU,SUPMEDDEFAMA,,CO2e_CUT,1,2031,,,,,,5.0
EmissionActivityRatio,NDCINC,ECU,SUPMEDDEFAMA,,CO2e_CUT,1,2032,,,,,,5.0
EmissionActivityRatio,NDCINC,ECU,SUPMEDDEFAMA,,CO2e_CUT,1,2033,,,,,,5.0
EmissionActivityRatio,NDCINC,ECU,SUPMEDDEFAMA,,CO2e_CUT,1,2034,,,,,,5.0
EmissionActivityRatio,NDCINC,ECU,SUPMEDDEFAMA,,CO2e_CUT,1,2035,,,,,,5.0
EmissionActivityRatio,NDCINC,ECU,SUPMEDDEFMOR,,CO2e_CUT,1,2010,,,,,,5.0
EmissionActivityRatio,NDCINC,ECU,SUPMEDDEFMOR,,CO2e_CUT,1,2011,,,,,,5.0
EmissionActivityRatio,NDCINC,ECU,SUPMEDDEFMOR,,CO2e_CUT,1,2012,,,,,,5.0
EmissionActivityRatio,NDCINC,ECU,SUPMEDDEFMOR,,CO2e_CUT,1,2013,,,,,,5.0
EmissionActivityRatio,NDCINC,ECU,SUPMEDDEFMOR,,CO2e_CUT,1,2014,,,,,,5.0
EmissionActivityRatio,NDCINC,ECU,SUPMEDDEFMOR,,CO2e_CUT,1,2015,,,,,,5.0
EmissionActivityRatio,NDCINC,ECU,SUPMEDDEFMOR,,CO2e_CUT,1,2016,,,,,,5.0
EmissionActivityRatio,NDCINC,ECU,SUPMEDDEFMOR,,CO2e_CUT,1,2017,,,,,,5.0
EmissionActivityRatio,NDCINC,ECU,SUPMEDDEFMOR,,CO2e_CUT,1,2018,,,,,,5.0
EmissionActivityRatio,NDCINC,ECU,SUPMEDDEFMOR,,CO2e_CUT,1,2019,,,,,,5.0
EmissionActivityRatio,NDCINC,ECU,SUPMEDDEFMOR,,CO2e_CUT,1,2020,,,,,,5.0
EmissionActivityRatio,NDCINC,ECU,SUPMEDDEFMOR,,CO2e_CUT,1,2021,,,,,,5.0
EmissionActivityRatio,NDCINC,ECU,SUPMEDDEFMOR,,CO2e_CUT,1,2022,,,,,,5.0
EmissionActivityRatio,NDCINC,ECU,SUPMEDDEFMOR,,CO2e_CUT,1,2023,,,,,,5.0
EmissionActivityRatio,NDCINC,ECU,SUPMEDDEFMOR,,CO2e_CUT,1,2024,,,,,,5.0
EmissionActivityRatio,NDCINC,ECU,SUPMEDDEFMOR,,CO2e_CUT,1,2025,,,,,,5.0
EmissionActivityRatio,NDCINC,ECU,SUPMEDDEFMOR,,CO2e_CUT,1,2026,,,,,,5.0
EmissionActivityRatio,NDCINC,ECU,SUPMEDDEFMOR,,CO2e_CUT,1,2027,,,,,,5.0
EmissionActivityRatio,NDCINC,ECU,SUPMEDDEFMOR,,CO2e_CUT,1,2028,,,,,,5.0
EmissionActivityRatio,NDCINC,ECU,SUPMEDDEFMOR,,CO2e_CUT,1,2029,,,,,,5.0
EmissionActivityRatio,NDCINC,ECU,SUPMEDDEFMOR,,CO2e_CUT,1,2030,,,,,,5.0
EmissionActivityRatio,NDCINC,ECU,SUPMEDDEFMOR,,CO2e_CUT,1,2031,,,,,,5.0
EmissionActivityRatio,NDCINC,ECU,SUPMEDDEFMOR,,CO2e_CUT,1,2032,,,,,,5.0
EmissionActivityRatio,NDCINC,ECU,SUPMEDDEFMOR,,CO2e_CUT,1,2033,,,,,,5.0
EmissionActivityRatio,NDCINC,ECU,SUPMEDDEFMOR,,CO2e_CUT,1,2034,,,,,,5.0
EmissionActivityRatio,NDCINC,ECU,SUPMEDDEFMOR,,CO2e_CUT,1,2035,,,,,,5.0
EmissionActivityRatio,NDCINC,ECU,SUPMEDDEFPIE,,CO2e_CUT,1,2010,,,,,,5.0
EmissionActivityRatio,NDCINC,ECU,SUPMEDDEFPIE,,CO2e_CUT,1,2011,,,,,,5.0
EmissionActivityRatio,NDCINC,ECU,SUPMEDDEFPIE,,CO2e_CUT,1,2012,,,,,,5.0
EmissionActivityRatio,NDCINC,ECU,SUPMEDDEFPIE,,CO2e_CUT,1,2013,,,,,,5.0
EmissionActivityRatio,NDCINC,ECU,SUPMEDDEFPIE,,CO2e_CUT,1,2014,,,,,,5.0
EmissionActivityRatio,NDCINC,ECU,SUPMEDDEFPIE,,CO2e_CUT,1,2015,,,,,,5.0
EmissionActivityRatio,NDCINC,ECU,SUPMEDDEFPIE,,CO2e_CUT,1,2016,,,,,,5.0
EmissionActivityRatio,NDCINC,ECU,SUPMEDDEFPIE,,CO2e_CUT,1,2017,,,,,,5.0
EmissionActivityRatio,NDCINC,ECU,SUPMEDDEFPIE,,CO2e_CUT,1,2018,,,,,,5.0
EmissionActivityRatio,NDCINC,ECU,SUPMEDDEFPIE,,CO2e_CUT,1,2019,,,,,,5.0
EmissionActivityRatio,NDCINC,ECU,SUPMEDDEFPIE,,CO2e_CUT,1,2020,,,,,,5.0
EmissionActivityRatio,NDCINC,ECU,SUPMEDDEFPIE,,CO2e_CUT,1,2021,,,,,,5.0
EmissionActivityRatio,NDCINC,ECU,SUPMEDDEFPIE,,CO2e_CUT,1,2022,,,,,,5.0
EmissionActivityRatio,NDCINC,ECU,SUPMEDDEFPIE,,CO2e_CUT,1,2023,,,,,,5.0
EmissionActivityRatio,NDCINC,ECU,SUPMEDDEFPIE,,CO2e_CUT,1,2024,,,,,,5.0
EmissionActivityRatio,NDCINC,ECU,SUPMEDDEFPIE,,CO2e_CUT,1,2025,,,,,,5.0
EmissionActivityRatio,NDCINC,ECU,SUPMEDDEFPIE,,CO2e_CUT,1,2026,,,,,,5.0
EmissionActivityRatio,NDCINC,ECU,SUPMEDDEFPIE,,CO2e_CUT,1,2027,,,,,,5.0
EmissionActivityRatio,NDCINC,ECU,SUPMEDDEFPIE,,CO2e_CUT,1,2028,,,,,,5.0
EmissionActivityRatio,NDCINC,ECU,SUPMEDDEFPIE,,CO2e_CUT,1,2029,,,,,,5.0
EmissionActivityRatio,NDCINC,ECU,SUPMEDDEFPIE,,CO2e_CUT,1,2030,,,,,,5.0
EmissionActivityRatio,NDCINC,ECU,SUPMEDDEFPIE,,CO2e_CUT,1,2031,,,,,,5.0
EmissionActivityRatio,NDCINC,ECU,SUPMEDDEFPIE,,CO2e_CUT,1,2032,,,,,,5.0
EmissionActivityRatio,NDCINC,ECU,SUPMEDDEFPIE,,CO2e_CUT,1,2033,,,,,,5.0
EmissionActivityRatio,NDCINC,ECU,SUPMEDDEFPIE,,CO2e_CUT,1,2034,,,,,,5.0
EmissionActivityRatio,NDCINC,ECU,SUPMEDDEFPIE,,CO2e_CUT,1,2035,,,,,,5.0
EmissionActivityRatio,NDCINC,ECU,SUPMEDDEFCHO,,CO2e_CUT,1,2010,,,,,,5.0
EmissionActivityRatio,NDCINC,ECU,SUPMEDDEFCHO,,CO2e_CUT,1,2011,,,,,,5.0
EmissionActivityRatio,NDCINC,ECU,SUPMEDDEFCHO,,CO2e_CUT,1,2012,,,,,,5.0
EmissionActivityRatio,NDCINC,ECU,SUPMEDDEFCHO,,CO2e_CUT,1,2013,,,,,,5.0
EmissionActivityRatio,NDCINC,ECU,SUPMEDDEFCHO,,CO2e_CUT,1,2014,,,,,,5.0
EmissionActivityRatio,NDCINC,ECU,SUPMEDDEFCHO,,CO2e_CUT,1,2015,,,,,,5.0
EmissionActivityRatio,NDCINC,ECU,SUPMEDDEFCHO,,CO2e_CUT,1,2016,,,,,,5.0
EmissionActivityRatio,NDCINC,ECU,SUPMEDDEFCHO,,CO2e_CUT,1,2017,,,,,,5.0
EmissionActivityRatio,NDCINC,ECU,SUPMEDDEFCHO,,CO2e_CUT,1,2018,,,,,,5.0
EmissionActivityRatio,NDCINC,ECU,SUPMEDDEFCHO,,CO2e_CUT,1,2019,,,,,,5.0
EmissionActivityRatio,NDCINC,ECU,SUPMEDDEFCHO,,CO2e_CUT,1,2020,,,,,,5.0
EmissionActivityRatio,NDCINC,ECU,SUPMEDDEFCHO,,CO2e_CUT,1,2021,,,,,,5.0
EmissionActivityRatio,NDCINC,ECU,SUPMEDDEFCHO,,CO2e_CUT,1,2022,,,,,,5.0
EmissionActivityRatio,NDCINC,ECU,SUPMEDDEFCHO,,CO2e_CUT,1,2023,,,,,,5.0
EmissionActivityRatio,NDCINC,ECU,SUPMEDDEFCHO,,CO2e_CUT,1,2024,,,,,,5.0
EmissionActivityRatio,NDCINC,ECU,SUPMEDDEFCHO,,CO2e_CUT,1,2025,,,,,,5.0
EmissionActivityRatio,NDCINC,ECU,SUPMEDDEFCHO,,CO2e_CUT,1,2026,,,,,,5.0
EmissionActivityRatio,NDCINC,ECU,SUPMEDDEFCHO,,CO2e_CUT,1,2027,,,,,,5.0
EmissionActivityRatio,NDCINC,ECU,SUPMEDDEFCHO,,CO2e_CUT,1,2028,,,,,,5.0
EmissionActivityRatio,NDCINC,ECU,SUPMEDDEFCHO,,CO2e_CUT,1,2029,,,,,,5.0
EmissionActivityRatio,NDCINC,ECU,SUPMEDDEFCHO,,CO2e_CUT,1,2030,,,,,,5.0
EmissionActivityRatio,NDCINC,ECU,SUPMEDDEFCHO,,CO2e_CUT,1,2031,,,,,,5.0
EmissionActivityRatio,NDCINC,ECU,SUPMEDDEFCHO,,CO2e_CUT,1,2032,,,,,,5.0
EmissionActivityRatio,NDCINC,ECU,SUPMEDDEFCHO,,CO2e_CUT,1,2033,,,,,,5.0
EmissionActivityRatio,NDCINC,ECU,SUPMEDDEFCHO,,CO2e_CUT,1,2034,,,,,,5.0
EmissionActivityRatio,NDCINC,ECU,SUPMEDDEFCHO,,CO2e_CUT,1,2035,,,,,,5.0
EmissionActivityRatio,NDCINC,ECU,SUPMEDDEFMON,,CO2e_CUT,1,2010,,,,,,5.0
EmissionActivityRatio,NDCINC,ECU,SUPMEDDEFMON,,CO2e_CUT,1,2011,,,,,,5.0
EmissionActivityRatio,NDCINC,ECU,SUPMEDDEFMON,,CO2e_CUT,1,2012,,,,,,5.0
EmissionActivityRatio,NDCINC,ECU,SUPMEDDEFMON,,CO2e_CUT,1,2013,,,,,,5.0
EmissionActivityRatio,NDCINC,ECU,SUPMEDDEFMON,,CO2e_CUT,1,2014,,,,,,5.0
EmissionActivityRatio,NDCINC,ECU,SUPMEDDEFMON,,CO2e_CUT,1,2015,,,,,,5.0
EmissionActivityRatio,NDCINC,ECU,SUPMEDDEFMON,,CO2e_CUT,1,2016,,,,,,5.0
EmissionActivityRatio,NDCINC,ECU,SUPMEDDEFMON,,CO2e_CUT,1,2017,,,,,,5.0
EmissionActivityRatio,NDCINC,ECU,SUPMEDDEFMON,,CO2e_CUT,1,2018,,,,,,5.0
EmissionActivityRatio,NDCINC,ECU,SUPMEDDEFMON,,CO2e_CUT,1,2019,,,,,,5.0
EmissionActivityRatio,NDCINC,ECU,SUPMEDDEFMON,,CO2e_CUT,1,2020,,,,,,5.0
EmissionActivityRatio,NDCINC,ECU,SUPMEDDEFMON,,CO2e_CUT,1,2021,,,,,,5.0
EmissionActivityRatio,NDCINC,ECU,SUPMEDDEFMON,,CO2e_CUT,1,2022,,,,,,5.0
EmissionActivityRatio,NDCINC,ECU,SUPMEDDEFMON,,CO2e_CUT,1,2023,,,,,,5.0
EmissionActivityRatio,NDCINC,ECU,SUPMEDDEFMON,,CO2e_CUT,1,2024,,,,,,5.0
EmissionActivityRatio,NDCINC,ECU,SUPMEDDEFMON,,CO2e_CUT,1,2025,,,,,,5.0
EmissionActivityRatio,NDCINC,ECU,SUPMEDDEFMON,,CO2e_CUT,1,2026,,,,,,5.0
EmissionActivityRatio,NDCINC,ECU,SUPMEDDEFMON,,CO2e_CUT,1,2027,,,,,,5.0
EmissionActivityRatio,NDCINC,ECU,SUPMEDDEFMON,,CO2e_CUT,1,2028,,,,,,5.0
EmissionActivityRatio,NDCINC,ECU,SUPMEDDEFMON,,CO2e_CUT,1,2029,,,,,,5.0
EmissionActivityRatio,NDCINC,ECU,SUPMEDDEFMON,,CO2e_CUT,1,2030,,,,,,5.0
EmissionActivityRatio,NDCINC,ECU,SUPMEDDEFMON,,CO2e_CUT,1,2031,,,,,,5.0
EmissionActivityRatio,NDCINC,ECU,SUPMEDDEFMON,,CO2e_CUT,1,2032,,,,,,5.0
EmissionActivityRatio,NDCINC,ECU,SUPMEDDEFMON,,CO2e_CUT,1,2033,,,,,,5.0
EmissionActivityRatio,NDCINC,ECU,SUPMEDDEFMON,,CO2e_CUT,1,2034,,,,,,5.0
EmissionActivityRatio,NDCINC,ECU,SUPMEDDEFMON,,CO2e_CUT,1,2035,,,,,,5.0
EmissionActivityRatio,NDCINC,ECU,SUPMEDDEFPIE2,,CO2e_CUT,1,2010,,,,,,5.0
EmissionActivityRatio,NDCINC,ECU,SUPMEDDEFPIE2,,CO2e_CUT,1,2011,,,,,,5.0
EmissionActivityRatio,NDCINC,ECU,SUPMEDDEFPIE2,,CO2e_CUT,1,2012,,,,,,5.0
EmissionActivityRatio,NDCINC,ECU,SUPMEDDEFPIE2,,CO2e_CUT,1,2013,,,,,,5.0
EmissionActivityRatio,NDCINC,ECU,SUPMEDDEFPIE2,,CO2e_CUT,1,2014,,,,,,5.0
EmissionActivityRatio,NDCINC,ECU,SUPMEDDEFPIE2,,CO2e_CUT,1,2015,,,,,,5.0
EmissionActivityRatio,NDCINC,ECU,SUPMEDDEFPIE2,,CO2e_CUT,1,2016,,,,,,5.0
EmissionActivityRatio,NDCINC,ECU,SUPMEDDEFPIE2,,CO2e_CUT,1,2017,,,,,,5.0
EmissionActivityRatio,NDCINC,ECU,SUPMEDDEFPIE2,,CO2e_CUT,1,2018,,,,,,5.0
EmissionActivityRatio,NDCINC,ECU,SUPMEDDEFPIE2,,CO2e_CUT,1,2019,,,,,,5.0
EmissionActivityRatio,NDCINC,ECU,SUPMEDDEFPIE2,,CO2e_CUT,1,2020,,,,,,5.0
EmissionActivityRatio,NDCINC,ECU,SUPMEDDEFPIE2,,CO2e_CUT,1,2021,,,,,,5.0
EmissionActivityRatio,NDCINC,ECU,SUPMEDDEFPIE2,,CO2e_CUT,1,2022,,,,,,5.0
EmissionActivityRatio,NDCINC,ECU,SUPMEDDEFPIE2,,CO2e_CUT,1,2023,,,,,,5.0
EmissionActivityRatio,NDCINC,ECU,SUPMEDDEFPIE2,,CO2e_CUT,1,2024,,,,,,5.0
EmissionActivityRatio,NDCINC,ECU,SUPMEDDEFPIE2,,CO2e_CUT,1,2025,,,,,,5.0
EmissionActivityRatio,NDCINC,ECU,SUPMEDDEFPIE2,,CO2e_CUT,1,2026,,,,,,5.0
EmissionActivityRatio,NDCINC,ECU,SUPMEDDEFPIE2,,CO2e_CUT,1,2027,,,,,,5.0
EmissionActivityRatio,NDCINC,ECU,SUPMEDDEFPIE2,,CO2e_CUT,1,2028,,,,,,5.0
EmissionActivityRatio,NDCINC,ECU,SUPMEDDEFPIE2,,CO2e_CUT,1,2029,,,,,,5.0
EmissionActivityRatio,NDCINC,ECU,SUPMEDDEFPIE2,,CO2e_CUT,1,2030,,,,,,5.0
EmissionActivityRatio,NDCINC,ECU,SUPMEDDEFPIE2,,CO2e_CUT,1,2031,,,,,,5.0
EmissionActivityRatio,NDCINC,ECU,SUPMEDDEFPIE2,,CO2e_CUT,1,2032,,,,,,5.0
EmissionActivityRatio,NDCINC,ECU,SUPMEDDEFPIE2,,CO2e_CUT,1,2033,,,,,,5.0
EmissionActivityRatio,NDCINC,ECU,SUPMEDDEFPIE2,,CO2e_CUT,1,2034,,,,,,5.0
EmissionActivityRatio,NDCINC,ECU,SUPMEDDEFPIE2,,CO2e_CUT,1,2035,,,,,,5.0
EmissionActivityRatio,NDCINC,ECU,SUPMED5DEFAND,,CO2e_CUT,1,2010,,,,,,5.0
EmissionActivityRatio,NDCINC,ECU,SUPMED5DEFAND,,CO2e_CUT,1,2011,,,,,,5.0
EmissionActivityRatio,NDCINC,ECU,SUPMED5DEFAND,,CO2e_CUT,1,2012,,,,,,5.0
EmissionActivityRatio,NDCINC,ECU,SUPMED5DEFAND,,CO2e_CUT,1,2013,,,,,,5.0
EmissionActivityRatio,NDCINC,ECU,SUPMED5DEFAND,,CO2e_CUT,1,2014,,,,,,5.0
EmissionActivityRatio,NDCINC,ECU,SUPMED5DEFAND,,CO2e_CUT,1,2015,,,,,,5.0
EmissionActivityRatio,NDCINC,ECU,SUPMED5DEFAND,,CO2e_CUT,1,2016,,,,,,5.0
EmissionActivityRatio,NDCINC,ECU,SUPMED5DEFAND,,CO2e_CUT,1,2017,,,,,,5.0
EmissionActivityRatio,NDCINC,ECU,SUPMED5DEFAND,,CO2e_CUT,1,2018,,,,,,5.0
EmissionActivityRatio,NDCINC,ECU,SUPMED5DEFAND,,CO2e_CUT,1,2019,,,,,,5.0
EmissionActivityRatio,NDCINC,ECU,SUPMED5DEFAND,,CO2e_CUT,1,2020,,,,,,5.0
EmissionActivityRatio,NDCINC,ECU,SUPMED5DEFAND,,CO2e_CUT,1,2021,,,,,,5.0
EmissionActivityRatio,NDCINC,ECU,SUPMED5DEFAND,,CO2e_CUT,1,2022,,,,,,5.0
EmissionActivityRatio,NDCINC,ECU,SUPMED5DEFAND,,CO2e_CUT,1,2023,,,,,,5.0
EmissionActivityRatio,NDCINC,ECU,SUPMED5DEFAND,,CO2e_CUT,1,2024,,,,,,5.0
EmissionActivityRatio,NDCINC,ECU,SUPMED5DEFAND,,CO2e_CUT,1,2025,,,,,,5.0
EmissionActivityRatio,NDCINC,ECU,SUPMED5DEFAND,,CO2e_CUT,1,2026,,,,,,5.0
EmissionActivityRatio,NDCINC,ECU,SUPMED5DEFAND,,CO2e_CUT,1,2027,,,,,,5.0
EmissionActivityRatio,NDCINC,ECU,SUPMED5DEFAND,,CO2e_CUT,1,2028,,,,,,5.0
EmissionActivityRatio,NDCINC,ECU,SUPMED5DEFAND,,CO2e_CUT,1,2029,,,,,,5.0
EmissionActivityRatio,NDCINC,ECU,SUPMED5DEFAND,,CO2e_CUT,1,2030,,,,,,5.0
EmissionActivityRatio,NDCINC,ECU,SUPMED5DEFAND,,CO2e_CUT,1,2031,,,,,,5.0
EmissionActivityRatio,NDCINC,ECU,SUPMED5DEFAND,,CO2e_CUT,1,2032,,,,,,5.0
EmissionActivityRatio,NDCINC,ECU,SUPMED5DEFAND,,CO2e_CUT,1,2033,,,,,,5.0
EmissionActivityRatio,NDCINC,ECU,SUPMED5DEFAND,,CO2e_CUT,1,2034,,,,,,5.0
EmissionActivityRatio,NDCINC,ECU,SUPMED5DEFAND,,CO2e_CUT,1,2035,,,,,,5.0
EmissionActivityRatio,NDCINC,ECU,SUPMED5DEFPLU,,CO2e_CUT,1,2010,,,,,,5.0
EmissionActivityRatio,NDCINC,ECU,SUPMED5DEFPLU,,CO2e_CUT,1,2011,,,,,,5.0
EmissionActivityRatio,NDCINC,ECU,SUPMED5DEFPLU,,CO2e_CUT,1,2012,,,,,,5.0
EmissionActivityRatio,NDCINC,ECU,SUPMED5DEFPLU,,CO2e_CUT,1,2013,,,,,,5.0
EmissionActivityRatio,NDCINC,ECU,SUPMED5DEFPLU,,CO2e_CUT,1,2014,,,,,,5.0
EmissionActivityRatio,NDCINC,ECU,SUPMED5DEFPLU,,CO2e_CUT,1,2015,,,,,,5.0
EmissionActivityRatio,NDCINC,ECU,SUPMED5DEFPLU,,CO2e_CUT,1,2016,,,,,,5.0
EmissionActivityRatio,NDCINC,ECU,SUPMED5DEFPLU,,CO2e_CUT,1,2017,,,,,,5.0
EmissionActivityRatio,NDCINC,ECU,SUPMED5DEFPLU,,CO2e_CUT,1,2018,,,,,,5.0
EmissionActivityRatio,NDCINC,ECU,SUPMED5DEFPLU,,CO2e_CUT,1,2019,,,,,,5.0
EmissionActivityRatio,NDCINC,ECU,SUPMED5DEFPLU,,CO2e_CUT,1,2020,,,,,,5.0
EmissionActivityRatio,NDCINC,ECU,SUPMED5DEFPLU,,CO2e_CUT,1,2021,,,,,,5.0
EmissionActivityRatio,NDCINC,ECU,SUPMED5DEFPLU,,CO2e_CUT,1,2022,,,,,,5.0
EmissionActivityRatio,NDCINC,ECU,SUPMED5DEFPLU,,CO2e_CUT,1,2023,,,,,,5.0
EmissionActivityRatio,NDCINC,ECU,SUPMED5DEFPLU,,CO2e_CUT,1,2024,,,,,,5.0
EmissionActivityRatio,NDCINC,ECU,SUPMED5DEFPLU,,CO2e_CUT,1,2025,,,,,,5.0
EmissionActivityRatio,NDCINC,ECU,SUPMED5DEFPLU,,CO2e_CUT,1,2026,,,,,,5.0
EmissionActivityRatio,NDCINC,ECU,SUPMED5DEFPLU,,CO2e_CUT,1,2027,,,,,,5.0
EmissionActivityRatio,NDCINC,ECU,SUPMED5DEFPLU,,CO2e_CUT,1,2028,,,,,,5.0
EmissionActivityRatio,NDCINC,ECU,SUPMED5DEFPLU,,CO2e_CUT,1,2029,,,,,,5.0
EmissionActivityRatio,NDCINC,ECU,SUPMED5DEFPLU,,CO2e_CUT,1,2030,,,,,,5.0
EmissionActivityRatio,NDCINC,ECU,SUPMED5DEFPLU,,CO2e_CUT,1,2031,,,,,,5.0
EmissionActivityRatio,NDCINC,ECU,SUPMED5DEFPLU,,CO2e_CUT,1,2032,,,,,,5.0
EmissionActivityRatio,NDCINC,ECU,SUPMED5DEFPLU,,CO2e_CUT,1,2033,,,,,,5.0
EmissionActivityRatio,NDCINC,ECU,SUPMED5DEFPLU,,CO2e_CUT,1,2034,,,,,,5.0
EmissionActivityRatio,NDCINC,ECU,SUPMED5DEFPLU,,CO2e_CUT,1,2035,,,,,,5.0
EmissionActivityRatio,NDCINC,ECU,SUPMED5DEFMON,,CO2e_CUT,1,2010,,,,,,5.0
EmissionActivityRatio,NDCINC,ECU,SUPMED5DEFMON,,CO2e_CUT,1,2011,,,,,,5.0
EmissionActivityRatio,NDCINC,ECU,SUPMED5DEFMON,,CO2e_CUT,1,2012,,,,,,5.0
EmissionActivityRatio,NDCINC,ECU,SUPMED5DEFMON,,CO2e_CUT,1,2013,,,,,,5.0
EmissionActivityRatio,NDCINC,ECU,SUPMED5DEFMON,,CO2e_CUT,1,2014,,,,,,5.0
EmissionActivityRatio,NDCINC,ECU,SUPMED5DEFMON,,CO2e_CUT,1,2015,,,,,,5.0
EmissionActivityRatio,NDCINC,ECU,SUPMED5DEFMON,,CO2e_CUT,1,2016,,,,,,5.0
EmissionActivityRatio,NDCINC,ECU,SUPMED5DEFMON,,CO2e_CUT,1,2017,,,,,,5.0
EmissionActivityRatio,NDCINC,ECU,SUPMED5DEFMON,,CO2e_CUT,1,2018,,,,,,5.0
EmissionActivityRatio,NDCINC,ECU,SUPMED5DEFMON,,CO2e_CUT,1,2019,,,,,,5.0
EmissionActivityRatio,NDCINC,ECU,SUPMED5DEFMON,,CO2e_CUT,1,2020,,,,,,5.0
EmissionActivityRatio,NDCINC,ECU,SUPMED5DEFMON,,CO2e_CUT,1,2021,,,,,,5.0
EmissionActivityRatio,NDCINC,ECU,SUPMED5DEFMON,,CO2e_CUT,1,2022,,,,,,5.0
EmissionActivityRatio,NDCINC,ECU,SUPMED5DEFMON,,CO2e_CUT,1,2023,,,,,,5.0
EmissionActivityRatio,NDCINC,ECU,SUPMED5DEFMON,,CO2e_CUT,1,2024,,,,,,5.0
EmissionActivityRatio,NDCINC,ECU,SUPMED5DEFMON,,CO2e_CUT,1,2025,,,,,,5.0
EmissionActivityRatio,NDCINC,ECU,SUPMED5DEFMON,,CO2e_CUT,1,2026,,,,,,5.0
EmissionActivityRatio,NDCINC,ECU,SUPMED5DEFMON,,CO2e_CUT,1,2027,,,,,,5.0
EmissionActivityRatio,NDCINC,ECU,SUPMED5DEFMON,,CO2e_CUT,1,2028,,,,,,5.0
EmissionActivityRatio,NDCINC,ECU,SUPMED5DEFMON,,CO2e_CUT,1,2029,,,,,,5.0
EmissionActivityRatio,NDCINC,ECU,SUPMED5DEFMON,,CO2e_CUT,1,2030,,,,,,5.0
EmissionActivityRatio,NDCINC,ECU,SUPMED5DEFMON,,CO2e_CUT,1,2031,,,,,,5.0
EmissionActivityRatio,NDCINC,ECU,SUPMED5DEFMON,,CO2e_CUT,1,2032,,,,,,5.0
EmissionActivityRatio,NDCINC,ECU,SUPMED5DEFMON,,CO2e_CUT,1,2033,,,,,,5.0
EmissionActivityRatio,NDCINC,ECU,SUPMED5DEFMON,,CO2e_CUT,1,2034,,,,,,5.0
EmissionActivityRatio,NDCINC,ECU,SUPMED5DEFMON,,CO2e_CUT,1,2035,,,,,,5.0
EmissionActivityRatio,NDCINC,ECU,SUPMED5DEFPIE,,CO2e_CUT,1,2010,,,,,,5.0
EmissionActivityRatio,NDCINC,ECU,SUPMED5DEFPIE,,CO2e_CUT,1,2011,,,,,,5.0
EmissionActivityRatio,NDCINC,ECU,SUPMED5DEFPIE,,CO2e_CUT,1,2012,,,,,,5.0
EmissionActivityRatio,NDCINC,ECU,SUPMED5DEFPIE,,CO2e_CUT,1,2013,,,,,,5.0
EmissionActivityRatio,NDCINC,ECU,SUPMED5DEFPIE,,CO2e_CUT,1,2014,,,,,,5.0
EmissionActivityRatio,NDCINC,ECU,SUPMED5DEFPIE,,CO2e_CUT,1,2015,,,,,,5.0
EmissionActivityRatio,NDCINC,ECU,SUPMED5DEFPIE,,CO2e_CUT,1,2016,,,,,,5.0
EmissionActivityRatio,NDCINC,ECU,SUPMED5DEFPIE,,CO2e_CUT,1,2017,,,,,,5.0
EmissionActivityRatio,NDCINC,ECU,SUPMED5DEFPIE,,CO2e_CUT,1,2018,,,,,,5.0
EmissionActivityRatio,NDCINC,ECU,SUPMED5DEFPIE,,CO2e_CUT,1,2019,,,,,,5.0
EmissionActivityRatio,NDCINC,ECU,SUPMED5DEFPIE,,CO2e_CUT,1,2020,,,,,,5.0
EmissionActivityRatio,NDCINC,ECU,SUPMED5DEFPIE,,CO2e_CUT,1,2021,,,,,,5.0
EmissionActivityRatio,NDCINC,ECU,SUPMED5DEFPIE,,CO2e_CUT,1,2022,,,,,,5.0
EmissionActivityRatio,NDCINC,ECU,SUPMED5DEFPIE,,CO2e_CUT,1,2023,,,,,,5.0
EmissionActivityRatio,NDCINC,ECU,SUPMED5DEFPIE,,CO2e_CUT,1,2024,,,,,,5.0
EmissionActivityRatio,NDCINC,ECU,SUPMED5DEFPIE,,CO2e_CUT,1,2025,,,,,,5.0
EmissionActivityRatio,NDCINC,ECU,SUPMED5DEFPIE,,CO2e_CUT,1,2026,,,,,,5.0
EmissionActivityRatio,NDCINC,ECU,SUPMED5DEFPIE,,CO2e_CUT,1,2027,,,,,,5.0
EmissionActivityRatio,NDCINC,ECU,SUPMED5DEFPIE,,CO2e_CUT,1,2028,,,,,,5.0
EmissionActivityRatio,NDCINC,ECU,SUPMED5DEFPIE,,CO2e_CUT,1,2029,,,,,,5.0
EmissionActivityRatio,NDCINC,ECU,SUPMED5DEFPIE,,CO2e_CUT,1,2030,,,,,,5.0
EmissionActivityRatio,NDCINC,ECU,SUPMED5DEFPIE,,CO2e_CUT,1,2031,,,,,,5.0
EmissionActivityRatio,NDCINC,ECU,SUPMED5DEFPIE,,CO2e_CUT,1,2032,,,,,,5.0
EmissionActivityRatio,NDCINC,ECU,SUPMED5DEFPIE,,CO2e_CUT,1,2033,,,,,,5.0
EmissionActivityRatio,NDCINC,ECU,SUPMED5DEFPIE,,CO2e_CUT,1,2034,,,,,,5.0
EmissionActivityRatio,NDCINC,ECU,SUPMED5DEFPIE,,CO2e_CUT,1,2035,,,,,,5.0
EmissionActivityRatio,NDCINC,ECU,SUPMED5DEFCEJ,,CO2e_CUT,1,2010,,,,,,5.0
EmissionActivityRatio,NDCINC,ECU,SUPMED5DEFCEJ,,CO2e_CUT,1,2011,,,,,,5.0
EmissionActivityRatio,NDCINC,ECU,SUPMED5DEFCEJ,,CO2e_CUT,1,2012,,,,,,5.0
EmissionActivityRatio,NDCINC,ECU,SUPMED5DEFCEJ,,CO2e_CUT,1,2013,,,,,,5.0
EmissionActivityRatio,NDCINC,ECU,SUPMED5DEFCEJ,,CO2e_CUT,1,2014,,,,,,5.0
EmissionActivityRatio,NDCINC,ECU,SUPMED5DEFCEJ,,CO2e_CUT,1,2015,,,,,,5.0
EmissionActivityRatio,NDCINC,ECU,SUPMED5DEFCEJ,,CO2e_CUT,1,2016,,,,,,5.0
EmissionActivityRatio,NDCINC,ECU,SUPMED5DEFCEJ,,CO2e_CUT,1,2017,,,,,,5.0
EmissionActivityRatio,NDCINC,ECU,SUPMED5DEFCEJ,,CO2e_CUT,1,2018,,,,,,5.0
EmissionActivityRatio,NDCINC,ECU,SUPMED5DEFCEJ,,CO2e_CUT,1,2019,,,,,,5.0
EmissionActivityRatio,NDCINC,ECU,SUPMED5DEFCEJ,,CO2e_CUT,1,2020,,,,,,5.0
EmissionActivityRatio,NDCINC,ECU,SUPMED5DEFCEJ,,CO2e_CUT,1,2021,,,,,,5.0
EmissionActivityRatio,NDCINC,ECU,SUPMED5DEFCEJ,,CO2e_CUT,1,2022,,,,,,5.0
EmissionActivityRatio,NDCINC,ECU,SUPMED5DEFCEJ,,CO2e_CUT,1,2023,,,,,,5.0
EmissionActivityRatio,NDCINC,ECU,SUPMED5DEFCEJ,,CO2e_CUT,1,2024,,,,,,5.0
EmissionActivityRatio,NDCINC,ECU,SUPMED5DEFCEJ,,CO2e_CUT,1,2025,,,,,,5.0
EmissionActivityRatio,NDCINC,ECU,SUPMED5DEFCEJ,,CO2e_CUT,1,2026,,,,,,5.0
EmissionActivityRatio,NDCINC,ECU,SUPMED5DEFCEJ,,CO2e_CUT,1,2027,,,,,,5.0
EmissionActivityRatio,NDCINC,ECU,SUPMED5DEFCEJ,,CO2e_CUT,1,2028,,,,,,5.0
EmissionActivityRatio,NDCINC,ECU,SUPMED5DEFCEJ,,CO2e_CUT,1,2029,,,,,,5.0
EmissionActivityRatio,NDCINC,ECU,SUPMED5DEFCEJ,,CO2e_CUT,1,2030,,,,,,5.0
EmissionActivityRatio,NDCINC,ECU,SUPMED5DEFCEJ,,CO2e_CUT,1,2031,,,,,,5.0
EmissionActivityRatio,NDCINC,ECU,SUPMED5DEFCEJ,,CO2e_CUT,1,2032,,,,,,5.0
EmissionActivityRatio,NDCINC,ECU,SUPMED5DEFCEJ,,CO2e_CUT,1,2033,,,,,,5.0
EmissionActivityRatio,NDCINC,ECU,SUPMED5DEFCEJ,,CO2e_CUT,1,2034,,,,,,5.0
EmissionActivityRatio,NDCINC,ECU,SUPMED5DEFCEJ,,CO2e_CUT,1,2035,,,,,,5.0
EmissionActivityRatio,NDCINC,ECU,SUPMED5DEFAMA,,CO2e_CUT,1,2010,,,,,,5.0
EmissionActivityRatio,NDCINC,ECU,SUPMED5DEFAMA,,CO2e_CUT,1,2011,,,,,,5.0
EmissionActivityRatio,NDCINC,ECU,SUPMED5DEFAMA,,CO2e_CUT,1,2012,,,,,,5.0
EmissionActivityRatio,NDCINC,ECU,SUPMED5DEFAMA,,CO2e_CUT,1,2013,,,,,,5.0
EmissionActivityRatio,NDCINC,ECU,SUPMED5DEFAMA,,CO2e_CUT,1,2014,,,,,,5.0
EmissionActivityRatio,NDCINC,ECU,SUPMED5DEFAMA,,CO2e_CUT,1,2015,,,,,,5.0
EmissionActivityRatio,NDCINC,ECU,SUPMED5DEFAMA,,CO2e_CUT,1,2016,,,,,,5.0
EmissionActivityRatio,NDCINC,ECU,SUPMED5DEFAMA,,CO2e_CUT,1,2017,,,,,,5.0
EmissionActivityRatio,NDCINC,ECU,SUPMED5DEFAMA,,CO2e_CUT,1,2018,,,,,,5.0
EmissionActivityRatio,NDCINC,ECU,SUPMED5DEFAMA,,CO2e_CUT,1,2019,,,,,,5.0
EmissionActivityRatio,NDCINC,ECU,SUPMED5DEFAMA,,CO2e_CUT,1,2020,,,,,,5.0
EmissionActivityRatio,NDCINC,ECU,SUPMED5DEFAMA,,CO2e_CUT,1,2021,,,,,,5.0
EmissionActivityRatio,NDCINC,ECU,SUPMED5DEFAMA,,CO2e_CUT,1,2022,,,,,,5.0
EmissionActivityRatio,NDCINC,ECU,SUPMED5DEFAMA,,CO2e_CUT,1,2023,,,,,,5.0
EmissionActivityRatio,NDCINC,ECU,SUPMED5DEFAMA,,CO2e_CUT,1,2024,,,,,,5.0
EmissionActivityRatio,NDCINC,ECU,SUPMED5DEFAMA,,CO2e_CUT,1,2025,,,,,,5.0
EmissionActivityRatio,NDCINC,ECU,SUPMED5DEFAMA,,CO2e_CUT,1,2026,,,,,,5.0
EmissionActivityRatio,NDCINC,ECU,SUPMED5DEFAMA,,CO2e_CUT,1,2027,,,,,,5.0
EmissionActivityRatio,NDCINC,ECU,SUPMED5DEFAMA,,CO2e_CUT,1,2028,,,,,,5.0
EmissionActivityRatio,NDCINC,ECU,SUPMED5DEFAMA,,CO2e_CUT,1,2029,,,,,,5.0
EmissionActivityRatio,NDCINC,ECU,SUPMED5DEFAMA,,CO2e_CUT,1,2030,,,,,,5.0
EmissionActivityRatio,NDCINC,ECU,SUPMED5DEFAMA,,CO2e_CUT,1,2031,,,,,,5.0
EmissionActivityRatio,NDCINC,ECU,SUPMED5DEFAMA,,CO2e_CUT,1,2032,,,,,,5.0
EmissionActivityRatio,NDCINC,ECU,SUPMED5DEFAMA,,CO2e_CUT,1,2033,,,,,,5.0
EmissionActivityRatio,NDCINC,ECU,SUPMED5DEFAMA,,CO2e_CUT,1,2034,,,,,,5.0
EmissionActivityRatio,NDCINC,ECU,SUPMED5DEFAMA,,CO2e_CUT,1,2035,,,,,,5.0
EmissionActivityRatio,NDCINC,ECU,SUPMED5DEFCHO,,CO2e_CUT,1,2010,,,,,,5.0
EmissionActivityRatio,NDCINC,ECU,SUPMED5DEFCHO,,CO2e_CUT,1,2011,,,,,,5.0
EmissionActivityRatio,NDCINC,ECU,SUPMED5DEFCHO,,CO2e_CUT,1,2012,,,,,,5.0
EmissionActivityRatio,NDCINC,ECU,SUPMED5DEFCHO,,CO2e_CUT,1,2013,,,,,,5.0
EmissionActivityRatio,NDCINC,ECU,SUPMED5DEFCHO,,CO2e_CUT,1,2014,,,,,,5.0
EmissionActivityRatio,NDCINC,ECU,SUPMED5DEFCHO,,CO2e_CUT,1,2015,,,,,,5.0
EmissionActivityRatio,NDCINC,ECU,SUPMED5DEFCHO,,CO2e_CUT,1,2016,,,,,,5.0
EmissionActivityRatio,NDCINC,ECU,SUPMED5DEFCHO,,CO2e_CUT,1,2017,,,,,,5.0
EmissionActivityRatio,NDCINC,ECU,SUPMED5DEFCHO,,CO2e_CUT,1,2018,,,,,,5.0
EmissionActivityRatio,NDCINC,ECU,SUPMED5DEFCHO,,CO2e_CUT,1,2019,,,,,,5.0
EmissionActivityRatio,NDCINC,ECU,SUPMED5DEFCHO,,CO2e_CUT,1,2020,,,,,,5.0
EmissionActivityRatio,NDCINC,ECU,SUPMED5DEFCHO,,CO2e_CUT,1,2021,,,,,,5.0
EmissionActivityRatio,NDCINC,ECU,SUPMED5DEFCHO,,CO2e_CUT,1,2022,,,,,,5.0
EmissionActivityRatio,NDCINC,ECU,SUPMED5DEFCHO,,CO2e_CUT,1,2023,,,,,,5.0
EmissionActivityRatio,NDCINC,ECU,SUPMED5DEFCHO,,CO2e_CUT,1,2024,,,,,,5.0
EmissionActivityRatio,NDCINC,ECU,SUPMED5DEFCHO,,CO2e_CUT,1,2025,,,,,,5.0
EmissionActivityRatio,NDCINC,ECU,SUPMED5DEFCHO,,CO2e_CUT,1,2026,,,,,,5.0
EmissionActivityRatio,NDCINC,ECU,SUPMED5DEFCHO,,CO2e_CUT,1,2027,,,,,,5.0
EmissionActivityRatio,NDCINC,ECU,SUPMED5DEFCHO,,CO2e_CUT,1,2028,,,,,,5.0
EmissionActivityRatio,NDCINC,ECU,SUPMED5DEFCHO,,CO2e_CUT,1,2029,,,,,,5.0
EmissionActivityRatio,NDCINC,ECU,SUPMED5DEFCHO,,CO2e_CUT,1,2030,,,,,,5.0
EmissionActivityRatio,NDCINC,ECU,SUPMED5DEFCHO,,CO2e_CUT,1,2031,,,,,,5.0
EmissionActivityRatio,NDCINC,ECU,SUPMED5DEFCHO,,CO2e_CUT,1,2032,,,,,,5.0
EmissionActivityRatio,NDCINC,ECU,SUPMED5DEFCHO,,CO2e_CUT,1,2033,,,,,,5.0
EmissionActivityRatio,NDCINC,ECU,SUPMED5DEFCHO,,CO2e_CUT,1,2034,,,,,,5.0
EmissionActivityRatio,NDCINC,ECU,SUPMED5DEFCHO,,CO2e_CUT,1,2035,,,,,,5.0
EmissionActivityRatio,NDCINC,ECU,SUPMED5DEFMAN,,CO2e_CUT,1,2010,,,,,,5.0
EmissionActivityRatio,NDCINC,ECU,SUPMED5DEFMAN,,CO2e_CUT,1,2011,,,,,,5.0
EmissionActivityRatio,NDCINC,ECU,SUPMED5DEFMAN,,CO2e_CUT,1,2012,,,,,,5.0
EmissionActivityRatio,NDCINC,ECU,SUPMED5DEFMAN,,CO2e_CUT,1,2013,,,,,,5.0
EmissionActivityRatio,NDCINC,ECU,SUPMED5DEFMAN,,CO2e_CUT,1,2014,,,,,,5.0
EmissionActivityRatio,NDCINC,ECU,SUPMED5DEFMAN,,CO2e_CUT,1,2015,,,,,,5.0
EmissionActivityRatio,NDCINC,ECU,SUPMED5DEFMAN,,CO2e_CUT,1,2016,,,,,,5.0
EmissionActivityRatio,NDCINC,ECU,SUPMED5DEFMAN,,CO2e_CUT,1,2017,,,,,,5.0
EmissionActivityRatio,NDCINC,ECU,SUPMED5DEFMAN,,CO2e_CUT,1,2018,,,,,,5.0
EmissionActivityRatio,NDCINC,ECU,SUPMED5DEFMAN,,CO2e_CUT,1,2019,,,,,,5.0
EmissionActivityRatio,NDCINC,ECU,SUPMED5DEFMAN,,CO2e_CUT,1,2020,,,,,,5.0
EmissionActivityRatio,NDCINC,ECU,SUPMED5DEFMAN,,CO2e_CUT,1,2021,,,,,,5.0
EmissionActivityRatio,NDCINC,ECU,SUPMED5DEFMAN,,CO2e_CUT,1,2022,,,,,,5.0
EmissionActivityRatio,NDCINC,ECU,SUPMED5DEFMAN,,CO2e_CUT,1,2023,,,,,,5.0
EmissionActivityRatio,NDCINC,ECU,SUPMED5DEFMAN,,CO2e_CUT,1,2024,,,,,,5.0
EmissionActivityRatio,NDCINC,ECU,SUPMED5DEFMAN,,CO2e_CUT,1,2025,,,,,,5.0
EmissionActivityRatio,NDCINC,ECU,SUPMED5DEFMAN,,CO2e_CUT,1,2026,,,,,,5.0
EmissionActivityRatio,NDCINC,ECU,SUPMED5DEFMAN,,CO2e_CUT,1,2027,,,,,,5.0
EmissionActivityRatio,NDCINC,ECU,SUPMED5DEFMAN,,CO2e_CUT,1,2028,,,,,,5.0
EmissionActivityRatio,NDCINC,ECU,SUPMED5DEFMAN,,CO2e_CUT,1,2029,,,,,,5.0
EmissionActivityRatio,NDCINC,ECU,SUPMED5DEFMAN,,CO2e_CUT,1,2030,,,,,,5.0
EmissionActivityRatio,NDCINC,ECU,SUPMED5DEFMAN,,CO2e_CUT,1,2031,,,,,,5.0
EmissionActivityRatio,NDCINC,ECU,SUPMED5DEFMAN,,CO2e_CUT,1,2032,,,,,,5.0
EmissionActivityRatio,NDCINC,ECU,SUPMED5DEFMAN,,CO2e_CUT,1,2033,,,,,,5.0
EmissionActivityRatio,NDCINC,ECU,SUPMED5DEFMAN,,CO2e_CUT,1,2034,,,,,,5.0
EmissionActivityRatio,NDCINC,ECU,SUPMED5DEFMAN,,CO2e_CUT,1,2035,,,,,,5.0
EmissionActivityRatio,NDCINC,ECU,SUPMED5ABAND,,CO2e_CUT,1,2010,,,,,,5.0
EmissionActivityRatio,NDCINC,ECU,SUPMED5ABAND,,CO2e_CUT,1,2011,,,,,,5.0
EmissionActivityRatio,NDCINC,ECU,SUPMED5ABAND,,CO2e_CUT,1,2012,,,,,,5.0
EmissionActivityRatio,NDCINC,ECU,SUPMED5ABAND,,CO2e_CUT,1,2013,,,,,,5.0
EmissionActivityRatio,NDCINC,ECU,SUPMED5ABAND,,CO2e_CUT,1,2014,,,,,,5.0
EmissionActivityRatio,NDCINC,ECU,SUPMED5ABAND,,CO2e_CUT,1,2015,,,,,,5.0
EmissionActivityRatio,NDCINC,ECU,SUPMED5ABAND,,CO2e_CUT,1,2016,,,,,,5.0
EmissionActivityRatio,NDCINC,ECU,SUPMED5ABAND,,CO2e_CUT,1,2017,,,,,,5.0
EmissionActivityRatio,NDCINC,ECU,SUPMED5ABAND,,CO2e_CUT,1,2018,,,,,,5.0
EmissionActivityRatio,NDCINC,ECU,SUPMED5ABAND,,CO2e_CUT,1,2019,,,,,,5.0
EmissionActivityRatio,NDCINC,ECU,SUPMED5ABAND,,CO2e_CUT,1,2020,,,,,,5.0
EmissionActivityRatio,NDCINC,ECU,SUPMED5ABAND,,CO2e_CUT,1,2021,,,,,,5.0
EmissionActivityRatio,NDCINC,ECU,SUPMED5ABAND,,CO2e_CUT,1,2022,,,,,,5.0
EmissionActivityRatio,NDCINC,ECU,SUPMED5ABAND,,CO2e_CUT,1,2023,,,,,,5.0
EmissionActivityRatio,NDCINC,ECU,SUPMED5ABAND,,CO2e_CUT,1,2024,,,,,,5.0
EmissionActivityRatio,NDCINC,ECU,SUPMED5ABAND,,CO2e_CUT,1,2025,,,,,,5.0
EmissionActivityRatio,NDCINC,ECU,SUPMED5ABAND,,CO2e_CUT,1,2026,,,,,,5.0
EmissionActivityRatio,NDCINC,ECU,SUPMED5ABAND,,CO2e_CUT,1,2027,,,,,,5.0
EmissionActivityRatio,NDCINC,ECU,SUPMED5ABAND,,CO2e_CUT,1,2028,,,,,,5.0
EmissionActivityRatio,NDCINC,ECU,SUPMED5ABAND,,CO2e_CUT,1,2029,,,,,,5.0
EmissionActivityRatio,NDCINC,ECU,SUPMED5ABAND,,CO2e_CUT,1,2030,,,,,,5.0
EmissionActivityRatio,NDCINC,ECU,SUPMED5ABAND,,CO2e_CUT,1,2031,,,,,,5.0
EmissionActivityRatio,NDCINC,ECU,SUPMED5ABAND,,CO2e_CUT,1,2032,,,,,,5.0
EmissionActivityRatio,NDCINC,ECU,SUPMED5ABAND,,CO2e_CUT,1,2033,,,,,,5.0
EmissionActivityRatio,NDCINC,ECU,SUPMED5ABAND,,CO2e_CUT,1,2034,,,,,,5.0
EmissionActivityRatio,NDCINC,ECU,SUPMED5ABAND,,CO2e_CUT,1,2035,,,,,,5.0
EmissionActivityRatio,NDCINC,ECU,SUPMED5ABPLU,,CO2e_CUT,1,2010,,,,,,5.0
EmissionActivityRatio,NDCINC,ECU,SUPMED5ABPLU,,CO2e_CUT,1,2011,,,,,,5.0
EmissionActivityRatio,NDCINC,ECU,SUPMED5ABPLU,,CO2e_CUT,1,2012,,,,,,5.0
EmissionActivityRatio,NDCINC,ECU,SUPMED5ABPLU,,CO2e_CUT,1,2013,,,,,,5.0
EmissionActivityRatio,NDCINC,ECU,SUPMED5ABPLU,,CO2e_CUT,1,2014,,,,,,5.0
EmissionActivityRatio,NDCINC,ECU,SUPMED5ABPLU,,CO2e_CUT,1,2015,,,,,,5.0
EmissionActivityRatio,NDCINC,ECU,SUPMED5ABPLU,,CO2e_CUT,1,2016,,,,,,5.0
EmissionActivityRatio,NDCINC,ECU,SUPMED5ABPLU,,CO2e_CUT,1,2017,,,,,,5.0
EmissionActivityRatio,NDCINC,ECU,SUPMED5ABPLU,,CO2e_CUT,1,2018,,,,,,5.0
EmissionActivityRatio,NDCINC,ECU,SUPMED5ABPLU,,CO2e_CUT,1,2019,,,,,,5.0
EmissionActivityRatio,NDCINC,ECU,SUPMED5ABPLU,,CO2e_CUT,1,2020,,,,,,5.0
EmissionActivityRatio,NDCINC,ECU,SUPMED5ABPLU,,CO2e_CUT,1,2021,,,,,,5.0
EmissionActivityRatio,NDCINC,ECU,SUPMED5ABPLU,,CO2e_CUT,1,2022,,,,,,5.0
EmissionActivityRatio,NDCINC,ECU,SUPMED5ABPLU,,CO2e_CUT,1,2023,,,,,,5.0
EmissionActivityRatio,NDCINC,ECU,SUPMED5ABPLU,,CO2e_CUT,1,2024,,,,,,5.0
EmissionActivityRatio,NDCINC,ECU,SUPMED5ABPLU,,CO2e_CUT,1,2025,,,,,,5.0
EmissionActivityRatio,NDCINC,ECU,SUPMED5ABPLU,,CO2e_CUT,1,2026,,,,,,5.0
EmissionActivityRatio,NDCINC,ECU,SUPMED5ABPLU,,CO2e_CUT,1,2027,,,,,,5.0
EmissionActivityRatio,NDCINC,ECU,SUPMED5ABPLU,,CO2e_CUT,1,2028,,,,,,5.0
EmissionActivityRatio,NDCINC,ECU,SUPMED5ABPLU,,CO2e_CUT,1,2029,,,,,,5.0
EmissionActivityRatio,NDCINC,ECU,SUPMED5ABPLU,,CO2e_CUT,1,2030,,,,,,5.0
EmissionActivityRatio,NDCINC,ECU,SUPMED5ABPLU,,CO2e_CUT,1,2031,,,,,,5.0
EmissionActivityRatio,NDCINC,ECU,SUPMED5ABPLU,,CO2e_CUT,1,2032,,,,,,5.0
EmissionActivityRatio,NDCINC,ECU,SUPMED5ABPLU,,CO2e_CUT,1,2033,,,,,,5.0
EmissionActivityRatio,NDCINC,ECU,SUPMED5ABPLU,,CO2e_CUT,1,2034,,,,,,5.0
EmissionActivityRatio,NDCINC,ECU,SUPMED5ABPLU,,CO2e_CUT,1,2035,,,,,,5.0
EmissionActivityRatio,NDCINC,ECU,SUPMED5ABMON,,CO2e_CUT,1,2010,,,,,,5.0
EmissionActivityRatio,NDCINC,ECU,SUPMED5ABMON,,CO2e_CUT,1,2011,,,,,,5.0
EmissionActivityRatio,NDCINC,ECU,SUPMED5ABMON,,CO2e_CUT,1,2012,,,,,,5.0
EmissionActivityRatio,NDCINC,ECU,SUPMED5ABMON,,CO2e_CUT,1,2013,,,,,,5.0
EmissionActivityRatio,NDCINC,ECU,SUPMED5ABMON,,CO2e_CUT,1,2014,,,,,,5.0
EmissionActivityRatio,NDCINC,ECU,SUPMED5ABMON,,CO2e_CUT,1,2015,,,,,,5.0
EmissionActivityRatio,NDCINC,ECU,SUPMED5ABMON,,CO2e_CUT,1,2016,,,,,,5.0
EmissionActivityRatio,NDCINC,ECU,SUPMED5ABMON,,CO2e_CUT,1,2017,,,,,,5.0
EmissionActivityRatio,NDCINC,ECU,SUPMED5ABMON,,CO2e_CUT,1,2018,,,,,,5.0
EmissionActivityRatio,NDCINC,ECU,SUPMED5ABMON,,CO2e_CUT,1,2019,,,,,,5.0
EmissionActivityRatio,NDCINC,ECU,SUPMED5ABMON,,CO2e_CUT,1,2020,,,,,,5.0
EmissionActivityRatio,NDCINC,ECU,SUPMED5ABMON,,CO2e_CUT,1,2021,,,,,,5.0
EmissionActivityRatio,NDCINC,ECU,SUPMED5ABMON,,CO2e_CUT,1,2022,,,,,,5.0
EmissionActivityRatio,NDCINC,ECU,SUPMED5ABMON,,CO2e_CUT,1,2023,,,,,,5.0
EmissionActivityRatio,NDCINC,ECU,SUPMED5ABMON,,CO2e_CUT,1,2024,,,,,,5.0
EmissionActivityRatio,NDCINC,ECU,SUPMED5ABMON,,CO2e_CUT,1,2025,,,,,,5.0
EmissionActivityRatio,NDCINC,ECU,SUPMED5ABMON,,CO2e_CUT,1,2026,,,,,,5.0
EmissionActivityRatio,NDCINC,ECU,SUPMED5ABMON,,CO2e_CUT,1,2027,,,,,,5.0
EmissionActivityRatio,NDCINC,ECU,SUPMED5ABMON,,CO2e_CUT,1,2028,,,,,,5.0
EmissionActivityRatio,NDCINC,ECU,SUPMED5ABMON,,CO2e_CUT,1,2029,,,,,,5.0
EmissionActivityRatio,NDCINC,ECU,SUPMED5ABMON,,CO2e_CUT,1,2030,,,,,,5.0
EmissionActivityRatio,NDCINC,ECU,SUPMED5ABMON,,CO2e_CUT,1,2031,,,,,,5.0
EmissionActivityRatio,NDCINC,ECU,SUPMED5ABMON,,CO2e_CUT,1,2032,,,,,,5.0
EmissionActivityRatio,NDCINC,ECU,SUPMED5ABMON,,CO2e_CUT,1,2033,,,,,,5.0
EmissionActivityRatio,NDCINC,ECU,SUPMED5ABMON,,CO2e_CUT,1,2034,,,,,,5.0
EmissionActivityRatio,NDCINC,ECU,SUPMED5ABMON,,CO2e_CUT,1,2035,,,,,,5.0
EmissionActivityRatio,NDCINC,ECU,SUPMED5ABPIE,,CO2e_CUT,1,2010,,,,,,5.0
EmissionActivityRatio,NDCINC,ECU,SUPMED5ABPIE,,CO2e_CUT,1,2011,,,,,,5.0
EmissionActivityRatio,NDCINC,ECU,SUPMED5ABPIE,,CO2e_CUT,1,2012,,,,,,5.0
EmissionActivityRatio,NDCINC,ECU,SUPMED5ABPIE,,CO2e_CUT,1,2013,,,,,,5.0
EmissionActivityRatio,NDCINC,ECU,SUPMED5ABPIE,,CO2e_CUT,1,2014,,,,,,5.0
EmissionActivityRatio,NDCINC,ECU,SUPMED5ABPIE,,CO2e_CUT,1,2015,,,,,,5.0
EmissionActivityRatio,NDCINC,ECU,SUPMED5ABPIE,,CO2e_CUT,1,2016,,,,,,5.0
EmissionActivityRatio,NDCINC,ECU,SUPMED5ABPIE,,CO2e_CUT,1,2017,,,,,,5.0
EmissionActivityRatio,NDCINC,ECU,SUPMED5ABPIE,,CO2e_CUT,1,2018,,,,,,5.0
EmissionActivityRatio,NDCINC,ECU,SUPMED5ABPIE,,CO2e_CUT,1,2019,,,,,,5.0
EmissionActivityRatio,NDCINC,ECU,SUPMED5ABPIE,,CO2e_CUT,1,2020,,,,,,5.0
EmissionActivityRatio,NDCINC,ECU,SUPMED5ABPIE,,CO2e_CUT,1,2021,,,,,,5.0
EmissionActivityRatio,NDCINC,ECU,SUPMED5ABPIE,,CO2e_CUT,1,2022,,,,,,5.0
EmissionActivityRatio,NDCINC,ECU,SUPMED5ABPIE,,CO2e_CUT,1,2023,,,,,,5.0
EmissionActivityRatio,NDCINC,ECU,SUPMED5ABPIE,,CO2e_CUT,1,2024,,,,,,5.0
EmissionActivityRatio,NDCINC,ECU,SUPMED5ABPIE,,CO2e_CUT,1,2025,,,,,,5.0
EmissionActivityRatio,NDCINC,ECU,SUPMED5ABPIE,,CO2e_CUT,1,2026,,,,,,5.0
EmissionActivityRatio,NDCINC,ECU,SUPMED5ABPIE,,CO2e_CUT,1,2027,,,,,,5.0
EmissionActivityRatio,NDCINC,ECU,SUPMED5ABPIE,,CO2e_CUT,1,2028,,,,,,5.0
EmissionActivityRatio,NDCINC,ECU,SUPMED5ABPIE,,CO2e_CUT,1,2029,,,,,,5.0
EmissionActivityRatio,NDCINC,ECU,SUPMED5ABPIE,,CO2e_CUT,1,2030,,,,,,5.0
EmissionActivityRatio,NDCINC,ECU,SUPMED5ABPIE,,CO2e_CUT,1,2031,,,,,,5.0
EmissionActivityRatio,NDCINC,ECU,SUPMED5ABPIE,,CO2e_CUT,1,2032,,,,,,5.0
EmissionActivityRatio,NDCINC,ECU,SUPMED5ABPIE,,CO2e_CUT,1,2033,,,,,,5.0
EmissionActivityRatio,NDCINC,ECU,SUPMED5ABPIE,,CO2e_CUT,1,2034,,,,,,5.0
EmissionActivityRatio,NDCINC,ECU,SUPMED5ABPIE,,CO2e_CUT,1,2035,,,,,,5.0
EmissionActivityRatio,NDCINC,ECU,SUPMED5ABCEJ,,CO2e_CUT,1,2010,,,,,,5.0
EmissionActivityRatio,NDCINC,ECU,SUPMED5ABCEJ,,CO2e_CUT,1,2011,,,,,,5.0
EmissionActivityRatio,NDCINC,ECU,SUPMED5ABCEJ,,CO2e_CUT,1,2012,,,,,,5.0
EmissionActivityRatio,NDCINC,ECU,SUPMED5ABCEJ,,CO2e_CUT,1,2013,,,,,,5.0
EmissionActivityRatio,NDCINC,ECU,SUPMED5ABCEJ,,CO2e_CUT,1,2014,,,,,,5.0
EmissionActivityRatio,NDCINC,ECU,SUPMED5ABCEJ,,CO2e_CUT,1,2015,,,,,,5.0
EmissionActivityRatio,NDCINC,ECU,SUPMED5ABCEJ,,CO2e_CUT,1,2016,,,,,,5.0
EmissionActivityRatio,NDCINC,ECU,SUPMED5ABCEJ,,CO2e_CUT,1,2017,,,,,,5.0
EmissionActivityRatio,NDCINC,ECU,SUPMED5ABCEJ,,CO2e_CUT,1,2018,,,,,,5.0
EmissionActivityRatio,NDCINC,ECU,SUPMED5ABCEJ,,CO2e_CUT,1,2019,,,,,,5.0
EmissionActivityRatio,NDCINC,ECU,SUPMED5ABCEJ,,CO2e_CUT,1,2020,,,,,,5.0
EmissionActivityRatio,NDCINC,ECU,SUPMED5ABCEJ,,CO2e_CUT,1,2021,,,,,,5.0
EmissionActivityRatio,NDCINC,ECU,SUPMED5ABCEJ,,CO2e_CUT,1,2022,,,,,,5.0
EmissionActivityRatio,NDCINC,ECU,SUPMED5ABCEJ,,CO2e_CUT,1,2023,,,,,,5.0
EmissionActivityRatio,NDCINC,ECU,SUPMED5ABCEJ,,CO2e_CUT,1,2024,,,,,,5.0
EmissionActivityRatio,NDCINC,ECU,SUPMED5ABCEJ,,CO2e_CUT,1,2025,,,,,,5.0
EmissionActivityRatio,NDCINC,ECU,SUPMED5ABCEJ,,CO2e_CUT,1,2026,,,,,,5.0
EmissionActivityRatio,NDCINC,ECU,SUPMED5ABCEJ,,CO2e_CUT,1,2027,,,,,,5.0
EmissionActivityRatio,NDCINC,ECU,SUPMED5ABCEJ,,CO2e_CUT,1,2028,,,,,,5.0
EmissionActivityRatio,NDCINC,ECU,SUPMED5ABCEJ,,CO2e_CUT,1,2029,,,,,,5.0
EmissionActivityRatio,NDCINC,ECU,SUPMED5ABCEJ,,CO2e_CUT,1,2030,,,,,,5.0
EmissionActivityRatio,NDCINC,ECU,SUPMED5ABCEJ,,CO2e_CUT,1,2031,,,,,,5.0
EmissionActivityRatio,NDCINC,ECU,SUPMED5ABCEJ,,CO2e_CUT,1,2032,,,,,,5.0
EmissionActivityRatio,NDCINC,ECU,SUPMED5ABCEJ,,CO2e_CUT,1,2033,,,,,,5.0
EmissionActivityRatio,NDCINC,ECU,SUPMED5ABCEJ,,CO2e_CUT,1,2034,,,,,,5.0
EmissionActivityRatio,NDCINC,ECU,SUPMED5ABCEJ,,CO2e_CUT,1,2035,,,,,,5.0
EmissionActivityRatio,NDCINC,ECU,SUPMED5ABAMA,,CO2e_CUT,1,2010,,,,,,5.0
EmissionActivityRatio,NDCINC,ECU,SUPMED5ABAMA,,CO2e_CUT,1,2011,,,,,,5.0
EmissionActivityRatio,NDCINC,ECU,SUPMED5ABAMA,,CO2e_CUT,1,2012,,,,,,5.0
EmissionActivityRatio,NDCINC,ECU,SUPMED5ABAMA,,CO2e_CUT,1,2013,,,,,,5.0
EmissionActivityRatio,NDCINC,ECU,SUPMED5ABAMA,,CO2e_CUT,1,2014,,,,,,5.0
EmissionActivityRatio,NDCINC,ECU,SUPMED5ABAMA,,CO2e_CUT,1,2015,,,,,,5.0
EmissionActivityRatio,NDCINC,ECU,SUPMED5ABAMA,,CO2e_CUT,1,2016,,,,,,5.0
EmissionActivityRatio,NDCINC,ECU,SUPMED5ABAMA,,CO2e_CUT,1,2017,,,,,,5.0
EmissionActivityRatio,NDCINC,ECU,SUPMED5ABAMA,,CO2e_CUT,1,2018,,,,,,5.0
EmissionActivityRatio,NDCINC,ECU,SUPMED5ABAMA,,CO2e_CUT,1,2019,,,,,,5.0
EmissionActivityRatio,NDCINC,ECU,SUPMED5ABAMA,,CO2e_CUT,1,2020,,,,,,5.0
EmissionActivityRatio,NDCINC,ECU,SUPMED5ABAMA,,CO2e_CUT,1,2021,,,,,,5.0
EmissionActivityRatio,NDCINC,ECU,SUPMED5ABAMA,,CO2e_CUT,1,2022,,,,,,5.0
EmissionActivityRatio,NDCINC,ECU,SUPMED5ABAMA,,CO2e_CUT,1,2023,,,,,,5.0
EmissionActivityRatio,NDCINC,ECU,SUPMED5ABAMA,,CO2e_CUT,1,2024,,,,,,5.0
EmissionActivityRatio,NDCINC,ECU,SUPMED5ABAMA,,CO2e_CUT,1,2025,,,,,,5.0
EmissionActivityRatio,NDCINC,ECU,SUPMED5ABAMA,,CO2e_CUT,1,2026,,,,,,5.0
EmissionActivityRatio,NDCINC,ECU,SUPMED5ABAMA,,CO2e_CUT,1,2027,,,,,,5.0
EmissionActivityRatio,NDCINC,ECU,SUPMED5ABAMA,,CO2e_CUT,1,2028,,,,,,5.0
EmissionActivityRatio,NDCINC,ECU,SUPMED5ABAMA,,CO2e_CUT,1,2029,,,,,,5.0
EmissionActivityRatio,NDCINC,ECU,SUPMED5ABAMA,,CO2e_CUT,1,2030,,,,,,5.0
EmissionActivityRatio,NDCINC,ECU,SUPMED5ABAMA,,CO2e_CUT,1,2031,,,,,,5.0
EmissionActivityRatio,NDCINC,ECU,SUPMED5ABAMA,,CO2e_CUT,1,2032,,,,,,5.0
EmissionActivityRatio,NDCINC,ECU,SUPMED5ABAMA,,CO2e_CUT,1,2033,,,,,,5.0
EmissionActivityRatio,NDCINC,ECU,SUPMED5ABAMA,,CO2e_CUT,1,2034,,,,,,5.0
EmissionActivityRatio,NDCINC,ECU,SUPMED5ABAMA,,CO2e_CUT,1,2035,,,,,,5.0
EmissionActivityRatio,NDCINC,ECU,SUPMED5ABCHO,,CO2e_CUT,1,2010,,,,,,5.0
EmissionActivityRatio,NDCINC,ECU,SUPMED5ABCHO,,CO2e_CUT,1,2011,,,,,,5.0
EmissionActivityRatio,NDCINC,ECU,SUPMED5ABCHO,,CO2e_CUT,1,2012,,,,,,5.0
EmissionActivityRatio,NDCINC,ECU,SUPMED5ABCHO,,CO2e_CUT,1,2013,,,,,,5.0
EmissionActivityRatio,NDCINC,ECU,SUPMED5ABCHO,,CO2e_CUT,1,2014,,,,,,5.0
EmissionActivityRatio,NDCINC,ECU,SUPMED5ABCHO,,CO2e_CUT,1,2015,,,,,,5.0
EmissionActivityRatio,NDCINC,ECU,SUPMED5ABCHO,,CO2e_CUT,1,2016,,,,,,5.0
EmissionActivityRatio,NDCINC,ECU,SUPMED5ABCHO,,CO2e_CUT,1,2017,,,,,,5.0
EmissionActivityRatio,NDCINC,ECU,SUPMED5ABCHO,,CO2e_CUT,1,2018,,,,,,5.0
EmissionActivityRatio,NDCINC,ECU,SUPMED5ABCHO,,CO2e_CUT,1,2019,,,,,,5.0
EmissionActivityRatio,NDCINC,ECU,SUPMED5ABCHO,,CO2e_CUT,1,2020,,,,,,5.0
EmissionActivityRatio,NDCINC,ECU,SUPMED5ABCHO,,CO2e_CUT,1,2021,,,,,,5.0
EmissionActivityRatio,NDCINC,ECU,SUPMED5ABCHO,,CO2e_CUT,1,2022,,,,,,5.0
EmissionActivityRatio,NDCINC,ECU,SUPMED5ABCHO,,CO2e_CUT,1,2023,,,,,,5.0
EmissionActivityRatio,NDCINC,ECU,SUPMED5ABCHO,,CO2e_CUT,1,2024,,,,,,5.0
EmissionActivityRatio,NDCINC,ECU,SUPMED5ABCHO,,CO2e_CUT,1,2025,,,,,,5.0
EmissionActivityRatio,NDCINC,ECU,SUPMED5ABCHO,,CO2e_CUT,1,2026,,,,,,5.0
EmissionActivityRatio,NDCINC,ECU,SUPMED5ABCHO,,CO2e_CUT,1,2027,,,,,,5.0
EmissionActivityRatio,NDCINC,ECU,SUPMED5ABCHO,,CO2e_CUT,1,2028,,,,,,5.0
EmissionActivityRatio,NDCINC,ECU,SUPMED5ABCHO,,CO2e_CUT,1,2029,,,,,,5.0
EmissionActivityRatio,NDCINC,ECU,SUPMED5ABCHO,,CO2e_CUT,1,2030,,,,,,5.0
EmissionActivityRatio,NDCINC,ECU,SUPMED5ABCHO,,CO2e_CUT,1,2031,,,,,,5.0
EmissionActivityRatio,NDCINC,ECU,SUPMED5ABCHO,,CO2e_CUT,1,2032,,,,,,5.0
EmissionActivityRatio,NDCINC,ECU,SUPMED5ABCHO,,CO2e_CUT,1,2033,,,,,,5.0
EmissionActivityRatio,NDCINC,ECU,SUPMED5ABCHO,,CO2e_CUT,1,2034,,,,,,5.0
EmissionActivityRatio,NDCINC,ECU,SUPMED5ABCHO,,CO2e_CUT,1,2035,,,,,,5.0
EmissionActivityRatio,NDCINC,ECU,SUPMED5ABMAN,,CO2e_CUT,1,2010,,,,,,5.0
EmissionActivityRatio,NDCINC,ECU,SUPMED5ABMAN,,CO2e_CUT,1,2011,,,,,,5.0
EmissionActivityRatio,NDCINC,ECU,SUPMED5ABMAN,,CO2e_CUT,1,2012,,,,,,5.0
EmissionActivityRatio,NDCINC,ECU,SUPMED5ABMAN,,CO2e_CUT,1,2013,,,,,,5.0
EmissionActivityRatio,NDCINC,ECU,SUPMED5ABMAN,,CO2e_CUT,1,2014,,,,,,5.0
EmissionActivityRatio,NDCINC,ECU,SUPMED5ABMAN,,CO2e_CUT,1,2015,,,,,,5.0
EmissionActivityRatio,NDCINC,ECU,SUPMED5ABMAN,,CO2e_CUT,1,2016,,,,,,5.0
EmissionActivityRatio,NDCINC,ECU,SUPMED5ABMAN,,CO2e_CUT,1,2017,,,,,,5.0
EmissionActivityRatio,NDCINC,ECU,SUPMED5ABMAN,,CO2e_CUT,1,2018,,,,,,5.0
EmissionActivityRatio,NDCINC,ECU,SUPMED5ABMAN,,CO2e_CUT,1,2019,,,,,,5.0
EmissionActivityRatio,NDCINC,ECU,SUPMED5ABMAN,,CO2e_CUT,1,2020,,,,,,5.0
EmissionActivityRatio,NDCINC,ECU,SUPMED5ABMAN,,CO2e_CUT,1,2021,,,,,,5.0
EmissionActivityRatio,NDCINC,ECU,SUPMED5ABMAN,,CO2e_CUT,1,2022,,,,,,5.0
EmissionActivityRatio,NDCINC,ECU,SUPMED5ABMAN,,CO2e_CUT,1,2023,,,,,,5.0
EmissionActivityRatio,NDCINC,ECU,SUPMED5ABMAN,,CO2e_CUT,1,2024,,,,,,5.0
EmissionActivityRatio,NDCINC,ECU,SUPMED5ABMAN,,CO2e_CUT,1,2025,,,,,,5.0
EmissionActivityRatio,NDCINC,ECU,SUPMED5ABMAN,,CO2e_CUT,1,2026,,,,,,5.0
EmissionActivityRatio,NDCINC,ECU,SUPMED5ABMAN,,CO2e_CUT,1,2027,,,,,,5.0
EmissionActivityRatio,NDCINC,ECU,SUPMED5ABMAN,,CO2e_CUT,1,2028,,,,,,5.0
EmissionActivityRatio,NDCINC,ECU,SUPMED5ABMAN,,CO2e_CUT,1,2029,,,,,,5.0
EmissionActivityRatio,NDCINC,ECU,SUPMED5ABMAN,,CO2e_CUT,1,2030,,,,,,5.0
EmissionActivityRatio,NDCINC,ECU,SUPMED5ABMAN,,CO2e_CUT,1,2031,,,,,,5.0
EmissionActivityRatio,NDCINC,ECU,SUPMED5ABMAN,,CO2e_CUT,1,2032,,,,,,5.0
EmissionActivityRatio,NDCINC,ECU,SUPMED5ABMAN,,CO2e_CUT,1,2033,,,,,,5.0
EmissionActivityRatio,NDCINC,ECU,SUPMED5ABMAN,,CO2e_CUT,1,2034,,,,,,5.0
EmissionActivityRatio,NDCINC,ECU,SUPMED5ABMAN,,CO2e_CUT,1,2035,,,,,,5.0
EmissionActivityRatio,NDCINC,ECU,SUPMED3ABCEJ,,CO2e_CUT,1,2010,,,,,,0.0
EmissionActivityRatio,NDCINC,ECU,SUPMED3ABCEJ,,CO2e_CUT,1,2011,,,,,,0.0
EmissionActivityRatio,NDCINC,ECU,SUPMED3ABCEJ,,CO2e_CUT,1,2012,,,,,,0.0
EmissionActivityRatio,NDCINC,ECU,SUPMED3ABCEJ,,CO2e_CUT,1,2013,,,,,,0.0
EmissionActivityRatio,NDCINC,ECU,SUPMED3ABCEJ,,CO2e_CUT,1,2014,,,,,,0.0
EmissionActivityRatio,NDCINC,ECU,SUPMED3ABCEJ,,CO2e_CUT,1,2015,,,,,,0.0
EmissionActivityRatio,NDCINC,ECU,SUPMED3ABCEJ,,CO2e_CUT,1,2016,,,,,,0.0
EmissionActivityRatio,NDCINC,ECU,SUPMED3ABCEJ,,CO2e_CUT,1,2017,,,,,,0.0
EmissionActivityRatio,NDCINC,ECU,SUPMED3ABCEJ,,CO2e_CUT,1,2018,,,,,,0.0
EmissionActivityRatio,NDCINC,ECU,SUPMED3ABCEJ,,CO2e_CUT,1,2019,,,,,,0.0
EmissionActivityRatio,NDCINC,ECU,SUPMED3ABCEJ,,CO2e_CUT,1,2020,,,,,,0.0
EmissionActivityRatio,NDCINC,ECU,SUPMED3ABCEJ,,CO2e_CUT,1,2021,,,,,,0.0
EmissionActivityRatio,NDCINC,ECU,SUPMED3ABCEJ,,CO2e_CUT,1,2022,,,,,,0.0
EmissionActivityRatio,NDCINC,ECU,SUPMED3ABCEJ,,CO2e_CUT,1,2023,,,,,,0.0
EmissionActivityRatio,NDCINC,ECU,SUPMED3ABCEJ,,CO2e_CUT,1,2024,,,,,,0.0
EmissionActivityRatio,NDCINC,ECU,SUPMED3ABCEJ,,CO2e_CUT,1,2025,,,,,,0.0
EmissionActivityRatio,NDCINC,ECU,SUPMED3ABCEJ,,CO2e_CUT,1,2026,,,,,,-13.8327257034
EmissionActivityRatio,NDCINC,ECU,SUPMED3ABCEJ,,CO2e_CUT,1,2027,,,,,,-13.8327257034
EmissionActivityRatio,NDCINC,ECU,SUPMED3ABCEJ,,CO2e_CUT,1,2028,,,,,,-13.8327257034
EmissionActivityRatio,NDCINC,ECU,SUPMED3ABCEJ,,CO2e_CUT,1,2029,,,,,,-13.8327257034
EmissionActivityRatio,NDCINC,ECU,SUPMED3ABCEJ,,CO2e_CUT,1,2030,,,,,,-13.8327257034
EmissionActivityRatio,NDCINC,ECU,SUPMED3ABCEJ,,CO2e_CUT,1,2031,,,,,,-13.8327257034
EmissionActivityRatio,NDCINC,ECU,SUPMED3ABCEJ,,CO2e_CUT,1,2032,,,,,,-13.8327257034
EmissionActivityRatio,NDCINC,ECU,SUPMED3ABCEJ,,CO2e_CUT,1,2033,,,,,,-13.8327257034
EmissionActivityRatio,NDCINC,ECU,SUPMED3ABCEJ,,CO2e_CUT,1,2034,,,,,,-13.8327257034
EmissionActivityRatio,NDCINC,ECU,SUPMED3ABCEJ,,CO2e_CUT,1,2035,,,,,,-13.8327257034
EmissionActivityRatio,NDCINC,ECU,SUPMED3ABMON,,CO2e_CUT,1,2010,,,,,,0.0
EmissionActivityRatio,NDCINC,ECU,SUPMED3ABMON,,CO2e_CUT,1,2011,,,,,,0.0
EmissionActivityRatio,NDCINC,ECU,SUPMED3ABMON,,CO2e_CUT,1,2012,,,,,,0.0
EmissionActivityRatio,NDCINC,ECU,SUPMED3ABMON,,CO2e_CUT,1,2013,,,,,,0.0
EmissionActivityRatio,NDCINC,ECU,SUPMED3ABMON,,CO2e_CUT,1,2014,,,,,,0.0
EmissionActivityRatio,NDCINC,ECU,SUPMED3ABMON,,CO2e_CUT,1,2015,,,,,,0.0
EmissionActivityRatio,NDCINC,ECU,SUPMED3ABMON,,CO2e_CUT,1,2016,,,,,,0.0
EmissionActivityRatio,NDCINC,ECU,SUPMED3ABMON,,CO2e_CUT,1,2017,,,,,,0.0
EmissionActivityRatio,NDCINC,ECU,SUPMED3ABMON,,CO2e_CUT,1,2018,,,,,,0.0
EmissionActivityRatio,NDCINC,ECU,SUPMED3ABMON,,CO2e_CUT,1,2019,,,,,,0.0
EmissionActivityRatio,NDCINC,ECU,SUPMED3ABMON,,CO2e_CUT,1,2020,,,,,,0.0
EmissionActivityRatio,NDCINC,ECU,SUPMED3ABMON,,CO2e_CUT,1,2021,,,,,,0.0
EmissionActivityRatio,NDCINC,ECU,SUPMED3ABMON,,CO2e_CUT,1,2022,,,,,,0.0
EmissionActivityRatio,NDCINC,ECU,SUPMED3ABMON,,CO2e_CUT,1,2023,,,,,,0.0
EmissionActivityRatio,NDCINC,ECU,SUPMED3ABMON,,CO2e_CUT,1,2024,,,,,,0.0
EmissionActivityRatio,NDCINC,ECU,SUPMED3ABMON,,CO2e_CUT,1,2025,,,,,,0.0
EmissionActivityRatio,NDCINC,ECU,SUPMED3ABMON,,CO2e_CUT,1,2026,,,,,,-64.5976852246
EmissionActivityRatio,NDCINC,ECU,SUPMED3ABMON,,CO2e_CUT,1,2027,,,,,,-64.5976852246
EmissionActivityRatio,NDCINC,ECU,SUPMED3ABMON,,CO2e_CUT,1,2028,,,,,,-64.5976852246
EmissionActivityRatio,NDCINC,ECU,SUPMED3ABMON,,CO2e_CUT,1,2029,,,,,,-64.5976852246
EmissionActivityRatio,NDCINC,ECU,SUPMED3ABMON,,CO2e_CUT,1,2030,,,,,,-64.5976852246
EmissionActivityRatio,NDCINC,ECU,SUPMED3ABMON,,CO2e_CUT,1,2031,,,,,,-64.5976852246
EmissionActivityRatio,NDCINC,ECU,SUPMED3ABMON,,CO2e_CUT,1,2032,,,,,,-64.5976852246
EmissionActivityRatio,NDCINC,ECU,SUPMED3ABMON,,CO2e_CUT,1,2033,,,,,,-64.5976852246
EmissionActivityRatio,NDCINC,ECU,SUPMED3ABMON,,CO2e_CUT,1,2034,,,,,,-64.5976852246
EmissionActivityRatio,NDCINC,ECU,SUPMED3ABMON,,CO2e_CUT,1,2035,,,,,,-64.5976852246
EmissionActivityRatio,NDCINC,ECU,SUPMED3ABCEJA,,CO2e_CUT,1,2010,,,,,,0.0
EmissionActivityRatio,NDCINC,ECU,SUPMED3ABCEJA,,CO2e_CUT,1,2011,,,,,,0.0
EmissionActivityRatio,NDCINC,ECU,SUPMED3ABCEJA,,CO2e_CUT,1,2012,,,,,,0.0
EmissionActivityRatio,NDCINC,ECU,SUPMED3ABCEJA,,CO2e_CUT,1,2013,,,,,,0.0
EmissionActivityRatio,NDCINC,ECU,SUPMED3ABCEJA,,CO2e_CUT,1,2014,,,,,,0.0
EmissionActivityRatio,NDCINC,ECU,SUPMED3ABCEJA,,CO2e_CUT,1,2015,,,,,,0.0
EmissionActivityRatio,NDCINC,ECU,SUPMED3ABCEJA,,CO2e_CUT,1,2016,,,,,,0.0
EmissionActivityRatio,NDCINC,ECU,SUPMED3ABCEJA,,CO2e_CUT,1,2017,,,,,,0.0
EmissionActivityRatio,NDCINC,ECU,SUPMED3ABCEJA,,CO2e_CUT,1,2018,,,,,,0.0
EmissionActivityRatio,NDCINC,ECU,SUPMED3ABCEJA,,CO2e_CUT,1,2019,,,,,,0.0
EmissionActivityRatio,NDCINC,ECU,SUPMED3ABCEJA,,CO2e_CUT,1,2020,,,,,,0.0
EmissionActivityRatio,NDCINC,ECU,SUPMED3ABCEJA,,CO2e_CUT,1,2021,,,,,,0.0
EmissionActivityRatio,NDCINC,ECU,SUPMED3ABCEJA,,CO2e_CUT,1,2022,,,,,,0.0
EmissionActivityRatio,NDCINC,ECU,SUPMED3ABCEJA,,CO2e_CUT,1,2023,,,,,,0.0
EmissionActivityRatio,NDCINC,ECU,SUPMED3ABCEJA,,CO2e_CUT,1,2024,,,,,,0.0
EmissionActivityRatio,NDCINC,ECU,SUPMED3ABCEJA,,CO2e_CUT,1,2025,,,,,,0.0
EmissionActivityRatio,NDCINC,ECU,SUPMED3ABCEJA,,CO2e_CUT,1,2026,,,,,,-30.014331962
EmissionActivityRatio,NDCINC,ECU,SUPMED3ABCEJA,,CO2e_CUT,1,2027,,,,,,-30.014331962
EmissionActivityRatio,NDCINC,ECU,SUPMED3ABCEJA,,CO2e_CUT,1,2028,,,,,,-30.014331962
EmissionActivityRatio,NDCINC,ECU,SUPMED3ABCEJA,,CO2e_CUT,1,2029,,,,,,-30.014331962
EmissionActivityRatio,NDCINC,ECU,SUPMED3ABCEJA,,CO2e_CUT,1,2030,,,,,,-30.014331962
EmissionActivityRatio,NDCINC,ECU,SUPMED3ABCEJA,,CO2e_CUT,1,2031,,,,,,-30.014331962
EmissionActivityRatio,NDCINC,ECU,SUPMED3ABCEJA,,CO2e_CUT,1,2032,,,,,,-30.014331962
EmissionActivityRatio,NDCINC,ECU,SUPMED3ABCEJA,,CO2e_CUT,1,2033,,,,,,-30.014331962
EmissionActivityRatio,NDCINC,ECU,SUPMED3ABCEJA,,CO2e_CUT,1,2034,,,,,,-30.014331962
EmissionActivityRatio,NDCINC,ECU,SUPMED3ABCEJA,,CO2e_CUT,1,2035,,,,,,-30.014331962
EmissionActivityRatio,NDCINC,ECU,SUPMED3DEFCEJ,,CO2e_CUT,1,2010,,,,,,0.0
EmissionActivityRatio,NDCINC,ECU,SUPMED3DEFCEJ,,CO2e_CUT,1,2011,,,,,,0.0
EmissionActivityRatio,NDCINC,ECU,SUPMED3DEFCEJ,,CO2e_CUT,1,2012,,,,,,0.0
EmissionActivityRatio,NDCINC,ECU,SUPMED3DEFCEJ,,CO2e_CUT,1,2013,,,,,,0.0
EmissionActivityRatio,NDCINC,ECU,SUPMED3DEFCEJ,,CO2e_CUT,1,2014,,,,,,0.0
EmissionActivityRatio,NDCINC,ECU,SUPMED3DEFCEJ,,CO2e_CUT,1,2015,,,,,,0.0
EmissionActivityRatio,NDCINC,ECU,SUPMED3DEFCEJ,,CO2e_CUT,1,2016,,,,,,0.0
EmissionActivityRatio,NDCINC,ECU,SUPMED3DEFCEJ,,CO2e_CUT,1,2017,,,,,,0.0
EmissionActivityRatio,NDCINC,ECU,SUPMED3DEFCEJ,,CO2e_CUT,1,2018,,,,,,0.0
EmissionActivityRatio,NDCINC,ECU,SUPMED3DEFCEJ,,CO2e_CUT,1,2019,,,,,,0.0
EmissionActivityRatio,NDCINC,ECU,SUPMED3DEFCEJ,,CO2e_CUT,1,2020,,,,,,0.0
EmissionActivityRatio,NDCINC,ECU,SUPMED3DEFCEJ,,CO2e_CUT,1,2021,,,,,,0.0
EmissionActivityRatio,NDCINC,ECU,SUPMED3DEFCEJ,,CO2e_CUT,1,2022,,,,,,0.0
EmissionActivityRatio,NDCINC,ECU,SUPMED3DEFCEJ,,CO2e_CUT,1,2023,,,,,,0.0
EmissionActivityRatio,NDCINC,ECU,SUPMED3DEFCEJ,,CO2e_CUT,1,2024,,,,,,0.0
EmissionActivityRatio,NDCINC,ECU,SUPMED3DEFCEJ,,CO2e_CUT,1,2025,,,,,,0.0
EmissionActivityRatio,NDCINC,ECU,SUPMED3DEFCEJ,,CO2e_CUT,1,2026,,,,,,-392.13
EmissionActivityRatio,NDCINC,ECU,SUPMED3DEFCEJ,,CO2e_CUT,1,2027,,,,,,-392.13
EmissionActivityRatio,NDCINC,ECU,SUPMED3DEFCEJ,,CO2e_CUT,1,2028,,,,,,-392.13
EmissionActivityRatio,NDCINC,ECU,SUPMED3DEFCEJ,,CO2e_CUT,1,2029,,,,,,-392.13
EmissionActivityRatio,NDCINC,ECU,SUPMED3DEFCEJ,,CO2e_CUT,1,2030,,,,,,-392.13
EmissionActivityRatio,NDCINC,ECU,SUPMED3DEFCEJ,,CO2e_CUT,1,2031,,,,,,-392.13
EmissionActivityRatio,NDCINC,ECU,SUPMED3DEFCEJ,,CO2e_CUT,1,2032,,,,,,-392.13
EmissionActivityRatio,NDCINC,ECU,SUPMED3DEFCEJ,,CO2e_CUT,1,2033,,,,,,-392.13
EmissionActivityRatio,NDCINC,ECU,SUPMED3DEFCEJ,,CO2e_CUT,1,2034,,,,,,-392.13
EmissionActivityRatio,NDCINC,ECU,SUPMED3DEFCEJ,,CO2e_CUT,1,2035,,,,,,-392.13
EmissionActivityRatio,NDCINC,ECU,SUPMED3DEFMON,,CO2e_CUT,1,2010,,,,,,0.0
EmissionActivityRatio,NDCINC,ECU,SUPMED3DEFMON,,CO2e_CUT,1,2011,,,,,,0.0
EmissionActivityRatio,NDCINC,ECU,SUPMED3DEFMON,,CO2e_CUT,1,2012,,,,,,0.0
EmissionActivityRatio,NDCINC,ECU,SUPMED3DEFMON,,CO2e_CUT,1,2013,,,,,,0.0
EmissionActivityRatio,NDCINC,ECU,SUPMED3DEFMON,,CO2e_CUT,1,2014,,,,,,0.0
EmissionActivityRatio,NDCINC,ECU,SUPMED3DEFMON,,CO2e_CUT,1,2015,,,,,,0.0
EmissionActivityRatio,NDCINC,ECU,SUPMED3DEFMON,,CO2e_CUT,1,2016,,,,,,0.0
EmissionActivityRatio,NDCINC,ECU,SUPMED3DEFMON,,CO2e_CUT,1,2017,,,,,,0.0
EmissionActivityRatio,NDCINC,ECU,SUPMED3DEFMON,,CO2e_CUT,1,2018,,,,,,0.0
EmissionActivityRatio,NDCINC,ECU,SUPMED3DEFMON,,CO2e_CUT,1,2019,,,,,,0.0
EmissionActivityRatio,NDCINC,ECU,SUPMED3DEFMON,,CO2e_CUT,1,2020,,,,,,0.0
EmissionActivityRatio,NDCINC,ECU,SUPMED3DEFMON,,CO2e_CUT,1,2021,,,,,,0.0
EmissionActivityRatio,NDCINC,ECU,SUPMED3DEFMON,,CO2e_CUT,1,2022,,,,,,0.0
EmissionActivityRatio,NDCINC,ECU,SUPMED3DEFMON,,CO2e_CUT,1,2023,,,,,,0.0
EmissionActivityRatio,NDCINC,ECU,SUPMED3DEFMON,,CO2e_CUT,1,2024,,,,,,0.0
EmissionActivityRatio,NDCINC,ECU,SUPMED3DEFMON,,CO2e_CUT,1,2025,,,,,,0.0
EmissionActivityRatio,NDCINC,ECU,SUPMED3DEFMON,,CO2e_CUT,1,2026,,,,,,-455.06
EmissionActivityRatio,NDCINC,ECU,SUPMED3DEFMON,,CO2e_CUT,1,2027,,,,,,-455.06
EmissionActivityRatio,NDCINC,ECU,SUPMED3DEFMON,,CO2e_CUT,1,2028,,,,,,-455.06
EmissionActivityRatio,NDCINC,ECU,SUPMED3DEFMON,,CO2e_CUT,1,2029,,,,,,-455.06
EmissionActivityRatio,NDCINC,ECU,SUPMED3DEFMON,,CO2e_CUT,1,2030,,,,,,-455.06
EmissionActivityRatio,NDCINC,ECU,SUPMED3DEFMON,,CO2e_CUT,1,2031,,,,,,-455.06
EmissionActivityRatio,NDCINC,ECU,SUPMED3DEFMON,,CO2e_CUT,1,2032,,,,,,-455.06
EmissionActivityRatio,NDCINC,ECU,SUPMED3DEFMON,,CO2e_CUT,1,2033,,,,,,-455.06
EmissionActivityRatio,NDCINC,ECU,SUPMED3DEFMON,,CO2e_CUT,1,2034,,,,,,-455.06
EmissionActivityRatio,NDCINC,ECU,SUPMED3DEFMON,,CO2e_CUT,1,2035,,,,,,-455.06
EmissionActivityRatio,NDCINC,ECU,SUPMED3DEFCEJA,,CO2e_CUT,1,2010,,,,,,0.0
EmissionActivityRatio,NDCINC,ECU,SUPMED3DEFCEJA,,CO2e_CUT,1,2011,,,,,,0.0
EmissionActivityRatio,NDCINC,ECU,SUPMED3DEFCEJA,,CO2e_CUT,1,2012,,,,,,0.0
EmissionActivityRatio,NDCINC,ECU,SUPMED3DEFCEJA,,CO2e_CUT,1,2013,,,,,,0.0
EmissionActivityRatio,NDCINC,ECU,SUPMED3DEFCEJA,,CO2e_CUT,1,2014,,,,,,0.0
EmissionActivityRatio,NDCINC,ECU,SUPMED3DEFCEJA,,CO2e_CUT,1,2015,,,,,,0.0
EmissionActivityRatio,NDCINC,ECU,SUPMED3DEFCEJA,,CO2e_CUT,1,2016,,,,,,0.0
EmissionActivityRatio,NDCINC,ECU,SUPMED3DEFCEJA,,CO2e_CUT,1,2017,,,,,,0.0
EmissionActivityRatio,NDCINC,ECU,SUPMED3DEFCEJA,,CO2e_CUT,1,2018,,,,,,0.0
EmissionActivityRatio,NDCINC,ECU,SUPMED3DEFCEJA,,CO2e_CUT,1,2019,,,,,,0.0
EmissionActivityRatio,NDCINC,ECU,SUPMED3DEFCEJA,,CO2e_CUT,1,2020,,,,,,0.0
EmissionActivityRatio,NDCINC,ECU,SUPMED3DEFCEJA,,CO2e_CUT,1,2021,,,,,,0.0
EmissionActivityRatio,NDCINC,ECU,SUPMED3DEFCEJA,,CO2e_CUT,1,2022,,,,,,0.0
EmissionActivityRatio,NDCINC,ECU,SUPMED3DEFCEJA,,CO2e_CUT,1,2023,,,,,,0.0
EmissionActivityRatio,NDCINC,ECU,SUPMED3DEFCEJA,,CO2e_CUT,1,2024,,,,,,0.0
EmissionActivityRatio,NDCINC,ECU,SUPMED3DEFCEJA,,CO2e_CUT,1,2025,,,,,,0.0
EmissionActivityRatio,NDCINC,ECU,SUPMED3DEFCEJA,,CO2e_CUT,1,2026,,,,,,-392.13
EmissionActivityRatio,NDCINC,ECU,SUPMED3DEFCEJA,,CO2e_CUT,1,2027,,,,,,-392.13
EmissionActivityRatio,NDCINC,ECU,SUPMED3DEFCEJA,,CO2e_CUT,1,2028,,,,,,-392.13
EmissionActivityRatio,NDCINC,ECU,SUPMED3DEFCEJA,,CO2e_CUT,1,2029,,,,,,-392.13
EmissionActivityRatio,NDCINC,ECU,SUPMED3DEFCEJA,,CO2e_CUT,1,2030,,,,,,-392.13
EmissionActivityRatio,NDCINC,ECU,SUPMED3DEFCEJA,,CO2e_CUT,1,2031,,,,,,-392.13
EmissionActivityRatio,NDCINC,ECU,SUPMED3DEFCEJA,,CO2e_CUT,1,2032,,,,,,-392.13
EmissionActivityRatio,NDCINC,ECU,SUPMED3DEFCEJA,,CO2e_CUT,1,2033,,,,,,-392.13
EmissionActivityRatio,NDCINC,ECU,SUPMED3DEFCEJA,,CO2e_CUT,1,2034,,,,,,-392.13
EmissionActivityRatio,NDCINC,ECU,SUPMED3DEFCEJA,,CO2e_CUT,1,2035,,,,,,-392.13
EmissionActivityRatio,NDCINC,ECU,SUPMED6DABAMA,,CO2e_CUT,1,2010,,,,,,0.0
EmissionActivityRatio,NDCINC,ECU,SUPMED6DABAMA,,CO2e_CUT,1,2011,,,,,,0.0
EmissionActivityRatio,NDCINC,ECU,SUPMED6DABAMA,,CO2e_CUT,1,2012,,,,,,0.0
EmissionActivityRatio,NDCINC,ECU,SUPMED6DABAMA,,CO2e_CUT,1,2013,,,,,,0.0
EmissionActivityRatio,NDCINC,ECU,SUPMED6DABAMA,,CO2e_CUT,1,2014,,,,,,0.0
EmissionActivityRatio,NDCINC,ECU,SUPMED6DABAMA,,CO2e_CUT,1,2015,,,,,,0.0
EmissionActivityRatio,NDCINC,ECU,SUPMED6DABAMA,,CO2e_CUT,1,2016,,,,,,0.0
EmissionActivityRatio,NDCINC,ECU,SUPMED6DABAMA,,CO2e_CUT,1,2017,,,,,,0.0
EmissionActivityRatio,NDCINC,ECU,SUPMED6DABAMA,,CO2e_CUT,1,2018,,,,,,0.0
EmissionActivityRatio,NDCINC,ECU,SUPMED6DABAMA,,CO2e_CUT,1,2019,,,,,,0.0
EmissionActivityRatio,NDCINC,ECU,SUPMED6DABAMA,,CO2e_CUT,1,2020,,,,,,0.0
EmissionActivityRatio,NDCINC,ECU,SUPMED6DABAMA,,CO2e_CUT,1,2021,,,,,,0.0
EmissionActivityRatio,NDCINC,ECU,SUPMED6DABAMA,,CO2e_CUT,1,2022,,,,,,0.0
EmissionActivityRatio,NDCINC,ECU,SUPMED6DABAMA,,CO2e_CUT,1,2023,,,,,,0.0
EmissionActivityRatio,NDCINC,ECU,SUPMED6DABAMA,,CO2e_CUT,1,2024,,,,,,0.0
EmissionActivityRatio,NDCINC,ECU,SUPMED6DABAMA,,CO2e_CUT,1,2025,,,,,,0.0
EmissionActivityRatio,NDCINC,ECU,SUPMED6DABAMA,,CO2e_CUT,1,2026,,,,,,-19.8746911401
EmissionActivityRatio,NDCINC,ECU,SUPMED6DABAMA,,CO2e_CUT,1,2027,,,,,,-19.8746911401
EmissionActivityRatio,NDCINC,ECU,SUPMED6DABAMA,,CO2e_CUT,1,2028,,,,,,-19.8746911401
EmissionActivityRatio,NDCINC,ECU,SUPMED6DABAMA,,CO2e_CUT,1,2029,,,,,,0.0
EmissionActivityRatio,NDCINC,ECU,SUPMED6DABAMA,,CO2e_CUT,1,2030,,,,,,0.0
EmissionActivityRatio,NDCINC,ECU,SUPMED6DABAMA,,CO2e_CUT,1,2031,,,,,,0.0
EmissionActivityRatio,NDCINC,ECU,SUPMED6DABAMA,,CO2e_CUT,1,2032,,,,,,0.0
EmissionActivityRatio,NDCINC,ECU,SUPMED6DABAMA,,CO2e_CUT,1,2033,,,,,,0.0
EmissionActivityRatio,NDCINC,ECU,SUPMED6DABAMA,,CO2e_CUT,1,2034,,,,,,0.0
EmissionActivityRatio,NDCINC,ECU,SUPMED6DABAMA,,CO2e_CUT,1,2035,,,,,,0.0
EmissionActivityRatio,NDCINC,ECU,SUPMED6DEFAMA,,CO2e_CUT,1,2010,,,,,,0.0
EmissionActivityRatio,NDCINC,ECU,SUPMED6DEFAMA,,CO2e_CUT,1,2011,,,,,,0.0
EmissionActivityRatio,NDCINC,ECU,SUPMED6DEFAMA,,CO2e_CUT,1,2012,,,,,,0.0
EmissionActivityRatio,NDCINC,ECU,SUPMED6DEFAMA,,CO2e_CUT,1,2013,,,,,,0.0
EmissionActivityRatio,NDCINC,ECU,SUPMED6DEFAMA,,CO2e_CUT,1,2014,,,,,,0.0
EmissionActivityRatio,NDCINC,ECU,SUPMED6DEFAMA,,CO2e_CUT,1,2015,,,,,,0.0
EmissionActivityRatio,NDCINC,ECU,SUPMED6DEFAMA,,CO2e_CUT,1,2016,,,,,,0.0
EmissionActivityRatio,NDCINC,ECU,SUPMED6DEFAMA,,CO2e_CUT,1,2017,,,,,,0.0
EmissionActivityRatio,NDCINC,ECU,SUPMED6DEFAMA,,CO2e_CUT,1,2018,,,,,,0.0
EmissionActivityRatio,NDCINC,ECU,SUPMED6DEFAMA,,CO2e_CUT,1,2019,,,,,,0.0
EmissionActivityRatio,NDCINC,ECU,SUPMED6DEFAMA,,CO2e_CUT,1,2020,,,,,,0.0
EmissionActivityRatio,NDCINC,ECU,SUPMED6DEFAMA,,CO2e_CUT,1,2021,,,,,,0.0
EmissionActivityRatio,NDCINC,ECU,SUPMED6DEFAMA,,CO2e_CUT,1,2022,,,,,,0.0
EmissionActivityRatio,NDCINC,ECU,SUPMED6DEFAMA,,CO2e_CUT,1,2023,,,,,,0.0
EmissionActivityRatio,NDCINC,ECU,SUPMED6DEFAMA,,CO2e_CUT,1,2024,,,,,,0.0
EmissionActivityRatio,NDCINC,ECU,SUPMED6DEFAMA,,CO2e_CUT,1,2025,,,,,,0.0
EmissionActivityRatio,NDCINC,ECU,SUPMED6DEFAMA,,CO2e_CUT,1,2026,,,,,,-591.45
EmissionActivityRatio,NDCINC,ECU,SUPMED6DEFAMA,,CO2e_CUT,1,2027,,,,,,-591.45
EmissionActivityRatio,NDCINC,ECU,SUPMED6DEFAMA,,CO2e_CUT,1,2028,,,,,,-591.45
EmissionActivityRatio,NDCINC,ECU,SUPMED6DEFAMA,,CO2e_CUT,1,2029,,,,,,0.0
EmissionActivityRatio,NDCINC,ECU,SUPMED6DEFAMA,,CO2e_CUT,1,2030,,,,,,0.0
EmissionActivityRatio,NDCINC,ECU,SUPMED6DEFAMA,,CO2e_CUT,1,2031,,,,,,0.0
EmissionActivityRatio,NDCINC,ECU,SUPMED6DEFAMA,,CO2e_CUT,1,2032,,,,,,0.0
EmissionActivityRatio,NDCINC,ECU,SUPMED6DEFAMA,,CO2e_CUT,1,2033,,,,,,0.0
EmissionActivityRatio,NDCINC,ECU,SUPMED6DEFAMA,,CO2e_CUT,1,2034,,,,,,0.0
EmissionActivityRatio,NDCINC,ECU,SUPMED6DEFAMA,,CO2e_CUT,1,2035,,,,,,0.0
EmissionActivityRatio,NDCINC,ECU,T5NPRAND,,EXT_REGAIR,1,2010,,,,,,1.0
EmissionActivityRatio,NDCINC,ECU,T5NPRAND,,EXT_REGAIR,1,2011,,,,,,1.0
EmissionActivityRatio,NDCINC,ECU,T5NPRAND,,EXT_REGAIR,1,2012,,,,,,1.0
EmissionActivityRatio,NDCINC,ECU,T5NPRAND,,EXT_REGAIR,1,2013,,,,,,1.0
EmissionActivityRatio,NDCINC,ECU,T5NPRAND,,EXT_REGAIR,1,2014,,,,,,1.0
EmissionActivityRatio,NDCINC,ECU,T5NPRAND,,EXT_REGAIR,1,2015,,,,,,1.0
EmissionActivityRatio,NDCINC,ECU,T5NPRAND,,EXT_REGAIR,1,2016,,,,,,1.0
EmissionActivityRatio,NDCINC,ECU,T5NPRAND,,EXT_REGAIR,1,2017,,,,,,1.0
EmissionActivityRatio,NDCINC,ECU,T5NPRAND,,EXT_REGAIR,1,2018,,,,,,1.0
EmissionActivityRatio,NDCINC,ECU,T5NPRAND,,EXT_REGAIR,1,2019,,,,,,1.0
EmissionActivityRatio,NDCINC,ECU,T5NPRAND,,EXT_REGAIR,1,2020,,,,,,1.0
EmissionActivityRatio,NDCINC,ECU,T5NPRAND,,EXT_REGAIR,1,2021,,,,,,1.0
EmissionActivityRatio,NDCINC,ECU,T5NPRAND,,EXT_REGAIR,1,2022,,,,,,1.0
EmissionActivityRatio,NDCINC,ECU,T5NPRAND,,EXT_REGAIR,1,2023,,,,,,1.0
EmissionActivityRatio,NDCINC,ECU,T5NPRAND,,EXT_REGAIR,1,2024,,,,,,1.0
EmissionActivityRatio,NDCINC,ECU,T5NPRAND,,EXT_REGAIR,1,2025,,,,,,1.0
EmissionActivityRatio,NDCINC,ECU,T5NPRAND,,EXT_REGAIR,1,2026,,,,,,1.0
EmissionActivityRatio,NDCINC,ECU,T5NPRAND,,EXT_REGAIR,1,2027,,,,,,1.0
EmissionActivityRatio,NDCINC,ECU,T5NPRAND,,EXT_REGAIR,1,2028,,,,,,1.0
EmissionActivityRatio,NDCINC,ECU,T5NPRAND,,EXT_REGAIR,1,2029,,,,,,1.0
EmissionActivityRatio,NDCINC,ECU,T5NPRAND,,EXT_REGAIR,1,2030,,,,,,1.0
EmissionActivityRatio,NDCINC,ECU,T5NPRAND,,EXT_REGAIR,1,2031,,,,,,1.0
EmissionActivityRatio,NDCINC,ECU,T5NPRAND,,EXT_REGAIR,1,2032,,,,,,1.0
EmissionActivityRatio,NDCINC,ECU,T5NPRAND,,EXT_REGAIR,1,2033,,,,,,1.0
EmissionActivityRatio,NDCINC,ECU,T5NPRAND,,EXT_REGAIR,1,2034,,,,,,1.0
EmissionActivityRatio,NDCINC,ECU,T5NPRAND,,EXT_REGAIR,1,2035,,,,,,1.0
