PARAMETER,Scenario,REGION,TECHNOLOGY,FUEL,EMISSION,MODE_OF_OPERATION,YEAR,TIMESLICE,SEASON,DAYTYPE,DAILYTIMEBRACKET,STORAGE,Value
SpecifiedAnnualDemand,NDCCON,ECU,,E5AGRELE,,,2010,,,,,,0.0
SpecifiedAnnualDemand,NDCCON,ECU,,E5AGRELE,,,2011,,,,,,0.0
SpecifiedAnnualDemand,NDCCON,ECU,,E5AGRELE,,,2012,,,,,,0.0
SpecifiedAnnualDemand,NDCCON,ECU,,E5AGRELE,,,2013,,,,,,0.0
SpecifiedAnnualDemand,NDCCON,ECU,,E5AGRELE,,,2014,,,,,,0.0
SpecifiedAnnualDemand,NDCCON,ECU,,E5AGRELE,,,2015,,,,,,0.0
SpecifiedAnnualDemand,NDCCON,ECU,,E5AGRELE,,,2016,,,,,,0.0
SpecifiedAnnualDemand,NDCCON,ECU,,E5AGRELE,,,2017,,,,,,0.0
SpecifiedAnnualDemand,NDCCON,ECU,,E5AGRELE,,,2018,,,,,,0.0
SpecifiedAnnualDemand,NDCCON,ECU,,E5AGRELE,,,2019,,,,,,0.0
SpecifiedAnnualDemand,NDCCON,ECU,,E5AGRELE,,,2020,,,,,,0.0
SpecifiedAnnualDemand,NDCCON,ECU,,E5AGRELE,,,2021,,,,,,0.0
SpecifiedAnnualDemand,NDCCON,ECU,,E5AGRELE,,,2022,,,,,,0.0
SpecifiedAnnualDemand,NDCCON,ECU,,E5AGRELE,,,2023,,,,,,0.0
SpecifiedAnnualDemand,NDCCON,ECU,,E5AGRELE,,,2024,,,,,,0.0
SpecifiedAnnualDemand,NDCCON,ECU,,E5AGRELE,,,2025,,,,,,0.0
SpecifiedAnnualDemand,NDCCON,ECU,,E5AGRELE,,,2026,,,,,,0.0
SpecifiedAnnualDemand,NDCCON,ECU,,E5AGRELE,,,2027,,,,,,0.0
SpecifiedAnnualDemand,NDCCON,ECU,,E5AGRELE,,,2028,,,,,,0.0
SpecifiedAnnualDemand,NDCCON,ECU,,E5AGRELE,,,2029,,,,,,0.0
SpecifiedAnnualDemand,NDCCON,ECU,,E5AGRELE,,,2030,,,,,,0.0
SpecifiedAnnualDemand,NDCCON,ECU,,E5AGRELE,,,2031,,,,,,0.0
SpecifiedAnnualDemand,NDCCON,ECU,,E5AGRELE,,,2032,,,,,,0.0
SpecifiedAnnualDemand,NDCCON,ECU,,E5AGRELE,,,2033,,,,,,0.0
SpecifiedAnnualDemand,NDCCON,ECU,,E5AGRELE,,,2034,,,,,,0.0
SpecifiedAnnualDemand,NDCCON,ECU,,E5AGRELE,,,2035,,,,,,0.0
SpecifiedAnnualDemand,NDCCON,ECU,,E5COBWET,,,2010,,,,,,0.50510349
SpecifiedAnnualDemand,NDCCON,ECU,,E5COBWET,,,2011,,,,,,0.50510349
SpecifiedAnnualDemand,NDCCON,ECU,,E5COBWET,,,2012,,,,,,0.50510349
SpecifiedAnnualDemand,NDCCON,ECU,,E5COBWET,,,2013,,,,,,0.50510349
SpecifiedAnnualDemand,NDCCON,ECU,,E5COBWET,,,2014,,,,,,0.50510349
SpecifiedAnnualDemand,NDCCON,ECU,,E5COBWET,,,2015,,,,,,0.49993344
SpecifiedAnnualDemand,NDCCON,ECU,,E5COBWET,,,2016,,,,,,0.49476339
SpecifiedAnnualDemand,NDCCON,ECU,,E5COBWET,,,2017,,,,,,0.49338063
SpecifiedAnnualDemand,NDCCON,ECU,,E5COBWET,,,2018,,,,,,0.49199787
SpecifiedAnnualDemand,NDCCON,ECU,,E5COBWET,,,2019,,,,,,0.4913189129394
SpecifiedAnnualDemand,NDCCON,ECU,,E5COBWET,,,2020,,,,,,0.4906408928395436
SpecifiedAnnualDemand,NDCCON,ECU,,E5COBWET,,,2021,,,,,,0.489963808407425
SpecifiedAnnualDemand,NDCCON,ECU,,E5COBWET,,,2022,,,,,,0.4892876583518227
SpecifiedAnnualDemand,NDCCON,ECU,,E5COBWET,,,2023,,,,,,0.4886124413832972
SpecifiedAnnualDemand,NDCCON,ECU,,E5COBWET,,,2024,,,,,,0.48793815621418823
SpecifiedAnnualDemand,NDCCON,ECU,,E5COBWET,,,2025,,,,,,0.4872648015586126
SpecifiedAnnualDemand,NDCCON,ECU,,E5COBWET,,,2026,,,,,,0.4865923761324617
SpecifiedAnnualDemand,NDCCON,ECU,,E5COBWET,,,2027,,,,,,0.4859208786533989
SpecifiedAnnualDemand,NDCCON,ECU,,E5COBWET,,,2028,,,,,,0.48525030784085715
SpecifiedAnnualDemand,NDCCON,ECU,,E5COBWET,,,2029,,,,,,0.48458066241603676
SpecifiedAnnualDemand,NDCCON,ECU,,E5COBWET,,,2030,,,,,,0.4839119411019026
SpecifiedAnnualDemand,NDCCON,ECU,,E5COBWET,,,2031,,,,,,0.48324414262318194
SpecifiedAnnualDemand,NDCCON,ECU,,E5COBWET,,,2032,,,,,,0.48257726570636195
SpecifiedAnnualDemand,NDCCON,ECU,,E5COBWET,,,2033,,,,,,0.48191130907968716
SpecifiedAnnualDemand,NDCCON,ECU,,E5COBWET,,,2034,,,,,,0.4812462714731572
SpecifiedAnnualDemand,NDCCON,ECU,,E5COBWET,,,2035,,,,,,0.4805821516185242
SpecifiedAnnualDemand,NDCCON,ECU,,E5COBSET,,,2010,,,,,,0.24614217000000005
SpecifiedAnnualDemand,NDCCON,ECU,,E5COBSET,,,2011,,,,,,0.24614217000000005
SpecifiedAnnualDemand,NDCCON,ECU,,E5COBSET,,,2012,,,,,,0.24614217000000005
SpecifiedAnnualDemand,NDCCON,ECU,,E5COBSET,,,2013,,,,,,0.24614217000000005
SpecifiedAnnualDemand,NDCCON,ECU,,E5COBSET,,,2014,,,,,,0.24614217000000005
SpecifiedAnnualDemand,NDCCON,ECU,,E5COBSET,,,2015,,,,,,0.24960438000000004
SpecifiedAnnualDemand,NDCCON,ECU,,E5COBSET,,,2016,,,,,,0.25306659000000004
SpecifiedAnnualDemand,NDCCON,ECU,,E5COBSET,,,2017,,,,,,0.269487405
SpecifiedAnnualDemand,NDCCON,ECU,,E5COBSET,,,2018,,,,,,0.28590822
SpecifiedAnnualDemand,NDCCON,ECU,,E5COBSET,,,2019,,,,,,0.290015908697302
SpecifiedAnnualDemand,NDCCON,ECU,,E5COBSET,,,2020,,,,,,0.29409133419027844
SpecifiedAnnualDemand,NDCCON,ECU,,E5COBSET,,,2021,,,,,,0.29813278338843435
SpecifiedAnnualDemand,NDCCON,ECU,,E5COBSET,,,2022,,,,,,0.3021406593718861
SpecifiedAnnualDemand,NDCCON,ECU,,E5COBSET,,,2023,,,,,,0.30611435752045896
SpecifiedAnnualDemand,NDCCON,ECU,,E5COBSET,,,2024,,,,,,0.3100515097384684
SpecifiedAnnualDemand,NDCCON,ECU,,E5COBSET,,,2025,,,,,,0.3139513770457009
SpecifiedAnnualDemand,NDCCON,ECU,,E5COBSET,,,2026,,,,,,0.31780959274089426
SpecifiedAnnualDemand,NDCCON,ECU,,E5COBSET,,,2027,,,,,,0.3216246956586261
SpecifiedAnnualDemand,NDCCON,ECU,,E5COBSET,,,2028,,,,,,0.3253939482131052
SpecifiedAnnualDemand,NDCCON,ECU,,E5COBSET,,,2029,,,,,,0.3291168129641762
SpecifiedAnnualDemand,NDCCON,ECU,,E5COBSET,,,2030,,,,,,0.3327891079556303
SpecifiedAnnualDemand,NDCCON,ECU,,E5COBSET,,,2031,,,,,,0.3364088681718996
SpecifiedAnnualDemand,NDCCON,ECU,,E5COBSET,,,2032,,,,,,0.33997355756725095
SpecifiedAnnualDemand,NDCCON,ECU,,E5COBSET,,,2033,,,,,,0.3434802370158349
SpecifiedAnnualDemand,NDCCON,ECU,,E5COBSET,,,2034,,,,,,0.346927462147234
SpecifiedAnnualDemand,NDCCON,ECU,,E5COBSET,,,2035,,,,,,0.35031271371072004
SpecifiedAnnualDemand,NDCCON,ECU,,E5COBBUR,,,2010,,,,,,0.00312
SpecifiedAnnualDemand,NDCCON,ECU,,E5COBBUR,,,2011,,,,,,0.00312
SpecifiedAnnualDemand,NDCCON,ECU,,E5COBBUR,,,2012,,,,,,0.00312
SpecifiedAnnualDemand,NDCCON,ECU,,E5COBBUR,,,2013,,,,,,0.00312
SpecifiedAnnualDemand,NDCCON,ECU,,E5COBBUR,,,2014,,,,,,0.00312
SpecifiedAnnualDemand,NDCCON,ECU,,E5COBBUR,,,2015,,,,,,0.00312
SpecifiedAnnualDemand,NDCCON,ECU,,E5COBBUR,,,2016,,,,,,0.00312
SpecifiedAnnualDemand,NDCCON,ECU,,E5COBBUR,,,2017,,,,,,0.00312
SpecifiedAnnualDemand,NDCCON,ECU,,E5COBBUR,,,2018,,,,,,0.00312
SpecifiedAnnualDemand,NDCCON,ECU,,E5COBBUR,,,2019,,,,,,0.00312
SpecifiedAnnualDemand,NDCCON,ECU,,E5COBBUR,,,2020,,,,,,0.00312
SpecifiedAnnualDemand,NDCCON,ECU,,E5COBBUR,,,2021,,,,,,0.00312
SpecifiedAnnualDemand,NDCCON,ECU,,E5COBBUR,,,2022,,,,,,0.00312
SpecifiedAnnualDemand,NDCCON,ECU,,E5COBBUR,,,2023,,,,,,0.00312
SpecifiedAnnualDemand,NDCCON,ECU,,E5COBBUR,,,2024,,,,,,0.00312
SpecifiedAnnualDemand,NDCCON,ECU,,E5COBBUR,,,2025,,,,,,0.00312
SpecifiedAnnualDemand,NDCCON,ECU,,E5COBBUR,,,2026,,,,,,0.00312
SpecifiedAnnualDemand,NDCCON,ECU,,E5COBBUR,,,2027,,,,,,0.00312
SpecifiedAnnualDemand,NDCCON,ECU,,E5COBBUR,,,2028,,,,,,0.00312
SpecifiedAnnualDemand,NDCCON,ECU,,E5COBBUR,,,2029,,,,,,0.00312
SpecifiedAnnualDemand,NDCCON,ECU,,E5COBBUR,,,2030,,,,,,0.00312
SpecifiedAnnualDemand,NDCCON,ECU,,E5COBBUR,,,2031,,,,,,0.00312
SpecifiedAnnualDemand,NDCCON,ECU,,E5COBBUR,,,2032,,,,,,0.00312
SpecifiedAnnualDemand,NDCCON,ECU,,E5COBBUR,,,2033,,,,,,0.00312
SpecifiedAnnualDemand,NDCCON,ECU,,E5COBBUR,,,2034,,,,,,0.00312
SpecifiedAnnualDemand,NDCCON,ECU,,E5COBBUR,,,2035,,,,,,0.00312
SpecifiedAnnualDemand,NDCCON,ECU,,E5COBOTL,,,2010,,,,,,0.12043377000000002
SpecifiedAnnualDemand,NDCCON,ECU,,E5COBOTL,,,2011,,,,,,0.12043377000000002
SpecifiedAnnualDemand,NDCCON,ECU,,E5COBOTL,,,2012,,,,,,0.12043377000000002
SpecifiedAnnualDemand,NDCCON,ECU,,E5COBOTL,,,2013,,,,,,0.12043377000000002
SpecifiedAnnualDemand,NDCCON,ECU,,E5COBOTL,,,2014,,,,,,0.12043377000000002
SpecifiedAnnualDemand,NDCCON,ECU,,E5COBOTL,,,2015,,,,,,0.11027745000000001
SpecifiedAnnualDemand,NDCCON,ECU,,E5COBOTL,,,2016,,,,,,0.10012113
SpecifiedAnnualDemand,NDCCON,ECU,,E5COBOTL,,,2017,,,,,,0.10435576499999999
SpecifiedAnnualDemand,NDCCON,ECU,,E5COBOTL,,,2018,,,,,,0.10859039999999999
SpecifiedAnnualDemand,NDCCON,ECU,,E5COBOTL,,,2019,,,,,,0.10995187420882699
SpecifiedAnnualDemand,NDCCON,ECU,,E5COBOTL,,,2020,,,,,,0.11133041817723956
SpecifiedAnnualDemand,NDCCON,ECU,,E5COBOTL,,,2021,,,,,,0.11272624592081759
SpecifiedAnnualDemand,NDCCON,ECU,,E5COBOTL,,,2022,,,,,,0.11413810869720784
SpecifiedAnnualDemand,NDCCON,ECU,,E5COBOTL,,,2023,,,,,,0.11556765463587385
SpecifiedAnnualDemand,NDCCON,ECU,,E5COBOTL,,,2024,,,,,,0.11701510521317529
SpecifiedAnnualDemand,NDCCON,ECU,,E5COBOTL,,,2025,,,,,,0.11848068467939754
SpecifiedAnnualDemand,NDCCON,ECU,,E5COBOTL,,,2026,,,,,,0.1199646200934942
SpecifiedAnnualDemand,NDCCON,ECU,,E5COBOTL,,,2027,,,,,,0.12146714135826492
SpecifiedAnnualDemand,NDCCON,ECU,,E5COBOTL,,,2028,,,,,,0.12298848125597364
SpecifiedAnnualDemand,NDCCON,ECU,,E5COBOTL,,,2029,,,,,,0.12452887548441313
SpecifiedAnnualDemand,NDCCON,ECU,,E5COBOTL,,,2030,,,,,,0.12608856269342103
SpecifiedAnnualDemand,NDCCON,ECU,,E5COBOTL,,,2031,,,,,,0.12766778452185337
SpecifiedAnnualDemand,NDCCON,ECU,,E5COBOTL,,,2032,,,,,,0.12926678563502117
SpecifiedAnnualDemand,NDCCON,ECU,,E5COBOTL,,,2033,,,,,,0.13088581376259584
SpecifiedAnnualDemand,NDCCON,ECU,,E5COBOTL,,,2034,,,,,,0.1325251197369894
SpecifiedAnnualDemand,NDCCON,ECU,,E5COBOTL,,,2035,,,,,,0.1341849575322154
SpecifiedAnnualDemand,NDCCON,ECU,,E5NPRAND,,,2010,,,,,,12.34832
SpecifiedAnnualDemand,NDCCON,ECU,,E5NPRAND,,,2011,,,,,,13.402625
SpecifiedAnnualDemand,NDCCON,ECU,,E5NPRAND,,,2012,,,,,,14.45693
SpecifiedAnnualDemand,NDCCON,ECU,,E5NPRAND,,,2013,,,,,,14.58446
SpecifiedAnnualDemand,NDCCON,ECU,,E5NPRAND,,,2014,,,,,,14.71199
SpecifiedAnnualDemand,NDCCON,ECU,,E5NPRAND,,,2015,,,,,,14.75553
SpecifiedAnnualDemand,NDCCON,ECU,,E5NPRAND,,,2016,,,,,,14.79907
SpecifiedAnnualDemand,NDCCON,ECU,,E5NPRAND,,,2017,,,,,,14.779865
SpecifiedAnnualDemand,NDCCON,ECU,,E5NPRAND,,,2018,,,,,,14.76066
SpecifiedAnnualDemand,NDCCON,ECU,,E5NPRAND,,,2019,,,,,,14.76066
SpecifiedAnnualDemand,NDCCON,ECU,,E5NPRAND,,,2020,,,,,,14.76066
SpecifiedAnnualDemand,NDCCON,ECU,,E5NPRAND,,,2021,,,,,,13.635
SpecifiedAnnualDemand,NDCCON,ECU,,E5NPRAND,,,2022,,,,,,13.635
SpecifiedAnnualDemand,NDCCON,ECU,,E5NPRAND,,,2023,,,,,,13.62831885
SpecifiedAnnualDemand,NDCCON,ECU,,E5NPRAND,,,2024,,,,,,13.621640974
SpecifiedAnnualDemand,NDCCON,ECU,,E5NPRAND,,,2025,,,,,,13.61496637
SpecifiedAnnualDemand,NDCCON,ECU,,E5NPRAND,,,2026,,,,,,13.608295036
SpecifiedAnnualDemand,NDCCON,ECU,,E5NPRAND,,,2027,,,,,,13.601626972
SpecifiedAnnualDemand,NDCCON,ECU,,E5NPRAND,,,2028,,,,,,13.594962174
SpecifiedAnnualDemand,NDCCON,ECU,,E5NPRAND,,,2029,,,,,,13.588300643
SpecifiedAnnualDemand,NDCCON,ECU,,E5NPRAND,,,2030,,,,,,13.581642376
SpecifiedAnnualDemand,NDCCON,ECU,,E5NPRAND,,,2031,,,,,,13.574987371
SpecifiedAnnualDemand,NDCCON,ECU,,E5NPRAND,,,2032,,,,,,13.568335627
SpecifiedAnnualDemand,NDCCON,ECU,,E5NPRAND,,,2033,,,,,,13.561687143
SpecifiedAnnualDemand,NDCCON,ECU,,E5NPRAND,,,2034,,,,,,13.555041916
SpecifiedAnnualDemand,NDCCON,ECU,,E5NPRAND,,,2035,,,,,,13.548399945
SpecifiedAnnualDemand,NDCCON,ECU,,E5NUNAND,,,2010,,,,,,0.0
SpecifiedAnnualDemand,NDCCON,ECU,,E5NUNAND,,,2011,,,,,,0.0
SpecifiedAnnualDemand,NDCCON,ECU,,E5NUNAND,,,2012,,,,,,0.0
SpecifiedAnnualDemand,NDCCON,ECU,,E5NUNAND,,,2013,,,,,,0.0
SpecifiedAnnualDemand,NDCCON,ECU,,E5NUNAND,,,2014,,,,,,0.0
SpecifiedAnnualDemand,NDCCON,ECU,,E5NUNAND,,,2015,,,,,,0.0
SpecifiedAnnualDemand,NDCCON,ECU,,E5NUNAND,,,2016,,,,,,0.0
SpecifiedAnnualDemand,NDCCON,ECU,,E5NUNAND,,,2017,,,,,,0.0
SpecifiedAnnualDemand,NDCCON,ECU,,E5NUNAND,,,2018,,,,,,0.0
SpecifiedAnnualDemand,NDCCON,ECU,,E5NUNAND,,,2019,,,,,,0.0
SpecifiedAnnualDemand,NDCCON,ECU,,E5NUNAND,,,2020,,,,,,0.0
SpecifiedAnnualDemand,NDCCON,ECU,,E5NUNAND,,,2021,,,,,,0.0
SpecifiedAnnualDemand,NDCCON,ECU,,E5NUNAND,,,2022,,,,,,0.0
SpecifiedAnnualDemand,NDCCON,ECU,,E5NUNAND,,,2023,,,,,,0.0
SpecifiedAnnualDemand,NDCCON,ECU,,E5NUNAND,,,2024,,,,,,0.0
SpecifiedAnnualDemand,NDCCON,ECU,,E5NUNAND,,,2025,,,,,,0.0
SpecifiedAnnualDemand,NDCCON,ECU,,E5NUNAND,,,2026,,,,,,0.0
SpecifiedAnnualDemand,NDCCON,ECU,,E5NUNAND,,,2027,,,,,,0.0
SpecifiedAnnualDemand,NDCCON,ECU,,E5NUNAND,,,2028,,,,,,0.0
SpecifiedAnnualDemand,NDCCON,ECU,,E5NUNAND,,,2029,,,,,,0.0
SpecifiedAnnualDemand,NDCCON,ECU,,E5NUNAND,,,2030,,,,,,0.0
SpecifiedAnnualDemand,NDCCON,ECU,,E5NUNAND,,,2031,,,,,,0.0
SpecifiedAnnualDemand,NDCCON,ECU,,E5NUNAND,,,2032,,,,,,0.0
SpecifiedAnnualDemand,NDCCON,ECU,,E5NUNAND,,,2033,,,,,,0.0
SpecifiedAnnualDemand,NDCCON,ECU,,E5NUNAND,,,2034,,,,,,0.0
SpecifiedAnnualDemand,NDCCON,ECU,,E5NUNAND,,,2035,,,,,,0.0
SpecifiedAnnualDemand,NDCCON,ECU,,E5NPRPLU,,,2010,,,,,,120.58364
SpecifiedAnnualDemand,NDCCON,ECU,,E5NPRPLU,,,2011,,,,,,126.21503
SpecifiedAnnualDemand,NDCCON,ECU,,E5NPRPLU,,,2012,,,,,,131.84642
SpecifiedAnnualDemand,NDCCON,ECU,,E5NPRPLU,,,2013,,,,,,136.0105
SpecifiedAnnualDemand,NDCCON,ECU,,E5NPRPLU,,,2014,,,,,,140.17458
SpecifiedAnnualDemand,NDCCON,ECU,,E5NPRPLU,,,2015,,,,,,140.004625
SpecifiedAnnualDemand,NDCCON,ECU,,E5NPRPLU,,,2016,,,,,,139.83467
SpecifiedAnnualDemand,NDCCON,ECU,,E5NPRPLU,,,2017,,,,,,139.85384
SpecifiedAnnualDemand,NDCCON,ECU,,E5NPRPLU,,,2018,,,,,,139.87301
SpecifiedAnnualDemand,NDCCON,ECU,,E5NPRPLU,,,2019,,,,,,139.87301
SpecifiedAnnualDemand,NDCCON,ECU,,E5NPRPLU,,,2020,,,,,,139.87301
SpecifiedAnnualDemand,NDCCON,ECU,,E5NPRPLU,,,2021,,,,,,139.386
SpecifiedAnnualDemand,NDCCON,ECU,,E5NPRPLU,,,2022,,,,,,139.386
SpecifiedAnnualDemand,NDCCON,ECU,,E5NPRPLU,,,2023,,,,,,139.31770086
SpecifiedAnnualDemand,NDCCON,ECU,,E5NPRPLU,,,2024,,,,,,139.249435187
SpecifiedAnnualDemand,NDCCON,ECU,,E5NPRPLU,,,2025,,,,,,139.181202963
SpecifiedAnnualDemand,NDCCON,ECU,,E5NPRPLU,,,2026,,,,,,139.113004174
SpecifiedAnnualDemand,NDCCON,ECU,,E5NPRPLU,,,2027,,,,,,139.044838802
SpecifiedAnnualDemand,NDCCON,ECU,,E5NPRPLU,,,2028,,,,,,138.976706831
SpecifiedAnnualDemand,NDCCON,ECU,,E5NPRPLU,,,2029,,,,,,138.908608244
SpecifiedAnnualDemand,NDCCON,ECU,,E5NPRPLU,,,2030,,,,,,138.840543026
SpecifiedAnnualDemand,NDCCON,ECU,,E5NPRPLU,,,2031,,,,,,138.77251116
SpecifiedAnnualDemand,NDCCON,ECU,,E5NPRPLU,,,2032,,,,,,138.70451263
SpecifiedAnnualDemand,NDCCON,ECU,,E5NPRPLU,,,2033,,,,,,138.636547419
SpecifiedAnnualDemand,NDCCON,ECU,,E5NPRPLU,,,2034,,,,,,138.56861551
SpecifiedAnnualDemand,NDCCON,ECU,,E5NPRPLU,,,2035,,,,,,138.500716889
SpecifiedAnnualDemand,NDCCON,ECU,,E5NUNPLU,,,2010,,,,,,0.0
SpecifiedAnnualDemand,NDCCON,ECU,,E5NUNPLU,,,2011,,,,,,0.0
SpecifiedAnnualDemand,NDCCON,ECU,,E5NUNPLU,,,2012,,,,,,0.0
SpecifiedAnnualDemand,NDCCON,ECU,,E5NUNPLU,,,2013,,,,,,0.0
SpecifiedAnnualDemand,NDCCON,ECU,,E5NUNPLU,,,2014,,,,,,0.0
SpecifiedAnnualDemand,NDCCON,ECU,,E5NUNPLU,,,2015,,,,,,0.0
SpecifiedAnnualDemand,NDCCON,ECU,,E5NUNPLU,,,2016,,,,,,0.0
SpecifiedAnnualDemand,NDCCON,ECU,,E5NUNPLU,,,2017,,,,,,0.0
SpecifiedAnnualDemand,NDCCON,ECU,,E5NUNPLU,,,2018,,,,,,0.0
SpecifiedAnnualDemand,NDCCON,ECU,,E5NUNPLU,,,2019,,,,,,0.0
SpecifiedAnnualDemand,NDCCON,ECU,,E5NUNPLU,,,2020,,,,,,0.0
SpecifiedAnnualDemand,NDCCON,ECU,,E5NUNPLU,,,2021,,,,,,0.0
SpecifiedAnnualDemand,NDCCON,ECU,,E5NUNPLU,,,2022,,,,,,0.0
SpecifiedAnnualDemand,NDCCON,ECU,,E5NUNPLU,,,2023,,,,,,0.0
SpecifiedAnnualDemand,NDCCON,ECU,,E5NUNPLU,,,2024,,,,,,0.0
SpecifiedAnnualDemand,NDCCON,ECU,,E5NUNPLU,,,2025,,,,,,0.0
SpecifiedAnnualDemand,NDCCON,ECU,,E5NUNPLU,,,2026,,,,,,0.0
SpecifiedAnnualDemand,NDCCON,ECU,,E5NUNPLU,,,2027,,,,,,0.0
SpecifiedAnnualDemand,NDCCON,ECU,,E5NUNPLU,,,2028,,,,,,0.0
SpecifiedAnnualDemand,NDCCON,ECU,,E5NUNPLU,,,2029,,,,,,0.0
SpecifiedAnnualDemand,NDCCON,ECU,,E5NUNPLU,,,2030,,,,,,0.0
SpecifiedAnnualDemand,NDCCON,ECU,,E5NUNPLU,,,2031,,,,,,0.0
SpecifiedAnnualDemand,NDCCON,ECU,,E5NUNPLU,,,2032,,,,,,0.0
SpecifiedAnnualDemand,NDCCON,ECU,,E5NUNPLU,,,2033,,,,,,0.0
SpecifiedAnnualDemand,NDCCON,ECU,,E5NUNPLU,,,2034,,,,,,0.0
SpecifiedAnnualDemand,NDCCON,ECU,,E5NUNPLU,,,2035,,,,,,0.0
SpecifiedAnnualDemand,NDCCON,ECU,,E5NPRMON,,,2010,,,,,,1153.03256
SpecifiedAnnualDemand,NDCCON,ECU,,E5NPRMON,,,2011,,,,,,1158.742565
SpecifiedAnnualDemand,NDCCON,ECU,,E5NPRMON,,,2012,,,,,,1164.45257
SpecifiedAnnualDemand,NDCCON,ECU,,E5NPRMON,,,2013,,,,,,1198.650245
SpecifiedAnnualDemand,NDCCON,ECU,,E5NPRMON,,,2014,,,,,,1232.84792
SpecifiedAnnualDemand,NDCCON,ECU,,E5NPRMON,,,2015,,,,,,1233.796515
SpecifiedAnnualDemand,NDCCON,ECU,,E5NPRMON,,,2016,,,,,,1234.74511
SpecifiedAnnualDemand,NDCCON,ECU,,E5NPRMON,,,2017,,,,,,1245.5305
SpecifiedAnnualDemand,NDCCON,ECU,,E5NPRMON,,,2018,,,,,,1256.31589
SpecifiedAnnualDemand,NDCCON,ECU,,E5NPRMON,,,2019,,,,,,1256.31589
SpecifiedAnnualDemand,NDCCON,ECU,,E5NPRMON,,,2020,,,,,,1256.31589
SpecifiedAnnualDemand,NDCCON,ECU,,E5NPRMON,,,2021,,,,,,1257.518
SpecifiedAnnualDemand,NDCCON,ECU,,E5NPRMON,,,2022,,,,,,1257.518
SpecifiedAnnualDemand,NDCCON,ECU,,E5NPRMON,,,2023,,,,,,1256.90181618
SpecifiedAnnualDemand,NDCCON,ECU,,E5NPRMON,,,2024,,,,,,1256.28593429
SpecifiedAnnualDemand,NDCCON,ECU,,E5NPRMON,,,2025,,,,,,1255.670354182
SpecifiedAnnualDemand,NDCCON,ECU,,E5NPRMON,,,2026,,,,,,1255.055075709
SpecifiedAnnualDemand,NDCCON,ECU,,E5NPRMON,,,2027,,,,,,1254.440098722
SpecifiedAnnualDemand,NDCCON,ECU,,E5NPRMON,,,2028,,,,,,1253.825423073
SpecifiedAnnualDemand,NDCCON,ECU,,E5NPRMON,,,2029,,,,,,1253.211048616
SpecifiedAnnualDemand,NDCCON,ECU,,E5NPRMON,,,2030,,,,,,1252.596975202
SpecifiedAnnualDemand,NDCCON,ECU,,E5NPRMON,,,2031,,,,,,1251.983202684
SpecifiedAnnualDemand,NDCCON,ECU,,E5NPRMON,,,2032,,,,,,1251.369730915
SpecifiedAnnualDemand,NDCCON,ECU,,E5NPRMON,,,2033,,,,,,1250.756559747
SpecifiedAnnualDemand,NDCCON,ECU,,E5NPRMON,,,2034,,,,,,1250.143689033
SpecifiedAnnualDemand,NDCCON,ECU,,E5NPRMON,,,2035,,,,,,1249.531118625
SpecifiedAnnualDemand,NDCCON,ECU,,E5NUNMON,,,2010,,,,,,0.0
SpecifiedAnnualDemand,NDCCON,ECU,,E5NUNMON,,,2011,,,,,,0.0
SpecifiedAnnualDemand,NDCCON,ECU,,E5NUNMON,,,2012,,,,,,0.0
SpecifiedAnnualDemand,NDCCON,ECU,,E5NUNMON,,,2013,,,,,,0.0
SpecifiedAnnualDemand,NDCCON,ECU,,E5NUNMON,,,2014,,,,,,0.0
SpecifiedAnnualDemand,NDCCON,ECU,,E5NUNMON,,,2015,,,,,,0.0
SpecifiedAnnualDemand,NDCCON,ECU,,E5NUNMON,,,2016,,,,,,0.0
SpecifiedAnnualDemand,NDCCON,ECU,,E5NUNMON,,,2017,,,,,,0.0
SpecifiedAnnualDemand,NDCCON,ECU,,E5NUNMON,,,2018,,,,,,0.0
SpecifiedAnnualDemand,NDCCON,ECU,,E5NUNMON,,,2019,,,,,,0.0
SpecifiedAnnualDemand,NDCCON,ECU,,E5NUNMON,,,2020,,,,,,0.0
SpecifiedAnnualDemand,NDCCON,ECU,,E5NUNMON,,,2021,,,,,,0.0
SpecifiedAnnualDemand,NDCCON,ECU,,E5NUNMON,,,2022,,,,,,0.0
SpecifiedAnnualDemand,NDCCON,ECU,,E5NUNMON,,,2023,,,,,,0.0
SpecifiedAnnualDemand,NDCCON,ECU,,E5NUNMON,,,2024,,,,,,0.0
SpecifiedAnnualDemand,NDCCON,ECU,,E5NUNMON,,,2025,,,,,,0.0
SpecifiedAnnualDemand,NDCCON,ECU,,E5NUNMON,,,2026,,,,,,0.0
SpecifiedAnnualDemand,NDCCON,ECU,,E5NUNMON,,,2027,,,,,,0.0
SpecifiedAnnualDemand,NDCCON,ECU,,E5NUNMON,,,2028,,,,,,0.0
SpecifiedAnnualDemand,NDCCON,ECU,,E5NUNMON,,,2029,,,,,,0.0
SpecifiedAnnualDemand,NDCCON,ECU,,E5NUNMON,,,2030,,,,,,0.0
SpecifiedAnnualDemand,NDCCON,ECU,,E5NUNMON,,,2031,,,,,,0.0
SpecifiedAnnualDemand,NDCCON,ECU,,E5NUNMON,,,2032,,,,,,0.0
SpecifiedAnnualDemand,NDCCON,ECU,,E5NUNMON,,,2033,,,,,,0.0
SpecifiedAnnualDemand,NDCCON,ECU,,E5NUNMON,,,2034,,,,,,0.0
SpecifiedAnnualDemand,NDCCON,ECU,,E5NUNMON,,,2035,,,,,,0.0
SpecifiedAnnualDemand,NDCCON,ECU,,E5NPRPIE,,,2010,,,,,,468.7003
SpecifiedAnnualDemand,NDCCON,ECU,,E5NPRPIE,,,2011,,,,,,469.707925
SpecifiedAnnualDemand,NDCCON,ECU,,E5NPRPIE,,,2012,,,,,,470.71555
SpecifiedAnnualDemand,NDCCON,ECU,,E5NPRPIE,,,2013,,,,,,488.97563
SpecifiedAnnualDemand,NDCCON,ECU,,E5NPRPIE,,,2014,,,,,,507.23571
SpecifiedAnnualDemand,NDCCON,ECU,,E5NPRPIE,,,2015,,,,,,506.690365
SpecifiedAnnualDemand,NDCCON,ECU,,E5NPRPIE,,,2016,,,,,,506.14502
SpecifiedAnnualDemand,NDCCON,ECU,,E5NPRPIE,,,2017,,,,,,514.642335
SpecifiedAnnualDemand,NDCCON,ECU,,E5NPRPIE,,,2018,,,,,,523.13965
SpecifiedAnnualDemand,NDCCON,ECU,,E5NPRPIE,,,2019,,,,,,523.13965
SpecifiedAnnualDemand,NDCCON,ECU,,E5NPRPIE,,,2020,,,,,,523.13965
SpecifiedAnnualDemand,NDCCON,ECU,,E5NPRPIE,,,2021,,,,,,515.144
SpecifiedAnnualDemand,NDCCON,ECU,,E5NPRPIE,,,2022,,,,,,515.144
SpecifiedAnnualDemand,NDCCON,ECU,,E5NPRPIE,,,2023,,,,,,514.89157944
SpecifiedAnnualDemand,NDCCON,ECU,,E5NPRPIE,,,2024,,,,,,514.639282566
SpecifiedAnnualDemand,NDCCON,ECU,,E5NPRPIE,,,2025,,,,,,514.387109318
SpecifiedAnnualDemand,NDCCON,ECU,,E5NPRPIE,,,2026,,,,,,514.135059634
SpecifiedAnnualDemand,NDCCON,ECU,,E5NPRPIE,,,2027,,,,,,513.883133455
SpecifiedAnnualDemand,NDCCON,ECU,,E5NPRPIE,,,2028,,,,,,513.631330719
SpecifiedAnnualDemand,NDCCON,ECU,,E5NPRPIE,,,2029,,,,,,513.379651367
SpecifiedAnnualDemand,NDCCON,ECU,,E5NPRPIE,,,2030,,,,,,513.128095338
SpecifiedAnnualDemand,NDCCON,ECU,,E5NPRPIE,,,2031,,,,,,512.876662572
SpecifiedAnnualDemand,NDCCON,ECU,,E5NPRPIE,,,2032,,,,,,512.625353007
SpecifiedAnnualDemand,NDCCON,ECU,,E5NPRPIE,,,2033,,,,,,512.374166584
SpecifiedAnnualDemand,NDCCON,ECU,,E5NPRPIE,,,2034,,,,,,512.123103242
SpecifiedAnnualDemand,NDCCON,ECU,,E5NPRPIE,,,2035,,,,,,511.872162922
SpecifiedAnnualDemand,NDCCON,ECU,,E5NUNPIE,,,2010,,,,,,0.0
SpecifiedAnnualDemand,NDCCON,ECU,,E5NUNPIE,,,2011,,,,,,0.0
SpecifiedAnnualDemand,NDCCON,ECU,,E5NUNPIE,,,2012,,,,,,0.0
SpecifiedAnnualDemand,NDCCON,ECU,,E5NUNPIE,,,2013,,,,,,0.0
SpecifiedAnnualDemand,NDCCON,ECU,,E5NUNPIE,,,2014,,,,,,0.0
SpecifiedAnnualDemand,NDCCON,ECU,,E5NUNPIE,,,2015,,,,,,0.0
SpecifiedAnnualDemand,NDCCON,ECU,,E5NUNPIE,,,2016,,,,,,0.0
SpecifiedAnnualDemand,NDCCON,ECU,,E5NUNPIE,,,2017,,,,,,0.0
SpecifiedAnnualDemand,NDCCON,ECU,,E5NUNPIE,,,2018,,,,,,0.0
SpecifiedAnnualDemand,NDCCON,ECU,,E5NUNPIE,,,2019,,,,,,0.0
SpecifiedAnnualDemand,NDCCON,ECU,,E5NUNPIE,,,2020,,,,,,0.0
SpecifiedAnnualDemand,NDCCON,ECU,,E5NUNPIE,,,2021,,,,,,0.0
SpecifiedAnnualDemand,NDCCON,ECU,,E5NUNPIE,,,2022,,,,,,0.0
SpecifiedAnnualDemand,NDCCON,ECU,,E5NUNPIE,,,2023,,,,,,0.0
SpecifiedAnnualDemand,NDCCON,ECU,,E5NUNPIE,,,2024,,,,,,0.0
SpecifiedAnnualDemand,NDCCON,ECU,,E5NUNPIE,,,2025,,,,,,0.0
SpecifiedAnnualDemand,NDCCON,ECU,,E5NUNPIE,,,2026,,,,,,0.0
SpecifiedAnnualDemand,NDCCON,ECU,,E5NUNPIE,,,2027,,,,,,0.0
SpecifiedAnnualDemand,NDCCON,ECU,,E5NUNPIE,,,2028,,,,,,0.0
SpecifiedAnnualDemand,NDCCON,ECU,,E5NUNPIE,,,2029,,,,,,0.0
SpecifiedAnnualDemand,NDCCON,ECU,,E5NUNPIE,,,2030,,,,,,0.0
SpecifiedAnnualDemand,NDCCON,ECU,,E5NUNPIE,,,2031,,,,,,0.0
SpecifiedAnnualDemand,NDCCON,ECU,,E5NUNPIE,,,2032,,,,,,0.0
SpecifiedAnnualDemand,NDCCON,ECU,,E5NUNPIE,,,2033,,,,,,0.0
SpecifiedAnnualDemand,NDCCON,ECU,,E5NUNPIE,,,2034,,,,,,0.0
SpecifiedAnnualDemand,NDCCON,ECU,,E5NUNPIE,,,2035,,,,,,0.0
SpecifiedAnnualDemand,NDCCON,ECU,,E5NPRCEJ,,,2010,,,,,,322.78176
SpecifiedAnnualDemand,NDCCON,ECU,,E5NPRCEJ,,,2011,,,,,,325.37089
SpecifiedAnnualDemand,NDCCON,ECU,,E5NPRCEJ,,,2012,,,,,,327.96002
SpecifiedAnnualDemand,NDCCON,ECU,,E5NPRCEJ,,,2013,,,,,,333.55776
SpecifiedAnnualDemand,NDCCON,ECU,,E5NPRCEJ,,,2014,,,,,,339.1555
SpecifiedAnnualDemand,NDCCON,ECU,,E5NPRCEJ,,,2015,,,,,,340.20731
SpecifiedAnnualDemand,NDCCON,ECU,,E5NPRCEJ,,,2016,,,,,,341.25912
SpecifiedAnnualDemand,NDCCON,ECU,,E5NPRCEJ,,,2017,,,,,,357.94489
SpecifiedAnnualDemand,NDCCON,ECU,,E5NPRCEJ,,,2018,,,,,,374.63066
SpecifiedAnnualDemand,NDCCON,ECU,,E5NPRCEJ,,,2019,,,,,,374.63066
SpecifiedAnnualDemand,NDCCON,ECU,,E5NPRCEJ,,,2020,,,,,,374.63066
SpecifiedAnnualDemand,NDCCON,ECU,,E5NPRCEJ,,,2021,,,,,,375.109
SpecifiedAnnualDemand,NDCCON,ECU,,E5NPRCEJ,,,2022,,,,,,375.109
SpecifiedAnnualDemand,NDCCON,ECU,,E5NPRCEJ,,,2023,,,,,,374.92519659
SpecifiedAnnualDemand,NDCCON,ECU,,E5NPRCEJ,,,2024,,,,,,374.741483244
SpecifiedAnnualDemand,NDCCON,ECU,,E5NPRCEJ,,,2025,,,,,,374.557859917
SpecifiedAnnualDemand,NDCCON,ECU,,E5NPRCEJ,,,2026,,,,,,374.374326566
SpecifiedAnnualDemand,NDCCON,ECU,,E5NPRCEJ,,,2027,,,,,,374.190883146
SpecifiedAnnualDemand,NDCCON,ECU,,E5NPRCEJ,,,2028,,,,,,374.007529613
SpecifiedAnnualDemand,NDCCON,ECU,,E5NPRCEJ,,,2029,,,,,,373.824265923
SpecifiedAnnualDemand,NDCCON,ECU,,E5NPRCEJ,,,2030,,,,,,373.641092033
SpecifiedAnnualDemand,NDCCON,ECU,,E5NPRCEJ,,,2031,,,,,,373.458007898
SpecifiedAnnualDemand,NDCCON,ECU,,E5NPRCEJ,,,2032,,,,,,373.275013474
SpecifiedAnnualDemand,NDCCON,ECU,,E5NPRCEJ,,,2033,,,,,,373.092108717
SpecifiedAnnualDemand,NDCCON,ECU,,E5NPRCEJ,,,2034,,,,,,372.909293584
SpecifiedAnnualDemand,NDCCON,ECU,,E5NPRCEJ,,,2035,,,,,,372.72656803
SpecifiedAnnualDemand,NDCCON,ECU,,E5NUNCEJ,,,2010,,,,,,0.0
SpecifiedAnnualDemand,NDCCON,ECU,,E5NUNCEJ,,,2011,,,,,,0.0
SpecifiedAnnualDemand,NDCCON,ECU,,E5NUNCEJ,,,2012,,,,,,0.0
SpecifiedAnnualDemand,NDCCON,ECU,,E5NUNCEJ,,,2013,,,,,,0.0
SpecifiedAnnualDemand,NDCCON,ECU,,E5NUNCEJ,,,2014,,,,,,0.0
SpecifiedAnnualDemand,NDCCON,ECU,,E5NUNCEJ,,,2015,,,,,,0.0
SpecifiedAnnualDemand,NDCCON,ECU,,E5NUNCEJ,,,2016,,,,,,0.0
SpecifiedAnnualDemand,NDCCON,ECU,,E5NUNCEJ,,,2017,,,,,,0.0
SpecifiedAnnualDemand,NDCCON,ECU,,E5NUNCEJ,,,2018,,,,,,0.0
SpecifiedAnnualDemand,NDCCON,ECU,,E5NUNCEJ,,,2019,,,,,,0.0
SpecifiedAnnualDemand,NDCCON,ECU,,E5NUNCEJ,,,2020,,,,,,0.0
SpecifiedAnnualDemand,NDCCON,ECU,,E5NUNCEJ,,,2021,,,,,,0.0
SpecifiedAnnualDemand,NDCCON,ECU,,E5NUNCEJ,,,2022,,,,,,0.0
SpecifiedAnnualDemand,NDCCON,ECU,,E5NUNCEJ,,,2023,,,,,,0.0
SpecifiedAnnualDemand,NDCCON,ECU,,E5NUNCEJ,,,2024,,,,,,0.0
SpecifiedAnnualDemand,NDCCON,ECU,,E5NUNCEJ,,,2025,,,,,,0.0
SpecifiedAnnualDemand,NDCCON,ECU,,E5NUNCEJ,,,2026,,,,,,0.0
SpecifiedAnnualDemand,NDCCON,ECU,,E5NUNCEJ,,,2027,,,,,,0.0
SpecifiedAnnualDemand,NDCCON,ECU,,E5NUNCEJ,,,2028,,,,,,0.0
SpecifiedAnnualDemand,NDCCON,ECU,,E5NUNCEJ,,,2029,,,,,,0.0
SpecifiedAnnualDemand,NDCCON,ECU,,E5NUNCEJ,,,2030,,,,,,0.0
SpecifiedAnnualDemand,NDCCON,ECU,,E5NUNCEJ,,,2031,,,,,,0.0
SpecifiedAnnualDemand,NDCCON,ECU,,E5NUNCEJ,,,2032,,,,,,0.0
SpecifiedAnnualDemand,NDCCON,ECU,,E5NUNCEJ,,,2033,,,,,,0.0
SpecifiedAnnualDemand,NDCCON,ECU,,E5NUNCEJ,,,2034,,,,,,0.0
SpecifiedAnnualDemand,NDCCON,ECU,,E5NUNCEJ,,,2035,,,,,,0.0
SpecifiedAnnualDemand,NDCCON,ECU,,E5NPRAMA,,,2010,,,,,,2361.95461
SpecifiedAnnualDemand,NDCCON,ECU,,E5NPRAMA,,,2011,,,,,,2536.30379
SpecifiedAnnualDemand,NDCCON,ECU,,E5NPRAMA,,,2012,,,,,,2710.65297
SpecifiedAnnualDemand,NDCCON,ECU,,E5NPRAMA,,,2013,,,,,,2768.58337
SpecifiedAnnualDemand,NDCCON,ECU,,E5NPRAMA,,,2014,,,,,,2826.51377
SpecifiedAnnualDemand,NDCCON,ECU,,E5NPRAMA,,,2015,,,,,,2858.75821
SpecifiedAnnualDemand,NDCCON,ECU,,E5NPRAMA,,,2016,,,,,,2891.00265
SpecifiedAnnualDemand,NDCCON,ECU,,E5NPRAMA,,,2017,,,,,,2955.726305
SpecifiedAnnualDemand,NDCCON,ECU,,E5NPRAMA,,,2018,,,,,,3020.44996
SpecifiedAnnualDemand,NDCCON,ECU,,E5NPRAMA,,,2019,,,,,,3020.44996
SpecifiedAnnualDemand,NDCCON,ECU,,E5NPRAMA,,,2020,,,,,,3020.44996
SpecifiedAnnualDemand,NDCCON,ECU,,E5NPRAMA,,,2021,,,,,,2928.882
SpecifiedAnnualDemand,NDCCON,ECU,,E5NPRAMA,,,2022,,,,,,2928.882
SpecifiedAnnualDemand,NDCCON,ECU,,E5NPRAMA,,,2023,,,,,,2927.44684782
SpecifiedAnnualDemand,NDCCON,ECU,,E5NPRAMA,,,2024,,,,,,2926.012398865
SpecifiedAnnualDemand,NDCCON,ECU,,E5NPRAMA,,,2025,,,,,,2924.578652789
SpecifiedAnnualDemand,NDCCON,ECU,,E5NPRAMA,,,2026,,,,,,2923.145609249
SpecifiedAnnualDemand,NDCCON,ECU,,E5NPRAMA,,,2027,,,,,,2921.713267901
SpecifiedAnnualDemand,NDCCON,ECU,,E5NPRAMA,,,2028,,,,,,2920.281628399
SpecifiedAnnualDemand,NDCCON,ECU,,E5NPRAMA,,,2029,,,,,,2918.850690402
SpecifiedAnnualDemand,NDCCON,ECU,,E5NPRAMA,,,2030,,,,,,2917.420453563
SpecifiedAnnualDemand,NDCCON,ECU,,E5NPRAMA,,,2031,,,,,,2915.990917541
SpecifiedAnnualDemand,NDCCON,ECU,,E5NPRAMA,,,2032,,,,,,2914.562081991
SpecifiedAnnualDemand,NDCCON,ECU,,E5NPRAMA,,,2033,,,,,,2913.133946571
SpecifiedAnnualDemand,NDCCON,ECU,,E5NPRAMA,,,2034,,,,,,2911.706510937
SpecifiedAnnualDemand,NDCCON,ECU,,E5NPRAMA,,,2035,,,,,,2910.279774747
SpecifiedAnnualDemand,NDCCON,ECU,,E5NUNAMA,,,2010,,,,,,0.0
SpecifiedAnnualDemand,NDCCON,ECU,,E5NUNAMA,,,2011,,,,,,0.0
SpecifiedAnnualDemand,NDCCON,ECU,,E5NUNAMA,,,2012,,,,,,0.0
SpecifiedAnnualDemand,NDCCON,ECU,,E5NUNAMA,,,2013,,,,,,0.0
SpecifiedAnnualDemand,NDCCON,ECU,,E5NUNAMA,,,2014,,,,,,0.0
SpecifiedAnnualDemand,NDCCON,ECU,,E5NUNAMA,,,2015,,,,,,0.0
SpecifiedAnnualDemand,NDCCON,ECU,,E5NUNAMA,,,2016,,,,,,0.0
SpecifiedAnnualDemand,NDCCON,ECU,,E5NUNAMA,,,2017,,,,,,0.0
SpecifiedAnnualDemand,NDCCON,ECU,,E5NUNAMA,,,2018,,,,,,0.0
SpecifiedAnnualDemand,NDCCON,ECU,,E5NUNAMA,,,2019,,,,,,0.0
SpecifiedAnnualDemand,NDCCON,ECU,,E5NUNAMA,,,2020,,,,,,0.0
SpecifiedAnnualDemand,NDCCON,ECU,,E5NUNAMA,,,2021,,,,,,0.0
SpecifiedAnnualDemand,NDCCON,ECU,,E5NUNAMA,,,2022,,,,,,0.0
SpecifiedAnnualDemand,NDCCON,ECU,,E5NUNAMA,,,2023,,,,,,0.0
SpecifiedAnnualDemand,NDCCON,ECU,,E5NUNAMA,,,2024,,,,,,0.0
SpecifiedAnnualDemand,NDCCON,ECU,,E5NUNAMA,,,2025,,,,,,0.0
SpecifiedAnnualDemand,NDCCON,ECU,,E5NUNAMA,,,2026,,,,,,0.0
SpecifiedAnnualDemand,NDCCON,ECU,,E5NUNAMA,,,2027,,,,,,0.0
SpecifiedAnnualDemand,NDCCON,ECU,,E5NUNAMA,,,2028,,,,,,0.0
SpecifiedAnnualDemand,NDCCON,ECU,,E5NUNAMA,,,2029,,,,,,0.0
SpecifiedAnnualDemand,NDCCON,ECU,,E5NUNAMA,,,2030,,,,,,0.0
SpecifiedAnnualDemand,NDCCON,ECU,,E5NUNAMA,,,2031,,,,,,0.0
SpecifiedAnnualDemand,NDCCON,ECU,,E5NUNAMA,,,2032,,,,,,0.0
SpecifiedAnnualDemand,NDCCON,ECU,,E5NUNAMA,,,2033,,,,,,0.0
SpecifiedAnnualDemand,NDCCON,ECU,,E5NUNAMA,,,2034,,,,,,0.0
SpecifiedAnnualDemand,NDCCON,ECU,,E5NUNAMA,,,2035,,,,,,0.0
SpecifiedAnnualDemand,NDCCON,ECU,,E5NPRCHO,,,2010,,,,,,261.6861
SpecifiedAnnualDemand,NDCCON,ECU,,E5NPRCHO,,,2011,,,,,,263.6224
SpecifiedAnnualDemand,NDCCON,ECU,,E5NPRCHO,,,2012,,,,,,265.5587
SpecifiedAnnualDemand,NDCCON,ECU,,E5NPRCHO,,,2013,,,,,,269.70002
SpecifiedAnnualDemand,NDCCON,ECU,,E5NPRCHO,,,2014,,,,,,273.84134
SpecifiedAnnualDemand,NDCCON,ECU,,E5NPRCHO,,,2015,,,,,,268.738075
SpecifiedAnnualDemand,NDCCON,ECU,,E5NPRCHO,,,2016,,,,,,263.63481
SpecifiedAnnualDemand,NDCCON,ECU,,E5NPRCHO,,,2017,,,,,,262.908705
SpecifiedAnnualDemand,NDCCON,ECU,,E5NPRCHO,,,2018,,,,,,262.1826
SpecifiedAnnualDemand,NDCCON,ECU,,E5NPRCHO,,,2019,,,,,,262.1826
SpecifiedAnnualDemand,NDCCON,ECU,,E5NPRCHO,,,2020,,,,,,262.1826
SpecifiedAnnualDemand,NDCCON,ECU,,E5NPRCHO,,,2021,,,,,,240.487
SpecifiedAnnualDemand,NDCCON,ECU,,E5NPRCHO,,,2022,,,,,,240.487
SpecifiedAnnualDemand,NDCCON,ECU,,E5NPRCHO,,,2023,,,,,,240.36916137
SpecifiedAnnualDemand,NDCCON,ECU,,E5NPRCHO,,,2024,,,,,,240.251380481
SpecifiedAnnualDemand,NDCCON,ECU,,E5NPRCHO,,,2025,,,,,,240.133657304
SpecifiedAnnualDemand,NDCCON,ECU,,E5NPRCHO,,,2026,,,,,,240.015991812
SpecifiedAnnualDemand,NDCCON,ECU,,E5NPRCHO,,,2027,,,,,,239.898383976
SpecifiedAnnualDemand,NDCCON,ECU,,E5NPRCHO,,,2028,,,,,,239.780833768
SpecifiedAnnualDemand,NDCCON,ECU,,E5NPRCHO,,,2029,,,,,,239.66334116
SpecifiedAnnualDemand,NDCCON,ECU,,E5NPRCHO,,,2030,,,,,,239.545906123
SpecifiedAnnualDemand,NDCCON,ECU,,E5NPRCHO,,,2031,,,,,,239.428528629
SpecifiedAnnualDemand,NDCCON,ECU,,E5NPRCHO,,,2032,,,,,,239.31120865
SpecifiedAnnualDemand,NDCCON,ECU,,E5NPRCHO,,,2033,,,,,,239.193946157
SpecifiedAnnualDemand,NDCCON,ECU,,E5NPRCHO,,,2034,,,,,,239.076741124
SpecifiedAnnualDemand,NDCCON,ECU,,E5NPRCHO,,,2035,,,,,,238.959593521
SpecifiedAnnualDemand,NDCCON,ECU,,E5NUNCHO,,,2010,,,,,,0.0
SpecifiedAnnualDemand,NDCCON,ECU,,E5NUNCHO,,,2011,,,,,,0.0
SpecifiedAnnualDemand,NDCCON,ECU,,E5NUNCHO,,,2012,,,,,,0.0
SpecifiedAnnualDemand,NDCCON,ECU,,E5NUNCHO,,,2013,,,,,,0.0
SpecifiedAnnualDemand,NDCCON,ECU,,E5NUNCHO,,,2014,,,,,,0.0
SpecifiedAnnualDemand,NDCCON,ECU,,E5NUNCHO,,,2015,,,,,,0.0
SpecifiedAnnualDemand,NDCCON,ECU,,E5NUNCHO,,,2016,,,,,,0.0
SpecifiedAnnualDemand,NDCCON,ECU,,E5NUNCHO,,,2017,,,,,,0.0
SpecifiedAnnualDemand,NDCCON,ECU,,E5NUNCHO,,,2018,,,,,,0.0
SpecifiedAnnualDemand,NDCCON,ECU,,E5NUNCHO,,,2019,,,,,,0.0
SpecifiedAnnualDemand,NDCCON,ECU,,E5NUNCHO,,,2020,,,,,,0.0
SpecifiedAnnualDemand,NDCCON,ECU,,E5NUNCHO,,,2021,,,,,,0.0
SpecifiedAnnualDemand,NDCCON,ECU,,E5NUNCHO,,,2022,,,,,,0.0
SpecifiedAnnualDemand,NDCCON,ECU,,E5NUNCHO,,,2023,,,,,,0.0
SpecifiedAnnualDemand,NDCCON,ECU,,E5NUNCHO,,,2024,,,,,,0.0
SpecifiedAnnualDemand,NDCCON,ECU,,E5NUNCHO,,,2025,,,,,,0.0
SpecifiedAnnualDemand,NDCCON,ECU,,E5NUNCHO,,,2026,,,,,,0.0
SpecifiedAnnualDemand,NDCCON,ECU,,E5NUNCHO,,,2027,,,,,,0.0
SpecifiedAnnualDemand,NDCCON,ECU,,E5NUNCHO,,,2028,,,,,,0.0
SpecifiedAnnualDemand,NDCCON,ECU,,E5NUNCHO,,,2029,,,,,,0.0
SpecifiedAnnualDemand,NDCCON,ECU,,E5NUNCHO,,,2030,,,,,,0.0
SpecifiedAnnualDemand,NDCCON,ECU,,E5NUNCHO,,,2031,,,,,,0.0
SpecifiedAnnualDemand,NDCCON,ECU,,E5NUNCHO,,,2032,,,,,,0.0
SpecifiedAnnualDemand,NDCCON,ECU,,E5NUNCHO,,,2033,,,,,,0.0
SpecifiedAnnualDemand,NDCCON,ECU,,E5NUNCHO,,,2034,,,,,,0.0
SpecifiedAnnualDemand,NDCCON,ECU,,E5NUNCHO,,,2035,,,,,,0.0
SpecifiedAnnualDemand,NDCCON,ECU,,E5NPRMAN,,,2010,,,,,,64.9903
SpecifiedAnnualDemand,NDCCON,ECU,,E5NPRMAN,,,2011,,,,,,65.335185
SpecifiedAnnualDemand,NDCCON,ECU,,E5NPRMAN,,,2012,,,,,,65.68007
SpecifiedAnnualDemand,NDCCON,ECU,,E5NPRMAN,,,2013,,,,,,64.106675
SpecifiedAnnualDemand,NDCCON,ECU,,E5NPRMAN,,,2014,,,,,,62.53328
SpecifiedAnnualDemand,NDCCON,ECU,,E5NPRMAN,,,2015,,,,,,65.73885
SpecifiedAnnualDemand,NDCCON,ECU,,E5NPRMAN,,,2016,,,,,,68.94442
SpecifiedAnnualDemand,NDCCON,ECU,,E5NPRMAN,,,2017,,,,,,68.62894
SpecifiedAnnualDemand,NDCCON,ECU,,E5NPRMAN,,,2018,,,,,,68.31346
SpecifiedAnnualDemand,NDCCON,ECU,,E5NPRMAN,,,2019,,,,,,68.31346
SpecifiedAnnualDemand,NDCCON,ECU,,E5NPRMAN,,,2020,,,,,,68.31346
SpecifiedAnnualDemand,NDCCON,ECU,,E5NPRMAN,,,2021,,,,,,98.087
SpecifiedAnnualDemand,NDCCON,ECU,,E5NPRMAN,,,2022,,,,,,98.087
SpecifiedAnnualDemand,NDCCON,ECU,,E5NPRMAN,,,2023,,,,,,98.03893737
SpecifiedAnnualDemand,NDCCON,ECU,,E5NPRMAN,,,2024,,,,,,97.990898291
SpecifiedAnnualDemand,NDCCON,ECU,,E5NPRMAN,,,2025,,,,,,97.942882751
SpecifiedAnnualDemand,NDCCON,ECU,,E5NPRMAN,,,2026,,,,,,97.894890738
SpecifiedAnnualDemand,NDCCON,ECU,,E5NPRMAN,,,2027,,,,,,97.846922242
SpecifiedAnnualDemand,NDCCON,ECU,,E5NPRMAN,,,2028,,,,,,97.79897725
SpecifiedAnnualDemand,NDCCON,ECU,,E5NPRMAN,,,2029,,,,,,97.751055751
SpecifiedAnnualDemand,NDCCON,ECU,,E5NPRMAN,,,2030,,,,,,97.703157733
SpecifiedAnnualDemand,NDCCON,ECU,,E5NPRMAN,,,2031,,,,,,97.655283186
SpecifiedAnnualDemand,NDCCON,ECU,,E5NPRMAN,,,2032,,,,,,97.607432097
SpecifiedAnnualDemand,NDCCON,ECU,,E5NPRMAN,,,2033,,,,,,97.559604456
SpecifiedAnnualDemand,NDCCON,ECU,,E5NPRMAN,,,2034,,,,,,97.511800249
SpecifiedAnnualDemand,NDCCON,ECU,,E5NPRMAN,,,2035,,,,,,97.464019467
SpecifiedAnnualDemand,NDCCON,ECU,,E5NUNMAN,,,2010,,,,,,0.0
SpecifiedAnnualDemand,NDCCON,ECU,,E5NUNMAN,,,2011,,,,,,0.0
SpecifiedAnnualDemand,NDCCON,ECU,,E5NUNMAN,,,2012,,,,,,0.0
SpecifiedAnnualDemand,NDCCON,ECU,,E5NUNMAN,,,2013,,,,,,0.0
SpecifiedAnnualDemand,NDCCON,ECU,,E5NUNMAN,,,2014,,,,,,0.0
SpecifiedAnnualDemand,NDCCON,ECU,,E5NUNMAN,,,2015,,,,,,0.0
SpecifiedAnnualDemand,NDCCON,ECU,,E5NUNMAN,,,2016,,,,,,0.0
SpecifiedAnnualDemand,NDCCON,ECU,,E5NUNMAN,,,2017,,,,,,0.0
SpecifiedAnnualDemand,NDCCON,ECU,,E5NUNMAN,,,2018,,,,,,0.0
SpecifiedAnnualDemand,NDCCON,ECU,,E5NUNMAN,,,2019,,,,,,0.0
SpecifiedAnnualDemand,NDCCON,ECU,,E5NUNMAN,,,2020,,,,,,0.0
SpecifiedAnnualDemand,NDCCON,ECU,,E5NUNMAN,,,2021,,,,,,0.0
SpecifiedAnnualDemand,NDCCON,ECU,,E5NUNMAN,,,2022,,,,,,0.0
SpecifiedAnnualDemand,NDCCON,ECU,,E5NUNMAN,,,2023,,,,,,0.0
SpecifiedAnnualDemand,NDCCON,ECU,,E5NUNMAN,,,2024,,,,,,0.0
SpecifiedAnnualDemand,NDCCON,ECU,,E5NUNMAN,,,2025,,,,,,0.0
SpecifiedAnnualDemand,NDCCON,ECU,,E5NUNMAN,,,2026,,,,,,0.0
SpecifiedAnnualDemand,NDCCON,ECU,,E5NUNMAN,,,2027,,,,,,0.0
SpecifiedAnnualDemand,NDCCON,ECU,,E5NUNMAN,,,2028,,,,,,0.0
SpecifiedAnnualDemand,NDCCON,ECU,,E5NUNMAN,,,2029,,,,,,0.0
SpecifiedAnnualDemand,NDCCON,ECU,,E5NUNMAN,,,2030,,,,,,0.0
SpecifiedAnnualDemand,NDCCON,ECU,,E5NUNMAN,,,2031,,,,,,0.0
SpecifiedAnnualDemand,NDCCON,ECU,,E5NUNMAN,,,2032,,,,,,0.0
SpecifiedAnnualDemand,NDCCON,ECU,,E5NUNMAN,,,2033,,,,,,0.0
SpecifiedAnnualDemand,NDCCON,ECU,,E5NUNMAN,,,2034,,,,,,0.0
SpecifiedAnnualDemand,NDCCON,ECU,,E5NUNMAN,,,2035,,,,,,0.0
SpecifiedAnnualDemand,NDCCON,ECU,,E5NPRMOR,,,2010,,,,,,271.77831
SpecifiedAnnualDemand,NDCCON,ECU,,E5NPRMOR,,,2011,,,,,,272.68514
SpecifiedAnnualDemand,NDCCON,ECU,,E5NPRMOR,,,2012,,,,,,273.59197
SpecifiedAnnualDemand,NDCCON,ECU,,E5NPRMOR,,,2013,,,,,,278.163175
SpecifiedAnnualDemand,NDCCON,ECU,,E5NPRMOR,,,2014,,,,,,282.73438
SpecifiedAnnualDemand,NDCCON,ECU,,E5NPRMOR,,,2015,,,,,,289.39154
SpecifiedAnnualDemand,NDCCON,ECU,,E5NPRMOR,,,2016,,,,,,296.0487
SpecifiedAnnualDemand,NDCCON,ECU,,E5NPRMOR,,,2017,,,,,,298.137715
SpecifiedAnnualDemand,NDCCON,ECU,,E5NPRMOR,,,2018,,,,,,300.22673
SpecifiedAnnualDemand,NDCCON,ECU,,E5NPRMOR,,,2019,,,,,,300.22673
SpecifiedAnnualDemand,NDCCON,ECU,,E5NPRMOR,,,2020,,,,,,300.22673
SpecifiedAnnualDemand,NDCCON,ECU,,E5NPRMOR,,,2021,,,,,,272.847
SpecifiedAnnualDemand,NDCCON,ECU,,E5NPRMOR,,,2022,,,,,,272.847
SpecifiedAnnualDemand,NDCCON,ECU,,E5NPRMOR,,,2023,,,,,,272.71330497
SpecifiedAnnualDemand,NDCCON,ECU,,E5NPRMOR,,,2024,,,,,,272.579675451
SpecifiedAnnualDemand,NDCCON,ECU,,E5NPRMOR,,,2025,,,,,,272.44611141
SpecifiedAnnualDemand,NDCCON,ECU,,E5NPRMOR,,,2026,,,,,,272.312612815
SpecifiedAnnualDemand,NDCCON,ECU,,E5NPRMOR,,,2027,,,,,,272.179179635
SpecifiedAnnualDemand,NDCCON,ECU,,E5NPRMOR,,,2028,,,,,,272.045811837
SpecifiedAnnualDemand,NDCCON,ECU,,E5NPRMOR,,,2029,,,,,,271.912509389
SpecifiedAnnualDemand,NDCCON,ECU,,E5NPRMOR,,,2030,,,,,,271.779272259
SpecifiedAnnualDemand,NDCCON,ECU,,E5NPRMOR,,,2031,,,,,,271.646100416
SpecifiedAnnualDemand,NDCCON,ECU,,E5NPRMOR,,,2032,,,,,,271.512993827
SpecifiedAnnualDemand,NDCCON,ECU,,E5NPRMOR,,,2033,,,,,,271.37995246
SpecifiedAnnualDemand,NDCCON,ECU,,E5NPRMOR,,,2034,,,,,,271.246976283
SpecifiedAnnualDemand,NDCCON,ECU,,E5NPRMOR,,,2035,,,,,,271.114065265
SpecifiedAnnualDemand,NDCCON,ECU,,E5NUNMOR,,,2010,,,,,,0.0
SpecifiedAnnualDemand,NDCCON,ECU,,E5NUNMOR,,,2011,,,,,,0.0
SpecifiedAnnualDemand,NDCCON,ECU,,E5NUNMOR,,,2012,,,,,,0.0
SpecifiedAnnualDemand,NDCCON,ECU,,E5NUNMOR,,,2013,,,,,,0.0
SpecifiedAnnualDemand,NDCCON,ECU,,E5NUNMOR,,,2014,,,,,,0.0
SpecifiedAnnualDemand,NDCCON,ECU,,E5NUNMOR,,,2015,,,,,,0.0
SpecifiedAnnualDemand,NDCCON,ECU,,E5NUNMOR,,,2016,,,,,,0.0
SpecifiedAnnualDemand,NDCCON,ECU,,E5NUNMOR,,,2017,,,,,,0.0
SpecifiedAnnualDemand,NDCCON,ECU,,E5NUNMOR,,,2018,,,,,,0.0
SpecifiedAnnualDemand,NDCCON,ECU,,E5NUNMOR,,,2019,,,,,,0.0
SpecifiedAnnualDemand,NDCCON,ECU,,E5NUNMOR,,,2020,,,,,,0.0
SpecifiedAnnualDemand,NDCCON,ECU,,E5NUNMOR,,,2021,,,,,,0.0
SpecifiedAnnualDemand,NDCCON,ECU,,E5NUNMOR,,,2022,,,,,,0.0
SpecifiedAnnualDemand,NDCCON,ECU,,E5NUNMOR,,,2023,,,,,,0.0
SpecifiedAnnualDemand,NDCCON,ECU,,E5NUNMOR,,,2024,,,,,,0.0
SpecifiedAnnualDemand,NDCCON,ECU,,E5NUNMOR,,,2025,,,,,,0.0
SpecifiedAnnualDemand,NDCCON,ECU,,E5NUNMOR,,,2026,,,,,,0.0
SpecifiedAnnualDemand,NDCCON,ECU,,E5NUNMOR,,,2027,,,,,,0.0
SpecifiedAnnualDemand,NDCCON,ECU,,E5NUNMOR,,,2028,,,,,,0.0
SpecifiedAnnualDemand,NDCCON,ECU,,E5NUNMOR,,,2029,,,,,,0.0
SpecifiedAnnualDemand,NDCCON,ECU,,E5NUNMOR,,,2030,,,,,,0.0
SpecifiedAnnualDemand,NDCCON,ECU,,E5NUNMOR,,,2031,,,,,,0.0
SpecifiedAnnualDemand,NDCCON,ECU,,E5NUNMOR,,,2032,,,,,,0.0
SpecifiedAnnualDemand,NDCCON,ECU,,E5NUNMOR,,,2033,,,,,,0.0
SpecifiedAnnualDemand,NDCCON,ECU,,E5NUNMOR,,,2034,,,,,,0.0
SpecifiedAnnualDemand,NDCCON,ECU,,E5NUNMOR,,,2035,,,,,,0.0
SpecifiedAnnualDemand,NDCCON,ECU,,E5NPRPFO,,,2010,,,,,,38.2779
SpecifiedAnnualDemand,NDCCON,ECU,,E5NPRPFO,,,2011,,,,,,38.2779
SpecifiedAnnualDemand,NDCCON,ECU,,E5NPRPFO,,,2012,,,,,,38.2779
SpecifiedAnnualDemand,NDCCON,ECU,,E5NPRPFO,,,2013,,,,,,38.2779
SpecifiedAnnualDemand,NDCCON,ECU,,E5NPRPFO,,,2014,,,,,,38.2779
SpecifiedAnnualDemand,NDCCON,ECU,,E5NPRPFO,,,2015,,,,,,72.574065
SpecifiedAnnualDemand,NDCCON,ECU,,E5NPRPFO,,,2016,,,,,,106.87023
SpecifiedAnnualDemand,NDCCON,ECU,,E5NPRPFO,,,2017,,,,,,101.94318
SpecifiedAnnualDemand,NDCCON,ECU,,E5NPRPFO,,,2018,,,,,,97.01613
SpecifiedAnnualDemand,NDCCON,ECU,,E5NPRPFO,,,2019,,,,,,97.01613
SpecifiedAnnualDemand,NDCCON,ECU,,E5NPRPFO,,,2020,,,,,,97.01613
SpecifiedAnnualDemand,NDCCON,ECU,,E5NPRPFO,,,2021,,,,,,115.15
SpecifiedAnnualDemand,NDCCON,ECU,,E5NPRPFO,,,2022,,,,,,115.15
SpecifiedAnnualDemand,NDCCON,ECU,,E5NPRPFO,,,2023,,,,,,115.0935765
SpecifiedAnnualDemand,NDCCON,ECU,,E5NPRPFO,,,2024,,,,,,115.037180648
SpecifiedAnnualDemand,NDCCON,ECU,,E5NPRPFO,,,2025,,,,,,114.980812429
SpecifiedAnnualDemand,NDCCON,ECU,,E5NPRPFO,,,2026,,,,,,114.924471831
SpecifiedAnnualDemand,NDCCON,ECU,,E5NPRPFO,,,2027,,,,,,114.86815884
SpecifiedAnnualDemand,NDCCON,ECU,,E5NPRPFO,,,2028,,,,,,114.811873442
SpecifiedAnnualDemand,NDCCON,ECU,,E5NPRPFO,,,2029,,,,,,114.755615624
SpecifiedAnnualDemand,NDCCON,ECU,,E5NPRPFO,,,2030,,,,,,114.699385372
SpecifiedAnnualDemand,NDCCON,ECU,,E5NPRPFO,,,2031,,,,,,114.643182673
SpecifiedAnnualDemand,NDCCON,ECU,,E5NPRPFO,,,2032,,,,,,114.587007514
SpecifiedAnnualDemand,NDCCON,ECU,,E5NPRPFO,,,2033,,,,,,114.53085988
SpecifiedAnnualDemand,NDCCON,ECU,,E5NPRPFO,,,2034,,,,,,114.474739759
SpecifiedAnnualDemand,NDCCON,ECU,,E5NPRPFO,,,2035,,,,,,114.418647136
SpecifiedAnnualDemand,NDCCON,ECU,,E5NUNPFO,,,2010,,,,,,0.0
SpecifiedAnnualDemand,NDCCON,ECU,,E5NUNPFO,,,2011,,,,,,0.0
SpecifiedAnnualDemand,NDCCON,ECU,,E5NUNPFO,,,2012,,,,,,0.0
SpecifiedAnnualDemand,NDCCON,ECU,,E5NUNPFO,,,2013,,,,,,0.0
SpecifiedAnnualDemand,NDCCON,ECU,,E5NUNPFO,,,2014,,,,,,0.0
SpecifiedAnnualDemand,NDCCON,ECU,,E5NUNPFO,,,2015,,,,,,0.0
SpecifiedAnnualDemand,NDCCON,ECU,,E5NUNPFO,,,2016,,,,,,0.0
SpecifiedAnnualDemand,NDCCON,ECU,,E5NUNPFO,,,2017,,,,,,0.0
SpecifiedAnnualDemand,NDCCON,ECU,,E5NUNPFO,,,2018,,,,,,0.0
SpecifiedAnnualDemand,NDCCON,ECU,,E5NUNPFO,,,2019,,,,,,0.0
SpecifiedAnnualDemand,NDCCON,ECU,,E5NUNPFO,,,2020,,,,,,0.0
SpecifiedAnnualDemand,NDCCON,ECU,,E5NUNPFO,,,2021,,,,,,0.0
SpecifiedAnnualDemand,NDCCON,ECU,,E5NUNPFO,,,2022,,,,,,0.0
SpecifiedAnnualDemand,NDCCON,ECU,,E5NUNPFO,,,2023,,,,,,0.0
SpecifiedAnnualDemand,NDCCON,ECU,,E5NUNPFO,,,2024,,,,,,0.0
SpecifiedAnnualDemand,NDCCON,ECU,,E5NUNPFO,,,2025,,,,,,0.0
SpecifiedAnnualDemand,NDCCON,ECU,,E5NUNPFO,,,2026,,,,,,0.0
SpecifiedAnnualDemand,NDCCON,ECU,,E5NUNPFO,,,2027,,,,,,0.0
SpecifiedAnnualDemand,NDCCON,ECU,,E5NUNPFO,,,2028,,,,,,0.0
SpecifiedAnnualDemand,NDCCON,ECU,,E5NUNPFO,,,2029,,,,,,0.0
SpecifiedAnnualDemand,NDCCON,ECU,,E5NUNPFO,,,2030,,,,,,0.0
SpecifiedAnnualDemand,NDCCON,ECU,,E5NUNPFO,,,2031,,,,,,0.0
SpecifiedAnnualDemand,NDCCON,ECU,,E5NUNPFO,,,2032,,,,,,0.0
SpecifiedAnnualDemand,NDCCON,ECU,,E5NUNPFO,,,2033,,,,,,0.0
SpecifiedAnnualDemand,NDCCON,ECU,,E5NUNPFO,,,2034,,,,,,0.0
SpecifiedAnnualDemand,NDCCON,ECU,,E5NUNPFO,,,2035,,,,,,0.0
SpecifiedAnnualDemand,NDCCON,ECU,,E5BOSRAR,,,2010,,,,,,0.02409956999999885
SpecifiedAnnualDemand,NDCCON,ECU,,E5BOSRAR,,,2011,,,,,,0.02409956999999885
SpecifiedAnnualDemand,NDCCON,ECU,,E5BOSRAR,,,2012,,,,,,0.02409956999999885
SpecifiedAnnualDemand,NDCCON,ECU,,E5BOSRAR,,,2013,,,,,,0.02409956999999885
SpecifiedAnnualDemand,NDCCON,ECU,,E5BOSRAR,,,2014,,,,,,0.02409956999999885
SpecifiedAnnualDemand,NDCCON,ECU,,E5BOSRAR,,,2015,,,,,,0.02409956999999885
SpecifiedAnnualDemand,NDCCON,ECU,,E5BOSRAR,,,2016,,,,,,0.02409956999999885
SpecifiedAnnualDemand,NDCCON,ECU,,E5BOSRAR,,,2017,,,,,,0.02409956999999885
SpecifiedAnnualDemand,NDCCON,ECU,,E5BOSRAR,,,2018,,,,,,0.02409956999999885
SpecifiedAnnualDemand,NDCCON,ECU,,E5BOSRAR,,,2019,,,,,,0.03629158463700044
SpecifiedAnnualDemand,NDCCON,ECU,,E5BOSRAR,,,2020,,,,,,0.0024913547136318215
SpecifiedAnnualDemand,NDCCON,ECU,,E5BOSRAR,,,2021,,,,,,0.002472420417808152
SpecifiedAnnualDemand,NDCCON,ECU,,E5BOSRAR,,,2022,,,,,,0.0024536300226341012
SpecifiedAnnualDemand,NDCCON,ECU,,E5BOSRAR,,,2023,,,,,,0.0024349824344600535
SpecifiedAnnualDemand,NDCCON,ECU,,E5BOSRAR,,,2024,,,,,,0.0024164765679586253
SpecifiedAnnualDemand,NDCCON,ECU,,E5BOSRAR,,,2025,,,,,,0.0023981113460429526
SpecifiedAnnualDemand,NDCCON,ECU,,E5BOSRAR,,,2026,,,,,,0.0023798856998134
SpecifiedAnnualDemand,NDCCON,ECU,,E5BOSRAR,,,2027,,,,,,0.0023617985684936116
SpecifiedAnnualDemand,NDCCON,ECU,,E5BOSRAR,,,2028,,,,,,0.0023438488993736684
SpecifiedAnnualDemand,NDCCON,ECU,,E5BOSRAR,,,2029,,,,,,0.002326035647737257
SpecifiedAnnualDemand,NDCCON,ECU,,E5BOSRAR,,,2030,,,,,,0.0023083577768172603
SpecifiedAnnualDemand,NDCCON,ECU,,E5BOSRAR,,,2031,,,,,,0.0022908142577122703
SpecifiedAnnualDemand,NDCCON,ECU,,E5BOSRAR,,,2032,,,,,,0.002273404069354612
SpecifiedAnnualDemand,NDCCON,ECU,,E5BOSRAR,,,2033,,,,,,0.002256126198425079
SpecifiedAnnualDemand,NDCCON,ECU,,E5BOSRAR,,,2034,,,,,,0.0022389796393174066
SpecifiedAnnualDemand,NDCCON,ECU,,E5BOSRAR,,,2035,,,,,,0.0022219633940601113
SpecifiedAnnualDemand,NDCCON,ECU,,E5BOSPLA,,,2010,,,,,,0.038277900000000004
SpecifiedAnnualDemand,NDCCON,ECU,,E5BOSPLA,,,2011,,,,,,0.038277900000000004
SpecifiedAnnualDemand,NDCCON,ECU,,E5BOSPLA,,,2012,,,,,,0.038277900000000004
SpecifiedAnnualDemand,NDCCON,ECU,,E5BOSPLA,,,2013,,,,,,0.038277900000000004
SpecifiedAnnualDemand,NDCCON,ECU,,E5BOSPLA,,,2014,,,,,,0.038277900000000004
SpecifiedAnnualDemand,NDCCON,ECU,,E5BOSPLA,,,2015,,,,,,0.07257406500000001
SpecifiedAnnualDemand,NDCCON,ECU,,E5BOSPLA,,,2016,,,,,,0.10687023
SpecifiedAnnualDemand,NDCCON,ECU,,E5BOSPLA,,,2017,,,,,,0.10194318
SpecifiedAnnualDemand,NDCCON,ECU,,E5BOSPLA,,,2018,,,,,,0.09701613
SpecifiedAnnualDemand,NDCCON,ECU,,E5BOSPLA,,,2019,,,,,,0.12199541767652902
SpecifiedAnnualDemand,NDCCON,ECU,,E5BOSPLA,,,2020,,,,,,0.1219004124385531
SpecifiedAnnualDemand,NDCCON,ECU,,E5BOSPLA,,,2021,,,,,,0.12195204032586783
SpecifiedAnnualDemand,NDCCON,ECU,,E5BOSPLA,,,2022,,,,,,0.12198496737675582
SpecifiedAnnualDemand,NDCCON,ECU,,E5BOSPLA,,,2023,,,,,,0.12202278271664262
SpecifiedAnnualDemand,NDCCON,ECU,,E5BOSPLA,,,2024,,,,,,0.1220593895514576
SpecifiedAnnualDemand,NDCCON,ECU,,E5BOSPLA,,,2025,,,,,,0.1220923455866365
SpecifiedAnnualDemand,NDCCON,ECU,,E5BOSPLA,,,2026,,,,,,0.12212042682612141
SpecifiedAnnualDemand,NDCCON,ECU,,E5BOSPLA,,,2027,,,,,,0.12215932001557797
SpecifiedAnnualDemand,NDCCON,ECU,,E5BOSPLA,,,2028,,,,,,0.12219408866489563
SpecifiedAnnualDemand,NDCCON,ECU,,E5BOSPLA,,,2029,,,,,,0.12222092220827215
SpecifiedAnnualDemand,NDCCON,ECU,,E5BOSPLA,,,2030,,,,,,0.12225003575034303
SpecifiedAnnualDemand,NDCCON,ECU,,E5BOSPLA,,,2031,,,,,,0.12228876236451829
SpecifiedAnnualDemand,NDCCON,ECU,,E5BOSPLA,,,2032,,,,,,0.12231892931849726
SpecifiedAnnualDemand,NDCCON,ECU,,E5BOSPLA,,,2033,,,,,,0.12235429702027176
SpecifiedAnnualDemand,NDCCON,ECU,,E5BOSPLA,,,2034,,,,,,0.1223832540730076
SpecifiedAnnualDemand,NDCCON,ECU,,E5BOSPLA,,,2035,,,,,,0.12241219105914225
SpecifiedAnnualDemand,NDCCON,ECU,,E6TDFREHEA,,,2010,,,,,,0.0
SpecifiedAnnualDemand,NDCCON,ECU,,E6TDFREHEA,,,2011,,,,,,0.0
SpecifiedAnnualDemand,NDCCON,ECU,,E6TDFREHEA,,,2012,,,,,,0.0
SpecifiedAnnualDemand,NDCCON,ECU,,E6TDFREHEA,,,2013,,,,,,0.0
SpecifiedAnnualDemand,NDCCON,ECU,,E6TDFREHEA,,,2014,,,,,,0.0
SpecifiedAnnualDemand,NDCCON,ECU,,E6TDFREHEA,,,2015,,,,,,0.0
SpecifiedAnnualDemand,NDCCON,ECU,,E6TDFREHEA,,,2016,,,,,,0.0
SpecifiedAnnualDemand,NDCCON,ECU,,E6TDFREHEA,,,2017,,,,,,0.0
SpecifiedAnnualDemand,NDCCON,ECU,,E6TDFREHEA,,,2018,,,,,,0.0
SpecifiedAnnualDemand,NDCCON,ECU,,E6TDFREHEA,,,2019,,,,,,0.0
SpecifiedAnnualDemand,NDCCON,ECU,,E6TDFREHEA,,,2020,,,,,,0.0
SpecifiedAnnualDemand,NDCCON,ECU,,E6TDFREHEA,,,2021,,,,,,0.0
SpecifiedAnnualDemand,NDCCON,ECU,,E6TDFREHEA,,,2022,,,,,,0.0
SpecifiedAnnualDemand,NDCCON,ECU,,E6TDFREHEA,,,2023,,,,,,0.0
SpecifiedAnnualDemand,NDCCON,ECU,,E6TDFREHEA,,,2024,,,,,,0.0
SpecifiedAnnualDemand,NDCCON,ECU,,E6TDFREHEA,,,2025,,,,,,0.0
SpecifiedAnnualDemand,NDCCON,ECU,,E6TDFREHEA,,,2026,,,,,,0.0
SpecifiedAnnualDemand,NDCCON,ECU,,E6TDFREHEA,,,2027,,,,,,0.0
SpecifiedAnnualDemand,NDCCON,ECU,,E6TDFREHEA,,,2028,,,,,,0.0
SpecifiedAnnualDemand,NDCCON,ECU,,E6TDFREHEA,,,2029,,,,,,0.0
SpecifiedAnnualDemand,NDCCON,ECU,,E6TDFREHEA,,,2030,,,,,,0.0
SpecifiedAnnualDemand,NDCCON,ECU,,E6TDFREHEA,,,2031,,,,,,0.0
SpecifiedAnnualDemand,NDCCON,ECU,,E6TDFREHEA,,,2032,,,,,,0.0
SpecifiedAnnualDemand,NDCCON,ECU,,E6TDFREHEA,,,2033,,,,,,0.0
SpecifiedAnnualDemand,NDCCON,ECU,,E6TDFREHEA,,,2034,,,,,,0.0
SpecifiedAnnualDemand,NDCCON,ECU,,E6TDFREHEA,,,2035,,,,,,0.0
SpecifiedAnnualDemand,NDCCON,ECU,,E6TRNOMOT,,,2010,,,,,,0.0
SpecifiedAnnualDemand,NDCCON,ECU,,E6TRNOMOT,,,2011,,,,,,0.0
SpecifiedAnnualDemand,NDCCON,ECU,,E6TRNOMOT,,,2012,,,,,,0.0
SpecifiedAnnualDemand,NDCCON,ECU,,E6TRNOMOT,,,2013,,,,,,0.0
SpecifiedAnnualDemand,NDCCON,ECU,,E6TRNOMOT,,,2014,,,,,,0.0
SpecifiedAnnualDemand,NDCCON,ECU,,E6TRNOMOT,,,2015,,,,,,0.0
SpecifiedAnnualDemand,NDCCON,ECU,,E6TRNOMOT,,,2016,,,,,,0.0
SpecifiedAnnualDemand,NDCCON,ECU,,E6TRNOMOT,,,2017,,,,,,0.0
SpecifiedAnnualDemand,NDCCON,ECU,,E6TRNOMOT,,,2018,,,,,,0.0
SpecifiedAnnualDemand,NDCCON,ECU,,E6TRNOMOT,,,2019,,,,,,0.0
SpecifiedAnnualDemand,NDCCON,ECU,,E6TRNOMOT,,,2020,,,,,,0.0
SpecifiedAnnualDemand,NDCCON,ECU,,E6TRNOMOT,,,2021,,,,,,0.0
SpecifiedAnnualDemand,NDCCON,ECU,,E6TRNOMOT,,,2022,,,,,,0.0
SpecifiedAnnualDemand,NDCCON,ECU,,E6TRNOMOT,,,2023,,,,,,0.0
SpecifiedAnnualDemand,NDCCON,ECU,,E6TRNOMOT,,,2024,,,,,,0.0
SpecifiedAnnualDemand,NDCCON,ECU,,E6TRNOMOT,,,2025,,,,,,0.0
SpecifiedAnnualDemand,NDCCON,ECU,,E6TRNOMOT,,,2026,,,,,,0.0
SpecifiedAnnualDemand,NDCCON,ECU,,E6TRNOMOT,,,2027,,,,,,0.0
SpecifiedAnnualDemand,NDCCON,ECU,,E6TRNOMOT,,,2028,,,,,,0.0
SpecifiedAnnualDemand,NDCCON,ECU,,E6TRNOMOT,,,2029,,,,,,0.0
SpecifiedAnnualDemand,NDCCON,ECU,,E6TRNOMOT,,,2030,,,,,,0.0
SpecifiedAnnualDemand,NDCCON,ECU,,E6TRNOMOT,,,2031,,,,,,0.0
SpecifiedAnnualDemand,NDCCON,ECU,,E6TRNOMOT,,,2032,,,,,,0.0
SpecifiedAnnualDemand,NDCCON,ECU,,E6TRNOMOT,,,2033,,,,,,0.0
SpecifiedAnnualDemand,NDCCON,ECU,,E6TRNOMOT,,,2034,,,,,,0.0
SpecifiedAnnualDemand,NDCCON,ECU,,E6TRNOMOT,,,2035,,,,,,0.0
SpecifiedAnnualDemand,NDCCON,ECU,,E5CAMCROAND,,,2010,,,,,,30.7738977
SpecifiedAnnualDemand,NDCCON,ECU,,E5CAMCROAND,,,2011,,,,,,32.1747127
SpecifiedAnnualDemand,NDCCON,ECU,,E5CAMCROAND,,,2012,,,,,,33.476282
SpecifiedAnnualDemand,NDCCON,ECU,,E5CAMCROAND,,,2013,,,,,,33.0018942
SpecifiedAnnualDemand,NDCCON,ECU,,E5CAMCROAND,,,2014,,,,,,32.5486483
SpecifiedAnnualDemand,NDCCON,ECU,,E5CAMCROAND,,,2015,,,,,,22.7843948
SpecifiedAnnualDemand,NDCCON,ECU,,E5CAMCROAND,,,2016,,,,,,13.2069564
SpecifiedAnnualDemand,NDCCON,ECU,,E5CAMCROAND,,,2017,,,,,,18.3625945
SpecifiedAnnualDemand,NDCCON,ECU,,E5CAMCROAND,,,2018,,,,,,23.339643
SpecifiedAnnualDemand,NDCCON,ECU,,E5CAMCROAND,,,2019,,,,,,0.8960833
SpecifiedAnnualDemand,NDCCON,ECU,,E5CAMCROAND,,,2020,,,,,,0.8960833
SpecifiedAnnualDemand,NDCCON,ECU,,E5CAMCROAND,,,2021,,,,,,5.3012925
SpecifiedAnnualDemand,NDCCON,ECU,,E5CAMCROAND,,,2022,,,,,,5.3012925
SpecifiedAnnualDemand,NDCCON,ECU,,E5CAMCROAND,,,2023,,,,,,5.3012925
SpecifiedAnnualDemand,NDCCON,ECU,,E5CAMCROAND,,,2024,,,,,,5.3012925
SpecifiedAnnualDemand,NDCCON,ECU,,E5CAMCROAND,,,2025,,,,,,5.3012925
SpecifiedAnnualDemand,NDCCON,ECU,,E5CAMCROAND,,,2026,,,,,,5.3012925
SpecifiedAnnualDemand,NDCCON,ECU,,E5CAMCROAND,,,2027,,,,,,5.3012925
SpecifiedAnnualDemand,NDCCON,ECU,,E5CAMCROAND,,,2028,,,,,,5.3012925
SpecifiedAnnualDemand,NDCCON,ECU,,E5CAMCROAND,,,2029,,,,,,5.3012925
SpecifiedAnnualDemand,NDCCON,ECU,,E5CAMCROAND,,,2030,,,,,,5.3012925
SpecifiedAnnualDemand,NDCCON,ECU,,E5CAMCROAND,,,2031,,,,,,5.3012925
SpecifiedAnnualDemand,NDCCON,ECU,,E5CAMCROAND,,,2032,,,,,,5.3012925
SpecifiedAnnualDemand,NDCCON,ECU,,E5CAMCROAND,,,2033,,,,,,5.3012925
SpecifiedAnnualDemand,NDCCON,ECU,,E5CAMCROAND,,,2034,,,,,,5.3012925
SpecifiedAnnualDemand,NDCCON,ECU,,E5CAMCROAND,,,2035,,,,,,5.3012925
SpecifiedAnnualDemand,NDCCON,ECU,,E5CAMCROPLU,,,2010,,,,,,0.3005128308
SpecifiedAnnualDemand,NDCCON,ECU,,E5CAMCROPLU,,,2011,,,,,,0.302995296
SpecifiedAnnualDemand,NDCCON,ECU,,E5CAMCROPLU,,,2012,,,,,,0.3053018822
SpecifiedAnnualDemand,NDCCON,ECU,,E5CAMCROPLU,,,2013,,,,,,0.3077662208
SpecifiedAnnualDemand,NDCCON,ECU,,E5CAMCROPLU,,,2014,,,,,,0.3101207321
SpecifiedAnnualDemand,NDCCON,ECU,,E5CAMCROPLU,,,2015,,,,,,0.2161847556
SpecifiedAnnualDemand,NDCCON,ECU,,E5CAMCROPLU,,,2016,,,,,,0.1247909765
SpecifiedAnnualDemand,NDCCON,ECU,,E5CAMCROPLU,,,2017,,,,,,0.1737552647
SpecifiedAnnualDemand,NDCCON,ECU,,E5CAMCROPLU,,,2018,,,,,,0.2211680321
SpecifiedAnnualDemand,NDCCON,ECU,,E5CAMCROPLU,,,2019,,,,,,0.0084913457
SpecifiedAnnualDemand,NDCCON,ECU,,E5CAMCROPLU,,,2020,,,,,,0.0084913457
SpecifiedAnnualDemand,NDCCON,ECU,,E5CAMCROPLU,,,2021,,,,,,0.0541933223
SpecifiedAnnualDemand,NDCCON,ECU,,E5CAMCROPLU,,,2022,,,,,,0.0541933223
SpecifiedAnnualDemand,NDCCON,ECU,,E5CAMCROPLU,,,2023,,,,,,0.0541933223
SpecifiedAnnualDemand,NDCCON,ECU,,E5CAMCROPLU,,,2024,,,,,,0.0541933223
SpecifiedAnnualDemand,NDCCON,ECU,,E5CAMCROPLU,,,2025,,,,,,0.0541933223
SpecifiedAnnualDemand,NDCCON,ECU,,E5CAMCROPLU,,,2026,,,,,,0.0541933223
SpecifiedAnnualDemand,NDCCON,ECU,,E5CAMCROPLU,,,2027,,,,,,0.0541933223
SpecifiedAnnualDemand,NDCCON,ECU,,E5CAMCROPLU,,,2028,,,,,,0.0541933223
SpecifiedAnnualDemand,NDCCON,ECU,,E5CAMCROPLU,,,2029,,,,,,0.0541933223
SpecifiedAnnualDemand,NDCCON,ECU,,E5CAMCROPLU,,,2030,,,,,,0.0541933223
SpecifiedAnnualDemand,NDCCON,ECU,,E5CAMCROPLU,,,2031,,,,,,0.0541933223
SpecifiedAnnualDemand,NDCCON,ECU,,E5CAMCROPLU,,,2032,,,,,,0.0541933223
SpecifiedAnnualDemand,NDCCON,ECU,,E5CAMCROPLU,,,2033,,,,,,0.0541933223
SpecifiedAnnualDemand,NDCCON,ECU,,E5CAMCROPLU,,,2034,,,,,,0.0541933223
SpecifiedAnnualDemand,NDCCON,ECU,,E5CAMCROPLU,,,2035,,,,,,0.0541933223
SpecifiedAnnualDemand,NDCCON,ECU,,E5CAMCROMON,,,2010,,,,,,2.8735330815
SpecifiedAnnualDemand,NDCCON,ECU,,E5CAMCROMON,,,2011,,,,,,2.7817094882
SpecifiedAnnualDemand,NDCCON,ECU,,E5CAMCROMON,,,2012,,,,,,2.6963914632
SpecifiedAnnualDemand,NDCCON,ECU,,E5CAMCROMON,,,2013,,,,,,2.7123204164
SpecifiedAnnualDemand,NDCCON,ECU,,E5CAMCROMON,,,2014,,,,,,2.7275394695
SpecifiedAnnualDemand,NDCCON,ECU,,E5CAMCROMON,,,2015,,,,,,1.9051370487
SpecifiedAnnualDemand,NDCCON,ECU,,E5CAMCROMON,,,2016,,,,,,1.1019087611
SpecifiedAnnualDemand,NDCCON,ECU,,E5CAMCROMON,,,2017,,,,,,1.5474546975
SpecifiedAnnualDemand,NDCCON,ECU,,E5CAMCROMON,,,2018,,,,,,1.9864941284
SpecifiedAnnualDemand,NDCCON,ECU,,E5CAMCROMON,,,2019,,,,,,0.0762678409
SpecifiedAnnualDemand,NDCCON,ECU,,E5CAMCROMON,,,2020,,,,,,0.0762678409
SpecifiedAnnualDemand,NDCCON,ECU,,E5CAMCROMON,,,2021,,,,,,0.4889234088
SpecifiedAnnualDemand,NDCCON,ECU,,E5CAMCROMON,,,2022,,,,,,0.4889234088
SpecifiedAnnualDemand,NDCCON,ECU,,E5CAMCROMON,,,2023,,,,,,0.4889234088
SpecifiedAnnualDemand,NDCCON,ECU,,E5CAMCROMON,,,2024,,,,,,0.4889234088
SpecifiedAnnualDemand,NDCCON,ECU,,E5CAMCROMON,,,2025,,,,,,0.4889234088
SpecifiedAnnualDemand,NDCCON,ECU,,E5CAMCROMON,,,2026,,,,,,0.4889234088
SpecifiedAnnualDemand,NDCCON,ECU,,E5CAMCROMON,,,2027,,,,,,0.4889234088
SpecifiedAnnualDemand,NDCCON,ECU,,E5CAMCROMON,,,2028,,,,,,0.4889234088
SpecifiedAnnualDemand,NDCCON,ECU,,E5CAMCROMON,,,2029,,,,,,0.4889234088
SpecifiedAnnualDemand,NDCCON,ECU,,E5CAMCROMON,,,2030,,,,,,0.4889234088
SpecifiedAnnualDemand,NDCCON,ECU,,E5CAMCROMON,,,2031,,,,,,0.4889234088
SpecifiedAnnualDemand,NDCCON,ECU,,E5CAMCROMON,,,2032,,,,,,0.4889234088
SpecifiedAnnualDemand,NDCCON,ECU,,E5CAMCROMON,,,2033,,,,,,0.4889234088
SpecifiedAnnualDemand,NDCCON,ECU,,E5CAMCROMON,,,2034,,,,,,0.4889234088
SpecifiedAnnualDemand,NDCCON,ECU,,E5CAMCROMON,,,2035,,,,,,0.4889234088
SpecifiedAnnualDemand,NDCCON,ECU,,E5CAMCROPIE,,,2010,,,,,,1.1680726669
SpecifiedAnnualDemand,NDCCON,ECU,,E5CAMCROPIE,,,2011,,,,,,1.1275938514
SpecifiedAnnualDemand,NDCCON,ECU,,E5CAMCROPIE,,,2012,,,,,,1.0899829013
SpecifiedAnnualDemand,NDCCON,ECU,,E5CAMCROPIE,,,2013,,,,,,1.1064600286
SpecifiedAnnualDemand,NDCCON,ECU,,E5CAMCROPIE,,,2014,,,,,,1.1222028256
SpecifiedAnnualDemand,NDCCON,ECU,,E5CAMCROPIE,,,2015,,,,,,0.7823936726
SpecifiedAnnualDemand,NDCCON,ECU,,E5CAMCROPIE,,,2016,,,,,,0.4516929263
SpecifiedAnnualDemand,NDCCON,ECU,,E5CAMCROPIE,,,2017,,,,,,0.639394779
SpecifiedAnnualDemand,NDCCON,ECU,,E5CAMCROPIE,,,2018,,,,,,0.827191514
SpecifiedAnnualDemand,NDCCON,ECU,,E5CAMCROPIE,,,2019,,,,,,0.0317585186
SpecifiedAnnualDemand,NDCCON,ECU,,E5CAMCROPIE,,,2020,,,,,,0.0317585186
SpecifiedAnnualDemand,NDCCON,ECU,,E5CAMCROPIE,,,2021,,,,,,0.2002881553
SpecifiedAnnualDemand,NDCCON,ECU,,E5CAMCROPIE,,,2022,,,,,,0.2002881553
SpecifiedAnnualDemand,NDCCON,ECU,,E5CAMCROPIE,,,2023,,,,,,0.2002881553
SpecifiedAnnualDemand,NDCCON,ECU,,E5CAMCROPIE,,,2024,,,,,,0.2002881553
SpecifiedAnnualDemand,NDCCON,ECU,,E5CAMCROPIE,,,2025,,,,,,0.2002881553
SpecifiedAnnualDemand,NDCCON,ECU,,E5CAMCROPIE,,,2026,,,,,,0.2002881553
SpecifiedAnnualDemand,NDCCON,ECU,,E5CAMCROPIE,,,2027,,,,,,0.2002881553
SpecifiedAnnualDemand,NDCCON,ECU,,E5CAMCROPIE,,,2028,,,,,,0.2002881553
SpecifiedAnnualDemand,NDCCON,ECU,,E5CAMCROPIE,,,2029,,,,,,0.2002881553
SpecifiedAnnualDemand,NDCCON,ECU,,E5CAMCROPIE,,,2030,,,,,,0.2002881553
SpecifiedAnnualDemand,NDCCON,ECU,,E5CAMCROPIE,,,2031,,,,,,0.2002881553
SpecifiedAnnualDemand,NDCCON,ECU,,E5CAMCROPIE,,,2032,,,,,,0.2002881553
SpecifiedAnnualDemand,NDCCON,ECU,,E5CAMCROPIE,,,2033,,,,,,0.2002881553
SpecifiedAnnualDemand,NDCCON,ECU,,E5CAMCROPIE,,,2034,,,,,,0.2002881553
SpecifiedAnnualDemand,NDCCON,ECU,,E5CAMCROPIE,,,2035,,,,,,0.2002881553
SpecifiedAnnualDemand,NDCCON,ECU,,E5CAMCROCEJ,,,2010,,,,,,0.8044213994
SpecifiedAnnualDemand,NDCCON,ECU,,E5CAMCROCEJ,,,2011,,,,,,0.7810943684
SpecifiedAnnualDemand,NDCCON,ECU,,E5CAMCROCEJ,,,2012,,,,,,0.7594200236
SpecifiedAnnualDemand,NDCCON,ECU,,E5CAMCROCEJ,,,2013,,,,,,0.7547785739
SpecifiedAnnualDemand,NDCCON,ECU,,E5CAMCROCEJ,,,2014,,,,,,0.750343978
SpecifiedAnnualDemand,NDCCON,ECU,,E5CAMCROCEJ,,,2015,,,,,,0.5253228897
SpecifiedAnnualDemand,NDCCON,ECU,,E5CAMCROCEJ,,,2016,,,,,,0.3045457812
SpecifiedAnnualDemand,NDCCON,ECU,,E5CAMCROCEJ,,,2017,,,,,,0.4447129167
SpecifiedAnnualDemand,NDCCON,ECU,,E5CAMCROCEJ,,,2018,,,,,,0.5923682191
SpecifiedAnnualDemand,NDCCON,ECU,,E5CAMCROCEJ,,,2019,,,,,,0.0227429039
SpecifiedAnnualDemand,NDCCON,ECU,,E5CAMCROCEJ,,,2020,,,,,,0.0227429039
SpecifiedAnnualDemand,NDCCON,ECU,,E5CAMCROCEJ,,,2021,,,,,,0.1458425016
SpecifiedAnnualDemand,NDCCON,ECU,,E5CAMCROCEJ,,,2022,,,,,,0.1458425016
SpecifiedAnnualDemand,NDCCON,ECU,,E5CAMCROCEJ,,,2023,,,,,,0.1458425016
SpecifiedAnnualDemand,NDCCON,ECU,,E5CAMCROCEJ,,,2024,,,,,,0.1458425016
SpecifiedAnnualDemand,NDCCON,ECU,,E5CAMCROCEJ,,,2025,,,,,,0.1458425016
SpecifiedAnnualDemand,NDCCON,ECU,,E5CAMCROCEJ,,,2026,,,,,,0.1458425016
SpecifiedAnnualDemand,NDCCON,ECU,,E5CAMCROCEJ,,,2027,,,,,,0.1458425016
SpecifiedAnnualDemand,NDCCON,ECU,,E5CAMCROCEJ,,,2028,,,,,,0.1458425016
SpecifiedAnnualDemand,NDCCON,ECU,,E5CAMCROCEJ,,,2029,,,,,,0.1458425016
SpecifiedAnnualDemand,NDCCON,ECU,,E5CAMCROCEJ,,,2030,,,,,,0.1458425016
SpecifiedAnnualDemand,NDCCON,ECU,,E5CAMCROCEJ,,,2031,,,,,,0.1458425016
SpecifiedAnnualDemand,NDCCON,ECU,,E5CAMCROCEJ,,,2032,,,,,,0.1458425016
SpecifiedAnnualDemand,NDCCON,ECU,,E5CAMCROCEJ,,,2033,,,,,,0.1458425016
SpecifiedAnnualDemand,NDCCON,ECU,,E5CAMCROCEJ,,,2034,,,,,,0.1458425016
SpecifiedAnnualDemand,NDCCON,ECU,,E5CAMCROCEJ,,,2035,,,,,,0.1458425016
SpecifiedAnnualDemand,NDCCON,ECU,,E5CAMCROAMA,,,2010,,,,,,5.8863513002
SpecifiedAnnualDemand,NDCCON,ECU,,E5CAMCROAMA,,,2011,,,,,,6.0887211109
SpecifiedAnnualDemand,NDCCON,ECU,,E5CAMCROAMA,,,2012,,,,,,6.2767533143
SpecifiedAnnualDemand,NDCCON,ECU,,E5CAMCROAMA,,,2013,,,,,,6.264784269
SpecifiedAnnualDemand,NDCCON,ECU,,E5CAMCROAMA,,,2014,,,,,,6.253348644
SpecifiedAnnualDemand,NDCCON,ECU,,E5CAMCROAMA,,,2015,,,,,,4.4142823497
SpecifiedAnnualDemand,NDCCON,ECU,,E5CAMCROAMA,,,2016,,,,,,2.5799828018
SpecifiedAnnualDemand,NDCCON,ECU,,E5CAMCROAMA,,,2017,,,,,,3.6722124068
SpecifiedAnnualDemand,NDCCON,ECU,,E5CAMCROAMA,,,2018,,,,,,4.7759533716
SpecifiedAnnualDemand,NDCCON,ECU,,E5CAMCROAMA,,,2019,,,,,,0.1833640717
SpecifiedAnnualDemand,NDCCON,ECU,,E5CAMCROAMA,,,2020,,,,,,0.1833640717
SpecifiedAnnualDemand,NDCCON,ECU,,E5CAMCROAMA,,,2021,,,,,,1.1387502775
SpecifiedAnnualDemand,NDCCON,ECU,,E5CAMCROAMA,,,2022,,,,,,1.1387502775
SpecifiedAnnualDemand,NDCCON,ECU,,E5CAMCROAMA,,,2023,,,,,,1.1387502775
SpecifiedAnnualDemand,NDCCON,ECU,,E5CAMCROAMA,,,2024,,,,,,1.1387502775
SpecifiedAnnualDemand,NDCCON,ECU,,E5CAMCROAMA,,,2025,,,,,,1.1387502775
SpecifiedAnnualDemand,NDCCON,ECU,,E5CAMCROAMA,,,2026,,,,,,1.1387502775
SpecifiedAnnualDemand,NDCCON,ECU,,E5CAMCROAMA,,,2027,,,,,,1.1387502775
SpecifiedAnnualDemand,NDCCON,ECU,,E5CAMCROAMA,,,2028,,,,,,1.1387502775
SpecifiedAnnualDemand,NDCCON,ECU,,E5CAMCROAMA,,,2029,,,,,,1.1387502775
SpecifiedAnnualDemand,NDCCON,ECU,,E5CAMCROAMA,,,2030,,,,,,1.1387502775
SpecifiedAnnualDemand,NDCCON,ECU,,E5CAMCROAMA,,,2031,,,,,,1.1387502775
SpecifiedAnnualDemand,NDCCON,ECU,,E5CAMCROAMA,,,2032,,,,,,1.1387502775
SpecifiedAnnualDemand,NDCCON,ECU,,E5CAMCROAMA,,,2033,,,,,,1.1387502775
SpecifiedAnnualDemand,NDCCON,ECU,,E5CAMCROAMA,,,2034,,,,,,1.1387502775
SpecifiedAnnualDemand,NDCCON,ECU,,E5CAMCROAMA,,,2035,,,,,,1.1387502775
SpecifiedAnnualDemand,NDCCON,ECU,,E5CAMCROCHO,,,2010,,,,,,0.652161692
SpecifiedAnnualDemand,NDCCON,ECU,,E5CAMCROCHO,,,2011,,,,,,0.6328592334
SpecifiedAnnualDemand,NDCCON,ECU,,E5CAMCROCHO,,,2012,,,,,,0.6149243259
SpecifiedAnnualDemand,NDCCON,ECU,,E5CAMCROCHO,,,2013,,,,,,0.6102804998
SpecifiedAnnualDemand,NDCCON,ECU,,E5CAMCROCHO,,,2014,,,,,,0.6058436334
SpecifiedAnnualDemand,NDCCON,ECU,,E5CAMCROCHO,,,2015,,,,,,0.414965399
SpecifiedAnnualDemand,NDCCON,ECU,,E5CAMCROCHO,,,2016,,,,,,0.2352724498
SpecifiedAnnualDemand,NDCCON,ECU,,E5CAMCROCHO,,,2017,,,,,,0.3266393802
SpecifiedAnnualDemand,NDCCON,ECU,,E5CAMCROCHO,,,2018,,,,,,0.4145646804
SpecifiedAnnualDemand,NDCCON,ECU,,E5CAMCROCHO,,,2019,,,,,,0.0159164594
SpecifiedAnnualDemand,NDCCON,ECU,,E5CAMCROCHO,,,2020,,,,,,0.0159164594
SpecifiedAnnualDemand,NDCCON,ECU,,E5CAMCROCHO,,,2021,,,,,,0.0935014241
SpecifiedAnnualDemand,NDCCON,ECU,,E5CAMCROCHO,,,2022,,,,,,0.0935014241
SpecifiedAnnualDemand,NDCCON,ECU,,E5CAMCROCHO,,,2023,,,,,,0.0935014241
SpecifiedAnnualDemand,NDCCON,ECU,,E5CAMCROCHO,,,2024,,,,,,0.0935014241
SpecifiedAnnualDemand,NDCCON,ECU,,E5CAMCROCHO,,,2025,,,,,,0.0935014241
SpecifiedAnnualDemand,NDCCON,ECU,,E5CAMCROCHO,,,2026,,,,,,0.0935014241
SpecifiedAnnualDemand,NDCCON,ECU,,E5CAMCROCHO,,,2027,,,,,,0.0935014241
SpecifiedAnnualDemand,NDCCON,ECU,,E5CAMCROCHO,,,2028,,,,,,0.0935014241
SpecifiedAnnualDemand,NDCCON,ECU,,E5CAMCROCHO,,,2029,,,,,,0.0935014241
SpecifiedAnnualDemand,NDCCON,ECU,,E5CAMCROCHO,,,2030,,,,,,0.0935014241
SpecifiedAnnualDemand,NDCCON,ECU,,E5CAMCROCHO,,,2031,,,,,,0.0935014241
SpecifiedAnnualDemand,NDCCON,ECU,,E5CAMCROCHO,,,2032,,,,,,0.0935014241
SpecifiedAnnualDemand,NDCCON,ECU,,E5CAMCROCHO,,,2033,,,,,,0.0935014241
SpecifiedAnnualDemand,NDCCON,ECU,,E5CAMCROCHO,,,2034,,,,,,0.0935014241
SpecifiedAnnualDemand,NDCCON,ECU,,E5CAMCROCHO,,,2035,,,,,,0.0935014241
SpecifiedAnnualDemand,NDCCON,ECU,,E5CAMCROMAN,,,2010,,,,,,161.9657445
SpecifiedAnnualDemand,NDCCON,ECU,,E5CAMCROMAN,,,2011,,,,,,156.8454543
SpecifiedAnnualDemand,NDCCON,ECU,,E5CAMCROMAN,,,2012,,,,,,152.0879292
SpecifiedAnnualDemand,NDCCON,ECU,,E5CAMCROMAN,,,2013,,,,,,145.0613673
SpecifiedAnnualDemand,NDCCON,ECU,,E5CAMCROMAN,,,2014,,,,,,138.3479556
SpecifiedAnnualDemand,NDCCON,ECU,,E5CAMCROMAN,,,2015,,,,,,101.5090553
SpecifiedAnnualDemand,NDCCON,ECU,,E5CAMCROMAN,,,2016,,,,,,61.5272414
SpecifiedAnnualDemand,NDCCON,ECU,,E5CAMCROMAN,,,2017,,,,,,85.2650141
SpecifiedAnnualDemand,NDCCON,ECU,,E5CAMCROMAN,,,2018,,,,,,108.0176477
SpecifiedAnnualDemand,NDCCON,ECU,,E5CAMCROMAN,,,2019,,,,,,4.1471418
SpecifiedAnnualDemand,NDCCON,ECU,,E5CAMCROMAN,,,2020,,,,,,4.1471418
SpecifiedAnnualDemand,NDCCON,ECU,,E5CAMCROMAN,,,2021,,,,,,38.1362576
SpecifiedAnnualDemand,NDCCON,ECU,,E5CAMCROMAN,,,2022,,,,,,38.1362576
SpecifiedAnnualDemand,NDCCON,ECU,,E5CAMCROMAN,,,2023,,,,,,38.1362576
SpecifiedAnnualDemand,NDCCON,ECU,,E5CAMCROMAN,,,2024,,,,,,38.1362576
SpecifiedAnnualDemand,NDCCON,ECU,,E5CAMCROMAN,,,2025,,,,,,38.1362576
SpecifiedAnnualDemand,NDCCON,ECU,,E5CAMCROMAN,,,2026,,,,,,38.1362576
SpecifiedAnnualDemand,NDCCON,ECU,,E5CAMCROMAN,,,2027,,,,,,38.1362576
SpecifiedAnnualDemand,NDCCON,ECU,,E5CAMCROMAN,,,2028,,,,,,38.1362576
SpecifiedAnnualDemand,NDCCON,ECU,,E5CAMCROMAN,,,2029,,,,,,38.1362576
SpecifiedAnnualDemand,NDCCON,ECU,,E5CAMCROMAN,,,2030,,,,,,38.1362576
SpecifiedAnnualDemand,NDCCON,ECU,,E5CAMCROMAN,,,2031,,,,,,38.1362576
SpecifiedAnnualDemand,NDCCON,ECU,,E5CAMCROMAN,,,2032,,,,,,38.1362576
SpecifiedAnnualDemand,NDCCON,ECU,,E5CAMCROMAN,,,2033,,,,,,38.1362576
SpecifiedAnnualDemand,NDCCON,ECU,,E5CAMCROMAN,,,2034,,,,,,38.1362576
SpecifiedAnnualDemand,NDCCON,ECU,,E5CAMCROMAN,,,2035,,,,,,38.1362576
SpecifiedAnnualDemand,NDCCON,ECU,,E5CAMCROMOR,,,2010,,,,,,0.6773130193
SpecifiedAnnualDemand,NDCCON,ECU,,E5CAMCROMOR,,,2011,,,,,,0.654615498
SpecifiedAnnualDemand,NDCCON,ECU,,E5CAMCROMOR,,,2012,,,,,,0.6335260631
SpecifiedAnnualDemand,NDCCON,ECU,,E5CAMCROMOR,,,2013,,,,,,0.6294310303
SpecifiedAnnualDemand,NDCCON,ECU,,E5CAMCROMOR,,,2014,,,,,,0.6255184993
SpecifiedAnnualDemand,NDCCON,ECU,,E5CAMCROMOR,,,2015,,,,,,0.4468569474
SpecifiedAnnualDemand,NDCCON,ECU,,E5CAMCROMOR,,,2016,,,,,,0.2641991886
SpecifiedAnnualDemand,NDCCON,ECU,,E5CAMCROMOR,,,2017,,,,,,0.3704081173
SpecifiedAnnualDemand,NDCCON,ECU,,E5CAMCROMOR,,,2018,,,,,,0.4747202842
SpecifiedAnnualDemand,NDCCON,ECU,,E5CAMCROMOR,,,2019,,,,,,0.0182260247
SpecifiedAnnualDemand,NDCCON,ECU,,E5CAMCROMOR,,,2020,,,,,,0.0182260247
SpecifiedAnnualDemand,NDCCON,ECU,,E5CAMCROMOR,,,2021,,,,,,0.1060830027
SpecifiedAnnualDemand,NDCCON,ECU,,E5CAMCROMOR,,,2022,,,,,,0.1060830027
SpecifiedAnnualDemand,NDCCON,ECU,,E5CAMCROMOR,,,2023,,,,,,0.1060830027
SpecifiedAnnualDemand,NDCCON,ECU,,E5CAMCROMOR,,,2024,,,,,,0.1060830027
SpecifiedAnnualDemand,NDCCON,ECU,,E5CAMCROMOR,,,2025,,,,,,0.1060830027
SpecifiedAnnualDemand,NDCCON,ECU,,E5CAMCROMOR,,,2026,,,,,,0.1060830027
SpecifiedAnnualDemand,NDCCON,ECU,,E5CAMCROMOR,,,2027,,,,,,0.1060830027
SpecifiedAnnualDemand,NDCCON,ECU,,E5CAMCROMOR,,,2028,,,,,,0.1060830027
SpecifiedAnnualDemand,NDCCON,ECU,,E5CAMCROMOR,,,2029,,,,,,0.1060830027
SpecifiedAnnualDemand,NDCCON,ECU,,E5CAMCROMOR,,,2030,,,,,,0.1060830027
SpecifiedAnnualDemand,NDCCON,ECU,,E5CAMCROMOR,,,2031,,,,,,0.1060830027
SpecifiedAnnualDemand,NDCCON,ECU,,E5CAMCROMOR,,,2032,,,,,,0.1060830027
SpecifiedAnnualDemand,NDCCON,ECU,,E5CAMCROMOR,,,2033,,,,,,0.1060830027
SpecifiedAnnualDemand,NDCCON,ECU,,E5CAMCROMOR,,,2034,,,,,,0.1060830027
SpecifiedAnnualDemand,NDCCON,ECU,,E5CAMCROMOR,,,2035,,,,,,0.1060830027
SpecifiedAnnualDemand,NDCCON,ECU,,E5CAMCROPFO,,,2010,,,,,,0.0953943676
SpecifiedAnnualDemand,NDCCON,ECU,,E5CAMCROPFO,,,2011,,,,,,0.0918909867
SpecifiedAnnualDemand,NDCCON,ECU,,E5CAMCROPFO,,,2012,,,,,,0.0886358152
SpecifiedAnnualDemand,NDCCON,ECU,,E5CAMCROPFO,,,2013,,,,,,0.0866156997
SpecifiedAnnualDemand,NDCCON,ECU,,E5CAMCROPFO,,,2014,,,,,,0.084685614
SpecifiedAnnualDemand,NDCCON,ECU,,E5CAMCROPFO,,,2015,,,,,,0.1120634872
SpecifiedAnnualDemand,NDCCON,ECU,,E5CAMCROPFO,,,2016,,,,,,0.0953729169
SpecifiedAnnualDemand,NDCCON,ECU,,E5CAMCROPFO,,,2017,,,,,,0.1266548292
SpecifiedAnnualDemand,NDCCON,ECU,,E5CAMCROPFO,,,2018,,,,,,0.1534024795
SpecifiedAnnualDemand,NDCCON,ECU,,E5CAMCROPFO,,,2019,,,,,,0.0058896101
SpecifiedAnnualDemand,NDCCON,ECU,,E5CAMCROPFO,,,2020,,,,,,0.0058896101
SpecifiedAnnualDemand,NDCCON,ECU,,E5CAMCROPFO,,,2021,,,,,,0.0447703576
SpecifiedAnnualDemand,NDCCON,ECU,,E5CAMCROPFO,,,2022,,,,,,0.0447703576
SpecifiedAnnualDemand,NDCCON,ECU,,E5CAMCROPFO,,,2023,,,,,,0.0447703576
SpecifiedAnnualDemand,NDCCON,ECU,,E5CAMCROPFO,,,2024,,,,,,0.0447703576
SpecifiedAnnualDemand,NDCCON,ECU,,E5CAMCROPFO,,,2025,,,,,,0.0447703576
SpecifiedAnnualDemand,NDCCON,ECU,,E5CAMCROPFO,,,2026,,,,,,0.0447703576
SpecifiedAnnualDemand,NDCCON,ECU,,E5CAMCROPFO,,,2027,,,,,,0.0447703576
SpecifiedAnnualDemand,NDCCON,ECU,,E5CAMCROPFO,,,2028,,,,,,0.0447703576
SpecifiedAnnualDemand,NDCCON,ECU,,E5CAMCROPFO,,,2029,,,,,,0.0447703576
SpecifiedAnnualDemand,NDCCON,ECU,,E5CAMCROPFO,,,2030,,,,,,0.0447703576
SpecifiedAnnualDemand,NDCCON,ECU,,E5CAMCROPFO,,,2031,,,,,,0.0447703576
SpecifiedAnnualDemand,NDCCON,ECU,,E5CAMCROPFO,,,2032,,,,,,0.0447703576
SpecifiedAnnualDemand,NDCCON,ECU,,E5CAMCROPFO,,,2033,,,,,,0.0447703576
SpecifiedAnnualDemand,NDCCON,ECU,,E5CAMCROPFO,,,2034,,,,,,0.0447703576
SpecifiedAnnualDemand,NDCCON,ECU,,E5CAMCROPFO,,,2035,,,,,,0.0447703576
SpecifiedAnnualDemand,NDCCON,ECU,,E5CAMGRAAND,,,2010,,,,,,4.4070858
SpecifiedAnnualDemand,NDCCON,ECU,,E5CAMGRAAND,,,2011,,,,,,4.6076946
SpecifiedAnnualDemand,NDCCON,ECU,,E5CAMGRAAND,,,2012,,,,,,4.7940904
SpecifiedAnnualDemand,NDCCON,ECU,,E5CAMGRAAND,,,2013,,,,,,4.726154
SpecifiedAnnualDemand,NDCCON,ECU,,E5CAMGRAAND,,,2014,,,,,,4.6612453
SpecifiedAnnualDemand,NDCCON,ECU,,E5CAMGRAAND,,,2015,,,,,,6.2935281
SpecifiedAnnualDemand,NDCCON,ECU,,E5CAMGRAAND,,,2016,,,,,,7.8951476
SpecifiedAnnualDemand,NDCCON,ECU,,E5CAMGRAAND,,,2017,,,,,,7.3117365
SpecifiedAnnualDemand,NDCCON,ECU,,E5CAMGRAAND,,,2018,,,,,,6.7481139
SpecifiedAnnualDemand,NDCCON,ECU,,E5CAMGRAAND,,,2019,,,,,,0.1726124
SpecifiedAnnualDemand,NDCCON,ECU,,E5CAMGRAAND,,,2020,,,,,,0.1726124
SpecifiedAnnualDemand,NDCCON,ECU,,E5CAMGRAAND,,,2021,,,,,,0.1293852
SpecifiedAnnualDemand,NDCCON,ECU,,E5CAMGRAAND,,,2022,,,,,,0.1293852
SpecifiedAnnualDemand,NDCCON,ECU,,E5CAMGRAAND,,,2023,,,,,,0.1293852
SpecifiedAnnualDemand,NDCCON,ECU,,E5CAMGRAAND,,,2024,,,,,,0.1293852
SpecifiedAnnualDemand,NDCCON,ECU,,E5CAMGRAAND,,,2025,,,,,,0.1293852
SpecifiedAnnualDemand,NDCCON,ECU,,E5CAMGRAAND,,,2026,,,,,,0.1293852
SpecifiedAnnualDemand,NDCCON,ECU,,E5CAMGRAAND,,,2027,,,,,,0.1293852
SpecifiedAnnualDemand,NDCCON,ECU,,E5CAMGRAAND,,,2028,,,,,,0.1293852
SpecifiedAnnualDemand,NDCCON,ECU,,E5CAMGRAAND,,,2029,,,,,,0.1293852
SpecifiedAnnualDemand,NDCCON,ECU,,E5CAMGRAAND,,,2030,,,,,,0.1293852
SpecifiedAnnualDemand,NDCCON,ECU,,E5CAMGRAAND,,,2031,,,,,,0.1293852
SpecifiedAnnualDemand,NDCCON,ECU,,E5CAMGRAAND,,,2032,,,,,,0.1293852
SpecifiedAnnualDemand,NDCCON,ECU,,E5CAMGRAAND,,,2033,,,,,,0.1293852
SpecifiedAnnualDemand,NDCCON,ECU,,E5CAMGRAAND,,,2034,,,,,,0.1293852
SpecifiedAnnualDemand,NDCCON,ECU,,E5CAMGRAAND,,,2035,,,,,,0.1293852
SpecifiedAnnualDemand,NDCCON,ECU,,E5CAMGRAPLU,,,2010,,,,,,43.0360124
SpecifiedAnnualDemand,NDCCON,ECU,,E5CAMGRAPLU,,,2011,,,,,,43.3915227
SpecifiedAnnualDemand,NDCCON,ECU,,E5CAMGRAPLU,,,2012,,,,,,43.7218456
SpecifiedAnnualDemand,NDCCON,ECU,,E5CAMGRAPLU,,,2013,,,,,,44.07476
SpecifiedAnnualDemand,NDCCON,ECU,,E5CAMGRAPLU,,,2014,,,,,,44.4119462
SpecifiedAnnualDemand,NDCCON,ECU,,E5CAMGRAPLU,,,2015,,,,,,59.7147677
SpecifiedAnnualDemand,NDCCON,ECU,,E5CAMGRAPLU,,,2016,,,,,,74.60032
SpecifiedAnnualDemand,NDCCON,ECU,,E5CAMGRAPLU,,,2017,,,,,,69.186994
SpecifiedAnnualDemand,NDCCON,ECU,,E5CAMGRAPLU,,,2018,,,,,,63.9455829
SpecifiedAnnualDemand,NDCCON,ECU,,E5CAMGRAPLU,,,2019,,,,,,1.6356867
SpecifiedAnnualDemand,NDCCON,ECU,,E5CAMGRAPLU,,,2020,,,,,,1.6356867
SpecifiedAnnualDemand,NDCCON,ECU,,E5CAMGRAPLU,,,2021,,,,,,1.3226616
SpecifiedAnnualDemand,NDCCON,ECU,,E5CAMGRAPLU,,,2022,,,,,,1.3226616
SpecifiedAnnualDemand,NDCCON,ECU,,E5CAMGRAPLU,,,2023,,,,,,1.3226616
SpecifiedAnnualDemand,NDCCON,ECU,,E5CAMGRAPLU,,,2024,,,,,,1.3226616
SpecifiedAnnualDemand,NDCCON,ECU,,E5CAMGRAPLU,,,2025,,,,,,1.3226616
SpecifiedAnnualDemand,NDCCON,ECU,,E5CAMGRAPLU,,,2026,,,,,,1.3226616
SpecifiedAnnualDemand,NDCCON,ECU,,E5CAMGRAPLU,,,2027,,,,,,1.3226616
SpecifiedAnnualDemand,NDCCON,ECU,,E5CAMGRAPLU,,,2028,,,,,,1.3226616
SpecifiedAnnualDemand,NDCCON,ECU,,E5CAMGRAPLU,,,2029,,,,,,1.3226616
SpecifiedAnnualDemand,NDCCON,ECU,,E5CAMGRAPLU,,,2030,,,,,,1.3226616
SpecifiedAnnualDemand,NDCCON,ECU,,E5CAMGRAPLU,,,2031,,,,,,1.3226616
SpecifiedAnnualDemand,NDCCON,ECU,,E5CAMGRAPLU,,,2032,,,,,,1.3226616
SpecifiedAnnualDemand,NDCCON,ECU,,E5CAMGRAPLU,,,2033,,,,,,1.3226616
SpecifiedAnnualDemand,NDCCON,ECU,,E5CAMGRAPLU,,,2034,,,,,,1.3226616
SpecifiedAnnualDemand,NDCCON,ECU,,E5CAMGRAPLU,,,2035,,,,,,1.3226616
SpecifiedAnnualDemand,NDCCON,ECU,,E5CAMGRAMON,,,2010,,,,,,411.5145601
SpecifiedAnnualDemand,NDCCON,ECU,,E5CAMGRAMON,,,2011,,,,,,398.3646347
SpecifiedAnnualDemand,NDCCON,ECU,,E5CAMGRAMON,,,2012,,,,,,386.1463625
SpecifiedAnnualDemand,NDCCON,ECU,,E5CAMGRAMON,,,2013,,,,,,388.427525
SpecifiedAnnualDemand,NDCCON,ECU,,E5CAMGRAMON,,,2014,,,,,,390.6070239
SpecifiedAnnualDemand,NDCCON,ECU,,E5CAMGRAMON,,,2015,,,,,,526.2388455
SpecifiedAnnualDemand,NDCCON,ECU,,E5CAMGRAMON,,,2016,,,,,,658.7234792
SpecifiedAnnualDemand,NDCCON,ECU,,E5CAMGRAMON,,,2017,,,,,,616.1755101
SpecifiedAnnualDemand,NDCCON,ECU,,E5CAMGRAMON,,,2018,,,,,,574.3484891
SpecifiedAnnualDemand,NDCCON,ECU,,E5CAMGRAMON,,,2019,,,,,,14.6914636
SpecifiedAnnualDemand,NDCCON,ECU,,E5CAMGRAMON,,,2020,,,,,,14.6914636
SpecifiedAnnualDemand,NDCCON,ECU,,E5CAMGRAMON,,,2021,,,,,,11.9328398
SpecifiedAnnualDemand,NDCCON,ECU,,E5CAMGRAMON,,,2022,,,,,,11.9328398
SpecifiedAnnualDemand,NDCCON,ECU,,E5CAMGRAMON,,,2023,,,,,,11.9328398
SpecifiedAnnualDemand,NDCCON,ECU,,E5CAMGRAMON,,,2024,,,,,,11.9328398
SpecifiedAnnualDemand,NDCCON,ECU,,E5CAMGRAMON,,,2025,,,,,,11.9328398
SpecifiedAnnualDemand,NDCCON,ECU,,E5CAMGRAMON,,,2026,,,,,,11.9328398
SpecifiedAnnualDemand,NDCCON,ECU,,E5CAMGRAMON,,,2027,,,,,,11.9328398
SpecifiedAnnualDemand,NDCCON,ECU,,E5CAMGRAMON,,,2028,,,,,,11.9328398
SpecifiedAnnualDemand,NDCCON,ECU,,E5CAMGRAMON,,,2029,,,,,,11.9328398
SpecifiedAnnualDemand,NDCCON,ECU,,E5CAMGRAMON,,,2030,,,,,,11.9328398
SpecifiedAnnualDemand,NDCCON,ECU,,E5CAMGRAMON,,,2031,,,,,,11.9328398
SpecifiedAnnualDemand,NDCCON,ECU,,E5CAMGRAMON,,,2032,,,,,,11.9328398
SpecifiedAnnualDemand,NDCCON,ECU,,E5CAMGRAMON,,,2033,,,,,,11.9328398
SpecifiedAnnualDemand,NDCCON,ECU,,E5CAMGRAMON,,,2034,,,,,,11.9328398
SpecifiedAnnualDemand,NDCCON,ECU,,E5CAMGRAMON,,,2035,,,,,,11.9328398
SpecifiedAnnualDemand,NDCCON,ECU,,E5CAMGRAPIE,,,2010,,,,,,167.2780149
SpecifiedAnnualDemand,NDCCON,ECU,,E5CAMGRAPIE,,,2011,,,,,,161.4811017
SpecifiedAnnualDemand,NDCCON,ECU,,E5CAMGRAPIE,,,2012,,,,,,156.0948913
SpecifiedAnnualDemand,NDCCON,ECU,,E5CAMGRAPIE,,,2013,,,,,,158.4545572
SpecifiedAnnualDemand,NDCCON,ECU,,E5CAMGRAPIE,,,2014,,,,,,160.7090606
SpecifiedAnnualDemand,NDCCON,ECU,,E5CAMGRAPIE,,,2015,,,,,,216.1135564
SpecifiedAnnualDemand,NDCCON,ECU,,E5CAMGRAPIE,,,2016,,,,,,270.0230241
SpecifiedAnnualDemand,NDCCON,ECU,,E5CAMGRAPIE,,,2017,,,,,,254.5983445
SpecifiedAnnualDemand,NDCCON,ECU,,E5CAMGRAPIE,,,2018,,,,,,239.1631515
SpecifiedAnnualDemand,NDCCON,ECU,,E5CAMGRAPIE,,,2019,,,,,,6.117639
SpecifiedAnnualDemand,NDCCON,ECU,,E5CAMGRAPIE,,,2020,,,,,,6.117639
SpecifiedAnnualDemand,NDCCON,ECU,,E5CAMGRAPIE,,,2021,,,,,,4.8883044
SpecifiedAnnualDemand,NDCCON,ECU,,E5CAMGRAPIE,,,2022,,,,,,4.8883044
SpecifiedAnnualDemand,NDCCON,ECU,,E5CAMGRAPIE,,,2023,,,,,,4.8883044
SpecifiedAnnualDemand,NDCCON,ECU,,E5CAMGRAPIE,,,2024,,,,,,4.8883044
SpecifiedAnnualDemand,NDCCON,ECU,,E5CAMGRAPIE,,,2025,,,,,,4.8883044
SpecifiedAnnualDemand,NDCCON,ECU,,E5CAMGRAPIE,,,2026,,,,,,4.8883044
SpecifiedAnnualDemand,NDCCON,ECU,,E5CAMGRAPIE,,,2027,,,,,,4.8883044
SpecifiedAnnualDemand,NDCCON,ECU,,E5CAMGRAPIE,,,2028,,,,,,4.8883044
SpecifiedAnnualDemand,NDCCON,ECU,,E5CAMGRAPIE,,,2029,,,,,,4.8883044
SpecifiedAnnualDemand,NDCCON,ECU,,E5CAMGRAPIE,,,2030,,,,,,4.8883044
SpecifiedAnnualDemand,NDCCON,ECU,,E5CAMGRAPIE,,,2031,,,,,,4.8883044
SpecifiedAnnualDemand,NDCCON,ECU,,E5CAMGRAPIE,,,2032,,,,,,4.8883044
SpecifiedAnnualDemand,NDCCON,ECU,,E5CAMGRAPIE,,,2033,,,,,,4.8883044
SpecifiedAnnualDemand,NDCCON,ECU,,E5CAMGRAPIE,,,2034,,,,,,4.8883044
SpecifiedAnnualDemand,NDCCON,ECU,,E5CAMGRAPIE,,,2035,,,,,,4.8883044
SpecifiedAnnualDemand,NDCCON,ECU,,E5CAMGRACEJ,,,2010,,,,,,115.2000373
SpecifiedAnnualDemand,NDCCON,ECU,,E5CAMGRACEJ,,,2011,,,,,,111.8594066
SpecifiedAnnualDemand,NDCCON,ECU,,E5CAMGRACEJ,,,2012,,,,,,108.7554547
SpecifiedAnnualDemand,NDCCON,ECU,,E5CAMGRACEJ,,,2013,,,,,,108.0907593
SpecifiedAnnualDemand,NDCCON,ECU,,E5CAMGRACEJ,,,2014,,,,,,107.4556872
SpecifiedAnnualDemand,NDCCON,ECU,,E5CAMGRACEJ,,,2015,,,,,,145.1052097
SpecifiedAnnualDemand,NDCCON,ECU,,E5CAMGRACEJ,,,2016,,,,,,182.0581373
SpecifiedAnnualDemand,NDCCON,ECU,,E5CAMGRACEJ,,,2017,,,,,,177.0786626
SpecifiedAnnualDemand,NDCCON,ECU,,E5CAMGRACEJ,,,2018,,,,,,171.2694675
SpecifiedAnnualDemand,NDCCON,ECU,,E5CAMGRACEJ,,,2019,,,,,,4.3809624
SpecifiedAnnualDemand,NDCCON,ECU,,E5CAMGRACEJ,,,2020,,,,,,4.3809624
SpecifiedAnnualDemand,NDCCON,ECU,,E5CAMGRACEJ,,,2021,,,,,,3.5594843
SpecifiedAnnualDemand,NDCCON,ECU,,E5CAMGRACEJ,,,2022,,,,,,3.5594843
SpecifiedAnnualDemand,NDCCON,ECU,,E5CAMGRACEJ,,,2023,,,,,,3.5594843
SpecifiedAnnualDemand,NDCCON,ECU,,E5CAMGRACEJ,,,2024,,,,,,3.5594843
SpecifiedAnnualDemand,NDCCON,ECU,,E5CAMGRACEJ,,,2025,,,,,,3.5594843
SpecifiedAnnualDemand,NDCCON,ECU,,E5CAMGRACEJ,,,2026,,,,,,3.5594843
SpecifiedAnnualDemand,NDCCON,ECU,,E5CAMGRACEJ,,,2027,,,,,,3.5594843
SpecifiedAnnualDemand,NDCCON,ECU,,E5CAMGRACEJ,,,2028,,,,,,3.5594843
SpecifiedAnnualDemand,NDCCON,ECU,,E5CAMGRACEJ,,,2029,,,,,,3.5594843
SpecifiedAnnualDemand,NDCCON,ECU,,E5CAMGRACEJ,,,2030,,,,,,3.5594843
SpecifiedAnnualDemand,NDCCON,ECU,,E5CAMGRACEJ,,,2031,,,,,,3.5594843
SpecifiedAnnualDemand,NDCCON,ECU,,E5CAMGRACEJ,,,2032,,,,,,3.5594843
SpecifiedAnnualDemand,NDCCON,ECU,,E5CAMGRACEJ,,,2033,,,,,,3.5594843
SpecifiedAnnualDemand,NDCCON,ECU,,E5CAMGRACEJ,,,2034,,,,,,3.5594843
SpecifiedAnnualDemand,NDCCON,ECU,,E5CAMGRACEJ,,,2035,,,,,,3.5594843
SpecifiedAnnualDemand,NDCCON,ECU,,E5CAMGRAAMA,,,2010,,,,,,842.9759453
SpecifiedAnnualDemand,NDCCON,ECU,,E5CAMGRAAMA,,,2011,,,,,,871.9570363
SpecifiedAnnualDemand,NDCCON,ECU,,E5CAMGRAAMA,,,2012,,,,,,898.884859
SpecifiedAnnualDemand,NDCCON,ECU,,E5CAMGRAAMA,,,2013,,,,,,897.1707892
SpecifiedAnnualDemand,NDCCON,ECU,,E5CAMGRAAMA,,,2014,,,,,,895.5331097
SpecifiedAnnualDemand,NDCCON,ECU,,E5CAMGRAAMA,,,2015,,,,,,1219.3174496
SpecifiedAnnualDemand,NDCCON,ECU,,E5CAMGRAAMA,,,2016,,,,,,1542.3193892
SpecifiedAnnualDemand,NDCCON,ECU,,E5CAMGRAAMA,,,2017,,,,,,1462.2252635
SpecifiedAnnualDemand,NDCCON,ECU,,E5CAMGRAAMA,,,2018,,,,,,1380.8556308
SpecifiedAnnualDemand,NDCCON,ECU,,E5CAMGRAAMA,,,2019,,,,,,35.3213957
SpecifiedAnnualDemand,NDCCON,ECU,,E5CAMGRAAMA,,,2020,,,,,,35.3213957
SpecifiedAnnualDemand,NDCCON,ECU,,E5CAMGRAAMA,,,2021,,,,,,27.792747
SpecifiedAnnualDemand,NDCCON,ECU,,E5CAMGRAAMA,,,2022,,,,,,27.792747
SpecifiedAnnualDemand,NDCCON,ECU,,E5CAMGRAAMA,,,2023,,,,,,27.792747
SpecifiedAnnualDemand,NDCCON,ECU,,E5CAMGRAAMA,,,2024,,,,,,27.792747
SpecifiedAnnualDemand,NDCCON,ECU,,E5CAMGRAAMA,,,2025,,,,,,27.792747
SpecifiedAnnualDemand,NDCCON,ECU,,E5CAMGRAAMA,,,2026,,,,,,27.792747
SpecifiedAnnualDemand,NDCCON,ECU,,E5CAMGRAAMA,,,2027,,,,,,27.792747
SpecifiedAnnualDemand,NDCCON,ECU,,E5CAMGRAAMA,,,2028,,,,,,27.792747
SpecifiedAnnualDemand,NDCCON,ECU,,E5CAMGRAAMA,,,2029,,,,,,27.792747
SpecifiedAnnualDemand,NDCCON,ECU,,E5CAMGRAAMA,,,2030,,,,,,27.792747
SpecifiedAnnualDemand,NDCCON,ECU,,E5CAMGRAAMA,,,2031,,,,,,27.792747
SpecifiedAnnualDemand,NDCCON,ECU,,E5CAMGRAAMA,,,2032,,,,,,27.792747
SpecifiedAnnualDemand,NDCCON,ECU,,E5CAMGRAAMA,,,2033,,,,,,27.792747
SpecifiedAnnualDemand,NDCCON,ECU,,E5CAMGRAAMA,,,2034,,,,,,27.792747
SpecifiedAnnualDemand,NDCCON,ECU,,E5CAMGRAAMA,,,2035,,,,,,27.792747
SpecifiedAnnualDemand,NDCCON,ECU,,E5CAMGRACHO,,,2010,,,,,,93.3951426
SpecifiedAnnualDemand,NDCCON,ECU,,E5CAMGRACHO,,,2011,,,,,,90.6308651
SpecifiedAnnualDemand,NDCCON,ECU,,E5CAMGRACHO,,,2012,,,,,,88.0624327
SpecifiedAnnualDemand,NDCCON,ECU,,E5CAMGRACHO,,,2013,,,,,,87.397397
SpecifiedAnnualDemand,NDCCON,ECU,,E5CAMGRACHO,,,2014,,,,,,86.7619997
SpecifiedAnnualDemand,NDCCON,ECU,,E5CAMGRACHO,,,2015,,,,,,114.6221541
SpecifiedAnnualDemand,NDCCON,ECU,,E5CAMGRACHO,,,2016,,,,,,140.6463876
SpecifiedAnnualDemand,NDCCON,ECU,,E5CAMGRACHO,,,2017,,,,,,130.0633789
SpecifiedAnnualDemand,NDCCON,ECU,,E5CAMGRACHO,,,2018,,,,,,119.8617174
SpecifiedAnnualDemand,NDCCON,ECU,,E5CAMGRACHO,,,2019,,,,,,3.0659854
SpecifiedAnnualDemand,NDCCON,ECU,,E5CAMGRACHO,,,2020,,,,,,3.0659854
SpecifiedAnnualDemand,NDCCON,ECU,,E5CAMGRACHO,,,2021,,,,,,2.2820292
SpecifiedAnnualDemand,NDCCON,ECU,,E5CAMGRACHO,,,2022,,,,,,2.2820292
SpecifiedAnnualDemand,NDCCON,ECU,,E5CAMGRACHO,,,2023,,,,,,2.2820292
SpecifiedAnnualDemand,NDCCON,ECU,,E5CAMGRACHO,,,2024,,,,,,2.2820292
SpecifiedAnnualDemand,NDCCON,ECU,,E5CAMGRACHO,,,2025,,,,,,2.2820292
SpecifiedAnnualDemand,NDCCON,ECU,,E5CAMGRACHO,,,2026,,,,,,2.2820292
SpecifiedAnnualDemand,NDCCON,ECU,,E5CAMGRACHO,,,2027,,,,,,2.2820292
SpecifiedAnnualDemand,NDCCON,ECU,,E5CAMGRACHO,,,2028,,,,,,2.2820292
SpecifiedAnnualDemand,NDCCON,ECU,,E5CAMGRACHO,,,2029,,,,,,2.2820292
SpecifiedAnnualDemand,NDCCON,ECU,,E5CAMGRACHO,,,2030,,,,,,2.2820292
SpecifiedAnnualDemand,NDCCON,ECU,,E5CAMGRACHO,,,2031,,,,,,2.2820292
SpecifiedAnnualDemand,NDCCON,ECU,,E5CAMGRACHO,,,2032,,,,,,2.2820292
SpecifiedAnnualDemand,NDCCON,ECU,,E5CAMGRACHO,,,2033,,,,,,2.2820292
SpecifiedAnnualDemand,NDCCON,ECU,,E5CAMGRACHO,,,2034,,,,,,2.2820292
SpecifiedAnnualDemand,NDCCON,ECU,,E5CAMGRACHO,,,2035,,,,,,2.2820292
SpecifiedAnnualDemand,NDCCON,ECU,,E5CAMGRAMAN,,,2010,,,,,,23.1948825
SpecifiedAnnualDemand,NDCCON,ECU,,E5CAMGRAMAN,,,2011,,,,,,22.461613
SpecifiedAnnualDemand,NDCCON,ECU,,E5CAMGRAMAN,,,2012,,,,,,21.7802947
SpecifiedAnnualDemand,NDCCON,ECU,,E5CAMGRAMAN,,,2013,,,,,,20.7740308
SpecifiedAnnualDemand,NDCCON,ECU,,E5CAMGRAMAN,,,2014,,,,,,19.8126127
SpecifiedAnnualDemand,NDCCON,ECU,,E5CAMGRAMAN,,,2015,,,,,,28.038932
SpecifiedAnnualDemand,NDCCON,ECU,,E5CAMGRAMAN,,,2016,,,,,,36.7811201
SpecifiedAnnualDemand,NDCCON,ECU,,E5CAMGRAMAN,,,2017,,,,,,33.9513742
SpecifiedAnnualDemand,NDCCON,ECU,,E5CAMGRAMAN,,,2018,,,,,,31.2307859
SpecifiedAnnualDemand,NDCCON,ECU,,E5CAMGRAMAN,,,2019,,,,,,0.7988633
SpecifiedAnnualDemand,NDCCON,ECU,,E5CAMGRAMAN,,,2020,,,,,,0.7988633
SpecifiedAnnualDemand,NDCCON,ECU,,E5CAMGRAMAN,,,2021,,,,,,0.9307672
SpecifiedAnnualDemand,NDCCON,ECU,,E5CAMGRAMAN,,,2022,,,,,,0.9307672
SpecifiedAnnualDemand,NDCCON,ECU,,E5CAMGRAMAN,,,2023,,,,,,0.9307672
SpecifiedAnnualDemand,NDCCON,ECU,,E5CAMGRAMAN,,,2024,,,,,,0.9307672
SpecifiedAnnualDemand,NDCCON,ECU,,E5CAMGRAMAN,,,2025,,,,,,0.9307672
SpecifiedAnnualDemand,NDCCON,ECU,,E5CAMGRAMAN,,,2026,,,,,,0.9307672
SpecifiedAnnualDemand,NDCCON,ECU,,E5CAMGRAMAN,,,2027,,,,,,0.9307672
SpecifiedAnnualDemand,NDCCON,ECU,,E5CAMGRAMAN,,,2028,,,,,,0.9307672
SpecifiedAnnualDemand,NDCCON,ECU,,E5CAMGRAMAN,,,2029,,,,,,0.9307672
SpecifiedAnnualDemand,NDCCON,ECU,,E5CAMGRAMAN,,,2030,,,,,,0.9307672
SpecifiedAnnualDemand,NDCCON,ECU,,E5CAMGRAMAN,,,2031,,,,,,0.9307672
SpecifiedAnnualDemand,NDCCON,ECU,,E5CAMGRAMAN,,,2032,,,,,,0.9307672
SpecifiedAnnualDemand,NDCCON,ECU,,E5CAMGRAMAN,,,2033,,,,,,0.9307672
SpecifiedAnnualDemand,NDCCON,ECU,,E5CAMGRAMAN,,,2034,,,,,,0.9307672
SpecifiedAnnualDemand,NDCCON,ECU,,E5CAMGRAMAN,,,2035,,,,,,0.9307672
SpecifiedAnnualDemand,NDCCON,ECU,,E5CAMGRAMOR,,,2010,,,,,,96.9970282
SpecifiedAnnualDemand,NDCCON,ECU,,E5CAMGRAMOR,,,2011,,,,,,93.7465486
SpecifiedAnnualDemand,NDCCON,ECU,,E5CAMGRAMOR,,,2012,,,,,,90.7263608
SpecifiedAnnualDemand,NDCCON,ECU,,E5CAMGRAMOR,,,2013,,,,,,90.139917
SpecifiedAnnualDemand,NDCCON,ECU,,E5CAMGRAMOR,,,2014,,,,,,89.5796091
SpecifiedAnnualDemand,NDCCON,ECU,,E5CAMGRAMOR,,,2015,,,,,,123.4312693
SpecifiedAnnualDemand,NDCCON,ECU,,E5CAMGRAMOR,,,2016,,,,,,157.9388556
SpecifiedAnnualDemand,NDCCON,ECU,,E5CAMGRAMOR,,,2017,,,,,,147.4914975
SpecifiedAnnualDemand,NDCCON,ECU,,E5CAMGRAMOR,,,2018,,,,,,137.2543085
SpecifiedAnnualDemand,NDCCON,ECU,,E5CAMGRAMOR,,,2019,,,,,,3.5108766
SpecifiedAnnualDemand,NDCCON,ECU,,E5CAMGRAMOR,,,2020,,,,,,3.5108766
SpecifiedAnnualDemand,NDCCON,ECU,,E5CAMGRAMOR,,,2021,,,,,,2.5890997
SpecifiedAnnualDemand,NDCCON,ECU,,E5CAMGRAMOR,,,2022,,,,,,2.5890997
SpecifiedAnnualDemand,NDCCON,ECU,,E5CAMGRAMOR,,,2023,,,,,,2.5890997
SpecifiedAnnualDemand,NDCCON,ECU,,E5CAMGRAMOR,,,2024,,,,,,2.5890997
SpecifiedAnnualDemand,NDCCON,ECU,,E5CAMGRAMOR,,,2025,,,,,,2.5890997
SpecifiedAnnualDemand,NDCCON,ECU,,E5CAMGRAMOR,,,2026,,,,,,2.5890997
SpecifiedAnnualDemand,NDCCON,ECU,,E5CAMGRAMOR,,,2027,,,,,,2.5890997
SpecifiedAnnualDemand,NDCCON,ECU,,E5CAMGRAMOR,,,2028,,,,,,2.5890997
SpecifiedAnnualDemand,NDCCON,ECU,,E5CAMGRAMOR,,,2029,,,,,,2.5890997
SpecifiedAnnualDemand,NDCCON,ECU,,E5CAMGRAMOR,,,2030,,,,,,2.5890997
SpecifiedAnnualDemand,NDCCON,ECU,,E5CAMGRAMOR,,,2031,,,,,,2.5890997
SpecifiedAnnualDemand,NDCCON,ECU,,E5CAMGRAMOR,,,2032,,,,,,2.5890997
SpecifiedAnnualDemand,NDCCON,ECU,,E5CAMGRAMOR,,,2033,,,,,,2.5890997
SpecifiedAnnualDemand,NDCCON,ECU,,E5CAMGRAMOR,,,2034,,,,,,2.5890997
SpecifiedAnnualDemand,NDCCON,ECU,,E5CAMGRAMOR,,,2035,,,,,,2.5890997
SpecifiedAnnualDemand,NDCCON,ECU,,E5CAMGRAPFO,,,2010,,,,,,13.6612909
SpecifiedAnnualDemand,NDCCON,ECU,,E5CAMGRAPFO,,,2011,,,,,,13.1595767
SpecifiedAnnualDemand,NDCCON,ECU,,E5CAMGRAPFO,,,2012,,,,,,12.6934082
SpecifiedAnnualDemand,NDCCON,ECU,,E5CAMGRAPFO,,,2013,,,,,,12.4041104
SpecifiedAnnualDemand,NDCCON,ECU,,E5CAMGRAPFO,,,2014,,,,,,12.1277056
SpecifiedAnnualDemand,NDCCON,ECU,,E5CAMGRAPFO,,,2015,,,,,,30.9542876
SpecifiedAnnualDemand,NDCCON,ECU,,E5CAMGRAPFO,,,2016,,,,,,57.0141393
SpecifiedAnnualDemand,NDCCON,ECU,,E5CAMGRAPFO,,,2017,,,,,,50.4322383
SpecifiedAnnualDemand,NDCCON,ECU,,E5CAMGRAPFO,,,2018,,,,,,44.3527525
SpecifiedAnnualDemand,NDCCON,ECU,,E5CAMGRAPFO,,,2019,,,,,,1.1345148
SpecifiedAnnualDemand,NDCCON,ECU,,E5CAMGRAPFO,,,2020,,,,,,1.1345148
SpecifiedAnnualDemand,NDCCON,ECU,,E5CAMGRAPFO,,,2021,,,,,,1.0926814
SpecifiedAnnualDemand,NDCCON,ECU,,E5CAMGRAPFO,,,2022,,,,,,1.0926814
SpecifiedAnnualDemand,NDCCON,ECU,,E5CAMGRAPFO,,,2023,,,,,,1.0926814
SpecifiedAnnualDemand,NDCCON,ECU,,E5CAMGRAPFO,,,2024,,,,,,1.0926814
SpecifiedAnnualDemand,NDCCON,ECU,,E5CAMGRAPFO,,,2025,,,,,,1.0926814
SpecifiedAnnualDemand,NDCCON,ECU,,E5CAMGRAPFO,,,2026,,,,,,1.0926814
SpecifiedAnnualDemand,NDCCON,ECU,,E5CAMGRAPFO,,,2027,,,,,,1.0926814
SpecifiedAnnualDemand,NDCCON,ECU,,E5CAMGRAPFO,,,2028,,,,,,1.0926814
SpecifiedAnnualDemand,NDCCON,ECU,,E5CAMGRAPFO,,,2029,,,,,,1.0926814
SpecifiedAnnualDemand,NDCCON,ECU,,E5CAMGRAPFO,,,2030,,,,,,1.0926814
SpecifiedAnnualDemand,NDCCON,ECU,,E5CAMGRAPFO,,,2031,,,,,,1.0926814
SpecifiedAnnualDemand,NDCCON,ECU,,E5CAMGRAPFO,,,2032,,,,,,1.0926814
SpecifiedAnnualDemand,NDCCON,ECU,,E5CAMGRAPFO,,,2033,,,,,,1.0926814
SpecifiedAnnualDemand,NDCCON,ECU,,E5CAMGRAPFO,,,2034,,,,,,1.0926814
SpecifiedAnnualDemand,NDCCON,ECU,,E5CAMGRAPFO,,,2035,,,,,,1.0926814
SpecifiedAnnualDemand,NDCCON,ECU,,E5CAMHUMAND,,,2010,,,,,,0.0904
SpecifiedAnnualDemand,NDCCON,ECU,,E5CAMHUMAND,,,2011,,,,,,0.09451
SpecifiedAnnualDemand,NDCCON,ECU,,E5CAMHUMAND,,,2012,,,,,,0.09833
SpecifiedAnnualDemand,NDCCON,ECU,,E5CAMHUMAND,,,2013,,,,,,0.09694
SpecifiedAnnualDemand,NDCCON,ECU,,E5CAMHUMAND,,,2014,,,,,,0.09561
SpecifiedAnnualDemand,NDCCON,ECU,,E5CAMHUMAND,,,2015,,,,,,0.10022
SpecifiedAnnualDemand,NDCCON,ECU,,E5CAMHUMAND,,,2016,,,,,,0.10475
SpecifiedAnnualDemand,NDCCON,ECU,,E5CAMHUMAND,,,2017,,,,,,0.10207
SpecifiedAnnualDemand,NDCCON,ECU,,E5CAMHUMAND,,,2018,,,,,,0.09948
SpecifiedAnnualDemand,NDCCON,ECU,,E5CAMHUMAND,,,2019,,,,,,0.00241
SpecifiedAnnualDemand,NDCCON,ECU,,E5CAMHUMAND,,,2020,,,,,,0.00241
SpecifiedAnnualDemand,NDCCON,ECU,,E5CAMHUMAND,,,2021,,,,,,0.02781
SpecifiedAnnualDemand,NDCCON,ECU,,E5CAMHUMAND,,,2022,,,,,,0.02781
SpecifiedAnnualDemand,NDCCON,ECU,,E5CAMHUMAND,,,2023,,,,,,0.02781
SpecifiedAnnualDemand,NDCCON,ECU,,E5CAMHUMAND,,,2024,,,,,,0.02781
SpecifiedAnnualDemand,NDCCON,ECU,,E5CAMHUMAND,,,2025,,,,,,0.02781
SpecifiedAnnualDemand,NDCCON,ECU,,E5CAMHUMAND,,,2026,,,,,,0.02781
SpecifiedAnnualDemand,NDCCON,ECU,,E5CAMHUMAND,,,2027,,,,,,0.02781
SpecifiedAnnualDemand,NDCCON,ECU,,E5CAMHUMAND,,,2028,,,,,,0.02781
SpecifiedAnnualDemand,NDCCON,ECU,,E5CAMHUMAND,,,2029,,,,,,0.02781
SpecifiedAnnualDemand,NDCCON,ECU,,E5CAMHUMAND,,,2030,,,,,,0.02781
SpecifiedAnnualDemand,NDCCON,ECU,,E5CAMHUMAND,,,2031,,,,,,0.02781
SpecifiedAnnualDemand,NDCCON,ECU,,E5CAMHUMAND,,,2032,,,,,,0.02781
SpecifiedAnnualDemand,NDCCON,ECU,,E5CAMHUMAND,,,2033,,,,,,0.02781
SpecifiedAnnualDemand,NDCCON,ECU,,E5CAMHUMAND,,,2034,,,,,,0.02781
SpecifiedAnnualDemand,NDCCON,ECU,,E5CAMHUMAND,,,2035,,,,,,0.02781
SpecifiedAnnualDemand,NDCCON,ECU,,E5CAMHUMPLU,,,2010,,,,,,0.88274
SpecifiedAnnualDemand,NDCCON,ECU,,E5CAMHUMPLU,,,2011,,,,,,0.89003
SpecifiedAnnualDemand,NDCCON,ECU,,E5CAMHUMPLU,,,2012,,,,,,0.8968
SpecifiedAnnualDemand,NDCCON,ECU,,E5CAMHUMPLU,,,2013,,,,,,0.90404
SpecifiedAnnualDemand,NDCCON,ECU,,E5CAMHUMPLU,,,2014,,,,,,0.91096
SpecifiedAnnualDemand,NDCCON,ECU,,E5CAMHUMPLU,,,2015,,,,,,0.95091
SpecifiedAnnualDemand,NDCCON,ECU,,E5CAMHUMPLU,,,2016,,,,,,0.98974
SpecifiedAnnualDemand,NDCCON,ECU,,E5CAMHUMPLU,,,2017,,,,,,0.96582
SpecifiedAnnualDemand,NDCCON,ECU,,E5CAMHUMPLU,,,2018,,,,,,0.94266
SpecifiedAnnualDemand,NDCCON,ECU,,E5CAMHUMPLU,,,2019,,,,,,0.02286
SpecifiedAnnualDemand,NDCCON,ECU,,E5CAMHUMPLU,,,2020,,,,,,0.02286
SpecifiedAnnualDemand,NDCCON,ECU,,E5CAMHUMPLU,,,2021,,,,,,0.28433
SpecifiedAnnualDemand,NDCCON,ECU,,E5CAMHUMPLU,,,2022,,,,,,0.28433
SpecifiedAnnualDemand,NDCCON,ECU,,E5CAMHUMPLU,,,2023,,,,,,0.28433
SpecifiedAnnualDemand,NDCCON,ECU,,E5CAMHUMPLU,,,2024,,,,,,0.28433
SpecifiedAnnualDemand,NDCCON,ECU,,E5CAMHUMPLU,,,2025,,,,,,0.28433
SpecifiedAnnualDemand,NDCCON,ECU,,E5CAMHUMPLU,,,2026,,,,,,0.28433
SpecifiedAnnualDemand,NDCCON,ECU,,E5CAMHUMPLU,,,2027,,,,,,0.28433
SpecifiedAnnualDemand,NDCCON,ECU,,E5CAMHUMPLU,,,2028,,,,,,0.28433
SpecifiedAnnualDemand,NDCCON,ECU,,E5CAMHUMPLU,,,2029,,,,,,0.28433
SpecifiedAnnualDemand,NDCCON,ECU,,E5CAMHUMPLU,,,2030,,,,,,0.28433
SpecifiedAnnualDemand,NDCCON,ECU,,E5CAMHUMPLU,,,2031,,,,,,0.28433
SpecifiedAnnualDemand,NDCCON,ECU,,E5CAMHUMPLU,,,2032,,,,,,0.28433
SpecifiedAnnualDemand,NDCCON,ECU,,E5CAMHUMPLU,,,2033,,,,,,0.28433
SpecifiedAnnualDemand,NDCCON,ECU,,E5CAMHUMPLU,,,2034,,,,,,0.28433
SpecifiedAnnualDemand,NDCCON,ECU,,E5CAMHUMPLU,,,2035,,,,,,0.28433
SpecifiedAnnualDemand,NDCCON,ECU,,E5CAMHUMMON,,,2010,,,,,,8.44081
SpecifiedAnnualDemand,NDCCON,ECU,,E5CAMHUMMON,,,2011,,,,,,8.17109
SpecifiedAnnualDemand,NDCCON,ECU,,E5CAMHUMMON,,,2012,,,,,,7.92047
SpecifiedAnnualDemand,NDCCON,ECU,,E5CAMHUMMON,,,2013,,,,,,7.96726
SpecifiedAnnualDemand,NDCCON,ECU,,E5CAMHUMMON,,,2014,,,,,,8.01197
SpecifiedAnnualDemand,NDCCON,ECU,,E5CAMHUMMON,,,2015,,,,,,8.37992
SpecifiedAnnualDemand,NDCCON,ECU,,E5CAMHUMMON,,,2016,,,,,,8.73946
SpecifiedAnnualDemand,NDCCON,ECU,,E5CAMHUMMON,,,2017,,,,,,8.60154
SpecifiedAnnualDemand,NDCCON,ECU,,E5CAMHUMMON,,,2018,,,,,,8.46683
SpecifiedAnnualDemand,NDCCON,ECU,,E5CAMHUMMON,,,2019,,,,,,0.20534
SpecifiedAnnualDemand,NDCCON,ECU,,E5CAMHUMMON,,,2020,,,,,,0.20534
SpecifiedAnnualDemand,NDCCON,ECU,,E5CAMHUMMON,,,2021,,,,,,2.56518
SpecifiedAnnualDemand,NDCCON,ECU,,E5CAMHUMMON,,,2022,,,,,,2.56518
SpecifiedAnnualDemand,NDCCON,ECU,,E5CAMHUMMON,,,2023,,,,,,2.56518
SpecifiedAnnualDemand,NDCCON,ECU,,E5CAMHUMMON,,,2024,,,,,,2.56518
SpecifiedAnnualDemand,NDCCON,ECU,,E5CAMHUMMON,,,2025,,,,,,2.56518
SpecifiedAnnualDemand,NDCCON,ECU,,E5CAMHUMMON,,,2026,,,,,,2.56518
SpecifiedAnnualDemand,NDCCON,ECU,,E5CAMHUMMON,,,2027,,,,,,2.56518
SpecifiedAnnualDemand,NDCCON,ECU,,E5CAMHUMMON,,,2028,,,,,,2.56518
SpecifiedAnnualDemand,NDCCON,ECU,,E5CAMHUMMON,,,2029,,,,,,2.56518
SpecifiedAnnualDemand,NDCCON,ECU,,E5CAMHUMMON,,,2030,,,,,,2.56518
SpecifiedAnnualDemand,NDCCON,ECU,,E5CAMHUMMON,,,2031,,,,,,2.56518
SpecifiedAnnualDemand,NDCCON,ECU,,E5CAMHUMMON,,,2032,,,,,,2.56518
SpecifiedAnnualDemand,NDCCON,ECU,,E5CAMHUMMON,,,2033,,,,,,2.56518
SpecifiedAnnualDemand,NDCCON,ECU,,E5CAMHUMMON,,,2034,,,,,,2.56518
SpecifiedAnnualDemand,NDCCON,ECU,,E5CAMHUMMON,,,2035,,,,,,2.56518
SpecifiedAnnualDemand,NDCCON,ECU,,E5CAMHUMPIE,,,2010,,,,,,3.43114
SpecifiedAnnualDemand,NDCCON,ECU,,E5CAMHUMPIE,,,2011,,,,,,3.31223
SpecifiedAnnualDemand,NDCCON,ECU,,E5CAMHUMPIE,,,2012,,,,,,3.20175
SpecifiedAnnualDemand,NDCCON,ECU,,E5CAMHUMPIE,,,2013,,,,,,3.25015
SpecifiedAnnualDemand,NDCCON,ECU,,E5CAMHUMPIE,,,2014,,,,,,3.2964
SpecifiedAnnualDemand,NDCCON,ECU,,E5CAMHUMPIE,,,2015,,,,,,3.44143
SpecifiedAnnualDemand,NDCCON,ECU,,E5CAMHUMPIE,,,2016,,,,,,3.58247
SpecifiedAnnualDemand,NDCCON,ECU,,E5CAMHUMPIE,,,2017,,,,,,3.55408
SpecifiedAnnualDemand,NDCCON,ECU,,E5CAMHUMPIE,,,2018,,,,,,3.52565
SpecifiedAnnualDemand,NDCCON,ECU,,E5CAMHUMPIE,,,2019,,,,,,0.08551
SpecifiedAnnualDemand,NDCCON,ECU,,E5CAMHUMPIE,,,2020,,,,,,0.08551
SpecifiedAnnualDemand,NDCCON,ECU,,E5CAMHUMPIE,,,2021,,,,,,1.05083
SpecifiedAnnualDemand,NDCCON,ECU,,E5CAMHUMPIE,,,2022,,,,,,1.05083
SpecifiedAnnualDemand,NDCCON,ECU,,E5CAMHUMPIE,,,2023,,,,,,1.05083
SpecifiedAnnualDemand,NDCCON,ECU,,E5CAMHUMPIE,,,2024,,,,,,1.05083
SpecifiedAnnualDemand,NDCCON,ECU,,E5CAMHUMPIE,,,2025,,,,,,1.05083
SpecifiedAnnualDemand,NDCCON,ECU,,E5CAMHUMPIE,,,2026,,,,,,1.05083
SpecifiedAnnualDemand,NDCCON,ECU,,E5CAMHUMPIE,,,2027,,,,,,1.05083
SpecifiedAnnualDemand,NDCCON,ECU,,E5CAMHUMPIE,,,2028,,,,,,1.05083
SpecifiedAnnualDemand,NDCCON,ECU,,E5CAMHUMPIE,,,2029,,,,,,1.05083
SpecifiedAnnualDemand,NDCCON,ECU,,E5CAMHUMPIE,,,2030,,,,,,1.05083
SpecifiedAnnualDemand,NDCCON,ECU,,E5CAMHUMPIE,,,2031,,,,,,1.05083
SpecifiedAnnualDemand,NDCCON,ECU,,E5CAMHUMPIE,,,2032,,,,,,1.05083
SpecifiedAnnualDemand,NDCCON,ECU,,E5CAMHUMPIE,,,2033,,,,,,1.05083
SpecifiedAnnualDemand,NDCCON,ECU,,E5CAMHUMPIE,,,2034,,,,,,1.05083
SpecifiedAnnualDemand,NDCCON,ECU,,E5CAMHUMPIE,,,2035,,,,,,1.05083
SpecifiedAnnualDemand,NDCCON,ECU,,E5CAMHUMCEJ,,,2010,,,,,,2.36293
SpecifiedAnnualDemand,NDCCON,ECU,,E5CAMHUMCEJ,,,2011,,,,,,2.29441
SpecifiedAnnualDemand,NDCCON,ECU,,E5CAMHUMCEJ,,,2012,,,,,,2.23075
SpecifiedAnnualDemand,NDCCON,ECU,,E5CAMHUMCEJ,,,2013,,,,,,2.21711
SpecifiedAnnualDemand,NDCCON,ECU,,E5CAMHUMCEJ,,,2014,,,,,,2.20409
SpecifiedAnnualDemand,NDCCON,ECU,,E5CAMHUMCEJ,,,2015,,,,,,2.31068
SpecifiedAnnualDemand,NDCCON,ECU,,E5CAMHUMCEJ,,,2016,,,,,,2.41541
SpecifiedAnnualDemand,NDCCON,ECU,,E5CAMHUMCEJ,,,2017,,,,,,2.47194
SpecifiedAnnualDemand,NDCCON,ECU,,E5CAMHUMCEJ,,,2018,,,,,,2.52479
SpecifiedAnnualDemand,NDCCON,ECU,,E5CAMHUMCEJ,,,2019,,,,,,0.06123
SpecifiedAnnualDemand,NDCCON,ECU,,E5CAMHUMCEJ,,,2020,,,,,,0.06123
SpecifiedAnnualDemand,NDCCON,ECU,,E5CAMHUMCEJ,,,2021,,,,,,0.76518
SpecifiedAnnualDemand,NDCCON,ECU,,E5CAMHUMCEJ,,,2022,,,,,,0.76518
SpecifiedAnnualDemand,NDCCON,ECU,,E5CAMHUMCEJ,,,2023,,,,,,0.76518
SpecifiedAnnualDemand,NDCCON,ECU,,E5CAMHUMCEJ,,,2024,,,,,,0.76518
SpecifiedAnnualDemand,NDCCON,ECU,,E5CAMHUMCEJ,,,2025,,,,,,0.76518
SpecifiedAnnualDemand,NDCCON,ECU,,E5CAMHUMCEJ,,,2026,,,,,,0.76518
SpecifiedAnnualDemand,NDCCON,ECU,,E5CAMHUMCEJ,,,2027,,,,,,0.76518
SpecifiedAnnualDemand,NDCCON,ECU,,E5CAMHUMCEJ,,,2028,,,,,,0.76518
SpecifiedAnnualDemand,NDCCON,ECU,,E5CAMHUMCEJ,,,2029,,,,,,0.76518
SpecifiedAnnualDemand,NDCCON,ECU,,E5CAMHUMCEJ,,,2030,,,,,,0.76518
SpecifiedAnnualDemand,NDCCON,ECU,,E5CAMHUMCEJ,,,2031,,,,,,0.76518
SpecifiedAnnualDemand,NDCCON,ECU,,E5CAMHUMCEJ,,,2032,,,,,,0.76518
SpecifiedAnnualDemand,NDCCON,ECU,,E5CAMHUMCEJ,,,2033,,,,,,0.76518
SpecifiedAnnualDemand,NDCCON,ECU,,E5CAMHUMCEJ,,,2034,,,,,,0.76518
SpecifiedAnnualDemand,NDCCON,ECU,,E5CAMHUMCEJ,,,2035,,,,,,0.76518
SpecifiedAnnualDemand,NDCCON,ECU,,E5CAMHUMAMA,,,2010,,,,,,17.29076
SpecifiedAnnualDemand,NDCCON,ECU,,E5CAMHUMAMA,,,2011,,,,,,17.88521
SpecifiedAnnualDemand,NDCCON,ECU,,E5CAMHUMAMA,,,2012,,,,,,18.43754
SpecifiedAnnualDemand,NDCCON,ECU,,E5CAMHUMAMA,,,2013,,,,,,18.40239
SpecifiedAnnualDemand,NDCCON,ECU,,E5CAMHUMAMA,,,2014,,,,,,18.36879
SpecifiedAnnualDemand,NDCCON,ECU,,E5CAMHUMAMA,,,2015,,,,,,19.41662
SpecifiedAnnualDemand,NDCCON,ECU,,E5CAMHUMAMA,,,2016,,,,,,20.46236
SpecifiedAnnualDemand,NDCCON,ECU,,E5CAMHUMAMA,,,2017,,,,,,20.41204
SpecifiedAnnualDemand,NDCCON,ECU,,E5CAMHUMAMA,,,2018,,,,,,20.35605
SpecifiedAnnualDemand,NDCCON,ECU,,E5CAMHUMAMA,,,2019,,,,,,0.49369
SpecifiedAnnualDemand,NDCCON,ECU,,E5CAMHUMAMA,,,2020,,,,,,0.49369
SpecifiedAnnualDemand,NDCCON,ECU,,E5CAMHUMAMA,,,2021,,,,,,5.97456
SpecifiedAnnualDemand,NDCCON,ECU,,E5CAMHUMAMA,,,2022,,,,,,5.97456
SpecifiedAnnualDemand,NDCCON,ECU,,E5CAMHUMAMA,,,2023,,,,,,5.97456
SpecifiedAnnualDemand,NDCCON,ECU,,E5CAMHUMAMA,,,2024,,,,,,5.97456
SpecifiedAnnualDemand,NDCCON,ECU,,E5CAMHUMAMA,,,2025,,,,,,5.97456
SpecifiedAnnualDemand,NDCCON,ECU,,E5CAMHUMAMA,,,2026,,,,,,5.97456
SpecifiedAnnualDemand,NDCCON,ECU,,E5CAMHUMAMA,,,2027,,,,,,5.97456
SpecifiedAnnualDemand,NDCCON,ECU,,E5CAMHUMAMA,,,2028,,,,,,5.97456
SpecifiedAnnualDemand,NDCCON,ECU,,E5CAMHUMAMA,,,2029,,,,,,5.97456
SpecifiedAnnualDemand,NDCCON,ECU,,E5CAMHUMAMA,,,2030,,,,,,5.97456
SpecifiedAnnualDemand,NDCCON,ECU,,E5CAMHUMAMA,,,2031,,,,,,5.97456
SpecifiedAnnualDemand,NDCCON,ECU,,E5CAMHUMAMA,,,2032,,,,,,5.97456
SpecifiedAnnualDemand,NDCCON,ECU,,E5CAMHUMAMA,,,2033,,,,,,5.97456
SpecifiedAnnualDemand,NDCCON,ECU,,E5CAMHUMAMA,,,2034,,,,,,5.97456
SpecifiedAnnualDemand,NDCCON,ECU,,E5CAMHUMAMA,,,2035,,,,,,5.97456
SpecifiedAnnualDemand,NDCCON,ECU,,E5CAMHUMCHO,,,2010,,,,,,1.91568
SpecifiedAnnualDemand,NDCCON,ECU,,E5CAMHUMCHO,,,2011,,,,,,1.85898
SpecifiedAnnualDemand,NDCCON,ECU,,E5CAMHUMCHO,,,2012,,,,,,1.8063
SpecifiedAnnualDemand,NDCCON,ECU,,E5CAMHUMCHO,,,2013,,,,,,1.79266
SpecifiedAnnualDemand,NDCCON,ECU,,E5CAMHUMCHO,,,2014,,,,,,1.77963
SpecifiedAnnualDemand,NDCCON,ECU,,E5CAMHUMCHO,,,2015,,,,,,1.82526
SpecifiedAnnualDemand,NDCCON,ECU,,E5CAMHUMCHO,,,2016,,,,,,1.86599
SpecifiedAnnualDemand,NDCCON,ECU,,E5CAMHUMCHO,,,2017,,,,,,1.81563
SpecifiedAnnualDemand,NDCCON,ECU,,E5CAMHUMCHO,,,2018,,,,,,1.76696
SpecifiedAnnualDemand,NDCCON,ECU,,E5CAMHUMCHO,,,2019,,,,,,0.04285
SpecifiedAnnualDemand,NDCCON,ECU,,E5CAMHUMCHO,,,2020,,,,,,0.04285
SpecifiedAnnualDemand,NDCCON,ECU,,E5CAMHUMCHO,,,2021,,,,,,0.49056
SpecifiedAnnualDemand,NDCCON,ECU,,E5CAMHUMCHO,,,2022,,,,,,0.49056
SpecifiedAnnualDemand,NDCCON,ECU,,E5CAMHUMCHO,,,2023,,,,,,0.49056
SpecifiedAnnualDemand,NDCCON,ECU,,E5CAMHUMCHO,,,2024,,,,,,0.49056
SpecifiedAnnualDemand,NDCCON,ECU,,E5CAMHUMCHO,,,2025,,,,,,0.49056
SpecifiedAnnualDemand,NDCCON,ECU,,E5CAMHUMCHO,,,2026,,,,,,0.49056
SpecifiedAnnualDemand,NDCCON,ECU,,E5CAMHUMCHO,,,2027,,,,,,0.49056
SpecifiedAnnualDemand,NDCCON,ECU,,E5CAMHUMCHO,,,2028,,,,,,0.49056
SpecifiedAnnualDemand,NDCCON,ECU,,E5CAMHUMCHO,,,2029,,,,,,0.49056
SpecifiedAnnualDemand,NDCCON,ECU,,E5CAMHUMCHO,,,2030,,,,,,0.49056
SpecifiedAnnualDemand,NDCCON,ECU,,E5CAMHUMCHO,,,2031,,,,,,0.49056
SpecifiedAnnualDemand,NDCCON,ECU,,E5CAMHUMCHO,,,2032,,,,,,0.49056
SpecifiedAnnualDemand,NDCCON,ECU,,E5CAMHUMCHO,,,2033,,,,,,0.49056
SpecifiedAnnualDemand,NDCCON,ECU,,E5CAMHUMCHO,,,2034,,,,,,0.49056
SpecifiedAnnualDemand,NDCCON,ECU,,E5CAMHUMCHO,,,2035,,,,,,0.49056
SpecifiedAnnualDemand,NDCCON,ECU,,E5CAMHUMMAN,,,2010,,,,,,0.47576
SpecifiedAnnualDemand,NDCCON,ECU,,E5CAMHUMMAN,,,2011,,,,,,0.46072
SpecifiedAnnualDemand,NDCCON,ECU,,E5CAMHUMMAN,,,2012,,,,,,0.44675
SpecifiedAnnualDemand,NDCCON,ECU,,E5CAMHUMMAN,,,2013,,,,,,0.42611
SpecifiedAnnualDemand,NDCCON,ECU,,E5CAMHUMMAN,,,2014,,,,,,0.40639
SpecifiedAnnualDemand,NDCCON,ECU,,E5CAMHUMMAN,,,2015,,,,,,0.4465
SpecifiedAnnualDemand,NDCCON,ECU,,E5CAMHUMMAN,,,2016,,,,,,0.48798
SpecifiedAnnualDemand,NDCCON,ECU,,E5CAMHUMMAN,,,2017,,,,,,0.47395
SpecifiedAnnualDemand,NDCCON,ECU,,E5CAMHUMMAN,,,2018,,,,,,0.46039
SpecifiedAnnualDemand,NDCCON,ECU,,E5CAMHUMMAN,,,2019,,,,,,0.01117
SpecifiedAnnualDemand,NDCCON,ECU,,E5CAMHUMMAN,,,2020,,,,,,0.01117
SpecifiedAnnualDemand,NDCCON,ECU,,E5CAMHUMMAN,,,2021,,,,,,0.20009
SpecifiedAnnualDemand,NDCCON,ECU,,E5CAMHUMMAN,,,2022,,,,,,0.20009
SpecifiedAnnualDemand,NDCCON,ECU,,E5CAMHUMMAN,,,2023,,,,,,0.20009
SpecifiedAnnualDemand,NDCCON,ECU,,E5CAMHUMMAN,,,2024,,,,,,0.20009
SpecifiedAnnualDemand,NDCCON,ECU,,E5CAMHUMMAN,,,2025,,,,,,0.20009
SpecifiedAnnualDemand,NDCCON,ECU,,E5CAMHUMMAN,,,2026,,,,,,0.20009
SpecifiedAnnualDemand,NDCCON,ECU,,E5CAMHUMMAN,,,2027,,,,,,0.20009
SpecifiedAnnualDemand,NDCCON,ECU,,E5CAMHUMMAN,,,2028,,,,,,0.20009
SpecifiedAnnualDemand,NDCCON,ECU,,E5CAMHUMMAN,,,2029,,,,,,0.20009
SpecifiedAnnualDemand,NDCCON,ECU,,E5CAMHUMMAN,,,2030,,,,,,0.20009
SpecifiedAnnualDemand,NDCCON,ECU,,E5CAMHUMMAN,,,2031,,,,,,0.20009
SpecifiedAnnualDemand,NDCCON,ECU,,E5CAMHUMMAN,,,2032,,,,,,0.20009
SpecifiedAnnualDemand,NDCCON,ECU,,E5CAMHUMMAN,,,2033,,,,,,0.20009
SpecifiedAnnualDemand,NDCCON,ECU,,E5CAMHUMMAN,,,2034,,,,,,0.20009
SpecifiedAnnualDemand,NDCCON,ECU,,E5CAMHUMMAN,,,2035,,,,,,0.20009
SpecifiedAnnualDemand,NDCCON,ECU,,E5CAMHUMMOR,,,2010,,,,,,1.98956
SpecifiedAnnualDemand,NDCCON,ECU,,E5CAMHUMMOR,,,2011,,,,,,1.92289
SpecifiedAnnualDemand,NDCCON,ECU,,E5CAMHUMMOR,,,2012,,,,,,1.86094
SpecifiedAnnualDemand,NDCCON,ECU,,E5CAMHUMMOR,,,2013,,,,,,1.84891
SpecifiedAnnualDemand,NDCCON,ECU,,E5CAMHUMMOR,,,2014,,,,,,1.83742
SpecifiedAnnualDemand,NDCCON,ECU,,E5CAMHUMMOR,,,2015,,,,,,1.96554
SpecifiedAnnualDemand,NDCCON,ECU,,E5CAMHUMMOR,,,2016,,,,,,2.09542
SpecifiedAnnualDemand,NDCCON,ECU,,E5CAMHUMMOR,,,2017,,,,,,2.05892
SpecifiedAnnualDemand,NDCCON,ECU,,E5CAMHUMMOR,,,2018,,,,,,2.02335
SpecifiedAnnualDemand,NDCCON,ECU,,E5CAMHUMMOR,,,2019,,,,,,0.04907
SpecifiedAnnualDemand,NDCCON,ECU,,E5CAMHUMMOR,,,2020,,,,,,0.04907
SpecifiedAnnualDemand,NDCCON,ECU,,E5CAMHUMMOR,,,2021,,,,,,0.55657
SpecifiedAnnualDemand,NDCCON,ECU,,E5CAMHUMMOR,,,2022,,,,,,0.55657
SpecifiedAnnualDemand,NDCCON,ECU,,E5CAMHUMMOR,,,2023,,,,,,0.55657
SpecifiedAnnualDemand,NDCCON,ECU,,E5CAMHUMMOR,,,2024,,,,,,0.55657
SpecifiedAnnualDemand,NDCCON,ECU,,E5CAMHUMMOR,,,2025,,,,,,0.55657
SpecifiedAnnualDemand,NDCCON,ECU,,E5CAMHUMMOR,,,2026,,,,,,0.55657
SpecifiedAnnualDemand,NDCCON,ECU,,E5CAMHUMMOR,,,2027,,,,,,0.55657
SpecifiedAnnualDemand,NDCCON,ECU,,E5CAMHUMMOR,,,2028,,,,,,0.55657
SpecifiedAnnualDemand,NDCCON,ECU,,E5CAMHUMMOR,,,2029,,,,,,0.55657
SpecifiedAnnualDemand,NDCCON,ECU,,E5CAMHUMMOR,,,2030,,,,,,0.55657
SpecifiedAnnualDemand,NDCCON,ECU,,E5CAMHUMMOR,,,2031,,,,,,0.55657
SpecifiedAnnualDemand,NDCCON,ECU,,E5CAMHUMMOR,,,2032,,,,,,0.55657
SpecifiedAnnualDemand,NDCCON,ECU,,E5CAMHUMMOR,,,2033,,,,,,0.55657
SpecifiedAnnualDemand,NDCCON,ECU,,E5CAMHUMMOR,,,2034,,,,,,0.55657
SpecifiedAnnualDemand,NDCCON,ECU,,E5CAMHUMMOR,,,2035,,,,,,0.55657
SpecifiedAnnualDemand,NDCCON,ECU,,E5CAMHUMPFO,,,2010,,,,,,0.28021
SpecifiedAnnualDemand,NDCCON,ECU,,E5CAMHUMPFO,,,2011,,,,,,0.26992
SpecifiedAnnualDemand,NDCCON,ECU,,E5CAMHUMPFO,,,2012,,,,,,0.26036
SpecifiedAnnualDemand,NDCCON,ECU,,E5CAMHUMPFO,,,2013,,,,,,0.25443
SpecifiedAnnualDemand,NDCCON,ECU,,E5CAMHUMPFO,,,2014,,,,,,0.24876
SpecifiedAnnualDemand,NDCCON,ECU,,E5CAMHUMPFO,,,2015,,,,,,0.49292
SpecifiedAnnualDemand,NDCCON,ECU,,E5CAMHUMPFO,,,2016,,,,,,0.75642
SpecifiedAnnualDemand,NDCCON,ECU,,E5CAMHUMPFO,,,2017,,,,,,0.70401
SpecifiedAnnualDemand,NDCCON,ECU,,E5CAMHUMPFO,,,2018,,,,,,0.65383
SpecifiedAnnualDemand,NDCCON,ECU,,E5CAMHUMPFO,,,2019,,,,,,0.01586
SpecifiedAnnualDemand,NDCCON,ECU,,E5CAMHUMPFO,,,2020,,,,,,0.01586
SpecifiedAnnualDemand,NDCCON,ECU,,E5CAMHUMPFO,,,2021,,,,,,0.23489
SpecifiedAnnualDemand,NDCCON,ECU,,E5CAMHUMPFO,,,2022,,,,,,0.23489
SpecifiedAnnualDemand,NDCCON,ECU,,E5CAMHUMPFO,,,2023,,,,,,0.23489
SpecifiedAnnualDemand,NDCCON,ECU,,E5CAMHUMPFO,,,2024,,,,,,0.23489
SpecifiedAnnualDemand,NDCCON,ECU,,E5CAMHUMPFO,,,2025,,,,,,0.23489
SpecifiedAnnualDemand,NDCCON,ECU,,E5CAMHUMPFO,,,2026,,,,,,0.23489
SpecifiedAnnualDemand,NDCCON,ECU,,E5CAMHUMPFO,,,2027,,,,,,0.23489
SpecifiedAnnualDemand,NDCCON,ECU,,E5CAMHUMPFO,,,2028,,,,,,0.23489
SpecifiedAnnualDemand,NDCCON,ECU,,E5CAMHUMPFO,,,2029,,,,,,0.23489
SpecifiedAnnualDemand,NDCCON,ECU,,E5CAMHUMPFO,,,2030,,,,,,0.23489
SpecifiedAnnualDemand,NDCCON,ECU,,E5CAMHUMPFO,,,2031,,,,,,0.23489
SpecifiedAnnualDemand,NDCCON,ECU,,E5CAMHUMPFO,,,2032,,,,,,0.23489
SpecifiedAnnualDemand,NDCCON,ECU,,E5CAMHUMPFO,,,2033,,,,,,0.23489
SpecifiedAnnualDemand,NDCCON,ECU,,E5CAMHUMPFO,,,2034,,,,,,0.23489
SpecifiedAnnualDemand,NDCCON,ECU,,E5CAMHUMPFO,,,2035,,,,,,0.23489
SpecifiedAnnualDemand,NDCCON,ECU,,E5CAMOTIAND,,,2010,,,,,,0.019047
SpecifiedAnnualDemand,NDCCON,ECU,,E5CAMOTIAND,,,2011,,,,,,0.019914
SpecifiedAnnualDemand,NDCCON,ECU,,E5CAMOTIAND,,,2012,,,,,,0.02072
SpecifiedAnnualDemand,NDCCON,ECU,,E5CAMOTIAND,,,2013,,,,,,0.020426
SpecifiedAnnualDemand,NDCCON,ECU,,E5CAMOTIAND,,,2014,,,,,,0.020146
SpecifiedAnnualDemand,NDCCON,ECU,,E5CAMOTIAND,,,2015,,,,,,0.03928
SpecifiedAnnualDemand,NDCCON,ECU,,E5CAMOTIAND,,,2016,,,,,,0.058053
SpecifiedAnnualDemand,NDCCON,ECU,,E5CAMOTIAND,,,2017,,,,,,0.15562
SpecifiedAnnualDemand,NDCCON,ECU,,E5CAMOTIAND,,,2018,,,,,,0.249816
SpecifiedAnnualDemand,NDCCON,ECU,,E5CAMOTIAND,,,2019,,,,,,0.005703
SpecifiedAnnualDemand,NDCCON,ECU,,E5CAMOTIAND,,,2020,,,,,,0.005703
SpecifiedAnnualDemand,NDCCON,ECU,,E5CAMOTIAND,,,2021,,,,,,0.08747
SpecifiedAnnualDemand,NDCCON,ECU,,E5CAMOTIAND,,,2022,,,,,,0.08747
SpecifiedAnnualDemand,NDCCON,ECU,,E5CAMOTIAND,,,2023,,,,,,0.08747
SpecifiedAnnualDemand,NDCCON,ECU,,E5CAMOTIAND,,,2024,,,,,,0.08747
SpecifiedAnnualDemand,NDCCON,ECU,,E5CAMOTIAND,,,2025,,,,,,0.08747
SpecifiedAnnualDemand,NDCCON,ECU,,E5CAMOTIAND,,,2026,,,,,,0.08747
SpecifiedAnnualDemand,NDCCON,ECU,,E5CAMOTIAND,,,2027,,,,,,0.08747
SpecifiedAnnualDemand,NDCCON,ECU,,E5CAMOTIAND,,,2028,,,,,,0.08747
SpecifiedAnnualDemand,NDCCON,ECU,,E5CAMOTIAND,,,2029,,,,,,0.08747
SpecifiedAnnualDemand,NDCCON,ECU,,E5CAMOTIAND,,,2030,,,,,,0.08747
SpecifiedAnnualDemand,NDCCON,ECU,,E5CAMOTIAND,,,2031,,,,,,0.08747
SpecifiedAnnualDemand,NDCCON,ECU,,E5CAMOTIAND,,,2032,,,,,,0.08747
SpecifiedAnnualDemand,NDCCON,ECU,,E5CAMOTIAND,,,2033,,,,,,0.08747
SpecifiedAnnualDemand,NDCCON,ECU,,E5CAMOTIAND,,,2034,,,,,,0.08747
SpecifiedAnnualDemand,NDCCON,ECU,,E5CAMOTIAND,,,2035,,,,,,0.08747
SpecifiedAnnualDemand,NDCCON,ECU,,E5CAMOTIPLU,,,2010,,,,,,0.186002
SpecifiedAnnualDemand,NDCCON,ECU,,E5CAMOTIPLU,,,2011,,,,,,0.187538
SpecifiedAnnualDemand,NDCCON,ECU,,E5CAMOTIPLU,,,2012,,,,,,0.188966
SpecifiedAnnualDemand,NDCCON,ECU,,E5CAMOTIPLU,,,2013,,,,,,0.190491
SpecifiedAnnualDemand,NDCCON,ECU,,E5CAMOTIPLU,,,2014,,,,,,0.191949
SpecifiedAnnualDemand,NDCCON,ECU,,E5CAMOTIPLU,,,2015,,,,,,0.372699
SpecifiedAnnualDemand,NDCCON,ECU,,E5CAMOTIPLU,,,2016,,,,,,0.548532
SpecifiedAnnualDemand,NDCCON,ECU,,E5CAMOTIPLU,,,2017,,,,,,1.472548
SpecifiedAnnualDemand,NDCCON,ECU,,E5CAMOTIPLU,,,2018,,,,,,2.367277
SpecifiedAnnualDemand,NDCCON,ECU,,E5CAMOTIPLU,,,2019,,,,,,0.054038
SpecifiedAnnualDemand,NDCCON,ECU,,E5CAMOTIPLU,,,2020,,,,,,0.054038
SpecifiedAnnualDemand,NDCCON,ECU,,E5CAMOTIPLU,,,2021,,,,,,0.894177
SpecifiedAnnualDemand,NDCCON,ECU,,E5CAMOTIPLU,,,2022,,,,,,0.894177
SpecifiedAnnualDemand,NDCCON,ECU,,E5CAMOTIPLU,,,2023,,,,,,0.894177
SpecifiedAnnualDemand,NDCCON,ECU,,E5CAMOTIPLU,,,2024,,,,,,0.894177
SpecifiedAnnualDemand,NDCCON,ECU,,E5CAMOTIPLU,,,2025,,,,,,0.894177
SpecifiedAnnualDemand,NDCCON,ECU,,E5CAMOTIPLU,,,2026,,,,,,0.894177
SpecifiedAnnualDemand,NDCCON,ECU,,E5CAMOTIPLU,,,2027,,,,,,0.894177
SpecifiedAnnualDemand,NDCCON,ECU,,E5CAMOTIPLU,,,2028,,,,,,0.894177
SpecifiedAnnualDemand,NDCCON,ECU,,E5CAMOTIPLU,,,2029,,,,,,0.894177
SpecifiedAnnualDemand,NDCCON,ECU,,E5CAMOTIPLU,,,2030,,,,,,0.894177
SpecifiedAnnualDemand,NDCCON,ECU,,E5CAMOTIPLU,,,2031,,,,,,0.894177
SpecifiedAnnualDemand,NDCCON,ECU,,E5CAMOTIPLU,,,2032,,,,,,0.894177
SpecifiedAnnualDemand,NDCCON,ECU,,E5CAMOTIPLU,,,2033,,,,,,0.894177
SpecifiedAnnualDemand,NDCCON,ECU,,E5CAMOTIPLU,,,2034,,,,,,0.894177
SpecifiedAnnualDemand,NDCCON,ECU,,E5CAMOTIPLU,,,2035,,,,,,0.894177
SpecifiedAnnualDemand,NDCCON,ECU,,E5CAMOTIMON,,,2010,,,,,,1.778567
SpecifiedAnnualDemand,NDCCON,ECU,,E5CAMOTIMON,,,2011,,,,,,1.721733
SpecifiedAnnualDemand,NDCCON,ECU,,E5CAMOTIMON,,,2012,,,,,,1.668926
SpecifiedAnnualDemand,NDCCON,ECU,,E5CAMOTIMON,,,2013,,,,,,1.678785
SpecifiedAnnualDemand,NDCCON,ECU,,E5CAMOTIMON,,,2014,,,,,,1.688205
SpecifiedAnnualDemand,NDCCON,ECU,,E5CAMOTIMON,,,2015,,,,,,3.284425
SpecifiedAnnualDemand,NDCCON,ECU,,E5CAMOTIMON,,,2016,,,,,,4.843555
SpecifiedAnnualDemand,NDCCON,ECU,,E5CAMOTIMON,,,2017,,,,,,13.11443
SpecifiedAnnualDemand,NDCCON,ECU,,E5CAMOTIMON,,,2018,,,,,,21.262487
SpecifiedAnnualDemand,NDCCON,ECU,,E5CAMOTIMON,,,2019,,,,,,0.48536
SpecifiedAnnualDemand,NDCCON,ECU,,E5CAMOTIMON,,,2020,,,,,,0.48536
SpecifiedAnnualDemand,NDCCON,ECU,,E5CAMOTIMON,,,2021,,,,,,8.067123
SpecifiedAnnualDemand,NDCCON,ECU,,E5CAMOTIMON,,,2022,,,,,,8.067123
SpecifiedAnnualDemand,NDCCON,ECU,,E5CAMOTIMON,,,2023,,,,,,8.067123
SpecifiedAnnualDemand,NDCCON,ECU,,E5CAMOTIMON,,,2024,,,,,,8.067123
SpecifiedAnnualDemand,NDCCON,ECU,,E5CAMOTIMON,,,2025,,,,,,8.067123
SpecifiedAnnualDemand,NDCCON,ECU,,E5CAMOTIMON,,,2026,,,,,,8.067123
SpecifiedAnnualDemand,NDCCON,ECU,,E5CAMOTIMON,,,2027,,,,,,8.067123
SpecifiedAnnualDemand,NDCCON,ECU,,E5CAMOTIMON,,,2028,,,,,,8.067123
SpecifiedAnnualDemand,NDCCON,ECU,,E5CAMOTIMON,,,2029,,,,,,8.067123
SpecifiedAnnualDemand,NDCCON,ECU,,E5CAMOTIMON,,,2030,,,,,,8.067123
SpecifiedAnnualDemand,NDCCON,ECU,,E5CAMOTIMON,,,2031,,,,,,8.067123
SpecifiedAnnualDemand,NDCCON,ECU,,E5CAMOTIMON,,,2032,,,,,,8.067123
SpecifiedAnnualDemand,NDCCON,ECU,,E5CAMOTIMON,,,2033,,,,,,8.067123
SpecifiedAnnualDemand,NDCCON,ECU,,E5CAMOTIMON,,,2034,,,,,,8.067123
SpecifiedAnnualDemand,NDCCON,ECU,,E5CAMOTIMON,,,2035,,,,,,8.067123
SpecifiedAnnualDemand,NDCCON,ECU,,E5CAMOTIPIE,,,2010,,,,,,0.722976
SpecifiedAnnualDemand,NDCCON,ECU,,E5CAMOTIPIE,,,2011,,,,,,0.697922
SpecifiedAnnualDemand,NDCCON,ECU,,E5CAMOTIPIE,,,2012,,,,,,0.674643
SpecifiedAnnualDemand,NDCCON,ECU,,E5CAMOTIPIE,,,2013,,,,,,0.684841
SpecifiedAnnualDemand,NDCCON,ECU,,E5CAMOTIPIE,,,2014,,,,,,0.694585
SpecifiedAnnualDemand,NDCCON,ECU,,E5CAMOTIPIE,,,2015,,,,,,1.348834
SpecifiedAnnualDemand,NDCCON,ECU,,E5CAMOTIPIE,,,2016,,,,,,1.985463
SpecifiedAnnualDemand,NDCCON,ECU,,E5CAMOTIPIE,,,2017,,,,,,5.418768
SpecifiedAnnualDemand,NDCCON,ECU,,E5CAMOTIPIE,,,2018,,,,,,8.853864
SpecifiedAnnualDemand,NDCCON,ECU,,E5CAMOTIPIE,,,2019,,,,,,0.202108
SpecifiedAnnualDemand,NDCCON,ECU,,E5CAMOTIPIE,,,2020,,,,,,0.202108
SpecifiedAnnualDemand,NDCCON,ECU,,E5CAMOTIPIE,,,2021,,,,,,3.304708
SpecifiedAnnualDemand,NDCCON,ECU,,E5CAMOTIPIE,,,2022,,,,,,3.304708
SpecifiedAnnualDemand,NDCCON,ECU,,E5CAMOTIPIE,,,2023,,,,,,3.304708
SpecifiedAnnualDemand,NDCCON,ECU,,E5CAMOTIPIE,,,2024,,,,,,3.304708
SpecifiedAnnualDemand,NDCCON,ECU,,E5CAMOTIPIE,,,2025,,,,,,3.304708
SpecifiedAnnualDemand,NDCCON,ECU,,E5CAMOTIPIE,,,2026,,,,,,3.304708
SpecifiedAnnualDemand,NDCCON,ECU,,E5CAMOTIPIE,,,2027,,,,,,3.304708
SpecifiedAnnualDemand,NDCCON,ECU,,E5CAMOTIPIE,,,2028,,,,,,3.304708
SpecifiedAnnualDemand,NDCCON,ECU,,E5CAMOTIPIE,,,2029,,,,,,3.304708
SpecifiedAnnualDemand,NDCCON,ECU,,E5CAMOTIPIE,,,2030,,,,,,3.304708
SpecifiedAnnualDemand,NDCCON,ECU,,E5CAMOTIPIE,,,2031,,,,,,3.304708
SpecifiedAnnualDemand,NDCCON,ECU,,E5CAMOTIPIE,,,2032,,,,,,3.304708
SpecifiedAnnualDemand,NDCCON,ECU,,E5CAMOTIPIE,,,2033,,,,,,3.304708
SpecifiedAnnualDemand,NDCCON,ECU,,E5CAMOTIPIE,,,2034,,,,,,3.304708
SpecifiedAnnualDemand,NDCCON,ECU,,E5CAMOTIPIE,,,2035,,,,,,3.304708
SpecifiedAnnualDemand,NDCCON,ECU,,E5CAMOTICEJ,,,2010,,,,,,0.497895
SpecifiedAnnualDemand,NDCCON,ECU,,E5CAMOTICEJ,,,2011,,,,,,0.483457
SpecifiedAnnualDemand,NDCCON,ECU,,E5CAMOTICEJ,,,2012,,,,,,0.470041
SpecifiedAnnualDemand,NDCCON,ECU,,E5CAMOTICEJ,,,2013,,,,,,0.467169
SpecifiedAnnualDemand,NDCCON,ECU,,E5CAMOTICEJ,,,2014,,,,,,0.464424
SpecifiedAnnualDemand,NDCCON,ECU,,E5CAMOTICEJ,,,2015,,,,,,0.905648
SpecifiedAnnualDemand,NDCCON,ECU,,E5CAMOTICEJ,,,2016,,,,,,1.338663
SpecifiedAnnualDemand,NDCCON,ECU,,E5CAMOTICEJ,,,2017,,,,,,3.768871
SpecifiedAnnualDemand,NDCCON,ECU,,E5CAMOTICEJ,,,2018,,,,,,6.340427
SpecifiedAnnualDemand,NDCCON,ECU,,E5CAMOTICEJ,,,2019,,,,,,0.144733
SpecifiedAnnualDemand,NDCCON,ECU,,E5CAMOTICEJ,,,2020,,,,,,0.144733
SpecifiedAnnualDemand,NDCCON,ECU,,E5CAMOTICEJ,,,2021,,,,,,2.406368
SpecifiedAnnualDemand,NDCCON,ECU,,E5CAMOTICEJ,,,2022,,,,,,2.406368
SpecifiedAnnualDemand,NDCCON,ECU,,E5CAMOTICEJ,,,2023,,,,,,2.406368
SpecifiedAnnualDemand,NDCCON,ECU,,E5CAMOTICEJ,,,2024,,,,,,2.406368
SpecifiedAnnualDemand,NDCCON,ECU,,E5CAMOTICEJ,,,2025,,,,,,2.406368
SpecifiedAnnualDemand,NDCCON,ECU,,E5CAMOTICEJ,,,2026,,,,,,2.406368
SpecifiedAnnualDemand,NDCCON,ECU,,E5CAMOTICEJ,,,2027,,,,,,2.406368
SpecifiedAnnualDemand,NDCCON,ECU,,E5CAMOTICEJ,,,2028,,,,,,2.406368
SpecifiedAnnualDemand,NDCCON,ECU,,E5CAMOTICEJ,,,2029,,,,,,2.406368
SpecifiedAnnualDemand,NDCCON,ECU,,E5CAMOTICEJ,,,2030,,,,,,2.406368
SpecifiedAnnualDemand,NDCCON,ECU,,E5CAMOTICEJ,,,2031,,,,,,2.406368
SpecifiedAnnualDemand,NDCCON,ECU,,E5CAMOTICEJ,,,2032,,,,,,2.406368
SpecifiedAnnualDemand,NDCCON,ECU,,E5CAMOTICEJ,,,2033,,,,,,2.406368
SpecifiedAnnualDemand,NDCCON,ECU,,E5CAMOTICEJ,,,2034,,,,,,2.406368
SpecifiedAnnualDemand,NDCCON,ECU,,E5CAMOTICEJ,,,2035,,,,,,2.406368
SpecifiedAnnualDemand,NDCCON,ECU,,E5CAMOTIAMA,,,2010,,,,,,3.643345
SpecifiedAnnualDemand,NDCCON,ECU,,E5CAMOTIAMA,,,2011,,,,,,3.768601
SpecifiedAnnualDemand,NDCCON,ECU,,E5CAMOTIAMA,,,2012,,,,,,3.884983
SpecifiedAnnualDemand,NDCCON,ECU,,E5CAMOTIAMA,,,2013,,,,,,3.877575
SpecifiedAnnualDemand,NDCCON,ECU,,E5CAMOTIAMA,,,2014,,,,,,3.870497
SpecifiedAnnualDemand,NDCCON,ECU,,E5CAMOTIAMA,,,2015,,,,,,7.610151
SpecifiedAnnualDemand,NDCCON,ECU,,E5CAMOTIAMA,,,2016,,,,,,11.340584
SpecifiedAnnualDemand,NDCCON,ECU,,E5CAMOTIAMA,,,2017,,,,,,31.121411
SpecifiedAnnualDemand,NDCCON,ECU,,E5CAMOTIAMA,,,2018,,,,,,51.119529
SpecifiedAnnualDemand,NDCCON,ECU,,E5CAMOTIAMA,,,2019,,,,,,1.166908
SpecifiedAnnualDemand,NDCCON,ECU,,E5CAMOTIAMA,,,2020,,,,,,1.166908
SpecifiedAnnualDemand,NDCCON,ECU,,E5CAMOTIAMA,,,2021,,,,,,18.789117
SpecifiedAnnualDemand,NDCCON,ECU,,E5CAMOTIAMA,,,2022,,,,,,18.789117
SpecifiedAnnualDemand,NDCCON,ECU,,E5CAMOTIAMA,,,2023,,,,,,18.789117
SpecifiedAnnualDemand,NDCCON,ECU,,E5CAMOTIAMA,,,2024,,,,,,18.789117
SpecifiedAnnualDemand,NDCCON,ECU,,E5CAMOTIAMA,,,2025,,,,,,18.789117
SpecifiedAnnualDemand,NDCCON,ECU,,E5CAMOTIAMA,,,2026,,,,,,18.789117
SpecifiedAnnualDemand,NDCCON,ECU,,E5CAMOTIAMA,,,2027,,,,,,18.789117
SpecifiedAnnualDemand,NDCCON,ECU,,E5CAMOTIAMA,,,2028,,,,,,18.789117
SpecifiedAnnualDemand,NDCCON,ECU,,E5CAMOTIAMA,,,2029,,,,,,18.789117
SpecifiedAnnualDemand,NDCCON,ECU,,E5CAMOTIAMA,,,2030,,,,,,18.789117
SpecifiedAnnualDemand,NDCCON,ECU,,E5CAMOTIAMA,,,2031,,,,,,18.789117
SpecifiedAnnualDemand,NDCCON,ECU,,E5CAMOTIAMA,,,2032,,,,,,18.789117
SpecifiedAnnualDemand,NDCCON,ECU,,E5CAMOTIAMA,,,2033,,,,,,18.789117
SpecifiedAnnualDemand,NDCCON,ECU,,E5CAMOTIAMA,,,2034,,,,,,18.789117
SpecifiedAnnualDemand,NDCCON,ECU,,E5CAMOTIAMA,,,2035,,,,,,18.789117
SpecifiedAnnualDemand,NDCCON,ECU,,E5CAMOTICHO,,,2010,,,,,,0.403654
SpecifiedAnnualDemand,NDCCON,ECU,,E5CAMOTICHO,,,2011,,,,,,0.391707
SpecifiedAnnualDemand,NDCCON,ECU,,E5CAMOTICHO,,,2012,,,,,,0.380606
SpecifiedAnnualDemand,NDCCON,ECU,,E5CAMOTICHO,,,2013,,,,,,0.377732
SpecifiedAnnualDemand,NDCCON,ECU,,E5CAMOTICHO,,,2014,,,,,,0.374986
SpecifiedAnnualDemand,NDCCON,ECU,,E5CAMOTICHO,,,2015,,,,,,0.715394
SpecifiedAnnualDemand,NDCCON,ECU,,E5CAMOTICHO,,,2016,,,,,,1.034165
SpecifiedAnnualDemand,NDCCON,ECU,,E5CAMOTICHO,,,2017,,,,,,2.768216
SpecifiedAnnualDemand,NDCCON,ECU,,E5CAMOTICHO,,,2018,,,,,,4.437303
SpecifiedAnnualDemand,NDCCON,ECU,,E5CAMOTICHO,,,2019,,,,,,0.10129
SpecifiedAnnualDemand,NDCCON,ECU,,E5CAMOTICHO,,,2020,,,,,,0.10129
SpecifiedAnnualDemand,NDCCON,ECU,,E5CAMOTICHO,,,2021,,,,,,1.542752
SpecifiedAnnualDemand,NDCCON,ECU,,E5CAMOTICHO,,,2022,,,,,,1.542752
SpecifiedAnnualDemand,NDCCON,ECU,,E5CAMOTICHO,,,2023,,,,,,1.542752
SpecifiedAnnualDemand,NDCCON,ECU,,E5CAMOTICHO,,,2024,,,,,,1.542752
SpecifiedAnnualDemand,NDCCON,ECU,,E5CAMOTICHO,,,2025,,,,,,1.542752
SpecifiedAnnualDemand,NDCCON,ECU,,E5CAMOTICHO,,,2026,,,,,,1.542752
SpecifiedAnnualDemand,NDCCON,ECU,,E5CAMOTICHO,,,2027,,,,,,1.542752
SpecifiedAnnualDemand,NDCCON,ECU,,E5CAMOTICHO,,,2028,,,,,,1.542752
SpecifiedAnnualDemand,NDCCON,ECU,,E5CAMOTICHO,,,2029,,,,,,1.542752
SpecifiedAnnualDemand,NDCCON,ECU,,E5CAMOTICHO,,,2030,,,,,,1.542752
SpecifiedAnnualDemand,NDCCON,ECU,,E5CAMOTICHO,,,2031,,,,,,1.542752
SpecifiedAnnualDemand,NDCCON,ECU,,E5CAMOTICHO,,,2032,,,,,,1.542752
SpecifiedAnnualDemand,NDCCON,ECU,,E5CAMOTICHO,,,2033,,,,,,1.542752
SpecifiedAnnualDemand,NDCCON,ECU,,E5CAMOTICHO,,,2034,,,,,,1.542752
SpecifiedAnnualDemand,NDCCON,ECU,,E5CAMOTICHO,,,2035,,,,,,1.542752
SpecifiedAnnualDemand,NDCCON,ECU,,E5CAMOTIMAN,,,2010,,,,,,0.100248
SpecifiedAnnualDemand,NDCCON,ECU,,E5CAMOTIMAN,,,2011,,,,,,0.097079
SpecifiedAnnualDemand,NDCCON,ECU,,E5CAMOTIMAN,,,2012,,,,,,0.094134
SpecifiedAnnualDemand,NDCCON,ECU,,E5CAMOTIMAN,,,2013,,,,,,0.089785
SpecifiedAnnualDemand,NDCCON,ECU,,E5CAMOTIMAN,,,2014,,,,,,0.08563
SpecifiedAnnualDemand,NDCCON,ECU,,E5CAMOTIMAN,,,2015,,,,,,0.175
SpecifiedAnnualDemand,NDCCON,ECU,,E5CAMOTIMAN,,,2016,,,,,,0.270449
SpecifiedAnnualDemand,NDCCON,ECU,,E5CAMOTIMAN,,,2017,,,,,,0.722607
SpecifiedAnnualDemand,NDCCON,ECU,,E5CAMOTIMAN,,,2018,,,,,,1.156169
SpecifiedAnnualDemand,NDCCON,ECU,,E5CAMOTIMAN,,,2019,,,,,,0.026392
SpecifiedAnnualDemand,NDCCON,ECU,,E5CAMOTIMAN,,,2020,,,,,,0.026392
SpecifiedAnnualDemand,NDCCON,ECU,,E5CAMOTIMAN,,,2021,,,,,,0.629239
SpecifiedAnnualDemand,NDCCON,ECU,,E5CAMOTIMAN,,,2022,,,,,,0.629239
SpecifiedAnnualDemand,NDCCON,ECU,,E5CAMOTIMAN,,,2023,,,,,,0.629239
SpecifiedAnnualDemand,NDCCON,ECU,,E5CAMOTIMAN,,,2024,,,,,,0.629239
SpecifiedAnnualDemand,NDCCON,ECU,,E5CAMOTIMAN,,,2025,,,,,,0.629239
SpecifiedAnnualDemand,NDCCON,ECU,,E5CAMOTIMAN,,,2026,,,,,,0.629239
SpecifiedAnnualDemand,NDCCON,ECU,,E5CAMOTIMAN,,,2027,,,,,,0.629239
SpecifiedAnnualDemand,NDCCON,ECU,,E5CAMOTIMAN,,,2028,,,,,,0.629239
SpecifiedAnnualDemand,NDCCON,ECU,,E5CAMOTIMAN,,,2029,,,,,,0.629239
SpecifiedAnnualDemand,NDCCON,ECU,,E5CAMOTIMAN,,,2030,,,,,,0.629239
SpecifiedAnnualDemand,NDCCON,ECU,,E5CAMOTIMAN,,,2031,,,,,,0.629239
SpecifiedAnnualDemand,NDCCON,ECU,,E5CAMOTIMAN,,,2032,,,,,,0.629239
SpecifiedAnnualDemand,NDCCON,ECU,,E5CAMOTIMAN,,,2033,,,,,,0.629239
SpecifiedAnnualDemand,NDCCON,ECU,,E5CAMOTIMAN,,,2034,,,,,,0.629239
SpecifiedAnnualDemand,NDCCON,ECU,,E5CAMOTIMAN,,,2035,,,,,,0.629239
SpecifiedAnnualDemand,NDCCON,ECU,,E5CAMOTIMOR,,,2010,,,,,,0.419221
SpecifiedAnnualDemand,NDCCON,ECU,,E5CAMOTIMOR,,,2011,,,,,,0.405173
SpecifiedAnnualDemand,NDCCON,ECU,,E5CAMOTIMOR,,,2012,,,,,,0.39212
SpecifiedAnnualDemand,NDCCON,ECU,,E5CAMOTIMOR,,,2013,,,,,,0.389585
SpecifiedAnnualDemand,NDCCON,ECU,,E5CAMOTIMOR,,,2014,,,,,,0.387163
SpecifiedAnnualDemand,NDCCON,ECU,,E5CAMOTIMOR,,,2015,,,,,,0.770374
SpecifiedAnnualDemand,NDCCON,ECU,,E5CAMOTIMOR,,,2016,,,,,,1.161315
SpecifiedAnnualDemand,NDCCON,ECU,,E5CAMOTIMOR,,,2017,,,,,,3.139149
SpecifiedAnnualDemand,NDCCON,ECU,,E5CAMOTIMOR,,,2018,,,,,,5.08118
SpecifiedAnnualDemand,NDCCON,ECU,,E5CAMOTIMOR,,,2019,,,,,,0.115988
SpecifiedAnnualDemand,NDCCON,ECU,,E5CAMOTIMOR,,,2020,,,,,,0.115988
SpecifiedAnnualDemand,NDCCON,ECU,,E5CAMOTIMOR,,,2021,,,,,,1.750345
SpecifiedAnnualDemand,NDCCON,ECU,,E5CAMOTIMOR,,,2022,,,,,,1.750345
SpecifiedAnnualDemand,NDCCON,ECU,,E5CAMOTIMOR,,,2023,,,,,,1.750345
SpecifiedAnnualDemand,NDCCON,ECU,,E5CAMOTIMOR,,,2024,,,,,,1.750345
SpecifiedAnnualDemand,NDCCON,ECU,,E5CAMOTIMOR,,,2025,,,,,,1.750345
SpecifiedAnnualDemand,NDCCON,ECU,,E5CAMOTIMOR,,,2026,,,,,,1.750345
SpecifiedAnnualDemand,NDCCON,ECU,,E5CAMOTIMOR,,,2027,,,,,,1.750345
SpecifiedAnnualDemand,NDCCON,ECU,,E5CAMOTIMOR,,,2028,,,,,,1.750345
SpecifiedAnnualDemand,NDCCON,ECU,,E5CAMOTIMOR,,,2029,,,,,,1.750345
SpecifiedAnnualDemand,NDCCON,ECU,,E5CAMOTIMOR,,,2030,,,,,,1.750345
SpecifiedAnnualDemand,NDCCON,ECU,,E5CAMOTIMOR,,,2031,,,,,,1.750345
SpecifiedAnnualDemand,NDCCON,ECU,,E5CAMOTIMOR,,,2032,,,,,,1.750345
SpecifiedAnnualDemand,NDCCON,ECU,,E5CAMOTIMOR,,,2033,,,,,,1.750345
SpecifiedAnnualDemand,NDCCON,ECU,,E5CAMOTIMOR,,,2034,,,,,,1.750345
SpecifiedAnnualDemand,NDCCON,ECU,,E5CAMOTIMOR,,,2035,,,,,,1.750345
SpecifiedAnnualDemand,NDCCON,ECU,,E5CAMOTIPFO,,,2010,,,,,,0.059044
SpecifiedAnnualDemand,NDCCON,ECU,,E5CAMOTIPFO,,,2011,,,,,,0.056876
SpecifiedAnnualDemand,NDCCON,ECU,,E5CAMOTIPFO,,,2012,,,,,,0.054861
SpecifiedAnnualDemand,NDCCON,ECU,,E5CAMOTIPFO,,,2013,,,,,,0.053611
SpecifiedAnnualDemand,NDCCON,ECU,,E5CAMOTIPFO,,,2014,,,,,,0.052416
SpecifiedAnnualDemand,NDCCON,ECU,,E5CAMOTIPFO,,,2015,,,,,,0.193196
SpecifiedAnnualDemand,NDCCON,ECU,,E5CAMOTIPFO,,,2016,,,,,,0.419222
SpecifiedAnnualDemand,NDCCON,ECU,,E5CAMOTIPFO,,,2017,,,,,,1.073379
SpecifiedAnnualDemand,NDCCON,ECU,,E5CAMOTIPFO,,,2018,,,,,,1.641947
SpecifiedAnnualDemand,NDCCON,ECU,,E5CAMOTIPFO,,,2019,,,,,,0.037481
SpecifiedAnnualDemand,NDCCON,ECU,,E5CAMOTIPFO,,,2020,,,,,,0.037481
SpecifiedAnnualDemand,NDCCON,ECU,,E5CAMOTIPFO,,,2021,,,,,,0.738701
SpecifiedAnnualDemand,NDCCON,ECU,,E5CAMOTIPFO,,,2022,,,,,,0.738701
SpecifiedAnnualDemand,NDCCON,ECU,,E5CAMOTIPFO,,,2023,,,,,,0.738701
SpecifiedAnnualDemand,NDCCON,ECU,,E5CAMOTIPFO,,,2024,,,,,,0.738701
SpecifiedAnnualDemand,NDCCON,ECU,,E5CAMOTIPFO,,,2025,,,,,,0.738701
SpecifiedAnnualDemand,NDCCON,ECU,,E5CAMOTIPFO,,,2026,,,,,,0.738701
SpecifiedAnnualDemand,NDCCON,ECU,,E5CAMOTIPFO,,,2027,,,,,,0.738701
SpecifiedAnnualDemand,NDCCON,ECU,,E5CAMOTIPFO,,,2028,,,,,,0.738701
SpecifiedAnnualDemand,NDCCON,ECU,,E5CAMOTIPFO,,,2029,,,,,,0.738701
SpecifiedAnnualDemand,NDCCON,ECU,,E5CAMOTIPFO,,,2030,,,,,,0.738701
SpecifiedAnnualDemand,NDCCON,ECU,,E5CAMOTIPFO,,,2031,,,,,,0.738701
SpecifiedAnnualDemand,NDCCON,ECU,,E5CAMOTIPFO,,,2032,,,,,,0.738701
SpecifiedAnnualDemand,NDCCON,ECU,,E5CAMOTIPFO,,,2033,,,,,,0.738701
SpecifiedAnnualDemand,NDCCON,ECU,,E5CAMOTIPFO,,,2034,,,,,,0.738701
SpecifiedAnnualDemand,NDCCON,ECU,,E5CAMOTIPFO,,,2035,,,,,,0.738701
SpecifiedAnnualDemand,NDCCON,ECU,,E5CAMANDCRO,,,2010,,,,,,2.9217
SpecifiedAnnualDemand,NDCCON,ECU,,E5CAMANDCRO,,,2011,,,,,,2.9217
SpecifiedAnnualDemand,NDCCON,ECU,,E5CAMANDCRO,,,2012,,,,,,2.9217
SpecifiedAnnualDemand,NDCCON,ECU,,E5CAMANDCRO,,,2013,,,,,,2.9217
SpecifiedAnnualDemand,NDCCON,ECU,,E5CAMANDCRO,,,2014,,,,,,2.9217
SpecifiedAnnualDemand,NDCCON,ECU,,E5CAMANDCRO,,,2015,,,,,,2.0444
SpecifiedAnnualDemand,NDCCON,ECU,,E5CAMANDCRO,,,2016,,,,,,1.1672
SpecifiedAnnualDemand,NDCCON,ECU,,E5CAMANDCRO,,,2017,,,,,,1.0526
SpecifiedAnnualDemand,NDCCON,ECU,,E5CAMANDCRO,,,2018,,,,,,0.9379
SpecifiedAnnualDemand,NDCCON,ECU,,E5CAMANDCRO,,,2019,,,,,,3.3829
SpecifiedAnnualDemand,NDCCON,ECU,,E5CAMANDCRO,,,2020,,,,,,3.3829
SpecifiedAnnualDemand,NDCCON,ECU,,E5CAMANDCRO,,,2021,,,,,,2.3929
SpecifiedAnnualDemand,NDCCON,ECU,,E5CAMANDCRO,,,2022,,,,,,2.3929
SpecifiedAnnualDemand,NDCCON,ECU,,E5CAMANDCRO,,,2023,,,,,,2.038
SpecifiedAnnualDemand,NDCCON,ECU,,E5CAMANDCRO,,,2024,,,,,,2.0226
SpecifiedAnnualDemand,NDCCON,ECU,,E5CAMANDCRO,,,2025,,,,,,2.0073
SpecifiedAnnualDemand,NDCCON,ECU,,E5CAMANDCRO,,,2026,,,,,,1.9922
SpecifiedAnnualDemand,NDCCON,ECU,,E5CAMANDCRO,,,2027,,,,,,1.9772
SpecifiedAnnualDemand,NDCCON,ECU,,E5CAMANDCRO,,,2028,,,,,,1.9623
SpecifiedAnnualDemand,NDCCON,ECU,,E5CAMANDCRO,,,2029,,,,,,1.9475
SpecifiedAnnualDemand,NDCCON,ECU,,E5CAMANDCRO,,,2030,,,,,,1.9328
SpecifiedAnnualDemand,NDCCON,ECU,,E5CAMANDCRO,,,2031,,,,,,1.9182
SpecifiedAnnualDemand,NDCCON,ECU,,E5CAMANDCRO,,,2032,,,,,,1.9037
SpecifiedAnnualDemand,NDCCON,ECU,,E5CAMANDCRO,,,2033,,,,,,1.8894
SpecifiedAnnualDemand,NDCCON,ECU,,E5CAMANDCRO,,,2034,,,,,,1.8751
SpecifiedAnnualDemand,NDCCON,ECU,,E5CAMANDCRO,,,2035,,,,,,1.861
SpecifiedAnnualDemand,NDCCON,ECU,,E5CAMPLUCRO,,,2010,,,,,,14.129
SpecifiedAnnualDemand,NDCCON,ECU,,E5CAMPLUCRO,,,2011,,,,,,14.129
SpecifiedAnnualDemand,NDCCON,ECU,,E5CAMPLUCRO,,,2012,,,,,,14.129
SpecifiedAnnualDemand,NDCCON,ECU,,E5CAMPLUCRO,,,2013,,,,,,14.129
SpecifiedAnnualDemand,NDCCON,ECU,,E5CAMPLUCRO,,,2014,,,,,,14.129
SpecifiedAnnualDemand,NDCCON,ECU,,E5CAMPLUCRO,,,2015,,,,,,13.9156
SpecifiedAnnualDemand,NDCCON,ECU,,E5CAMPLUCRO,,,2016,,,,,,13.7023
SpecifiedAnnualDemand,NDCCON,ECU,,E5CAMPLUCRO,,,2017,,,,,,11.872
SpecifiedAnnualDemand,NDCCON,ECU,,E5CAMPLUCRO,,,2018,,,,,,10.0417
SpecifiedAnnualDemand,NDCCON,ECU,,E5CAMPLUCRO,,,2019,,,,,,11.1932
SpecifiedAnnualDemand,NDCCON,ECU,,E5CAMPLUCRO,,,2020,,,,,,11.1932
SpecifiedAnnualDemand,NDCCON,ECU,,E5CAMPLUCRO,,,2021,,,,,,14.4414
SpecifiedAnnualDemand,NDCCON,ECU,,E5CAMPLUCRO,,,2022,,,,,,14.4414
SpecifiedAnnualDemand,NDCCON,ECU,,E5CAMPLUCRO,,,2023,,,,,,12.2993
SpecifiedAnnualDemand,NDCCON,ECU,,E5CAMPLUCRO,,,2024,,,,,,12.2065
SpecifiedAnnualDemand,NDCCON,ECU,,E5CAMPLUCRO,,,2025,,,,,,12.1144
SpecifiedAnnualDemand,NDCCON,ECU,,E5CAMPLUCRO,,,2026,,,,,,12.0231
SpecifiedAnnualDemand,NDCCON,ECU,,E5CAMPLUCRO,,,2027,,,,,,11.9324
SpecifiedAnnualDemand,NDCCON,ECU,,E5CAMPLUCRO,,,2028,,,,,,11.8424
SpecifiedAnnualDemand,NDCCON,ECU,,E5CAMPLUCRO,,,2029,,,,,,11.753
SpecifiedAnnualDemand,NDCCON,ECU,,E5CAMPLUCRO,,,2030,,,,,,11.6644
SpecifiedAnnualDemand,NDCCON,ECU,,E5CAMPLUCRO,,,2031,,,,,,11.5764
SpecifiedAnnualDemand,NDCCON,ECU,,E5CAMPLUCRO,,,2032,,,,,,11.4891
SpecifiedAnnualDemand,NDCCON,ECU,,E5CAMPLUCRO,,,2033,,,,,,11.4024
SpecifiedAnnualDemand,NDCCON,ECU,,E5CAMPLUCRO,,,2034,,,,,,11.3164
SpecifiedAnnualDemand,NDCCON,ECU,,E5CAMPLUCRO,,,2035,,,,,,11.2311
SpecifiedAnnualDemand,NDCCON,ECU,,E5CAMMONCRO,,,2010,,,,,,13.6319
SpecifiedAnnualDemand,NDCCON,ECU,,E5CAMMONCRO,,,2011,,,,,,13.6319
SpecifiedAnnualDemand,NDCCON,ECU,,E5CAMMONCRO,,,2012,,,,,,13.6319
SpecifiedAnnualDemand,NDCCON,ECU,,E5CAMMONCRO,,,2013,,,,,,13.6319
SpecifiedAnnualDemand,NDCCON,ECU,,E5CAMMONCRO,,,2014,,,,,,13.6319
SpecifiedAnnualDemand,NDCCON,ECU,,E5CAMMONCRO,,,2015,,,,,,13.4441
SpecifiedAnnualDemand,NDCCON,ECU,,E5CAMMONCRO,,,2016,,,,,,13.2563
SpecifiedAnnualDemand,NDCCON,ECU,,E5CAMMONCRO,,,2017,,,,,,12.2324
SpecifiedAnnualDemand,NDCCON,ECU,,E5CAMMONCRO,,,2018,,,,,,11.2085
SpecifiedAnnualDemand,NDCCON,ECU,,E5CAMMONCRO,,,2019,,,,,,11.0907
SpecifiedAnnualDemand,NDCCON,ECU,,E5CAMMONCRO,,,2020,,,,,,11.0907
SpecifiedAnnualDemand,NDCCON,ECU,,E5CAMMONCRO,,,2021,,,,,,8.7539
SpecifiedAnnualDemand,NDCCON,ECU,,E5CAMMONCRO,,,2022,,,,,,8.7539
SpecifiedAnnualDemand,NDCCON,ECU,,E5CAMMONCRO,,,2023,,,,,,7.4555
SpecifiedAnnualDemand,NDCCON,ECU,,E5CAMMONCRO,,,2024,,,,,,7.3992
SpecifiedAnnualDemand,NDCCON,ECU,,E5CAMMONCRO,,,2025,,,,,,7.3434
SpecifiedAnnualDemand,NDCCON,ECU,,E5CAMMONCRO,,,2026,,,,,,7.288
SpecifiedAnnualDemand,NDCCON,ECU,,E5CAMMONCRO,,,2027,,,,,,7.233
SpecifiedAnnualDemand,NDCCON,ECU,,E5CAMMONCRO,,,2028,,,,,,7.1785
SpecifiedAnnualDemand,NDCCON,ECU,,E5CAMMONCRO,,,2029,,,,,,7.1243
SpecifiedAnnualDemand,NDCCON,ECU,,E5CAMMONCRO,,,2030,,,,,,7.0706
SpecifiedAnnualDemand,NDCCON,ECU,,E5CAMMONCRO,,,2031,,,,,,7.0173
SpecifiedAnnualDemand,NDCCON,ECU,,E5CAMMONCRO,,,2032,,,,,,6.9643
SpecifiedAnnualDemand,NDCCON,ECU,,E5CAMMONCRO,,,2033,,,,,,6.9118
SpecifiedAnnualDemand,NDCCON,ECU,,E5CAMMONCRO,,,2034,,,,,,6.8597
SpecifiedAnnualDemand,NDCCON,ECU,,E5CAMMONCRO,,,2035,,,,,,6.808
SpecifiedAnnualDemand,NDCCON,ECU,,E5CAMPIECRO,,,2010,,,,,,19.1484
SpecifiedAnnualDemand,NDCCON,ECU,,E5CAMPIECRO,,,2011,,,,,,19.1484
SpecifiedAnnualDemand,NDCCON,ECU,,E5CAMPIECRO,,,2012,,,,,,19.1484
SpecifiedAnnualDemand,NDCCON,ECU,,E5CAMPIECRO,,,2013,,,,,,19.1484
SpecifiedAnnualDemand,NDCCON,ECU,,E5CAMPIECRO,,,2014,,,,,,19.1484
SpecifiedAnnualDemand,NDCCON,ECU,,E5CAMPIECRO,,,2015,,,,,,15.0177
SpecifiedAnnualDemand,NDCCON,ECU,,E5CAMPIECRO,,,2016,,,,,,10.8869
SpecifiedAnnualDemand,NDCCON,ECU,,E5CAMPIECRO,,,2017,,,,,,10.5143
SpecifiedAnnualDemand,NDCCON,ECU,,E5CAMPIECRO,,,2018,,,,,,10.1417
SpecifiedAnnualDemand,NDCCON,ECU,,E5CAMPIECRO,,,2019,,,,,,8.8615
SpecifiedAnnualDemand,NDCCON,ECU,,E5CAMPIECRO,,,2020,,,,,,8.8615
SpecifiedAnnualDemand,NDCCON,ECU,,E5CAMPIECRO,,,2021,,,,,,11.1546
SpecifiedAnnualDemand,NDCCON,ECU,,E5CAMPIECRO,,,2022,,,,,,11.1546
SpecifiedAnnualDemand,NDCCON,ECU,,E5CAMPIECRO,,,2023,,,,,,9.5001
SpecifiedAnnualDemand,NDCCON,ECU,,E5CAMPIECRO,,,2024,,,,,,9.4284
SpecifiedAnnualDemand,NDCCON,ECU,,E5CAMPIECRO,,,2025,,,,,,9.3573
SpecifiedAnnualDemand,NDCCON,ECU,,E5CAMPIECRO,,,2026,,,,,,9.2867
SpecifiedAnnualDemand,NDCCON,ECU,,E5CAMPIECRO,,,2027,,,,,,9.2167
SpecifiedAnnualDemand,NDCCON,ECU,,E5CAMPIECRO,,,2028,,,,,,9.1471
SpecifiedAnnualDemand,NDCCON,ECU,,E5CAMPIECRO,,,2029,,,,,,9.0781
SpecifiedAnnualDemand,NDCCON,ECU,,E5CAMPIECRO,,,2030,,,,,,9.0097
SpecifiedAnnualDemand,NDCCON,ECU,,E5CAMPIECRO,,,2031,,,,,,8.9417
SpecifiedAnnualDemand,NDCCON,ECU,,E5CAMPIECRO,,,2032,,,,,,8.8743
SpecifiedAnnualDemand,NDCCON,ECU,,E5CAMPIECRO,,,2033,,,,,,8.8073
SpecifiedAnnualDemand,NDCCON,ECU,,E5CAMPIECRO,,,2034,,,,,,8.7409
SpecifiedAnnualDemand,NDCCON,ECU,,E5CAMPIECRO,,,2035,,,,,,8.675
SpecifiedAnnualDemand,NDCCON,ECU,,E5CAMCEJCRO,,,2010,,,,,,2.544
SpecifiedAnnualDemand,NDCCON,ECU,,E5CAMCEJCRO,,,2011,,,,,,2.544
SpecifiedAnnualDemand,NDCCON,ECU,,E5CAMCEJCRO,,,2012,,,,,,2.544
SpecifiedAnnualDemand,NDCCON,ECU,,E5CAMCEJCRO,,,2013,,,,,,2.544
SpecifiedAnnualDemand,NDCCON,ECU,,E5CAMCEJCRO,,,2014,,,,,,2.544
SpecifiedAnnualDemand,NDCCON,ECU,,E5CAMCEJCRO,,,2015,,,,,,2.7404
SpecifiedAnnualDemand,NDCCON,ECU,,E5CAMCEJCRO,,,2016,,,,,,2.9368
SpecifiedAnnualDemand,NDCCON,ECU,,E5CAMCEJCRO,,,2017,,,,,,2.6195
SpecifiedAnnualDemand,NDCCON,ECU,,E5CAMCEJCRO,,,2018,,,,,,2.3022
SpecifiedAnnualDemand,NDCCON,ECU,,E5CAMCEJCRO,,,2019,,,,,,3.1691
SpecifiedAnnualDemand,NDCCON,ECU,,E5CAMCEJCRO,,,2020,,,,,,3.1691
SpecifiedAnnualDemand,NDCCON,ECU,,E5CAMCEJCRO,,,2021,,,,,,1.3573
SpecifiedAnnualDemand,NDCCON,ECU,,E5CAMCEJCRO,,,2022,,,,,,1.3573
SpecifiedAnnualDemand,NDCCON,ECU,,E5CAMCEJCRO,,,2023,,,,,,1.156
SpecifiedAnnualDemand,NDCCON,ECU,,E5CAMCEJCRO,,,2024,,,,,,1.1472
SpecifiedAnnualDemand,NDCCON,ECU,,E5CAMCEJCRO,,,2025,,,,,,1.1386
SpecifiedAnnualDemand,NDCCON,ECU,,E5CAMCEJCRO,,,2026,,,,,,1.13
SpecifiedAnnualDemand,NDCCON,ECU,,E5CAMCEJCRO,,,2027,,,,,,1.1215
SpecifiedAnnualDemand,NDCCON,ECU,,E5CAMCEJCRO,,,2028,,,,,,1.113
SpecifiedAnnualDemand,NDCCON,ECU,,E5CAMCEJCRO,,,2029,,,,,,1.1046
SpecifiedAnnualDemand,NDCCON,ECU,,E5CAMCEJCRO,,,2030,,,,,,1.0963
SpecifiedAnnualDemand,NDCCON,ECU,,E5CAMCEJCRO,,,2031,,,,,,1.088
SpecifiedAnnualDemand,NDCCON,ECU,,E5CAMCEJCRO,,,2032,,,,,,1.0798
SpecifiedAnnualDemand,NDCCON,ECU,,E5CAMCEJCRO,,,2033,,,,,,1.0717
SpecifiedAnnualDemand,NDCCON,ECU,,E5CAMCEJCRO,,,2034,,,,,,1.0636
SpecifiedAnnualDemand,NDCCON,ECU,,E5CAMCEJCRO,,,2035,,,,,,1.0556
SpecifiedAnnualDemand,NDCCON,ECU,,E5CAMAMACRO,,,2010,,,,,,22.2275
SpecifiedAnnualDemand,NDCCON,ECU,,E5CAMAMACRO,,,2011,,,,,,22.2275
SpecifiedAnnualDemand,NDCCON,ECU,,E5CAMAMACRO,,,2012,,,,,,22.2275
SpecifiedAnnualDemand,NDCCON,ECU,,E5CAMAMACRO,,,2013,,,,,,22.2275
SpecifiedAnnualDemand,NDCCON,ECU,,E5CAMAMACRO,,,2014,,,,,,22.2275
SpecifiedAnnualDemand,NDCCON,ECU,,E5CAMAMACRO,,,2015,,,,,,24.6515
SpecifiedAnnualDemand,NDCCON,ECU,,E5CAMAMACRO,,,2016,,,,,,27.0755
SpecifiedAnnualDemand,NDCCON,ECU,,E5CAMAMACRO,,,2017,,,,,,25.6364
SpecifiedAnnualDemand,NDCCON,ECU,,E5CAMAMACRO,,,2018,,,,,,24.1972
SpecifiedAnnualDemand,NDCCON,ECU,,E5CAMAMACRO,,,2019,,,,,,26.9987
SpecifiedAnnualDemand,NDCCON,ECU,,E5CAMAMACRO,,,2020,,,,,,26.9987
SpecifiedAnnualDemand,NDCCON,ECU,,E5CAMAMACRO,,,2021,,,,,,28.9474
SpecifiedAnnualDemand,NDCCON,ECU,,E5CAMAMACRO,,,2022,,,,,,28.9474
SpecifiedAnnualDemand,NDCCON,ECU,,E5CAMAMACRO,,,2023,,,,,,24.6536
SpecifiedAnnualDemand,NDCCON,ECU,,E5CAMAMACRO,,,2024,,,,,,24.4676
SpecifiedAnnualDemand,NDCCON,ECU,,E5CAMAMACRO,,,2025,,,,,,24.2831
SpecifiedAnnualDemand,NDCCON,ECU,,E5CAMAMACRO,,,2026,,,,,,24.0999
SpecifiedAnnualDemand,NDCCON,ECU,,E5CAMAMACRO,,,2027,,,,,,23.9181
SpecifiedAnnualDemand,NDCCON,ECU,,E5CAMAMACRO,,,2028,,,,,,23.7377
SpecifiedAnnualDemand,NDCCON,ECU,,E5CAMAMACRO,,,2029,,,,,,23.5586
SpecifiedAnnualDemand,NDCCON,ECU,,E5CAMAMACRO,,,2030,,,,,,23.3809
SpecifiedAnnualDemand,NDCCON,ECU,,E5CAMAMACRO,,,2031,,,,,,23.2046
SpecifiedAnnualDemand,NDCCON,ECU,,E5CAMAMACRO,,,2032,,,,,,23.0296
SpecifiedAnnualDemand,NDCCON,ECU,,E5CAMAMACRO,,,2033,,,,,,22.8559
SpecifiedAnnualDemand,NDCCON,ECU,,E5CAMAMACRO,,,2034,,,,,,22.6835
SpecifiedAnnualDemand,NDCCON,ECU,,E5CAMAMACRO,,,2035,,,,,,22.5124
SpecifiedAnnualDemand,NDCCON,ECU,,E5CAMCHOCRO,,,2010,,,,,,19.3444
SpecifiedAnnualDemand,NDCCON,ECU,,E5CAMCHOCRO,,,2011,,,,,,19.3444
SpecifiedAnnualDemand,NDCCON,ECU,,E5CAMCHOCRO,,,2012,,,,,,19.3444
SpecifiedAnnualDemand,NDCCON,ECU,,E5CAMCHOCRO,,,2013,,,,,,19.3444
SpecifiedAnnualDemand,NDCCON,ECU,,E5CAMCHOCRO,,,2014,,,,,,19.3444
SpecifiedAnnualDemand,NDCCON,ECU,,E5CAMCHOCRO,,,2015,,,,,,19.8718
SpecifiedAnnualDemand,NDCCON,ECU,,E5CAMCHOCRO,,,2016,,,,,,20.3992
SpecifiedAnnualDemand,NDCCON,ECU,,E5CAMCHOCRO,,,2017,,,,,,19.1759
SpecifiedAnnualDemand,NDCCON,ECU,,E5CAMCHOCRO,,,2018,,,,,,17.9527
SpecifiedAnnualDemand,NDCCON,ECU,,E5CAMCHOCRO,,,2019,,,,,,16.6124
SpecifiedAnnualDemand,NDCCON,ECU,,E5CAMCHOCRO,,,2020,,,,,,16.6124
SpecifiedAnnualDemand,NDCCON,ECU,,E5CAMCHOCRO,,,2021,,,,,,23.324
SpecifiedAnnualDemand,NDCCON,ECU,,E5CAMCHOCRO,,,2022,,,,,,23.324
SpecifiedAnnualDemand,NDCCON,ECU,,E5CAMCHOCRO,,,2023,,,,,,19.8643
SpecifiedAnnualDemand,NDCCON,ECU,,E5CAMCHOCRO,,,2024,,,,,,19.7145
SpecifiedAnnualDemand,NDCCON,ECU,,E5CAMCHOCRO,,,2025,,,,,,19.5658
SpecifiedAnnualDemand,NDCCON,ECU,,E5CAMCHOCRO,,,2026,,,,,,19.4182
SpecifiedAnnualDemand,NDCCON,ECU,,E5CAMCHOCRO,,,2027,,,,,,19.2717
SpecifiedAnnualDemand,NDCCON,ECU,,E5CAMCHOCRO,,,2028,,,,,,19.1264
SpecifiedAnnualDemand,NDCCON,ECU,,E5CAMCHOCRO,,,2029,,,,,,18.9821
SpecifiedAnnualDemand,NDCCON,ECU,,E5CAMCHOCRO,,,2030,,,,,,18.8389
SpecifiedAnnualDemand,NDCCON,ECU,,E5CAMCHOCRO,,,2031,,,,,,18.6968
SpecifiedAnnualDemand,NDCCON,ECU,,E5CAMCHOCRO,,,2032,,,,,,18.5558
SpecifiedAnnualDemand,NDCCON,ECU,,E5CAMCHOCRO,,,2033,,,,,,18.4158
SpecifiedAnnualDemand,NDCCON,ECU,,E5CAMCHOCRO,,,2034,,,,,,18.2769
SpecifiedAnnualDemand,NDCCON,ECU,,E5CAMCHOCRO,,,2035,,,,,,18.1391
SpecifiedAnnualDemand,NDCCON,ECU,,E5CAMMANCRO,,,2010,,,,,,0.3635
SpecifiedAnnualDemand,NDCCON,ECU,,E5CAMMANCRO,,,2011,,,,,,0.3635
SpecifiedAnnualDemand,NDCCON,ECU,,E5CAMMANCRO,,,2012,,,,,,0.3635
SpecifiedAnnualDemand,NDCCON,ECU,,E5CAMMANCRO,,,2013,,,,,,0.3635
SpecifiedAnnualDemand,NDCCON,ECU,,E5CAMMANCRO,,,2014,,,,,,0.3635
SpecifiedAnnualDemand,NDCCON,ECU,,E5CAMMANCRO,,,2015,,,,,,0.5613
SpecifiedAnnualDemand,NDCCON,ECU,,E5CAMMANCRO,,,2016,,,,,,0.7591
SpecifiedAnnualDemand,NDCCON,ECU,,E5CAMMANCRO,,,2017,,,,,,0.5382
SpecifiedAnnualDemand,NDCCON,ECU,,E5CAMMANCRO,,,2018,,,,,,0.3174
SpecifiedAnnualDemand,NDCCON,ECU,,E5CAMMANCRO,,,2019,,,,,,0.138
SpecifiedAnnualDemand,NDCCON,ECU,,E5CAMMANCRO,,,2020,,,,,,0.138
SpecifiedAnnualDemand,NDCCON,ECU,,E5CAMMANCRO,,,2021,,,,,,0.3296
SpecifiedAnnualDemand,NDCCON,ECU,,E5CAMMANCRO,,,2022,,,,,,0.3296
SpecifiedAnnualDemand,NDCCON,ECU,,E5CAMMANCRO,,,2023,,,,,,0.2807
SpecifiedAnnualDemand,NDCCON,ECU,,E5CAMMANCRO,,,2024,,,,,,0.2786
SpecifiedAnnualDemand,NDCCON,ECU,,E5CAMMANCRO,,,2025,,,,,,0.2765
SpecifiedAnnualDemand,NDCCON,ECU,,E5CAMMANCRO,,,2026,,,,,,0.2744
SpecifiedAnnualDemand,NDCCON,ECU,,E5CAMMANCRO,,,2027,,,,,,0.2723
SpecifiedAnnualDemand,NDCCON,ECU,,E5CAMMANCRO,,,2028,,,,,,0.2703
SpecifiedAnnualDemand,NDCCON,ECU,,E5CAMMANCRO,,,2029,,,,,,0.2682
SpecifiedAnnualDemand,NDCCON,ECU,,E5CAMMANCRO,,,2030,,,,,,0.2662
SpecifiedAnnualDemand,NDCCON,ECU,,E5CAMMANCRO,,,2031,,,,,,0.2642
SpecifiedAnnualDemand,NDCCON,ECU,,E5CAMMANCRO,,,2032,,,,,,0.2622
SpecifiedAnnualDemand,NDCCON,ECU,,E5CAMMANCRO,,,2033,,,,,,0.2602
SpecifiedAnnualDemand,NDCCON,ECU,,E5CAMMANCRO,,,2034,,,,,,0.2583
SpecifiedAnnualDemand,NDCCON,ECU,,E5CAMMANCRO,,,2035,,,,,,0.2563
SpecifiedAnnualDemand,NDCCON,ECU,,E5CAMMORCRO,,,2010,,,,,,0.4237
SpecifiedAnnualDemand,NDCCON,ECU,,E5CAMMORCRO,,,2011,,,,,,0.4237
SpecifiedAnnualDemand,NDCCON,ECU,,E5CAMMORCRO,,,2012,,,,,,0.4237
SpecifiedAnnualDemand,NDCCON,ECU,,E5CAMMORCRO,,,2013,,,,,,0.4237
SpecifiedAnnualDemand,NDCCON,ECU,,E5CAMMORCRO,,,2014,,,,,,0.4237
SpecifiedAnnualDemand,NDCCON,ECU,,E5CAMMORCRO,,,2015,,,,,,0.5067
SpecifiedAnnualDemand,NDCCON,ECU,,E5CAMMORCRO,,,2016,,,,,,0.5896
SpecifiedAnnualDemand,NDCCON,ECU,,E5CAMMORCRO,,,2017,,,,,,0.4633
SpecifiedAnnualDemand,NDCCON,ECU,,E5CAMMORCRO,,,2018,,,,,,0.3369
SpecifiedAnnualDemand,NDCCON,ECU,,E5CAMMORCRO,,,2019,,,,,,0.6211
SpecifiedAnnualDemand,NDCCON,ECU,,E5CAMMORCRO,,,2020,,,,,,0.6211
SpecifiedAnnualDemand,NDCCON,ECU,,E5CAMMORCRO,,,2021,,,,,,0.6679
SpecifiedAnnualDemand,NDCCON,ECU,,E5CAMMORCRO,,,2022,,,,,,0.6679
SpecifiedAnnualDemand,NDCCON,ECU,,E5CAMMORCRO,,,2023,,,,,,0.5688
SpecifiedAnnualDemand,NDCCON,ECU,,E5CAMMORCRO,,,2024,,,,,,0.5645
SpecifiedAnnualDemand,NDCCON,ECU,,E5CAMMORCRO,,,2025,,,,,,0.5603
SpecifiedAnnualDemand,NDCCON,ECU,,E5CAMMORCRO,,,2026,,,,,,0.5561
SpecifiedAnnualDemand,NDCCON,ECU,,E5CAMMORCRO,,,2027,,,,,,0.5519
SpecifiedAnnualDemand,NDCCON,ECU,,E5CAMMORCRO,,,2028,,,,,,0.5477
SpecifiedAnnualDemand,NDCCON,ECU,,E5CAMMORCRO,,,2029,,,,,,0.5436
SpecifiedAnnualDemand,NDCCON,ECU,,E5CAMMORCRO,,,2030,,,,,,0.5395
SpecifiedAnnualDemand,NDCCON,ECU,,E5CAMMORCRO,,,2031,,,,,,0.5354
SpecifiedAnnualDemand,NDCCON,ECU,,E5CAMMORCRO,,,2032,,,,,,0.5314
SpecifiedAnnualDemand,NDCCON,ECU,,E5CAMMORCRO,,,2033,,,,,,0.5273
SpecifiedAnnualDemand,NDCCON,ECU,,E5CAMMORCRO,,,2034,,,,,,0.5234
SpecifiedAnnualDemand,NDCCON,ECU,,E5CAMMORCRO,,,2035,,,,,,0.5194
SpecifiedAnnualDemand,NDCCON,ECU,,E5CAMPFOCRO,,,2010,,,,,,2.301
SpecifiedAnnualDemand,NDCCON,ECU,,E5CAMPFOCRO,,,2011,,,,,,2.301
SpecifiedAnnualDemand,NDCCON,ECU,,E5CAMPFOCRO,,,2012,,,,,,2.301
SpecifiedAnnualDemand,NDCCON,ECU,,E5CAMPFOCRO,,,2013,,,,,,2.301
SpecifiedAnnualDemand,NDCCON,ECU,,E5CAMPFOCRO,,,2014,,,,,,2.301
SpecifiedAnnualDemand,NDCCON,ECU,,E5CAMPFOCRO,,,2015,,,,,,6.7188
SpecifiedAnnualDemand,NDCCON,ECU,,E5CAMPFOCRO,,,2016,,,,,,11.1367
SpecifiedAnnualDemand,NDCCON,ECU,,E5CAMPFOCRO,,,2017,,,,,,9.8691
SpecifiedAnnualDemand,NDCCON,ECU,,E5CAMPFOCRO,,,2018,,,,,,8.6014
SpecifiedAnnualDemand,NDCCON,ECU,,E5CAMPFOCRO,,,2019,,,,,,1.9037
SpecifiedAnnualDemand,NDCCON,ECU,,E5CAMPFOCRO,,,2020,,,,,,1.9037
SpecifiedAnnualDemand,NDCCON,ECU,,E5CAMPFOCRO,,,2021,,,,,,5.1551
SpecifiedAnnualDemand,NDCCON,ECU,,E5CAMPFOCRO,,,2022,,,,,,5.1551
SpecifiedAnnualDemand,NDCCON,ECU,,E5CAMPFOCRO,,,2023,,,,,,4.3905
SpecifiedAnnualDemand,NDCCON,ECU,,E5CAMPFOCRO,,,2024,,,,,,4.3573
SpecifiedAnnualDemand,NDCCON,ECU,,E5CAMPFOCRO,,,2025,,,,,,4.3245
SpecifiedAnnualDemand,NDCCON,ECU,,E5CAMPFOCRO,,,2026,,,,,,4.2918
SpecifiedAnnualDemand,NDCCON,ECU,,E5CAMPFOCRO,,,2027,,,,,,4.2595
SpecifiedAnnualDemand,NDCCON,ECU,,E5CAMPFOCRO,,,2028,,,,,,4.2274
SpecifiedAnnualDemand,NDCCON,ECU,,E5CAMPFOCRO,,,2029,,,,,,4.1955
SpecifiedAnnualDemand,NDCCON,ECU,,E5CAMPFOCRO,,,2030,,,,,,4.1638
SpecifiedAnnualDemand,NDCCON,ECU,,E5CAMPFOCRO,,,2031,,,,,,4.1324
SpecifiedAnnualDemand,NDCCON,ECU,,E5CAMPFOCRO,,,2032,,,,,,4.1012
SpecifiedAnnualDemand,NDCCON,ECU,,E5CAMPFOCRO,,,2033,,,,,,4.0703
SpecifiedAnnualDemand,NDCCON,ECU,,E5CAMPFOCRO,,,2034,,,,,,4.0396
SpecifiedAnnualDemand,NDCCON,ECU,,E5CAMPFOCRO,,,2035,,,,,,4.0091
SpecifiedAnnualDemand,NDCCON,ECU,,E5CAMGRACRO,,,2010,,,,,,24.386
SpecifiedAnnualDemand,NDCCON,ECU,,E5CAMGRACRO,,,2011,,,,,,24.386
SpecifiedAnnualDemand,NDCCON,ECU,,E5CAMGRACRO,,,2012,,,,,,24.386
SpecifiedAnnualDemand,NDCCON,ECU,,E5CAMGRACRO,,,2013,,,,,,24.386
SpecifiedAnnualDemand,NDCCON,ECU,,E5CAMGRACRO,,,2014,,,,,,24.386
SpecifiedAnnualDemand,NDCCON,ECU,,E5CAMGRACRO,,,2015,,,,,,38.9668
SpecifiedAnnualDemand,NDCCON,ECU,,E5CAMGRACRO,,,2016,,,,,,53.5476
SpecifiedAnnualDemand,NDCCON,ECU,,E5CAMGRACRO,,,2017,,,,,,34.2035
SpecifiedAnnualDemand,NDCCON,ECU,,E5CAMGRACRO,,,2018,,,,,,14.8595
SpecifiedAnnualDemand,NDCCON,ECU,,E5CAMGRACRO,,,2019,,,,,,32.4404
SpecifiedAnnualDemand,NDCCON,ECU,,E5CAMGRACRO,,,2020,,,,,,32.4404
SpecifiedAnnualDemand,NDCCON,ECU,,E5CAMGRACRO,,,2021,,,,,,23.216
SpecifiedAnnualDemand,NDCCON,ECU,,E5CAMGRACRO,,,2022,,,,,,23.216
SpecifiedAnnualDemand,NDCCON,ECU,,E5CAMGRACRO,,,2023,,,,,,23.216
SpecifiedAnnualDemand,NDCCON,ECU,,E5CAMGRACRO,,,2024,,,,,,23.216
SpecifiedAnnualDemand,NDCCON,ECU,,E5CAMGRACRO,,,2025,,,,,,23.216
SpecifiedAnnualDemand,NDCCON,ECU,,E5CAMGRACRO,,,2026,,,,,,23.216
SpecifiedAnnualDemand,NDCCON,ECU,,E5CAMGRACRO,,,2027,,,,,,23.216
SpecifiedAnnualDemand,NDCCON,ECU,,E5CAMGRACRO,,,2028,,,,,,23.216
SpecifiedAnnualDemand,NDCCON,ECU,,E5CAMGRACRO,,,2029,,,,,,23.216
SpecifiedAnnualDemand,NDCCON,ECU,,E5CAMGRACRO,,,2030,,,,,,23.216
SpecifiedAnnualDemand,NDCCON,ECU,,E5CAMGRACRO,,,2031,,,,,,23.216
SpecifiedAnnualDemand,NDCCON,ECU,,E5CAMGRACRO,,,2032,,,,,,23.216
SpecifiedAnnualDemand,NDCCON,ECU,,E5CAMGRACRO,,,2033,,,,,,23.216
SpecifiedAnnualDemand,NDCCON,ECU,,E5CAMGRACRO,,,2034,,,,,,23.216
SpecifiedAnnualDemand,NDCCON,ECU,,E5CAMGRACRO,,,2035,,,,,,23.216
SpecifiedAnnualDemand,NDCCON,ECU,,E5CAMHUMCRO,,,2010,,,,,,8.32
SpecifiedAnnualDemand,NDCCON,ECU,,E5CAMHUMCRO,,,2011,,,,,,8.32
SpecifiedAnnualDemand,NDCCON,ECU,,E5CAMHUMCRO,,,2012,,,,,,8.32
SpecifiedAnnualDemand,NDCCON,ECU,,E5CAMHUMCRO,,,2013,,,,,,8.32
SpecifiedAnnualDemand,NDCCON,ECU,,E5CAMHUMCRO,,,2014,,,,,,8.32
SpecifiedAnnualDemand,NDCCON,ECU,,E5CAMHUMCRO,,,2015,,,,,,9.2682
SpecifiedAnnualDemand,NDCCON,ECU,,E5CAMHUMCRO,,,2016,,,,,,10.2164
SpecifiedAnnualDemand,NDCCON,ECU,,E5CAMHUMCRO,,,2017,,,,,,8.4736
SpecifiedAnnualDemand,NDCCON,ECU,,E5CAMHUMCRO,,,2018,,,,,,6.7308
SpecifiedAnnualDemand,NDCCON,ECU,,E5CAMHUMCRO,,,2019,,,,,,0.7954
SpecifiedAnnualDemand,NDCCON,ECU,,E5CAMHUMCRO,,,2020,,,,,,0.7954
SpecifiedAnnualDemand,NDCCON,ECU,,E5CAMHUMCRO,,,2021,,,,,,2.563
SpecifiedAnnualDemand,NDCCON,ECU,,E5CAMHUMCRO,,,2022,,,,,,2.563
SpecifiedAnnualDemand,NDCCON,ECU,,E5CAMHUMCRO,,,2023,,,,,,2.563
SpecifiedAnnualDemand,NDCCON,ECU,,E5CAMHUMCRO,,,2024,,,,,,2.563
SpecifiedAnnualDemand,NDCCON,ECU,,E5CAMHUMCRO,,,2025,,,,,,2.563
SpecifiedAnnualDemand,NDCCON,ECU,,E5CAMHUMCRO,,,2026,,,,,,2.563
SpecifiedAnnualDemand,NDCCON,ECU,,E5CAMHUMCRO,,,2027,,,,,,2.563
SpecifiedAnnualDemand,NDCCON,ECU,,E5CAMHUMCRO,,,2028,,,,,,2.563
SpecifiedAnnualDemand,NDCCON,ECU,,E5CAMHUMCRO,,,2029,,,,,,2.563
SpecifiedAnnualDemand,NDCCON,ECU,,E5CAMHUMCRO,,,2030,,,,,,2.563
SpecifiedAnnualDemand,NDCCON,ECU,,E5CAMHUMCRO,,,2031,,,,,,2.563
SpecifiedAnnualDemand,NDCCON,ECU,,E5CAMHUMCRO,,,2032,,,,,,2.563
SpecifiedAnnualDemand,NDCCON,ECU,,E5CAMHUMCRO,,,2033,,,,,,2.563
SpecifiedAnnualDemand,NDCCON,ECU,,E5CAMHUMCRO,,,2034,,,,,,2.563
SpecifiedAnnualDemand,NDCCON,ECU,,E5CAMHUMCRO,,,2035,,,,,,2.563
SpecifiedAnnualDemand,NDCCON,ECU,,E5CAMASECRO,,,2010,,,,,,0.0
SpecifiedAnnualDemand,NDCCON,ECU,,E5CAMASECRO,,,2011,,,,,,0.0
SpecifiedAnnualDemand,NDCCON,ECU,,E5CAMASECRO,,,2012,,,,,,0.0
SpecifiedAnnualDemand,NDCCON,ECU,,E5CAMASECRO,,,2013,,,,,,0.0
SpecifiedAnnualDemand,NDCCON,ECU,,E5CAMASECRO,,,2014,,,,,,0.0
SpecifiedAnnualDemand,NDCCON,ECU,,E5CAMASECRO,,,2015,,,,,,0.0
SpecifiedAnnualDemand,NDCCON,ECU,,E5CAMASECRO,,,2016,,,,,,0.0
SpecifiedAnnualDemand,NDCCON,ECU,,E5CAMASECRO,,,2017,,,,,,0.0
SpecifiedAnnualDemand,NDCCON,ECU,,E5CAMASECRO,,,2018,,,,,,0.0
SpecifiedAnnualDemand,NDCCON,ECU,,E5CAMASECRO,,,2019,,,,,,0.0
SpecifiedAnnualDemand,NDCCON,ECU,,E5CAMASECRO,,,2020,,,,,,0.0
SpecifiedAnnualDemand,NDCCON,ECU,,E5CAMASECRO,,,2021,,,,,,0.2624
SpecifiedAnnualDemand,NDCCON,ECU,,E5CAMASECRO,,,2022,,,,,,0.2624
SpecifiedAnnualDemand,NDCCON,ECU,,E5CAMASECRO,,,2023,,,,,,0.2624
SpecifiedAnnualDemand,NDCCON,ECU,,E5CAMASECRO,,,2024,,,,,,0.2624
SpecifiedAnnualDemand,NDCCON,ECU,,E5CAMASECRO,,,2025,,,,,,0.2624
SpecifiedAnnualDemand,NDCCON,ECU,,E5CAMASECRO,,,2026,,,,,,0.2624
SpecifiedAnnualDemand,NDCCON,ECU,,E5CAMASECRO,,,2027,,,,,,0.2624
SpecifiedAnnualDemand,NDCCON,ECU,,E5CAMASECRO,,,2028,,,,,,0.2624
SpecifiedAnnualDemand,NDCCON,ECU,,E5CAMASECRO,,,2029,,,,,,0.2624
SpecifiedAnnualDemand,NDCCON,ECU,,E5CAMASECRO,,,2030,,,,,,0.2624
SpecifiedAnnualDemand,NDCCON,ECU,,E5CAMASECRO,,,2031,,,,,,0.2624
SpecifiedAnnualDemand,NDCCON,ECU,,E5CAMASECRO,,,2032,,,,,,0.2624
SpecifiedAnnualDemand,NDCCON,ECU,,E5CAMASECRO,,,2033,,,,,,0.2624
SpecifiedAnnualDemand,NDCCON,ECU,,E5CAMASECRO,,,2034,,,,,,0.2624
SpecifiedAnnualDemand,NDCCON,ECU,,E5CAMASECRO,,,2035,,,,,,0.2624
SpecifiedAnnualDemand,NDCCON,ECU,,E5CAMOTICRO,,,2010,,,,,,1.2805
SpecifiedAnnualDemand,NDCCON,ECU,,E5CAMOTICRO,,,2011,,,,,,1.2805
SpecifiedAnnualDemand,NDCCON,ECU,,E5CAMOTICRO,,,2012,,,,,,1.2805
SpecifiedAnnualDemand,NDCCON,ECU,,E5CAMOTICRO,,,2013,,,,,,1.2805
SpecifiedAnnualDemand,NDCCON,ECU,,E5CAMOTICRO,,,2014,,,,,,1.2805
SpecifiedAnnualDemand,NDCCON,ECU,,E5CAMOTICRO,,,2015,,,,,,5.2549
SpecifiedAnnualDemand,NDCCON,ECU,,E5CAMOTICRO,,,2016,,,,,,9.2292
SpecifiedAnnualDemand,NDCCON,ECU,,E5CAMOTICRO,,,2017,,,,,,5.3898
SpecifiedAnnualDemand,NDCCON,ECU,,E5CAMOTICRO,,,2018,,,,,,1.5504
SpecifiedAnnualDemand,NDCCON,ECU,,E5CAMOTICRO,,,2019,,,,,,0.6087
SpecifiedAnnualDemand,NDCCON,ECU,,E5CAMOTICRO,,,2020,,,,,,0.6087
SpecifiedAnnualDemand,NDCCON,ECU,,E5CAMOTICRO,,,2021,,,,,,3.3632
SpecifiedAnnualDemand,NDCCON,ECU,,E5CAMOTICRO,,,2022,,,,,,3.3632
SpecifiedAnnualDemand,NDCCON,ECU,,E5CAMOTICRO,,,2023,,,,,,3.3632
SpecifiedAnnualDemand,NDCCON,ECU,,E5CAMOTICRO,,,2024,,,,,,3.3632
SpecifiedAnnualDemand,NDCCON,ECU,,E5CAMOTICRO,,,2025,,,,,,3.3632
SpecifiedAnnualDemand,NDCCON,ECU,,E5CAMOTICRO,,,2026,,,,,,3.3632
SpecifiedAnnualDemand,NDCCON,ECU,,E5CAMOTICRO,,,2027,,,,,,3.3632
SpecifiedAnnualDemand,NDCCON,ECU,,E5CAMOTICRO,,,2028,,,,,,3.3632
SpecifiedAnnualDemand,NDCCON,ECU,,E5CAMOTICRO,,,2029,,,,,,3.3632
SpecifiedAnnualDemand,NDCCON,ECU,,E5CAMOTICRO,,,2030,,,,,,3.3632
SpecifiedAnnualDemand,NDCCON,ECU,,E5CAMOTICRO,,,2031,,,,,,3.3632
SpecifiedAnnualDemand,NDCCON,ECU,,E5CAMOTICRO,,,2032,,,,,,3.3632
SpecifiedAnnualDemand,NDCCON,ECU,,E5CAMOTICRO,,,2033,,,,,,3.3632
SpecifiedAnnualDemand,NDCCON,ECU,,E5CAMOTICRO,,,2034,,,,,,3.3632
SpecifiedAnnualDemand,NDCCON,ECU,,E5CAMOTICRO,,,2035,,,,,,3.3632
SpecifiedAnnualDemand,NDCCON,ECU,,E5CAMANDGRA,,,2010,,,,,,0.0
SpecifiedAnnualDemand,NDCCON,ECU,,E5CAMANDGRA,,,2011,,,,,,0.0
SpecifiedAnnualDemand,NDCCON,ECU,,E5CAMANDGRA,,,2012,,,,,,0.0
SpecifiedAnnualDemand,NDCCON,ECU,,E5CAMANDGRA,,,2013,,,,,,0.0
SpecifiedAnnualDemand,NDCCON,ECU,,E5CAMANDGRA,,,2014,,,,,,0.0
SpecifiedAnnualDemand,NDCCON,ECU,,E5CAMANDGRA,,,2015,,,,,,0.0
SpecifiedAnnualDemand,NDCCON,ECU,,E5CAMANDGRA,,,2016,,,,,,0.0
SpecifiedAnnualDemand,NDCCON,ECU,,E5CAMANDGRA,,,2017,,,,,,0.0808875
SpecifiedAnnualDemand,NDCCON,ECU,,E5CAMANDGRA,,,2018,,,,,,0.161775
SpecifiedAnnualDemand,NDCCON,ECU,,E5CAMANDGRA,,,2019,,,,,,0.02394
SpecifiedAnnualDemand,NDCCON,ECU,,E5CAMANDGRA,,,2020,,,,,,0.02394
SpecifiedAnnualDemand,NDCCON,ECU,,E5CAMANDGRA,,,2021,,,,,,0.00162
SpecifiedAnnualDemand,NDCCON,ECU,,E5CAMANDGRA,,,2022,,,,,,0.00162
SpecifiedAnnualDemand,NDCCON,ECU,,E5CAMANDGRA,,,2023,,,,,,0.0013797
SpecifiedAnnualDemand,NDCCON,ECU,,E5CAMANDGRA,,,2024,,,,,,0.0013693
SpecifiedAnnualDemand,NDCCON,ECU,,E5CAMANDGRA,,,2025,,,,,,0.00135897
SpecifiedAnnualDemand,NDCCON,ECU,,E5CAMANDGRA,,,2026,,,,,,0.00134872
SpecifiedAnnualDemand,NDCCON,ECU,,E5CAMANDGRA,,,2027,,,,,,0.00133854
SpecifiedAnnualDemand,NDCCON,ECU,,E5CAMANDGRA,,,2028,,,,,,0.00132845
SpecifiedAnnualDemand,NDCCON,ECU,,E5CAMANDGRA,,,2029,,,,,,0.00131843
SpecifiedAnnualDemand,NDCCON,ECU,,E5CAMANDGRA,,,2030,,,,,,0.00130848
SpecifiedAnnualDemand,NDCCON,ECU,,E5CAMANDGRA,,,2031,,,,,,0.00129861
SpecifiedAnnualDemand,NDCCON,ECU,,E5CAMANDGRA,,,2032,,,,,,0.00128882
SpecifiedAnnualDemand,NDCCON,ECU,,E5CAMANDGRA,,,2033,,,,,,0.0012791
SpecifiedAnnualDemand,NDCCON,ECU,,E5CAMANDGRA,,,2034,,,,,,0.00126945
SpecifiedAnnualDemand,NDCCON,ECU,,E5CAMANDGRA,,,2035,,,,,,0.00125988
SpecifiedAnnualDemand,NDCCON,ECU,,E5CAMPLUGRA,,,2010,,,,,,0.0
SpecifiedAnnualDemand,NDCCON,ECU,,E5CAMPLUGRA,,,2011,,,,,,0.0
SpecifiedAnnualDemand,NDCCON,ECU,,E5CAMPLUGRA,,,2012,,,,,,0.0
SpecifiedAnnualDemand,NDCCON,ECU,,E5CAMPLUGRA,,,2013,,,,,,0.0
SpecifiedAnnualDemand,NDCCON,ECU,,E5CAMPLUGRA,,,2014,,,,,,0.0
SpecifiedAnnualDemand,NDCCON,ECU,,E5CAMPLUGRA,,,2015,,,,,,0.0
SpecifiedAnnualDemand,NDCCON,ECU,,E5CAMPLUGRA,,,2016,,,,,,0.0
SpecifiedAnnualDemand,NDCCON,ECU,,E5CAMPLUGRA,,,2017,,,,,,0.3030975
SpecifiedAnnualDemand,NDCCON,ECU,,E5CAMPLUGRA,,,2018,,,,,,0.606195
SpecifiedAnnualDemand,NDCCON,ECU,,E5CAMPLUGRA,,,2019,,,,,,0.194535
SpecifiedAnnualDemand,NDCCON,ECU,,E5CAMPLUGRA,,,2020,,,,,,0.194535
SpecifiedAnnualDemand,NDCCON,ECU,,E5CAMPLUGRA,,,2021,,,,,,0.465885
SpecifiedAnnualDemand,NDCCON,ECU,,E5CAMPLUGRA,,,2022,,,,,,0.465885
SpecifiedAnnualDemand,NDCCON,ECU,,E5CAMPLUGRA,,,2023,,,,,,0.39677947
SpecifiedAnnualDemand,NDCCON,ECU,,E5CAMPLUGRA,,,2024,,,,,,0.39378661
SpecifiedAnnualDemand,NDCCON,ECU,,E5CAMPLUGRA,,,2025,,,,,,0.39081634
SpecifiedAnnualDemand,NDCCON,ECU,,E5CAMPLUGRA,,,2026,,,,,,0.38786847
SpecifiedAnnualDemand,NDCCON,ECU,,E5CAMPLUGRA,,,2027,,,,,,0.38494285
SpecifiedAnnualDemand,NDCCON,ECU,,E5CAMPLUGRA,,,2028,,,,,,0.38203967
SpecifiedAnnualDemand,NDCCON,ECU,,E5CAMPLUGRA,,,2029,,,,,,0.37915765
SpecifiedAnnualDemand,NDCCON,ECU,,E5CAMPLUGRA,,,2030,,,,,,0.37629738
SpecifiedAnnualDemand,NDCCON,ECU,,E5CAMPLUGRA,,,2031,,,,,,0.37345979
SpecifiedAnnualDemand,NDCCON,ECU,,E5CAMPLUGRA,,,2032,,,,,,0.37064287
SpecifiedAnnualDemand,NDCCON,ECU,,E5CAMPLUGRA,,,2033,,,,,,0.36784721
SpecifiedAnnualDemand,NDCCON,ECU,,E5CAMPLUGRA,,,2034,,,,,,0.36507264
SpecifiedAnnualDemand,NDCCON,ECU,,E5CAMPLUGRA,,,2035,,,,,,0.36231935
SpecifiedAnnualDemand,NDCCON,ECU,,E5CAMMONGRA,,,2010,,,,,,0.0
SpecifiedAnnualDemand,NDCCON,ECU,,E5CAMMONGRA,,,2011,,,,,,0.0
SpecifiedAnnualDemand,NDCCON,ECU,,E5CAMMONGRA,,,2012,,,,,,0.0
SpecifiedAnnualDemand,NDCCON,ECU,,E5CAMMONGRA,,,2013,,,,,,0.0
SpecifiedAnnualDemand,NDCCON,ECU,,E5CAMMONGRA,,,2014,,,,,,0.0
SpecifiedAnnualDemand,NDCCON,ECU,,E5CAMMONGRA,,,2015,,,,,,0.0
SpecifiedAnnualDemand,NDCCON,ECU,,E5CAMMONGRA,,,2016,,,,,,0.0
SpecifiedAnnualDemand,NDCCON,ECU,,E5CAMMONGRA,,,2017,,,,,,0.195885
SpecifiedAnnualDemand,NDCCON,ECU,,E5CAMMONGRA,,,2018,,,,,,0.39177
SpecifiedAnnualDemand,NDCCON,ECU,,E5CAMMONGRA,,,2019,,,,,,0.846225
SpecifiedAnnualDemand,NDCCON,ECU,,E5CAMMONGRA,,,2020,,,,,,0.846225
SpecifiedAnnualDemand,NDCCON,ECU,,E5CAMMONGRA,,,2021,,,,,,0.07911
SpecifiedAnnualDemand,NDCCON,ECU,,E5CAMMONGRA,,,2022,,,,,,0.07911
SpecifiedAnnualDemand,NDCCON,ECU,,E5CAMMONGRA,,,2023,,,,,,0.06737548
SpecifiedAnnualDemand,NDCCON,ECU,,E5CAMMONGRA,,,2024,,,,,,0.06686727
SpecifiedAnnualDemand,NDCCON,ECU,,E5CAMMONGRA,,,2025,,,,,,0.0663629
SpecifiedAnnualDemand,NDCCON,ECU,,E5CAMMONGRA,,,2026,,,,,,0.06586234
SpecifiedAnnualDemand,NDCCON,ECU,,E5CAMMONGRA,,,2027,,,,,,0.06536555
SpecifiedAnnualDemand,NDCCON,ECU,,E5CAMMONGRA,,,2028,,,,,,0.06487257
SpecifiedAnnualDemand,NDCCON,ECU,,E5CAMMONGRA,,,2029,,,,,,0.06438319
SpecifiedAnnualDemand,NDCCON,ECU,,E5CAMMONGRA,,,2030,,,,,,0.0638975
SpecifiedAnnualDemand,NDCCON,ECU,,E5CAMMONGRA,,,2031,,,,,,0.06341566
SpecifiedAnnualDemand,NDCCON,ECU,,E5CAMMONGRA,,,2032,,,,,,0.06293733
SpecifiedAnnualDemand,NDCCON,ECU,,E5CAMMONGRA,,,2033,,,,,,0.06246261
SpecifiedAnnualDemand,NDCCON,ECU,,E5CAMMONGRA,,,2034,,,,,,0.06199147
SpecifiedAnnualDemand,NDCCON,ECU,,E5CAMMONGRA,,,2035,,,,,,0.06152395
SpecifiedAnnualDemand,NDCCON,ECU,,E5CAMPIEGRA,,,2010,,,,,,0.0
SpecifiedAnnualDemand,NDCCON,ECU,,E5CAMPIEGRA,,,2011,,,,,,0.0
SpecifiedAnnualDemand,NDCCON,ECU,,E5CAMPIEGRA,,,2012,,,,,,0.0
SpecifiedAnnualDemand,NDCCON,ECU,,E5CAMPIEGRA,,,2013,,,,,,0.0
SpecifiedAnnualDemand,NDCCON,ECU,,E5CAMPIEGRA,,,2014,,,,,,0.0
SpecifiedAnnualDemand,NDCCON,ECU,,E5CAMPIEGRA,,,2015,,,,,,0.0
SpecifiedAnnualDemand,NDCCON,ECU,,E5CAMPIEGRA,,,2016,,,,,,0.0
SpecifiedAnnualDemand,NDCCON,ECU,,E5CAMPIEGRA,,,2017,,,,,,0.0340425
SpecifiedAnnualDemand,NDCCON,ECU,,E5CAMPIEGRA,,,2018,,,,,,0.068085
SpecifiedAnnualDemand,NDCCON,ECU,,E5CAMPIEGRA,,,2019,,,,,,0.14994
SpecifiedAnnualDemand,NDCCON,ECU,,E5CAMPIEGRA,,,2020,,,,,,0.14994
SpecifiedAnnualDemand,NDCCON,ECU,,E5CAMPIEGRA,,,2021,,,,,,0.020925
SpecifiedAnnualDemand,NDCCON,ECU,,E5CAMPIEGRA,,,2022,,,,,,0.020925
SpecifiedAnnualDemand,NDCCON,ECU,,E5CAMPIEGRA,,,2023,,,,,,0.01782116
SpecifiedAnnualDemand,NDCCON,ECU,,E5CAMPIEGRA,,,2024,,,,,,0.01768674
SpecifiedAnnualDemand,NDCCON,ECU,,E5CAMPIEGRA,,,2025,,,,,,0.01755333
SpecifiedAnnualDemand,NDCCON,ECU,,E5CAMPIEGRA,,,2026,,,,,,0.01742093
SpecifiedAnnualDemand,NDCCON,ECU,,E5CAMPIEGRA,,,2027,,,,,,0.01728952
SpecifiedAnnualDemand,NDCCON,ECU,,E5CAMPIEGRA,,,2028,,,,,,0.01715913
SpecifiedAnnualDemand,NDCCON,ECU,,E5CAMPIEGRA,,,2029,,,,,,0.01702968
SpecifiedAnnualDemand,NDCCON,ECU,,E5CAMPIEGRA,,,2030,,,,,,0.01690122
SpecifiedAnnualDemand,NDCCON,ECU,,E5CAMPIEGRA,,,2031,,,,,,0.01677377
SpecifiedAnnualDemand,NDCCON,ECU,,E5CAMPIEGRA,,,2032,,,,,,0.01664725
SpecifiedAnnualDemand,NDCCON,ECU,,E5CAMPIEGRA,,,2033,,,,,,0.01652168
SpecifiedAnnualDemand,NDCCON,ECU,,E5CAMPIEGRA,,,2034,,,,,,0.01639706
SpecifiedAnnualDemand,NDCCON,ECU,,E5CAMPIEGRA,,,2035,,,,,,0.0162734
SpecifiedAnnualDemand,NDCCON,ECU,,E5CAMCEJGRA,,,2010,,,,,,0.0
SpecifiedAnnualDemand,NDCCON,ECU,,E5CAMCEJGRA,,,2011,,,,,,0.0
SpecifiedAnnualDemand,NDCCON,ECU,,E5CAMCEJGRA,,,2012,,,,,,0.0
SpecifiedAnnualDemand,NDCCON,ECU,,E5CAMCEJGRA,,,2013,,,,,,0.0
SpecifiedAnnualDemand,NDCCON,ECU,,E5CAMCEJGRA,,,2014,,,,,,0.0
SpecifiedAnnualDemand,NDCCON,ECU,,E5CAMCEJGRA,,,2015,,,,,,0.0
SpecifiedAnnualDemand,NDCCON,ECU,,E5CAMCEJGRA,,,2016,,,,,,0.0
SpecifiedAnnualDemand,NDCCON,ECU,,E5CAMCEJGRA,,,2017,,,,,,0.191205
SpecifiedAnnualDemand,NDCCON,ECU,,E5CAMCEJGRA,,,2018,,,,,,0.38241
SpecifiedAnnualDemand,NDCCON,ECU,,E5CAMCEJGRA,,,2019,,,,,,1.335285
SpecifiedAnnualDemand,NDCCON,ECU,,E5CAMCEJGRA,,,2020,,,,,,1.335285
SpecifiedAnnualDemand,NDCCON,ECU,,E5CAMCEJGRA,,,2021,,,,,,0.040455
SpecifiedAnnualDemand,NDCCON,ECU,,E5CAMCEJGRA,,,2022,,,,,,0.040455
SpecifiedAnnualDemand,NDCCON,ECU,,E5CAMCEJGRA,,,2023,,,,,,0.03445424
SpecifiedAnnualDemand,NDCCON,ECU,,E5CAMCEJGRA,,,2024,,,,,,0.03419436
SpecifiedAnnualDemand,NDCCON,ECU,,E5CAMCEJGRA,,,2025,,,,,,0.03393643
SpecifiedAnnualDemand,NDCCON,ECU,,E5CAMCEJGRA,,,2026,,,,,,0.03368046
SpecifiedAnnualDemand,NDCCON,ECU,,E5CAMCEJGRA,,,2027,,,,,,0.03342641
SpecifiedAnnualDemand,NDCCON,ECU,,E5CAMCEJGRA,,,2028,,,,,,0.03317431
SpecifiedAnnualDemand,NDCCON,ECU,,E5CAMCEJGRA,,,2029,,,,,,0.03292405
SpecifiedAnnualDemand,NDCCON,ECU,,E5CAMCEJGRA,,,2030,,,,,,0.03267568
SpecifiedAnnualDemand,NDCCON,ECU,,E5CAMCEJGRA,,,2031,,,,,,0.03242928
SpecifiedAnnualDemand,NDCCON,ECU,,E5CAMCEJGRA,,,2032,,,,,,0.03218468
SpecifiedAnnualDemand,NDCCON,ECU,,E5CAMCEJGRA,,,2033,,,,,,0.03194191
SpecifiedAnnualDemand,NDCCON,ECU,,E5CAMCEJGRA,,,2034,,,,,,0.03170099
SpecifiedAnnualDemand,NDCCON,ECU,,E5CAMCEJGRA,,,2035,,,,,,0.0314619
SpecifiedAnnualDemand,NDCCON,ECU,,E5CAMAMAGRA,,,2010,,,,,,0.0
SpecifiedAnnualDemand,NDCCON,ECU,,E5CAMAMAGRA,,,2011,,,,,,0.0
SpecifiedAnnualDemand,NDCCON,ECU,,E5CAMAMAGRA,,,2012,,,,,,0.0
SpecifiedAnnualDemand,NDCCON,ECU,,E5CAMAMAGRA,,,2013,,,,,,0.0
SpecifiedAnnualDemand,NDCCON,ECU,,E5CAMAMAGRA,,,2014,,,,,,0.0
SpecifiedAnnualDemand,NDCCON,ECU,,E5CAMAMAGRA,,,2015,,,,,,0.0
SpecifiedAnnualDemand,NDCCON,ECU,,E5CAMAMAGRA,,,2016,,,,,,0.0
SpecifiedAnnualDemand,NDCCON,ECU,,E5CAMAMAGRA,,,2017,,,,,,0.0203175
SpecifiedAnnualDemand,NDCCON,ECU,,E5CAMAMAGRA,,,2018,,,,,,0.040635
SpecifiedAnnualDemand,NDCCON,ECU,,E5CAMAMAGRA,,,2019,,,,,,0.342855
SpecifiedAnnualDemand,NDCCON,ECU,,E5CAMAMAGRA,,,2020,,,,,,0.342855
SpecifiedAnnualDemand,NDCCON,ECU,,E5CAMAMAGRA,,,2021,,,,,,0.019755
SpecifiedAnnualDemand,NDCCON,ECU,,E5CAMAMAGRA,,,2022,,,,,,0.019755
SpecifiedAnnualDemand,NDCCON,ECU,,E5CAMAMAGRA,,,2023,,,,,,0.01682471
SpecifiedAnnualDemand,NDCCON,ECU,,E5CAMAMAGRA,,,2024,,,,,,0.0166978
SpecifiedAnnualDemand,NDCCON,ECU,,E5CAMAMAGRA,,,2025,,,,,,0.01657185
SpecifiedAnnualDemand,NDCCON,ECU,,E5CAMAMAGRA,,,2026,,,,,,0.01644685
SpecifiedAnnualDemand,NDCCON,ECU,,E5CAMAMAGRA,,,2027,,,,,,0.0163228
SpecifiedAnnualDemand,NDCCON,ECU,,E5CAMAMAGRA,,,2028,,,,,,0.01619969
SpecifiedAnnualDemand,NDCCON,ECU,,E5CAMAMAGRA,,,2029,,,,,,0.01607749
SpecifiedAnnualDemand,NDCCON,ECU,,E5CAMAMAGRA,,,2030,,,,,,0.0159562
SpecifiedAnnualDemand,NDCCON,ECU,,E5CAMAMAGRA,,,2031,,,,,,0.01583588
SpecifiedAnnualDemand,NDCCON,ECU,,E5CAMAMAGRA,,,2032,,,,,,0.01571643
SpecifiedAnnualDemand,NDCCON,ECU,,E5CAMAMAGRA,,,2033,,,,,,0.01559789
SpecifiedAnnualDemand,NDCCON,ECU,,E5CAMAMAGRA,,,2034,,,,,,0.01548024
SpecifiedAnnualDemand,NDCCON,ECU,,E5CAMAMAGRA,,,2035,,,,,,0.01536349
SpecifiedAnnualDemand,NDCCON,ECU,,E5CAMCHOGRA,,,2010,,,,,,0.0
SpecifiedAnnualDemand,NDCCON,ECU,,E5CAMCHOGRA,,,2011,,,,,,0.0
SpecifiedAnnualDemand,NDCCON,ECU,,E5CAMCHOGRA,,,2012,,,,,,0.0
SpecifiedAnnualDemand,NDCCON,ECU,,E5CAMCHOGRA,,,2013,,,,,,0.0
SpecifiedAnnualDemand,NDCCON,ECU,,E5CAMCHOGRA,,,2014,,,,,,0.0
SpecifiedAnnualDemand,NDCCON,ECU,,E5CAMCHOGRA,,,2015,,,,,,0.0
SpecifiedAnnualDemand,NDCCON,ECU,,E5CAMCHOGRA,,,2016,,,,,,0.0
SpecifiedAnnualDemand,NDCCON,ECU,,E5CAMCHOGRA,,,2017,,,,,,0.0652275
SpecifiedAnnualDemand,NDCCON,ECU,,E5CAMCHOGRA,,,2018,,,,,,0.130455
SpecifiedAnnualDemand,NDCCON,ECU,,E5CAMCHOGRA,,,2019,,,,,,0.58212
SpecifiedAnnualDemand,NDCCON,ECU,,E5CAMCHOGRA,,,2020,,,,,,0.58212
SpecifiedAnnualDemand,NDCCON,ECU,,E5CAMCHOGRA,,,2021,,,,,,0.037395
SpecifiedAnnualDemand,NDCCON,ECU,,E5CAMCHOGRA,,,2022,,,,,,0.037395
SpecifiedAnnualDemand,NDCCON,ECU,,E5CAMCHOGRA,,,2023,,,,,,0.03184813
SpecifiedAnnualDemand,NDCCON,ECU,,E5CAMCHOGRA,,,2024,,,,,,0.03160791
SpecifiedAnnualDemand,NDCCON,ECU,,E5CAMCHOGRA,,,2025,,,,,,0.03136949
SpecifiedAnnualDemand,NDCCON,ECU,,E5CAMCHOGRA,,,2026,,,,,,0.03113288
SpecifiedAnnualDemand,NDCCON,ECU,,E5CAMCHOGRA,,,2027,,,,,,0.03089805
SpecifiedAnnualDemand,NDCCON,ECU,,E5CAMCHOGRA,,,2028,,,,,,0.03066502
SpecifiedAnnualDemand,NDCCON,ECU,,E5CAMCHOGRA,,,2029,,,,,,0.03043369
SpecifiedAnnualDemand,NDCCON,ECU,,E5CAMCHOGRA,,,2030,,,,,,0.03020411
SpecifiedAnnualDemand,NDCCON,ECU,,E5CAMCHOGRA,,,2031,,,,,,0.02997634
SpecifiedAnnualDemand,NDCCON,ECU,,E5CAMCHOGRA,,,2032,,,,,,0.02975024
SpecifiedAnnualDemand,NDCCON,ECU,,E5CAMCHOGRA,,,2033,,,,,,0.02952584
SpecifiedAnnualDemand,NDCCON,ECU,,E5CAMCHOGRA,,,2034,,,,,,0.02930314
SpecifiedAnnualDemand,NDCCON,ECU,,E5CAMCHOGRA,,,2035,,,,,,0.02908214
SpecifiedAnnualDemand,NDCCON,ECU,,E5CAMMANGRA,,,2010,,,,,,0.0
SpecifiedAnnualDemand,NDCCON,ECU,,E5CAMMANGRA,,,2011,,,,,,0.0
SpecifiedAnnualDemand,NDCCON,ECU,,E5CAMMANGRA,,,2012,,,,,,0.0
SpecifiedAnnualDemand,NDCCON,ECU,,E5CAMMANGRA,,,2013,,,,,,0.0
SpecifiedAnnualDemand,NDCCON,ECU,,E5CAMMANGRA,,,2014,,,,,,0.0
SpecifiedAnnualDemand,NDCCON,ECU,,E5CAMMANGRA,,,2015,,,,,,0.0
SpecifiedAnnualDemand,NDCCON,ECU,,E5CAMMANGRA,,,2016,,,,,,0.0
SpecifiedAnnualDemand,NDCCON,ECU,,E5CAMMANGRA,,,2017,,,,,,0.0087525
SpecifiedAnnualDemand,NDCCON,ECU,,E5CAMMANGRA,,,2018,,,,,,0.017505
SpecifiedAnnualDemand,NDCCON,ECU,,E5CAMMANGRA,,,2019,,,,,,0.10269
SpecifiedAnnualDemand,NDCCON,ECU,,E5CAMMANGRA,,,2020,,,,,,0.10269
SpecifiedAnnualDemand,NDCCON,ECU,,E5CAMMANGRA,,,2021,,,,,,0.14076
SpecifiedAnnualDemand,NDCCON,ECU,,E5CAMMANGRA,,,2022,,,,,,0.14076
SpecifiedAnnualDemand,NDCCON,ECU,,E5CAMMANGRA,,,2023,,,,,,0.11988082
SpecifiedAnnualDemand,NDCCON,ECU,,E5CAMMANGRA,,,2024,,,,,,0.11897658
SpecifiedAnnualDemand,NDCCON,ECU,,E5CAMMANGRA,,,2025,,,,,,0.11807916
SpecifiedAnnualDemand,NDCCON,ECU,,E5CAMMANGRA,,,2026,,,,,,0.1171885
SpecifiedAnnualDemand,NDCCON,ECU,,E5CAMMANGRA,,,2027,,,,,,0.11630457
SpecifiedAnnualDemand,NDCCON,ECU,,E5CAMMANGRA,,,2028,,,,,,0.11542742
SpecifiedAnnualDemand,NDCCON,ECU,,E5CAMMANGRA,,,2029,,,,,,0.11455666
SpecifiedAnnualDemand,NDCCON,ECU,,E5CAMMANGRA,,,2030,,,,,,0.11369248
SpecifiedAnnualDemand,NDCCON,ECU,,E5CAMMANGRA,,,2031,,,,,,0.11283514
SpecifiedAnnualDemand,NDCCON,ECU,,E5CAMMANGRA,,,2032,,,,,,0.11198405
SpecifiedAnnualDemand,NDCCON,ECU,,E5CAMMANGRA,,,2033,,,,,,0.11113939
SpecifiedAnnualDemand,NDCCON,ECU,,E5CAMMANGRA,,,2034,,,,,,0.11030109
SpecifiedAnnualDemand,NDCCON,ECU,,E5CAMMANGRA,,,2035,,,,,,0.10946923
SpecifiedAnnualDemand,NDCCON,ECU,,E5CAMMORGRA,,,2010,,,,,,0.0
SpecifiedAnnualDemand,NDCCON,ECU,,E5CAMMORGRA,,,2011,,,,,,0.0
SpecifiedAnnualDemand,NDCCON,ECU,,E5CAMMORGRA,,,2012,,,,,,0.0
SpecifiedAnnualDemand,NDCCON,ECU,,E5CAMMORGRA,,,2013,,,,,,0.0
SpecifiedAnnualDemand,NDCCON,ECU,,E5CAMMORGRA,,,2014,,,,,,0.0
SpecifiedAnnualDemand,NDCCON,ECU,,E5CAMMORGRA,,,2015,,,,,,0.0
SpecifiedAnnualDemand,NDCCON,ECU,,E5CAMMORGRA,,,2016,,,,,,0.0
SpecifiedAnnualDemand,NDCCON,ECU,,E5CAMMORGRA,,,2017,,,,,,0.8775
SpecifiedAnnualDemand,NDCCON,ECU,,E5CAMMORGRA,,,2018,,,,,,1.755
SpecifiedAnnualDemand,NDCCON,ECU,,E5CAMMORGRA,,,2019,,,,,,23.535
SpecifiedAnnualDemand,NDCCON,ECU,,E5CAMMORGRA,,,2020,,,,,,23.535
SpecifiedAnnualDemand,NDCCON,ECU,,E5CAMMORGRA,,,2021,,,,,,0.36
SpecifiedAnnualDemand,NDCCON,ECU,,E5CAMMORGRA,,,2022,,,,,,0.36
SpecifiedAnnualDemand,NDCCON,ECU,,E5CAMMORGRA,,,2023,,,,,,0.3066
SpecifiedAnnualDemand,NDCCON,ECU,,E5CAMMORGRA,,,2024,,,,,,0.30429
SpecifiedAnnualDemand,NDCCON,ECU,,E5CAMMORGRA,,,2025,,,,,,0.30199
SpecifiedAnnualDemand,NDCCON,ECU,,E5CAMMORGRA,,,2026,,,,,,0.29971
SpecifiedAnnualDemand,NDCCON,ECU,,E5CAMMORGRA,,,2027,,,,,,0.29745
SpecifiedAnnualDemand,NDCCON,ECU,,E5CAMMORGRA,,,2028,,,,,,0.29521
SpecifiedAnnualDemand,NDCCON,ECU,,E5CAMMORGRA,,,2029,,,,,,0.29298
SpecifiedAnnualDemand,NDCCON,ECU,,E5CAMMORGRA,,,2030,,,,,,0.29077
SpecifiedAnnualDemand,NDCCON,ECU,,E5CAMMORGRA,,,2031,,,,,,0.28858
SpecifiedAnnualDemand,NDCCON,ECU,,E5CAMMORGRA,,,2032,,,,,,0.2864
SpecifiedAnnualDemand,NDCCON,ECU,,E5CAMMORGRA,,,2033,,,,,,0.28424
SpecifiedAnnualDemand,NDCCON,ECU,,E5CAMMORGRA,,,2034,,,,,,0.2821
SpecifiedAnnualDemand,NDCCON,ECU,,E5CAMMORGRA,,,2035,,,,,,0.27997
SpecifiedAnnualDemand,NDCCON,ECU,,E5CAMPFOGRA,,,2010,,,,,,1.62999
SpecifiedAnnualDemand,NDCCON,ECU,,E5CAMPFOGRA,,,2011,,,,,,1.62999
SpecifiedAnnualDemand,NDCCON,ECU,,E5CAMPFOGRA,,,2012,,,,,,1.62999
SpecifiedAnnualDemand,NDCCON,ECU,,E5CAMPFOGRA,,,2013,,,,,,1.62999
SpecifiedAnnualDemand,NDCCON,ECU,,E5CAMPFOGRA,,,2014,,,,,,1.62999
SpecifiedAnnualDemand,NDCCON,ECU,,E5CAMPFOGRA,,,2015,,,,,,0.86976
SpecifiedAnnualDemand,NDCCON,ECU,,E5CAMPFOGRA,,,2016,,,,,,0.10953
SpecifiedAnnualDemand,NDCCON,ECU,,E5CAMPFOGRA,,,2017,,,,,,2.240575
SpecifiedAnnualDemand,NDCCON,ECU,,E5CAMPFOGRA,,,2018,,,,,,4.37162
SpecifiedAnnualDemand,NDCCON,ECU,,E5CAMPFOGRA,,,2019,,,,,,0.257
SpecifiedAnnualDemand,NDCCON,ECU,,E5CAMPFOGRA,,,2020,,,,,,0.257
SpecifiedAnnualDemand,NDCCON,ECU,,E5CAMPFOGRA,,,2021,,,,,,0.4311
SpecifiedAnnualDemand,NDCCON,ECU,,E5CAMPFOGRA,,,2022,,,,,,0.4311
SpecifiedAnnualDemand,NDCCON,ECU,,E5CAMPFOGRA,,,2023,,,,,,0.36715419
SpecifiedAnnualDemand,NDCCON,ECU,,E5CAMPFOGRA,,,2024,,,,,,0.36438479
SpecifiedAnnualDemand,NDCCON,ECU,,E5CAMPFOGRA,,,2025,,,,,,0.36163629
SpecifiedAnnualDemand,NDCCON,ECU,,E5CAMPFOGRA,,,2026,,,,,,0.35890853
SpecifiedAnnualDemand,NDCCON,ECU,,E5CAMPFOGRA,,,2027,,,,,,0.35620134
SpecifiedAnnualDemand,NDCCON,ECU,,E5CAMPFOGRA,,,2028,,,,,,0.35351493
SpecifiedAnnualDemand,NDCCON,ECU,,E5CAMPFOGRA,,,2029,,,,,,0.35084809
SpecifiedAnnualDemand,NDCCON,ECU,,E5CAMPFOGRA,,,2030,,,,,,0.34820138
SpecifiedAnnualDemand,NDCCON,ECU,,E5CAMPFOGRA,,,2031,,,,,,0.34557566
SpecifiedAnnualDemand,NDCCON,ECU,,E5CAMPFOGRA,,,2032,,,,,,0.34296906
SpecifiedAnnualDemand,NDCCON,ECU,,E5CAMPFOGRA,,,2033,,,,,,0.34038214
SpecifiedAnnualDemand,NDCCON,ECU,,E5CAMPFOGRA,,,2034,,,,,,0.33781473
SpecifiedAnnualDemand,NDCCON,ECU,,E5CAMPFOGRA,,,2035,,,,,,0.33526701
SpecifiedAnnualDemand,NDCCON,ECU,,E5CAMCROGRA,,,2010,,,,,,66.52946
SpecifiedAnnualDemand,NDCCON,ECU,,E5CAMCROGRA,,,2011,,,,,,66.52946
SpecifiedAnnualDemand,NDCCON,ECU,,E5CAMCROGRA,,,2012,,,,,,66.52946
SpecifiedAnnualDemand,NDCCON,ECU,,E5CAMCROGRA,,,2013,,,,,,66.52946
SpecifiedAnnualDemand,NDCCON,ECU,,E5CAMCROGRA,,,2014,,,,,,66.52946
SpecifiedAnnualDemand,NDCCON,ECU,,E5CAMCROGRA,,,2015,,,,,,44.24183
SpecifiedAnnualDemand,NDCCON,ECU,,E5CAMCROGRA,,,2016,,,,,,21.9542
SpecifiedAnnualDemand,NDCCON,ECU,,E5CAMCROGRA,,,2017,,,,,,19.003055
SpecifiedAnnualDemand,NDCCON,ECU,,E5CAMCROGRA,,,2018,,,,,,16.05191
SpecifiedAnnualDemand,NDCCON,ECU,,E5CAMCROGRA,,,2019,,,,,,7.56261
SpecifiedAnnualDemand,NDCCON,ECU,,E5CAMCROGRA,,,2020,,,,,,7.56261
SpecifiedAnnualDemand,NDCCON,ECU,,E5CAMCROGRA,,,2021,,,,,,10.86471
SpecifiedAnnualDemand,NDCCON,ECU,,E5CAMCROGRA,,,2022,,,,,,10.86471
SpecifiedAnnualDemand,NDCCON,ECU,,E5CAMCROGRA,,,2023,,,,,,10.86471
SpecifiedAnnualDemand,NDCCON,ECU,,E5CAMCROGRA,,,2024,,,,,,10.86471
SpecifiedAnnualDemand,NDCCON,ECU,,E5CAMCROGRA,,,2025,,,,,,10.86471
SpecifiedAnnualDemand,NDCCON,ECU,,E5CAMCROGRA,,,2026,,,,,,10.86471
SpecifiedAnnualDemand,NDCCON,ECU,,E5CAMCROGRA,,,2027,,,,,,10.86471
SpecifiedAnnualDemand,NDCCON,ECU,,E5CAMCROGRA,,,2028,,,,,,10.86471
SpecifiedAnnualDemand,NDCCON,ECU,,E5CAMCROGRA,,,2029,,,,,,10.86471
SpecifiedAnnualDemand,NDCCON,ECU,,E5CAMCROGRA,,,2030,,,,,,10.86471
SpecifiedAnnualDemand,NDCCON,ECU,,E5CAMCROGRA,,,2031,,,,,,10.86471
SpecifiedAnnualDemand,NDCCON,ECU,,E5CAMCROGRA,,,2032,,,,,,10.86471
SpecifiedAnnualDemand,NDCCON,ECU,,E5CAMCROGRA,,,2033,,,,,,10.86471
SpecifiedAnnualDemand,NDCCON,ECU,,E5CAMCROGRA,,,2034,,,,,,10.86471
SpecifiedAnnualDemand,NDCCON,ECU,,E5CAMCROGRA,,,2035,,,,,,10.86471
SpecifiedAnnualDemand,NDCCON,ECU,,E5CAMHUMGRA,,,2010,,,,,,0.01248
SpecifiedAnnualDemand,NDCCON,ECU,,E5CAMHUMGRA,,,2011,,,,,,0.01248
SpecifiedAnnualDemand,NDCCON,ECU,,E5CAMHUMGRA,,,2012,,,,,,0.01248
SpecifiedAnnualDemand,NDCCON,ECU,,E5CAMHUMGRA,,,2013,,,,,,0.01248
SpecifiedAnnualDemand,NDCCON,ECU,,E5CAMHUMGRA,,,2014,,,,,,0.01248
SpecifiedAnnualDemand,NDCCON,ECU,,E5CAMHUMGRA,,,2015,,,,,,1.37546
SpecifiedAnnualDemand,NDCCON,ECU,,E5CAMHUMGRA,,,2016,,,,,,2.73844
SpecifiedAnnualDemand,NDCCON,ECU,,E5CAMHUMGRA,,,2017,,,,,,1.72236
SpecifiedAnnualDemand,NDCCON,ECU,,E5CAMHUMGRA,,,2018,,,,,,0.70628
SpecifiedAnnualDemand,NDCCON,ECU,,E5CAMHUMGRA,,,2019,,,,,,0.10413
SpecifiedAnnualDemand,NDCCON,ECU,,E5CAMHUMGRA,,,2020,,,,,,0.10413
SpecifiedAnnualDemand,NDCCON,ECU,,E5CAMHUMGRA,,,2021,,,,,,2.137005
SpecifiedAnnualDemand,NDCCON,ECU,,E5CAMHUMGRA,,,2022,,,,,,2.137005
SpecifiedAnnualDemand,NDCCON,ECU,,E5CAMHUMGRA,,,2023,,,,,,2.137005
SpecifiedAnnualDemand,NDCCON,ECU,,E5CAMHUMGRA,,,2024,,,,,,2.137005
SpecifiedAnnualDemand,NDCCON,ECU,,E5CAMHUMGRA,,,2025,,,,,,2.137005
SpecifiedAnnualDemand,NDCCON,ECU,,E5CAMHUMGRA,,,2026,,,,,,2.137005
SpecifiedAnnualDemand,NDCCON,ECU,,E5CAMHUMGRA,,,2027,,,,,,2.137005
SpecifiedAnnualDemand,NDCCON,ECU,,E5CAMHUMGRA,,,2028,,,,,,2.137005
SpecifiedAnnualDemand,NDCCON,ECU,,E5CAMHUMGRA,,,2029,,,,,,2.137005
SpecifiedAnnualDemand,NDCCON,ECU,,E5CAMHUMGRA,,,2030,,,,,,2.137005
SpecifiedAnnualDemand,NDCCON,ECU,,E5CAMHUMGRA,,,2031,,,,,,2.137005
SpecifiedAnnualDemand,NDCCON,ECU,,E5CAMHUMGRA,,,2032,,,,,,2.137005
SpecifiedAnnualDemand,NDCCON,ECU,,E5CAMHUMGRA,,,2033,,,,,,2.137005
SpecifiedAnnualDemand,NDCCON,ECU,,E5CAMHUMGRA,,,2034,,,,,,2.137005
SpecifiedAnnualDemand,NDCCON,ECU,,E5CAMHUMGRA,,,2035,,,,,,2.137005
SpecifiedAnnualDemand,NDCCON,ECU,,E5CAMOTIGRA,,,2010,,,,,,3.68721
SpecifiedAnnualDemand,NDCCON,ECU,,E5CAMOTIGRA,,,2011,,,,,,3.68721
SpecifiedAnnualDemand,NDCCON,ECU,,E5CAMOTIGRA,,,2012,,,,,,3.68721
SpecifiedAnnualDemand,NDCCON,ECU,,E5CAMOTIGRA,,,2013,,,,,,3.68721
SpecifiedAnnualDemand,NDCCON,ECU,,E5CAMOTIGRA,,,2014,,,,,,3.68721
SpecifiedAnnualDemand,NDCCON,ECU,,E5CAMOTIGRA,,,2015,,,,,,4.063345
SpecifiedAnnualDemand,NDCCON,ECU,,E5CAMOTIGRA,,,2016,,,,,,4.43948
SpecifiedAnnualDemand,NDCCON,ECU,,E5CAMOTIGRA,,,2017,,,,,,3.868113
SpecifiedAnnualDemand,NDCCON,ECU,,E5CAMOTIGRA,,,2018,,,,,,3.296745
SpecifiedAnnualDemand,NDCCON,ECU,,E5CAMOTIGRA,,,2019,,,,,,0.32243
SpecifiedAnnualDemand,NDCCON,ECU,,E5CAMOTIGRA,,,2020,,,,,,0.32243
SpecifiedAnnualDemand,NDCCON,ECU,,E5CAMOTIGRA,,,2021,,,,,,2.59052
SpecifiedAnnualDemand,NDCCON,ECU,,E5CAMOTIGRA,,,2022,,,,,,2.59052
SpecifiedAnnualDemand,NDCCON,ECU,,E5CAMOTIGRA,,,2023,,,,,,2.59052
SpecifiedAnnualDemand,NDCCON,ECU,,E5CAMOTIGRA,,,2024,,,,,,2.59052
SpecifiedAnnualDemand,NDCCON,ECU,,E5CAMOTIGRA,,,2025,,,,,,2.59052
SpecifiedAnnualDemand,NDCCON,ECU,,E5CAMOTIGRA,,,2026,,,,,,2.59052
SpecifiedAnnualDemand,NDCCON,ECU,,E5CAMOTIGRA,,,2027,,,,,,2.59052
SpecifiedAnnualDemand,NDCCON,ECU,,E5CAMOTIGRA,,,2028,,,,,,2.59052
SpecifiedAnnualDemand,NDCCON,ECU,,E5CAMOTIGRA,,,2029,,,,,,2.59052
SpecifiedAnnualDemand,NDCCON,ECU,,E5CAMOTIGRA,,,2030,,,,,,2.59052
SpecifiedAnnualDemand,NDCCON,ECU,,E5CAMOTIGRA,,,2031,,,,,,2.59052
SpecifiedAnnualDemand,NDCCON,ECU,,E5CAMOTIGRA,,,2032,,,,,,2.59052
SpecifiedAnnualDemand,NDCCON,ECU,,E5CAMOTIGRA,,,2033,,,,,,2.59052
SpecifiedAnnualDemand,NDCCON,ECU,,E5CAMOTIGRA,,,2034,,,,,,2.59052
SpecifiedAnnualDemand,NDCCON,ECU,,E5CAMOTIGRA,,,2035,,,,,,2.59052
SpecifiedAnnualDemand,NDCCON,ECU,,E5CAMANDHUM,,,2010,,,,,,0.0
SpecifiedAnnualDemand,NDCCON,ECU,,E5CAMANDHUM,,,2011,,,,,,0.0
SpecifiedAnnualDemand,NDCCON,ECU,,E5CAMANDHUM,,,2012,,,,,,0.0
SpecifiedAnnualDemand,NDCCON,ECU,,E5CAMANDHUM,,,2013,,,,,,0.0
SpecifiedAnnualDemand,NDCCON,ECU,,E5CAMANDHUM,,,2014,,,,,,0.0
SpecifiedAnnualDemand,NDCCON,ECU,,E5CAMANDHUM,,,2015,,,,,,0.0
SpecifiedAnnualDemand,NDCCON,ECU,,E5CAMANDHUM,,,2016,,,,,,0.0
SpecifiedAnnualDemand,NDCCON,ECU,,E5CAMANDHUM,,,2017,,,,,,0.0
SpecifiedAnnualDemand,NDCCON,ECU,,E5CAMANDHUM,,,2018,,,,,,0.0
SpecifiedAnnualDemand,NDCCON,ECU,,E5CAMANDHUM,,,2019,,,,,,0.05706
SpecifiedAnnualDemand,NDCCON,ECU,,E5CAMANDHUM,,,2020,,,,,,0.05706
SpecifiedAnnualDemand,NDCCON,ECU,,E5CAMANDHUM,,,2021,,,,,,0.009135
SpecifiedAnnualDemand,NDCCON,ECU,,E5CAMANDHUM,,,2022,,,,,,0.009135
SpecifiedAnnualDemand,NDCCON,ECU,,E5CAMANDHUM,,,2023,,,,,,0.00777999
SpecifiedAnnualDemand,NDCCON,ECU,,E5CAMANDHUM,,,2024,,,,,,0.007721306
SpecifiedAnnualDemand,NDCCON,ECU,,E5CAMANDHUM,,,2025,,,,,,0.007663065
SpecifiedAnnualDemand,NDCCON,ECU,,E5CAMANDHUM,,,2026,,,,,,0.007605264
SpecifiedAnnualDemand,NDCCON,ECU,,E5CAMANDHUM,,,2027,,,,,,0.007547899
SpecifiedAnnualDemand,NDCCON,ECU,,E5CAMANDHUM,,,2028,,,,,,0.007490974
SpecifiedAnnualDemand,NDCCON,ECU,,E5CAMANDHUM,,,2029,,,,,,0.007434464
SpecifiedAnnualDemand,NDCCON,ECU,,E5CAMANDHUM,,,2030,,,,,,0.00737838
SpecifiedAnnualDemand,NDCCON,ECU,,E5CAMANDHUM,,,2031,,,,,,0.007322741
SpecifiedAnnualDemand,NDCCON,ECU,,E5CAMANDHUM,,,2032,,,,,,0.007267507
SpecifiedAnnualDemand,NDCCON,ECU,,E5CAMANDHUM,,,2033,,,,,,0.00721269
SpecifiedAnnualDemand,NDCCON,ECU,,E5CAMANDHUM,,,2034,,,,,,0.007158287
SpecifiedAnnualDemand,NDCCON,ECU,,E5CAMANDHUM,,,2035,,,,,,0.007104301
SpecifiedAnnualDemand,NDCCON,ECU,,E5CAMPLUHUM,,,2010,,,,,,0.1854
SpecifiedAnnualDemand,NDCCON,ECU,,E5CAMPLUHUM,,,2011,,,,,,0.1854
SpecifiedAnnualDemand,NDCCON,ECU,,E5CAMPLUHUM,,,2012,,,,,,0.1854
SpecifiedAnnualDemand,NDCCON,ECU,,E5CAMPLUHUM,,,2013,,,,,,0.1854
SpecifiedAnnualDemand,NDCCON,ECU,,E5CAMPLUHUM,,,2014,,,,,,0.1854
SpecifiedAnnualDemand,NDCCON,ECU,,E5CAMPLUHUM,,,2015,,,,,,0.1905075
SpecifiedAnnualDemand,NDCCON,ECU,,E5CAMPLUHUM,,,2016,,,,,,0.195615
SpecifiedAnnualDemand,NDCCON,ECU,,E5CAMPLUHUM,,,2017,,,,,,0.1334925
SpecifiedAnnualDemand,NDCCON,ECU,,E5CAMPLUHUM,,,2018,,,,,,0.07137
SpecifiedAnnualDemand,NDCCON,ECU,,E5CAMPLUHUM,,,2019,,,,,,0.0972
SpecifiedAnnualDemand,NDCCON,ECU,,E5CAMPLUHUM,,,2020,,,,,,0.0972
SpecifiedAnnualDemand,NDCCON,ECU,,E5CAMPLUHUM,,,2021,,,,,,0.02034
SpecifiedAnnualDemand,NDCCON,ECU,,E5CAMPLUHUM,,,2022,,,,,,0.02034
SpecifiedAnnualDemand,NDCCON,ECU,,E5CAMPLUHUM,,,2023,,,,,,0.017322933
SpecifiedAnnualDemand,NDCCON,ECU,,E5CAMPLUHUM,,,2024,,,,,,0.017192268
SpecifiedAnnualDemand,NDCCON,ECU,,E5CAMPLUHUM,,,2025,,,,,,0.017062589
SpecifiedAnnualDemand,NDCCON,ECU,,E5CAMPLUHUM,,,2026,,,,,,0.016933889
SpecifiedAnnualDemand,NDCCON,ECU,,E5CAMPLUHUM,,,2027,,,,,,0.016806159
SpecifiedAnnualDemand,NDCCON,ECU,,E5CAMPLUHUM,,,2028,,,,,,0.01667941
SpecifiedAnnualDemand,NDCCON,ECU,,E5CAMPLUHUM,,,2029,,,,,,0.016553584
SpecifiedAnnualDemand,NDCCON,ECU,,E5CAMPLUHUM,,,2030,,,,,,0.016428708
SpecifiedAnnualDemand,NDCCON,ECU,,E5CAMPLUHUM,,,2031,,,,,,0.016304822
SpecifiedAnnualDemand,NDCCON,ECU,,E5CAMPLUHUM,,,2032,,,,,,0.016181839
SpecifiedAnnualDemand,NDCCON,ECU,,E5CAMPLUHUM,,,2033,,,,,,0.016059783
SpecifiedAnnualDemand,NDCCON,ECU,,E5CAMPLUHUM,,,2034,,,,,,0.015938649
SpecifiedAnnualDemand,NDCCON,ECU,,E5CAMPLUHUM,,,2035,,,,,,0.015818444
SpecifiedAnnualDemand,NDCCON,ECU,,E5CAMMONHUM,,,2010,,,,,,0.0
SpecifiedAnnualDemand,NDCCON,ECU,,E5CAMMONHUM,,,2011,,,,,,0.0
SpecifiedAnnualDemand,NDCCON,ECU,,E5CAMMONHUM,,,2012,,,,,,0.0
SpecifiedAnnualDemand,NDCCON,ECU,,E5CAMMONHUM,,,2013,,,,,,0.0
SpecifiedAnnualDemand,NDCCON,ECU,,E5CAMMONHUM,,,2014,,,,,,0.0
SpecifiedAnnualDemand,NDCCON,ECU,,E5CAMMONHUM,,,2015,,,,,,0.0
SpecifiedAnnualDemand,NDCCON,ECU,,E5CAMMONHUM,,,2016,,,,,,0.0
SpecifiedAnnualDemand,NDCCON,ECU,,E5CAMMONHUM,,,2017,,,,,,0.0005625
SpecifiedAnnualDemand,NDCCON,ECU,,E5CAMMONHUM,,,2018,,,,,,0.001125
SpecifiedAnnualDemand,NDCCON,ECU,,E5CAMMONHUM,,,2019,,,,,,0.7313
SpecifiedAnnualDemand,NDCCON,ECU,,E5CAMMONHUM,,,2020,,,,,,0.7313
SpecifiedAnnualDemand,NDCCON,ECU,,E5CAMMONHUM,,,2021,,,,,,0.460125
SpecifiedAnnualDemand,NDCCON,ECU,,E5CAMMONHUM,,,2022,,,,,,0.460125
SpecifiedAnnualDemand,NDCCON,ECU,,E5CAMMONHUM,,,2023,,,,,,0.39187386
SpecifiedAnnualDemand,NDCCON,ECU,,E5CAMMONHUM,,,2024,,,,,,0.388918007
SpecifiedAnnualDemand,NDCCON,ECU,,E5CAMMONHUM,,,2025,,,,,,0.385984455
SpecifiedAnnualDemand,NDCCON,ECU,,E5CAMMONHUM,,,2026,,,,,,0.383073036
SpecifiedAnnualDemand,NDCCON,ECU,,E5CAMMONHUM,,,2027,,,,,,0.380183584
SpecifiedAnnualDemand,NDCCON,ECU,,E5CAMMONHUM,,,2028,,,,,,0.377316299
SpecifiedAnnualDemand,NDCCON,ECU,,E5CAMMONHUM,,,2029,,,,,,0.374469911
SpecifiedAnnualDemand,NDCCON,ECU,,E5CAMMONHUM,,,2030,,,,,,0.371645005
SpecifiedAnnualDemand,NDCCON,ECU,,E5CAMMONHUM,,,2031,,,,,,0.368842495
SpecifiedAnnualDemand,NDCCON,ECU,,E5CAMMONHUM,,,2032,,,,,,0.366060405
SpecifiedAnnualDemand,NDCCON,ECU,,E5CAMMONHUM,,,2033,,,,,,0.363299305
SpecifiedAnnualDemand,NDCCON,ECU,,E5CAMMONHUM,,,2034,,,,,,0.360559036
SpecifiedAnnualDemand,NDCCON,ECU,,E5CAMMONHUM,,,2035,,,,,,0.357839791
SpecifiedAnnualDemand,NDCCON,ECU,,E5CAMPIEHUM,,,2010,,,,,,0.0
SpecifiedAnnualDemand,NDCCON,ECU,,E5CAMPIEHUM,,,2011,,,,,,0.0
SpecifiedAnnualDemand,NDCCON,ECU,,E5CAMPIEHUM,,,2012,,,,,,0.0
SpecifiedAnnualDemand,NDCCON,ECU,,E5CAMPIEHUM,,,2013,,,,,,0.0
SpecifiedAnnualDemand,NDCCON,ECU,,E5CAMPIEHUM,,,2014,,,,,,0.0
SpecifiedAnnualDemand,NDCCON,ECU,,E5CAMPIEHUM,,,2015,,,,,,0.0
SpecifiedAnnualDemand,NDCCON,ECU,,E5CAMPIEHUM,,,2016,,,,,,0.0
SpecifiedAnnualDemand,NDCCON,ECU,,E5CAMPIEHUM,,,2017,,,,,,0.002295
SpecifiedAnnualDemand,NDCCON,ECU,,E5CAMPIEHUM,,,2018,,,,,,0.00459
SpecifiedAnnualDemand,NDCCON,ECU,,E5CAMPIEHUM,,,2019,,,,,,0.2372
SpecifiedAnnualDemand,NDCCON,ECU,,E5CAMPIEHUM,,,2020,,,,,,0.2372
SpecifiedAnnualDemand,NDCCON,ECU,,E5CAMPIEHUM,,,2021,,,,,,0.950445
SpecifiedAnnualDemand,NDCCON,ECU,,E5CAMPIEHUM,,,2022,,,,,,0.950445
SpecifiedAnnualDemand,NDCCON,ECU,,E5CAMPIEHUM,,,2023,,,,,,0.809463844
SpecifiedAnnualDemand,NDCCON,ECU,,E5CAMPIEHUM,,,2024,,,,,,0.803358164
SpecifiedAnnualDemand,NDCCON,ECU,,E5CAMPIEHUM,,,2025,,,,,,0.797298551
SpecifiedAnnualDemand,NDCCON,ECU,,E5CAMPIEHUM,,,2026,,,,,,0.791284655
SpecifiedAnnualDemand,NDCCON,ECU,,E5CAMPIEHUM,,,2027,,,,,,0.785316134
SpecifiedAnnualDemand,NDCCON,ECU,,E5CAMPIEHUM,,,2028,,,,,,0.779393403
SpecifiedAnnualDemand,NDCCON,ECU,,E5CAMPIEHUM,,,2029,,,,,,0.773513838
SpecifiedAnnualDemand,NDCCON,ECU,,E5CAMPIEHUM,,,2030,,,,,,0.767678645
SpecifiedAnnualDemand,NDCCON,ECU,,E5CAMPIEHUM,,,2031,,,,,,0.761889714
SpecifiedAnnualDemand,NDCCON,ECU,,E5CAMPIEHUM,,,2032,,,,,,0.756142964
SpecifiedAnnualDemand,NDCCON,ECU,,E5CAMPIEHUM,,,2033,,,,,,0.750439571
SpecifiedAnnualDemand,NDCCON,ECU,,E5CAMPIEHUM,,,2034,,,,,,0.744779209
SpecifiedAnnualDemand,NDCCON,ECU,,E5CAMPIEHUM,,,2035,,,,,,0.739162271
SpecifiedAnnualDemand,NDCCON,ECU,,E5CAMCEJHUM,,,2010,,,,,,0.0
SpecifiedAnnualDemand,NDCCON,ECU,,E5CAMCEJHUM,,,2011,,,,,,0.0
SpecifiedAnnualDemand,NDCCON,ECU,,E5CAMCEJHUM,,,2012,,,,,,0.0
SpecifiedAnnualDemand,NDCCON,ECU,,E5CAMCEJHUM,,,2013,,,,,,0.0
SpecifiedAnnualDemand,NDCCON,ECU,,E5CAMCEJHUM,,,2014,,,,,,0.0
SpecifiedAnnualDemand,NDCCON,ECU,,E5CAMCEJHUM,,,2015,,,,,,0.0
SpecifiedAnnualDemand,NDCCON,ECU,,E5CAMCEJHUM,,,2016,,,,,,0.0
SpecifiedAnnualDemand,NDCCON,ECU,,E5CAMCEJHUM,,,2017,,,,,,0.0
SpecifiedAnnualDemand,NDCCON,ECU,,E5CAMCEJHUM,,,2018,,,,,,0.0
SpecifiedAnnualDemand,NDCCON,ECU,,E5CAMCEJHUM,,,2019,,,,,,0.05477
SpecifiedAnnualDemand,NDCCON,ECU,,E5CAMCEJHUM,,,2020,,,,,,0.05477
SpecifiedAnnualDemand,NDCCON,ECU,,E5CAMCEJHUM,,,2021,,,,,,0.02556
SpecifiedAnnualDemand,NDCCON,ECU,,E5CAMCEJHUM,,,2022,,,,,,0.02556
SpecifiedAnnualDemand,NDCCON,ECU,,E5CAMCEJHUM,,,2023,,,,,,0.021768641
SpecifiedAnnualDemand,NDCCON,ECU,,E5CAMCEJHUM,,,2024,,,,,,0.021604443
SpecifiedAnnualDemand,NDCCON,ECU,,E5CAMCEJHUM,,,2025,,,,,,0.021441484
SpecifiedAnnualDemand,NDCCON,ECU,,E5CAMCEJHUM,,,2026,,,,,,0.021279754
SpecifiedAnnualDemand,NDCCON,ECU,,E5CAMCEJHUM,,,2027,,,,,,0.021119245
SpecifiedAnnualDemand,NDCCON,ECU,,E5CAMCEJHUM,,,2028,,,,,,0.020959967
SpecifiedAnnualDemand,NDCCON,ECU,,E5CAMCEJHUM,,,2029,,,,,,0.020801849
SpecifiedAnnualDemand,NDCCON,ECU,,E5CAMCEJHUM,,,2030,,,,,,0.020644925
SpecifiedAnnualDemand,NDCCON,ECU,,E5CAMCEJHUM,,,2031,,,,,,0.020489246
SpecifiedAnnualDemand,NDCCON,ECU,,E5CAMCEJHUM,,,2032,,,,,,0.0203347
SpecifiedAnnualDemand,NDCCON,ECU,,E5CAMCEJHUM,,,2033,,,,,,0.020181321
SpecifiedAnnualDemand,NDCCON,ECU,,E5CAMCEJHUM,,,2034,,,,,,0.020029099
SpecifiedAnnualDemand,NDCCON,ECU,,E5CAMCEJHUM,,,2035,,,,,,0.019878044
SpecifiedAnnualDemand,NDCCON,ECU,,E5CAMAMAHUM,,,2010,,,,,,0.0
SpecifiedAnnualDemand,NDCCON,ECU,,E5CAMAMAHUM,,,2011,,,,,,0.0
SpecifiedAnnualDemand,NDCCON,ECU,,E5CAMAMAHUM,,,2012,,,,,,0.0
SpecifiedAnnualDemand,NDCCON,ECU,,E5CAMAMAHUM,,,2013,,,,,,0.0
SpecifiedAnnualDemand,NDCCON,ECU,,E5CAMAMAHUM,,,2014,,,,,,0.0
SpecifiedAnnualDemand,NDCCON,ECU,,E5CAMAMAHUM,,,2015,,,,,,0.0
SpecifiedAnnualDemand,NDCCON,ECU,,E5CAMAMAHUM,,,2016,,,,,,0.0
SpecifiedAnnualDemand,NDCCON,ECU,,E5CAMAMAHUM,,,2017,,,,,,0.0
SpecifiedAnnualDemand,NDCCON,ECU,,E5CAMAMAHUM,,,2018,,,,,,0.0
SpecifiedAnnualDemand,NDCCON,ECU,,E5CAMAMAHUM,,,2019,,,,,,3.04191
SpecifiedAnnualDemand,NDCCON,ECU,,E5CAMAMAHUM,,,2020,,,,,,3.04191
SpecifiedAnnualDemand,NDCCON,ECU,,E5CAMAMAHUM,,,2021,,,,,,5.17996
SpecifiedAnnualDemand,NDCCON,ECU,,E5CAMAMAHUM,,,2022,,,,,,5.17996
SpecifiedAnnualDemand,NDCCON,ECU,,E5CAMAMAHUM,,,2023,,,,,,4.411607546
SpecifiedAnnualDemand,NDCCON,ECU,,E5CAMAMAHUM,,,2024,,,,,,4.378331367
SpecifiedAnnualDemand,NDCCON,ECU,,E5CAMAMAHUM,,,2025,,,,,,4.345306251
SpecifiedAnnualDemand,NDCCON,ECU,,E5CAMAMAHUM,,,2026,,,,,,4.312530303
SpecifiedAnnualDemand,NDCCON,ECU,,E5CAMAMAHUM,,,2027,,,,,,4.280001641
SpecifiedAnnualDemand,NDCCON,ECU,,E5CAMAMAHUM,,,2028,,,,,,4.247722541
SpecifiedAnnualDemand,NDCCON,ECU,,E5CAMAMAHUM,,,2029,,,,,,4.215678699
SpecifiedAnnualDemand,NDCCON,ECU,,E5CAMAMAHUM,,,2030,,,,,,4.183876684
SpecifiedAnnualDemand,NDCCON,ECU,,E5CAMAMAHUM,,,2031,,,,,,4.1523268
SpecifiedAnnualDemand,NDCCON,ECU,,E5CAMAMAHUM,,,2032,,,,,,4.1210068
SpecifiedAnnualDemand,NDCCON,ECU,,E5CAMAMAHUM,,,2033,,,,,,4.0899231
SpecifiedAnnualDemand,NDCCON,ECU,,E5CAMAMAHUM,,,2034,,,,,,4.059073917
SpecifiedAnnualDemand,NDCCON,ECU,,E5CAMAMAHUM,,,2035,,,,,,4.0284614
SpecifiedAnnualDemand,NDCCON,ECU,,E5CAMCHOHUM,,,2010,,,,,,0.023205
SpecifiedAnnualDemand,NDCCON,ECU,,E5CAMCHOHUM,,,2011,,,,,,0.023205
SpecifiedAnnualDemand,NDCCON,ECU,,E5CAMCHOHUM,,,2012,,,,,,0.023205
SpecifiedAnnualDemand,NDCCON,ECU,,E5CAMCHOHUM,,,2013,,,,,,0.023205
SpecifiedAnnualDemand,NDCCON,ECU,,E5CAMCHOHUM,,,2014,,,,,,0.023205
SpecifiedAnnualDemand,NDCCON,ECU,,E5CAMCHOHUM,,,2015,,,,,,0.05352
SpecifiedAnnualDemand,NDCCON,ECU,,E5CAMCHOHUM,,,2016,,,,,,0.083835
SpecifiedAnnualDemand,NDCCON,ECU,,E5CAMCHOHUM,,,2017,,,,,,0.0616275
SpecifiedAnnualDemand,NDCCON,ECU,,E5CAMCHOHUM,,,2018,,,,,,0.03942
SpecifiedAnnualDemand,NDCCON,ECU,,E5CAMCHOHUM,,,2019,,,,,,0.01715
SpecifiedAnnualDemand,NDCCON,ECU,,E5CAMCHOHUM,,,2020,,,,,,0.01715
SpecifiedAnnualDemand,NDCCON,ECU,,E5CAMCHOHUM,,,2021,,,,,,0.0693
SpecifiedAnnualDemand,NDCCON,ECU,,E5CAMCHOHUM,,,2022,,,,,,0.0693
SpecifiedAnnualDemand,NDCCON,ECU,,E5CAMCHOHUM,,,2023,,,,,,0.059020611
SpecifiedAnnualDemand,NDCCON,ECU,,E5CAMCHOHUM,,,2024,,,,,,0.058575426
SpecifiedAnnualDemand,NDCCON,ECU,,E5CAMCHOHUM,,,2025,,,,,,0.0581336
SpecifiedAnnualDemand,NDCCON,ECU,,E5CAMCHOHUM,,,2026,,,,,,0.057695108
SpecifiedAnnualDemand,NDCCON,ECU,,E5CAMCHOHUM,,,2027,,,,,,0.057259924
SpecifiedAnnualDemand,NDCCON,ECU,,E5CAMCHOHUM,,,2028,,,,,,0.056828078
SpecifiedAnnualDemand,NDCCON,ECU,,E5CAMCHOHUM,,,2029,,,,,,0.05639938
SpecifiedAnnualDemand,NDCCON,ECU,,E5CAMCHOHUM,,,2030,,,,,,0.055973918
SpecifiedAnnualDemand,NDCCON,ECU,,E5CAMCHOHUM,,,2031,,,,,,0.055551828
SpecifiedAnnualDemand,NDCCON,ECU,,E5CAMCHOHUM,,,2032,,,,,,0.055132814
SpecifiedAnnualDemand,NDCCON,ECU,,E5CAMCHOHUM,,,2033,,,,,,0.054716961
SpecifiedAnnualDemand,NDCCON,ECU,,E5CAMCHOHUM,,,2034,,,,,,0.054304246
SpecifiedAnnualDemand,NDCCON,ECU,,E5CAMCHOHUM,,,2035,,,,,,0.053894697
SpecifiedAnnualDemand,NDCCON,ECU,,E5CAMMANHUM,,,2010,,,,,,0.70914
SpecifiedAnnualDemand,NDCCON,ECU,,E5CAMMANHUM,,,2011,,,,,,0.70914
SpecifiedAnnualDemand,NDCCON,ECU,,E5CAMMANHUM,,,2012,,,,,,0.70914
SpecifiedAnnualDemand,NDCCON,ECU,,E5CAMMANHUM,,,2013,,,,,,0.70914
SpecifiedAnnualDemand,NDCCON,ECU,,E5CAMMANHUM,,,2014,,,,,,0.70914
SpecifiedAnnualDemand,NDCCON,ECU,,E5CAMMANHUM,,,2015,,,,,,0.80934
SpecifiedAnnualDemand,NDCCON,ECU,,E5CAMMANHUM,,,2016,,,,,,0.90954
SpecifiedAnnualDemand,NDCCON,ECU,,E5CAMMANHUM,,,2017,,,,,,0.94743
SpecifiedAnnualDemand,NDCCON,ECU,,E5CAMMANHUM,,,2018,,,,,,0.98532
SpecifiedAnnualDemand,NDCCON,ECU,,E5CAMMANHUM,,,2019,,,,,,0.71915
SpecifiedAnnualDemand,NDCCON,ECU,,E5CAMMANHUM,,,2020,,,,,,0.71915
SpecifiedAnnualDemand,NDCCON,ECU,,E5CAMMANHUM,,,2021,,,,,,0.04815
SpecifiedAnnualDemand,NDCCON,ECU,,E5CAMMANHUM,,,2022,,,,,,0.04815
SpecifiedAnnualDemand,NDCCON,ECU,,E5CAMMANHUM,,,2023,,,,,,0.041007827
SpecifiedAnnualDemand,NDCCON,ECU,,E5CAMMANHUM,,,2024,,,,,,0.04069851
SpecifiedAnnualDemand,NDCCON,ECU,,E5CAMMANHUM,,,2025,,,,,,0.040391527
SpecifiedAnnualDemand,NDCCON,ECU,,E5CAMMANHUM,,,2026,,,,,,0.040086861
SpecifiedAnnualDemand,NDCCON,ECU,,E5CAMMANHUM,,,2027,,,,,,0.039784492
SpecifiedAnnualDemand,NDCCON,ECU,,E5CAMMANHUM,,,2028,,,,,,0.039484444
SpecifiedAnnualDemand,NDCCON,ECU,,E5CAMMANHUM,,,2029,,,,,,0.039186582
SpecifiedAnnualDemand,NDCCON,ECU,,E5CAMMANHUM,,,2030,,,,,,0.038890969
SpecifiedAnnualDemand,NDCCON,ECU,,E5CAMMANHUM,,,2031,,,,,,0.038597699
SpecifiedAnnualDemand,NDCCON,ECU,,E5CAMMANHUM,,,2032,,,,,,0.038306566
SpecifiedAnnualDemand,NDCCON,ECU,,E5CAMMANHUM,,,2033,,,,,,0.038017629
SpecifiedAnnualDemand,NDCCON,ECU,,E5CAMMANHUM,,,2034,,,,,,0.037730872
SpecifiedAnnualDemand,NDCCON,ECU,,E5CAMMANHUM,,,2035,,,,,,0.037446315
SpecifiedAnnualDemand,NDCCON,ECU,,E5CAMMORHUM,,,2010,,,,,,0.0
SpecifiedAnnualDemand,NDCCON,ECU,,E5CAMMORHUM,,,2011,,,,,,0.0
SpecifiedAnnualDemand,NDCCON,ECU,,E5CAMMORHUM,,,2012,,,,,,0.0
SpecifiedAnnualDemand,NDCCON,ECU,,E5CAMMORHUM,,,2013,,,,,,0.0
SpecifiedAnnualDemand,NDCCON,ECU,,E5CAMMORHUM,,,2014,,,,,,0.0
SpecifiedAnnualDemand,NDCCON,ECU,,E5CAMMORHUM,,,2015,,,,,,0.0
SpecifiedAnnualDemand,NDCCON,ECU,,E5CAMMORHUM,,,2016,,,,,,0.0
SpecifiedAnnualDemand,NDCCON,ECU,,E5CAMMORHUM,,,2017,,,,,,0.0
SpecifiedAnnualDemand,NDCCON,ECU,,E5CAMMORHUM,,,2018,,,,,,0.0
SpecifiedAnnualDemand,NDCCON,ECU,,E5CAMMORHUM,,,2019,,,,,,0.55278
SpecifiedAnnualDemand,NDCCON,ECU,,E5CAMMORHUM,,,2020,,,,,,0.55278
SpecifiedAnnualDemand,NDCCON,ECU,,E5CAMMORHUM,,,2021,,,,,,0.23463
SpecifiedAnnualDemand,NDCCON,ECU,,E5CAMMORHUM,,,2022,,,,,,0.23463
SpecifiedAnnualDemand,NDCCON,ECU,,E5CAMMORHUM,,,2023,,,,,,0.199826925
SpecifiedAnnualDemand,NDCCON,ECU,,E5CAMMORHUM,,,2024,,,,,,0.198319657
SpecifiedAnnualDemand,NDCCON,ECU,,E5CAMMORHUM,,,2025,,,,,,0.19682376
SpecifiedAnnualDemand,NDCCON,ECU,,E5CAMMORHUM,,,2026,,,,,,0.19533915
SpecifiedAnnualDemand,NDCCON,ECU,,E5CAMMORHUM,,,2027,,,,,,0.193865741
SpecifiedAnnualDemand,NDCCON,ECU,,E5CAMMORHUM,,,2028,,,,,,0.192403636
SpecifiedAnnualDemand,NDCCON,ECU,,E5CAMMORHUM,,,2029,,,,,,0.190952187
SpecifiedAnnualDemand,NDCCON,ECU,,E5CAMMORHUM,,,2030,,,,,,0.189511692
SpecifiedAnnualDemand,NDCCON,ECU,,E5CAMMORHUM,,,2031,,,,,,0.188082618
SpecifiedAnnualDemand,NDCCON,ECU,,E5CAMMORHUM,,,2032,,,,,,0.186663956
SpecifiedAnnualDemand,NDCCON,ECU,,E5CAMMORHUM,,,2033,,,,,,0.185255998
SpecifiedAnnualDemand,NDCCON,ECU,,E5CAMMORHUM,,,2034,,,,,,0.183858662
SpecifiedAnnualDemand,NDCCON,ECU,,E5CAMMORHUM,,,2035,,,,,,0.182472046
SpecifiedAnnualDemand,NDCCON,ECU,,E5CAMPFOHUM,,,2010,,,,,,0.0
SpecifiedAnnualDemand,NDCCON,ECU,,E5CAMPFOHUM,,,2011,,,,,,0.0
SpecifiedAnnualDemand,NDCCON,ECU,,E5CAMPFOHUM,,,2012,,,,,,0.0
SpecifiedAnnualDemand,NDCCON,ECU,,E5CAMPFOHUM,,,2013,,,,,,0.0
SpecifiedAnnualDemand,NDCCON,ECU,,E5CAMPFOHUM,,,2014,,,,,,0.0
SpecifiedAnnualDemand,NDCCON,ECU,,E5CAMPFOHUM,,,2015,,,,,,0.05481
SpecifiedAnnualDemand,NDCCON,ECU,,E5CAMPFOHUM,,,2016,,,,,,0.10962
SpecifiedAnnualDemand,NDCCON,ECU,,E5CAMPFOHUM,,,2017,,,,,,0.06377
SpecifiedAnnualDemand,NDCCON,ECU,,E5CAMPFOHUM,,,2018,,,,,,0.01792
SpecifiedAnnualDemand,NDCCON,ECU,,E5CAMPFOHUM,,,2019,,,,,,0.01899
SpecifiedAnnualDemand,NDCCON,ECU,,E5CAMPFOHUM,,,2020,,,,,,0.01899
SpecifiedAnnualDemand,NDCCON,ECU,,E5CAMPFOHUM,,,2021,,,,,,0.0072
SpecifiedAnnualDemand,NDCCON,ECU,,E5CAMPFOHUM,,,2022,,,,,,0.0072
SpecifiedAnnualDemand,NDCCON,ECU,,E5CAMPFOHUM,,,2023,,,,,,0.006132012
SpecifiedAnnualDemand,NDCCON,ECU,,E5CAMPFOHUM,,,2024,,,,,,0.006085759
SpecifiedAnnualDemand,NDCCON,ECU,,E5CAMPFOHUM,,,2025,,,,,,0.006039855
SpecifiedAnnualDemand,NDCCON,ECU,,E5CAMPFOHUM,,,2026,,,,,,0.005994297
SpecifiedAnnualDemand,NDCCON,ECU,,E5CAMPFOHUM,,,2027,,,,,,0.005949083
SpecifiedAnnualDemand,NDCCON,ECU,,E5CAMPFOHUM,,,2028,,,,,,0.005904216
SpecifiedAnnualDemand,NDCCON,ECU,,E5CAMPFOHUM,,,2029,,,,,,0.005859676
SpecifiedAnnualDemand,NDCCON,ECU,,E5CAMPFOHUM,,,2030,,,,,,0.005815472
SpecifiedAnnualDemand,NDCCON,ECU,,E5CAMPFOHUM,,,2031,,,,,,0.005771618
SpecifiedAnnualDemand,NDCCON,ECU,,E5CAMPFOHUM,,,2032,,,,,,0.005728085
SpecifiedAnnualDemand,NDCCON,ECU,,E5CAMPFOHUM,,,2033,,,,,,0.005684879
SpecifiedAnnualDemand,NDCCON,ECU,,E5CAMPFOHUM,,,2034,,,,,,0.005642
SpecifiedAnnualDemand,NDCCON,ECU,,E5CAMPFOHUM,,,2035,,,,,,0.005599449
SpecifiedAnnualDemand,NDCCON,ECU,,E5CAMCROHUM,,,2010,,,,,,7.73904
SpecifiedAnnualDemand,NDCCON,ECU,,E5CAMCROHUM,,,2011,,,,,,7.73904
SpecifiedAnnualDemand,NDCCON,ECU,,E5CAMCROHUM,,,2012,,,,,,7.73904
SpecifiedAnnualDemand,NDCCON,ECU,,E5CAMCROHUM,,,2013,,,,,,7.73904
SpecifiedAnnualDemand,NDCCON,ECU,,E5CAMCROHUM,,,2014,,,,,,7.73904
SpecifiedAnnualDemand,NDCCON,ECU,,E5CAMCROHUM,,,2015,,,,,,7.635755
SpecifiedAnnualDemand,NDCCON,ECU,,E5CAMCROHUM,,,2016,,,,,,7.53247
SpecifiedAnnualDemand,NDCCON,ECU,,E5CAMCROHUM,,,2017,,,,,,7.934135
SpecifiedAnnualDemand,NDCCON,ECU,,E5CAMCROHUM,,,2018,,,,,,8.3358
SpecifiedAnnualDemand,NDCCON,ECU,,E5CAMCROHUM,,,2019,,,,,,7.08269
SpecifiedAnnualDemand,NDCCON,ECU,,E5CAMCROHUM,,,2020,,,,,,7.08269
SpecifiedAnnualDemand,NDCCON,ECU,,E5CAMCROHUM,,,2021,,,,,,1.51169
SpecifiedAnnualDemand,NDCCON,ECU,,E5CAMCROHUM,,,2022,,,,,,1.51169
SpecifiedAnnualDemand,NDCCON,ECU,,E5CAMCROHUM,,,2023,,,,,,1.51169
SpecifiedAnnualDemand,NDCCON,ECU,,E5CAMCROHUM,,,2024,,,,,,1.51169
SpecifiedAnnualDemand,NDCCON,ECU,,E5CAMCROHUM,,,2025,,,,,,1.51169
SpecifiedAnnualDemand,NDCCON,ECU,,E5CAMCROHUM,,,2026,,,,,,1.51169
SpecifiedAnnualDemand,NDCCON,ECU,,E5CAMCROHUM,,,2027,,,,,,1.51169
SpecifiedAnnualDemand,NDCCON,ECU,,E5CAMCROHUM,,,2028,,,,,,1.51169
SpecifiedAnnualDemand,NDCCON,ECU,,E5CAMCROHUM,,,2029,,,,,,1.51169
SpecifiedAnnualDemand,NDCCON,ECU,,E5CAMCROHUM,,,2030,,,,,,1.51169
SpecifiedAnnualDemand,NDCCON,ECU,,E5CAMCROHUM,,,2031,,,,,,1.51169
SpecifiedAnnualDemand,NDCCON,ECU,,E5CAMCROHUM,,,2032,,,,,,1.51169
SpecifiedAnnualDemand,NDCCON,ECU,,E5CAMCROHUM,,,2033,,,,,,1.51169
SpecifiedAnnualDemand,NDCCON,ECU,,E5CAMCROHUM,,,2034,,,,,,1.51169
SpecifiedAnnualDemand,NDCCON,ECU,,E5CAMCROHUM,,,2035,,,,,,1.51169
SpecifiedAnnualDemand,NDCCON,ECU,,E5CAMGRAHUM,,,2010,,,,,,0.42026
SpecifiedAnnualDemand,NDCCON,ECU,,E5CAMGRAHUM,,,2011,,,,,,0.42026
SpecifiedAnnualDemand,NDCCON,ECU,,E5CAMGRAHUM,,,2012,,,,,,0.42026
SpecifiedAnnualDemand,NDCCON,ECU,,E5CAMGRAHUM,,,2013,,,,,,0.42026
SpecifiedAnnualDemand,NDCCON,ECU,,E5CAMGRAHUM,,,2014,,,,,,0.42026
SpecifiedAnnualDemand,NDCCON,ECU,,E5CAMGRAHUM,,,2015,,,,,,0.654665
SpecifiedAnnualDemand,NDCCON,ECU,,E5CAMGRAHUM,,,2016,,,,,,0.88907
SpecifiedAnnualDemand,NDCCON,ECU,,E5CAMGRAHUM,,,2017,,,,,,0.53035
SpecifiedAnnualDemand,NDCCON,ECU,,E5CAMGRAHUM,,,2018,,,,,,0.17163
SpecifiedAnnualDemand,NDCCON,ECU,,E5CAMGRAHUM,,,2019,,,,,,1.0576
SpecifiedAnnualDemand,NDCCON,ECU,,E5CAMGRAHUM,,,2020,,,,,,1.0576
SpecifiedAnnualDemand,NDCCON,ECU,,E5CAMGRAHUM,,,2021,,,,,,0.13748
SpecifiedAnnualDemand,NDCCON,ECU,,E5CAMGRAHUM,,,2022,,,,,,0.13748
SpecifiedAnnualDemand,NDCCON,ECU,,E5CAMGRAHUM,,,2023,,,,,,0.13748
SpecifiedAnnualDemand,NDCCON,ECU,,E5CAMGRAHUM,,,2024,,,,,,0.13748
SpecifiedAnnualDemand,NDCCON,ECU,,E5CAMGRAHUM,,,2025,,,,,,0.13748
SpecifiedAnnualDemand,NDCCON,ECU,,E5CAMGRAHUM,,,2026,,,,,,0.13748
SpecifiedAnnualDemand,NDCCON,ECU,,E5CAMGRAHUM,,,2027,,,,,,0.13748
SpecifiedAnnualDemand,NDCCON,ECU,,E5CAMGRAHUM,,,2028,,,,,,0.13748
SpecifiedAnnualDemand,NDCCON,ECU,,E5CAMGRAHUM,,,2029,,,,,,0.13748
SpecifiedAnnualDemand,NDCCON,ECU,,E5CAMGRAHUM,,,2030,,,,,,0.13748
SpecifiedAnnualDemand,NDCCON,ECU,,E5CAMGRAHUM,,,2031,,,,,,0.13748
SpecifiedAnnualDemand,NDCCON,ECU,,E5CAMGRAHUM,,,2032,,,,,,0.13748
SpecifiedAnnualDemand,NDCCON,ECU,,E5CAMGRAHUM,,,2033,,,,,,0.13748
SpecifiedAnnualDemand,NDCCON,ECU,,E5CAMGRAHUM,,,2034,,,,,,0.13748
SpecifiedAnnualDemand,NDCCON,ECU,,E5CAMGRAHUM,,,2035,,,,,,0.13748
SpecifiedAnnualDemand,NDCCON,ECU,,E5CAMANDASE,,,2010,,,,,,5.198
SpecifiedAnnualDemand,NDCCON,ECU,,E5CAMANDASE,,,2011,,,,,,5.198
SpecifiedAnnualDemand,NDCCON,ECU,,E5CAMANDASE,,,2012,,,,,,5.198
SpecifiedAnnualDemand,NDCCON,ECU,,E5CAMANDASE,,,2013,,,,,,5.198
SpecifiedAnnualDemand,NDCCON,ECU,,E5CAMANDASE,,,2014,,,,,,5.198
SpecifiedAnnualDemand,NDCCON,ECU,,E5CAMANDASE,,,2015,,,,,,5.198
SpecifiedAnnualDemand,NDCCON,ECU,,E5CAMANDASE,,,2016,,,,,,5.198
SpecifiedAnnualDemand,NDCCON,ECU,,E5CAMANDASE,,,2017,,,,,,5.198
SpecifiedAnnualDemand,NDCCON,ECU,,E5CAMANDASE,,,2018,,,,,,10.395
SpecifiedAnnualDemand,NDCCON,ECU,,E5CAMANDASE,,,2019,,,,,,7.52
SpecifiedAnnualDemand,NDCCON,ECU,,E5CAMANDASE,,,2020,,,,,,7.52
SpecifiedAnnualDemand,NDCCON,ECU,,E5CAMANDASE,,,2021,,,,,,7.52
SpecifiedAnnualDemand,NDCCON,ECU,,E5CAMANDASE,,,2022,,,,,,7.52
SpecifiedAnnualDemand,NDCCON,ECU,,E5CAMANDASE,,,2023,,,,,,7.52
SpecifiedAnnualDemand,NDCCON,ECU,,E5CAMANDASE,,,2024,,,,,,7.52
SpecifiedAnnualDemand,NDCCON,ECU,,E5CAMANDASE,,,2025,,,,,,7.52
SpecifiedAnnualDemand,NDCCON,ECU,,E5CAMANDASE,,,2026,,,,,,7.52
SpecifiedAnnualDemand,NDCCON,ECU,,E5CAMANDASE,,,2027,,,,,,7.52
SpecifiedAnnualDemand,NDCCON,ECU,,E5CAMANDASE,,,2028,,,,,,7.52
SpecifiedAnnualDemand,NDCCON,ECU,,E5CAMANDASE,,,2029,,,,,,7.52
SpecifiedAnnualDemand,NDCCON,ECU,,E5CAMANDASE,,,2030,,,,,,7.52
SpecifiedAnnualDemand,NDCCON,ECU,,E5CAMANDASE,,,2031,,,,,,7.52
SpecifiedAnnualDemand,NDCCON,ECU,,E5CAMANDASE,,,2032,,,,,,7.52
SpecifiedAnnualDemand,NDCCON,ECU,,E5CAMANDASE,,,2033,,,,,,7.52
SpecifiedAnnualDemand,NDCCON,ECU,,E5CAMANDASE,,,2034,,,,,,7.52
SpecifiedAnnualDemand,NDCCON,ECU,,E5CAMANDASE,,,2035,,,,,,7.52
SpecifiedAnnualDemand,NDCCON,ECU,,E5CAMPLUASE,,,2010,,,,,,0.39
SpecifiedAnnualDemand,NDCCON,ECU,,E5CAMPLUASE,,,2011,,,,,,0.39
SpecifiedAnnualDemand,NDCCON,ECU,,E5CAMPLUASE,,,2012,,,,,,0.39
SpecifiedAnnualDemand,NDCCON,ECU,,E5CAMPLUASE,,,2013,,,,,,0.39
SpecifiedAnnualDemand,NDCCON,ECU,,E5CAMPLUASE,,,2014,,,,,,0.39
SpecifiedAnnualDemand,NDCCON,ECU,,E5CAMPLUASE,,,2015,,,,,,0.232508
SpecifiedAnnualDemand,NDCCON,ECU,,E5CAMPLUASE,,,2016,,,,,,0.075015
SpecifiedAnnualDemand,NDCCON,ECU,,E5CAMPLUASE,,,2017,,,,,,0.07524
SpecifiedAnnualDemand,NDCCON,ECU,,E5CAMPLUASE,,,2018,,,,,,0.075465
SpecifiedAnnualDemand,NDCCON,ECU,,E5CAMPLUASE,,,2019,,,,,,0.52767
SpecifiedAnnualDemand,NDCCON,ECU,,E5CAMPLUASE,,,2020,,,,,,0.52767
SpecifiedAnnualDemand,NDCCON,ECU,,E5CAMPLUASE,,,2021,,,,,,0.80249
SpecifiedAnnualDemand,NDCCON,ECU,,E5CAMPLUASE,,,2022,,,,,,0.80249
SpecifiedAnnualDemand,NDCCON,ECU,,E5CAMPLUASE,,,2023,,,,,,0.683455
SpecifiedAnnualDemand,NDCCON,ECU,,E5CAMPLUASE,,,2024,,,,,,0.6783
SpecifiedAnnualDemand,NDCCON,ECU,,E5CAMPLUASE,,,2025,,,,,,0.673184
SpecifiedAnnualDemand,NDCCON,ECU,,E5CAMPLUASE,,,2026,,,,,,0.668106
SpecifiedAnnualDemand,NDCCON,ECU,,E5CAMPLUASE,,,2027,,,,,,0.663067
SpecifiedAnnualDemand,NDCCON,ECU,,E5CAMPLUASE,,,2028,,,,,,0.658066
SpecifiedAnnualDemand,NDCCON,ECU,,E5CAMPLUASE,,,2029,,,,,,0.653102
SpecifiedAnnualDemand,NDCCON,ECU,,E5CAMPLUASE,,,2030,,,,,,0.648175
SpecifiedAnnualDemand,NDCCON,ECU,,E5CAMPLUASE,,,2031,,,,,,0.643287
SpecifiedAnnualDemand,NDCCON,ECU,,E5CAMPLUASE,,,2032,,,,,,0.638435
SpecifiedAnnualDemand,NDCCON,ECU,,E5CAMPLUASE,,,2033,,,,,,0.633619
SpecifiedAnnualDemand,NDCCON,ECU,,E5CAMPLUASE,,,2034,,,,,,0.62884
SpecifiedAnnualDemand,NDCCON,ECU,,E5CAMPLUASE,,,2035,,,,,,0.624097
SpecifiedAnnualDemand,NDCCON,ECU,,E5CAMMONASE,,,2010,,,,,,0.042465
SpecifiedAnnualDemand,NDCCON,ECU,,E5CAMMONASE,,,2011,,,,,,0.042465
SpecifiedAnnualDemand,NDCCON,ECU,,E5CAMMONASE,,,2012,,,,,,0.042465
SpecifiedAnnualDemand,NDCCON,ECU,,E5CAMMONASE,,,2013,,,,,,0.042465
SpecifiedAnnualDemand,NDCCON,ECU,,E5CAMMONASE,,,2014,,,,,,0.042465
SpecifiedAnnualDemand,NDCCON,ECU,,E5CAMMONASE,,,2015,,,,,,0.054825
SpecifiedAnnualDemand,NDCCON,ECU,,E5CAMMONASE,,,2016,,,,,,0.067185
SpecifiedAnnualDemand,NDCCON,ECU,,E5CAMMONASE,,,2017,,,,,,0.089033
SpecifiedAnnualDemand,NDCCON,ECU,,E5CAMMONASE,,,2018,,,,,,0.11088
SpecifiedAnnualDemand,NDCCON,ECU,,E5CAMMONASE,,,2019,,,,,,0.0594
SpecifiedAnnualDemand,NDCCON,ECU,,E5CAMMONASE,,,2020,,,,,,0.0594
SpecifiedAnnualDemand,NDCCON,ECU,,E5CAMMONASE,,,2021,,,,,,0.12344
SpecifiedAnnualDemand,NDCCON,ECU,,E5CAMMONASE,,,2022,,,,,,0.12344
SpecifiedAnnualDemand,NDCCON,ECU,,E5CAMMONASE,,,2023,,,,,,0.10513
SpecifiedAnnualDemand,NDCCON,ECU,,E5CAMMONASE,,,2024,,,,,,0.104337
SpecifiedAnnualDemand,NDCCON,ECU,,E5CAMMONASE,,,2025,,,,,,0.10355
SpecifiedAnnualDemand,NDCCON,ECU,,E5CAMMONASE,,,2026,,,,,,0.102769
SpecifiedAnnualDemand,NDCCON,ECU,,E5CAMMONASE,,,2027,,,,,,0.101994
SpecifiedAnnualDemand,NDCCON,ECU,,E5CAMMONASE,,,2028,,,,,,0.101225
SpecifiedAnnualDemand,NDCCON,ECU,,E5CAMMONASE,,,2029,,,,,,0.100461
SpecifiedAnnualDemand,NDCCON,ECU,,E5CAMMONASE,,,2030,,,,,,0.099703
SpecifiedAnnualDemand,NDCCON,ECU,,E5CAMMONASE,,,2031,,,,,,0.098951
SpecifiedAnnualDemand,NDCCON,ECU,,E5CAMMONASE,,,2032,,,,,,0.098205
SpecifiedAnnualDemand,NDCCON,ECU,,E5CAMMONASE,,,2033,,,,,,0.097464
SpecifiedAnnualDemand,NDCCON,ECU,,E5CAMMONASE,,,2034,,,,,,0.096729
SpecifiedAnnualDemand,NDCCON,ECU,,E5CAMMONASE,,,2035,,,,,,0.095999
SpecifiedAnnualDemand,NDCCON,ECU,,E5CAMPIEASE,,,2010,,,,,,0.051255
SpecifiedAnnualDemand,NDCCON,ECU,,E5CAMPIEASE,,,2011,,,,,,0.051255
SpecifiedAnnualDemand,NDCCON,ECU,,E5CAMPIEASE,,,2012,,,,,,0.051255
SpecifiedAnnualDemand,NDCCON,ECU,,E5CAMPIEASE,,,2013,,,,,,0.051255
SpecifiedAnnualDemand,NDCCON,ECU,,E5CAMPIEASE,,,2014,,,,,,0.051255
SpecifiedAnnualDemand,NDCCON,ECU,,E5CAMPIEASE,,,2015,,,,,,0.04896
SpecifiedAnnualDemand,NDCCON,ECU,,E5CAMPIEASE,,,2016,,,,,,0.046665
SpecifiedAnnualDemand,NDCCON,ECU,,E5CAMPIEASE,,,2017,,,,,,0.061718
SpecifiedAnnualDemand,NDCCON,ECU,,E5CAMPIEASE,,,2018,,,,,,0.07677
SpecifiedAnnualDemand,NDCCON,ECU,,E5CAMPIEASE,,,2019,,,,,,0.09945
SpecifiedAnnualDemand,NDCCON,ECU,,E5CAMPIEASE,,,2020,,,,,,0.09945
SpecifiedAnnualDemand,NDCCON,ECU,,E5CAMPIEASE,,,2021,,,,,,0.13856
SpecifiedAnnualDemand,NDCCON,ECU,,E5CAMPIEASE,,,2022,,,,,,0.13856
SpecifiedAnnualDemand,NDCCON,ECU,,E5CAMPIEASE,,,2023,,,,,,0.118007
SpecifiedAnnualDemand,NDCCON,ECU,,E5CAMPIEASE,,,2024,,,,,,0.117117
SpecifiedAnnualDemand,NDCCON,ECU,,E5CAMPIEASE,,,2025,,,,,,0.116234
SpecifiedAnnualDemand,NDCCON,ECU,,E5CAMPIEASE,,,2026,,,,,,0.115357
SpecifiedAnnualDemand,NDCCON,ECU,,E5CAMPIEASE,,,2027,,,,,,0.114487
SpecifiedAnnualDemand,NDCCON,ECU,,E5CAMPIEASE,,,2028,,,,,,0.113623
SpecifiedAnnualDemand,NDCCON,ECU,,E5CAMPIEASE,,,2029,,,,,,0.112766
SpecifiedAnnualDemand,NDCCON,ECU,,E5CAMPIEASE,,,2030,,,,,,0.111916
SpecifiedAnnualDemand,NDCCON,ECU,,E5CAMPIEASE,,,2031,,,,,,0.111072
SpecifiedAnnualDemand,NDCCON,ECU,,E5CAMPIEASE,,,2032,,,,,,0.110234
SpecifiedAnnualDemand,NDCCON,ECU,,E5CAMPIEASE,,,2033,,,,,,0.109402
SpecifiedAnnualDemand,NDCCON,ECU,,E5CAMPIEASE,,,2034,,,,,,0.108577
SpecifiedAnnualDemand,NDCCON,ECU,,E5CAMPIEASE,,,2035,,,,,,0.107758
SpecifiedAnnualDemand,NDCCON,ECU,,E5CAMCEJASE,,,2010,,,,,,18.06
SpecifiedAnnualDemand,NDCCON,ECU,,E5CAMCEJASE,,,2011,,,,,,18.06
SpecifiedAnnualDemand,NDCCON,ECU,,E5CAMCEJASE,,,2012,,,,,,18.06
SpecifiedAnnualDemand,NDCCON,ECU,,E5CAMCEJASE,,,2013,,,,,,18.06
SpecifiedAnnualDemand,NDCCON,ECU,,E5CAMCEJASE,,,2014,,,,,,18.06
SpecifiedAnnualDemand,NDCCON,ECU,,E5CAMCEJASE,,,2015,,,,,,21.293
SpecifiedAnnualDemand,NDCCON,ECU,,E5CAMCEJASE,,,2016,,,,,,24.525
SpecifiedAnnualDemand,NDCCON,ECU,,E5CAMCEJASE,,,2017,,,,,,28.17
SpecifiedAnnualDemand,NDCCON,ECU,,E5CAMCEJASE,,,2018,,,,,,31.815
SpecifiedAnnualDemand,NDCCON,ECU,,E5CAMCEJASE,,,2019,,,,,,39.65
SpecifiedAnnualDemand,NDCCON,ECU,,E5CAMCEJASE,,,2020,,,,,,39.65
SpecifiedAnnualDemand,NDCCON,ECU,,E5CAMCEJASE,,,2021,,,,,,0.54
SpecifiedAnnualDemand,NDCCON,ECU,,E5CAMCEJASE,,,2022,,,,,,0.54
SpecifiedAnnualDemand,NDCCON,ECU,,E5CAMCEJASE,,,2023,,,,,,0.46
SpecifiedAnnualDemand,NDCCON,ECU,,E5CAMCEJASE,,,2024,,,,,,0.456
SpecifiedAnnualDemand,NDCCON,ECU,,E5CAMCEJASE,,,2025,,,,,,0.453
SpecifiedAnnualDemand,NDCCON,ECU,,E5CAMCEJASE,,,2026,,,,,,0.45
SpecifiedAnnualDemand,NDCCON,ECU,,E5CAMCEJASE,,,2027,,,,,,0.446
SpecifiedAnnualDemand,NDCCON,ECU,,E5CAMCEJASE,,,2028,,,,,,0.443
SpecifiedAnnualDemand,NDCCON,ECU,,E5CAMCEJASE,,,2029,,,,,,0.439
SpecifiedAnnualDemand,NDCCON,ECU,,E5CAMCEJASE,,,2030,,,,,,0.436
SpecifiedAnnualDemand,NDCCON,ECU,,E5CAMCEJASE,,,2031,,,,,,0.433
SpecifiedAnnualDemand,NDCCON,ECU,,E5CAMCEJASE,,,2032,,,,,,0.43
SpecifiedAnnualDemand,NDCCON,ECU,,E5CAMCEJASE,,,2033,,,,,,0.426
SpecifiedAnnualDemand,NDCCON,ECU,,E5CAMCEJASE,,,2034,,,,,,0.423
SpecifiedAnnualDemand,NDCCON,ECU,,E5CAMCEJASE,,,2035,,,,,,0.42
SpecifiedAnnualDemand,NDCCON,ECU,,E5CAMAMAASE,,,2010,,,,,,0.102555
SpecifiedAnnualDemand,NDCCON,ECU,,E5CAMAMAASE,,,2011,,,,,,0.102555
SpecifiedAnnualDemand,NDCCON,ECU,,E5CAMAMAASE,,,2012,,,,,,0.102555
SpecifiedAnnualDemand,NDCCON,ECU,,E5CAMAMAASE,,,2013,,,,,,0.102555
SpecifiedAnnualDemand,NDCCON,ECU,,E5CAMAMAASE,,,2014,,,,,,0.102555
SpecifiedAnnualDemand,NDCCON,ECU,,E5CAMAMAASE,,,2015,,,,,,0.107235
SpecifiedAnnualDemand,NDCCON,ECU,,E5CAMAMAASE,,,2016,,,,,,0.111915
SpecifiedAnnualDemand,NDCCON,ECU,,E5CAMAMAASE,,,2017,,,,,,0.157973
SpecifiedAnnualDemand,NDCCON,ECU,,E5CAMAMAASE,,,2018,,,,,,0.20403
SpecifiedAnnualDemand,NDCCON,ECU,,E5CAMAMAASE,,,2019,,,,,,0.30074
SpecifiedAnnualDemand,NDCCON,ECU,,E5CAMAMAASE,,,2020,,,,,,0.30074
SpecifiedAnnualDemand,NDCCON,ECU,,E5CAMAMAASE,,,2021,,,,,,0.86198
SpecifiedAnnualDemand,NDCCON,ECU,,E5CAMAMAASE,,,2022,,,,,,0.86198
SpecifiedAnnualDemand,NDCCON,ECU,,E5CAMAMAASE,,,2023,,,,,,0.734121
SpecifiedAnnualDemand,NDCCON,ECU,,E5CAMAMAASE,,,2024,,,,,,0.728584
SpecifiedAnnualDemand,NDCCON,ECU,,E5CAMAMAASE,,,2025,,,,,,0.723088
SpecifiedAnnualDemand,NDCCON,ECU,,E5CAMAMAASE,,,2026,,,,,,0.717634
SpecifiedAnnualDemand,NDCCON,ECU,,E5CAMAMAASE,,,2027,,,,,,0.712221
SpecifiedAnnualDemand,NDCCON,ECU,,E5CAMAMAASE,,,2028,,,,,,0.706849
SpecifiedAnnualDemand,NDCCON,ECU,,E5CAMAMAASE,,,2029,,,,,,0.701517
SpecifiedAnnualDemand,NDCCON,ECU,,E5CAMAMAASE,,,2030,,,,,,0.696225
SpecifiedAnnualDemand,NDCCON,ECU,,E5CAMAMAASE,,,2031,,,,,,0.690975
SpecifiedAnnualDemand,NDCCON,ECU,,E5CAMAMAASE,,,2032,,,,,,0.685763
SpecifiedAnnualDemand,NDCCON,ECU,,E5CAMAMAASE,,,2033,,,,,,0.680591
SpecifiedAnnualDemand,NDCCON,ECU,,E5CAMAMAASE,,,2034,,,,,,0.675457
SpecifiedAnnualDemand,NDCCON,ECU,,E5CAMAMAASE,,,2035,,,,,,0.670363
SpecifiedAnnualDemand,NDCCON,ECU,,E5CAMCHOASE,,,2010,,,,,,0.030825
SpecifiedAnnualDemand,NDCCON,ECU,,E5CAMCHOASE,,,2011,,,,,,0.030825
SpecifiedAnnualDemand,NDCCON,ECU,,E5CAMCHOASE,,,2012,,,,,,0.030825
SpecifiedAnnualDemand,NDCCON,ECU,,E5CAMCHOASE,,,2013,,,,,,0.030825
SpecifiedAnnualDemand,NDCCON,ECU,,E5CAMCHOASE,,,2014,,,,,,0.030825
SpecifiedAnnualDemand,NDCCON,ECU,,E5CAMCHOASE,,,2015,,,,,,0.02277
SpecifiedAnnualDemand,NDCCON,ECU,,E5CAMCHOASE,,,2016,,,,,,0.014715
SpecifiedAnnualDemand,NDCCON,ECU,,E5CAMCHOASE,,,2017,,,,,,0.01809
SpecifiedAnnualDemand,NDCCON,ECU,,E5CAMCHOASE,,,2018,,,,,,0.021465
SpecifiedAnnualDemand,NDCCON,ECU,,E5CAMCHOASE,,,2019,,,,,,0.03398
SpecifiedAnnualDemand,NDCCON,ECU,,E5CAMCHOASE,,,2020,,,,,,0.03398
SpecifiedAnnualDemand,NDCCON,ECU,,E5CAMCHOASE,,,2021,,,,,,0.20156
SpecifiedAnnualDemand,NDCCON,ECU,,E5CAMCHOASE,,,2022,,,,,,0.20156
SpecifiedAnnualDemand,NDCCON,ECU,,E5CAMCHOASE,,,2023,,,,,,0.171662
SpecifiedAnnualDemand,NDCCON,ECU,,E5CAMCHOASE,,,2024,,,,,,0.170367
SpecifiedAnnualDemand,NDCCON,ECU,,E5CAMCHOASE,,,2025,,,,,,0.169082
SpecifiedAnnualDemand,NDCCON,ECU,,E5CAMCHOASE,,,2026,,,,,,0.167807
SpecifiedAnnualDemand,NDCCON,ECU,,E5CAMCHOASE,,,2027,,,,,,0.166541
SpecifiedAnnualDemand,NDCCON,ECU,,E5CAMCHOASE,,,2028,,,,,,0.165285
SpecifiedAnnualDemand,NDCCON,ECU,,E5CAMCHOASE,,,2029,,,,,,0.164038
SpecifiedAnnualDemand,NDCCON,ECU,,E5CAMCHOASE,,,2030,,,,,,0.162801
SpecifiedAnnualDemand,NDCCON,ECU,,E5CAMCHOASE,,,2031,,,,,,0.161573
SpecifiedAnnualDemand,NDCCON,ECU,,E5CAMCHOASE,,,2032,,,,,,0.160355
SpecifiedAnnualDemand,NDCCON,ECU,,E5CAMCHOASE,,,2033,,,,,,0.159145
SpecifiedAnnualDemand,NDCCON,ECU,,E5CAMCHOASE,,,2034,,,,,,0.157945
SpecifiedAnnualDemand,NDCCON,ECU,,E5CAMCHOASE,,,2035,,,,,,0.156753
SpecifiedAnnualDemand,NDCCON,ECU,,E5CAMMANASE,,,2010,,,,,,0.03363
SpecifiedAnnualDemand,NDCCON,ECU,,E5CAMMANASE,,,2011,,,,,,0.03363
SpecifiedAnnualDemand,NDCCON,ECU,,E5CAMMANASE,,,2012,,,,,,0.03363
SpecifiedAnnualDemand,NDCCON,ECU,,E5CAMMANASE,,,2013,,,,,,0.03363
SpecifiedAnnualDemand,NDCCON,ECU,,E5CAMMANASE,,,2014,,,,,,0.03363
SpecifiedAnnualDemand,NDCCON,ECU,,E5CAMMANASE,,,2015,,,,,,0.020843
SpecifiedAnnualDemand,NDCCON,ECU,,E5CAMMANASE,,,2016,,,,,,0.008055
SpecifiedAnnualDemand,NDCCON,ECU,,E5CAMMANASE,,,2017,,,,,,0.011678
SpecifiedAnnualDemand,NDCCON,ECU,,E5CAMMANASE,,,2018,,,,,,0.0153
SpecifiedAnnualDemand,NDCCON,ECU,,E5CAMMANASE,,,2019,,,,,,2.21072
SpecifiedAnnualDemand,NDCCON,ECU,,E5CAMMANASE,,,2020,,,,,,2.21072
SpecifiedAnnualDemand,NDCCON,ECU,,E5CAMMANASE,,,2021,,,,,,0.07871
SpecifiedAnnualDemand,NDCCON,ECU,,E5CAMMANASE,,,2022,,,,,,0.07871
SpecifiedAnnualDemand,NDCCON,ECU,,E5CAMMANASE,,,2023,,,,,,0.067035
SpecifiedAnnualDemand,NDCCON,ECU,,E5CAMMANASE,,,2024,,,,,,0.066529
SpecifiedAnnualDemand,NDCCON,ECU,,E5CAMMANASE,,,2025,,,,,,0.066027
SpecifiedAnnualDemand,NDCCON,ECU,,E5CAMMANASE,,,2026,,,,,,0.065529
SpecifiedAnnualDemand,NDCCON,ECU,,E5CAMMANASE,,,2027,,,,,,0.065035
SpecifiedAnnualDemand,NDCCON,ECU,,E5CAMMANASE,,,2028,,,,,,0.064545
SpecifiedAnnualDemand,NDCCON,ECU,,E5CAMMANASE,,,2029,,,,,,0.064058
SpecifiedAnnualDemand,NDCCON,ECU,,E5CAMMANASE,,,2030,,,,,,0.063574
SpecifiedAnnualDemand,NDCCON,ECU,,E5CAMMANASE,,,2031,,,,,,0.063095
SpecifiedAnnualDemand,NDCCON,ECU,,E5CAMMANASE,,,2032,,,,,,0.062619
SpecifiedAnnualDemand,NDCCON,ECU,,E5CAMMANASE,,,2033,,,,,,0.062147
SpecifiedAnnualDemand,NDCCON,ECU,,E5CAMMANASE,,,2034,,,,,,0.061678
SpecifiedAnnualDemand,NDCCON,ECU,,E5CAMMANASE,,,2035,,,,,,0.061213
SpecifiedAnnualDemand,NDCCON,ECU,,E5CAMMORASE,,,2010,,,,,,1.83
SpecifiedAnnualDemand,NDCCON,ECU,,E5CAMMORASE,,,2011,,,,,,1.83
SpecifiedAnnualDemand,NDCCON,ECU,,E5CAMMORASE,,,2012,,,,,,1.83
SpecifiedAnnualDemand,NDCCON,ECU,,E5CAMMORASE,,,2013,,,,,,1.83
SpecifiedAnnualDemand,NDCCON,ECU,,E5CAMMORASE,,,2014,,,,,,1.83
SpecifiedAnnualDemand,NDCCON,ECU,,E5CAMMORASE,,,2015,,,,,,2.58
SpecifiedAnnualDemand,NDCCON,ECU,,E5CAMMORASE,,,2016,,,,,,3.33
SpecifiedAnnualDemand,NDCCON,ECU,,E5CAMMORASE,,,2017,,,,,,4.658
SpecifiedAnnualDemand,NDCCON,ECU,,E5CAMMORASE,,,2018,,,,,,5.985
SpecifiedAnnualDemand,NDCCON,ECU,,E5CAMMORASE,,,2019,,,,,,6.53
SpecifiedAnnualDemand,NDCCON,ECU,,E5CAMMORASE,,,2020,,,,,,6.53
SpecifiedAnnualDemand,NDCCON,ECU,,E5CAMMORASE,,,2021,,,,,,13.23
SpecifiedAnnualDemand,NDCCON,ECU,,E5CAMMORASE,,,2022,,,,,,13.23
SpecifiedAnnualDemand,NDCCON,ECU,,E5CAMMORASE,,,2023,,,,,,11.268
SpecifiedAnnualDemand,NDCCON,ECU,,E5CAMMORASE,,,2024,,,,,,11.183
SpecifiedAnnualDemand,NDCCON,ECU,,E5CAMMORASE,,,2025,,,,,,11.098
SpecifiedAnnualDemand,NDCCON,ECU,,E5CAMMORASE,,,2026,,,,,,11.015
SpecifiedAnnualDemand,NDCCON,ECU,,E5CAMMORASE,,,2027,,,,,,10.931
SpecifiedAnnualDemand,NDCCON,ECU,,E5CAMMORASE,,,2028,,,,,,10.849
SpecifiedAnnualDemand,NDCCON,ECU,,E5CAMMORASE,,,2029,,,,,,10.767
SpecifiedAnnualDemand,NDCCON,ECU,,E5CAMMORASE,,,2030,,,,,,10.686
SpecifiedAnnualDemand,NDCCON,ECU,,E5CAMMORASE,,,2031,,,,,,10.605
SpecifiedAnnualDemand,NDCCON,ECU,,E5CAMMORASE,,,2032,,,,,,10.525
SpecifiedAnnualDemand,NDCCON,ECU,,E5CAMMORASE,,,2033,,,,,,10.446
SpecifiedAnnualDemand,NDCCON,ECU,,E5CAMMORASE,,,2034,,,,,,10.367
SpecifiedAnnualDemand,NDCCON,ECU,,E5CAMMORASE,,,2035,,,,,,10.289
SpecifiedAnnualDemand,NDCCON,ECU,,E5CAMPFOASE,,,2010,,,,,,20.58
SpecifiedAnnualDemand,NDCCON,ECU,,E5CAMPFOASE,,,2011,,,,,,20.58
SpecifiedAnnualDemand,NDCCON,ECU,,E5CAMPFOASE,,,2012,,,,,,20.58
SpecifiedAnnualDemand,NDCCON,ECU,,E5CAMPFOASE,,,2013,,,,,,20.58
SpecifiedAnnualDemand,NDCCON,ECU,,E5CAMPFOASE,,,2014,,,,,,20.58
SpecifiedAnnualDemand,NDCCON,ECU,,E5CAMPFOASE,,,2015,,,,,,44.92
SpecifiedAnnualDemand,NDCCON,ECU,,E5CAMPFOASE,,,2016,,,,,,69.26
SpecifiedAnnualDemand,NDCCON,ECU,,E5CAMPFOASE,,,2017,,,,,,122.875
SpecifiedAnnualDemand,NDCCON,ECU,,E5CAMPFOASE,,,2018,,,,,,176.49
SpecifiedAnnualDemand,NDCCON,ECU,,E5CAMPFOASE,,,2019,,,,,,53.46
SpecifiedAnnualDemand,NDCCON,ECU,,E5CAMPFOASE,,,2020,,,,,,53.46
SpecifiedAnnualDemand,NDCCON,ECU,,E5CAMPFOASE,,,2021,,,,,,10.98
SpecifiedAnnualDemand,NDCCON,ECU,,E5CAMPFOASE,,,2022,,,,,,10.98
SpecifiedAnnualDemand,NDCCON,ECU,,E5CAMPFOASE,,,2023,,,,,,9.351
SpecifiedAnnualDemand,NDCCON,ECU,,E5CAMPFOASE,,,2024,,,,,,9.281
SpecifiedAnnualDemand,NDCCON,ECU,,E5CAMPFOASE,,,2025,,,,,,9.211
SpecifiedAnnualDemand,NDCCON,ECU,,E5CAMPFOASE,,,2026,,,,,,9.141
SpecifiedAnnualDemand,NDCCON,ECU,,E5CAMPFOASE,,,2027,,,,,,9.072
SpecifiedAnnualDemand,NDCCON,ECU,,E5CAMPFOASE,,,2028,,,,,,9.004
SpecifiedAnnualDemand,NDCCON,ECU,,E5CAMPFOASE,,,2029,,,,,,8.936
SpecifiedAnnualDemand,NDCCON,ECU,,E5CAMPFOASE,,,2030,,,,,,8.869
SpecifiedAnnualDemand,NDCCON,ECU,,E5CAMPFOASE,,,2031,,,,,,8.802
SpecifiedAnnualDemand,NDCCON,ECU,,E5CAMPFOASE,,,2032,,,,,,8.735
SpecifiedAnnualDemand,NDCCON,ECU,,E5CAMPFOASE,,,2033,,,,,,8.669
SpecifiedAnnualDemand,NDCCON,ECU,,E5CAMPFOASE,,,2034,,,,,,8.604
SpecifiedAnnualDemand,NDCCON,ECU,,E5CAMPFOASE,,,2035,,,,,,8.539
SpecifiedAnnualDemand,NDCCON,ECU,,E5CAMCROASE,,,2010,,,,,,9.69242
SpecifiedAnnualDemand,NDCCON,ECU,,E5CAMCROASE,,,2011,,,,,,9.69242
SpecifiedAnnualDemand,NDCCON,ECU,,E5CAMCROASE,,,2012,,,,,,9.69242
SpecifiedAnnualDemand,NDCCON,ECU,,E5CAMCROASE,,,2013,,,,,,9.69242
SpecifiedAnnualDemand,NDCCON,ECU,,E5CAMCROASE,,,2014,,,,,,9.69242
SpecifiedAnnualDemand,NDCCON,ECU,,E5CAMCROASE,,,2015,,,,,,6.006265
SpecifiedAnnualDemand,NDCCON,ECU,,E5CAMCROASE,,,2016,,,,,,2.32011
SpecifiedAnnualDemand,NDCCON,ECU,,E5CAMCROASE,,,2017,,,,,,8.269555
SpecifiedAnnualDemand,NDCCON,ECU,,E5CAMCROASE,,,2018,,,,,,14.219
SpecifiedAnnualDemand,NDCCON,ECU,,E5CAMCROASE,,,2019,,,,,,3.17403
SpecifiedAnnualDemand,NDCCON,ECU,,E5CAMCROASE,,,2020,,,,,,3.17403
SpecifiedAnnualDemand,NDCCON,ECU,,E5CAMCROASE,,,2021,,,,,,11.9975
SpecifiedAnnualDemand,NDCCON,ECU,,E5CAMCROASE,,,2022,,,,,,11.9975
SpecifiedAnnualDemand,NDCCON,ECU,,E5CAMCROASE,,,2023,,,,,,11.9975
SpecifiedAnnualDemand,NDCCON,ECU,,E5CAMCROASE,,,2024,,,,,,11.9975
SpecifiedAnnualDemand,NDCCON,ECU,,E5CAMCROASE,,,2025,,,,,,11.9975
SpecifiedAnnualDemand,NDCCON,ECU,,E5CAMCROASE,,,2026,,,,,,11.9975
SpecifiedAnnualDemand,NDCCON,ECU,,E5CAMCROASE,,,2027,,,,,,11.9975
SpecifiedAnnualDemand,NDCCON,ECU,,E5CAMCROASE,,,2028,,,,,,11.9975
SpecifiedAnnualDemand,NDCCON,ECU,,E5CAMCROASE,,,2029,,,,,,11.9975
SpecifiedAnnualDemand,NDCCON,ECU,,E5CAMCROASE,,,2030,,,,,,11.9975
SpecifiedAnnualDemand,NDCCON,ECU,,E5CAMCROASE,,,2031,,,,,,11.9975
SpecifiedAnnualDemand,NDCCON,ECU,,E5CAMCROASE,,,2032,,,,,,11.9975
SpecifiedAnnualDemand,NDCCON,ECU,,E5CAMCROASE,,,2033,,,,,,11.9975
SpecifiedAnnualDemand,NDCCON,ECU,,E5CAMCROASE,,,2034,,,,,,11.9975
SpecifiedAnnualDemand,NDCCON,ECU,,E5CAMCROASE,,,2035,,,,,,11.9975
SpecifiedAnnualDemand,NDCCON,ECU,,E5CAMGRAASE,,,2010,,,,,,0.61462
SpecifiedAnnualDemand,NDCCON,ECU,,E5CAMGRAASE,,,2011,,,,,,0.61462
SpecifiedAnnualDemand,NDCCON,ECU,,E5CAMGRAASE,,,2012,,,,,,0.61462
SpecifiedAnnualDemand,NDCCON,ECU,,E5CAMGRAASE,,,2013,,,,,,0.61462
SpecifiedAnnualDemand,NDCCON,ECU,,E5CAMGRAASE,,,2014,,,,,,0.61462
SpecifiedAnnualDemand,NDCCON,ECU,,E5CAMGRAASE,,,2015,,,,,,0.48189
SpecifiedAnnualDemand,NDCCON,ECU,,E5CAMGRAASE,,,2016,,,,,,0.34916
SpecifiedAnnualDemand,NDCCON,ECU,,E5CAMGRAASE,,,2017,,,,,,0.314825
SpecifiedAnnualDemand,NDCCON,ECU,,E5CAMGRAASE,,,2018,,,,,,0.28049
SpecifiedAnnualDemand,NDCCON,ECU,,E5CAMGRAASE,,,2019,,,,,,0.23099
SpecifiedAnnualDemand,NDCCON,ECU,,E5CAMGRAASE,,,2020,,,,,,0.23099
SpecifiedAnnualDemand,NDCCON,ECU,,E5CAMGRAASE,,,2021,,,,,,1.93581
SpecifiedAnnualDemand,NDCCON,ECU,,E5CAMGRAASE,,,2022,,,,,,1.93581
SpecifiedAnnualDemand,NDCCON,ECU,,E5CAMGRAASE,,,2023,,,,,,1.93581
SpecifiedAnnualDemand,NDCCON,ECU,,E5CAMGRAASE,,,2024,,,,,,1.93581
SpecifiedAnnualDemand,NDCCON,ECU,,E5CAMGRAASE,,,2025,,,,,,1.93581
SpecifiedAnnualDemand,NDCCON,ECU,,E5CAMGRAASE,,,2026,,,,,,1.93581
SpecifiedAnnualDemand,NDCCON,ECU,,E5CAMGRAASE,,,2027,,,,,,1.93581
SpecifiedAnnualDemand,NDCCON,ECU,,E5CAMGRAASE,,,2028,,,,,,1.93581
SpecifiedAnnualDemand,NDCCON,ECU,,E5CAMGRAASE,,,2029,,,,,,1.93581
SpecifiedAnnualDemand,NDCCON,ECU,,E5CAMGRAASE,,,2030,,,,,,1.93581
SpecifiedAnnualDemand,NDCCON,ECU,,E5CAMGRAASE,,,2031,,,,,,1.93581
SpecifiedAnnualDemand,NDCCON,ECU,,E5CAMGRAASE,,,2032,,,,,,1.93581
SpecifiedAnnualDemand,NDCCON,ECU,,E5CAMGRAASE,,,2033,,,,,,1.93581
SpecifiedAnnualDemand,NDCCON,ECU,,E5CAMGRAASE,,,2034,,,,,,1.93581
SpecifiedAnnualDemand,NDCCON,ECU,,E5CAMGRAASE,,,2035,,,,,,1.93581
SpecifiedAnnualDemand,NDCCON,ECU,,E5CAMANDOTI,,,2010,,,,,,0.42
SpecifiedAnnualDemand,NDCCON,ECU,,E5CAMANDOTI,,,2011,,,,,,0.42
SpecifiedAnnualDemand,NDCCON,ECU,,E5CAMANDOTI,,,2012,,,,,,0.42
SpecifiedAnnualDemand,NDCCON,ECU,,E5CAMANDOTI,,,2013,,,,,,0.42
SpecifiedAnnualDemand,NDCCON,ECU,,E5CAMANDOTI,,,2014,,,,,,0.42
SpecifiedAnnualDemand,NDCCON,ECU,,E5CAMANDOTI,,,2015,,,,,,18.7725
SpecifiedAnnualDemand,NDCCON,ECU,,E5CAMANDOTI,,,2016,,,,,,37.125
SpecifiedAnnualDemand,NDCCON,ECU,,E5CAMANDOTI,,,2017,,,,,,28.3725
SpecifiedAnnualDemand,NDCCON,ECU,,E5CAMANDOTI,,,2018,,,,,,19.62
SpecifiedAnnualDemand,NDCCON,ECU,,E5CAMANDOTI,,,2019,,,,,,8.37
SpecifiedAnnualDemand,NDCCON,ECU,,E5CAMANDOTI,,,2020,,,,,,8.37
SpecifiedAnnualDemand,NDCCON,ECU,,E5CAMANDOTI,,,2021,,,,,,0.72
SpecifiedAnnualDemand,NDCCON,ECU,,E5CAMANDOTI,,,2022,,,,,,0.72
SpecifiedAnnualDemand,NDCCON,ECU,,E5CAMANDOTI,,,2023,,,,,,0.613201
SpecifiedAnnualDemand,NDCCON,ECU,,E5CAMANDOTI,,,2024,,,,,,0.608576
SpecifiedAnnualDemand,NDCCON,ECU,,E5CAMANDOTI,,,2025,,,,,,0.603985
SpecifiedAnnualDemand,NDCCON,ECU,,E5CAMANDOTI,,,2026,,,,,,0.59943
SpecifiedAnnualDemand,NDCCON,ECU,,E5CAMANDOTI,,,2027,,,,,,0.594908
SpecifiedAnnualDemand,NDCCON,ECU,,E5CAMANDOTI,,,2028,,,,,,0.590422
SpecifiedAnnualDemand,NDCCON,ECU,,E5CAMANDOTI,,,2029,,,,,,0.585968
SpecifiedAnnualDemand,NDCCON,ECU,,E5CAMANDOTI,,,2030,,,,,,0.581547
SpecifiedAnnualDemand,NDCCON,ECU,,E5CAMANDOTI,,,2031,,,,,,0.577162
SpecifiedAnnualDemand,NDCCON,ECU,,E5CAMANDOTI,,,2032,,,,,,0.572808
SpecifiedAnnualDemand,NDCCON,ECU,,E5CAMANDOTI,,,2033,,,,,,0.568488
SpecifiedAnnualDemand,NDCCON,ECU,,E5CAMANDOTI,,,2034,,,,,,0.5642
SpecifiedAnnualDemand,NDCCON,ECU,,E5CAMANDOTI,,,2035,,,,,,0.559945
SpecifiedAnnualDemand,NDCCON,ECU,,E5CAMPLUOTI,,,2010,,,,,,0.497685
SpecifiedAnnualDemand,NDCCON,ECU,,E5CAMPLUOTI,,,2011,,,,,,0.497685
SpecifiedAnnualDemand,NDCCON,ECU,,E5CAMPLUOTI,,,2012,,,,,,0.497685
SpecifiedAnnualDemand,NDCCON,ECU,,E5CAMPLUOTI,,,2013,,,,,,0.497685
SpecifiedAnnualDemand,NDCCON,ECU,,E5CAMPLUOTI,,,2014,,,,,,0.497685
SpecifiedAnnualDemand,NDCCON,ECU,,E5CAMPLUOTI,,,2015,,,,,,0.4867575
SpecifiedAnnualDemand,NDCCON,ECU,,E5CAMPLUOTI,,,2016,,,,,,0.47583
SpecifiedAnnualDemand,NDCCON,ECU,,E5CAMPLUOTI,,,2017,,,,,,0.2994525
SpecifiedAnnualDemand,NDCCON,ECU,,E5CAMPLUOTI,,,2018,,,,,,0.123075
SpecifiedAnnualDemand,NDCCON,ECU,,E5CAMPLUOTI,,,2019,,,,,,0.08735
SpecifiedAnnualDemand,NDCCON,ECU,,E5CAMPLUOTI,,,2020,,,,,,0.08735
SpecifiedAnnualDemand,NDCCON,ECU,,E5CAMPLUOTI,,,2021,,,,,,0.01332
SpecifiedAnnualDemand,NDCCON,ECU,,E5CAMPLUOTI,,,2022,,,,,,0.01332
SpecifiedAnnualDemand,NDCCON,ECU,,E5CAMPLUOTI,,,2023,,,,,,0.011344221
SpecifiedAnnualDemand,NDCCON,ECU,,E5CAMPLUOTI,,,2024,,,,,,0.011258653
SpecifiedAnnualDemand,NDCCON,ECU,,E5CAMPLUOTI,,,2025,,,,,,0.011173731
SpecifiedAnnualDemand,NDCCON,ECU,,E5CAMPLUOTI,,,2026,,,,,,0.011089449
SpecifiedAnnualDemand,NDCCON,ECU,,E5CAMPLUOTI,,,2027,,,,,,0.011005803
SpecifiedAnnualDemand,NDCCON,ECU,,E5CAMPLUOTI,,,2028,,,,,,0.010922799
SpecifiedAnnualDemand,NDCCON,ECU,,E5CAMPLUOTI,,,2029,,,,,,0.0108404
SpecifiedAnnualDemand,NDCCON,ECU,,E5CAMPLUOTI,,,2030,,,,,,0.010758623
SpecifiedAnnualDemand,NDCCON,ECU,,E5CAMPLUOTI,,,2031,,,,,,0.010677494
SpecifiedAnnualDemand,NDCCON,ECU,,E5CAMPLUOTI,,,2032,,,,,,0.010596956
SpecifiedAnnualDemand,NDCCON,ECU,,E5CAMPLUOTI,,,2033,,,,,,0.010517026
SpecifiedAnnualDemand,NDCCON,ECU,,E5CAMPLUOTI,,,2034,,,,,,0.010437699
SpecifiedAnnualDemand,NDCCON,ECU,,E5CAMPLUOTI,,,2035,,,,,,0.010358981
SpecifiedAnnualDemand,NDCCON,ECU,,E5CAMMONOTI,,,2010,,,,,,0.05205
SpecifiedAnnualDemand,NDCCON,ECU,,E5CAMMONOTI,,,2011,,,,,,0.05205
SpecifiedAnnualDemand,NDCCON,ECU,,E5CAMMONOTI,,,2012,,,,,,0.05205
SpecifiedAnnualDemand,NDCCON,ECU,,E5CAMMONOTI,,,2013,,,,,,0.05205
SpecifiedAnnualDemand,NDCCON,ECU,,E5CAMMONOTI,,,2014,,,,,,0.05205
SpecifiedAnnualDemand,NDCCON,ECU,,E5CAMMONOTI,,,2015,,,,,,0.2448375
SpecifiedAnnualDemand,NDCCON,ECU,,E5CAMMONOTI,,,2016,,,,,,0.437625
SpecifiedAnnualDemand,NDCCON,ECU,,E5CAMMONOTI,,,2017,,,,,,0.3320325
SpecifiedAnnualDemand,NDCCON,ECU,,E5CAMMONOTI,,,2018,,,,,,0.22644
SpecifiedAnnualDemand,NDCCON,ECU,,E5CAMMONOTI,,,2019,,,,,,0.22041
SpecifiedAnnualDemand,NDCCON,ECU,,E5CAMMONOTI,,,2020,,,,,,0.22041
SpecifiedAnnualDemand,NDCCON,ECU,,E5CAMMONOTI,,,2021,,,,,,0.0383
SpecifiedAnnualDemand,NDCCON,ECU,,E5CAMMONOTI,,,2022,,,,,,0.0383
SpecifiedAnnualDemand,NDCCON,ECU,,E5CAMMONOTI,,,2023,,,,,,0.032618895
SpecifiedAnnualDemand,NDCCON,ECU,,E5CAMMONOTI,,,2024,,,,,,0.032372854
SpecifiedAnnualDemand,NDCCON,ECU,,E5CAMMONOTI,,,2025,,,,,,0.032128671
SpecifiedAnnualDemand,NDCCON,ECU,,E5CAMMONOTI,,,2026,,,,,,0.031886329
SpecifiedAnnualDemand,NDCCON,ECU,,E5CAMMONOTI,,,2027,,,,,,0.031645816
SpecifiedAnnualDemand,NDCCON,ECU,,E5CAMMONOTI,,,2028,,,,,,0.031407149
SpecifiedAnnualDemand,NDCCON,ECU,,E5CAMMONOTI,,,2029,,,,,,0.03117022
SpecifiedAnnualDemand,NDCCON,ECU,,E5CAMMONOTI,,,2030,,,,,,0.03093508
SpecifiedAnnualDemand,NDCCON,ECU,,E5CAMMONOTI,,,2031,,,,,,0.030701804
SpecifiedAnnualDemand,NDCCON,ECU,,E5CAMMONOTI,,,2032,,,,,,0.030470228
SpecifiedAnnualDemand,NDCCON,ECU,,E5CAMMONOTI,,,2033,,,,,,0.030240399
SpecifiedAnnualDemand,NDCCON,ECU,,E5CAMMONOTI,,,2034,,,,,,0.030012303
SpecifiedAnnualDemand,NDCCON,ECU,,E5CAMMONOTI,,,2035,,,,,,0.029785958
SpecifiedAnnualDemand,NDCCON,ECU,,E5CAMPIEOTI,,,2010,,,,,,22.185
SpecifiedAnnualDemand,NDCCON,ECU,,E5CAMPIEOTI,,,2011,,,,,,22.185
SpecifiedAnnualDemand,NDCCON,ECU,,E5CAMPIEOTI,,,2012,,,,,,22.185
SpecifiedAnnualDemand,NDCCON,ECU,,E5CAMPIEOTI,,,2013,,,,,,22.185
SpecifiedAnnualDemand,NDCCON,ECU,,E5CAMPIEOTI,,,2014,,,,,,22.185
SpecifiedAnnualDemand,NDCCON,ECU,,E5CAMPIEOTI,,,2015,,,,,,63.2475
SpecifiedAnnualDemand,NDCCON,ECU,,E5CAMPIEOTI,,,2016,,,,,,104.31
SpecifiedAnnualDemand,NDCCON,ECU,,E5CAMPIEOTI,,,2017,,,,,,125.865
SpecifiedAnnualDemand,NDCCON,ECU,,E5CAMPIEOTI,,,2018,,,,,,147.42
SpecifiedAnnualDemand,NDCCON,ECU,,E5CAMPIEOTI,,,2019,,,,,,49.95
SpecifiedAnnualDemand,NDCCON,ECU,,E5CAMPIEOTI,,,2020,,,,,,49.95
SpecifiedAnnualDemand,NDCCON,ECU,,E5CAMPIEOTI,,,2021,,,,,,62.06
SpecifiedAnnualDemand,NDCCON,ECU,,E5CAMPIEOTI,,,2022,,,,,,62.06
SpecifiedAnnualDemand,NDCCON,ECU,,E5CAMPIEOTI,,,2023,,,,,,52.854533
SpecifiedAnnualDemand,NDCCON,ECU,,E5CAMPIEOTI,,,2024,,,,,,52.455858
SpecifiedAnnualDemand,NDCCON,ECU,,E5CAMPIEOTI,,,2025,,,,,,52.060191
SpecifiedAnnualDemand,NDCCON,ECU,,E5CAMPIEOTI,,,2026,,,,,,51.667509
SpecifiedAnnualDemand,NDCCON,ECU,,E5CAMPIEOTI,,,2027,,,,,,51.27779
SpecifiedAnnualDemand,NDCCON,ECU,,E5CAMPIEOTI,,,2028,,,,,,50.891061
SpecifiedAnnualDemand,NDCCON,ECU,,E5CAMPIEOTI,,,2029,,,,,,50.507151
SpecifiedAnnualDemand,NDCCON,ECU,,E5CAMPIEOTI,,,2030,,,,,,50.126137
SpecifiedAnnualDemand,NDCCON,ECU,,E5CAMPIEOTI,,,2031,,,,,,49.748145
SpecifiedAnnualDemand,NDCCON,ECU,,E5CAMPIEOTI,,,2032,,,,,,49.372907
SpecifiedAnnualDemand,NDCCON,ECU,,E5CAMPIEOTI,,,2033,,,,,,49.0005
SpecifiedAnnualDemand,NDCCON,ECU,,E5CAMPIEOTI,,,2034,,,,,,48.630902
SpecifiedAnnualDemand,NDCCON,ECU,,E5CAMPIEOTI,,,2035,,,,,,48.26414
SpecifiedAnnualDemand,NDCCON,ECU,,E5CAMCEJOTI,,,2010,,,,,,76.41
SpecifiedAnnualDemand,NDCCON,ECU,,E5CAMCEJOTI,,,2011,,,,,,76.41
SpecifiedAnnualDemand,NDCCON,ECU,,E5CAMCEJOTI,,,2012,,,,,,76.41
SpecifiedAnnualDemand,NDCCON,ECU,,E5CAMCEJOTI,,,2013,,,,,,76.41
SpecifiedAnnualDemand,NDCCON,ECU,,E5CAMCEJOTI,,,2014,,,,,,76.41
SpecifiedAnnualDemand,NDCCON,ECU,,E5CAMCEJOTI,,,2015,,,,,,147.915
SpecifiedAnnualDemand,NDCCON,ECU,,E5CAMCEJOTI,,,2016,,,,,,219.42
SpecifiedAnnualDemand,NDCCON,ECU,,E5CAMCEJOTI,,,2017,,,,,,177.3225
SpecifiedAnnualDemand,NDCCON,ECU,,E5CAMCEJOTI,,,2018,,,,,,135.225
SpecifiedAnnualDemand,NDCCON,ECU,,E5CAMCEJOTI,,,2019,,,,,,102.15
SpecifiedAnnualDemand,NDCCON,ECU,,E5CAMCEJOTI,,,2020,,,,,,102.15
SpecifiedAnnualDemand,NDCCON,ECU,,E5CAMCEJOTI,,,2021,,,,,,7.34
SpecifiedAnnualDemand,NDCCON,ECU,,E5CAMCEJOTI,,,2022,,,,,,7.34
SpecifiedAnnualDemand,NDCCON,ECU,,E5CAMCEJOTI,,,2023,,,,,,6.251245
SpecifiedAnnualDemand,NDCCON,ECU,,E5CAMCEJOTI,,,2024,,,,,,6.204093
SpecifiedAnnualDemand,NDCCON,ECU,,E5CAMCEJOTI,,,2025,,,,,,6.157296
SpecifiedAnnualDemand,NDCCON,ECU,,E5CAMCEJOTI,,,2026,,,,,,6.110853
SpecifiedAnnualDemand,NDCCON,ECU,,E5CAMCEJOTI,,,2027,,,,,,6.06476
SpecifiedAnnualDemand,NDCCON,ECU,,E5CAMCEJOTI,,,2028,,,,,,6.01902
SpecifiedAnnualDemand,NDCCON,ECU,,E5CAMCEJOTI,,,2029,,,,,,5.973614
SpecifiedAnnualDemand,NDCCON,ECU,,E5CAMCEJOTI,,,2030,,,,,,5.928551
SpecifiedAnnualDemand,NDCCON,ECU,,E5CAMCEJOTI,,,2031,,,,,,5.883844
SpecifiedAnnualDemand,NDCCON,ECU,,E5CAMCEJOTI,,,2032,,,,,,5.839464
SpecifiedAnnualDemand,NDCCON,ECU,,E5CAMCEJOTI,,,2033,,,,,,5.795418
SpecifiedAnnualDemand,NDCCON,ECU,,E5CAMCEJOTI,,,2034,,,,,,5.751705
SpecifiedAnnualDemand,NDCCON,ECU,,E5CAMCEJOTI,,,2035,,,,,,5.708327
SpecifiedAnnualDemand,NDCCON,ECU,,E5CAMAMAOTI,,,2010,,,,,,0.064305
SpecifiedAnnualDemand,NDCCON,ECU,,E5CAMAMAOTI,,,2011,,,,,,0.064305
SpecifiedAnnualDemand,NDCCON,ECU,,E5CAMAMAOTI,,,2012,,,,,,0.064305
SpecifiedAnnualDemand,NDCCON,ECU,,E5CAMAMAOTI,,,2013,,,,,,0.064305
SpecifiedAnnualDemand,NDCCON,ECU,,E5CAMAMAOTI,,,2014,,,,,,0.064305
SpecifiedAnnualDemand,NDCCON,ECU,,E5CAMAMAOTI,,,2015,,,,,,0.2852775
SpecifiedAnnualDemand,NDCCON,ECU,,E5CAMAMAOTI,,,2016,,,,,,0.50625
SpecifiedAnnualDemand,NDCCON,ECU,,E5CAMAMAOTI,,,2017,,,,,,0.589185
SpecifiedAnnualDemand,NDCCON,ECU,,E5CAMAMAOTI,,,2018,,,,,,0.67212
SpecifiedAnnualDemand,NDCCON,ECU,,E5CAMAMAOTI,,,2019,,,,,,0.58298
SpecifiedAnnualDemand,NDCCON,ECU,,E5CAMAMAOTI,,,2020,,,,,,0.58298
SpecifiedAnnualDemand,NDCCON,ECU,,E5CAMAMAOTI,,,2021,,,,,,0.17037
SpecifiedAnnualDemand,NDCCON,ECU,,E5CAMAMAOTI,,,2022,,,,,,0.17037
SpecifiedAnnualDemand,NDCCON,ECU,,E5CAMAMAOTI,,,2023,,,,,,0.145098722
SpecifiedAnnualDemand,NDCCON,ECU,,E5CAMAMAOTI,,,2024,,,,,,0.144004262
SpecifiedAnnualDemand,NDCCON,ECU,,E5CAMAMAOTI,,,2025,,,,,,0.142918058
SpecifiedAnnualDemand,NDCCON,ECU,,E5CAMAMAOTI,,,2026,,,,,,0.14184005
SpecifiedAnnualDemand,NDCCON,ECU,,E5CAMAMAOTI,,,2027,,,,,,0.140770176
SpecifiedAnnualDemand,NDCCON,ECU,,E5CAMAMAOTI,,,2028,,,,,,0.139708509
SpecifiedAnnualDemand,NDCCON,ECU,,E5CAMAMAOTI,,,2029,,,,,,0.13865458
SpecifiedAnnualDemand,NDCCON,ECU,,E5CAMAMAOTI,,,2030,,,,,,0.137608605
SpecifiedAnnualDemand,NDCCON,ECU,,E5CAMAMAOTI,,,2031,,,,,,0.136570923
SpecifiedAnnualDemand,NDCCON,ECU,,E5CAMAMAOTI,,,2032,,,,,,0.135540801
SpecifiedAnnualDemand,NDCCON,ECU,,E5CAMAMAOTI,,,2033,,,,,,0.134518452
SpecifiedAnnualDemand,NDCCON,ECU,,E5CAMAMAOTI,,,2034,,,,,,0.133503815
SpecifiedAnnualDemand,NDCCON,ECU,,E5CAMAMAOTI,,,2035,,,,,,0.132496963
SpecifiedAnnualDemand,NDCCON,ECU,,E5CAMCHOOTI,,,2010,,,,,,0.017655
SpecifiedAnnualDemand,NDCCON,ECU,,E5CAMCHOOTI,,,2011,,,,,,0.017655
SpecifiedAnnualDemand,NDCCON,ECU,,E5CAMCHOOTI,,,2012,,,,,,0.017655
SpecifiedAnnualDemand,NDCCON,ECU,,E5CAMCHOOTI,,,2013,,,,,,0.017655
SpecifiedAnnualDemand,NDCCON,ECU,,E5CAMCHOOTI,,,2014,,,,,,0.017655
SpecifiedAnnualDemand,NDCCON,ECU,,E5CAMCHOOTI,,,2015,,,,,,0.0323625
SpecifiedAnnualDemand,NDCCON,ECU,,E5CAMCHOOTI,,,2016,,,,,,0.04707
SpecifiedAnnualDemand,NDCCON,ECU,,E5CAMCHOOTI,,,2017,,,,,,0.0626175
SpecifiedAnnualDemand,NDCCON,ECU,,E5CAMCHOOTI,,,2018,,,,,,0.078165
SpecifiedAnnualDemand,NDCCON,ECU,,E5CAMCHOOTI,,,2019,,,,,,0.07322
SpecifiedAnnualDemand,NDCCON,ECU,,E5CAMCHOOTI,,,2020,,,,,,0.07322
SpecifiedAnnualDemand,NDCCON,ECU,,E5CAMCHOOTI,,,2021,,,,,,0.00338
SpecifiedAnnualDemand,NDCCON,ECU,,E5CAMCHOOTI,,,2022,,,,,,0.00338
SpecifiedAnnualDemand,NDCCON,ECU,,E5CAMCHOOTI,,,2023,,,,,,0.002878639
SpecifiedAnnualDemand,NDCCON,ECU,,E5CAMCHOOTI,,,2024,,,,,,0.002856926
SpecifiedAnnualDemand,NDCCON,ECU,,E5CAMCHOOTI,,,2025,,,,,,0.002835376
SpecifiedAnnualDemand,NDCCON,ECU,,E5CAMCHOOTI,,,2026,,,,,,0.002813989
SpecifiedAnnualDemand,NDCCON,ECU,,E5CAMCHOOTI,,,2027,,,,,,0.002792764
SpecifiedAnnualDemand,NDCCON,ECU,,E5CAMCHOOTI,,,2028,,,,,,0.002771701
SpecifiedAnnualDemand,NDCCON,ECU,,E5CAMCHOOTI,,,2029,,,,,,0.002750792
SpecifiedAnnualDemand,NDCCON,ECU,,E5CAMCHOOTI,,,2030,,,,,,0.002730041
SpecifiedAnnualDemand,NDCCON,ECU,,E5CAMCHOOTI,,,2031,,,,,,0.002709454
SpecifiedAnnualDemand,NDCCON,ECU,,E5CAMCHOOTI,,,2032,,,,,,0.002689017
SpecifiedAnnualDemand,NDCCON,ECU,,E5CAMCHOOTI,,,2033,,,,,,0.002668735
SpecifiedAnnualDemand,NDCCON,ECU,,E5CAMCHOOTI,,,2034,,,,,,0.002648605
SpecifiedAnnualDemand,NDCCON,ECU,,E5CAMCHOOTI,,,2035,,,,,,0.00262863
SpecifiedAnnualDemand,NDCCON,ECU,,E5CAMMANOTI,,,2010,,,,,,0.07125
SpecifiedAnnualDemand,NDCCON,ECU,,E5CAMMANOTI,,,2011,,,,,,0.07125
SpecifiedAnnualDemand,NDCCON,ECU,,E5CAMMANOTI,,,2012,,,,,,0.07125
SpecifiedAnnualDemand,NDCCON,ECU,,E5CAMMANOTI,,,2013,,,,,,0.07125
SpecifiedAnnualDemand,NDCCON,ECU,,E5CAMMANOTI,,,2014,,,,,,0.07125
SpecifiedAnnualDemand,NDCCON,ECU,,E5CAMMANOTI,,,2015,,,,,,0.1333425
SpecifiedAnnualDemand,NDCCON,ECU,,E5CAMMANOTI,,,2016,,,,,,0.195435
SpecifiedAnnualDemand,NDCCON,ECU,,E5CAMMANOTI,,,2017,,,,,,0.191655
SpecifiedAnnualDemand,NDCCON,ECU,,E5CAMMANOTI,,,2018,,,,,,0.187875
SpecifiedAnnualDemand,NDCCON,ECU,,E5CAMMANOTI,,,2019,,,,,,0.1913
SpecifiedAnnualDemand,NDCCON,ECU,,E5CAMMANOTI,,,2020,,,,,,0.1913
SpecifiedAnnualDemand,NDCCON,ECU,,E5CAMMANOTI,,,2021,,,,,,0.01994
SpecifiedAnnualDemand,NDCCON,ECU,,E5CAMMANOTI,,,2022,,,,,,0.01994
SpecifiedAnnualDemand,NDCCON,ECU,,E5CAMMANOTI,,,2023,,,,,,0.016982265
SpecifiedAnnualDemand,NDCCON,ECU,,E5CAMMANOTI,,,2024,,,,,,0.01685417
SpecifiedAnnualDemand,NDCCON,ECU,,E5CAMMANOTI,,,2025,,,,,,0.016727042
SpecifiedAnnualDemand,NDCCON,ECU,,E5CAMMANOTI,,,2026,,,,,,0.016600872
SpecifiedAnnualDemand,NDCCON,ECU,,E5CAMMANOTI,,,2027,,,,,,0.016475655
SpecifiedAnnualDemand,NDCCON,ECU,,E5CAMMANOTI,,,2028,,,,,,0.016351398
SpecifiedAnnualDemand,NDCCON,ECU,,E5CAMMANOTI,,,2029,,,,,,0.016228047
SpecifiedAnnualDemand,NDCCON,ECU,,E5CAMMANOTI,,,2030,,,,,,0.016105627
SpecifiedAnnualDemand,NDCCON,ECU,,E5CAMMANOTI,,,2031,,,,,,0.015984177
SpecifiedAnnualDemand,NDCCON,ECU,,E5CAMMANOTI,,,2032,,,,,,0.015863612
SpecifiedAnnualDemand,NDCCON,ECU,,E5CAMMANOTI,,,2033,,,,,,0.015743957
SpecifiedAnnualDemand,NDCCON,ECU,,E5CAMMANOTI,,,2034,,,,,,0.015625204
SpecifiedAnnualDemand,NDCCON,ECU,,E5CAMMANOTI,,,2035,,,,,,0.015507363
SpecifiedAnnualDemand,NDCCON,ECU,,E5CAMMOROTI,,,2010,,,,,,0.001605
SpecifiedAnnualDemand,NDCCON,ECU,,E5CAMMOROTI,,,2011,,,,,,0.001605
SpecifiedAnnualDemand,NDCCON,ECU,,E5CAMMOROTI,,,2012,,,,,,0.001605
SpecifiedAnnualDemand,NDCCON,ECU,,E5CAMMOROTI,,,2013,,,,,,0.001605
SpecifiedAnnualDemand,NDCCON,ECU,,E5CAMMOROTI,,,2014,,,,,,0.001605
SpecifiedAnnualDemand,NDCCON,ECU,,E5CAMMOROTI,,,2015,,,,,,0.0067425
SpecifiedAnnualDemand,NDCCON,ECU,,E5CAMMOROTI,,,2016,,,,,,0.01188
SpecifiedAnnualDemand,NDCCON,ECU,,E5CAMMOROTI,,,2017,,,,,,0.009315
SpecifiedAnnualDemand,NDCCON,ECU,,E5CAMMOROTI,,,2018,,,,,,0.00675
SpecifiedAnnualDemand,NDCCON,ECU,,E5CAMMOROTI,,,2019,,,,,,0.00855
SpecifiedAnnualDemand,NDCCON,ECU,,E5CAMMOROTI,,,2020,,,,,,0.00855
SpecifiedAnnualDemand,NDCCON,ECU,,E5CAMMOROTI,,,2021,,,,,,0.00963
SpecifiedAnnualDemand,NDCCON,ECU,,E5CAMMOROTI,,,2022,,,,,,0.00963
SpecifiedAnnualDemand,NDCCON,ECU,,E5CAMMOROTI,,,2023,,,,,,0.008201565
SpecifiedAnnualDemand,NDCCON,ECU,,E5CAMMOROTI,,,2024,,,,,,0.008139702
SpecifiedAnnualDemand,NDCCON,ECU,,E5CAMMOROTI,,,2025,,,,,,0.008078305
SpecifiedAnnualDemand,NDCCON,ECU,,E5CAMMOROTI,,,2026,,,,,,0.008017372
SpecifiedAnnualDemand,NDCCON,ECU,,E5CAMMOROTI,,,2027,,,,,,0.007956898
SpecifiedAnnualDemand,NDCCON,ECU,,E5CAMMOROTI,,,2028,,,,,,0.007896889
SpecifiedAnnualDemand,NDCCON,ECU,,E5CAMMOROTI,,,2029,,,,,,0.007837316
SpecifiedAnnualDemand,NDCCON,ECU,,E5CAMMOROTI,,,2030,,,,,,0.007778194
SpecifiedAnnualDemand,NDCCON,ECU,,E5CAMMOROTI,,,2031,,,,,,0.00771954
SpecifiedAnnualDemand,NDCCON,ECU,,E5CAMMOROTI,,,2032,,,,,,0.007661313
SpecifiedAnnualDemand,NDCCON,ECU,,E5CAMMOROTI,,,2033,,,,,,0.007603526
SpecifiedAnnualDemand,NDCCON,ECU,,E5CAMMOROTI,,,2034,,,,,,0.007546174
SpecifiedAnnualDemand,NDCCON,ECU,,E5CAMMOROTI,,,2035,,,,,,0.007489263
SpecifiedAnnualDemand,NDCCON,ECU,,E5CAMPFOOTI,,,2010,,,,,,0.03495
SpecifiedAnnualDemand,NDCCON,ECU,,E5CAMPFOOTI,,,2011,,,,,,0.03495
SpecifiedAnnualDemand,NDCCON,ECU,,E5CAMPFOOTI,,,2012,,,,,,0.03495
SpecifiedAnnualDemand,NDCCON,ECU,,E5CAMPFOOTI,,,2013,,,,,,0.03495
SpecifiedAnnualDemand,NDCCON,ECU,,E5CAMPFOOTI,,,2014,,,,,,0.03495
SpecifiedAnnualDemand,NDCCON,ECU,,E5CAMPFOOTI,,,2015,,,,,,0.1054725
SpecifiedAnnualDemand,NDCCON,ECU,,E5CAMPFOOTI,,,2016,,,,,,0.175995
SpecifiedAnnualDemand,NDCCON,ECU,,E5CAMPFOOTI,,,2017,,,,,,0.1802275
SpecifiedAnnualDemand,NDCCON,ECU,,E5CAMPFOOTI,,,2018,,,,,,0.18446
SpecifiedAnnualDemand,NDCCON,ECU,,E5CAMPFOOTI,,,2019,,,,,,0.00738
SpecifiedAnnualDemand,NDCCON,ECU,,E5CAMPFOOTI,,,2020,,,,,,0.00738
SpecifiedAnnualDemand,NDCCON,ECU,,E5CAMPFOOTI,,,2021,,,,,,0.01035
SpecifiedAnnualDemand,NDCCON,ECU,,E5CAMPFOOTI,,,2022,,,,,,0.01035
SpecifiedAnnualDemand,NDCCON,ECU,,E5CAMPFOOTI,,,2023,,,,,,0.008814767
SpecifiedAnnualDemand,NDCCON,ECU,,E5CAMPFOOTI,,,2024,,,,,,0.008748278
SpecifiedAnnualDemand,NDCCON,ECU,,E5CAMPFOOTI,,,2025,,,,,,0.008682291
SpecifiedAnnualDemand,NDCCON,ECU,,E5CAMPFOOTI,,,2026,,,,,,0.008616802
SpecifiedAnnualDemand,NDCCON,ECU,,E5CAMPFOOTI,,,2027,,,,,,0.008551807
SpecifiedAnnualDemand,NDCCON,ECU,,E5CAMPFOOTI,,,2028,,,,,,0.00848731
SpecifiedAnnualDemand,NDCCON,ECU,,E5CAMPFOOTI,,,2029,,,,,,0.008423284
SpecifiedAnnualDemand,NDCCON,ECU,,E5CAMPFOOTI,,,2030,,,,,,0.008359741
SpecifiedAnnualDemand,NDCCON,ECU,,E5CAMPFOOTI,,,2031,,,,,,0.008296702
SpecifiedAnnualDemand,NDCCON,ECU,,E5CAMPFOOTI,,,2032,,,,,,0.008234122
SpecifiedAnnualDemand,NDCCON,ECU,,E5CAMPFOOTI,,,2033,,,,,,0.008172014
SpecifiedAnnualDemand,NDCCON,ECU,,E5CAMPFOOTI,,,2034,,,,,,0.008110374
SpecifiedAnnualDemand,NDCCON,ECU,,E5CAMPFOOTI,,,2035,,,,,,0.008049208
SpecifiedAnnualDemand,NDCCON,ECU,,E5CAMCROOTI,,,2010,,,,,,3.381825
SpecifiedAnnualDemand,NDCCON,ECU,,E5CAMCROOTI,,,2011,,,,,,3.381825
SpecifiedAnnualDemand,NDCCON,ECU,,E5CAMCROOTI,,,2012,,,,,,3.381825
SpecifiedAnnualDemand,NDCCON,ECU,,E5CAMCROOTI,,,2013,,,,,,3.381825
SpecifiedAnnualDemand,NDCCON,ECU,,E5CAMCROOTI,,,2014,,,,,,3.381825
SpecifiedAnnualDemand,NDCCON,ECU,,E5CAMCROOTI,,,2015,,,,,,2.758695
SpecifiedAnnualDemand,NDCCON,ECU,,E5CAMCROOTI,,,2016,,,,,,2.135565
SpecifiedAnnualDemand,NDCCON,ECU,,E5CAMCROOTI,,,2017,,,,,,3.725783
SpecifiedAnnualDemand,NDCCON,ECU,,E5CAMCROOTI,,,2018,,,,,,5.316
SpecifiedAnnualDemand,NDCCON,ECU,,E5CAMCROOTI,,,2019,,,,,,0.19643
SpecifiedAnnualDemand,NDCCON,ECU,,E5CAMCROOTI,,,2020,,,,,,0.19643
SpecifiedAnnualDemand,NDCCON,ECU,,E5CAMCROOTI,,,2021,,,,,,2.34311
SpecifiedAnnualDemand,NDCCON,ECU,,E5CAMCROOTI,,,2022,,,,,,2.34311
SpecifiedAnnualDemand,NDCCON,ECU,,E5CAMCROOTI,,,2023,,,,,,2.34311
SpecifiedAnnualDemand,NDCCON,ECU,,E5CAMCROOTI,,,2024,,,,,,2.34311
SpecifiedAnnualDemand,NDCCON,ECU,,E5CAMCROOTI,,,2025,,,,,,2.34311
SpecifiedAnnualDemand,NDCCON,ECU,,E5CAMCROOTI,,,2026,,,,,,2.34311
SpecifiedAnnualDemand,NDCCON,ECU,,E5CAMCROOTI,,,2027,,,,,,2.34311
SpecifiedAnnualDemand,NDCCON,ECU,,E5CAMCROOTI,,,2028,,,,,,2.34311
SpecifiedAnnualDemand,NDCCON,ECU,,E5CAMCROOTI,,,2029,,,,,,2.34311
SpecifiedAnnualDemand,NDCCON,ECU,,E5CAMCROOTI,,,2030,,,,,,2.34311
SpecifiedAnnualDemand,NDCCON,ECU,,E5CAMCROOTI,,,2031,,,,,,2.34311
SpecifiedAnnualDemand,NDCCON,ECU,,E5CAMCROOTI,,,2032,,,,,,2.34311
SpecifiedAnnualDemand,NDCCON,ECU,,E5CAMCROOTI,,,2033,,,,,,2.34311
SpecifiedAnnualDemand,NDCCON,ECU,,E5CAMCROOTI,,,2034,,,,,,2.34311
SpecifiedAnnualDemand,NDCCON,ECU,,E5CAMCROOTI,,,2035,,,,,,2.34311
SpecifiedAnnualDemand,NDCCON,ECU,,E5CAMGRAOTI,,,2010,,,,,,1.15985
SpecifiedAnnualDemand,NDCCON,ECU,,E5CAMGRAOTI,,,2011,,,,,,1.1472
SpecifiedAnnualDemand,NDCCON,ECU,,E5CAMGRAOTI,,,2012,,,,,,1.15985
SpecifiedAnnualDemand,NDCCON,ECU,,E5CAMGRAOTI,,,2013,,,,,,1.1472
SpecifiedAnnualDemand,NDCCON,ECU,,E5CAMGRAOTI,,,2014,,,,,,1.15985
SpecifiedAnnualDemand,NDCCON,ECU,,E5CAMGRAOTI,,,2015,,,,,,1.31471
SpecifiedAnnualDemand,NDCCON,ECU,,E5CAMGRAOTI,,,2016,,,,,,2.42253
SpecifiedAnnualDemand,NDCCON,ECU,,E5CAMGRAOTI,,,2017,,,,,,1.39006
SpecifiedAnnualDemand,NDCCON,ECU,,E5CAMGRAOTI,,,2018,,,,,,0.97448
SpecifiedAnnualDemand,NDCCON,ECU,,E5CAMGRAOTI,,,2019,,,,,,0.46418
SpecifiedAnnualDemand,NDCCON,ECU,,E5CAMGRAOTI,,,2020,,,,,,0.46418
SpecifiedAnnualDemand,NDCCON,ECU,,E5CAMGRAOTI,,,2021,,,,,,0.46571
SpecifiedAnnualDemand,NDCCON,ECU,,E5CAMGRAOTI,,,2022,,,,,,0.46571
SpecifiedAnnualDemand,NDCCON,ECU,,E5CAMGRAOTI,,,2023,,,,,,0.46571
SpecifiedAnnualDemand,NDCCON,ECU,,E5CAMGRAOTI,,,2024,,,,,,0.46571
SpecifiedAnnualDemand,NDCCON,ECU,,E5CAMGRAOTI,,,2025,,,,,,0.46571
SpecifiedAnnualDemand,NDCCON,ECU,,E5CAMGRAOTI,,,2026,,,,,,0.46571
SpecifiedAnnualDemand,NDCCON,ECU,,E5CAMGRAOTI,,,2027,,,,,,0.46571
SpecifiedAnnualDemand,NDCCON,ECU,,E5CAMGRAOTI,,,2028,,,,,,0.46571
SpecifiedAnnualDemand,NDCCON,ECU,,E5CAMGRAOTI,,,2029,,,,,,0.46571
SpecifiedAnnualDemand,NDCCON,ECU,,E5CAMGRAOTI,,,2030,,,,,,0.46571
SpecifiedAnnualDemand,NDCCON,ECU,,E5CAMGRAOTI,,,2031,,,,,,0.46571
SpecifiedAnnualDemand,NDCCON,ECU,,E5CAMGRAOTI,,,2032,,,,,,0.46571
SpecifiedAnnualDemand,NDCCON,ECU,,E5CAMGRAOTI,,,2033,,,,,,0.46571
SpecifiedAnnualDemand,NDCCON,ECU,,E5CAMGRAOTI,,,2034,,,,,,0.46571
SpecifiedAnnualDemand,NDCCON,ECU,,E5CAMGRAOTI,,,2035,,,,,,0.46571
SpecifiedAnnualDemand,NDCCON,ECU,,E5MEDREST,,,2010,,,,,,0.0
SpecifiedAnnualDemand,NDCCON,ECU,,E5MEDREST,,,2011,,,,,,0.0
SpecifiedAnnualDemand,NDCCON,ECU,,E5MEDREST,,,2012,,,,,,0.0
SpecifiedAnnualDemand,NDCCON,ECU,,E5MEDREST,,,2013,,,,,,0.0
SpecifiedAnnualDemand,NDCCON,ECU,,E5MEDREST,,,2014,,,,,,0.0
SpecifiedAnnualDemand,NDCCON,ECU,,E5MEDREST,,,2015,,,,,,0.0
SpecifiedAnnualDemand,NDCCON,ECU,,E5MEDREST,,,2016,,,,,,0.0
SpecifiedAnnualDemand,NDCCON,ECU,,E5MEDREST,,,2017,,,,,,0.0
SpecifiedAnnualDemand,NDCCON,ECU,,E5MEDREST,,,2018,,,,,,0.0
SpecifiedAnnualDemand,NDCCON,ECU,,E5MEDREST,,,2019,,,,,,0.0
SpecifiedAnnualDemand,NDCCON,ECU,,E5MEDREST,,,2020,,,,,,0.0
SpecifiedAnnualDemand,NDCCON,ECU,,E5MEDREST,,,2021,,,,,,0.0
SpecifiedAnnualDemand,NDCCON,ECU,,E5MEDREST,,,2022,,,,,,0.0
SpecifiedAnnualDemand,NDCCON,ECU,,E5MEDREST,,,2023,,,,,,0.0
SpecifiedAnnualDemand,NDCCON,ECU,,E5MEDREST,,,2024,,,,,,0.0
SpecifiedAnnualDemand,NDCCON,ECU,,E5MEDREST,,,2025,,,,,,0.0
SpecifiedAnnualDemand,NDCCON,ECU,,E5MEDREST,,,2026,,,,,,3.0
SpecifiedAnnualDemand,NDCCON,ECU,,E5MEDREST,,,2027,,,,,,3.0
SpecifiedAnnualDemand,NDCCON,ECU,,E5MEDREST,,,2028,,,,,,3.0
SpecifiedAnnualDemand,NDCCON,ECU,,E5MEDREST,,,2029,,,,,,3.0
SpecifiedAnnualDemand,NDCCON,ECU,,E5MEDREST,,,2030,,,,,,3.0
SpecifiedAnnualDemand,NDCCON,ECU,,E5MEDREST,,,2031,,,,,,3.0
SpecifiedAnnualDemand,NDCCON,ECU,,E5MEDREST,,,2032,,,,,,3.0
SpecifiedAnnualDemand,NDCCON,ECU,,E5MEDREST,,,2033,,,,,,3.0
SpecifiedAnnualDemand,NDCCON,ECU,,E5MEDREST,,,2034,,,,,,3.0
SpecifiedAnnualDemand,NDCCON,ECU,,E5MEDREST,,,2035,,,,,,3.0
SpecifiedAnnualDemand,NDCCON,ECU,,E5MEDRESTMAN,,,2010,,,,,,0.0
SpecifiedAnnualDemand,NDCCON,ECU,,E5MEDRESTMAN,,,2011,,,,,,0.0
SpecifiedAnnualDemand,NDCCON,ECU,,E5MEDRESTMAN,,,2012,,,,,,0.0
SpecifiedAnnualDemand,NDCCON,ECU,,E5MEDRESTMAN,,,2013,,,,,,0.0
SpecifiedAnnualDemand,NDCCON,ECU,,E5MEDRESTMAN,,,2014,,,,,,0.0
SpecifiedAnnualDemand,NDCCON,ECU,,E5MEDRESTMAN,,,2015,,,,,,0.0
SpecifiedAnnualDemand,NDCCON,ECU,,E5MEDRESTMAN,,,2016,,,,,,0.0
SpecifiedAnnualDemand,NDCCON,ECU,,E5MEDRESTMAN,,,2017,,,,,,0.0
SpecifiedAnnualDemand,NDCCON,ECU,,E5MEDRESTMAN,,,2018,,,,,,0.0
SpecifiedAnnualDemand,NDCCON,ECU,,E5MEDRESTMAN,,,2019,,,,,,0.0
SpecifiedAnnualDemand,NDCCON,ECU,,E5MEDRESTMAN,,,2020,,,,,,0.0
SpecifiedAnnualDemand,NDCCON,ECU,,E5MEDRESTMAN,,,2021,,,,,,0.0
SpecifiedAnnualDemand,NDCCON,ECU,,E5MEDRESTMAN,,,2022,,,,,,0.0
SpecifiedAnnualDemand,NDCCON,ECU,,E5MEDRESTMAN,,,2023,,,,,,0.0
SpecifiedAnnualDemand,NDCCON,ECU,,E5MEDRESTMAN,,,2024,,,,,,0.0
SpecifiedAnnualDemand,NDCCON,ECU,,E5MEDRESTMAN,,,2025,,,,,,0.0
SpecifiedAnnualDemand,NDCCON,ECU,,E5MEDRESTMAN,,,2026,,,,,,121.81
SpecifiedAnnualDemand,NDCCON,ECU,,E5MEDRESTMAN,,,2027,,,,,,121.81
SpecifiedAnnualDemand,NDCCON,ECU,,E5MEDRESTMAN,,,2028,,,,,,121.81
SpecifiedAnnualDemand,NDCCON,ECU,,E5MEDRESTMAN,,,2029,,,,,,121.81
SpecifiedAnnualDemand,NDCCON,ECU,,E5MEDRESTMAN,,,2030,,,,,,121.81
SpecifiedAnnualDemand,NDCCON,ECU,,E5MEDRESTMAN,,,2031,,,,,,121.81
SpecifiedAnnualDemand,NDCCON,ECU,,E5MEDRESTMAN,,,2032,,,,,,121.81
SpecifiedAnnualDemand,NDCCON,ECU,,E5MEDRESTMAN,,,2033,,,,,,121.81
SpecifiedAnnualDemand,NDCCON,ECU,,E5MEDRESTMAN,,,2034,,,,,,121.81
SpecifiedAnnualDemand,NDCCON,ECU,,E5MEDRESTMAN,,,2035,,,,,,121.81
SpecifiedAnnualDemand,NDCCON,ECU,,E5MEDABAMA,,,2010,,,,,,0.0
SpecifiedAnnualDemand,NDCCON,ECU,,E5MEDABAMA,,,2011,,,,,,0.0
SpecifiedAnnualDemand,NDCCON,ECU,,E5MEDABAMA,,,2012,,,,,,0.0
SpecifiedAnnualDemand,NDCCON,ECU,,E5MEDABAMA,,,2013,,,,,,0.0
SpecifiedAnnualDemand,NDCCON,ECU,,E5MEDABAMA,,,2014,,,,,,0.0
SpecifiedAnnualDemand,NDCCON,ECU,,E5MEDABAMA,,,2015,,,,,,0.0
SpecifiedAnnualDemand,NDCCON,ECU,,E5MEDABAMA,,,2016,,,,,,0.0
SpecifiedAnnualDemand,NDCCON,ECU,,E5MEDABAMA,,,2017,,,,,,0.0
SpecifiedAnnualDemand,NDCCON,ECU,,E5MEDABAMA,,,2018,,,,,,0.0
SpecifiedAnnualDemand,NDCCON,ECU,,E5MEDABAMA,,,2019,,,,,,0.0
SpecifiedAnnualDemand,NDCCON,ECU,,E5MEDABAMA,,,2020,,,,,,0.0
SpecifiedAnnualDemand,NDCCON,ECU,,E5MEDABAMA,,,2021,,,,,,0.0
SpecifiedAnnualDemand,NDCCON,ECU,,E5MEDABAMA,,,2022,,,,,,0.0
SpecifiedAnnualDemand,NDCCON,ECU,,E5MEDABAMA,,,2023,,,,,,0.0
SpecifiedAnnualDemand,NDCCON,ECU,,E5MEDABAMA,,,2024,,,,,,0.0
SpecifiedAnnualDemand,NDCCON,ECU,,E5MEDABAMA,,,2025,,,,,,0.0
SpecifiedAnnualDemand,NDCCON,ECU,,E5MEDABAMA,,,2026,,,,,,54.629208943
SpecifiedAnnualDemand,NDCCON,ECU,,E5MEDABAMA,,,2027,,,,,,54.629208943
SpecifiedAnnualDemand,NDCCON,ECU,,E5MEDABAMA,,,2028,,,,,,54.629208943
SpecifiedAnnualDemand,NDCCON,ECU,,E5MEDABAMA,,,2029,,,,,,54.629208943
SpecifiedAnnualDemand,NDCCON,ECU,,E5MEDABAMA,,,2030,,,,,,54.629208943
SpecifiedAnnualDemand,NDCCON,ECU,,E5MEDABAMA,,,2031,,,,,,54.629208943
SpecifiedAnnualDemand,NDCCON,ECU,,E5MEDABAMA,,,2032,,,,,,54.629208943
SpecifiedAnnualDemand,NDCCON,ECU,,E5MEDABAMA,,,2033,,,,,,54.629208943
SpecifiedAnnualDemand,NDCCON,ECU,,E5MEDABAMA,,,2034,,,,,,54.629208943
SpecifiedAnnualDemand,NDCCON,ECU,,E5MEDABAMA,,,2035,,,,,,54.629208943
SpecifiedAnnualDemand,NDCCON,ECU,,E5MEDABMOR,,,2010,,,,,,0.0
SpecifiedAnnualDemand,NDCCON,ECU,,E5MEDABMOR,,,2011,,,,,,0.0
SpecifiedAnnualDemand,NDCCON,ECU,,E5MEDABMOR,,,2012,,,,,,0.0
SpecifiedAnnualDemand,NDCCON,ECU,,E5MEDABMOR,,,2013,,,,,,0.0
SpecifiedAnnualDemand,NDCCON,ECU,,E5MEDABMOR,,,2014,,,,,,0.0
SpecifiedAnnualDemand,NDCCON,ECU,,E5MEDABMOR,,,2015,,,,,,0.0
SpecifiedAnnualDemand,NDCCON,ECU,,E5MEDABMOR,,,2016,,,,,,0.0
SpecifiedAnnualDemand,NDCCON,ECU,,E5MEDABMOR,,,2017,,,,,,0.0
SpecifiedAnnualDemand,NDCCON,ECU,,E5MEDABMOR,,,2018,,,,,,0.0
SpecifiedAnnualDemand,NDCCON,ECU,,E5MEDABMOR,,,2019,,,,,,0.0
SpecifiedAnnualDemand,NDCCON,ECU,,E5MEDABMOR,,,2020,,,,,,0.0
SpecifiedAnnualDemand,NDCCON,ECU,,E5MEDABMOR,,,2021,,,,,,0.0
SpecifiedAnnualDemand,NDCCON,ECU,,E5MEDABMOR,,,2022,,,,,,0.0
SpecifiedAnnualDemand,NDCCON,ECU,,E5MEDABMOR,,,2023,,,,,,0.0
SpecifiedAnnualDemand,NDCCON,ECU,,E5MEDABMOR,,,2024,,,,,,0.0
SpecifiedAnnualDemand,NDCCON,ECU,,E5MEDABMOR,,,2025,,,,,,0.0
SpecifiedAnnualDemand,NDCCON,ECU,,E5MEDABMOR,,,2026,,,,,,39.664720974
SpecifiedAnnualDemand,NDCCON,ECU,,E5MEDABMOR,,,2027,,,,,,39.664720974
SpecifiedAnnualDemand,NDCCON,ECU,,E5MEDABMOR,,,2028,,,,,,39.664720974
SpecifiedAnnualDemand,NDCCON,ECU,,E5MEDABMOR,,,2029,,,,,,39.664720974
SpecifiedAnnualDemand,NDCCON,ECU,,E5MEDABMOR,,,2030,,,,,,39.664720974
SpecifiedAnnualDemand,NDCCON,ECU,,E5MEDABMOR,,,2031,,,,,,39.664720974
SpecifiedAnnualDemand,NDCCON,ECU,,E5MEDABMOR,,,2032,,,,,,39.664720974
SpecifiedAnnualDemand,NDCCON,ECU,,E5MEDABMOR,,,2033,,,,,,39.664720974
SpecifiedAnnualDemand,NDCCON,ECU,,E5MEDABMOR,,,2034,,,,,,39.664720974
SpecifiedAnnualDemand,NDCCON,ECU,,E5MEDABMOR,,,2035,,,,,,39.664720974
SpecifiedAnnualDemand,NDCCON,ECU,,E5MEDABPIE,,,2010,,,,,,0.0
SpecifiedAnnualDemand,NDCCON,ECU,,E5MEDABPIE,,,2011,,,,,,0.0
SpecifiedAnnualDemand,NDCCON,ECU,,E5MEDABPIE,,,2012,,,,,,0.0
SpecifiedAnnualDemand,NDCCON,ECU,,E5MEDABPIE,,,2013,,,,,,0.0
SpecifiedAnnualDemand,NDCCON,ECU,,E5MEDABPIE,,,2014,,,,,,0.0
SpecifiedAnnualDemand,NDCCON,ECU,,E5MEDABPIE,,,2015,,,,,,0.0
SpecifiedAnnualDemand,NDCCON,ECU,,E5MEDABPIE,,,2016,,,,,,0.0
SpecifiedAnnualDemand,NDCCON,ECU,,E5MEDABPIE,,,2017,,,,,,0.0
SpecifiedAnnualDemand,NDCCON,ECU,,E5MEDABPIE,,,2018,,,,,,0.0
SpecifiedAnnualDemand,NDCCON,ECU,,E5MEDABPIE,,,2019,,,,,,0.0
SpecifiedAnnualDemand,NDCCON,ECU,,E5MEDABPIE,,,2020,,,,,,0.0
SpecifiedAnnualDemand,NDCCON,ECU,,E5MEDABPIE,,,2021,,,,,,0.0
SpecifiedAnnualDemand,NDCCON,ECU,,E5MEDABPIE,,,2022,,,,,,0.0
SpecifiedAnnualDemand,NDCCON,ECU,,E5MEDABPIE,,,2023,,,,,,0.0
SpecifiedAnnualDemand,NDCCON,ECU,,E5MEDABPIE,,,2024,,,,,,0.0
SpecifiedAnnualDemand,NDCCON,ECU,,E5MEDABPIE,,,2025,,,,,,0.0
SpecifiedAnnualDemand,NDCCON,ECU,,E5MEDABPIE,,,2026,,,,,,0.5681151719
SpecifiedAnnualDemand,NDCCON,ECU,,E5MEDABPIE,,,2027,,,,,,0.5681151719
SpecifiedAnnualDemand,NDCCON,ECU,,E5MEDABPIE,,,2028,,,,,,0.5681151719
SpecifiedAnnualDemand,NDCCON,ECU,,E5MEDABPIE,,,2029,,,,,,0.5681151719
SpecifiedAnnualDemand,NDCCON,ECU,,E5MEDABPIE,,,2030,,,,,,0.5681151719
SpecifiedAnnualDemand,NDCCON,ECU,,E5MEDABPIE,,,2031,,,,,,0.5681151719
SpecifiedAnnualDemand,NDCCON,ECU,,E5MEDABPIE,,,2032,,,,,,0.5681151719
SpecifiedAnnualDemand,NDCCON,ECU,,E5MEDABPIE,,,2033,,,,,,0.5681151719
SpecifiedAnnualDemand,NDCCON,ECU,,E5MEDABPIE,,,2034,,,,,,0.5681151719
SpecifiedAnnualDemand,NDCCON,ECU,,E5MEDABPIE,,,2035,,,,,,0.5681151719
SpecifiedAnnualDemand,NDCCON,ECU,,E5MEDABCHO,,,2010,,,,,,0.0
SpecifiedAnnualDemand,NDCCON,ECU,,E5MEDABCHO,,,2011,,,,,,0.0
SpecifiedAnnualDemand,NDCCON,ECU,,E5MEDABCHO,,,2012,,,,,,0.0
SpecifiedAnnualDemand,NDCCON,ECU,,E5MEDABCHO,,,2013,,,,,,0.0
SpecifiedAnnualDemand,NDCCON,ECU,,E5MEDABCHO,,,2014,,,,,,0.0
SpecifiedAnnualDemand,NDCCON,ECU,,E5MEDABCHO,,,2015,,,,,,0.0
SpecifiedAnnualDemand,NDCCON,ECU,,E5MEDABCHO,,,2016,,,,,,0.0
SpecifiedAnnualDemand,NDCCON,ECU,,E5MEDABCHO,,,2017,,,,,,0.0
SpecifiedAnnualDemand,NDCCON,ECU,,E5MEDABCHO,,,2018,,,,,,0.0
SpecifiedAnnualDemand,NDCCON,ECU,,E5MEDABCHO,,,2019,,,,,,0.0
SpecifiedAnnualDemand,NDCCON,ECU,,E5MEDABCHO,,,2020,,,,,,0.0
SpecifiedAnnualDemand,NDCCON,ECU,,E5MEDABCHO,,,2021,,,,,,0.0
SpecifiedAnnualDemand,NDCCON,ECU,,E5MEDABCHO,,,2022,,,,,,0.0
SpecifiedAnnualDemand,NDCCON,ECU,,E5MEDABCHO,,,2023,,,,,,0.0
SpecifiedAnnualDemand,NDCCON,ECU,,E5MEDABCHO,,,2024,,,,,,0.0
SpecifiedAnnualDemand,NDCCON,ECU,,E5MEDABCHO,,,2025,,,,,,0.0
SpecifiedAnnualDemand,NDCCON,ECU,,E5MEDABCHO,,,2026,,,,,,21.0622836345
SpecifiedAnnualDemand,NDCCON,ECU,,E5MEDABCHO,,,2027,,,,,,21.0622836345
SpecifiedAnnualDemand,NDCCON,ECU,,E5MEDABCHO,,,2028,,,,,,21.0622836345
SpecifiedAnnualDemand,NDCCON,ECU,,E5MEDABCHO,,,2029,,,,,,21.0622836345
SpecifiedAnnualDemand,NDCCON,ECU,,E5MEDABCHO,,,2030,,,,,,21.0622836345
SpecifiedAnnualDemand,NDCCON,ECU,,E5MEDABCHO,,,2031,,,,,,21.0622836345
SpecifiedAnnualDemand,NDCCON,ECU,,E5MEDABCHO,,,2032,,,,,,21.0622836345
SpecifiedAnnualDemand,NDCCON,ECU,,E5MEDABCHO,,,2033,,,,,,21.0622836345
SpecifiedAnnualDemand,NDCCON,ECU,,E5MEDABCHO,,,2034,,,,,,21.0622836345
SpecifiedAnnualDemand,NDCCON,ECU,,E5MEDABCHO,,,2035,,,,,,21.0622836345
SpecifiedAnnualDemand,NDCCON,ECU,,E5MEDABMON,,,2010,,,,,,0.0
SpecifiedAnnualDemand,NDCCON,ECU,,E5MEDABMON,,,2011,,,,,,0.0
SpecifiedAnnualDemand,NDCCON,ECU,,E5MEDABMON,,,2012,,,,,,0.0
SpecifiedAnnualDemand,NDCCON,ECU,,E5MEDABMON,,,2013,,,,,,0.0
SpecifiedAnnualDemand,NDCCON,ECU,,E5MEDABMON,,,2014,,,,,,0.0
SpecifiedAnnualDemand,NDCCON,ECU,,E5MEDABMON,,,2015,,,,,,0.0
SpecifiedAnnualDemand,NDCCON,ECU,,E5MEDABMON,,,2016,,,,,,0.0
SpecifiedAnnualDemand,NDCCON,ECU,,E5MEDABMON,,,2017,,,,,,0.0
SpecifiedAnnualDemand,NDCCON,ECU,,E5MEDABMON,,,2018,,,,,,0.0
SpecifiedAnnualDemand,NDCCON,ECU,,E5MEDABMON,,,2019,,,,,,0.0
SpecifiedAnnualDemand,NDCCON,ECU,,E5MEDABMON,,,2020,,,,,,0.0
SpecifiedAnnualDemand,NDCCON,ECU,,E5MEDABMON,,,2021,,,,,,0.0
SpecifiedAnnualDemand,NDCCON,ECU,,E5MEDABMON,,,2022,,,,,,0.0
SpecifiedAnnualDemand,NDCCON,ECU,,E5MEDABMON,,,2023,,,,,,0.0
SpecifiedAnnualDemand,NDCCON,ECU,,E5MEDABMON,,,2024,,,,,,0.0
SpecifiedAnnualDemand,NDCCON,ECU,,E5MEDABMON,,,2025,,,,,,0.0
SpecifiedAnnualDemand,NDCCON,ECU,,E5MEDABMON,,,2026,,,,,,1.5149084355
SpecifiedAnnualDemand,NDCCON,ECU,,E5MEDABMON,,,2027,,,,,,1.5149084355
SpecifiedAnnualDemand,NDCCON,ECU,,E5MEDABMON,,,2028,,,,,,1.5149084355
SpecifiedAnnualDemand,NDCCON,ECU,,E5MEDABMON,,,2029,,,,,,1.5149084355
SpecifiedAnnualDemand,NDCCON,ECU,,E5MEDABMON,,,2030,,,,,,1.5149084355
SpecifiedAnnualDemand,NDCCON,ECU,,E5MEDABMON,,,2031,,,,,,1.5149084355
SpecifiedAnnualDemand,NDCCON,ECU,,E5MEDABMON,,,2032,,,,,,1.5149084355
SpecifiedAnnualDemand,NDCCON,ECU,,E5MEDABMON,,,2033,,,,,,1.5149084355
SpecifiedAnnualDemand,NDCCON,ECU,,E5MEDABMON,,,2034,,,,,,1.5149084355
SpecifiedAnnualDemand,NDCCON,ECU,,E5MEDABMON,,,2035,,,,,,1.5149084355
SpecifiedAnnualDemand,NDCCON,ECU,,E5MEDABPIE2,,,2010,,,,,,0.0
SpecifiedAnnualDemand,NDCCON,ECU,,E5MEDABPIE2,,,2011,,,,,,0.0
SpecifiedAnnualDemand,NDCCON,ECU,,E5MEDABPIE2,,,2012,,,,,,0.0
SpecifiedAnnualDemand,NDCCON,ECU,,E5MEDABPIE2,,,2013,,,,,,0.0
SpecifiedAnnualDemand,NDCCON,ECU,,E5MEDABPIE2,,,2014,,,,,,0.0
SpecifiedAnnualDemand,NDCCON,ECU,,E5MEDABPIE2,,,2015,,,,,,0.0
SpecifiedAnnualDemand,NDCCON,ECU,,E5MEDABPIE2,,,2016,,,,,,0.0
SpecifiedAnnualDemand,NDCCON,ECU,,E5MEDABPIE2,,,2017,,,,,,0.0
SpecifiedAnnualDemand,NDCCON,ECU,,E5MEDABPIE2,,,2018,,,,,,0.0
SpecifiedAnnualDemand,NDCCON,ECU,,E5MEDABPIE2,,,2019,,,,,,0.0
SpecifiedAnnualDemand,NDCCON,ECU,,E5MEDABPIE2,,,2020,,,,,,0.0
SpecifiedAnnualDemand,NDCCON,ECU,,E5MEDABPIE2,,,2021,,,,,,0.0
SpecifiedAnnualDemand,NDCCON,ECU,,E5MEDABPIE2,,,2022,,,,,,0.0
SpecifiedAnnualDemand,NDCCON,ECU,,E5MEDABPIE2,,,2023,,,,,,0.0
SpecifiedAnnualDemand,NDCCON,ECU,,E5MEDABPIE2,,,2024,,,,,,0.0
SpecifiedAnnualDemand,NDCCON,ECU,,E5MEDABPIE2,,,2025,,,,,,0.0
SpecifiedAnnualDemand,NDCCON,ECU,,E5MEDABPIE2,,,2026,,,,,,2.2016863292
SpecifiedAnnualDemand,NDCCON,ECU,,E5MEDABPIE2,,,2027,,,,,,2.2016863292
SpecifiedAnnualDemand,NDCCON,ECU,,E5MEDABPIE2,,,2028,,,,,,2.2016863292
SpecifiedAnnualDemand,NDCCON,ECU,,E5MEDABPIE2,,,2029,,,,,,2.2016863292
SpecifiedAnnualDemand,NDCCON,ECU,,E5MEDABPIE2,,,2030,,,,,,2.2016863292
SpecifiedAnnualDemand,NDCCON,ECU,,E5MEDABPIE2,,,2031,,,,,,2.2016863292
SpecifiedAnnualDemand,NDCCON,ECU,,E5MEDABPIE2,,,2032,,,,,,2.2016863292
SpecifiedAnnualDemand,NDCCON,ECU,,E5MEDABPIE2,,,2033,,,,,,2.2016863292
SpecifiedAnnualDemand,NDCCON,ECU,,E5MEDABPIE2,,,2034,,,,,,2.2016863292
SpecifiedAnnualDemand,NDCCON,ECU,,E5MEDABPIE2,,,2035,,,,,,2.2016863292
SpecifiedAnnualDemand,NDCCON,ECU,,E5MEDDEFAMA,,,2010,,,,,,0.0
SpecifiedAnnualDemand,NDCCON,ECU,,E5MEDDEFAMA,,,2011,,,,,,0.0
SpecifiedAnnualDemand,NDCCON,ECU,,E5MEDDEFAMA,,,2012,,,,,,0.0
SpecifiedAnnualDemand,NDCCON,ECU,,E5MEDDEFAMA,,,2013,,,,,,0.0
SpecifiedAnnualDemand,NDCCON,ECU,,E5MEDDEFAMA,,,2014,,,,,,0.0
SpecifiedAnnualDemand,NDCCON,ECU,,E5MEDDEFAMA,,,2015,,,,,,0.0
SpecifiedAnnualDemand,NDCCON,ECU,,E5MEDDEFAMA,,,2016,,,,,,0.0
SpecifiedAnnualDemand,NDCCON,ECU,,E5MEDDEFAMA,,,2017,,,,,,0.0
SpecifiedAnnualDemand,NDCCON,ECU,,E5MEDDEFAMA,,,2018,,,,,,0.0
SpecifiedAnnualDemand,NDCCON,ECU,,E5MEDDEFAMA,,,2019,,,,,,0.0
SpecifiedAnnualDemand,NDCCON,ECU,,E5MEDDEFAMA,,,2020,,,,,,0.0
SpecifiedAnnualDemand,NDCCON,ECU,,E5MEDDEFAMA,,,2021,,,,,,0.0
SpecifiedAnnualDemand,NDCCON,ECU,,E5MEDDEFAMA,,,2022,,,,,,0.0
SpecifiedAnnualDemand,NDCCON,ECU,,E5MEDDEFAMA,,,2023,,,,,,0.0
SpecifiedAnnualDemand,NDCCON,ECU,,E5MEDDEFAMA,,,2024,,,,,,0.0
SpecifiedAnnualDemand,NDCCON,ECU,,E5MEDDEFAMA,,,2025,,,,,,0.0
SpecifiedAnnualDemand,NDCCON,ECU,,E5MEDDEFAMA,,,2026,,,,,,0.1147213388
SpecifiedAnnualDemand,NDCCON,ECU,,E5MEDDEFAMA,,,2027,,,,,,0.114480424
SpecifiedAnnualDemand,NDCCON,ECU,,E5MEDDEFAMA,,,2028,,,,,,0.1142400151
SpecifiedAnnualDemand,NDCCON,ECU,,E5MEDDEFAMA,,,2029,,,,,,0.114000111
SpecifiedAnnualDemand,NDCCON,ECU,,E5MEDDEFAMA,,,2030,,,,,,0.1137607108
SpecifiedAnnualDemand,NDCCON,ECU,,E5MEDDEFAMA,,,2031,,,,,,0.1135218133
SpecifiedAnnualDemand,NDCCON,ECU,,E5MEDDEFAMA,,,2032,,,,,,0.1132834175
SpecifiedAnnualDemand,NDCCON,ECU,,E5MEDDEFAMA,,,2033,,,,,,0.1130455223
SpecifiedAnnualDemand,NDCCON,ECU,,E5MEDDEFAMA,,,2034,,,,,,0.1128081267
SpecifiedAnnualDemand,NDCCON,ECU,,E5MEDDEFAMA,,,2035,,,,,,0.1125712297
SpecifiedAnnualDemand,NDCCON,ECU,,E5MEDDEFMOR,,,2010,,,,,,0.0
SpecifiedAnnualDemand,NDCCON,ECU,,E5MEDDEFMOR,,,2011,,,,,,0.0
SpecifiedAnnualDemand,NDCCON,ECU,,E5MEDDEFMOR,,,2012,,,,,,0.0
SpecifiedAnnualDemand,NDCCON,ECU,,E5MEDDEFMOR,,,2013,,,,,,0.0
SpecifiedAnnualDemand,NDCCON,ECU,,E5MEDDEFMOR,,,2014,,,,,,0.0
SpecifiedAnnualDemand,NDCCON,ECU,,E5MEDDEFMOR,,,2015,,,,,,0.0
SpecifiedAnnualDemand,NDCCON,ECU,,E5MEDDEFMOR,,,2016,,,,,,0.0
SpecifiedAnnualDemand,NDCCON,ECU,,E5MEDDEFMOR,,,2017,,,,,,0.0
SpecifiedAnnualDemand,NDCCON,ECU,,E5MEDDEFMOR,,,2018,,,,,,0.0
SpecifiedAnnualDemand,NDCCON,ECU,,E5MEDDEFMOR,,,2019,,,,,,0.0
SpecifiedAnnualDemand,NDCCON,ECU,,E5MEDDEFMOR,,,2020,,,,,,0.0
SpecifiedAnnualDemand,NDCCON,ECU,,E5MEDDEFMOR,,,2021,,,,,,0.0
SpecifiedAnnualDemand,NDCCON,ECU,,E5MEDDEFMOR,,,2022,,,,,,0.0
SpecifiedAnnualDemand,NDCCON,ECU,,E5MEDDEFMOR,,,2023,,,,,,0.0
SpecifiedAnnualDemand,NDCCON,ECU,,E5MEDDEFMOR,,,2024,,,,,,0.0
SpecifiedAnnualDemand,NDCCON,ECU,,E5MEDDEFMOR,,,2025,,,,,,0.0
SpecifiedAnnualDemand,NDCCON,ECU,,E5MEDDEFMOR,,,2026,,,,,,0.083295914
SpecifiedAnnualDemand,NDCCON,ECU,,E5MEDDEFMOR,,,2027,,,,,,0.0831209926
SpecifiedAnnualDemand,NDCCON,ECU,,E5MEDDEFMOR,,,2028,,,,,,0.0829464385
SpecifiedAnnualDemand,NDCCON,ECU,,E5MEDDEFMOR,,,2029,,,,,,0.082772251
SpecifiedAnnualDemand,NDCCON,ECU,,E5MEDDEFMOR,,,2030,,,,,,0.0825984293
SpecifiedAnnualDemand,NDCCON,ECU,,E5MEDDEFMOR,,,2031,,,,,,0.0824249726
SpecifiedAnnualDemand,NDCCON,ECU,,E5MEDDEFMOR,,,2032,,,,,,0.0822518801
SpecifiedAnnualDemand,NDCCON,ECU,,E5MEDDEFMOR,,,2033,,,,,,0.0820791512
SpecifiedAnnualDemand,NDCCON,ECU,,E5MEDDEFMOR,,,2034,,,,,,0.081906785
SpecifiedAnnualDemand,NDCCON,ECU,,E5MEDDEFMOR,,,2035,,,,,,0.0817347807
SpecifiedAnnualDemand,NDCCON,ECU,,E5MEDDEFPIE,,,2010,,,,,,0.0
SpecifiedAnnualDemand,NDCCON,ECU,,E5MEDDEFPIE,,,2011,,,,,,0.0
SpecifiedAnnualDemand,NDCCON,ECU,,E5MEDDEFPIE,,,2012,,,,,,0.0
SpecifiedAnnualDemand,NDCCON,ECU,,E5MEDDEFPIE,,,2013,,,,,,0.0
SpecifiedAnnualDemand,NDCCON,ECU,,E5MEDDEFPIE,,,2014,,,,,,0.0
SpecifiedAnnualDemand,NDCCON,ECU,,E5MEDDEFPIE,,,2015,,,,,,0.0
SpecifiedAnnualDemand,NDCCON,ECU,,E5MEDDEFPIE,,,2016,,,,,,0.0
SpecifiedAnnualDemand,NDCCON,ECU,,E5MEDDEFPIE,,,2017,,,,,,0.0
SpecifiedAnnualDemand,NDCCON,ECU,,E5MEDDEFPIE,,,2018,,,,,,0.0
SpecifiedAnnualDemand,NDCCON,ECU,,E5MEDDEFPIE,,,2019,,,,,,0.0
SpecifiedAnnualDemand,NDCCON,ECU,,E5MEDDEFPIE,,,2020,,,,,,0.0
SpecifiedAnnualDemand,NDCCON,ECU,,E5MEDDEFPIE,,,2021,,,,,,0.0
SpecifiedAnnualDemand,NDCCON,ECU,,E5MEDDEFPIE,,,2022,,,,,,0.0
SpecifiedAnnualDemand,NDCCON,ECU,,E5MEDDEFPIE,,,2023,,,,,,0.0
SpecifiedAnnualDemand,NDCCON,ECU,,E5MEDDEFPIE,,,2024,,,,,,0.0
SpecifiedAnnualDemand,NDCCON,ECU,,E5MEDDEFPIE,,,2025,,,,,,0.0
SpecifiedAnnualDemand,NDCCON,ECU,,E5MEDDEFPIE,,,2026,,,,,,0.0015905131
SpecifiedAnnualDemand,NDCCON,ECU,,E5MEDDEFPIE,,,2027,,,,,,0.0015852785
SpecifiedAnnualDemand,NDCCON,ECU,,E5MEDDEFPIE,,,2028,,,,,,0.001580064
SpecifiedAnnualDemand,NDCCON,ECU,,E5MEDDEFPIE,,,2029,,,,,,0.0015748694
SpecifiedAnnualDemand,NDCCON,ECU,,E5MEDDEFPIE,,,2030,,,,,,0.0015696947
SpecifiedAnnualDemand,NDCCON,ECU,,E5MEDDEFPIE,,,2031,,,,,,0.0015645398
SpecifiedAnnualDemand,NDCCON,ECU,,E5MEDDEFPIE,,,2032,,,,,,0.0015594045
SpecifiedAnnualDemand,NDCCON,ECU,,E5MEDDEFPIE,,,2033,,,,,,0.0015542889
SpecifiedAnnualDemand,NDCCON,ECU,,E5MEDDEFPIE,,,2034,,,,,,0.0015491928
SpecifiedAnnualDemand,NDCCON,ECU,,E5MEDDEFPIE,,,2035,,,,,,0.0015441162
SpecifiedAnnualDemand,NDCCON,ECU,,E5MEDDEFCHO,,,2010,,,,,,0.0
SpecifiedAnnualDemand,NDCCON,ECU,,E5MEDDEFCHO,,,2011,,,,,,0.0
SpecifiedAnnualDemand,NDCCON,ECU,,E5MEDDEFCHO,,,2012,,,,,,0.0
SpecifiedAnnualDemand,NDCCON,ECU,,E5MEDDEFCHO,,,2013,,,,,,0.0
SpecifiedAnnualDemand,NDCCON,ECU,,E5MEDDEFCHO,,,2014,,,,,,0.0
SpecifiedAnnualDemand,NDCCON,ECU,,E5MEDDEFCHO,,,2015,,,,,,0.0
SpecifiedAnnualDemand,NDCCON,ECU,,E5MEDDEFCHO,,,2016,,,,,,0.0
SpecifiedAnnualDemand,NDCCON,ECU,,E5MEDDEFCHO,,,2017,,,,,,0.0
SpecifiedAnnualDemand,NDCCON,ECU,,E5MEDDEFCHO,,,2018,,,,,,0.0
SpecifiedAnnualDemand,NDCCON,ECU,,E5MEDDEFCHO,,,2019,,,,,,0.0
SpecifiedAnnualDemand,NDCCON,ECU,,E5MEDDEFCHO,,,2020,,,,,,0.0
SpecifiedAnnualDemand,NDCCON,ECU,,E5MEDDEFCHO,,,2021,,,,,,0.0
SpecifiedAnnualDemand,NDCCON,ECU,,E5MEDDEFCHO,,,2022,,,,,,0.0
SpecifiedAnnualDemand,NDCCON,ECU,,E5MEDDEFCHO,,,2023,,,,,,0.0
SpecifiedAnnualDemand,NDCCON,ECU,,E5MEDDEFCHO,,,2024,,,,,,0.0
SpecifiedAnnualDemand,NDCCON,ECU,,E5MEDDEFCHO,,,2025,,,,,,0.0
SpecifiedAnnualDemand,NDCCON,ECU,,E5MEDDEFCHO,,,2026,,,,,,0.0620709092
SpecifiedAnnualDemand,NDCCON,ECU,,E5MEDDEFCHO,,,2027,,,,,,0.0618640989
SpecifiedAnnualDemand,NDCCON,ECU,,E5MEDDEFCHO,,,2028,,,,,,0.0616580568
SpecifiedAnnualDemand,NDCCON,ECU,,E5MEDDEFCHO,,,2029,,,,,,0.06145278
SpecifiedAnnualDemand,NDCCON,ECU,,E5MEDDEFCHO,,,2030,,,,,,0.0612482652
SpecifiedAnnualDemand,NDCCON,ECU,,E5MEDDEFCHO,,,2031,,,,,,0.0610445097
SpecifiedAnnualDemand,NDCCON,ECU,,E5MEDDEFCHO,,,2032,,,,,,0.0608415099
SpecifiedAnnualDemand,NDCCON,ECU,,E5MEDDEFCHO,,,2033,,,,,,0.0606392631
SpecifiedAnnualDemand,NDCCON,ECU,,E5MEDDEFCHO,,,2034,,,,,,0.0604377663
SpecifiedAnnualDemand,NDCCON,ECU,,E5MEDDEFCHO,,,2035,,,,,,0.0602370164
SpecifiedAnnualDemand,NDCCON,ECU,,E5MEDDEFMON,,,2010,,,,,,0.0
SpecifiedAnnualDemand,NDCCON,ECU,,E5MEDDEFMON,,,2011,,,,,,0.0
SpecifiedAnnualDemand,NDCCON,ECU,,E5MEDDEFMON,,,2012,,,,,,0.0
SpecifiedAnnualDemand,NDCCON,ECU,,E5MEDDEFMON,,,2013,,,,,,0.0
SpecifiedAnnualDemand,NDCCON,ECU,,E5MEDDEFMON,,,2014,,,,,,0.0
SpecifiedAnnualDemand,NDCCON,ECU,,E5MEDDEFMON,,,2015,,,,,,0.0
SpecifiedAnnualDemand,NDCCON,ECU,,E5MEDDEFMON,,,2016,,,,,,0.0
SpecifiedAnnualDemand,NDCCON,ECU,,E5MEDDEFMON,,,2017,,,,,,0.0
SpecifiedAnnualDemand,NDCCON,ECU,,E5MEDDEFMON,,,2018,,,,,,0.0
SpecifiedAnnualDemand,NDCCON,ECU,,E5MEDDEFMON,,,2019,,,,,,0.0
SpecifiedAnnualDemand,NDCCON,ECU,,E5MEDDEFMON,,,2020,,,,,,0.0
SpecifiedAnnualDemand,NDCCON,ECU,,E5MEDDEFMON,,,2021,,,,,,0.0
SpecifiedAnnualDemand,NDCCON,ECU,,E5MEDDEFMON,,,2022,,,,,,0.0
SpecifiedAnnualDemand,NDCCON,ECU,,E5MEDDEFMON,,,2023,,,,,,0.0
SpecifiedAnnualDemand,NDCCON,ECU,,E5MEDDEFMON,,,2024,,,,,,0.0
SpecifiedAnnualDemand,NDCCON,ECU,,E5MEDDEFMON,,,2025,,,,,,0.0
SpecifiedAnnualDemand,NDCCON,ECU,,E5MEDDEFMON,,,2026,,,,,,0.0031997924
SpecifiedAnnualDemand,NDCCON,ECU,,E5MEDDEFMON,,,2027,,,,,,0.0031930338
SpecifiedAnnualDemand,NDCCON,ECU,,E5MEDDEFMON,,,2028,,,,,,0.0031862895
SpecifiedAnnualDemand,NDCCON,ECU,,E5MEDDEFMON,,,2029,,,,,,0.0031795594
SpecifiedAnnualDemand,NDCCON,ECU,,E5MEDDEFMON,,,2030,,,,,,0.0031728435
SpecifiedAnnualDemand,NDCCON,ECU,,E5MEDDEFMON,,,2031,,,,,,0.0031661418
SpecifiedAnnualDemand,NDCCON,ECU,,E5MEDDEFMON,,,2032,,,,,,0.0031594543
SpecifiedAnnualDemand,NDCCON,ECU,,E5MEDDEFMON,,,2033,,,,,,0.0031527809
SpecifiedAnnualDemand,NDCCON,ECU,,E5MEDDEFMON,,,2034,,,,,,0.0031461216
SpecifiedAnnualDemand,NDCCON,ECU,,E5MEDDEFMON,,,2035,,,,,,0.0031394764
SpecifiedAnnualDemand,NDCCON,ECU,,E5MEDDEFPIE2,,,2010,,,,,,0.0
SpecifiedAnnualDemand,NDCCON,ECU,,E5MEDDEFPIE2,,,2011,,,,,,0.0
SpecifiedAnnualDemand,NDCCON,ECU,,E5MEDDEFPIE2,,,2012,,,,,,0.0
SpecifiedAnnualDemand,NDCCON,ECU,,E5MEDDEFPIE2,,,2013,,,,,,0.0
SpecifiedAnnualDemand,NDCCON,ECU,,E5MEDDEFPIE2,,,2014,,,,,,0.0
SpecifiedAnnualDemand,NDCCON,ECU,,E5MEDDEFPIE2,,,2015,,,,,,0.0
SpecifiedAnnualDemand,NDCCON,ECU,,E5MEDDEFPIE2,,,2016,,,,,,0.0
SpecifiedAnnualDemand,NDCCON,ECU,,E5MEDDEFPIE2,,,2017,,,,,,0.0
SpecifiedAnnualDemand,NDCCON,ECU,,E5MEDDEFPIE2,,,2018,,,,,,0.0
SpecifiedAnnualDemand,NDCCON,ECU,,E5MEDDEFPIE2,,,2019,,,,,,0.0
SpecifiedAnnualDemand,NDCCON,ECU,,E5MEDDEFPIE2,,,2020,,,,,,0.0
SpecifiedAnnualDemand,NDCCON,ECU,,E5MEDDEFPIE2,,,2021,,,,,,0.0
SpecifiedAnnualDemand,NDCCON,ECU,,E5MEDDEFPIE2,,,2022,,,,,,0.0
SpecifiedAnnualDemand,NDCCON,ECU,,E5MEDDEFPIE2,,,2023,,,,,,0.0
SpecifiedAnnualDemand,NDCCON,ECU,,E5MEDDEFPIE2,,,2024,,,,,,0.0
SpecifiedAnnualDemand,NDCCON,ECU,,E5MEDDEFPIE2,,,2025,,,,,,0.0
SpecifiedAnnualDemand,NDCCON,ECU,,E5MEDDEFPIE2,,,2026,,,,,,0.0070996969
SpecifiedAnnualDemand,NDCCON,ECU,,E5MEDDEFPIE2,,,2027,,,,,,0.0070744233
SpecifiedAnnualDemand,NDCCON,ECU,,E5MEDDEFPIE2,,,2028,,,,,,0.007049247
SpecifiedAnnualDemand,NDCCON,ECU,,E5MEDDEFPIE2,,,2029,,,,,,0.0070241677
SpecifiedAnnualDemand,NDCCON,ECU,,E5MEDDEFPIE2,,,2030,,,,,,0.0069991849
SpecifiedAnnualDemand,NDCCON,ECU,,E5MEDDEFPIE2,,,2031,,,,,,0.0069742983
SpecifiedAnnualDemand,NDCCON,ECU,,E5MEDDEFPIE2,,,2032,,,,,,0.0069495075
SpecifiedAnnualDemand,NDCCON,ECU,,E5MEDDEFPIE2,,,2033,,,,,,0.006924812
SpecifiedAnnualDemand,NDCCON,ECU,,E5MEDDEFPIE2,,,2034,,,,,,0.0069002115
SpecifiedAnnualDemand,NDCCON,ECU,,E5MEDDEFPIE2,,,2035,,,,,,0.0068757056
SpecifiedAnnualDemand,NDCCON,ECU,,E5MED5DEFAND,,,2010,,,,,,0.0
SpecifiedAnnualDemand,NDCCON,ECU,,E5MED5DEFAND,,,2011,,,,,,0.0
SpecifiedAnnualDemand,NDCCON,ECU,,E5MED5DEFAND,,,2012,,,,,,0.0
SpecifiedAnnualDemand,NDCCON,ECU,,E5MED5DEFAND,,,2013,,,,,,0.0
SpecifiedAnnualDemand,NDCCON,ECU,,E5MED5DEFAND,,,2014,,,,,,0.0
SpecifiedAnnualDemand,NDCCON,ECU,,E5MED5DEFAND,,,2015,,,,,,0.0
SpecifiedAnnualDemand,NDCCON,ECU,,E5MED5DEFAND,,,2016,,,,,,0.0
SpecifiedAnnualDemand,NDCCON,ECU,,E5MED5DEFAND,,,2017,,,,,,0.0
SpecifiedAnnualDemand,NDCCON,ECU,,E5MED5DEFAND,,,2018,,,,,,0.0
SpecifiedAnnualDemand,NDCCON,ECU,,E5MED5DEFAND,,,2019,,,,,,0.0
SpecifiedAnnualDemand,NDCCON,ECU,,E5MED5DEFAND,,,2020,,,,,,0.0
SpecifiedAnnualDemand,NDCCON,ECU,,E5MED5DEFAND,,,2021,,,,,,0.0
SpecifiedAnnualDemand,NDCCON,ECU,,E5MED5DEFAND,,,2022,,,,,,0.0
SpecifiedAnnualDemand,NDCCON,ECU,,E5MED5DEFAND,,,2023,,,,,,0.0
SpecifiedAnnualDemand,NDCCON,ECU,,E5MED5DEFAND,,,2024,,,,,,0.0
SpecifiedAnnualDemand,NDCCON,ECU,,E5MED5DEFAND,,,2025,,,,,,0.0
SpecifiedAnnualDemand,NDCCON,ECU,,E5MED5DEFAND,,,2026,,,,,,0.0011983401
SpecifiedAnnualDemand,NDCCON,ECU,,E5MED5DEFAND,,,2027,,,,,,0.0011983401
SpecifiedAnnualDemand,NDCCON,ECU,,E5MED5DEFAND,,,2028,,,,,,0.0011983401
SpecifiedAnnualDemand,NDCCON,ECU,,E5MED5DEFAND,,,2029,,,,,,0.0011983401
SpecifiedAnnualDemand,NDCCON,ECU,,E5MED5DEFAND,,,2030,,,,,,0.0011983401
SpecifiedAnnualDemand,NDCCON,ECU,,E5MED5DEFAND,,,2031,,,,,,0.0011983401
SpecifiedAnnualDemand,NDCCON,ECU,,E5MED5DEFAND,,,2032,,,,,,0.0011983401
SpecifiedAnnualDemand,NDCCON,ECU,,E5MED5DEFAND,,,2033,,,,,,0.0011983401
SpecifiedAnnualDemand,NDCCON,ECU,,E5MED5DEFAND,,,2034,,,,,,0.0011983401
SpecifiedAnnualDemand,NDCCON,ECU,,E5MED5DEFAND,,,2035,,,,,,0.0011983401
SpecifiedAnnualDemand,NDCCON,ECU,,E5MED5DEFPLU,,,2010,,,,,,0.0
SpecifiedAnnualDemand,NDCCON,ECU,,E5MED5DEFPLU,,,2011,,,,,,0.0
SpecifiedAnnualDemand,NDCCON,ECU,,E5MED5DEFPLU,,,2012,,,,,,0.0
SpecifiedAnnualDemand,NDCCON,ECU,,E5MED5DEFPLU,,,2013,,,,,,0.0
SpecifiedAnnualDemand,NDCCON,ECU,,E5MED5DEFPLU,,,2014,,,,,,0.0
SpecifiedAnnualDemand,NDCCON,ECU,,E5MED5DEFPLU,,,2015,,,,,,0.0
SpecifiedAnnualDemand,NDCCON,ECU,,E5MED5DEFPLU,,,2016,,,,,,0.0
SpecifiedAnnualDemand,NDCCON,ECU,,E5MED5DEFPLU,,,2017,,,,,,0.0
SpecifiedAnnualDemand,NDCCON,ECU,,E5MED5DEFPLU,,,2018,,,,,,0.0
SpecifiedAnnualDemand,NDCCON,ECU,,E5MED5DEFPLU,,,2019,,,,,,0.0
SpecifiedAnnualDemand,NDCCON,ECU,,E5MED5DEFPLU,,,2020,,,,,,0.0
SpecifiedAnnualDemand,NDCCON,ECU,,E5MED5DEFPLU,,,2021,,,,,,0.0
SpecifiedAnnualDemand,NDCCON,ECU,,E5MED5DEFPLU,,,2022,,,,,,0.0
SpecifiedAnnualDemand,NDCCON,ECU,,E5MED5DEFPLU,,,2023,,,,,,0.0
SpecifiedAnnualDemand,NDCCON,ECU,,E5MED5DEFPLU,,,2024,,,,,,0.0
SpecifiedAnnualDemand,NDCCON,ECU,,E5MED5DEFPLU,,,2025,,,,,,0.0
SpecifiedAnnualDemand,NDCCON,ECU,,E5MED5DEFPLU,,,2026,,,,,,0.0182388915
SpecifiedAnnualDemand,NDCCON,ECU,,E5MED5DEFPLU,,,2027,,,,,,0.0182388915
SpecifiedAnnualDemand,NDCCON,ECU,,E5MED5DEFPLU,,,2028,,,,,,0.0182388915
SpecifiedAnnualDemand,NDCCON,ECU,,E5MED5DEFPLU,,,2029,,,,,,0.0182388915
SpecifiedAnnualDemand,NDCCON,ECU,,E5MED5DEFPLU,,,2030,,,,,,0.0182388915
SpecifiedAnnualDemand,NDCCON,ECU,,E5MED5DEFPLU,,,2031,,,,,,0.0182388915
SpecifiedAnnualDemand,NDCCON,ECU,,E5MED5DEFPLU,,,2032,,,,,,0.0182388915
SpecifiedAnnualDemand,NDCCON,ECU,,E5MED5DEFPLU,,,2033,,,,,,0.0182388915
SpecifiedAnnualDemand,NDCCON,ECU,,E5MED5DEFPLU,,,2034,,,,,,0.0182388915
SpecifiedAnnualDemand,NDCCON,ECU,,E5MED5DEFPLU,,,2035,,,,,,0.0182388915
SpecifiedAnnualDemand,NDCCON,ECU,,E5MED5DEFMON,,,2010,,,,,,0.0
SpecifiedAnnualDemand,NDCCON,ECU,,E5MED5DEFMON,,,2011,,,,,,0.0
SpecifiedAnnualDemand,NDCCON,ECU,,E5MED5DEFMON,,,2012,,,,,,0.0
SpecifiedAnnualDemand,NDCCON,ECU,,E5MED5DEFMON,,,2013,,,,,,0.0
SpecifiedAnnualDemand,NDCCON,ECU,,E5MED5DEFMON,,,2014,,,,,,0.0
SpecifiedAnnualDemand,NDCCON,ECU,,E5MED5DEFMON,,,2015,,,,,,0.0
SpecifiedAnnualDemand,NDCCON,ECU,,E5MED5DEFMON,,,2016,,,,,,0.0
SpecifiedAnnualDemand,NDCCON,ECU,,E5MED5DEFMON,,,2017,,,,,,0.0
SpecifiedAnnualDemand,NDCCON,ECU,,E5MED5DEFMON,,,2018,,,,,,0.0
SpecifiedAnnualDemand,NDCCON,ECU,,E5MED5DEFMON,,,2019,,,,,,0.0
SpecifiedAnnualDemand,NDCCON,ECU,,E5MED5DEFMON,,,2020,,,,,,0.0
SpecifiedAnnualDemand,NDCCON,ECU,,E5MED5DEFMON,,,2021,,,,,,0.0
SpecifiedAnnualDemand,NDCCON,ECU,,E5MED5DEFMON,,,2022,,,,,,0.0
SpecifiedAnnualDemand,NDCCON,ECU,,E5MED5DEFMON,,,2023,,,,,,0.0
SpecifiedAnnualDemand,NDCCON,ECU,,E5MED5DEFMON,,,2024,,,,,,0.0
SpecifiedAnnualDemand,NDCCON,ECU,,E5MED5DEFMON,,,2025,,,,,,0.0
SpecifiedAnnualDemand,NDCCON,ECU,,E5MED5DEFMON,,,2026,,,,,,0.0293577604
SpecifiedAnnualDemand,NDCCON,ECU,,E5MED5DEFMON,,,2027,,,,,,0.0293577604
SpecifiedAnnualDemand,NDCCON,ECU,,E5MED5DEFMON,,,2028,,,,,,0.0293577604
SpecifiedAnnualDemand,NDCCON,ECU,,E5MED5DEFMON,,,2029,,,,,,0.0293577604
SpecifiedAnnualDemand,NDCCON,ECU,,E5MED5DEFMON,,,2030,,,,,,0.0293577604
SpecifiedAnnualDemand,NDCCON,ECU,,E5MED5DEFMON,,,2031,,,,,,0.0293577604
SpecifiedAnnualDemand,NDCCON,ECU,,E5MED5DEFMON,,,2032,,,,,,0.0293577604
SpecifiedAnnualDemand,NDCCON,ECU,,E5MED5DEFMON,,,2033,,,,,,0.0293577604
SpecifiedAnnualDemand,NDCCON,ECU,,E5MED5DEFMON,,,2034,,,,,,0.0293577604
SpecifiedAnnualDemand,NDCCON,ECU,,E5MED5DEFMON,,,2035,,,,,,0.0293577604
SpecifiedAnnualDemand,NDCCON,ECU,,E5MED5DEFPIE,,,2010,,,,,,0.0
SpecifiedAnnualDemand,NDCCON,ECU,,E5MED5DEFPIE,,,2011,,,,,,0.0
SpecifiedAnnualDemand,NDCCON,ECU,,E5MED5DEFPIE,,,2012,,,,,,0.0
SpecifiedAnnualDemand,NDCCON,ECU,,E5MED5DEFPIE,,,2013,,,,,,0.0
SpecifiedAnnualDemand,NDCCON,ECU,,E5MED5DEFPIE,,,2014,,,,,,0.0
SpecifiedAnnualDemand,NDCCON,ECU,,E5MED5DEFPIE,,,2015,,,,,,0.0
SpecifiedAnnualDemand,NDCCON,ECU,,E5MED5DEFPIE,,,2016,,,,,,0.0
SpecifiedAnnualDemand,NDCCON,ECU,,E5MED5DEFPIE,,,2017,,,,,,0.0
SpecifiedAnnualDemand,NDCCON,ECU,,E5MED5DEFPIE,,,2018,,,,,,0.0
SpecifiedAnnualDemand,NDCCON,ECU,,E5MED5DEFPIE,,,2019,,,,,,0.0
SpecifiedAnnualDemand,NDCCON,ECU,,E5MED5DEFPIE,,,2020,,,,,,0.0
SpecifiedAnnualDemand,NDCCON,ECU,,E5MED5DEFPIE,,,2021,,,,,,0.0
SpecifiedAnnualDemand,NDCCON,ECU,,E5MED5DEFPIE,,,2022,,,,,,0.0
SpecifiedAnnualDemand,NDCCON,ECU,,E5MED5DEFPIE,,,2023,,,,,,0.0
SpecifiedAnnualDemand,NDCCON,ECU,,E5MED5DEFPIE,,,2024,,,,,,0.0
SpecifiedAnnualDemand,NDCCON,ECU,,E5MED5DEFPIE,,,2025,,,,,,0.0
SpecifiedAnnualDemand,NDCCON,ECU,,E5MED5DEFPIE,,,2026,,,,,,0.0397704935
SpecifiedAnnualDemand,NDCCON,ECU,,E5MED5DEFPIE,,,2027,,,,,,0.0397704935
SpecifiedAnnualDemand,NDCCON,ECU,,E5MED5DEFPIE,,,2028,,,,,,0.0397704935
SpecifiedAnnualDemand,NDCCON,ECU,,E5MED5DEFPIE,,,2029,,,,,,0.0397704935
SpecifiedAnnualDemand,NDCCON,ECU,,E5MED5DEFPIE,,,2030,,,,,,0.0397704935
SpecifiedAnnualDemand,NDCCON,ECU,,E5MED5DEFPIE,,,2031,,,,,,0.0397704935
SpecifiedAnnualDemand,NDCCON,ECU,,E5MED5DEFPIE,,,2032,,,,,,0.0397704935
SpecifiedAnnualDemand,NDCCON,ECU,,E5MED5DEFPIE,,,2033,,,,,,0.0397704935
SpecifiedAnnualDemand,NDCCON,ECU,,E5MED5DEFPIE,,,2034,,,,,,0.0397704935
SpecifiedAnnualDemand,NDCCON,ECU,,E5MED5DEFPIE,,,2035,,,,,,0.0397704935
SpecifiedAnnualDemand,NDCCON,ECU,,E5MED5DEFCEJ,,,2010,,,,,,0.0
SpecifiedAnnualDemand,NDCCON,ECU,,E5MED5DEFCEJ,,,2011,,,,,,0.0
SpecifiedAnnualDemand,NDCCON,ECU,,E5MED5DEFCEJ,,,2012,,,,,,0.0
SpecifiedAnnualDemand,NDCCON,ECU,,E5MED5DEFCEJ,,,2013,,,,,,0.0
SpecifiedAnnualDemand,NDCCON,ECU,,E5MED5DEFCEJ,,,2014,,,,,,0.0
SpecifiedAnnualDemand,NDCCON,ECU,,E5MED5DEFCEJ,,,2015,,,,,,0.0
SpecifiedAnnualDemand,NDCCON,ECU,,E5MED5DEFCEJ,,,2016,,,,,,0.0
SpecifiedAnnualDemand,NDCCON,ECU,,E5MED5DEFCEJ,,,2017,,,,,,0.0
SpecifiedAnnualDemand,NDCCON,ECU,,E5MED5DEFCEJ,,,2018,,,,,,0.0
SpecifiedAnnualDemand,NDCCON,ECU,,E5MED5DEFCEJ,,,2019,,,,,,0.0
SpecifiedAnnualDemand,NDCCON,ECU,,E5MED5DEFCEJ,,,2020,,,,,,0.0
SpecifiedAnnualDemand,NDCCON,ECU,,E5MED5DEFCEJ,,,2021,,,,,,0.0
SpecifiedAnnualDemand,NDCCON,ECU,,E5MED5DEFCEJ,,,2022,,,,,,0.0
SpecifiedAnnualDemand,NDCCON,ECU,,E5MED5DEFCEJ,,,2023,,,,,,0.0
SpecifiedAnnualDemand,NDCCON,ECU,,E5MED5DEFCEJ,,,2024,,,,,,0.0
SpecifiedAnnualDemand,NDCCON,ECU,,E5MED5DEFCEJ,,,2025,,,,,,0.0
SpecifiedAnnualDemand,NDCCON,ECU,,E5MED5DEFCEJ,,,2026,,,,,,0.0039547348
SpecifiedAnnualDemand,NDCCON,ECU,,E5MED5DEFCEJ,,,2027,,,,,,0.0039547348
SpecifiedAnnualDemand,NDCCON,ECU,,E5MED5DEFCEJ,,,2028,,,,,,0.0039547348
SpecifiedAnnualDemand,NDCCON,ECU,,E5MED5DEFCEJ,,,2029,,,,,,0.0039547348
SpecifiedAnnualDemand,NDCCON,ECU,,E5MED5DEFCEJ,,,2030,,,,,,0.0039547348
SpecifiedAnnualDemand,NDCCON,ECU,,E5MED5DEFCEJ,,,2031,,,,,,0.0039547348
SpecifiedAnnualDemand,NDCCON,ECU,,E5MED5DEFCEJ,,,2032,,,,,,0.0039547348
SpecifiedAnnualDemand,NDCCON,ECU,,E5MED5DEFCEJ,,,2033,,,,,,0.0039547348
SpecifiedAnnualDemand,NDCCON,ECU,,E5MED5DEFCEJ,,,2034,,,,,,0.0039547348
SpecifiedAnnualDemand,NDCCON,ECU,,E5MED5DEFCEJ,,,2035,,,,,,0.0039547348
SpecifiedAnnualDemand,NDCCON,ECU,,E5MED5DEFAMA,,,2010,,,,,,0.0
SpecifiedAnnualDemand,NDCCON,ECU,,E5MED5DEFAMA,,,2011,,,,,,0.0
SpecifiedAnnualDemand,NDCCON,ECU,,E5MED5DEFAMA,,,2012,,,,,,0.0
SpecifiedAnnualDemand,NDCCON,ECU,,E5MED5DEFAMA,,,2013,,,,,,0.0
SpecifiedAnnualDemand,NDCCON,ECU,,E5MED5DEFAMA,,,2014,,,,,,0.0
SpecifiedAnnualDemand,NDCCON,ECU,,E5MED5DEFAMA,,,2015,,,,,,0.0
SpecifiedAnnualDemand,NDCCON,ECU,,E5MED5DEFAMA,,,2016,,,,,,0.0
SpecifiedAnnualDemand,NDCCON,ECU,,E5MED5DEFAMA,,,2017,,,,,,0.0
SpecifiedAnnualDemand,NDCCON,ECU,,E5MED5DEFAMA,,,2018,,,,,,0.0
SpecifiedAnnualDemand,NDCCON,ECU,,E5MED5DEFAMA,,,2019,,,,,,0.0
SpecifiedAnnualDemand,NDCCON,ECU,,E5MED5DEFAMA,,,2020,,,,,,0.0
SpecifiedAnnualDemand,NDCCON,ECU,,E5MED5DEFAMA,,,2021,,,,,,0.0
SpecifiedAnnualDemand,NDCCON,ECU,,E5MED5DEFAMA,,,2022,,,,,,0.0
SpecifiedAnnualDemand,NDCCON,ECU,,E5MED5DEFAMA,,,2023,,,,,,0.0
SpecifiedAnnualDemand,NDCCON,ECU,,E5MED5DEFAMA,,,2024,,,,,,0.0
SpecifiedAnnualDemand,NDCCON,ECU,,E5MED5DEFAMA,,,2025,,,,,,0.0
SpecifiedAnnualDemand,NDCCON,ECU,,E5MED5DEFAMA,,,2026,,,,,,0.3968027031
SpecifiedAnnualDemand,NDCCON,ECU,,E5MED5DEFAMA,,,2027,,,,,,0.3968027031
SpecifiedAnnualDemand,NDCCON,ECU,,E5MED5DEFAMA,,,2028,,,,,,0.3968027031
SpecifiedAnnualDemand,NDCCON,ECU,,E5MED5DEFAMA,,,2029,,,,,,0.3968027031
SpecifiedAnnualDemand,NDCCON,ECU,,E5MED5DEFAMA,,,2030,,,,,,0.3968027031
SpecifiedAnnualDemand,NDCCON,ECU,,E5MED5DEFAMA,,,2031,,,,,,0.3968027031
SpecifiedAnnualDemand,NDCCON,ECU,,E5MED5DEFAMA,,,2032,,,,,,0.3968027031
SpecifiedAnnualDemand,NDCCON,ECU,,E5MED5DEFAMA,,,2033,,,,,,0.3968027031
SpecifiedAnnualDemand,NDCCON,ECU,,E5MED5DEFAMA,,,2034,,,,,,0.3968027031
SpecifiedAnnualDemand,NDCCON,ECU,,E5MED5DEFAMA,,,2035,,,,,,0.3968027031
SpecifiedAnnualDemand,NDCCON,ECU,,E5MED5DEFCHO,,,2010,,,,,,0.0
SpecifiedAnnualDemand,NDCCON,ECU,,E5MED5DEFCHO,,,2011,,,,,,0.0
SpecifiedAnnualDemand,NDCCON,ECU,,E5MED5DEFCHO,,,2012,,,,,,0.0
SpecifiedAnnualDemand,NDCCON,ECU,,E5MED5DEFCHO,,,2013,,,,,,0.0
SpecifiedAnnualDemand,NDCCON,ECU,,E5MED5DEFCHO,,,2014,,,,,,0.0
SpecifiedAnnualDemand,NDCCON,ECU,,E5MED5DEFCHO,,,2015,,,,,,0.0
SpecifiedAnnualDemand,NDCCON,ECU,,E5MED5DEFCHO,,,2016,,,,,,0.0
SpecifiedAnnualDemand,NDCCON,ECU,,E5MED5DEFCHO,,,2017,,,,,,0.0
SpecifiedAnnualDemand,NDCCON,ECU,,E5MED5DEFCHO,,,2018,,,,,,0.0
SpecifiedAnnualDemand,NDCCON,ECU,,E5MED5DEFCHO,,,2019,,,,,,0.0
SpecifiedAnnualDemand,NDCCON,ECU,,E5MED5DEFCHO,,,2020,,,,,,0.0
SpecifiedAnnualDemand,NDCCON,ECU,,E5MED5DEFCHO,,,2021,,,,,,0.0
SpecifiedAnnualDemand,NDCCON,ECU,,E5MED5DEFCHO,,,2022,,,,,,0.0
SpecifiedAnnualDemand,NDCCON,ECU,,E5MED5DEFCHO,,,2023,,,,,,0.0
SpecifiedAnnualDemand,NDCCON,ECU,,E5MED5DEFCHO,,,2024,,,,,,0.0
SpecifiedAnnualDemand,NDCCON,ECU,,E5MED5DEFCHO,,,2025,,,,,,0.0
SpecifiedAnnualDemand,NDCCON,ECU,,E5MED5DEFCHO,,,2026,,,,,,0.0077343911
SpecifiedAnnualDemand,NDCCON,ECU,,E5MED5DEFCHO,,,2027,,,,,,0.0077343911
SpecifiedAnnualDemand,NDCCON,ECU,,E5MED5DEFCHO,,,2028,,,,,,0.0077343911
SpecifiedAnnualDemand,NDCCON,ECU,,E5MED5DEFCHO,,,2029,,,,,,0.0077343911
SpecifiedAnnualDemand,NDCCON,ECU,,E5MED5DEFCHO,,,2030,,,,,,0.0077343911
SpecifiedAnnualDemand,NDCCON,ECU,,E5MED5DEFCHO,,,2031,,,,,,0.0077343911
SpecifiedAnnualDemand,NDCCON,ECU,,E5MED5DEFCHO,,,2032,,,,,,0.0077343911
SpecifiedAnnualDemand,NDCCON,ECU,,E5MED5DEFCHO,,,2033,,,,,,0.0077343911
SpecifiedAnnualDemand,NDCCON,ECU,,E5MED5DEFCHO,,,2034,,,,,,0.0077343911
SpecifiedAnnualDemand,NDCCON,ECU,,E5MED5DEFCHO,,,2035,,,,,,0.0077343911
SpecifiedAnnualDemand,NDCCON,ECU,,E5MED5DEFMAN,,,2010,,,,,,0.0
SpecifiedAnnualDemand,NDCCON,ECU,,E5MED5DEFMAN,,,2011,,,,,,0.0
SpecifiedAnnualDemand,NDCCON,ECU,,E5MED5DEFMAN,,,2012,,,,,,0.0
SpecifiedAnnualDemand,NDCCON,ECU,,E5MED5DEFMAN,,,2013,,,,,,0.0
SpecifiedAnnualDemand,NDCCON,ECU,,E5MED5DEFMAN,,,2014,,,,,,0.0
SpecifiedAnnualDemand,NDCCON,ECU,,E5MED5DEFMAN,,,2015,,,,,,0.0
SpecifiedAnnualDemand,NDCCON,ECU,,E5MED5DEFMAN,,,2016,,,,,,0.0
SpecifiedAnnualDemand,NDCCON,ECU,,E5MED5DEFMAN,,,2017,,,,,,0.0
SpecifiedAnnualDemand,NDCCON,ECU,,E5MED5DEFMAN,,,2018,,,,,,0.0
SpecifiedAnnualDemand,NDCCON,ECU,,E5MED5DEFMAN,,,2019,,,,,,0.0
SpecifiedAnnualDemand,NDCCON,ECU,,E5MED5DEFMAN,,,2020,,,,,,0.0
SpecifiedAnnualDemand,NDCCON,ECU,,E5MED5DEFMAN,,,2021,,,,,,0.0
SpecifiedAnnualDemand,NDCCON,ECU,,E5MED5DEFMAN,,,2022,,,,,,0.0
SpecifiedAnnualDemand,NDCCON,ECU,,E5MED5DEFMAN,,,2023,,,,,,0.0
SpecifiedAnnualDemand,NDCCON,ECU,,E5MED5DEFMAN,,,2024,,,,,,0.0
SpecifiedAnnualDemand,NDCCON,ECU,,E5MED5DEFMAN,,,2025,,,,,,0.0
SpecifiedAnnualDemand,NDCCON,ECU,,E5MED5DEFMAN,,,2026,,,,,,0.0147258508
SpecifiedAnnualDemand,NDCCON,ECU,,E5MED5DEFMAN,,,2027,,,,,,0.0147258508
SpecifiedAnnualDemand,NDCCON,ECU,,E5MED5DEFMAN,,,2028,,,,,,0.0147258508
SpecifiedAnnualDemand,NDCCON,ECU,,E5MED5DEFMAN,,,2029,,,,,,0.0147258508
SpecifiedAnnualDemand,NDCCON,ECU,,E5MED5DEFMAN,,,2030,,,,,,0.0147258508
SpecifiedAnnualDemand,NDCCON,ECU,,E5MED5DEFMAN,,,2031,,,,,,0.0147258508
SpecifiedAnnualDemand,NDCCON,ECU,,E5MED5DEFMAN,,,2032,,,,,,0.0147258508
SpecifiedAnnualDemand,NDCCON,ECU,,E5MED5DEFMAN,,,2033,,,,,,0.0147258508
SpecifiedAnnualDemand,NDCCON,ECU,,E5MED5DEFMAN,,,2034,,,,,,0.0147258508
SpecifiedAnnualDemand,NDCCON,ECU,,E5MED5DEFMAN,,,2035,,,,,,0.0147258508
SpecifiedAnnualDemand,NDCCON,ECU,,E5MED5ABAND,,,2010,,,,,,0.0
SpecifiedAnnualDemand,NDCCON,ECU,,E5MED5ABAND,,,2011,,,,,,0.0
SpecifiedAnnualDemand,NDCCON,ECU,,E5MED5ABAND,,,2012,,,,,,0.0
SpecifiedAnnualDemand,NDCCON,ECU,,E5MED5ABAND,,,2013,,,,,,0.0
SpecifiedAnnualDemand,NDCCON,ECU,,E5MED5ABAND,,,2014,,,,,,0.0
SpecifiedAnnualDemand,NDCCON,ECU,,E5MED5ABAND,,,2015,,,,,,0.0
SpecifiedAnnualDemand,NDCCON,ECU,,E5MED5ABAND,,,2016,,,,,,0.0
SpecifiedAnnualDemand,NDCCON,ECU,,E5MED5ABAND,,,2017,,,,,,0.0
SpecifiedAnnualDemand,NDCCON,ECU,,E5MED5ABAND,,,2018,,,,,,0.0
SpecifiedAnnualDemand,NDCCON,ECU,,E5MED5ABAND,,,2019,,,,,,0.0
SpecifiedAnnualDemand,NDCCON,ECU,,E5MED5ABAND,,,2020,,,,,,0.0
SpecifiedAnnualDemand,NDCCON,ECU,,E5MED5ABAND,,,2021,,,,,,0.0
SpecifiedAnnualDemand,NDCCON,ECU,,E5MED5ABAND,,,2022,,,,,,0.0
SpecifiedAnnualDemand,NDCCON,ECU,,E5MED5ABAND,,,2023,,,,,,0.0
SpecifiedAnnualDemand,NDCCON,ECU,,E5MED5ABAND,,,2024,,,,,,0.0
SpecifiedAnnualDemand,NDCCON,ECU,,E5MED5ABAND,,,2025,,,,,,0.0
SpecifiedAnnualDemand,NDCCON,ECU,,E5MED5ABAND,,,2026,,,,,,0.1109574139
SpecifiedAnnualDemand,NDCCON,ECU,,E5MED5ABAND,,,2027,,,,,,0.2219148278
SpecifiedAnnualDemand,NDCCON,ECU,,E5MED5ABAND,,,2028,,,,,,0.3328722417
SpecifiedAnnualDemand,NDCCON,ECU,,E5MED5ABAND,,,2029,,,,,,0.4438296557
SpecifiedAnnualDemand,NDCCON,ECU,,E5MED5ABAND,,,2030,,,,,,0.5547870696
SpecifiedAnnualDemand,NDCCON,ECU,,E5MED5ABAND,,,2031,,,,,,0.6657444835
SpecifiedAnnualDemand,NDCCON,ECU,,E5MED5ABAND,,,2032,,,,,,0.7767018974
SpecifiedAnnualDemand,NDCCON,ECU,,E5MED5ABAND,,,2033,,,,,,0.8876593113
SpecifiedAnnualDemand,NDCCON,ECU,,E5MED5ABAND,,,2034,,,,,,0.9986167252
SpecifiedAnnualDemand,NDCCON,ECU,,E5MED5ABAND,,,2035,,,,,,1.1095741391
SpecifiedAnnualDemand,NDCCON,ECU,,E5MED5ABPLU,,,2010,,,,,,0.0
SpecifiedAnnualDemand,NDCCON,ECU,,E5MED5ABPLU,,,2011,,,,,,0.0
SpecifiedAnnualDemand,NDCCON,ECU,,E5MED5ABPLU,,,2012,,,,,,0.0
SpecifiedAnnualDemand,NDCCON,ECU,,E5MED5ABPLU,,,2013,,,,,,0.0
SpecifiedAnnualDemand,NDCCON,ECU,,E5MED5ABPLU,,,2014,,,,,,0.0
SpecifiedAnnualDemand,NDCCON,ECU,,E5MED5ABPLU,,,2015,,,,,,0.0
SpecifiedAnnualDemand,NDCCON,ECU,,E5MED5ABPLU,,,2016,,,,,,0.0
SpecifiedAnnualDemand,NDCCON,ECU,,E5MED5ABPLU,,,2017,,,,,,0.0
SpecifiedAnnualDemand,NDCCON,ECU,,E5MED5ABPLU,,,2018,,,,,,0.0
SpecifiedAnnualDemand,NDCCON,ECU,,E5MED5ABPLU,,,2019,,,,,,0.0
SpecifiedAnnualDemand,NDCCON,ECU,,E5MED5ABPLU,,,2020,,,,,,0.0
SpecifiedAnnualDemand,NDCCON,ECU,,E5MED5ABPLU,,,2021,,,,,,0.0
SpecifiedAnnualDemand,NDCCON,ECU,,E5MED5ABPLU,,,2022,,,,,,0.0
SpecifiedAnnualDemand,NDCCON,ECU,,E5MED5ABPLU,,,2023,,,,,,0.0
SpecifiedAnnualDemand,NDCCON,ECU,,E5MED5ABPLU,,,2024,,,,,,0.0
SpecifiedAnnualDemand,NDCCON,ECU,,E5MED5ABPLU,,,2025,,,,,,0.0
SpecifiedAnnualDemand,NDCCON,ECU,,E5MED5ABPLU,,,2026,,,,,,1.6887862514
SpecifiedAnnualDemand,NDCCON,ECU,,E5MED5ABPLU,,,2027,,,,,,3.3775725028
SpecifiedAnnualDemand,NDCCON,ECU,,E5MED5ABPLU,,,2028,,,,,,5.0663587542
SpecifiedAnnualDemand,NDCCON,ECU,,E5MED5ABPLU,,,2029,,,,,,6.7551450055
SpecifiedAnnualDemand,NDCCON,ECU,,E5MED5ABPLU,,,2030,,,,,,8.4439312569
SpecifiedAnnualDemand,NDCCON,ECU,,E5MED5ABPLU,,,2031,,,,,,10.1327175083
SpecifiedAnnualDemand,NDCCON,ECU,,E5MED5ABPLU,,,2032,,,,,,11.8215037597
SpecifiedAnnualDemand,NDCCON,ECU,,E5MED5ABPLU,,,2033,,,,,,13.5102900111
SpecifiedAnnualDemand,NDCCON,ECU,,E5MED5ABPLU,,,2034,,,,,,15.1990762625
SpecifiedAnnualDemand,NDCCON,ECU,,E5MED5ABPLU,,,2035,,,,,,16.8878625138
SpecifiedAnnualDemand,NDCCON,ECU,,E5MED5ABMON,,,2010,,,,,,0.0
SpecifiedAnnualDemand,NDCCON,ECU,,E5MED5ABMON,,,2011,,,,,,0.0
SpecifiedAnnualDemand,NDCCON,ECU,,E5MED5ABMON,,,2012,,,,,,0.0
SpecifiedAnnualDemand,NDCCON,ECU,,E5MED5ABMON,,,2013,,,,,,0.0
SpecifiedAnnualDemand,NDCCON,ECU,,E5MED5ABMON,,,2014,,,,,,0.0
SpecifiedAnnualDemand,NDCCON,ECU,,E5MED5ABMON,,,2015,,,,,,0.0
SpecifiedAnnualDemand,NDCCON,ECU,,E5MED5ABMON,,,2016,,,,,,0.0
SpecifiedAnnualDemand,NDCCON,ECU,,E5MED5ABMON,,,2017,,,,,,0.0
SpecifiedAnnualDemand,NDCCON,ECU,,E5MED5ABMON,,,2018,,,,,,0.0
SpecifiedAnnualDemand,NDCCON,ECU,,E5MED5ABMON,,,2019,,,,,,0.0
SpecifiedAnnualDemand,NDCCON,ECU,,E5MED5ABMON,,,2020,,,,,,0.0
SpecifiedAnnualDemand,NDCCON,ECU,,E5MED5ABMON,,,2021,,,,,,0.0
SpecifiedAnnualDemand,NDCCON,ECU,,E5MED5ABMON,,,2022,,,,,,0.0
SpecifiedAnnualDemand,NDCCON,ECU,,E5MED5ABMON,,,2023,,,,,,0.0
SpecifiedAnnualDemand,NDCCON,ECU,,E5MED5ABMON,,,2024,,,,,,0.0
SpecifiedAnnualDemand,NDCCON,ECU,,E5MED5ABMON,,,2025,,,,,,0.0
SpecifiedAnnualDemand,NDCCON,ECU,,E5MED5ABMON,,,2026,,,,,,2.7183111448
SpecifiedAnnualDemand,NDCCON,ECU,,E5MED5ABMON,,,2027,,,,,,5.4366222896
SpecifiedAnnualDemand,NDCCON,ECU,,E5MED5ABMON,,,2028,,,,,,8.1549334344
SpecifiedAnnualDemand,NDCCON,ECU,,E5MED5ABMON,,,2029,,,,,,10.8732445792
SpecifiedAnnualDemand,NDCCON,ECU,,E5MED5ABMON,,,2030,,,,,,13.5915557241
SpecifiedAnnualDemand,NDCCON,ECU,,E5MED5ABMON,,,2031,,,,,,16.3098668689
SpecifiedAnnualDemand,NDCCON,ECU,,E5MED5ABMON,,,2032,,,,,,19.0281780137
SpecifiedAnnualDemand,NDCCON,ECU,,E5MED5ABMON,,,2033,,,,,,21.7464891585
SpecifiedAnnualDemand,NDCCON,ECU,,E5MED5ABMON,,,2034,,,,,,24.4648003033
SpecifiedAnnualDemand,NDCCON,ECU,,E5MED5ABMON,,,2035,,,,,,27.1831114481
SpecifiedAnnualDemand,NDCCON,ECU,,E5MED5ABPIE,,,2010,,,,,,0.0
SpecifiedAnnualDemand,NDCCON,ECU,,E5MED5ABPIE,,,2011,,,,,,0.0
SpecifiedAnnualDemand,NDCCON,ECU,,E5MED5ABPIE,,,2012,,,,,,0.0
SpecifiedAnnualDemand,NDCCON,ECU,,E5MED5ABPIE,,,2013,,,,,,0.0
SpecifiedAnnualDemand,NDCCON,ECU,,E5MED5ABPIE,,,2014,,,,,,0.0
SpecifiedAnnualDemand,NDCCON,ECU,,E5MED5ABPIE,,,2015,,,,,,0.0
SpecifiedAnnualDemand,NDCCON,ECU,,E5MED5ABPIE,,,2016,,,,,,0.0
SpecifiedAnnualDemand,NDCCON,ECU,,E5MED5ABPIE,,,2017,,,,,,0.0
SpecifiedAnnualDemand,NDCCON,ECU,,E5MED5ABPIE,,,2018,,,,,,0.0
SpecifiedAnnualDemand,NDCCON,ECU,,E5MED5ABPIE,,,2019,,,,,,0.0
SpecifiedAnnualDemand,NDCCON,ECU,,E5MED5ABPIE,,,2020,,,,,,0.0
SpecifiedAnnualDemand,NDCCON,ECU,,E5MED5ABPIE,,,2021,,,,,,0.0
SpecifiedAnnualDemand,NDCCON,ECU,,E5MED5ABPIE,,,2022,,,,,,0.0
SpecifiedAnnualDemand,NDCCON,ECU,,E5MED5ABPIE,,,2023,,,,,,0.0
SpecifiedAnnualDemand,NDCCON,ECU,,E5MED5ABPIE,,,2024,,,,,,0.0
SpecifiedAnnualDemand,NDCCON,ECU,,E5MED5ABPIE,,,2025,,,,,,0.0
SpecifiedAnnualDemand,NDCCON,ECU,,E5MED5ABPIE,,,2026,,,,,,3.6824530978
SpecifiedAnnualDemand,NDCCON,ECU,,E5MED5ABPIE,,,2027,,,,,,7.3649061956
SpecifiedAnnualDemand,NDCCON,ECU,,E5MED5ABPIE,,,2028,,,,,,11.0473592935
SpecifiedAnnualDemand,NDCCON,ECU,,E5MED5ABPIE,,,2029,,,,,,14.7298123913
SpecifiedAnnualDemand,NDCCON,ECU,,E5MED5ABPIE,,,2030,,,,,,18.4122654891
SpecifiedAnnualDemand,NDCCON,ECU,,E5MED5ABPIE,,,2031,,,,,,22.0947185869
SpecifiedAnnualDemand,NDCCON,ECU,,E5MED5ABPIE,,,2032,,,,,,25.7771716848
SpecifiedAnnualDemand,NDCCON,ECU,,E5MED5ABPIE,,,2033,,,,,,29.4596247826
SpecifiedAnnualDemand,NDCCON,ECU,,E5MED5ABPIE,,,2034,,,,,,33.1420778804
SpecifiedAnnualDemand,NDCCON,ECU,,E5MED5ABPIE,,,2035,,,,,,36.8245309782
SpecifiedAnnualDemand,NDCCON,ECU,,E5MED5ABCEJ,,,2010,,,,,,0.0
SpecifiedAnnualDemand,NDCCON,ECU,,E5MED5ABCEJ,,,2011,,,,,,0.0
SpecifiedAnnualDemand,NDCCON,ECU,,E5MED5ABCEJ,,,2012,,,,,,0.0
SpecifiedAnnualDemand,NDCCON,ECU,,E5MED5ABCEJ,,,2013,,,,,,0.0
SpecifiedAnnualDemand,NDCCON,ECU,,E5MED5ABCEJ,,,2014,,,,,,0.0
SpecifiedAnnualDemand,NDCCON,ECU,,E5MED5ABCEJ,,,2015,,,,,,0.0
SpecifiedAnnualDemand,NDCCON,ECU,,E5MED5ABCEJ,,,2016,,,,,,0.0
SpecifiedAnnualDemand,NDCCON,ECU,,E5MED5ABCEJ,,,2017,,,,,,0.0
SpecifiedAnnualDemand,NDCCON,ECU,,E5MED5ABCEJ,,,2018,,,,,,0.0
SpecifiedAnnualDemand,NDCCON,ECU,,E5MED5ABCEJ,,,2019,,,,,,0.0
SpecifiedAnnualDemand,NDCCON,ECU,,E5MED5ABCEJ,,,2020,,,,,,0.0
SpecifiedAnnualDemand,NDCCON,ECU,,E5MED5ABCEJ,,,2021,,,,,,0.0
SpecifiedAnnualDemand,NDCCON,ECU,,E5MED5ABCEJ,,,2022,,,,,,0.0
SpecifiedAnnualDemand,NDCCON,ECU,,E5MED5ABCEJ,,,2023,,,,,,0.0
SpecifiedAnnualDemand,NDCCON,ECU,,E5MED5ABCEJ,,,2024,,,,,,0.0
SpecifiedAnnualDemand,NDCCON,ECU,,E5MED5ABCEJ,,,2025,,,,,,0.0
SpecifiedAnnualDemand,NDCCON,ECU,,E5MED5ABCEJ,,,2026,,,,,,0.3661791454
SpecifiedAnnualDemand,NDCCON,ECU,,E5MED5ABCEJ,,,2027,,,,,,0.7323582908
SpecifiedAnnualDemand,NDCCON,ECU,,E5MED5ABCEJ,,,2028,,,,,,1.0985374362
SpecifiedAnnualDemand,NDCCON,ECU,,E5MED5ABCEJ,,,2029,,,,,,1.4647165815
SpecifiedAnnualDemand,NDCCON,ECU,,E5MED5ABCEJ,,,2030,,,,,,1.8308957269
SpecifiedAnnualDemand,NDCCON,ECU,,E5MED5ABCEJ,,,2031,,,,,,2.1970748723
SpecifiedAnnualDemand,NDCCON,ECU,,E5MED5ABCEJ,,,2032,,,,,,2.5632540177
SpecifiedAnnualDemand,NDCCON,ECU,,E5MED5ABCEJ,,,2033,,,,,,2.9294331631
SpecifiedAnnualDemand,NDCCON,ECU,,E5MED5ABCEJ,,,2034,,,,,,3.2956123085
SpecifiedAnnualDemand,NDCCON,ECU,,E5MED5ABCEJ,,,2035,,,,,,3.6617914539
SpecifiedAnnualDemand,NDCCON,ECU,,E5MED5ABAMA,,,2010,,,,,,0.0
SpecifiedAnnualDemand,NDCCON,ECU,,E5MED5ABAMA,,,2011,,,,,,0.0
SpecifiedAnnualDemand,NDCCON,ECU,,E5MED5ABAMA,,,2012,,,,,,0.0
SpecifiedAnnualDemand,NDCCON,ECU,,E5MED5ABAMA,,,2013,,,,,,0.0
SpecifiedAnnualDemand,NDCCON,ECU,,E5MED5ABAMA,,,2014,,,,,,0.0
SpecifiedAnnualDemand,NDCCON,ECU,,E5MED5ABAMA,,,2015,,,,,,0.0
SpecifiedAnnualDemand,NDCCON,ECU,,E5MED5ABAMA,,,2016,,,,,,0.0
SpecifiedAnnualDemand,NDCCON,ECU,,E5MED5ABAMA,,,2017,,,,,,0.0
SpecifiedAnnualDemand,NDCCON,ECU,,E5MED5ABAMA,,,2018,,,,,,0.0
SpecifiedAnnualDemand,NDCCON,ECU,,E5MED5ABAMA,,,2019,,,,,,0.0
SpecifiedAnnualDemand,NDCCON,ECU,,E5MED5ABAMA,,,2020,,,,,,0.0
SpecifiedAnnualDemand,NDCCON,ECU,,E5MED5ABAMA,,,2021,,,,,,0.0
SpecifiedAnnualDemand,NDCCON,ECU,,E5MED5ABAMA,,,2022,,,,,,0.0
SpecifiedAnnualDemand,NDCCON,ECU,,E5MED5ABAMA,,,2023,,,,,,0.0
SpecifiedAnnualDemand,NDCCON,ECU,,E5MED5ABAMA,,,2024,,,,,,0.0
SpecifiedAnnualDemand,NDCCON,ECU,,E5MED5ABAMA,,,2025,,,,,,0.0
SpecifiedAnnualDemand,NDCCON,ECU,,E5MED5ABAMA,,,2026,,,,,,36.7409910264
SpecifiedAnnualDemand,NDCCON,ECU,,E5MED5ABAMA,,,2027,,,,,,73.4819820529
SpecifiedAnnualDemand,NDCCON,ECU,,E5MED5ABAMA,,,2028,,,,,,110.2229730793
SpecifiedAnnualDemand,NDCCON,ECU,,E5MED5ABAMA,,,2029,,,,,,146.9639641058
SpecifiedAnnualDemand,NDCCON,ECU,,E5MED5ABAMA,,,2030,,,,,,183.7049551322
SpecifiedAnnualDemand,NDCCON,ECU,,E5MED5ABAMA,,,2031,,,,,,220.4459461587
SpecifiedAnnualDemand,NDCCON,ECU,,E5MED5ABAMA,,,2032,,,,,,257.1869371851
SpecifiedAnnualDemand,NDCCON,ECU,,E5MED5ABAMA,,,2033,,,,,,293.9279282116
SpecifiedAnnualDemand,NDCCON,ECU,,E5MED5ABAMA,,,2034,,,,,,330.668919238
SpecifiedAnnualDemand,NDCCON,ECU,,E5MED5ABAMA,,,2035,,,,,,367.4099102645
SpecifiedAnnualDemand,NDCCON,ECU,,E5MED5ABCHO,,,2010,,,,,,0.0
SpecifiedAnnualDemand,NDCCON,ECU,,E5MED5ABCHO,,,2011,,,,,,0.0
SpecifiedAnnualDemand,NDCCON,ECU,,E5MED5ABCHO,,,2012,,,,,,0.0
SpecifiedAnnualDemand,NDCCON,ECU,,E5MED5ABCHO,,,2013,,,,,,0.0
SpecifiedAnnualDemand,NDCCON,ECU,,E5MED5ABCHO,,,2014,,,,,,0.0
SpecifiedAnnualDemand,NDCCON,ECU,,E5MED5ABCHO,,,2015,,,,,,0.0
SpecifiedAnnualDemand,NDCCON,ECU,,E5MED5ABCHO,,,2016,,,,,,0.0
SpecifiedAnnualDemand,NDCCON,ECU,,E5MED5ABCHO,,,2017,,,,,,0.0
SpecifiedAnnualDemand,NDCCON,ECU,,E5MED5ABCHO,,,2018,,,,,,0.0
SpecifiedAnnualDemand,NDCCON,ECU,,E5MED5ABCHO,,,2019,,,,,,0.0
SpecifiedAnnualDemand,NDCCON,ECU,,E5MED5ABCHO,,,2020,,,,,,0.0
SpecifiedAnnualDemand,NDCCON,ECU,,E5MED5ABCHO,,,2021,,,,,,0.0
SpecifiedAnnualDemand,NDCCON,ECU,,E5MED5ABCHO,,,2022,,,,,,0.0
SpecifiedAnnualDemand,NDCCON,ECU,,E5MED5ABCHO,,,2023,,,,,,0.0
SpecifiedAnnualDemand,NDCCON,ECU,,E5MED5ABCHO,,,2024,,,,,,0.0
SpecifiedAnnualDemand,NDCCON,ECU,,E5MED5ABCHO,,,2025,,,,,,0.0
SpecifiedAnnualDemand,NDCCON,ECU,,E5MED5ABCHO,,,2026,,,,,,0.716147327
SpecifiedAnnualDemand,NDCCON,ECU,,E5MED5ABCHO,,,2027,,,,,,1.4322946541
SpecifiedAnnualDemand,NDCCON,ECU,,E5MED5ABCHO,,,2028,,,,,,2.1484419811
SpecifiedAnnualDemand,NDCCON,ECU,,E5MED5ABCHO,,,2029,,,,,,2.8645893082
SpecifiedAnnualDemand,NDCCON,ECU,,E5MED5ABCHO,,,2030,,,,,,3.5807366352
SpecifiedAnnualDemand,NDCCON,ECU,,E5MED5ABCHO,,,2031,,,,,,4.2968839623
SpecifiedAnnualDemand,NDCCON,ECU,,E5MED5ABCHO,,,2032,,,,,,5.0130312893
SpecifiedAnnualDemand,NDCCON,ECU,,E5MED5ABCHO,,,2033,,,,,,5.7291786163
SpecifiedAnnualDemand,NDCCON,ECU,,E5MED5ABCHO,,,2034,,,,,,6.4453259434
SpecifiedAnnualDemand,NDCCON,ECU,,E5MED5ABCHO,,,2035,,,,,,7.1614732704
SpecifiedAnnualDemand,NDCCON,ECU,,E5MED5ABMAN,,,2010,,,,,,0.0
SpecifiedAnnualDemand,NDCCON,ECU,,E5MED5ABMAN,,,2011,,,,,,0.0
SpecifiedAnnualDemand,NDCCON,ECU,,E5MED5ABMAN,,,2012,,,,,,0.0
SpecifiedAnnualDemand,NDCCON,ECU,,E5MED5ABMAN,,,2013,,,,,,0.0
SpecifiedAnnualDemand,NDCCON,ECU,,E5MED5ABMAN,,,2014,,,,,,0.0
SpecifiedAnnualDemand,NDCCON,ECU,,E5MED5ABMAN,,,2015,,,,,,0.0
SpecifiedAnnualDemand,NDCCON,ECU,,E5MED5ABMAN,,,2016,,,,,,0.0
SpecifiedAnnualDemand,NDCCON,ECU,,E5MED5ABMAN,,,2017,,,,,,0.0
SpecifiedAnnualDemand,NDCCON,ECU,,E5MED5ABMAN,,,2018,,,,,,0.0
SpecifiedAnnualDemand,NDCCON,ECU,,E5MED5ABMAN,,,2019,,,,,,0.0
SpecifiedAnnualDemand,NDCCON,ECU,,E5MED5ABMAN,,,2020,,,,,,0.0
SpecifiedAnnualDemand,NDCCON,ECU,,E5MED5ABMAN,,,2021,,,,,,0.0
SpecifiedAnnualDemand,NDCCON,ECU,,E5MED5ABMAN,,,2022,,,,,,0.0
SpecifiedAnnualDemand,NDCCON,ECU,,E5MED5ABMAN,,,2023,,,,,,0.0
SpecifiedAnnualDemand,NDCCON,ECU,,E5MED5ABMAN,,,2024,,,,,,0.0
SpecifiedAnnualDemand,NDCCON,ECU,,E5MED5ABMAN,,,2025,,,,,,0.0
SpecifiedAnnualDemand,NDCCON,ECU,,E5MED5ABMAN,,,2026,,,,,,1.3635047054
SpecifiedAnnualDemand,NDCCON,ECU,,E5MED5ABMAN,,,2027,,,,,,2.7270094107
SpecifiedAnnualDemand,NDCCON,ECU,,E5MED5ABMAN,,,2028,,,,,,4.0905141161
SpecifiedAnnualDemand,NDCCON,ECU,,E5MED5ABMAN,,,2029,,,,,,5.4540188214
SpecifiedAnnualDemand,NDCCON,ECU,,E5MED5ABMAN,,,2030,,,,,,6.8175235268
SpecifiedAnnualDemand,NDCCON,ECU,,E5MED5ABMAN,,,2031,,,,,,8.1810282322
SpecifiedAnnualDemand,NDCCON,ECU,,E5MED5ABMAN,,,2032,,,,,,9.5445329375
SpecifiedAnnualDemand,NDCCON,ECU,,E5MED5ABMAN,,,2033,,,,,,10.9080376429
SpecifiedAnnualDemand,NDCCON,ECU,,E5MED5ABMAN,,,2034,,,,,,12.2715423483
SpecifiedAnnualDemand,NDCCON,ECU,,E5MED5ABMAN,,,2035,,,,,,13.6350470536
SpecifiedAnnualDemand,NDCCON,ECU,,E5MED3ABCEJ,,,2010,,,,,,0.0
SpecifiedAnnualDemand,NDCCON,ECU,,E5MED3ABCEJ,,,2011,,,,,,0.0
SpecifiedAnnualDemand,NDCCON,ECU,,E5MED3ABCEJ,,,2012,,,,,,0.0
SpecifiedAnnualDemand,NDCCON,ECU,,E5MED3ABCEJ,,,2013,,,,,,0.0
SpecifiedAnnualDemand,NDCCON,ECU,,E5MED3ABCEJ,,,2014,,,,,,0.0
SpecifiedAnnualDemand,NDCCON,ECU,,E5MED3ABCEJ,,,2015,,,,,,0.0
SpecifiedAnnualDemand,NDCCON,ECU,,E5MED3ABCEJ,,,2016,,,,,,0.0
SpecifiedAnnualDemand,NDCCON,ECU,,E5MED3ABCEJ,,,2017,,,,,,0.0
SpecifiedAnnualDemand,NDCCON,ECU,,E5MED3ABCEJ,,,2018,,,,,,0.0
SpecifiedAnnualDemand,NDCCON,ECU,,E5MED3ABCEJ,,,2019,,,,,,0.0
SpecifiedAnnualDemand,NDCCON,ECU,,E5MED3ABCEJ,,,2020,,,,,,0.0
SpecifiedAnnualDemand,NDCCON,ECU,,E5MED3ABCEJ,,,2021,,,,,,0.0
SpecifiedAnnualDemand,NDCCON,ECU,,E5MED3ABCEJ,,,2022,,,,,,0.0
SpecifiedAnnualDemand,NDCCON,ECU,,E5MED3ABCEJ,,,2023,,,,,,0.0
SpecifiedAnnualDemand,NDCCON,ECU,,E5MED3ABCEJ,,,2024,,,,,,0.0
SpecifiedAnnualDemand,NDCCON,ECU,,E5MED3ABCEJ,,,2025,,,,,,0.0
SpecifiedAnnualDemand,NDCCON,ECU,,E5MED3ABCEJ,,,2026,,,,,,0.0
SpecifiedAnnualDemand,NDCCON,ECU,,E5MED3ABCEJ,,,2027,,,,,,0.0
SpecifiedAnnualDemand,NDCCON,ECU,,E5MED3ABCEJ,,,2028,,,,,,0.0
SpecifiedAnnualDemand,NDCCON,ECU,,E5MED3ABCEJ,,,2029,,,,,,0.0
SpecifiedAnnualDemand,NDCCON,ECU,,E5MED3ABCEJ,,,2030,,,,,,0.0
SpecifiedAnnualDemand,NDCCON,ECU,,E5MED3ABCEJ,,,2031,,,,,,0.0
SpecifiedAnnualDemand,NDCCON,ECU,,E5MED3ABCEJ,,,2032,,,,,,0.0
SpecifiedAnnualDemand,NDCCON,ECU,,E5MED3ABCEJ,,,2033,,,,,,0.0
SpecifiedAnnualDemand,NDCCON,ECU,,E5MED3ABCEJ,,,2034,,,,,,0.0
SpecifiedAnnualDemand,NDCCON,ECU,,E5MED3ABCEJ,,,2035,,,,,,0.0
SpecifiedAnnualDemand,NDCCON,ECU,,E5MED3ABMON,,,2010,,,,,,0.0
SpecifiedAnnualDemand,NDCCON,ECU,,E5MED3ABMON,,,2011,,,,,,0.0
SpecifiedAnnualDemand,NDCCON,ECU,,E5MED3ABMON,,,2012,,,,,,0.0
SpecifiedAnnualDemand,NDCCON,ECU,,E5MED3ABMON,,,2013,,,,,,0.0
SpecifiedAnnualDemand,NDCCON,ECU,,E5MED3ABMON,,,2014,,,,,,0.0
SpecifiedAnnualDemand,NDCCON,ECU,,E5MED3ABMON,,,2015,,,,,,0.0
SpecifiedAnnualDemand,NDCCON,ECU,,E5MED3ABMON,,,2016,,,,,,0.0
SpecifiedAnnualDemand,NDCCON,ECU,,E5MED3ABMON,,,2017,,,,,,0.0
SpecifiedAnnualDemand,NDCCON,ECU,,E5MED3ABMON,,,2018,,,,,,0.0
SpecifiedAnnualDemand,NDCCON,ECU,,E5MED3ABMON,,,2019,,,,,,0.0
SpecifiedAnnualDemand,NDCCON,ECU,,E5MED3ABMON,,,2020,,,,,,0.0
SpecifiedAnnualDemand,NDCCON,ECU,,E5MED3ABMON,,,2021,,,,,,0.0
SpecifiedAnnualDemand,NDCCON,ECU,,E5MED3ABMON,,,2022,,,,,,0.0
SpecifiedAnnualDemand,NDCCON,ECU,,E5MED3ABMON,,,2023,,,,,,0.0
SpecifiedAnnualDemand,NDCCON,ECU,,E5MED3ABMON,,,2024,,,,,,0.0
SpecifiedAnnualDemand,NDCCON,ECU,,E5MED3ABMON,,,2025,,,,,,0.0
SpecifiedAnnualDemand,NDCCON,ECU,,E5MED3ABMON,,,2026,,,,,,0.0
SpecifiedAnnualDemand,NDCCON,ECU,,E5MED3ABMON,,,2027,,,,,,0.0
SpecifiedAnnualDemand,NDCCON,ECU,,E5MED3ABMON,,,2028,,,,,,0.0
SpecifiedAnnualDemand,NDCCON,ECU,,E5MED3ABMON,,,2029,,,,,,0.0
SpecifiedAnnualDemand,NDCCON,ECU,,E5MED3ABMON,,,2030,,,,,,0.0
SpecifiedAnnualDemand,NDCCON,ECU,,E5MED3ABMON,,,2031,,,,,,0.0
SpecifiedAnnualDemand,NDCCON,ECU,,E5MED3ABMON,,,2032,,,,,,0.0
SpecifiedAnnualDemand,NDCCON,ECU,,E5MED3ABMON,,,2033,,,,,,0.0
SpecifiedAnnualDemand,NDCCON,ECU,,E5MED3ABMON,,,2034,,,,,,0.0
SpecifiedAnnualDemand,NDCCON,ECU,,E5MED3ABMON,,,2035,,,,,,0.0
SpecifiedAnnualDemand,NDCCON,ECU,,E5MED3ABCEJA,,,2010,,,,,,0.0
SpecifiedAnnualDemand,NDCCON,ECU,,E5MED3ABCEJA,,,2011,,,,,,0.0
SpecifiedAnnualDemand,NDCCON,ECU,,E5MED3ABCEJA,,,2012,,,,,,0.0
SpecifiedAnnualDemand,NDCCON,ECU,,E5MED3ABCEJA,,,2013,,,,,,0.0
SpecifiedAnnualDemand,NDCCON,ECU,,E5MED3ABCEJA,,,2014,,,,,,0.0
SpecifiedAnnualDemand,NDCCON,ECU,,E5MED3ABCEJA,,,2015,,,,,,0.0
SpecifiedAnnualDemand,NDCCON,ECU,,E5MED3ABCEJA,,,2016,,,,,,0.0
SpecifiedAnnualDemand,NDCCON,ECU,,E5MED3ABCEJA,,,2017,,,,,,0.0
SpecifiedAnnualDemand,NDCCON,ECU,,E5MED3ABCEJA,,,2018,,,,,,0.0
SpecifiedAnnualDemand,NDCCON,ECU,,E5MED3ABCEJA,,,2019,,,,,,0.0
SpecifiedAnnualDemand,NDCCON,ECU,,E5MED3ABCEJA,,,2020,,,,,,0.0
SpecifiedAnnualDemand,NDCCON,ECU,,E5MED3ABCEJA,,,2021,,,,,,0.0
SpecifiedAnnualDemand,NDCCON,ECU,,E5MED3ABCEJA,,,2022,,,,,,0.0
SpecifiedAnnualDemand,NDCCON,ECU,,E5MED3ABCEJA,,,2023,,,,,,0.0
SpecifiedAnnualDemand,NDCCON,ECU,,E5MED3ABCEJA,,,2024,,,,,,0.0
SpecifiedAnnualDemand,NDCCON,ECU,,E5MED3ABCEJA,,,2025,,,,,,0.0
SpecifiedAnnualDemand,NDCCON,ECU,,E5MED3ABCEJA,,,2026,,,,,,0.0
SpecifiedAnnualDemand,NDCCON,ECU,,E5MED3ABCEJA,,,2027,,,,,,0.0
SpecifiedAnnualDemand,NDCCON,ECU,,E5MED3ABCEJA,,,2028,,,,,,0.0
SpecifiedAnnualDemand,NDCCON,ECU,,E5MED3ABCEJA,,,2029,,,,,,0.0
SpecifiedAnnualDemand,NDCCON,ECU,,E5MED3ABCEJA,,,2030,,,,,,0.0
SpecifiedAnnualDemand,NDCCON,ECU,,E5MED3ABCEJA,,,2031,,,,,,0.0
SpecifiedAnnualDemand,NDCCON,ECU,,E5MED3ABCEJA,,,2032,,,,,,0.0
SpecifiedAnnualDemand,NDCCON,ECU,,E5MED3ABCEJA,,,2033,,,,,,0.0
SpecifiedAnnualDemand,NDCCON,ECU,,E5MED3ABCEJA,,,2034,,,,,,0.0
SpecifiedAnnualDemand,NDCCON,ECU,,E5MED3ABCEJA,,,2035,,,,,,0.0
SpecifiedAnnualDemand,NDCCON,ECU,,E5MED3DEFCEJ,,,2010,,,,,,0.0
SpecifiedAnnualDemand,NDCCON,ECU,,E5MED3DEFCEJ,,,2011,,,,,,0.0
SpecifiedAnnualDemand,NDCCON,ECU,,E5MED3DEFCEJ,,,2012,,,,,,0.0
SpecifiedAnnualDemand,NDCCON,ECU,,E5MED3DEFCEJ,,,2013,,,,,,0.0
SpecifiedAnnualDemand,NDCCON,ECU,,E5MED3DEFCEJ,,,2014,,,,,,0.0
SpecifiedAnnualDemand,NDCCON,ECU,,E5MED3DEFCEJ,,,2015,,,,,,0.0
SpecifiedAnnualDemand,NDCCON,ECU,,E5MED3DEFCEJ,,,2016,,,,,,0.0
SpecifiedAnnualDemand,NDCCON,ECU,,E5MED3DEFCEJ,,,2017,,,,,,0.0
SpecifiedAnnualDemand,NDCCON,ECU,,E5MED3DEFCEJ,,,2018,,,,,,0.0
SpecifiedAnnualDemand,NDCCON,ECU,,E5MED3DEFCEJ,,,2019,,,,,,0.0
SpecifiedAnnualDemand,NDCCON,ECU,,E5MED3DEFCEJ,,,2020,,,,,,0.0
SpecifiedAnnualDemand,NDCCON,ECU,,E5MED3DEFCEJ,,,2021,,,,,,0.0
SpecifiedAnnualDemand,NDCCON,ECU,,E5MED3DEFCEJ,,,2022,,,,,,0.0
SpecifiedAnnualDemand,NDCCON,ECU,,E5MED3DEFCEJ,,,2023,,,,,,0.0
SpecifiedAnnualDemand,NDCCON,ECU,,E5MED3DEFCEJ,,,2024,,,,,,0.0
SpecifiedAnnualDemand,NDCCON,ECU,,E5MED3DEFCEJ,,,2025,,,,,,0.0
SpecifiedAnnualDemand,NDCCON,ECU,,E5MED3DEFCEJ,,,2026,,,,,,0.0
SpecifiedAnnualDemand,NDCCON,ECU,,E5MED3DEFCEJ,,,2027,,,,,,0.0
SpecifiedAnnualDemand,NDCCON,ECU,,E5MED3DEFCEJ,,,2028,,,,,,0.0
SpecifiedAnnualDemand,NDCCON,ECU,,E5MED3DEFCEJ,,,2029,,,,,,0.0
SpecifiedAnnualDemand,NDCCON,ECU,,E5MED3DEFCEJ,,,2030,,,,,,0.0
SpecifiedAnnualDemand,NDCCON,ECU,,E5MED3DEFCEJ,,,2031,,,,,,0.0
SpecifiedAnnualDemand,NDCCON,ECU,,E5MED3DEFCEJ,,,2032,,,,,,0.0
SpecifiedAnnualDemand,NDCCON,ECU,,E5MED3DEFCEJ,,,2033,,,,,,0.0
SpecifiedAnnualDemand,NDCCON,ECU,,E5MED3DEFCEJ,,,2034,,,,,,0.0
SpecifiedAnnualDemand,NDCCON,ECU,,E5MED3DEFCEJ,,,2035,,,,,,0.0
SpecifiedAnnualDemand,NDCCON,ECU,,E5MED3DEFMON,,,2010,,,,,,0.0
SpecifiedAnnualDemand,NDCCON,ECU,,E5MED3DEFMON,,,2011,,,,,,0.0
SpecifiedAnnualDemand,NDCCON,ECU,,E5MED3DEFMON,,,2012,,,,,,0.0
SpecifiedAnnualDemand,NDCCON,ECU,,E5MED3DEFMON,,,2013,,,,,,0.0
SpecifiedAnnualDemand,NDCCON,ECU,,E5MED3DEFMON,,,2014,,,,,,0.0
SpecifiedAnnualDemand,NDCCON,ECU,,E5MED3DEFMON,,,2015,,,,,,0.0
SpecifiedAnnualDemand,NDCCON,ECU,,E5MED3DEFMON,,,2016,,,,,,0.0
SpecifiedAnnualDemand,NDCCON,ECU,,E5MED3DEFMON,,,2017,,,,,,0.0
SpecifiedAnnualDemand,NDCCON,ECU,,E5MED3DEFMON,,,2018,,,,,,0.0
SpecifiedAnnualDemand,NDCCON,ECU,,E5MED3DEFMON,,,2019,,,,,,0.0
SpecifiedAnnualDemand,NDCCON,ECU,,E5MED3DEFMON,,,2020,,,,,,0.0
SpecifiedAnnualDemand,NDCCON,ECU,,E5MED3DEFMON,,,2021,,,,,,0.0
SpecifiedAnnualDemand,NDCCON,ECU,,E5MED3DEFMON,,,2022,,,,,,0.0
SpecifiedAnnualDemand,NDCCON,ECU,,E5MED3DEFMON,,,2023,,,,,,0.0
SpecifiedAnnualDemand,NDCCON,ECU,,E5MED3DEFMON,,,2024,,,,,,0.0
SpecifiedAnnualDemand,NDCCON,ECU,,E5MED3DEFMON,,,2025,,,,,,0.0
SpecifiedAnnualDemand,NDCCON,ECU,,E5MED3DEFMON,,,2026,,,,,,0.0
SpecifiedAnnualDemand,NDCCON,ECU,,E5MED3DEFMON,,,2027,,,,,,0.0
SpecifiedAnnualDemand,NDCCON,ECU,,E5MED3DEFMON,,,2028,,,,,,0.0
SpecifiedAnnualDemand,NDCCON,ECU,,E5MED3DEFMON,,,2029,,,,,,0.0
SpecifiedAnnualDemand,NDCCON,ECU,,E5MED3DEFMON,,,2030,,,,,,0.0
SpecifiedAnnualDemand,NDCCON,ECU,,E5MED3DEFMON,,,2031,,,,,,0.0
SpecifiedAnnualDemand,NDCCON,ECU,,E5MED3DEFMON,,,2032,,,,,,0.0
SpecifiedAnnualDemand,NDCCON,ECU,,E5MED3DEFMON,,,2033,,,,,,0.0
SpecifiedAnnualDemand,NDCCON,ECU,,E5MED3DEFMON,,,2034,,,,,,0.0
SpecifiedAnnualDemand,NDCCON,ECU,,E5MED3DEFMON,,,2035,,,,,,0.0
SpecifiedAnnualDemand,NDCCON,ECU,,E5MED3DEFCEJA,,,2010,,,,,,0.0
SpecifiedAnnualDemand,NDCCON,ECU,,E5MED3DEFCEJA,,,2011,,,,,,0.0
SpecifiedAnnualDemand,NDCCON,ECU,,E5MED3DEFCEJA,,,2012,,,,,,0.0
SpecifiedAnnualDemand,NDCCON,ECU,,E5MED3DEFCEJA,,,2013,,,,,,0.0
SpecifiedAnnualDemand,NDCCON,ECU,,E5MED3DEFCEJA,,,2014,,,,,,0.0
SpecifiedAnnualDemand,NDCCON,ECU,,E5MED3DEFCEJA,,,2015,,,,,,0.0
SpecifiedAnnualDemand,NDCCON,ECU,,E5MED3DEFCEJA,,,2016,,,,,,0.0
SpecifiedAnnualDemand,NDCCON,ECU,,E5MED3DEFCEJA,,,2017,,,,,,0.0
SpecifiedAnnualDemand,NDCCON,ECU,,E5MED3DEFCEJA,,,2018,,,,,,0.0
SpecifiedAnnualDemand,NDCCON,ECU,,E5MED3DEFCEJA,,,2019,,,,,,0.0
SpecifiedAnnualDemand,NDCCON,ECU,,E5MED3DEFCEJA,,,2020,,,,,,0.0
SpecifiedAnnualDemand,NDCCON,ECU,,E5MED3DEFCEJA,,,2021,,,,,,0.0
SpecifiedAnnualDemand,NDCCON,ECU,,E5MED3DEFCEJA,,,2022,,,,,,0.0
SpecifiedAnnualDemand,NDCCON,ECU,,E5MED3DEFCEJA,,,2023,,,,,,0.0
SpecifiedAnnualDemand,NDCCON,ECU,,E5MED3DEFCEJA,,,2024,,,,,,0.0
SpecifiedAnnualDemand,NDCCON,ECU,,E5MED3DEFCEJA,,,2025,,,,,,0.0
SpecifiedAnnualDemand,NDCCON,ECU,,E5MED3DEFCEJA,,,2026,,,,,,0.0
SpecifiedAnnualDemand,NDCCON,ECU,,E5MED3DEFCEJA,,,2027,,,,,,0.0
SpecifiedAnnualDemand,NDCCON,ECU,,E5MED3DEFCEJA,,,2028,,,,,,0.0
SpecifiedAnnualDemand,NDCCON,ECU,,E5MED3DEFCEJA,,,2029,,,,,,0.0
SpecifiedAnnualDemand,NDCCON,ECU,,E5MED3DEFCEJA,,,2030,,,,,,0.0
SpecifiedAnnualDemand,NDCCON,ECU,,E5MED3DEFCEJA,,,2031,,,,,,0.0
SpecifiedAnnualDemand,NDCCON,ECU,,E5MED3DEFCEJA,,,2032,,,,,,0.0
SpecifiedAnnualDemand,NDCCON,ECU,,E5MED3DEFCEJA,,,2033,,,,,,0.0
SpecifiedAnnualDemand,NDCCON,ECU,,E5MED3DEFCEJA,,,2034,,,,,,0.0
SpecifiedAnnualDemand,NDCCON,ECU,,E5MED3DEFCEJA,,,2035,,,,,,0.0
SpecifiedAnnualDemand,NDCCON,ECU,,E5MED6DABAMA,,,2010,,,,,,0.0
SpecifiedAnnualDemand,NDCCON,ECU,,E5MED6DABAMA,,,2011,,,,,,0.0
SpecifiedAnnualDemand,NDCCON,ECU,,E5MED6DABAMA,,,2012,,,,,,0.0
SpecifiedAnnualDemand,NDCCON,ECU,,E5MED6DABAMA,,,2013,,,,,,0.0
SpecifiedAnnualDemand,NDCCON,ECU,,E5MED6DABAMA,,,2014,,,,,,0.0
SpecifiedAnnualDemand,NDCCON,ECU,,E5MED6DABAMA,,,2015,,,,,,0.0
SpecifiedAnnualDemand,NDCCON,ECU,,E5MED6DABAMA,,,2016,,,,,,0.0
SpecifiedAnnualDemand,NDCCON,ECU,,E5MED6DABAMA,,,2017,,,,,,0.0
SpecifiedAnnualDemand,NDCCON,ECU,,E5MED6DABAMA,,,2018,,,,,,0.0
SpecifiedAnnualDemand,NDCCON,ECU,,E5MED6DABAMA,,,2019,,,,,,0.0
SpecifiedAnnualDemand,NDCCON,ECU,,E5MED6DABAMA,,,2020,,,,,,0.0
SpecifiedAnnualDemand,NDCCON,ECU,,E5MED6DABAMA,,,2021,,,,,,0.0
SpecifiedAnnualDemand,NDCCON,ECU,,E5MED6DABAMA,,,2022,,,,,,0.0
SpecifiedAnnualDemand,NDCCON,ECU,,E5MED6DABAMA,,,2023,,,,,,0.0
SpecifiedAnnualDemand,NDCCON,ECU,,E5MED6DABAMA,,,2024,,,,,,0.0
SpecifiedAnnualDemand,NDCCON,ECU,,E5MED6DABAMA,,,2025,,,,,,0.0
SpecifiedAnnualDemand,NDCCON,ECU,,E5MED6DABAMA,,,2026,,,,,,0.0
SpecifiedAnnualDemand,NDCCON,ECU,,E5MED6DABAMA,,,2027,,,,,,0.0
SpecifiedAnnualDemand,NDCCON,ECU,,E5MED6DABAMA,,,2028,,,,,,0.0
SpecifiedAnnualDemand,NDCCON,ECU,,E5MED6DABAMA,,,2029,,,,,,0.0
SpecifiedAnnualDemand,NDCCON,ECU,,E5MED6DABAMA,,,2030,,,,,,0.0
SpecifiedAnnualDemand,NDCCON,ECU,,E5MED6DABAMA,,,2031,,,,,,0.0
SpecifiedAnnualDemand,NDCCON,ECU,,E5MED6DABAMA,,,2032,,,,,,0.0
SpecifiedAnnualDemand,NDCCON,ECU,,E5MED6DABAMA,,,2033,,,,,,0.0
SpecifiedAnnualDemand,NDCCON,ECU,,E5MED6DABAMA,,,2034,,,,,,0.0
SpecifiedAnnualDemand,NDCCON,ECU,,E5MED6DABAMA,,,2035,,,,,,0.0
SpecifiedAnnualDemand,NDCCON,ECU,,E5MED6DEFAMA,,,2010,,,,,,0.0
SpecifiedAnnualDemand,NDCCON,ECU,,E5MED6DEFAMA,,,2011,,,,,,0.0
SpecifiedAnnualDemand,NDCCON,ECU,,E5MED6DEFAMA,,,2012,,,,,,0.0
SpecifiedAnnualDemand,NDCCON,ECU,,E5MED6DEFAMA,,,2013,,,,,,0.0
SpecifiedAnnualDemand,NDCCON,ECU,,E5MED6DEFAMA,,,2014,,,,,,0.0
SpecifiedAnnualDemand,NDCCON,ECU,,E5MED6DEFAMA,,,2015,,,,,,0.0
SpecifiedAnnualDemand,NDCCON,ECU,,E5MED6DEFAMA,,,2016,,,,,,0.0
SpecifiedAnnualDemand,NDCCON,ECU,,E5MED6DEFAMA,,,2017,,,,,,0.0
SpecifiedAnnualDemand,NDCCON,ECU,,E5MED6DEFAMA,,,2018,,,,,,0.0
SpecifiedAnnualDemand,NDCCON,ECU,,E5MED6DEFAMA,,,2019,,,,,,0.0
SpecifiedAnnualDemand,NDCCON,ECU,,E5MED6DEFAMA,,,2020,,,,,,0.0
SpecifiedAnnualDemand,NDCCON,ECU,,E5MED6DEFAMA,,,2021,,,,,,0.0
SpecifiedAnnualDemand,NDCCON,ECU,,E5MED6DEFAMA,,,2022,,,,,,0.0
SpecifiedAnnualDemand,NDCCON,ECU,,E5MED6DEFAMA,,,2023,,,,,,0.0
SpecifiedAnnualDemand,NDCCON,ECU,,E5MED6DEFAMA,,,2024,,,,,,0.0
SpecifiedAnnualDemand,NDCCON,ECU,,E5MED6DEFAMA,,,2025,,,,,,0.0
SpecifiedAnnualDemand,NDCCON,ECU,,E5MED6DEFAMA,,,2026,,,,,,0.0
SpecifiedAnnualDemand,NDCCON,ECU,,E5MED6DEFAMA,,,2027,,,,,,0.0
SpecifiedAnnualDemand,NDCCON,ECU,,E5MED6DEFAMA,,,2028,,,,,,0.0
SpecifiedAnnualDemand,NDCCON,ECU,,E5MED6DEFAMA,,,2029,,,,,,0.0
SpecifiedAnnualDemand,NDCCON,ECU,,E5MED6DEFAMA,,,2030,,,,,,0.0
SpecifiedAnnualDemand,NDCCON,ECU,,E5MED6DEFAMA,,,2031,,,,,,0.0
SpecifiedAnnualDemand,NDCCON,ECU,,E5MED6DEFAMA,,,2032,,,,,,0.0
SpecifiedAnnualDemand,NDCCON,ECU,,E5MED6DEFAMA,,,2033,,,,,,0.0
SpecifiedAnnualDemand,NDCCON,ECU,,E5MED6DEFAMA,,,2034,,,,,,0.0
SpecifiedAnnualDemand,NDCCON,ECU,,E5MED6DEFAMA,,,2035,,,,,,0.0
