PARAMETER,Scenario,REGION,TECHNOLOGY,FUEL,EMISSION,MODE_OF_OPERATION,YEAR,TIMESLICE,SEASON,DAYTYPE,DAILYTIMEBRACKET,STORAGE,Value
EmissionActivityRatio,NDC,ECU,T5NPRAND,,CO2e_CUT,1,2010,,,,,,46.892
EmissionActivityRatio,NDC,ECU,T5NPRAND,,CO2e_CUT,1,2011,,,,,,41.7337
EmissionActivityRatio,NDC,ECU,T5NPRAND,,CO2e_CUT,1,2012,,,,,,37.3278
EmissionActivityRatio,NDC,ECU,T5NPRAND,,CO2e_CUT,1,2013,,,,,,36.1499
EmissionActivityRatio,NDC,ECU,T5NPRAND,,CO2e_CUT,1,2014,,,,,,34.9923
EmissionActivityRatio,NDC,ECU,T5NPRAND,,CO2e_CUT,1,2015,,,,,,33.1001
EmissionActivityRatio,NDC,ECU,T5NPRAND,,CO2e_CUT,1,2016,,,,,,31.219
EmissionActivityRatio,NDC,ECU,T5NPRAND,,CO2e_CUT,1,2017,,,,,,30.5258
EmissionActivityRatio,NDC,ECU,T5NPRAND,,CO2e_CUT,1,2018,,,,,,29.8308
EmissionActivityRatio,NDC,ECU,T5NPRAND,,CO2e_CUT,1,2019,,,,,,26.3831
EmissionActivityRatio,NDC,ECU,T5NPRAND,,CO2e_CUT,1,2020,,,,,,24.8604
EmissionActivityRatio,NDC,ECU,T5NPRAND,,CO2e_CUT,1,2021,,,,,,25.4808
EmissionActivityRatio,NDC,ECU,T5NPRAND,,CO2e_CUT,1,2022,,,,,,23.8939
EmissionActivityRatio,NDC,ECU,T5NPRAND,,CO2e_CUT,1,2023,,,,,,32.4915
EmissionActivityRatio,NDC,ECU,T5NPRAND,,CO2e_CUT,1,2024,,,,,,32.4915
EmissionActivityRatio,NDC,ECU,T5NPRAND,,CO2e_CUT,1,2025,,,,,,32.4915
EmissionActivityRatio,NDC,ECU,T5NPRAND,,CO2e_CUT,1,2026,,,,,,32.4915
EmissionActivityRatio,NDC,ECU,T5NPRAND,,CO2e_CUT,1,2027,,,,,,32.4915
EmissionActivityRatio,NDC,ECU,T5NPRAND,,CO2e_CUT,1,2028,,,,,,32.4915
EmissionActivityRatio,NDC,ECU,T5NPRAND,,CO2e_CUT,1,2029,,,,,,32.4915
EmissionActivityRatio,NDC,ECU,T5NPRAND,,CO2e_CUT,1,2030,,,,,,32.4915
EmissionActivityRatio,NDC,ECU,T5NPRAND,,CO2e_CUT,1,2031,,,,,,32.4915
EmissionActivityRatio,NDC,ECU,T5NPRAND,,CO2e_CUT,1,2032,,,,,,32.4915
EmissionActivityRatio,NDC,ECU,T5NPRAND,,CO2e_CUT,1,2033,,,,,,32.4915
EmissionActivityRatio,NDC,ECU,T5NPRAND,,CO2e_CUT,1,2034,,,,,,32.4915
EmissionActivityRatio,NDC,ECU,T5NPRAND,,CO2e_CUT,1,2035,,,,,,32.4915
EmissionActivityRatio,NDC,ECU,T5NPRPLU,,CO2e_CUT,1,2010,,,,,,0.3315
EmissionActivityRatio,NDC,ECU,T5NPRPLU,,CO2e_CUT,1,2011,,,,,,0.1511
EmissionActivityRatio,NDC,ECU,T5NPRPLU,,CO2e_CUT,1,2012,,,,,,-0.0139
EmissionActivityRatio,NDC,ECU,T5NPRPLU,,CO2e_CUT,1,2013,,,,,,-0.1317
EmissionActivityRatio,NDC,ECU,T5NPRPLU,,CO2e_CUT,1,2014,,,,,,-0.2425
EmissionActivityRatio,NDC,ECU,T5NPRPLU,,CO2e_CUT,1,2015,,,,,,-0.3326
EmissionActivityRatio,NDC,ECU,T5NPRPLU,,CO2e_CUT,1,2016,,,,,,-0.423
EmissionActivityRatio,NDC,ECU,T5NPRPLU,,CO2e_CUT,1,2017,,,,,,-0.4621
EmissionActivityRatio,NDC,ECU,T5NPRPLU,,CO2e_CUT,1,2018,,,,,,-0.5013
EmissionActivityRatio,NDC,ECU,T5NPRPLU,,CO2e_CUT,1,2019,,,,,,-0.663
EmissionActivityRatio,NDC,ECU,T5NPRPLU,,CO2e_CUT,1,2020,,,,,,-0.7399
EmissionActivityRatio,NDC,ECU,T5NPRPLU,,CO2e_CUT,1,2021,,,,,,-0.8083
EmissionActivityRatio,NDC,ECU,T5NPRPLU,,CO2e_CUT,1,2022,,,,,,-0.8794
EmissionActivityRatio,NDC,ECU,T5NPRPLU,,CO2e_CUT,1,2023,,,,,,-0.3627
EmissionActivityRatio,NDC,ECU,T5NPRPLU,,CO2e_CUT,1,2024,,,,,,-0.3627
EmissionActivityRatio,NDC,ECU,T5NPRPLU,,CO2e_CUT,1,2025,,,,,,-0.3627
EmissionActivityRatio,NDC,ECU,T5NPRPLU,,CO2e_CUT,1,2026,,,,,,-0.3627
EmissionActivityRatio,NDC,ECU,T5NPRPLU,,CO2e_CUT,1,2027,,,,,,-0.3627
EmissionActivityRatio,NDC,ECU,T5NPRPLU,,CO2e_CUT,1,2028,,,,,,-0.3627
EmissionActivityRatio,NDC,ECU,T5NPRPLU,,CO2e_CUT,1,2029,,,,,,-0.3627
EmissionActivityRatio,NDC,ECU,T5NPRPLU,,CO2e_CUT,1,2030,,,,,,-0.3627
EmissionActivityRatio,NDC,ECU,T5NPRPLU,,CO2e_CUT,1,2031,,,,,,-0.3627
EmissionActivityRatio,NDC,ECU,T5NPRPLU,,CO2e_CUT,1,2032,,,,,,-0.3627
EmissionActivityRatio,NDC,ECU,T5NPRPLU,,CO2e_CUT,1,2033,,,,,,-0.3627
EmissionActivityRatio,NDC,ECU,T5NPRPLU,,CO2e_CUT,1,2034,,,,,,-0.3627
EmissionActivityRatio,NDC,ECU,T5NPRPLU,,CO2e_CUT,1,2035,,,,,,-0.3627
EmissionActivityRatio,NDC,ECU,T5NPRMON,,CO2e_CUT,1,2010,,,,,,-0.4633
EmissionActivityRatio,NDC,ECU,T5NPRMON,,CO2e_CUT,1,2011,,,,,,-0.4944
EmissionActivityRatio,NDC,ECU,T5NPRMON,,CO2e_CUT,1,2012,,,,,,-0.5252
EmissionActivityRatio,NDC,ECU,T5NPRMON,,CO2e_CUT,1,2013,,,,,,-0.7026
EmissionActivityRatio,NDC,ECU,T5NPRMON,,CO2e_CUT,1,2014,,,,,,-0.8701
EmissionActivityRatio,NDC,ECU,T5NPRMON,,CO2e_CUT,1,2015,,,,,,-0.9688
EmissionActivityRatio,NDC,ECU,T5NPRMON,,CO2e_CUT,1,2016,,,,,,-1.0673
EmissionActivityRatio,NDC,ECU,T5NPRMON,,CO2e_CUT,1,2017,,,,,,-1.124
EmissionActivityRatio,NDC,ECU,T5NPRMON,,CO2e_CUT,1,2018,,,,,,-1.1797
EmissionActivityRatio,NDC,ECU,T5NPRMON,,CO2e_CUT,1,2019,,,,,,-1.3446
EmissionActivityRatio,NDC,ECU,T5NPRMON,,CO2e_CUT,1,2020,,,,,,-1.4442
EmissionActivityRatio,NDC,ECU,T5NPRMON,,CO2e_CUT,1,2021,,,,,,-1.5265
EmissionActivityRatio,NDC,ECU,T5NPRMON,,CO2e_CUT,1,2022,,,,,,-1.5974
EmissionActivityRatio,NDC,ECU,T5NPRMON,,CO2e_CUT,1,2023,,,,,,-1.0237
EmissionActivityRatio,NDC,ECU,T5NPRMON,,CO2e_CUT,1,2024,,,,,,-1.0237
EmissionActivityRatio,NDC,ECU,T5NPRMON,,CO2e_CUT,1,2025,,,,,,-1.0237
EmissionActivityRatio,NDC,ECU,T5NPRMON,,CO2e_CUT,1,2026,,,,,,-1.0237
EmissionActivityRatio,NDC,ECU,T5NPRMON,,CO2e_CUT,1,2027,,,,,,-1.0237
EmissionActivityRatio,NDC,ECU,T5NPRMON,,CO2e_CUT,1,2028,,,,,,-1.0237
EmissionActivityRatio,NDC,ECU,T5NPRMON,,CO2e_CUT,1,2029,,,,,,-1.0237
EmissionActivityRatio,NDC,ECU,T5NPRMON,,CO2e_CUT,1,2030,,,,,,-1.0237
EmissionActivityRatio,NDC,ECU,T5NPRMON,,CO2e_CUT,1,2031,,,,,,-1.0237
EmissionActivityRatio,NDC,ECU,T5NPRMON,,CO2e_CUT,1,2032,,,,,,-1.0237
EmissionActivityRatio,NDC,ECU,T5NPRMON,,CO2e_CUT,1,2033,,,,,,-1.0237
EmissionActivityRatio,NDC,ECU,T5NPRMON,,CO2e_CUT,1,2034,,,,,,-1.0237
EmissionActivityRatio,NDC,ECU,T5NPRMON,,CO2e_CUT,1,2035,,,,,,-1.0237
EmissionActivityRatio,NDC,ECU,T5NPRPIE,,CO2e_CUT,1,2010,,,,,,-2.5206
EmissionActivityRatio,NDC,ECU,T5NPRPIE,,CO2e_CUT,1,2011,,,,,,-2.5865
EmissionActivityRatio,NDC,ECU,T5NPRPIE,,CO2e_CUT,1,2012,,,,,,-2.652
EmissionActivityRatio,NDC,ECU,T5NPRPIE,,CO2e_CUT,1,2013,,,,,,-3.0443
EmissionActivityRatio,NDC,ECU,T5NPRPIE,,CO2e_CUT,1,2014,,,,,,-3.4083
EmissionActivityRatio,NDC,ECU,T5NPRPIE,,CO2e_CUT,1,2015,,,,,,-3.5623
EmissionActivityRatio,NDC,ECU,T5NPRPIE,,CO2e_CUT,1,2016,,,,,,-3.7166
EmissionActivityRatio,NDC,ECU,T5NPRPIE,,CO2e_CUT,1,2017,,,,,,-3.8344
EmissionActivityRatio,NDC,ECU,T5NPRPIE,,CO2e_CUT,1,2018,,,,,,-3.9484
EmissionActivityRatio,NDC,ECU,T5NPRPIE,,CO2e_CUT,1,2019,,,,,,-4.0679
EmissionActivityRatio,NDC,ECU,T5NPRPIE,,CO2e_CUT,1,2020,,,,,,-4.2055
EmissionActivityRatio,NDC,ECU,T5NPRPIE,,CO2e_CUT,1,2021,,,,,,-4.2639
EmissionActivityRatio,NDC,ECU,T5NPRPIE,,CO2e_CUT,1,2022,,,,,,-4.3349
EmissionActivityRatio,NDC,ECU,T5NPRPIE,,CO2e_CUT,1,2023,,,,,,-3.5497
EmissionActivityRatio,NDC,ECU,T5NPRPIE,,CO2e_CUT,1,2024,,,,,,-3.5497
EmissionActivityRatio,NDC,ECU,T5NPRPIE,,CO2e_CUT,1,2025,,,,,,-3.5497
EmissionActivityRatio,NDC,ECU,T5NPRPIE,,CO2e_CUT,1,2026,,,,,,-3.5497
EmissionActivityRatio,NDC,ECU,T5NPRPIE,,CO2e_CUT,1,2027,,,,,,-3.5497
EmissionActivityRatio,NDC,ECU,T5NPRPIE,,CO2e_CUT,1,2028,,,,,,-3.5497
EmissionActivityRatio,NDC,ECU,T5NPRPIE,,CO2e_CUT,1,2029,,,,,,-3.5497
EmissionActivityRatio,NDC,ECU,T5NPRPIE,,CO2e_CUT,1,2030,,,,,,-3.5497
EmissionActivityRatio,NDC,ECU,T5NPRPIE,,CO2e_CUT,1,2031,,,,,,-3.5497
EmissionActivityRatio,NDC,ECU,T5NPRPIE,,CO2e_CUT,1,2032,,,,,,-3.5497
EmissionActivityRatio,NDC,ECU,T5NPRPIE,,CO2e_CUT,1,2033,,,,,,-3.5497
EmissionActivityRatio,NDC,ECU,T5NPRPIE,,CO2e_CUT,1,2034,,,,,,-3.5497
EmissionActivityRatio,NDC,ECU,T5NPRPIE,,CO2e_CUT,1,2035,,,,,,-3.5497
EmissionActivityRatio,NDC,ECU,T5NPRCEJ,,CO2e_CUT,1,2010,,,,,,0.5013
EmissionActivityRatio,NDC,ECU,T5NPRCEJ,,CO2e_CUT,1,2011,,,,,,0.5473
EmissionActivityRatio,NDC,ECU,T5NPRCEJ,,CO2e_CUT,1,2012,,,,,,0.5926
EmissionActivityRatio,NDC,ECU,T5NPRCEJ,,CO2e_CUT,1,2013,,,,,,0.2919
EmissionActivityRatio,NDC,ECU,T5NPRCEJ,,CO2e_CUT,1,2014,,,,,,0.001
EmissionActivityRatio,NDC,ECU,T5NPRCEJ,,CO2e_CUT,1,2015,,,,,,-0.134
EmissionActivityRatio,NDC,ECU,T5NPRCEJ,,CO2e_CUT,1,2016,,,,,,-0.2682
EmissionActivityRatio,NDC,ECU,T5NPRCEJ,,CO2e_CUT,1,2017,,,,,,-0.4444
EmissionActivityRatio,NDC,ECU,T5NPRCEJ,,CO2e_CUT,1,2018,,,,,,-0.605
EmissionActivityRatio,NDC,ECU,T5NPRCEJ,,CO2e_CUT,1,2019,,,,,,-0.7912
EmissionActivityRatio,NDC,ECU,T5NPRCEJ,,CO2e_CUT,1,2020,,,,,,-0.9459
EmissionActivityRatio,NDC,ECU,T5NPRCEJ,,CO2e_CUT,1,2021,,,,,,-1.0534
EmissionActivityRatio,NDC,ECU,T5NPRCEJ,,CO2e_CUT,1,2022,,,,,,-1.1323
EmissionActivityRatio,NDC,ECU,T5NPRCEJ,,CO2e_CUT,1,2023,,,,,,-0.2646
EmissionActivityRatio,NDC,ECU,T5NPRCEJ,,CO2e_CUT,1,2024,,,,,,-0.2646
EmissionActivityRatio,NDC,ECU,T5NPRCEJ,,CO2e_CUT,1,2025,,,,,,-0.2646
EmissionActivityRatio,NDC,ECU,T5NPRCEJ,,CO2e_CUT,1,2026,,,,,,-0.2646
EmissionActivityRatio,NDC,ECU,T5NPRCEJ,,CO2e_CUT,1,2027,,,,,,-0.2646
EmissionActivityRatio,NDC,ECU,T5NPRCEJ,,CO2e_CUT,1,2028,,,,,,-0.2646
EmissionActivityRatio,NDC,ECU,T5NPRCEJ,,CO2e_CUT,1,2029,,,,,,-0.2646
EmissionActivityRatio,NDC,ECU,T5NPRCEJ,,CO2e_CUT,1,2030,,,,,,-0.2646
EmissionActivityRatio,NDC,ECU,T5NPRCEJ,,CO2e_CUT,1,2031,,,,,,-0.2646
EmissionActivityRatio,NDC,ECU,T5NPRCEJ,,CO2e_CUT,1,2032,,,,,,-0.2646
EmissionActivityRatio,NDC,ECU,T5NPRCEJ,,CO2e_CUT,1,2033,,,,,,-0.2646
EmissionActivityRatio,NDC,ECU,T5NPRCEJ,,CO2e_CUT,1,2034,,,,,,-0.2646
EmissionActivityRatio,NDC,ECU,T5NPRCEJ,,CO2e_CUT,1,2035,,,,,,-0.2646
EmissionActivityRatio,NDC,ECU,T5NPRAMA,,CO2e_CUT,1,2010,,,,,,-5.3798
EmissionActivityRatio,NDC,ECU,T5NPRAMA,,CO2e_CUT,1,2011,,,,,,-5.6175
EmissionActivityRatio,NDC,ECU,T5NPRAMA,,CO2e_CUT,1,2012,,,,,,-5.8245
EmissionActivityRatio,NDC,ECU,T5NPRAMA,,CO2e_CUT,1,2013,,,,,,-5.9268
EmissionActivityRatio,NDC,ECU,T5NPRAMA,,CO2e_CUT,1,2014,,,,,,-6.0249
EmissionActivityRatio,NDC,ECU,T5NPRAMA,,CO2e_CUT,1,2015,,,,,,-6.0857
EmissionActivityRatio,NDC,ECU,T5NPRAMA,,CO2e_CUT,1,2016,,,,,,-6.1452
EmissionActivityRatio,NDC,ECU,T5NPRAMA,,CO2e_CUT,1,2017,,,,,,-6.1868
EmissionActivityRatio,NDC,ECU,T5NPRAMA,,CO2e_CUT,1,2018,,,,,,-6.2267
EmissionActivityRatio,NDC,ECU,T5NPRAMA,,CO2e_CUT,1,2019,,,,,,-6.0829
EmissionActivityRatio,NDC,ECU,T5NPRAMA,,CO2e_CUT,1,2020,,,,,,-6.067
EmissionActivityRatio,NDC,ECU,T5NPRAMA,,CO2e_CUT,1,2021,,,,,,-6.0259
EmissionActivityRatio,NDC,ECU,T5NPRAMA,,CO2e_CUT,1,2022,,,,,,-5.9952
EmissionActivityRatio,NDC,ECU,T5NPRAMA,,CO2e_CUT,1,2023,,,,,,-5.9684
EmissionActivityRatio,NDC,ECU,T5NPRAMA,,CO2e_CUT,1,2024,,,,,,-5.9684
EmissionActivityRatio,NDC,ECU,T5NPRAMA,,CO2e_CUT,1,2025,,,,,,-5.9684
EmissionActivityRatio,NDC,ECU,T5NPRAMA,,CO2e_CUT,1,2026,,,,,,-5.9684
EmissionActivityRatio,NDC,ECU,T5NPRAMA,,CO2e_CUT,1,2027,,,,,,-5.9684
EmissionActivityRatio,NDC,ECU,T5NPRAMA,,CO2e_CUT,1,2028,,,,,,-5.9684
EmissionActivityRatio,NDC,ECU,T5NPRAMA,,CO2e_CUT,1,2029,,,,,,-5.9684
EmissionActivityRatio,NDC,ECU,T5NPRAMA,,CO2e_CUT,1,2030,,,,,,-5.9684
EmissionActivityRatio,NDC,ECU,T5NPRAMA,,CO2e_CUT,1,2031,,,,,,-5.9684
EmissionActivityRatio,NDC,ECU,T5NPRAMA,,CO2e_CUT,1,2032,,,,,,-5.9684
EmissionActivityRatio,NDC,ECU,T5NPRAMA,,CO2e_CUT,1,2033,,,,,,-5.9684
EmissionActivityRatio,NDC,ECU,T5NPRAMA,,CO2e_CUT,1,2034,,,,,,-5.9684
EmissionActivityRatio,NDC,ECU,T5NPRAMA,,CO2e_CUT,1,2035,,,,,,-5.9684
EmissionActivityRatio,NDC,ECU,T5NPRCHO,,CO2e_CUT,1,2010,,,,,,-4.3845
EmissionActivityRatio,NDC,ECU,T5NPRCHO,,CO2e_CUT,1,2011,,,,,,-4.6309
EmissionActivityRatio,NDC,ECU,T5NPRCHO,,CO2e_CUT,1,2012,,,,,,-4.8736
EmissionActivityRatio,NDC,ECU,T5NPRCHO,,CO2e_CUT,1,2013,,,,,,-5.0506
EmissionActivityRatio,NDC,ECU,T5NPRCHO,,CO2e_CUT,1,2014,,,,,,-5.2223
EmissionActivityRatio,NDC,ECU,T5NPRCHO,,CO2e_CUT,1,2015,,,,,,-5.3048
EmissionActivityRatio,NDC,ECU,T5NPRCHO,,CO2e_CUT,1,2016,,,,,,-5.3904
EmissionActivityRatio,NDC,ECU,T5NPRCHO,,CO2e_CUT,1,2017,,,,,,-5.4493
EmissionActivityRatio,NDC,ECU,T5NPRCHO,,CO2e_CUT,1,2018,,,,,,-5.5085
EmissionActivityRatio,NDC,ECU,T5NPRCHO,,CO2e_CUT,1,2019,,,,,,-5.3006
EmissionActivityRatio,NDC,ECU,T5NPRCHO,,CO2e_CUT,1,2020,,,,,,-5.2948
EmissionActivityRatio,NDC,ECU,T5NPRCHO,,CO2e_CUT,1,2021,,,,,,-5.1524
EmissionActivityRatio,NDC,ECU,T5NPRCHO,,CO2e_CUT,1,2022,,,,,,-5.1156
EmissionActivityRatio,NDC,ECU,T5NPRCHO,,CO2e_CUT,1,2023,,,,,,-5.1291
EmissionActivityRatio,NDC,ECU,T5NPRCHO,,CO2e_CUT,1,2024,,,,,,-5.1291
EmissionActivityRatio,NDC,ECU,T5NPRCHO,,CO2e_CUT,1,2025,,,,,,-5.1291
EmissionActivityRatio,NDC,ECU,T5NPRCHO,,CO2e_CUT,1,2026,,,,,,-5.1291
EmissionActivityRatio,NDC,ECU,T5NPRCHO,,CO2e_CUT,1,2027,,,,,,-5.1291
EmissionActivityRatio,NDC,ECU,T5NPRCHO,,CO2e_CUT,1,2028,,,,,,-5.1291
EmissionActivityRatio,NDC,ECU,T5NPRCHO,,CO2e_CUT,1,2029,,,,,,-5.1291
EmissionActivityRatio,NDC,ECU,T5NPRCHO,,CO2e_CUT,1,2030,,,,,,-5.1291
EmissionActivityRatio,NDC,ECU,T5NPRCHO,,CO2e_CUT,1,2031,,,,,,-5.1291
EmissionActivityRatio,NDC,ECU,T5NPRCHO,,CO2e_CUT,1,2032,,,,,,-5.1291
EmissionActivityRatio,NDC,ECU,T5NPRCHO,,CO2e_CUT,1,2033,,,,,,-5.1291
EmissionActivityRatio,NDC,ECU,T5NPRCHO,,CO2e_CUT,1,2034,,,,,,-5.1291
EmissionActivityRatio,NDC,ECU,T5NPRCHO,,CO2e_CUT,1,2035,,,,,,-5.1291
EmissionActivityRatio,NDC,ECU,T5NPRMAN,,CO2e_CUT,1,2010,,,,,,-6.6245
EmissionActivityRatio,NDC,ECU,T5NPRMAN,,CO2e_CUT,1,2011,,,,,,-6.6245
EmissionActivityRatio,NDC,ECU,T5NPRMAN,,CO2e_CUT,1,2012,,,,,,-6.6245
EmissionActivityRatio,NDC,ECU,T5NPRMAN,,CO2e_CUT,1,2013,,,,,,-6.6245
EmissionActivityRatio,NDC,ECU,T5NPRMAN,,CO2e_CUT,1,2014,,,,,,-6.6245
EmissionActivityRatio,NDC,ECU,T5NPRMAN,,CO2e_CUT,1,2015,,,,,,-6.6245
EmissionActivityRatio,NDC,ECU,T5NPRMAN,,CO2e_CUT,1,2016,,,,,,-6.6245
EmissionActivityRatio,NDC,ECU,T5NPRMAN,,CO2e_CUT,1,2017,,,,,,-6.6245
EmissionActivityRatio,NDC,ECU,T5NPRMAN,,CO2e_CUT,1,2018,,,,,,-6.6245
EmissionActivityRatio,NDC,ECU,T5NPRMAN,,CO2e_CUT,1,2019,,,,,,-6.6245
EmissionActivityRatio,NDC,ECU,T5NPRMAN,,CO2e_CUT,1,2020,,,,,,-6.6245
EmissionActivityRatio,NDC,ECU,T5NPRMAN,,CO2e_CUT,1,2021,,,,,,-6.6245
EmissionActivityRatio,NDC,ECU,T5NPRMAN,,CO2e_CUT,1,2022,,,,,,-6.6245
EmissionActivityRatio,NDC,ECU,T5NPRMAN,,CO2e_CUT,1,2023,,,,,,-6.6245
EmissionActivityRatio,NDC,ECU,T5NPRMAN,,CO2e_CUT,1,2024,,,,,,-6.6245
EmissionActivityRatio,NDC,ECU,T5NPRMAN,,CO2e_CUT,1,2025,,,,,,-6.6245
EmissionActivityRatio,NDC,ECU,T5NPRMAN,,CO2e_CUT,1,2026,,,,,,-6.6245
EmissionActivityRatio,NDC,ECU,T5NPRMAN,,CO2e_CUT,1,2027,,,,,,-6.6245
EmissionActivityRatio,NDC,ECU,T5NPRMAN,,CO2e_CUT,1,2028,,,,,,-6.6245
EmissionActivityRatio,NDC,ECU,T5NPRMAN,,CO2e_CUT,1,2029,,,,,,-6.6245
EmissionActivityRatio,NDC,ECU,T5NPRMAN,,CO2e_CUT,1,2030,,,,,,-6.6245
EmissionActivityRatio,NDC,ECU,T5NPRMAN,,CO2e_CUT,1,2031,,,,,,-6.6245
EmissionActivityRatio,NDC,ECU,T5NPRMAN,,CO2e_CUT,1,2032,,,,,,-6.6245
EmissionActivityRatio,NDC,ECU,T5NPRMAN,,CO2e_CUT,1,2033,,,,,,-6.6245
EmissionActivityRatio,NDC,ECU,T5NPRMAN,,CO2e_CUT,1,2034,,,,,,-6.6245
EmissionActivityRatio,NDC,ECU,T5NPRMAN,,CO2e_CUT,1,2035,,,,,,-6.6245
EmissionActivityRatio,NDC,ECU,T5NPRMOR,,CO2e_CUT,1,2010,,,,,,-6.4927
EmissionActivityRatio,NDC,ECU,T5NPRMOR,,CO2e_CUT,1,2011,,,,,,-6.4972
EmissionActivityRatio,NDC,ECU,T5NPRMOR,,CO2e_CUT,1,2012,,,,,,-6.5017
EmissionActivityRatio,NDC,ECU,T5NPRMOR,,CO2e_CUT,1,2013,,,,,,-6.5059
EmissionActivityRatio,NDC,ECU,T5NPRMOR,,CO2e_CUT,1,2014,,,,,,-6.51
EmissionActivityRatio,NDC,ECU,T5NPRMOR,,CO2e_CUT,1,2015,,,,,,-6.518
EmissionActivityRatio,NDC,ECU,T5NPRMOR,,CO2e_CUT,1,2016,,,,,,-6.5257
EmissionActivityRatio,NDC,ECU,T5NPRMOR,,CO2e_CUT,1,2017,,,,,,-6.5286
EmissionActivityRatio,NDC,ECU,T5NPRMOR,,CO2e_CUT,1,2018,,,,,,-6.5314
EmissionActivityRatio,NDC,ECU,T5NPRMOR,,CO2e_CUT,1,2019,,,,,,-6.5417
EmissionActivityRatio,NDC,ECU,T5NPRMOR,,CO2e_CUT,1,2020,,,,,,-6.5461
EmissionActivityRatio,NDC,ECU,T5NPRMOR,,CO2e_CUT,1,2021,,,,,,-6.543
EmissionActivityRatio,NDC,ECU,T5NPRMOR,,CO2e_CUT,1,2022,,,,,,-6.5478
EmissionActivityRatio,NDC,ECU,T5NPRMOR,,CO2e_CUT,1,2023,,,,,,-6.5223
EmissionActivityRatio,NDC,ECU,T5NPRMOR,,CO2e_CUT,1,2024,,,,,,-6.5223
EmissionActivityRatio,NDC,ECU,T5NPRMOR,,CO2e_CUT,1,2025,,,,,,-6.5223
EmissionActivityRatio,NDC,ECU,T5NPRMOR,,CO2e_CUT,1,2026,,,,,,-6.5223
EmissionActivityRatio,NDC,ECU,T5NPRMOR,,CO2e_CUT,1,2027,,,,,,-6.5223
EmissionActivityRatio,NDC,ECU,T5NPRMOR,,CO2e_CUT,1,2028,,,,,,-6.5223
EmissionActivityRatio,NDC,ECU,T5NPRMOR,,CO2e_CUT,1,2029,,,,,,-6.5223
EmissionActivityRatio,NDC,ECU,T5NPRMOR,,CO2e_CUT,1,2030,,,,,,-6.5223
EmissionActivityRatio,NDC,ECU,T5NPRMOR,,CO2e_CUT,1,2031,,,,,,-6.5223
EmissionActivityRatio,NDC,ECU,T5NPRMOR,,CO2e_CUT,1,2032,,,,,,-6.5223
EmissionActivityRatio,NDC,ECU,T5NPRMOR,,CO2e_CUT,1,2033,,,,,,-6.5223
EmissionActivityRatio,NDC,ECU,T5NPRMOR,,CO2e_CUT,1,2034,,,,,,-6.5223
EmissionActivityRatio,NDC,ECU,T5NPRMOR,,CO2e_CUT,1,2035,,,,,,-6.5223
EmissionActivityRatio,NDC,ECU,T5NPRPFO,,CO2e_CUT,1,2010,,,,,,55.8289
EmissionActivityRatio,NDC,ECU,T5NPRPFO,,CO2e_CUT,1,2011,,,,,,68.1654
EmissionActivityRatio,NDC,ECU,T5NPRPFO,,CO2e_CUT,1,2012,,,,,,80.5019
EmissionActivityRatio,NDC,ECU,T5NPRPFO,,CO2e_CUT,1,2013,,,,,,93.0682
EmissionActivityRatio,NDC,ECU,T5NPRPFO,,CO2e_CUT,1,2014,,,,,,105.6344
EmissionActivityRatio,NDC,ECU,T5NPRPFO,,CO2e_CUT,1,2015,,,,,,71.0105
EmissionActivityRatio,NDC,ECU,T5NPRPFO,,CO2e_CUT,1,2016,,,,,,58.6092
EmissionActivityRatio,NDC,ECU,T5NPRPFO,,CO2e_CUT,1,2017,,,,,,56.1529
EmissionActivityRatio,NDC,ECU,T5NPRPFO,,CO2e_CUT,1,2018,,,,,,53.4472
EmissionActivityRatio,NDC,ECU,T5NPRPFO,,CO2e_CUT,1,2019,,,,,,46.374
EmissionActivityRatio,NDC,ECU,T5NPRPFO,,CO2e_CUT,1,2020,,,,,,52.9883
EmissionActivityRatio,NDC,ECU,T5NPRPFO,,CO2e_CUT,1,2021,,,,,,64.4651
EmissionActivityRatio,NDC,ECU,T5NPRPFO,,CO2e_CUT,1,2022,,,,,,75.784
EmissionActivityRatio,NDC,ECU,T5NPRPFO,,CO2e_CUT,1,2023,,,,,,67.8485
EmissionActivityRatio,NDC,ECU,T5NPRPFO,,CO2e_CUT,1,2024,,,,,,67.8485
EmissionActivityRatio,NDC,ECU,T5NPRPFO,,CO2e_CUT,1,2025,,,,,,67.8485
EmissionActivityRatio,NDC,ECU,T5NPRPFO,,CO2e_CUT,1,2026,,,,,,67.8485
EmissionActivityRatio,NDC,ECU,T5NPRPFO,,CO2e_CUT,1,2027,,,,,,67.8485
EmissionActivityRatio,NDC,ECU,T5NPRPFO,,CO2e_CUT,1,2028,,,,,,67.8485
EmissionActivityRatio,NDC,ECU,T5NPRPFO,,CO2e_CUT,1,2029,,,,,,67.8485
EmissionActivityRatio,NDC,ECU,T5NPRPFO,,CO2e_CUT,1,2030,,,,,,67.8485
EmissionActivityRatio,NDC,ECU,T5NPRPFO,,CO2e_CUT,1,2031,,,,,,67.8485
EmissionActivityRatio,NDC,ECU,T5NPRPFO,,CO2e_CUT,1,2032,,,,,,67.8485
EmissionActivityRatio,NDC,ECU,T5NPRPFO,,CO2e_CUT,1,2033,,,,,,67.8485
EmissionActivityRatio,NDC,ECU,T5NPRPFO,,CO2e_CUT,1,2034,,,,,,67.8485
EmissionActivityRatio,NDC,ECU,T5NPRPFO,,CO2e_CUT,1,2035,,,,,,67.8485
EmissionActivityRatio,NDC,ECU,SUPCAMCROAND,,CO2e_CUT,1,2010,,,,,,-21.1982
EmissionActivityRatio,NDC,ECU,SUPCAMCROAND,,CO2e_CUT,1,2011,,,,,,-21.1982
EmissionActivityRatio,NDC,ECU,SUPCAMCROAND,,CO2e_CUT,1,2012,,,,,,-21.1982
EmissionActivityRatio,NDC,ECU,SUPCAMCROAND,,CO2e_CUT,1,2013,,,,,,-21.1982
EmissionActivityRatio,NDC,ECU,SUPCAMCROAND,,CO2e_CUT,1,2014,,,,,,-21.1982
EmissionActivityRatio,NDC,ECU,SUPCAMCROAND,,CO2e_CUT,1,2015,,,,,,-21.1982
EmissionActivityRatio,NDC,ECU,SUPCAMCROAND,,CO2e_CUT,1,2016,,,,,,-21.1982
EmissionActivityRatio,NDC,ECU,SUPCAMCROAND,,CO2e_CUT,1,2017,,,,,,-21.1982
EmissionActivityRatio,NDC,ECU,SUPCAMCROAND,,CO2e_CUT,1,2018,,,,,,-21.1982
EmissionActivityRatio,NDC,ECU,SUPCAMCROAND,,CO2e_CUT,1,2019,,,,,,-21.1982
EmissionActivityRatio,NDC,ECU,SUPCAMCROAND,,CO2e_CUT,1,2020,,,,,,-21.1982
EmissionActivityRatio,NDC,ECU,SUPCAMCROAND,,CO2e_CUT,1,2021,,,,,,-21.1982
EmissionActivityRatio,NDC,ECU,SUPCAMCROAND,,CO2e_CUT,1,2022,,,,,,-21.1982
EmissionActivityRatio,NDC,ECU,SUPCAMCROAND,,CO2e_CUT,1,2023,,,,,,-21.1982
EmissionActivityRatio,NDC,ECU,SUPCAMCROAND,,CO2e_CUT,1,2024,,,,,,-21.1982
EmissionActivityRatio,NDC,ECU,SUPCAMCROAND,,CO2e_CUT,1,2025,,,,,,-21.1982
EmissionActivityRatio,NDC,ECU,SUPCAMCROAND,,CO2e_CUT,1,2026,,,,,,-21.1982
EmissionActivityRatio,NDC,ECU,SUPCAMCROAND,,CO2e_CUT,1,2027,,,,,,-21.1982
EmissionActivityRatio,NDC,ECU,SUPCAMCROAND,,CO2e_CUT,1,2028,,,,,,-21.1982
EmissionActivityRatio,NDC,ECU,SUPCAMCROAND,,CO2e_CUT,1,2029,,,,,,-21.1982
EmissionActivityRatio,NDC,ECU,SUPCAMCROAND,,CO2e_CUT,1,2030,,,,,,-21.1982
EmissionActivityRatio,NDC,ECU,SUPCAMCROAND,,CO2e_CUT,1,2031,,,,,,-21.1982
EmissionActivityRatio,NDC,ECU,SUPCAMCROAND,,CO2e_CUT,1,2032,,,,,,-21.1982
EmissionActivityRatio,NDC,ECU,SUPCAMCROAND,,CO2e_CUT,1,2033,,,,,,-21.1982
EmissionActivityRatio,NDC,ECU,SUPCAMCROAND,,CO2e_CUT,1,2034,,,,,,-21.1982
EmissionActivityRatio,NDC,ECU,SUPCAMCROAND,,CO2e_CUT,1,2035,,,,,,-21.1982
EmissionActivityRatio,NDC,ECU,SUPCAMCROPLU,,CO2e_CUT,1,2010,,,,,,-21.1982
EmissionActivityRatio,NDC,ECU,SUPCAMCROPLU,,CO2e_CUT,1,2011,,,,,,-21.1982
EmissionActivityRatio,NDC,ECU,SUPCAMCROPLU,,CO2e_CUT,1,2012,,,,,,-21.1982
EmissionActivityRatio,NDC,ECU,SUPCAMCROPLU,,CO2e_CUT,1,2013,,,,,,-21.1982
EmissionActivityRatio,NDC,ECU,SUPCAMCROPLU,,CO2e_CUT,1,2014,,,,,,-21.1982
EmissionActivityRatio,NDC,ECU,SUPCAMCROPLU,,CO2e_CUT,1,2015,,,,,,-21.1982
EmissionActivityRatio,NDC,ECU,SUPCAMCROPLU,,CO2e_CUT,1,2016,,,,,,-21.1982
EmissionActivityRatio,NDC,ECU,SUPCAMCROPLU,,CO2e_CUT,1,2017,,,,,,-21.1982
EmissionActivityRatio,NDC,ECU,SUPCAMCROPLU,,CO2e_CUT,1,2018,,,,,,-21.1982
EmissionActivityRatio,NDC,ECU,SUPCAMCROPLU,,CO2e_CUT,1,2019,,,,,,-21.1982
EmissionActivityRatio,NDC,ECU,SUPCAMCROPLU,,CO2e_CUT,1,2020,,,,,,-21.1982
EmissionActivityRatio,NDC,ECU,SUPCAMCROPLU,,CO2e_CUT,1,2021,,,,,,-21.1982
EmissionActivityRatio,NDC,ECU,SUPCAMCROPLU,,CO2e_CUT,1,2022,,,,,,-21.1982
EmissionActivityRatio,NDC,ECU,SUPCAMCROPLU,,CO2e_CUT,1,2023,,,,,,-21.1982
EmissionActivityRatio,NDC,ECU,SUPCAMCROPLU,,CO2e_CUT,1,2024,,,,,,-21.1982
EmissionActivityRatio,NDC,ECU,SUPCAMCROPLU,,CO2e_CUT,1,2025,,,,,,-21.1982
EmissionActivityRatio,NDC,ECU,SUPCAMCROPLU,,CO2e_CUT,1,2026,,,,,,-21.1982
EmissionActivityRatio,NDC,ECU,SUPCAMCROPLU,,CO2e_CUT,1,2027,,,,,,-21.1982
EmissionActivityRatio,NDC,ECU,SUPCAMCROPLU,,CO2e_CUT,1,2028,,,,,,-21.1982
EmissionActivityRatio,NDC,ECU,SUPCAMCROPLU,,CO2e_CUT,1,2029,,,,,,-21.1982
EmissionActivityRatio,NDC,ECU,SUPCAMCROPLU,,CO2e_CUT,1,2030,,,,,,-21.1982
EmissionActivityRatio,NDC,ECU,SUPCAMCROPLU,,CO2e_CUT,1,2031,,,,,,-21.1982
EmissionActivityRatio,NDC,ECU,SUPCAMCROPLU,,CO2e_CUT,1,2032,,,,,,-21.1982
EmissionActivityRatio,NDC,ECU,SUPCAMCROPLU,,CO2e_CUT,1,2033,,,,,,-21.1982
EmissionActivityRatio,NDC,ECU,SUPCAMCROPLU,,CO2e_CUT,1,2034,,,,,,-21.1982
EmissionActivityRatio,NDC,ECU,SUPCAMCROPLU,,CO2e_CUT,1,2035,,,,,,-21.1982
EmissionActivityRatio,NDC,ECU,SUPCAMCROMON,,CO2e_CUT,1,2010,,,,,,-21.1982
EmissionActivityRatio,NDC,ECU,SUPCAMCROMON,,CO2e_CUT,1,2011,,,,,,-21.1982
EmissionActivityRatio,NDC,ECU,SUPCAMCROMON,,CO2e_CUT,1,2012,,,,,,-21.1982
EmissionActivityRatio,NDC,ECU,SUPCAMCROMON,,CO2e_CUT,1,2013,,,,,,-21.1982
EmissionActivityRatio,NDC,ECU,SUPCAMCROMON,,CO2e_CUT,1,2014,,,,,,-21.1982
EmissionActivityRatio,NDC,ECU,SUPCAMCROMON,,CO2e_CUT,1,2015,,,,,,-21.1982
EmissionActivityRatio,NDC,ECU,SUPCAMCROMON,,CO2e_CUT,1,2016,,,,,,-21.1982
EmissionActivityRatio,NDC,ECU,SUPCAMCROMON,,CO2e_CUT,1,2017,,,,,,-21.1982
EmissionActivityRatio,NDC,ECU,SUPCAMCROMON,,CO2e_CUT,1,2018,,,,,,-21.1982
EmissionActivityRatio,NDC,ECU,SUPCAMCROMON,,CO2e_CUT,1,2019,,,,,,-21.1982
EmissionActivityRatio,NDC,ECU,SUPCAMCROMON,,CO2e_CUT,1,2020,,,,,,-21.1982
EmissionActivityRatio,NDC,ECU,SUPCAMCROMON,,CO2e_CUT,1,2021,,,,,,-21.1982
EmissionActivityRatio,NDC,ECU,SUPCAMCROMON,,CO2e_CUT,1,2022,,,,,,-21.1982
EmissionActivityRatio,NDC,ECU,SUPCAMCROMON,,CO2e_CUT,1,2023,,,,,,-21.1982
EmissionActivityRatio,NDC,ECU,SUPCAMCROMON,,CO2e_CUT,1,2024,,,,,,-21.1982
EmissionActivityRatio,NDC,ECU,SUPCAMCROMON,,CO2e_CUT,1,2025,,,,,,-21.1982
EmissionActivityRatio,NDC,ECU,SUPCAMCROMON,,CO2e_CUT,1,2026,,,,,,-21.1982
EmissionActivityRatio,NDC,ECU,SUPCAMCROMON,,CO2e_CUT,1,2027,,,,,,-21.1982
EmissionActivityRatio,NDC,ECU,SUPCAMCROMON,,CO2e_CUT,1,2028,,,,,,-21.1982
EmissionActivityRatio,NDC,ECU,SUPCAMCROMON,,CO2e_CUT,1,2029,,,,,,-21.1982
EmissionActivityRatio,NDC,ECU,SUPCAMCROMON,,CO2e_CUT,1,2030,,,,,,-21.1982
EmissionActivityRatio,NDC,ECU,SUPCAMCROMON,,CO2e_CUT,1,2031,,,,,,-21.1982
EmissionActivityRatio,NDC,ECU,SUPCAMCROMON,,CO2e_CUT,1,2032,,,,,,-21.1982
EmissionActivityRatio,NDC,ECU,SUPCAMCROMON,,CO2e_CUT,1,2033,,,,,,-21.1982
EmissionActivityRatio,NDC,ECU,SUPCAMCROMON,,CO2e_CUT,1,2034,,,,,,-21.1982
EmissionActivityRatio,NDC,ECU,SUPCAMCROMON,,CO2e_CUT,1,2035,,,,,,-21.1982
EmissionActivityRatio,NDC,ECU,SUPCAMCROPIE,,CO2e_CUT,1,2010,,,,,,-21.1982
EmissionActivityRatio,NDC,ECU,SUPCAMCROPIE,,CO2e_CUT,1,2011,,,,,,-21.1982
EmissionActivityRatio,NDC,ECU,SUPCAMCROPIE,,CO2e_CUT,1,2012,,,,,,-21.1982
EmissionActivityRatio,NDC,ECU,SUPCAMCROPIE,,CO2e_CUT,1,2013,,,,,,-21.1982
EmissionActivityRatio,NDC,ECU,SUPCAMCROPIE,,CO2e_CUT,1,2014,,,,,,-21.1982
EmissionActivityRatio,NDC,ECU,SUPCAMCROPIE,,CO2e_CUT,1,2015,,,,,,-21.1982
EmissionActivityRatio,NDC,ECU,SUPCAMCROPIE,,CO2e_CUT,1,2016,,,,,,-21.1982
EmissionActivityRatio,NDC,ECU,SUPCAMCROPIE,,CO2e_CUT,1,2017,,,,,,-21.1982
EmissionActivityRatio,NDC,ECU,SUPCAMCROPIE,,CO2e_CUT,1,2018,,,,,,-21.1982
EmissionActivityRatio,NDC,ECU,SUPCAMCROPIE,,CO2e_CUT,1,2019,,,,,,-21.1982
EmissionActivityRatio,NDC,ECU,SUPCAMCROPIE,,CO2e_CUT,1,2020,,,,,,-21.1982
EmissionActivityRatio,NDC,ECU,SUPCAMCROPIE,,CO2e_CUT,1,2021,,,,,,-21.1982
EmissionActivityRatio,NDC,ECU,SUPCAMCROPIE,,CO2e_CUT,1,2022,,,,,,-21.1982
EmissionActivityRatio,NDC,ECU,SUPCAMCROPIE,,CO2e_CUT,1,2023,,,,,,-21.1982
EmissionActivityRatio,NDC,ECU,SUPCAMCROPIE,,CO2e_CUT,1,2024,,,,,,-21.1982
EmissionActivityRatio,NDC,ECU,SUPCAMCROPIE,,CO2e_CUT,1,2025,,,,,,-21.1982
EmissionActivityRatio,NDC,ECU,SUPCAMCROPIE,,CO2e_CUT,1,2026,,,,,,-21.1982
EmissionActivityRatio,NDC,ECU,SUPCAMCROPIE,,CO2e_CUT,1,2027,,,,,,-21.1982
EmissionActivityRatio,NDC,ECU,SUPCAMCROPIE,,CO2e_CUT,1,2028,,,,,,-21.1982
EmissionActivityRatio,NDC,ECU,SUPCAMCROPIE,,CO2e_CUT,1,2029,,,,,,-21.1982
EmissionActivityRatio,NDC,ECU,SUPCAMCROPIE,,CO2e_CUT,1,2030,,,,,,-21.1982
EmissionActivityRatio,NDC,ECU,SUPCAMCROPIE,,CO2e_CUT,1,2031,,,,,,-21.1982
EmissionActivityRatio,NDC,ECU,SUPCAMCROPIE,,CO2e_CUT,1,2032,,,,,,-21.1982
EmissionActivityRatio,NDC,ECU,SUPCAMCROPIE,,CO2e_CUT,1,2033,,,,,,-21.1982
EmissionActivityRatio,NDC,ECU,SUPCAMCROPIE,,CO2e_CUT,1,2034,,,,,,-21.1982
EmissionActivityRatio,NDC,ECU,SUPCAMCROPIE,,CO2e_CUT,1,2035,,,,,,-21.1982
EmissionActivityRatio,NDC,ECU,SUPCAMCROCEJ,,CO2e_CUT,1,2010,,,,,,-21.1982
EmissionActivityRatio,NDC,ECU,SUPCAMCROCEJ,,CO2e_CUT,1,2011,,,,,,-21.1982
EmissionActivityRatio,NDC,ECU,SUPCAMCROCEJ,,CO2e_CUT,1,2012,,,,,,-21.1982
EmissionActivityRatio,NDC,ECU,SUPCAMCROCEJ,,CO2e_CUT,1,2013,,,,,,-21.1982
EmissionActivityRatio,NDC,ECU,SUPCAMCROCEJ,,CO2e_CUT,1,2014,,,,,,-21.1982
EmissionActivityRatio,NDC,ECU,SUPCAMCROCEJ,,CO2e_CUT,1,2015,,,,,,-21.1982
EmissionActivityRatio,NDC,ECU,SUPCAMCROCEJ,,CO2e_CUT,1,2016,,,,,,-21.1982
EmissionActivityRatio,NDC,ECU,SUPCAMCROCEJ,,CO2e_CUT,1,2017,,,,,,-21.1982
EmissionActivityRatio,NDC,ECU,SUPCAMCROCEJ,,CO2e_CUT,1,2018,,,,,,-21.1982
EmissionActivityRatio,NDC,ECU,SUPCAMCROCEJ,,CO2e_CUT,1,2019,,,,,,-21.1982
EmissionActivityRatio,NDC,ECU,SUPCAMCROCEJ,,CO2e_CUT,1,2020,,,,,,-21.1982
EmissionActivityRatio,NDC,ECU,SUPCAMCROCEJ,,CO2e_CUT,1,2021,,,,,,-21.1982
EmissionActivityRatio,NDC,ECU,SUPCAMCROCEJ,,CO2e_CUT,1,2022,,,,,,-21.1982
EmissionActivityRatio,NDC,ECU,SUPCAMCROCEJ,,CO2e_CUT,1,2023,,,,,,-21.1982
EmissionActivityRatio,NDC,ECU,SUPCAMCROCEJ,,CO2e_CUT,1,2024,,,,,,-21.1982
EmissionActivityRatio,NDC,ECU,SUPCAMCROCEJ,,CO2e_CUT,1,2025,,,,,,-21.1982
EmissionActivityRatio,NDC,ECU,SUPCAMCROCEJ,,CO2e_CUT,1,2026,,,,,,-21.1982
EmissionActivityRatio,NDC,ECU,SUPCAMCROCEJ,,CO2e_CUT,1,2027,,,,,,-21.1982
EmissionActivityRatio,NDC,ECU,SUPCAMCROCEJ,,CO2e_CUT,1,2028,,,,,,-21.1982
EmissionActivityRatio,NDC,ECU,SUPCAMCROCEJ,,CO2e_CUT,1,2029,,,,,,-21.1982
EmissionActivityRatio,NDC,ECU,SUPCAMCROCEJ,,CO2e_CUT,1,2030,,,,,,-21.1982
EmissionActivityRatio,NDC,ECU,SUPCAMCROCEJ,,CO2e_CUT,1,2031,,,,,,-21.1982
EmissionActivityRatio,NDC,ECU,SUPCAMCROCEJ,,CO2e_CUT,1,2032,,,,,,-21.1982
EmissionActivityRatio,NDC,ECU,SUPCAMCROCEJ,,CO2e_CUT,1,2033,,,,,,-21.1982
EmissionActivityRatio,NDC,ECU,SUPCAMCROCEJ,,CO2e_CUT,1,2034,,,,,,-21.1982
EmissionActivityRatio,NDC,ECU,SUPCAMCROCEJ,,CO2e_CUT,1,2035,,,,,,-21.1982
EmissionActivityRatio,NDC,ECU,SUPCAMCROAMA,,CO2e_CUT,1,2010,,,,,,-21.1982
EmissionActivityRatio,NDC,ECU,SUPCAMCROAMA,,CO2e_CUT,1,2011,,,,,,-21.1982
EmissionActivityRatio,NDC,ECU,SUPCAMCROAMA,,CO2e_CUT,1,2012,,,,,,-21.1982
EmissionActivityRatio,NDC,ECU,SUPCAMCROAMA,,CO2e_CUT,1,2013,,,,,,-21.1982
EmissionActivityRatio,NDC,ECU,SUPCAMCROAMA,,CO2e_CUT,1,2014,,,,,,-21.1982
EmissionActivityRatio,NDC,ECU,SUPCAMCROAMA,,CO2e_CUT,1,2015,,,,,,-21.1982
EmissionActivityRatio,NDC,ECU,SUPCAMCROAMA,,CO2e_CUT,1,2016,,,,,,-21.1982
EmissionActivityRatio,NDC,ECU,SUPCAMCROAMA,,CO2e_CUT,1,2017,,,,,,-21.1982
EmissionActivityRatio,NDC,ECU,SUPCAMCROAMA,,CO2e_CUT,1,2018,,,,,,-21.1982
EmissionActivityRatio,NDC,ECU,SUPCAMCROAMA,,CO2e_CUT,1,2019,,,,,,-21.1982
EmissionActivityRatio,NDC,ECU,SUPCAMCROAMA,,CO2e_CUT,1,2020,,,,,,-21.1982
EmissionActivityRatio,NDC,ECU,SUPCAMCROAMA,,CO2e_CUT,1,2021,,,,,,-21.1982
EmissionActivityRatio,NDC,ECU,SUPCAMCROAMA,,CO2e_CUT,1,2022,,,,,,-21.1982
EmissionActivityRatio,NDC,ECU,SUPCAMCROAMA,,CO2e_CUT,1,2023,,,,,,-21.1982
EmissionActivityRatio,NDC,ECU,SUPCAMCROAMA,,CO2e_CUT,1,2024,,,,,,-21.1982
EmissionActivityRatio,NDC,ECU,SUPCAMCROAMA,,CO2e_CUT,1,2025,,,,,,-21.1982
EmissionActivityRatio,NDC,ECU,SUPCAMCROAMA,,CO2e_CUT,1,2026,,,,,,-21.1982
EmissionActivityRatio,NDC,ECU,SUPCAMCROAMA,,CO2e_CUT,1,2027,,,,,,-21.1982
EmissionActivityRatio,NDC,ECU,SUPCAMCROAMA,,CO2e_CUT,1,2028,,,,,,-21.1982
EmissionActivityRatio,NDC,ECU,SUPCAMCROAMA,,CO2e_CUT,1,2029,,,,,,-21.1982
EmissionActivityRatio,NDC,ECU,SUPCAMCROAMA,,CO2e_CUT,1,2030,,,,,,-21.1982
EmissionActivityRatio,NDC,ECU,SUPCAMCROAMA,,CO2e_CUT,1,2031,,,,,,-21.1982
EmissionActivityRatio,NDC,ECU,SUPCAMCROAMA,,CO2e_CUT,1,2032,,,,,,-21.1982
EmissionActivityRatio,NDC,ECU,SUPCAMCROAMA,,CO2e_CUT,1,2033,,,,,,-21.1982
EmissionActivityRatio,NDC,ECU,SUPCAMCROAMA,,CO2e_CUT,1,2034,,,,,,-21.1982
EmissionActivityRatio,NDC,ECU,SUPCAMCROAMA,,CO2e_CUT,1,2035,,,,,,-21.1982
EmissionActivityRatio,NDC,ECU,SUPCAMCROCHO,,CO2e_CUT,1,2010,,,,,,-21.1982
EmissionActivityRatio,NDC,ECU,SUPCAMCROCHO,,CO2e_CUT,1,2011,,,,,,-21.1982
EmissionActivityRatio,NDC,ECU,SUPCAMCROCHO,,CO2e_CUT,1,2012,,,,,,-21.1982
EmissionActivityRatio,NDC,ECU,SUPCAMCROCHO,,CO2e_CUT,1,2013,,,,,,-21.1982
EmissionActivityRatio,NDC,ECU,SUPCAMCROCHO,,CO2e_CUT,1,2014,,,,,,-21.1982
EmissionActivityRatio,NDC,ECU,SUPCAMCROCHO,,CO2e_CUT,1,2015,,,,,,-21.1982
EmissionActivityRatio,NDC,ECU,SUPCAMCROCHO,,CO2e_CUT,1,2016,,,,,,-21.1982
EmissionActivityRatio,NDC,ECU,SUPCAMCROCHO,,CO2e_CUT,1,2017,,,,,,-21.1982
EmissionActivityRatio,NDC,ECU,SUPCAMCROCHO,,CO2e_CUT,1,2018,,,,,,-21.1982
EmissionActivityRatio,NDC,ECU,SUPCAMCROCHO,,CO2e_CUT,1,2019,,,,,,-21.1982
EmissionActivityRatio,NDC,ECU,SUPCAMCROCHO,,CO2e_CUT,1,2020,,,,,,-21.1982
EmissionActivityRatio,NDC,ECU,SUPCAMCROCHO,,CO2e_CUT,1,2021,,,,,,-21.1982
EmissionActivityRatio,NDC,ECU,SUPCAMCROCHO,,CO2e_CUT,1,2022,,,,,,-21.1982
EmissionActivityRatio,NDC,ECU,SUPCAMCROCHO,,CO2e_CUT,1,2023,,,,,,-21.1982
EmissionActivityRatio,NDC,ECU,SUPCAMCROCHO,,CO2e_CUT,1,2024,,,,,,-21.1982
EmissionActivityRatio,NDC,ECU,SUPCAMCROCHO,,CO2e_CUT,1,2025,,,,,,-21.1982
EmissionActivityRatio,NDC,ECU,SUPCAMCROCHO,,CO2e_CUT,1,2026,,,,,,-21.1982
EmissionActivityRatio,NDC,ECU,SUPCAMCROCHO,,CO2e_CUT,1,2027,,,,,,-21.1982
EmissionActivityRatio,NDC,ECU,SUPCAMCROCHO,,CO2e_CUT,1,2028,,,,,,-21.1982
EmissionActivityRatio,NDC,ECU,SUPCAMCROCHO,,CO2e_CUT,1,2029,,,,,,-21.1982
EmissionActivityRatio,NDC,ECU,SUPCAMCROCHO,,CO2e_CUT,1,2030,,,,,,-21.1982
EmissionActivityRatio,NDC,ECU,SUPCAMCROCHO,,CO2e_CUT,1,2031,,,,,,-21.1982
EmissionActivityRatio,NDC,ECU,SUPCAMCROCHO,,CO2e_CUT,1,2032,,,,,,-21.1982
EmissionActivityRatio,NDC,ECU,SUPCAMCROCHO,,CO2e_CUT,1,2033,,,,,,-21.1982
EmissionActivityRatio,NDC,ECU,SUPCAMCROCHO,,CO2e_CUT,1,2034,,,,,,-21.1982
EmissionActivityRatio,NDC,ECU,SUPCAMCROCHO,,CO2e_CUT,1,2035,,,,,,-21.1982
EmissionActivityRatio,NDC,ECU,SUPCAMCROMAN,,CO2e_CUT,1,2010,,,,,,-21.1982
EmissionActivityRatio,NDC,ECU,SUPCAMCROMAN,,CO2e_CUT,1,2011,,,,,,-21.1982
EmissionActivityRatio,NDC,ECU,SUPCAMCROMAN,,CO2e_CUT,1,2012,,,,,,-21.1982
EmissionActivityRatio,NDC,ECU,SUPCAMCROMAN,,CO2e_CUT,1,2013,,,,,,-21.1982
EmissionActivityRatio,NDC,ECU,SUPCAMCROMAN,,CO2e_CUT,1,2014,,,,,,-21.1982
EmissionActivityRatio,NDC,ECU,SUPCAMCROMAN,,CO2e_CUT,1,2015,,,,,,-21.1982
EmissionActivityRatio,NDC,ECU,SUPCAMCROMAN,,CO2e_CUT,1,2016,,,,,,-21.1982
EmissionActivityRatio,NDC,ECU,SUPCAMCROMAN,,CO2e_CUT,1,2017,,,,,,-21.1982
EmissionActivityRatio,NDC,ECU,SUPCAMCROMAN,,CO2e_CUT,1,2018,,,,,,-21.1982
EmissionActivityRatio,NDC,ECU,SUPCAMCROMAN,,CO2e_CUT,1,2019,,,,,,-21.1982
EmissionActivityRatio,NDC,ECU,SUPCAMCROMAN,,CO2e_CUT,1,2020,,,,,,-21.1982
EmissionActivityRatio,NDC,ECU,SUPCAMCROMAN,,CO2e_CUT,1,2021,,,,,,-21.1982
EmissionActivityRatio,NDC,ECU,SUPCAMCROMAN,,CO2e_CUT,1,2022,,,,,,-21.1982
EmissionActivityRatio,NDC,ECU,SUPCAMCROMAN,,CO2e_CUT,1,2023,,,,,,-21.1982
EmissionActivityRatio,NDC,ECU,SUPCAMCROMAN,,CO2e_CUT,1,2024,,,,,,-21.1982
EmissionActivityRatio,NDC,ECU,SUPCAMCROMAN,,CO2e_CUT,1,2025,,,,,,-21.1982
EmissionActivityRatio,NDC,ECU,SUPCAMCROMAN,,CO2e_CUT,1,2026,,,,,,-21.1982
EmissionActivityRatio,NDC,ECU,SUPCAMCROMAN,,CO2e_CUT,1,2027,,,,,,-21.1982
EmissionActivityRatio,NDC,ECU,SUPCAMCROMAN,,CO2e_CUT,1,2028,,,,,,-21.1982
EmissionActivityRatio,NDC,ECU,SUPCAMCROMAN,,CO2e_CUT,1,2029,,,,,,-21.1982
EmissionActivityRatio,NDC,ECU,SUPCAMCROMAN,,CO2e_CUT,1,2030,,,,,,-21.1982
EmissionActivityRatio,NDC,ECU,SUPCAMCROMAN,,CO2e_CUT,1,2031,,,,,,-21.1982
EmissionActivityRatio,NDC,ECU,SUPCAMCROMAN,,CO2e_CUT,1,2032,,,,,,-21.1982
EmissionActivityRatio,NDC,ECU,SUPCAMCROMAN,,CO2e_CUT,1,2033,,,,,,-21.1982
EmissionActivityRatio,NDC,ECU,SUPCAMCROMAN,,CO2e_CUT,1,2034,,,,,,-21.1982
EmissionActivityRatio,NDC,ECU,SUPCAMCROMAN,,CO2e_CUT,1,2035,,,,,,-21.1982
EmissionActivityRatio,NDC,ECU,SUPCAMCROMOR,,CO2e_CUT,1,2010,,,,,,-21.1982
EmissionActivityRatio,NDC,ECU,SUPCAMCROMOR,,CO2e_CUT,1,2011,,,,,,-21.1982
EmissionActivityRatio,NDC,ECU,SUPCAMCROMOR,,CO2e_CUT,1,2012,,,,,,-21.1982
EmissionActivityRatio,NDC,ECU,SUPCAMCROMOR,,CO2e_CUT,1,2013,,,,,,-21.1982
EmissionActivityRatio,NDC,ECU,SUPCAMCROMOR,,CO2e_CUT,1,2014,,,,,,-21.1982
EmissionActivityRatio,NDC,ECU,SUPCAMCROMOR,,CO2e_CUT,1,2015,,,,,,-21.1982
EmissionActivityRatio,NDC,ECU,SUPCAMCROMOR,,CO2e_CUT,1,2016,,,,,,-21.1982
EmissionActivityRatio,NDC,ECU,SUPCAMCROMOR,,CO2e_CUT,1,2017,,,,,,-21.1982
EmissionActivityRatio,NDC,ECU,SUPCAMCROMOR,,CO2e_CUT,1,2018,,,,,,-21.1982
EmissionActivityRatio,NDC,ECU,SUPCAMCROMOR,,CO2e_CUT,1,2019,,,,,,-21.1982
EmissionActivityRatio,NDC,ECU,SUPCAMCROMOR,,CO2e_CUT,1,2020,,,,,,-21.1982
EmissionActivityRatio,NDC,ECU,SUPCAMCROMOR,,CO2e_CUT,1,2021,,,,,,-21.1982
EmissionActivityRatio,NDC,ECU,SUPCAMCROMOR,,CO2e_CUT,1,2022,,,,,,-21.1982
EmissionActivityRatio,NDC,ECU,SUPCAMCROMOR,,CO2e_CUT,1,2023,,,,,,-21.1982
EmissionActivityRatio,NDC,ECU,SUPCAMCROMOR,,CO2e_CUT,1,2024,,,,,,-21.1982
EmissionActivityRatio,NDC,ECU,SUPCAMCROMOR,,CO2e_CUT,1,2025,,,,,,-21.1982
EmissionActivityRatio,NDC,ECU,SUPCAMCROMOR,,CO2e_CUT,1,2026,,,,,,-21.1982
EmissionActivityRatio,NDC,ECU,SUPCAMCROMOR,,CO2e_CUT,1,2027,,,,,,-21.1982
EmissionActivityRatio,NDC,ECU,SUPCAMCROMOR,,CO2e_CUT,1,2028,,,,,,-21.1982
EmissionActivityRatio,NDC,ECU,SUPCAMCROMOR,,CO2e_CUT,1,2029,,,,,,-21.1982
EmissionActivityRatio,NDC,ECU,SUPCAMCROMOR,,CO2e_CUT,1,2030,,,,,,-21.1982
EmissionActivityRatio,NDC,ECU,SUPCAMCROMOR,,CO2e_CUT,1,2031,,,,,,-21.1982
EmissionActivityRatio,NDC,ECU,SUPCAMCROMOR,,CO2e_CUT,1,2032,,,,,,-21.1982
EmissionActivityRatio,NDC,ECU,SUPCAMCROMOR,,CO2e_CUT,1,2033,,,,,,-21.1982
EmissionActivityRatio,NDC,ECU,SUPCAMCROMOR,,CO2e_CUT,1,2034,,,,,,-21.1982
EmissionActivityRatio,NDC,ECU,SUPCAMCROMOR,,CO2e_CUT,1,2035,,,,,,-21.1982
EmissionActivityRatio,NDC,ECU,SUPCAMCROPFO,,CO2e_CUT,1,2010,,,,,,-21.1982
EmissionActivityRatio,NDC,ECU,SUPCAMCROPFO,,CO2e_CUT,1,2011,,,,,,-21.1982
EmissionActivityRatio,NDC,ECU,SUPCAMCROPFO,,CO2e_CUT,1,2012,,,,,,-21.1982
EmissionActivityRatio,NDC,ECU,SUPCAMCROPFO,,CO2e_CUT,1,2013,,,,,,-21.1982
EmissionActivityRatio,NDC,ECU,SUPCAMCROPFO,,CO2e_CUT,1,2014,,,,,,-21.1982
EmissionActivityRatio,NDC,ECU,SUPCAMCROPFO,,CO2e_CUT,1,2015,,,,,,-21.1982
EmissionActivityRatio,NDC,ECU,SUPCAMCROPFO,,CO2e_CUT,1,2016,,,,,,-21.1982
EmissionActivityRatio,NDC,ECU,SUPCAMCROPFO,,CO2e_CUT,1,2017,,,,,,-21.1982
EmissionActivityRatio,NDC,ECU,SUPCAMCROPFO,,CO2e_CUT,1,2018,,,,,,-21.1982
EmissionActivityRatio,NDC,ECU,SUPCAMCROPFO,,CO2e_CUT,1,2019,,,,,,-21.1982
EmissionActivityRatio,NDC,ECU,SUPCAMCROPFO,,CO2e_CUT,1,2020,,,,,,-21.1982
EmissionActivityRatio,NDC,ECU,SUPCAMCROPFO,,CO2e_CUT,1,2021,,,,,,-21.1982
EmissionActivityRatio,NDC,ECU,SUPCAMCROPFO,,CO2e_CUT,1,2022,,,,,,-21.1982
EmissionActivityRatio,NDC,ECU,SUPCAMCROPFO,,CO2e_CUT,1,2023,,,,,,-21.1982
EmissionActivityRatio,NDC,ECU,SUPCAMCROPFO,,CO2e_CUT,1,2024,,,,,,-21.1982
EmissionActivityRatio,NDC,ECU,SUPCAMCROPFO,,CO2e_CUT,1,2025,,,,,,-21.1982
EmissionActivityRatio,NDC,ECU,SUPCAMCROPFO,,CO2e_CUT,1,2026,,,,,,-21.1982
EmissionActivityRatio,NDC,ECU,SUPCAMCROPFO,,CO2e_CUT,1,2027,,,,,,-21.1982
EmissionActivityRatio,NDC,ECU,SUPCAMCROPFO,,CO2e_CUT,1,2028,,,,,,-21.1982
EmissionActivityRatio,NDC,ECU,SUPCAMCROPFO,,CO2e_CUT,1,2029,,,,,,-21.1982
EmissionActivityRatio,NDC,ECU,SUPCAMCROPFO,,CO2e_CUT,1,2030,,,,,,-21.1982
EmissionActivityRatio,NDC,ECU,SUPCAMCROPFO,,CO2e_CUT,1,2031,,,,,,-21.1982
EmissionActivityRatio,NDC,ECU,SUPCAMCROPFO,,CO2e_CUT,1,2032,,,,,,-21.1982
EmissionActivityRatio,NDC,ECU,SUPCAMCROPFO,,CO2e_CUT,1,2033,,,,,,-21.1982
EmissionActivityRatio,NDC,ECU,SUPCAMCROPFO,,CO2e_CUT,1,2034,,,,,,-21.1982
EmissionActivityRatio,NDC,ECU,SUPCAMCROPFO,,CO2e_CUT,1,2035,,,,,,-21.1982
EmissionActivityRatio,NDC,ECU,SUPCAMGRAAND,,CO2e_CUT,1,2010,,,,,,-21.1982
EmissionActivityRatio,NDC,ECU,SUPCAMGRAAND,,CO2e_CUT,1,2011,,,,,,-21.1982
EmissionActivityRatio,NDC,ECU,SUPCAMGRAAND,,CO2e_CUT,1,2012,,,,,,-21.1982
EmissionActivityRatio,NDC,ECU,SUPCAMGRAAND,,CO2e_CUT,1,2013,,,,,,-21.1982
EmissionActivityRatio,NDC,ECU,SUPCAMGRAAND,,CO2e_CUT,1,2014,,,,,,-21.1982
EmissionActivityRatio,NDC,ECU,SUPCAMGRAAND,,CO2e_CUT,1,2015,,,,,,-21.1982
EmissionActivityRatio,NDC,ECU,SUPCAMGRAAND,,CO2e_CUT,1,2016,,,,,,-21.1982
EmissionActivityRatio,NDC,ECU,SUPCAMGRAAND,,CO2e_CUT,1,2017,,,,,,-21.1982
EmissionActivityRatio,NDC,ECU,SUPCAMGRAAND,,CO2e_CUT,1,2018,,,,,,-21.1982
EmissionActivityRatio,NDC,ECU,SUPCAMGRAAND,,CO2e_CUT,1,2019,,,,,,-21.1982
EmissionActivityRatio,NDC,ECU,SUPCAMGRAAND,,CO2e_CUT,1,2020,,,,,,-21.1982
EmissionActivityRatio,NDC,ECU,SUPCAMGRAAND,,CO2e_CUT,1,2021,,,,,,-21.1982
EmissionActivityRatio,NDC,ECU,SUPCAMGRAAND,,CO2e_CUT,1,2022,,,,,,-21.1982
EmissionActivityRatio,NDC,ECU,SUPCAMGRAAND,,CO2e_CUT,1,2023,,,,,,-21.1982
EmissionActivityRatio,NDC,ECU,SUPCAMGRAAND,,CO2e_CUT,1,2024,,,,,,-21.1982
EmissionActivityRatio,NDC,ECU,SUPCAMGRAAND,,CO2e_CUT,1,2025,,,,,,-21.1982
EmissionActivityRatio,NDC,ECU,SUPCAMGRAAND,,CO2e_CUT,1,2026,,,,,,-21.1982
EmissionActivityRatio,NDC,ECU,SUPCAMGRAAND,,CO2e_CUT,1,2027,,,,,,-21.1982
EmissionActivityRatio,NDC,ECU,SUPCAMGRAAND,,CO2e_CUT,1,2028,,,,,,-21.1982
EmissionActivityRatio,NDC,ECU,SUPCAMGRAAND,,CO2e_CUT,1,2029,,,,,,-21.1982
EmissionActivityRatio,NDC,ECU,SUPCAMGRAAND,,CO2e_CUT,1,2030,,,,,,-21.1982
EmissionActivityRatio,NDC,ECU,SUPCAMGRAAND,,CO2e_CUT,1,2031,,,,,,-21.1982
EmissionActivityRatio,NDC,ECU,SUPCAMGRAAND,,CO2e_CUT,1,2032,,,,,,-21.1982
EmissionActivityRatio,NDC,ECU,SUPCAMGRAAND,,CO2e_CUT,1,2033,,,,,,-21.1982
EmissionActivityRatio,NDC,ECU,SUPCAMGRAAND,,CO2e_CUT,1,2034,,,,,,-21.1982
EmissionActivityRatio,NDC,ECU,SUPCAMGRAAND,,CO2e_CUT,1,2035,,,,,,-21.1982
EmissionActivityRatio,NDC,ECU,SUPCAMGRAPLU,,CO2e_CUT,1,2010,,,,,,-21.1982
EmissionActivityRatio,NDC,ECU,SUPCAMGRAPLU,,CO2e_CUT,1,2011,,,,,,-21.1982
EmissionActivityRatio,NDC,ECU,SUPCAMGRAPLU,,CO2e_CUT,1,2012,,,,,,-21.1982
EmissionActivityRatio,NDC,ECU,SUPCAMGRAPLU,,CO2e_CUT,1,2013,,,,,,-21.1982
EmissionActivityRatio,NDC,ECU,SUPCAMGRAPLU,,CO2e_CUT,1,2014,,,,,,-21.1982
EmissionActivityRatio,NDC,ECU,SUPCAMGRAPLU,,CO2e_CUT,1,2015,,,,,,-21.1982
EmissionActivityRatio,NDC,ECU,SUPCAMGRAPLU,,CO2e_CUT,1,2016,,,,,,-21.1982
EmissionActivityRatio,NDC,ECU,SUPCAMGRAPLU,,CO2e_CUT,1,2017,,,,,,-21.1982
EmissionActivityRatio,NDC,ECU,SUPCAMGRAPLU,,CO2e_CUT,1,2018,,,,,,-21.1982
EmissionActivityRatio,NDC,ECU,SUPCAMGRAPLU,,CO2e_CUT,1,2019,,,,,,-21.1982
EmissionActivityRatio,NDC,ECU,SUPCAMGRAPLU,,CO2e_CUT,1,2020,,,,,,-21.1982
EmissionActivityRatio,NDC,ECU,SUPCAMGRAPLU,,CO2e_CUT,1,2021,,,,,,-21.1982
EmissionActivityRatio,NDC,ECU,SUPCAMGRAPLU,,CO2e_CUT,1,2022,,,,,,-21.1982
EmissionActivityRatio,NDC,ECU,SUPCAMGRAPLU,,CO2e_CUT,1,2023,,,,,,-21.1982
EmissionActivityRatio,NDC,ECU,SUPCAMGRAPLU,,CO2e_CUT,1,2024,,,,,,-21.1982
EmissionActivityRatio,NDC,ECU,SUPCAMGRAPLU,,CO2e_CUT,1,2025,,,,,,-21.1982
EmissionActivityRatio,NDC,ECU,SUPCAMGRAPLU,,CO2e_CUT,1,2026,,,,,,-21.1982
EmissionActivityRatio,NDC,ECU,SUPCAMGRAPLU,,CO2e_CUT,1,2027,,,,,,-21.1982
EmissionActivityRatio,NDC,ECU,SUPCAMGRAPLU,,CO2e_CUT,1,2028,,,,,,-21.1982
EmissionActivityRatio,NDC,ECU,SUPCAMGRAPLU,,CO2e_CUT,1,2029,,,,,,-21.1982
EmissionActivityRatio,NDC,ECU,SUPCAMGRAPLU,,CO2e_CUT,1,2030,,,,,,-21.1982
EmissionActivityRatio,NDC,ECU,SUPCAMGRAPLU,,CO2e_CUT,1,2031,,,,,,-21.1982
EmissionActivityRatio,NDC,ECU,SUPCAMGRAPLU,,CO2e_CUT,1,2032,,,,,,-21.1982
EmissionActivityRatio,NDC,ECU,SUPCAMGRAPLU,,CO2e_CUT,1,2033,,,,,,-21.1982
EmissionActivityRatio,NDC,ECU,SUPCAMGRAPLU,,CO2e_CUT,1,2034,,,,,,-21.1982
EmissionActivityRatio,NDC,ECU,SUPCAMGRAPLU,,CO2e_CUT,1,2035,,,,,,-21.1982
EmissionActivityRatio,NDC,ECU,SUPCAMGRAMON,,CO2e_CUT,1,2010,,,,,,-21.1982
EmissionActivityRatio,NDC,ECU,SUPCAMGRAMON,,CO2e_CUT,1,2011,,,,,,-21.1982
EmissionActivityRatio,NDC,ECU,SUPCAMGRAMON,,CO2e_CUT,1,2012,,,,,,-21.1982
EmissionActivityRatio,NDC,ECU,SUPCAMGRAMON,,CO2e_CUT,1,2013,,,,,,-21.1982
EmissionActivityRatio,NDC,ECU,SUPCAMGRAMON,,CO2e_CUT,1,2014,,,,,,-21.1982
EmissionActivityRatio,NDC,ECU,SUPCAMGRAMON,,CO2e_CUT,1,2015,,,,,,-21.1982
EmissionActivityRatio,NDC,ECU,SUPCAMGRAMON,,CO2e_CUT,1,2016,,,,,,-21.1982
EmissionActivityRatio,NDC,ECU,SUPCAMGRAMON,,CO2e_CUT,1,2017,,,,,,-21.1982
EmissionActivityRatio,NDC,ECU,SUPCAMGRAMON,,CO2e_CUT,1,2018,,,,,,-21.1982
EmissionActivityRatio,NDC,ECU,SUPCAMGRAMON,,CO2e_CUT,1,2019,,,,,,-21.1982
EmissionActivityRatio,NDC,ECU,SUPCAMGRAMON,,CO2e_CUT,1,2020,,,,,,-21.1982
EmissionActivityRatio,NDC,ECU,SUPCAMGRAMON,,CO2e_CUT,1,2021,,,,,,-21.1982
EmissionActivityRatio,NDC,ECU,SUPCAMGRAMON,,CO2e_CUT,1,2022,,,,,,-21.1982
EmissionActivityRatio,NDC,ECU,SUPCAMGRAMON,,CO2e_CUT,1,2023,,,,,,-21.1982
EmissionActivityRatio,NDC,ECU,SUPCAMGRAMON,,CO2e_CUT,1,2024,,,,,,-21.1982
EmissionActivityRatio,NDC,ECU,SUPCAMGRAMON,,CO2e_CUT,1,2025,,,,,,-21.1982
EmissionActivityRatio,NDC,ECU,SUPCAMGRAMON,,CO2e_CUT,1,2026,,,,,,-21.1982
EmissionActivityRatio,NDC,ECU,SUPCAMGRAMON,,CO2e_CUT,1,2027,,,,,,-21.1982
EmissionActivityRatio,NDC,ECU,SUPCAMGRAMON,,CO2e_CUT,1,2028,,,,,,-21.1982
EmissionActivityRatio,NDC,ECU,SUPCAMGRAMON,,CO2e_CUT,1,2029,,,,,,-21.1982
EmissionActivityRatio,NDC,ECU,SUPCAMGRAMON,,CO2e_CUT,1,2030,,,,,,-21.1982
EmissionActivityRatio,NDC,ECU,SUPCAMGRAMON,,CO2e_CUT,1,2031,,,,,,-21.1982
EmissionActivityRatio,NDC,ECU,SUPCAMGRAMON,,CO2e_CUT,1,2032,,,,,,-21.1982
EmissionActivityRatio,NDC,ECU,SUPCAMGRAMON,,CO2e_CUT,1,2033,,,,,,-21.1982
EmissionActivityRatio,NDC,ECU,SUPCAMGRAMON,,CO2e_CUT,1,2034,,,,,,-21.1982
EmissionActivityRatio,NDC,ECU,SUPCAMGRAMON,,CO2e_CUT,1,2035,,,,,,-21.1982
EmissionActivityRatio,NDC,ECU,SUPCAMGRAPIE,,CO2e_CUT,1,2010,,,,,,-21.1982
EmissionActivityRatio,NDC,ECU,SUPCAMGRAPIE,,CO2e_CUT,1,2011,,,,,,-21.1982
EmissionActivityRatio,NDC,ECU,SUPCAMGRAPIE,,CO2e_CUT,1,2012,,,,,,-21.1982
EmissionActivityRatio,NDC,ECU,SUPCAMGRAPIE,,CO2e_CUT,1,2013,,,,,,-21.1982
EmissionActivityRatio,NDC,ECU,SUPCAMGRAPIE,,CO2e_CUT,1,2014,,,,,,-21.1982
EmissionActivityRatio,NDC,ECU,SUPCAMGRAPIE,,CO2e_CUT,1,2015,,,,,,-21.1982
EmissionActivityRatio,NDC,ECU,SUPCAMGRAPIE,,CO2e_CUT,1,2016,,,,,,-21.1982
EmissionActivityRatio,NDC,ECU,SUPCAMGRAPIE,,CO2e_CUT,1,2017,,,,,,-21.1982
EmissionActivityRatio,NDC,ECU,SUPCAMGRAPIE,,CO2e_CUT,1,2018,,,,,,-21.1982
EmissionActivityRatio,NDC,ECU,SUPCAMGRAPIE,,CO2e_CUT,1,2019,,,,,,-21.1982
EmissionActivityRatio,NDC,ECU,SUPCAMGRAPIE,,CO2e_CUT,1,2020,,,,,,-21.1982
EmissionActivityRatio,NDC,ECU,SUPCAMGRAPIE,,CO2e_CUT,1,2021,,,,,,-21.1982
EmissionActivityRatio,NDC,ECU,SUPCAMGRAPIE,,CO2e_CUT,1,2022,,,,,,-21.1982
EmissionActivityRatio,NDC,ECU,SUPCAMGRAPIE,,CO2e_CUT,1,2023,,,,,,-21.1982
EmissionActivityRatio,NDC,ECU,SUPCAMGRAPIE,,CO2e_CUT,1,2024,,,,,,-21.1982
EmissionActivityRatio,NDC,ECU,SUPCAMGRAPIE,,CO2e_CUT,1,2025,,,,,,-21.1982
EmissionActivityRatio,NDC,ECU,SUPCAMGRAPIE,,CO2e_CUT,1,2026,,,,,,-21.1982
EmissionActivityRatio,NDC,ECU,SUPCAMGRAPIE,,CO2e_CUT,1,2027,,,,,,-21.1982
EmissionActivityRatio,NDC,ECU,SUPCAMGRAPIE,,CO2e_CUT,1,2028,,,,,,-21.1982
EmissionActivityRatio,NDC,ECU,SUPCAMGRAPIE,,CO2e_CUT,1,2029,,,,,,-21.1982
EmissionActivityRatio,NDC,ECU,SUPCAMGRAPIE,,CO2e_CUT,1,2030,,,,,,-21.1982
EmissionActivityRatio,NDC,ECU,SUPCAMGRAPIE,,CO2e_CUT,1,2031,,,,,,-21.1982
EmissionActivityRatio,NDC,ECU,SUPCAMGRAPIE,,CO2e_CUT,1,2032,,,,,,-21.1982
EmissionActivityRatio,NDC,ECU,SUPCAMGRAPIE,,CO2e_CUT,1,2033,,,,,,-21.1982
EmissionActivityRatio,NDC,ECU,SUPCAMGRAPIE,,CO2e_CUT,1,2034,,,,,,-21.1982
EmissionActivityRatio,NDC,ECU,SUPCAMGRAPIE,,CO2e_CUT,1,2035,,,,,,-21.1982
EmissionActivityRatio,NDC,ECU,SUPCAMGRACEJ,,CO2e_CUT,1,2010,,,,,,-21.1982
EmissionActivityRatio,NDC,ECU,SUPCAMGRACEJ,,CO2e_CUT,1,2011,,,,,,-21.1982
EmissionActivityRatio,NDC,ECU,SUPCAMGRACEJ,,CO2e_CUT,1,2012,,,,,,-21.1982
EmissionActivityRatio,NDC,ECU,SUPCAMGRACEJ,,CO2e_CUT,1,2013,,,,,,-21.1982
EmissionActivityRatio,NDC,ECU,SUPCAMGRACEJ,,CO2e_CUT,1,2014,,,,,,-21.1982
EmissionActivityRatio,NDC,ECU,SUPCAMGRACEJ,,CO2e_CUT,1,2015,,,,,,-21.1982
EmissionActivityRatio,NDC,ECU,SUPCAMGRACEJ,,CO2e_CUT,1,2016,,,,,,-21.1982
EmissionActivityRatio,NDC,ECU,SUPCAMGRACEJ,,CO2e_CUT,1,2017,,,,,,-21.1982
EmissionActivityRatio,NDC,ECU,SUPCAMGRACEJ,,CO2e_CUT,1,2018,,,,,,-21.1982
EmissionActivityRatio,NDC,ECU,SUPCAMGRACEJ,,CO2e_CUT,1,2019,,,,,,-21.1982
EmissionActivityRatio,NDC,ECU,SUPCAMGRACEJ,,CO2e_CUT,1,2020,,,,,,-21.1982
EmissionActivityRatio,NDC,ECU,SUPCAMGRACEJ,,CO2e_CUT,1,2021,,,,,,-21.1982
EmissionActivityRatio,NDC,ECU,SUPCAMGRACEJ,,CO2e_CUT,1,2022,,,,,,-21.1982
EmissionActivityRatio,NDC,ECU,SUPCAMGRACEJ,,CO2e_CUT,1,2023,,,,,,-21.1982
EmissionActivityRatio,NDC,ECU,SUPCAMGRACEJ,,CO2e_CUT,1,2024,,,,,,-21.1982
EmissionActivityRatio,NDC,ECU,SUPCAMGRACEJ,,CO2e_CUT,1,2025,,,,,,-21.1982
EmissionActivityRatio,NDC,ECU,SUPCAMGRACEJ,,CO2e_CUT,1,2026,,,,,,-21.1982
EmissionActivityRatio,NDC,ECU,SUPCAMGRACEJ,,CO2e_CUT,1,2027,,,,,,-21.1982
EmissionActivityRatio,NDC,ECU,SUPCAMGRACEJ,,CO2e_CUT,1,2028,,,,,,-21.1982
EmissionActivityRatio,NDC,ECU,SUPCAMGRACEJ,,CO2e_CUT,1,2029,,,,,,-21.1982
EmissionActivityRatio,NDC,ECU,SUPCAMGRACEJ,,CO2e_CUT,1,2030,,,,,,-21.1982
EmissionActivityRatio,NDC,ECU,SUPCAMGRACEJ,,CO2e_CUT,1,2031,,,,,,-21.1982
EmissionActivityRatio,NDC,ECU,SUPCAMGRACEJ,,CO2e_CUT,1,2032,,,,,,-21.1982
EmissionActivityRatio,NDC,ECU,SUPCAMGRACEJ,,CO2e_CUT,1,2033,,,,,,-21.1982
EmissionActivityRatio,NDC,ECU,SUPCAMGRACEJ,,CO2e_CUT,1,2034,,,,,,-21.1982
EmissionActivityRatio,NDC,ECU,SUPCAMGRACEJ,,CO2e_CUT,1,2035,,,,,,-21.1982
EmissionActivityRatio,NDC,ECU,SUPCAMGRAAMA,,CO2e_CUT,1,2010,,,,,,-21.1982
EmissionActivityRatio,NDC,ECU,SUPCAMGRAAMA,,CO2e_CUT,1,2011,,,,,,-21.1982
EmissionActivityRatio,NDC,ECU,SUPCAMGRAAMA,,CO2e_CUT,1,2012,,,,,,-21.1982
EmissionActivityRatio,NDC,ECU,SUPCAMGRAAMA,,CO2e_CUT,1,2013,,,,,,-21.1982
EmissionActivityRatio,NDC,ECU,SUPCAMGRAAMA,,CO2e_CUT,1,2014,,,,,,-21.1982
EmissionActivityRatio,NDC,ECU,SUPCAMGRAAMA,,CO2e_CUT,1,2015,,,,,,-21.1982
EmissionActivityRatio,NDC,ECU,SUPCAMGRAAMA,,CO2e_CUT,1,2016,,,,,,-21.1982
EmissionActivityRatio,NDC,ECU,SUPCAMGRAAMA,,CO2e_CUT,1,2017,,,,,,-21.1982
EmissionActivityRatio,NDC,ECU,SUPCAMGRAAMA,,CO2e_CUT,1,2018,,,,,,-21.1982
EmissionActivityRatio,NDC,ECU,SUPCAMGRAAMA,,CO2e_CUT,1,2019,,,,,,-21.1982
EmissionActivityRatio,NDC,ECU,SUPCAMGRAAMA,,CO2e_CUT,1,2020,,,,,,-21.1982
EmissionActivityRatio,NDC,ECU,SUPCAMGRAAMA,,CO2e_CUT,1,2021,,,,,,-21.1982
EmissionActivityRatio,NDC,ECU,SUPCAMGRAAMA,,CO2e_CUT,1,2022,,,,,,-21.1982
EmissionActivityRatio,NDC,ECU,SUPCAMGRAAMA,,CO2e_CUT,1,2023,,,,,,-21.1982
EmissionActivityRatio,NDC,ECU,SUPCAMGRAAMA,,CO2e_CUT,1,2024,,,,,,-21.1982
EmissionActivityRatio,NDC,ECU,SUPCAMGRAAMA,,CO2e_CUT,1,2025,,,,,,-21.1982
EmissionActivityRatio,NDC,ECU,SUPCAMGRAAMA,,CO2e_CUT,1,2026,,,,,,-21.1982
EmissionActivityRatio,NDC,ECU,SUPCAMGRAAMA,,CO2e_CUT,1,2027,,,,,,-21.1982
EmissionActivityRatio,NDC,ECU,SUPCAMGRAAMA,,CO2e_CUT,1,2028,,,,,,-21.1982
EmissionActivityRatio,NDC,ECU,SUPCAMGRAAMA,,CO2e_CUT,1,2029,,,,,,-21.1982
EmissionActivityRatio,NDC,ECU,SUPCAMGRAAMA,,CO2e_CUT,1,2030,,,,,,-21.1982
EmissionActivityRatio,NDC,ECU,SUPCAMGRAAMA,,CO2e_CUT,1,2031,,,,,,-21.1982
EmissionActivityRatio,NDC,ECU,SUPCAMGRAAMA,,CO2e_CUT,1,2032,,,,,,-21.1982
EmissionActivityRatio,NDC,ECU,SUPCAMGRAAMA,,CO2e_CUT,1,2033,,,,,,-21.1982
EmissionActivityRatio,NDC,ECU,SUPCAMGRAAMA,,CO2e_CUT,1,2034,,,,,,-21.1982
EmissionActivityRatio,NDC,ECU,SUPCAMGRAAMA,,CO2e_CUT,1,2035,,,,,,-21.1982
EmissionActivityRatio,NDC,ECU,SUPCAMGRACHO,,CO2e_CUT,1,2010,,,,,,-21.1982
EmissionActivityRatio,NDC,ECU,SUPCAMGRACHO,,CO2e_CUT,1,2011,,,,,,-21.1982
EmissionActivityRatio,NDC,ECU,SUPCAMGRACHO,,CO2e_CUT,1,2012,,,,,,-21.1982
EmissionActivityRatio,NDC,ECU,SUPCAMGRACHO,,CO2e_CUT,1,2013,,,,,,-21.1982
EmissionActivityRatio,NDC,ECU,SUPCAMGRACHO,,CO2e_CUT,1,2014,,,,,,-21.1982
EmissionActivityRatio,NDC,ECU,SUPCAMGRACHO,,CO2e_CUT,1,2015,,,,,,-21.1982
EmissionActivityRatio,NDC,ECU,SUPCAMGRACHO,,CO2e_CUT,1,2016,,,,,,-21.1982
EmissionActivityRatio,NDC,ECU,SUPCAMGRACHO,,CO2e_CUT,1,2017,,,,,,-21.1982
EmissionActivityRatio,NDC,ECU,SUPCAMGRACHO,,CO2e_CUT,1,2018,,,,,,-21.1982
EmissionActivityRatio,NDC,ECU,SUPCAMGRACHO,,CO2e_CUT,1,2019,,,,,,-21.1982
EmissionActivityRatio,NDC,ECU,SUPCAMGRACHO,,CO2e_CUT,1,2020,,,,,,-21.1982
EmissionActivityRatio,NDC,ECU,SUPCAMGRACHO,,CO2e_CUT,1,2021,,,,,,-21.1982
EmissionActivityRatio,NDC,ECU,SUPCAMGRACHO,,CO2e_CUT,1,2022,,,,,,-21.1982
EmissionActivityRatio,NDC,ECU,SUPCAMGRACHO,,CO2e_CUT,1,2023,,,,,,-21.1982
EmissionActivityRatio,NDC,ECU,SUPCAMGRACHO,,CO2e_CUT,1,2024,,,,,,-21.1982
EmissionActivityRatio,NDC,ECU,SUPCAMGRACHO,,CO2e_CUT,1,2025,,,,,,-21.1982
EmissionActivityRatio,NDC,ECU,SUPCAMGRACHO,,CO2e_CUT,1,2026,,,,,,-21.1982
EmissionActivityRatio,NDC,ECU,SUPCAMGRACHO,,CO2e_CUT,1,2027,,,,,,-21.1982
EmissionActivityRatio,NDC,ECU,SUPCAMGRACHO,,CO2e_CUT,1,2028,,,,,,-21.1982
EmissionActivityRatio,NDC,ECU,SUPCAMGRACHO,,CO2e_CUT,1,2029,,,,,,-21.1982
EmissionActivityRatio,NDC,ECU,SUPCAMGRACHO,,CO2e_CUT,1,2030,,,,,,-21.1982
EmissionActivityRatio,NDC,ECU,SUPCAMGRACHO,,CO2e_CUT,1,2031,,,,,,-21.1982
EmissionActivityRatio,NDC,ECU,SUPCAMGRACHO,,CO2e_CUT,1,2032,,,,,,-21.1982
EmissionActivityRatio,NDC,ECU,SUPCAMGRACHO,,CO2e_CUT,1,2033,,,,,,-21.1982
EmissionActivityRatio,NDC,ECU,SUPCAMGRACHO,,CO2e_CUT,1,2034,,,,,,-21.1982
EmissionActivityRatio,NDC,ECU,SUPCAMGRACHO,,CO2e_CUT,1,2035,,,,,,-21.1982
EmissionActivityRatio,NDC,ECU,SUPCAMGRAMAN,,CO2e_CUT,1,2010,,,,,,-21.1982
EmissionActivityRatio,NDC,ECU,SUPCAMGRAMAN,,CO2e_CUT,1,2011,,,,,,-21.1982
EmissionActivityRatio,NDC,ECU,SUPCAMGRAMAN,,CO2e_CUT,1,2012,,,,,,-21.1982
EmissionActivityRatio,NDC,ECU,SUPCAMGRAMAN,,CO2e_CUT,1,2013,,,,,,-21.1982
EmissionActivityRatio,NDC,ECU,SUPCAMGRAMAN,,CO2e_CUT,1,2014,,,,,,-21.1982
EmissionActivityRatio,NDC,ECU,SUPCAMGRAMAN,,CO2e_CUT,1,2015,,,,,,-21.1982
EmissionActivityRatio,NDC,ECU,SUPCAMGRAMAN,,CO2e_CUT,1,2016,,,,,,-21.1982
EmissionActivityRatio,NDC,ECU,SUPCAMGRAMAN,,CO2e_CUT,1,2017,,,,,,-21.1982
EmissionActivityRatio,NDC,ECU,SUPCAMGRAMAN,,CO2e_CUT,1,2018,,,,,,-21.1982
EmissionActivityRatio,NDC,ECU,SUPCAMGRAMAN,,CO2e_CUT,1,2019,,,,,,-21.1982
EmissionActivityRatio,NDC,ECU,SUPCAMGRAMAN,,CO2e_CUT,1,2020,,,,,,-21.1982
EmissionActivityRatio,NDC,ECU,SUPCAMGRAMAN,,CO2e_CUT,1,2021,,,,,,-21.1982
EmissionActivityRatio,NDC,ECU,SUPCAMGRAMAN,,CO2e_CUT,1,2022,,,,,,-21.1982
EmissionActivityRatio,NDC,ECU,SUPCAMGRAMAN,,CO2e_CUT,1,2023,,,,,,-21.1982
EmissionActivityRatio,NDC,ECU,SUPCAMGRAMAN,,CO2e_CUT,1,2024,,,,,,-21.1982
EmissionActivityRatio,NDC,ECU,SUPCAMGRAMAN,,CO2e_CUT,1,2025,,,,,,-21.1982
EmissionActivityRatio,NDC,ECU,SUPCAMGRAMAN,,CO2e_CUT,1,2026,,,,,,-21.1982
EmissionActivityRatio,NDC,ECU,SUPCAMGRAMAN,,CO2e_CUT,1,2027,,,,,,-21.1982
EmissionActivityRatio,NDC,ECU,SUPCAMGRAMAN,,CO2e_CUT,1,2028,,,,,,-21.1982
EmissionActivityRatio,NDC,ECU,SUPCAMGRAMAN,,CO2e_CUT,1,2029,,,,,,-21.1982
EmissionActivityRatio,NDC,ECU,SUPCAMGRAMAN,,CO2e_CUT,1,2030,,,,,,-21.1982
EmissionActivityRatio,NDC,ECU,SUPCAMGRAMAN,,CO2e_CUT,1,2031,,,,,,-21.1982
EmissionActivityRatio,NDC,ECU,SUPCAMGRAMAN,,CO2e_CUT,1,2032,,,,,,-21.1982
EmissionActivityRatio,NDC,ECU,SUPCAMGRAMAN,,CO2e_CUT,1,2033,,,,,,-21.1982
EmissionActivityRatio,NDC,ECU,SUPCAMGRAMAN,,CO2e_CUT,1,2034,,,,,,-21.1982
EmissionActivityRatio,NDC,ECU,SUPCAMGRAMAN,,CO2e_CUT,1,2035,,,,,,-21.1982
EmissionActivityRatio,NDC,ECU,SUPCAMGRAMOR,,CO2e_CUT,1,2010,,,,,,-21.1982
EmissionActivityRatio,NDC,ECU,SUPCAMGRAMOR,,CO2e_CUT,1,2011,,,,,,-21.1982
EmissionActivityRatio,NDC,ECU,SUPCAMGRAMOR,,CO2e_CUT,1,2012,,,,,,-21.1982
EmissionActivityRatio,NDC,ECU,SUPCAMGRAMOR,,CO2e_CUT,1,2013,,,,,,-21.1982
EmissionActivityRatio,NDC,ECU,SUPCAMGRAMOR,,CO2e_CUT,1,2014,,,,,,-21.1982
EmissionActivityRatio,NDC,ECU,SUPCAMGRAMOR,,CO2e_CUT,1,2015,,,,,,-21.1982
EmissionActivityRatio,NDC,ECU,SUPCAMGRAMOR,,CO2e_CUT,1,2016,,,,,,-21.1982
EmissionActivityRatio,NDC,ECU,SUPCAMGRAMOR,,CO2e_CUT,1,2017,,,,,,-21.1982
EmissionActivityRatio,NDC,ECU,SUPCAMGRAMOR,,CO2e_CUT,1,2018,,,,,,-21.1982
EmissionActivityRatio,NDC,ECU,SUPCAMGRAMOR,,CO2e_CUT,1,2019,,,,,,-21.1982
EmissionActivityRatio,NDC,ECU,SUPCAMGRAMOR,,CO2e_CUT,1,2020,,,,,,-21.1982
EmissionActivityRatio,NDC,ECU,SUPCAMGRAMOR,,CO2e_CUT,1,2021,,,,,,-21.1982
EmissionActivityRatio,NDC,ECU,SUPCAMGRAMOR,,CO2e_CUT,1,2022,,,,,,-21.1982
EmissionActivityRatio,NDC,ECU,SUPCAMGRAMOR,,CO2e_CUT,1,2023,,,,,,-21.1982
EmissionActivityRatio,NDC,ECU,SUPCAMGRAMOR,,CO2e_CUT,1,2024,,,,,,-21.1982
EmissionActivityRatio,NDC,ECU,SUPCAMGRAMOR,,CO2e_CUT,1,2025,,,,,,-21.1982
EmissionActivityRatio,NDC,ECU,SUPCAMGRAMOR,,CO2e_CUT,1,2026,,,,,,-21.1982
EmissionActivityRatio,NDC,ECU,SUPCAMGRAMOR,,CO2e_CUT,1,2027,,,,,,-21.1982
EmissionActivityRatio,NDC,ECU,SUPCAMGRAMOR,,CO2e_CUT,1,2028,,,,,,-21.1982
EmissionActivityRatio,NDC,ECU,SUPCAMGRAMOR,,CO2e_CUT,1,2029,,,,,,-21.1982
EmissionActivityRatio,NDC,ECU,SUPCAMGRAMOR,,CO2e_CUT,1,2030,,,,,,-21.1982
EmissionActivityRatio,NDC,ECU,SUPCAMGRAMOR,,CO2e_CUT,1,2031,,,,,,-21.1982
EmissionActivityRatio,NDC,ECU,SUPCAMGRAMOR,,CO2e_CUT,1,2032,,,,,,-21.1982
EmissionActivityRatio,NDC,ECU,SUPCAMGRAMOR,,CO2e_CUT,1,2033,,,,,,-21.1982
EmissionActivityRatio,NDC,ECU,SUPCAMGRAMOR,,CO2e_CUT,1,2034,,,,,,-21.1982
EmissionActivityRatio,NDC,ECU,SUPCAMGRAMOR,,CO2e_CUT,1,2035,,,,,,-21.1982
EmissionActivityRatio,NDC,ECU,SUPCAMGRAPFO,,CO2e_CUT,1,2010,,,,,,-21.1982
EmissionActivityRatio,NDC,ECU,SUPCAMGRAPFO,,CO2e_CUT,1,2011,,,,,,-21.1982
EmissionActivityRatio,NDC,ECU,SUPCAMGRAPFO,,CO2e_CUT,1,2012,,,,,,-21.1982
EmissionActivityRatio,NDC,ECU,SUPCAMGRAPFO,,CO2e_CUT,1,2013,,,,,,-21.1982
EmissionActivityRatio,NDC,ECU,SUPCAMGRAPFO,,CO2e_CUT,1,2014,,,,,,-21.1982
EmissionActivityRatio,NDC,ECU,SUPCAMGRAPFO,,CO2e_CUT,1,2015,,,,,,-21.1982
EmissionActivityRatio,NDC,ECU,SUPCAMGRAPFO,,CO2e_CUT,1,2016,,,,,,-21.1982
EmissionActivityRatio,NDC,ECU,SUPCAMGRAPFO,,CO2e_CUT,1,2017,,,,,,-21.1982
EmissionActivityRatio,NDC,ECU,SUPCAMGRAPFO,,CO2e_CUT,1,2018,,,,,,-21.1982
EmissionActivityRatio,NDC,ECU,SUPCAMGRAPFO,,CO2e_CUT,1,2019,,,,,,-21.1982
EmissionActivityRatio,NDC,ECU,SUPCAMGRAPFO,,CO2e_CUT,1,2020,,,,,,-21.1982
EmissionActivityRatio,NDC,ECU,SUPCAMGRAPFO,,CO2e_CUT,1,2021,,,,,,-21.1982
EmissionActivityRatio,NDC,ECU,SUPCAMGRAPFO,,CO2e_CUT,1,2022,,,,,,-21.1982
EmissionActivityRatio,NDC,ECU,SUPCAMGRAPFO,,CO2e_CUT,1,2023,,,,,,-21.1982
EmissionActivityRatio,NDC,ECU,SUPCAMGRAPFO,,CO2e_CUT,1,2024,,,,,,-21.1982
EmissionActivityRatio,NDC,ECU,SUPCAMGRAPFO,,CO2e_CUT,1,2025,,,,,,-21.1982
EmissionActivityRatio,NDC,ECU,SUPCAMGRAPFO,,CO2e_CUT,1,2026,,,,,,-21.1982
EmissionActivityRatio,NDC,ECU,SUPCAMGRAPFO,,CO2e_CUT,1,2027,,,,,,-21.1982
EmissionActivityRatio,NDC,ECU,SUPCAMGRAPFO,,CO2e_CUT,1,2028,,,,,,-21.1982
EmissionActivityRatio,NDC,ECU,SUPCAMGRAPFO,,CO2e_CUT,1,2029,,,,,,-21.1982
EmissionActivityRatio,NDC,ECU,SUPCAMGRAPFO,,CO2e_CUT,1,2030,,,,,,-21.1982
EmissionActivityRatio,NDC,ECU,SUPCAMGRAPFO,,CO2e_CUT,1,2031,,,,,,-21.1982
EmissionActivityRatio,NDC,ECU,SUPCAMGRAPFO,,CO2e_CUT,1,2032,,,,,,-21.1982
EmissionActivityRatio,NDC,ECU,SUPCAMGRAPFO,,CO2e_CUT,1,2033,,,,,,-21.1982
EmissionActivityRatio,NDC,ECU,SUPCAMGRAPFO,,CO2e_CUT,1,2034,,,,,,-21.1982
EmissionActivityRatio,NDC,ECU,SUPCAMGRAPFO,,CO2e_CUT,1,2035,,,,,,-21.1982
EmissionActivityRatio,NDC,ECU,SUPCAMHUMAND,,CO2e_CUT,1,2010,,,,,,-21.1982
EmissionActivityRatio,NDC,ECU,SUPCAMHUMAND,,CO2e_CUT,1,2011,,,,,,-21.1982
EmissionActivityRatio,NDC,ECU,SUPCAMHUMAND,,CO2e_CUT,1,2012,,,,,,-21.1982
EmissionActivityRatio,NDC,ECU,SUPCAMHUMAND,,CO2e_CUT,1,2013,,,,,,-21.1982
EmissionActivityRatio,NDC,ECU,SUPCAMHUMAND,,CO2e_CUT,1,2014,,,,,,-21.1982
EmissionActivityRatio,NDC,ECU,SUPCAMHUMAND,,CO2e_CUT,1,2015,,,,,,-21.1982
EmissionActivityRatio,NDC,ECU,SUPCAMHUMAND,,CO2e_CUT,1,2016,,,,,,-21.1982
EmissionActivityRatio,NDC,ECU,SUPCAMHUMAND,,CO2e_CUT,1,2017,,,,,,-21.1982
EmissionActivityRatio,NDC,ECU,SUPCAMHUMAND,,CO2e_CUT,1,2018,,,,,,-21.1982
EmissionActivityRatio,NDC,ECU,SUPCAMHUMAND,,CO2e_CUT,1,2019,,,,,,-21.1982
EmissionActivityRatio,NDC,ECU,SUPCAMHUMAND,,CO2e_CUT,1,2020,,,,,,-21.1982
EmissionActivityRatio,NDC,ECU,SUPCAMHUMAND,,CO2e_CUT,1,2021,,,,,,-21.1982
EmissionActivityRatio,NDC,ECU,SUPCAMHUMAND,,CO2e_CUT,1,2022,,,,,,-21.1982
EmissionActivityRatio,NDC,ECU,SUPCAMHUMAND,,CO2e_CUT,1,2023,,,,,,-21.1982
EmissionActivityRatio,NDC,ECU,SUPCAMHUMAND,,CO2e_CUT,1,2024,,,,,,-21.1982
EmissionActivityRatio,NDC,ECU,SUPCAMHUMAND,,CO2e_CUT,1,2025,,,,,,-21.1982
EmissionActivityRatio,NDC,ECU,SUPCAMHUMAND,,CO2e_CUT,1,2026,,,,,,-21.1982
EmissionActivityRatio,NDC,ECU,SUPCAMHUMAND,,CO2e_CUT,1,2027,,,,,,-21.1982
EmissionActivityRatio,NDC,ECU,SUPCAMHUMAND,,CO2e_CUT,1,2028,,,,,,-21.1982
EmissionActivityRatio,NDC,ECU,SUPCAMHUMAND,,CO2e_CUT,1,2029,,,,,,-21.1982
EmissionActivityRatio,NDC,ECU,SUPCAMHUMAND,,CO2e_CUT,1,2030,,,,,,-21.1982
EmissionActivityRatio,NDC,ECU,SUPCAMHUMAND,,CO2e_CUT,1,2031,,,,,,-21.1982
EmissionActivityRatio,NDC,ECU,SUPCAMHUMAND,,CO2e_CUT,1,2032,,,,,,-21.1982
EmissionActivityRatio,NDC,ECU,SUPCAMHUMAND,,CO2e_CUT,1,2033,,,,,,-21.1982
EmissionActivityRatio,NDC,ECU,SUPCAMHUMAND,,CO2e_CUT,1,2034,,,,,,-21.1982
EmissionActivityRatio,NDC,ECU,SUPCAMHUMAND,,CO2e_CUT,1,2035,,,,,,-21.1982
EmissionActivityRatio,NDC,ECU,SUPCAMHUMPLU,,CO2e_CUT,1,2010,,,,,,-21.1982
EmissionActivityRatio,NDC,ECU,SUPCAMHUMPLU,,CO2e_CUT,1,2011,,,,,,-21.1982
EmissionActivityRatio,NDC,ECU,SUPCAMHUMPLU,,CO2e_CUT,1,2012,,,,,,-21.1982
EmissionActivityRatio,NDC,ECU,SUPCAMHUMPLU,,CO2e_CUT,1,2013,,,,,,-21.1982
EmissionActivityRatio,NDC,ECU,SUPCAMHUMPLU,,CO2e_CUT,1,2014,,,,,,-21.1982
EmissionActivityRatio,NDC,ECU,SUPCAMHUMPLU,,CO2e_CUT,1,2015,,,,,,-21.1982
EmissionActivityRatio,NDC,ECU,SUPCAMHUMPLU,,CO2e_CUT,1,2016,,,,,,-21.1982
EmissionActivityRatio,NDC,ECU,SUPCAMHUMPLU,,CO2e_CUT,1,2017,,,,,,-21.1982
EmissionActivityRatio,NDC,ECU,SUPCAMHUMPLU,,CO2e_CUT,1,2018,,,,,,-21.1982
EmissionActivityRatio,NDC,ECU,SUPCAMHUMPLU,,CO2e_CUT,1,2019,,,,,,-21.1982
EmissionActivityRatio,NDC,ECU,SUPCAMHUMPLU,,CO2e_CUT,1,2020,,,,,,-21.1982
EmissionActivityRatio,NDC,ECU,SUPCAMHUMPLU,,CO2e_CUT,1,2021,,,,,,-21.1982
EmissionActivityRatio,NDC,ECU,SUPCAMHUMPLU,,CO2e_CUT,1,2022,,,,,,-21.1982
EmissionActivityRatio,NDC,ECU,SUPCAMHUMPLU,,CO2e_CUT,1,2023,,,,,,-21.1982
EmissionActivityRatio,NDC,ECU,SUPCAMHUMPLU,,CO2e_CUT,1,2024,,,,,,-21.1982
EmissionActivityRatio,NDC,ECU,SUPCAMHUMPLU,,CO2e_CUT,1,2025,,,,,,-21.1982
EmissionActivityRatio,NDC,ECU,SUPCAMHUMPLU,,CO2e_CUT,1,2026,,,,,,-21.1982
EmissionActivityRatio,NDC,ECU,SUPCAMHUMPLU,,CO2e_CUT,1,2027,,,,,,-21.1982
EmissionActivityRatio,NDC,ECU,SUPCAMHUMPLU,,CO2e_CUT,1,2028,,,,,,-21.1982
EmissionActivityRatio,NDC,ECU,SUPCAMHUMPLU,,CO2e_CUT,1,2029,,,,,,-21.1982
EmissionActivityRatio,NDC,ECU,SUPCAMHUMPLU,,CO2e_CUT,1,2030,,,,,,-21.1982
EmissionActivityRatio,NDC,ECU,SUPCAMHUMPLU,,CO2e_CUT,1,2031,,,,,,-21.1982
EmissionActivityRatio,NDC,ECU,SUPCAMHUMPLU,,CO2e_CUT,1,2032,,,,,,-21.1982
EmissionActivityRatio,NDC,ECU,SUPCAMHUMPLU,,CO2e_CUT,1,2033,,,,,,-21.1982
EmissionActivityRatio,NDC,ECU,SUPCAMHUMPLU,,CO2e_CUT,1,2034,,,,,,-21.1982
EmissionActivityRatio,NDC,ECU,SUPCAMHUMPLU,,CO2e_CUT,1,2035,,,,,,-21.1982
EmissionActivityRatio,NDC,ECU,SUPCAMHUMMON,,CO2e_CUT,1,2010,,,,,,-21.1982
EmissionActivityRatio,NDC,ECU,SUPCAMHUMMON,,CO2e_CUT,1,2011,,,,,,-21.1982
EmissionActivityRatio,NDC,ECU,SUPCAMHUMMON,,CO2e_CUT,1,2012,,,,,,-21.1982
EmissionActivityRatio,NDC,ECU,SUPCAMHUMMON,,CO2e_CUT,1,2013,,,,,,-21.1982
EmissionActivityRatio,NDC,ECU,SUPCAMHUMMON,,CO2e_CUT,1,2014,,,,,,-21.1982
EmissionActivityRatio,NDC,ECU,SUPCAMHUMMON,,CO2e_CUT,1,2015,,,,,,-21.1982
EmissionActivityRatio,NDC,ECU,SUPCAMHUMMON,,CO2e_CUT,1,2016,,,,,,-21.1982
EmissionActivityRatio,NDC,ECU,SUPCAMHUMMON,,CO2e_CUT,1,2017,,,,,,-21.1982
EmissionActivityRatio,NDC,ECU,SUPCAMHUMMON,,CO2e_CUT,1,2018,,,,,,-21.1982
EmissionActivityRatio,NDC,ECU,SUPCAMHUMMON,,CO2e_CUT,1,2019,,,,,,-21.1982
EmissionActivityRatio,NDC,ECU,SUPCAMHUMMON,,CO2e_CUT,1,2020,,,,,,-21.1982
EmissionActivityRatio,NDC,ECU,SUPCAMHUMMON,,CO2e_CUT,1,2021,,,,,,-21.1982
EmissionActivityRatio,NDC,ECU,SUPCAMHUMMON,,CO2e_CUT,1,2022,,,,,,-21.1982
EmissionActivityRatio,NDC,ECU,SUPCAMHUMMON,,CO2e_CUT,1,2023,,,,,,-21.1982
EmissionActivityRatio,NDC,ECU,SUPCAMHUMMON,,CO2e_CUT,1,2024,,,,,,-21.1982
EmissionActivityRatio,NDC,ECU,SUPCAMHUMMON,,CO2e_CUT,1,2025,,,,,,-21.1982
EmissionActivityRatio,NDC,ECU,SUPCAMHUMMON,,CO2e_CUT,1,2026,,,,,,-21.1982
EmissionActivityRatio,NDC,ECU,SUPCAMHUMMON,,CO2e_CUT,1,2027,,,,,,-21.1982
EmissionActivityRatio,NDC,ECU,SUPCAMHUMMON,,CO2e_CUT,1,2028,,,,,,-21.1982
EmissionActivityRatio,NDC,ECU,SUPCAMHUMMON,,CO2e_CUT,1,2029,,,,,,-21.1982
EmissionActivityRatio,NDC,ECU,SUPCAMHUMMON,,CO2e_CUT,1,2030,,,,,,-21.1982
EmissionActivityRatio,NDC,ECU,SUPCAMHUMMON,,CO2e_CUT,1,2031,,,,,,-21.1982
EmissionActivityRatio,NDC,ECU,SUPCAMHUMMON,,CO2e_CUT,1,2032,,,,,,-21.1982
EmissionActivityRatio,NDC,ECU,SUPCAMHUMMON,,CO2e_CUT,1,2033,,,,,,-21.1982
EmissionActivityRatio,NDC,ECU,SUPCAMHUMMON,,CO2e_CUT,1,2034,,,,,,-21.1982
EmissionActivityRatio,NDC,ECU,SUPCAMHUMMON,,CO2e_CUT,1,2035,,,,,,-21.1982
EmissionActivityRatio,NDC,ECU,SUPCAMHUMPIE,,CO2e_CUT,1,2010,,,,,,-21.1982
EmissionActivityRatio,NDC,ECU,SUPCAMHUMPIE,,CO2e_CUT,1,2011,,,,,,-21.1982
EmissionActivityRatio,NDC,ECU,SUPCAMHUMPIE,,CO2e_CUT,1,2012,,,,,,-21.1982
EmissionActivityRatio,NDC,ECU,SUPCAMHUMPIE,,CO2e_CUT,1,2013,,,,,,-21.1982
EmissionActivityRatio,NDC,ECU,SUPCAMHUMPIE,,CO2e_CUT,1,2014,,,,,,-21.1982
EmissionActivityRatio,NDC,ECU,SUPCAMHUMPIE,,CO2e_CUT,1,2015,,,,,,-21.1982
EmissionActivityRatio,NDC,ECU,SUPCAMHUMPIE,,CO2e_CUT,1,2016,,,,,,-21.1982
EmissionActivityRatio,NDC,ECU,SUPCAMHUMPIE,,CO2e_CUT,1,2017,,,,,,-21.1982
EmissionActivityRatio,NDC,ECU,SUPCAMHUMPIE,,CO2e_CUT,1,2018,,,,,,-21.1982
EmissionActivityRatio,NDC,ECU,SUPCAMHUMPIE,,CO2e_CUT,1,2019,,,,,,-21.1982
EmissionActivityRatio,NDC,ECU,SUPCAMHUMPIE,,CO2e_CUT,1,2020,,,,,,-21.1982
EmissionActivityRatio,NDC,ECU,SUPCAMHUMPIE,,CO2e_CUT,1,2021,,,,,,-21.1982
EmissionActivityRatio,NDC,ECU,SUPCAMHUMPIE,,CO2e_CUT,1,2022,,,,,,-21.1982
EmissionActivityRatio,NDC,ECU,SUPCAMHUMPIE,,CO2e_CUT,1,2023,,,,,,-21.1982
EmissionActivityRatio,NDC,ECU,SUPCAMHUMPIE,,CO2e_CUT,1,2024,,,,,,-21.1982
EmissionActivityRatio,NDC,ECU,SUPCAMHUMPIE,,CO2e_CUT,1,2025,,,,,,-21.1982
EmissionActivityRatio,NDC,ECU,SUPCAMHUMPIE,,CO2e_CUT,1,2026,,,,,,-21.1982
EmissionActivityRatio,NDC,ECU,SUPCAMHUMPIE,,CO2e_CUT,1,2027,,,,,,-21.1982
EmissionActivityRatio,NDC,ECU,SUPCAMHUMPIE,,CO2e_CUT,1,2028,,,,,,-21.1982
EmissionActivityRatio,NDC,ECU,SUPCAMHUMPIE,,CO2e_CUT,1,2029,,,,,,-21.1982
EmissionActivityRatio,NDC,ECU,SUPCAMHUMPIE,,CO2e_CUT,1,2030,,,,,,-21.1982
EmissionActivityRatio,NDC,ECU,SUPCAMHUMPIE,,CO2e_CUT,1,2031,,,,,,-21.1982
EmissionActivityRatio,NDC,ECU,SUPCAMHUMPIE,,CO2e_CUT,1,2032,,,,,,-21.1982
EmissionActivityRatio,NDC,ECU,SUPCAMHUMPIE,,CO2e_CUT,1,2033,,,,,,-21.1982
EmissionActivityRatio,NDC,ECU,SUPCAMHUMPIE,,CO2e_CUT,1,2034,,,,,,-21.1982
EmissionActivityRatio,NDC,ECU,SUPCAMHUMPIE,,CO2e_CUT,1,2035,,,,,,-21.1982
EmissionActivityRatio,NDC,ECU,SUPCAMHUMCEJ,,CO2e_CUT,1,2010,,,,,,-21.1982
EmissionActivityRatio,NDC,ECU,SUPCAMHUMCEJ,,CO2e_CUT,1,2011,,,,,,-21.1982
EmissionActivityRatio,NDC,ECU,SUPCAMHUMCEJ,,CO2e_CUT,1,2012,,,,,,-21.1982
EmissionActivityRatio,NDC,ECU,SUPCAMHUMCEJ,,CO2e_CUT,1,2013,,,,,,-21.1982
EmissionActivityRatio,NDC,ECU,SUPCAMHUMCEJ,,CO2e_CUT,1,2014,,,,,,-21.1982
EmissionActivityRatio,NDC,ECU,SUPCAMHUMCEJ,,CO2e_CUT,1,2015,,,,,,-21.1982
EmissionActivityRatio,NDC,ECU,SUPCAMHUMCEJ,,CO2e_CUT,1,2016,,,,,,-21.1982
EmissionActivityRatio,NDC,ECU,SUPCAMHUMCEJ,,CO2e_CUT,1,2017,,,,,,-21.1982
EmissionActivityRatio,NDC,ECU,SUPCAMHUMCEJ,,CO2e_CUT,1,2018,,,,,,-21.1982
EmissionActivityRatio,NDC,ECU,SUPCAMHUMCEJ,,CO2e_CUT,1,2019,,,,,,-21.1982
EmissionActivityRatio,NDC,ECU,SUPCAMHUMCEJ,,CO2e_CUT,1,2020,,,,,,-21.1982
EmissionActivityRatio,NDC,ECU,SUPCAMHUMCEJ,,CO2e_CUT,1,2021,,,,,,-21.1982
EmissionActivityRatio,NDC,ECU,SUPCAMHUMCEJ,,CO2e_CUT,1,2022,,,,,,-21.1982
EmissionActivityRatio,NDC,ECU,SUPCAMHUMCEJ,,CO2e_CUT,1,2023,,,,,,-21.1982
EmissionActivityRatio,NDC,ECU,SUPCAMHUMCEJ,,CO2e_CUT,1,2024,,,,,,-21.1982
EmissionActivityRatio,NDC,ECU,SUPCAMHUMCEJ,,CO2e_CUT,1,2025,,,,,,-21.1982
EmissionActivityRatio,NDC,ECU,SUPCAMHUMCEJ,,CO2e_CUT,1,2026,,,,,,-21.1982
EmissionActivityRatio,NDC,ECU,SUPCAMHUMCEJ,,CO2e_CUT,1,2027,,,,,,-21.1982
EmissionActivityRatio,NDC,ECU,SUPCAMHUMCEJ,,CO2e_CUT,1,2028,,,,,,-21.1982
EmissionActivityRatio,NDC,ECU,SUPCAMHUMCEJ,,CO2e_CUT,1,2029,,,,,,-21.1982
EmissionActivityRatio,NDC,ECU,SUPCAMHUMCEJ,,CO2e_CUT,1,2030,,,,,,-21.1982
EmissionActivityRatio,NDC,ECU,SUPCAMHUMCEJ,,CO2e_CUT,1,2031,,,,,,-21.1982
EmissionActivityRatio,NDC,ECU,SUPCAMHUMCEJ,,CO2e_CUT,1,2032,,,,,,-21.1982
EmissionActivityRatio,NDC,ECU,SUPCAMHUMCEJ,,CO2e_CUT,1,2033,,,,,,-21.1982
EmissionActivityRatio,NDC,ECU,SUPCAMHUMCEJ,,CO2e_CUT,1,2034,,,,,,-21.1982
EmissionActivityRatio,NDC,ECU,SUPCAMHUMCEJ,,CO2e_CUT,1,2035,,,,,,-21.1982
EmissionActivityRatio,NDC,ECU,SUPCAMHUMAMA,,CO2e_CUT,1,2010,,,,,,-21.1982
EmissionActivityRatio,NDC,ECU,SUPCAMHUMAMA,,CO2e_CUT,1,2011,,,,,,-21.1982
EmissionActivityRatio,NDC,ECU,SUPCAMHUMAMA,,CO2e_CUT,1,2012,,,,,,-21.1982
EmissionActivityRatio,NDC,ECU,SUPCAMHUMAMA,,CO2e_CUT,1,2013,,,,,,-21.1982
EmissionActivityRatio,NDC,ECU,SUPCAMHUMAMA,,CO2e_CUT,1,2014,,,,,,-21.1982
EmissionActivityRatio,NDC,ECU,SUPCAMHUMAMA,,CO2e_CUT,1,2015,,,,,,-21.1982
EmissionActivityRatio,NDC,ECU,SUPCAMHUMAMA,,CO2e_CUT,1,2016,,,,,,-21.1982
EmissionActivityRatio,NDC,ECU,SUPCAMHUMAMA,,CO2e_CUT,1,2017,,,,,,-21.1982
EmissionActivityRatio,NDC,ECU,SUPCAMHUMAMA,,CO2e_CUT,1,2018,,,,,,-21.1982
EmissionActivityRatio,NDC,ECU,SUPCAMHUMAMA,,CO2e_CUT,1,2019,,,,,,-21.1982
EmissionActivityRatio,NDC,ECU,SUPCAMHUMAMA,,CO2e_CUT,1,2020,,,,,,-21.1982
EmissionActivityRatio,NDC,ECU,SUPCAMHUMAMA,,CO2e_CUT,1,2021,,,,,,-21.1982
EmissionActivityRatio,NDC,ECU,SUPCAMHUMAMA,,CO2e_CUT,1,2022,,,,,,-21.1982
EmissionActivityRatio,NDC,ECU,SUPCAMHUMAMA,,CO2e_CUT,1,2023,,,,,,-21.1982
EmissionActivityRatio,NDC,ECU,SUPCAMHUMAMA,,CO2e_CUT,1,2024,,,,,,-21.1982
EmissionActivityRatio,NDC,ECU,SUPCAMHUMAMA,,CO2e_CUT,1,2025,,,,,,-21.1982
EmissionActivityRatio,NDC,ECU,SUPCAMHUMAMA,,CO2e_CUT,1,2026,,,,,,-21.1982
EmissionActivityRatio,NDC,ECU,SUPCAMHUMAMA,,CO2e_CUT,1,2027,,,,,,-21.1982
EmissionActivityRatio,NDC,ECU,SUPCAMHUMAMA,,CO2e_CUT,1,2028,,,,,,-21.1982
EmissionActivityRatio,NDC,ECU,SUPCAMHUMAMA,,CO2e_CUT,1,2029,,,,,,-21.1982
EmissionActivityRatio,NDC,ECU,SUPCAMHUMAMA,,CO2e_CUT,1,2030,,,,,,-21.1982
EmissionActivityRatio,NDC,ECU,SUPCAMHUMAMA,,CO2e_CUT,1,2031,,,,,,-21.1982
EmissionActivityRatio,NDC,ECU,SUPCAMHUMAMA,,CO2e_CUT,1,2032,,,,,,-21.1982
EmissionActivityRatio,NDC,ECU,SUPCAMHUMAMA,,CO2e_CUT,1,2033,,,,,,-21.1982
EmissionActivityRatio,NDC,ECU,SUPCAMHUMAMA,,CO2e_CUT,1,2034,,,,,,-21.1982
EmissionActivityRatio,NDC,ECU,SUPCAMHUMAMA,,CO2e_CUT,1,2035,,,,,,-21.1982
EmissionActivityRatio,NDC,ECU,SUPCAMHUMCHO,,CO2e_CUT,1,2010,,,,,,-21.1982
EmissionActivityRatio,NDC,ECU,SUPCAMHUMCHO,,CO2e_CUT,1,2011,,,,,,-21.1982
EmissionActivityRatio,NDC,ECU,SUPCAMHUMCHO,,CO2e_CUT,1,2012,,,,,,-21.1982
EmissionActivityRatio,NDC,ECU,SUPCAMHUMCHO,,CO2e_CUT,1,2013,,,,,,-21.1982
EmissionActivityRatio,NDC,ECU,SUPCAMHUMCHO,,CO2e_CUT,1,2014,,,,,,-21.1982
EmissionActivityRatio,NDC,ECU,SUPCAMHUMCHO,,CO2e_CUT,1,2015,,,,,,-21.1982
EmissionActivityRatio,NDC,ECU,SUPCAMHUMCHO,,CO2e_CUT,1,2016,,,,,,-21.1982
EmissionActivityRatio,NDC,ECU,SUPCAMHUMCHO,,CO2e_CUT,1,2017,,,,,,-21.1982
EmissionActivityRatio,NDC,ECU,SUPCAMHUMCHO,,CO2e_CUT,1,2018,,,,,,-21.1982
EmissionActivityRatio,NDC,ECU,SUPCAMHUMCHO,,CO2e_CUT,1,2019,,,,,,-21.1982
EmissionActivityRatio,NDC,ECU,SUPCAMHUMCHO,,CO2e_CUT,1,2020,,,,,,-21.1982
EmissionActivityRatio,NDC,ECU,SUPCAMHUMCHO,,CO2e_CUT,1,2021,,,,,,-21.1982
EmissionActivityRatio,NDC,ECU,SUPCAMHUMCHO,,CO2e_CUT,1,2022,,,,,,-21.1982
EmissionActivityRatio,NDC,ECU,SUPCAMHUMCHO,,CO2e_CUT,1,2023,,,,,,-21.1982
EmissionActivityRatio,NDC,ECU,SUPCAMHUMCHO,,CO2e_CUT,1,2024,,,,,,-21.1982
EmissionActivityRatio,NDC,ECU,SUPCAMHUMCHO,,CO2e_CUT,1,2025,,,,,,-21.1982
EmissionActivityRatio,NDC,ECU,SUPCAMHUMCHO,,CO2e_CUT,1,2026,,,,,,-21.1982
EmissionActivityRatio,NDC,ECU,SUPCAMHUMCHO,,CO2e_CUT,1,2027,,,,,,-21.1982
EmissionActivityRatio,NDC,ECU,SUPCAMHUMCHO,,CO2e_CUT,1,2028,,,,,,-21.1982
EmissionActivityRatio,NDC,ECU,SUPCAMHUMCHO,,CO2e_CUT,1,2029,,,,,,-21.1982
EmissionActivityRatio,NDC,ECU,SUPCAMHUMCHO,,CO2e_CUT,1,2030,,,,,,-21.1982
EmissionActivityRatio,NDC,ECU,SUPCAMHUMCHO,,CO2e_CUT,1,2031,,,,,,-21.1982
EmissionActivityRatio,NDC,ECU,SUPCAMHUMCHO,,CO2e_CUT,1,2032,,,,,,-21.1982
EmissionActivityRatio,NDC,ECU,SUPCAMHUMCHO,,CO2e_CUT,1,2033,,,,,,-21.1982
EmissionActivityRatio,NDC,ECU,SUPCAMHUMCHO,,CO2e_CUT,1,2034,,,,,,-21.1982
EmissionActivityRatio,NDC,ECU,SUPCAMHUMCHO,,CO2e_CUT,1,2035,,,,,,-21.1982
EmissionActivityRatio,NDC,ECU,SUPCAMHUMMAN,,CO2e_CUT,1,2010,,,,,,-21.1982
EmissionActivityRatio,NDC,ECU,SUPCAMHUMMAN,,CO2e_CUT,1,2011,,,,,,-21.1982
EmissionActivityRatio,NDC,ECU,SUPCAMHUMMAN,,CO2e_CUT,1,2012,,,,,,-21.1982
EmissionActivityRatio,NDC,ECU,SUPCAMHUMMAN,,CO2e_CUT,1,2013,,,,,,-21.1982
EmissionActivityRatio,NDC,ECU,SUPCAMHUMMAN,,CO2e_CUT,1,2014,,,,,,-21.1982
EmissionActivityRatio,NDC,ECU,SUPCAMHUMMAN,,CO2e_CUT,1,2015,,,,,,-21.1982
EmissionActivityRatio,NDC,ECU,SUPCAMHUMMAN,,CO2e_CUT,1,2016,,,,,,-21.1982
EmissionActivityRatio,NDC,ECU,SUPCAMHUMMAN,,CO2e_CUT,1,2017,,,,,,-21.1982
EmissionActivityRatio,NDC,ECU,SUPCAMHUMMAN,,CO2e_CUT,1,2018,,,,,,-21.1982
EmissionActivityRatio,NDC,ECU,SUPCAMHUMMAN,,CO2e_CUT,1,2019,,,,,,-21.1982
EmissionActivityRatio,NDC,ECU,SUPCAMHUMMAN,,CO2e_CUT,1,2020,,,,,,-21.1982
EmissionActivityRatio,NDC,ECU,SUPCAMHUMMAN,,CO2e_CUT,1,2021,,,,,,-21.1982
EmissionActivityRatio,NDC,ECU,SUPCAMHUMMAN,,CO2e_CUT,1,2022,,,,,,-21.1982
EmissionActivityRatio,NDC,ECU,SUPCAMHUMMAN,,CO2e_CUT,1,2023,,,,,,-21.1982
EmissionActivityRatio,NDC,ECU,SUPCAMHUMMAN,,CO2e_CUT,1,2024,,,,,,-21.1982
EmissionActivityRatio,NDC,ECU,SUPCAMHUMMAN,,CO2e_CUT,1,2025,,,,,,-21.1982
EmissionActivityRatio,NDC,ECU,SUPCAMHUMMAN,,CO2e_CUT,1,2026,,,,,,-21.1982
EmissionActivityRatio,NDC,ECU,SUPCAMHUMMAN,,CO2e_CUT,1,2027,,,,,,-21.1982
EmissionActivityRatio,NDC,ECU,SUPCAMHUMMAN,,CO2e_CUT,1,2028,,,,,,-21.1982
EmissionActivityRatio,NDC,ECU,SUPCAMHUMMAN,,CO2e_CUT,1,2029,,,,,,-21.1982
EmissionActivityRatio,NDC,ECU,SUPCAMHUMMAN,,CO2e_CUT,1,2030,,,,,,-21.1982
EmissionActivityRatio,NDC,ECU,SUPCAMHUMMAN,,CO2e_CUT,1,2031,,,,,,-21.1982
EmissionActivityRatio,NDC,ECU,SUPCAMHUMMAN,,CO2e_CUT,1,2032,,,,,,-21.1982
EmissionActivityRatio,NDC,ECU,SUPCAMHUMMAN,,CO2e_CUT,1,2033,,,,,,-21.1982
EmissionActivityRatio,NDC,ECU,SUPCAMHUMMAN,,CO2e_CUT,1,2034,,,,,,-21.1982
EmissionActivityRatio,NDC,ECU,SUPCAMHUMMAN,,CO2e_CUT,1,2035,,,,,,-21.1982
EmissionActivityRatio,NDC,ECU,SUPCAMHUMMOR,,CO2e_CUT,1,2010,,,,,,-21.1982
EmissionActivityRatio,NDC,ECU,SUPCAMHUMMOR,,CO2e_CUT,1,2011,,,,,,-21.1982
EmissionActivityRatio,NDC,ECU,SUPCAMHUMMOR,,CO2e_CUT,1,2012,,,,,,-21.1982
EmissionActivityRatio,NDC,ECU,SUPCAMHUMMOR,,CO2e_CUT,1,2013,,,,,,-21.1982
EmissionActivityRatio,NDC,ECU,SUPCAMHUMMOR,,CO2e_CUT,1,2014,,,,,,-21.1982
EmissionActivityRatio,NDC,ECU,SUPCAMHUMMOR,,CO2e_CUT,1,2015,,,,,,-21.1982
EmissionActivityRatio,NDC,ECU,SUPCAMHUMMOR,,CO2e_CUT,1,2016,,,,,,-21.1982
EmissionActivityRatio,NDC,ECU,SUPCAMHUMMOR,,CO2e_CUT,1,2017,,,,,,-21.1982
EmissionActivityRatio,NDC,ECU,SUPCAMHUMMOR,,CO2e_CUT,1,2018,,,,,,-21.1982
EmissionActivityRatio,NDC,ECU,SUPCAMHUMMOR,,CO2e_CUT,1,2019,,,,,,-21.1982
EmissionActivityRatio,NDC,ECU,SUPCAMHUMMOR,,CO2e_CUT,1,2020,,,,,,-21.1982
EmissionActivityRatio,NDC,ECU,SUPCAMHUMMOR,,CO2e_CUT,1,2021,,,,,,-21.1982
EmissionActivityRatio,NDC,ECU,SUPCAMHUMMOR,,CO2e_CUT,1,2022,,,,,,-21.1982
EmissionActivityRatio,NDC,ECU,SUPCAMHUMMOR,,CO2e_CUT,1,2023,,,,,,-21.1982
EmissionActivityRatio,NDC,ECU,SUPCAMHUMMOR,,CO2e_CUT,1,2024,,,,,,-21.1982
EmissionActivityRatio,NDC,ECU,SUPCAMHUMMOR,,CO2e_CUT,1,2025,,,,,,-21.1982
EmissionActivityRatio,NDC,ECU,SUPCAMHUMMOR,,CO2e_CUT,1,2026,,,,,,-21.1982
EmissionActivityRatio,NDC,ECU,SUPCAMHUMMOR,,CO2e_CUT,1,2027,,,,,,-21.1982
EmissionActivityRatio,NDC,ECU,SUPCAMHUMMOR,,CO2e_CUT,1,2028,,,,,,-21.1982
EmissionActivityRatio,NDC,ECU,SUPCAMHUMMOR,,CO2e_CUT,1,2029,,,,,,-21.1982
EmissionActivityRatio,NDC,ECU,SUPCAMHUMMOR,,CO2e_CUT,1,2030,,,,,,-21.1982
EmissionActivityRatio,NDC,ECU,SUPCAMHUMMOR,,CO2e_CUT,1,2031,,,,,,-21.1982
EmissionActivityRatio,NDC,ECU,SUPCAMHUMMOR,,CO2e_CUT,1,2032,,,,,,-21.1982
EmissionActivityRatio,NDC,ECU,SUPCAMHUMMOR,,CO2e_CUT,1,2033,,,,,,-21.1982
EmissionActivityRatio,NDC,ECU,SUPCAMHUMMOR,,CO2e_CUT,1,2034,,,,,,-21.1982
EmissionActivityRatio,NDC,ECU,SUPCAMHUMMOR,,CO2e_CUT,1,2035,,,,,,-21.1982
EmissionActivityRatio,NDC,ECU,SUPCAMHUMPFO,,CO2e_CUT,1,2010,,,,,,-21.1982
EmissionActivityRatio,NDC,ECU,SUPCAMHUMPFO,,CO2e_CUT,1,2011,,,,,,-21.1982
EmissionActivityRatio,NDC,ECU,SUPCAMHUMPFO,,CO2e_CUT,1,2012,,,,,,-21.1982
EmissionActivityRatio,NDC,ECU,SUPCAMHUMPFO,,CO2e_CUT,1,2013,,,,,,-21.1982
EmissionActivityRatio,NDC,ECU,SUPCAMHUMPFO,,CO2e_CUT,1,2014,,,,,,-21.1982
EmissionActivityRatio,NDC,ECU,SUPCAMHUMPFO,,CO2e_CUT,1,2015,,,,,,-21.1982
EmissionActivityRatio,NDC,ECU,SUPCAMHUMPFO,,CO2e_CUT,1,2016,,,,,,-21.1982
EmissionActivityRatio,NDC,ECU,SUPCAMHUMPFO,,CO2e_CUT,1,2017,,,,,,-21.1982
EmissionActivityRatio,NDC,ECU,SUPCAMHUMPFO,,CO2e_CUT,1,2018,,,,,,-21.1982
EmissionActivityRatio,NDC,ECU,SUPCAMHUMPFO,,CO2e_CUT,1,2019,,,,,,-21.1982
EmissionActivityRatio,NDC,ECU,SUPCAMHUMPFO,,CO2e_CUT,1,2020,,,,,,-21.1982
EmissionActivityRatio,NDC,ECU,SUPCAMHUMPFO,,CO2e_CUT,1,2021,,,,,,-21.1982
EmissionActivityRatio,NDC,ECU,SUPCAMHUMPFO,,CO2e_CUT,1,2022,,,,,,-21.1982
EmissionActivityRatio,NDC,ECU,SUPCAMHUMPFO,,CO2e_CUT,1,2023,,,,,,-21.1982
EmissionActivityRatio,NDC,ECU,SUPCAMHUMPFO,,CO2e_CUT,1,2024,,,,,,-21.1982
EmissionActivityRatio,NDC,ECU,SUPCAMHUMPFO,,CO2e_CUT,1,2025,,,,,,-21.1982
EmissionActivityRatio,NDC,ECU,SUPCAMHUMPFO,,CO2e_CUT,1,2026,,,,,,-21.1982
EmissionActivityRatio,NDC,ECU,SUPCAMHUMPFO,,CO2e_CUT,1,2027,,,,,,-21.1982
EmissionActivityRatio,NDC,ECU,SUPCAMHUMPFO,,CO2e_CUT,1,2028,,,,,,-21.1982
EmissionActivityRatio,NDC,ECU,SUPCAMHUMPFO,,CO2e_CUT,1,2029,,,,,,-21.1982
EmissionActivityRatio,NDC,ECU,SUPCAMHUMPFO,,CO2e_CUT,1,2030,,,,,,-21.1982
EmissionActivityRatio,NDC,ECU,SUPCAMHUMPFO,,CO2e_CUT,1,2031,,,,,,-21.1982
EmissionActivityRatio,NDC,ECU,SUPCAMHUMPFO,,CO2e_CUT,1,2032,,,,,,-21.1982
EmissionActivityRatio,NDC,ECU,SUPCAMHUMPFO,,CO2e_CUT,1,2033,,,,,,-21.1982
EmissionActivityRatio,NDC,ECU,SUPCAMHUMPFO,,CO2e_CUT,1,2034,,,,,,-21.1982
EmissionActivityRatio,NDC,ECU,SUPCAMHUMPFO,,CO2e_CUT,1,2035,,,,,,-21.1982
EmissionActivityRatio,NDC,ECU,SUPCAMOTIAND,,CO2e_CUT,1,2010,,,,,,-21.1982
EmissionActivityRatio,NDC,ECU,SUPCAMOTIAND,,CO2e_CUT,1,2011,,,,,,-21.1982
EmissionActivityRatio,NDC,ECU,SUPCAMOTIAND,,CO2e_CUT,1,2012,,,,,,-21.1982
EmissionActivityRatio,NDC,ECU,SUPCAMOTIAND,,CO2e_CUT,1,2013,,,,,,-21.1982
EmissionActivityRatio,NDC,ECU,SUPCAMOTIAND,,CO2e_CUT,1,2014,,,,,,-21.1982
EmissionActivityRatio,NDC,ECU,SUPCAMOTIAND,,CO2e_CUT,1,2015,,,,,,-21.1982
EmissionActivityRatio,NDC,ECU,SUPCAMOTIAND,,CO2e_CUT,1,2016,,,,,,-21.1982
EmissionActivityRatio,NDC,ECU,SUPCAMOTIAND,,CO2e_CUT,1,2017,,,,,,-21.1982
EmissionActivityRatio,NDC,ECU,SUPCAMOTIAND,,CO2e_CUT,1,2018,,,,,,-21.1982
EmissionActivityRatio,NDC,ECU,SUPCAMOTIAND,,CO2e_CUT,1,2019,,,,,,-21.1982
EmissionActivityRatio,NDC,ECU,SUPCAMOTIAND,,CO2e_CUT,1,2020,,,,,,-21.1982
EmissionActivityRatio,NDC,ECU,SUPCAMOTIAND,,CO2e_CUT,1,2021,,,,,,-21.1982
EmissionActivityRatio,NDC,ECU,SUPCAMOTIAND,,CO2e_CUT,1,2022,,,,,,-21.1982
EmissionActivityRatio,NDC,ECU,SUPCAMOTIAND,,CO2e_CUT,1,2023,,,,,,-21.1982
EmissionActivityRatio,NDC,ECU,SUPCAMOTIAND,,CO2e_CUT,1,2024,,,,,,-21.1982
EmissionActivityRatio,NDC,ECU,SUPCAMOTIAND,,CO2e_CUT,1,2025,,,,,,-21.1982
EmissionActivityRatio,NDC,ECU,SUPCAMOTIAND,,CO2e_CUT,1,2026,,,,,,-21.1982
EmissionActivityRatio,NDC,ECU,SUPCAMOTIAND,,CO2e_CUT,1,2027,,,,,,-21.1982
EmissionActivityRatio,NDC,ECU,SUPCAMOTIAND,,CO2e_CUT,1,2028,,,,,,-21.1982
EmissionActivityRatio,NDC,ECU,SUPCAMOTIAND,,CO2e_CUT,1,2029,,,,,,-21.1982
EmissionActivityRatio,NDC,ECU,SUPCAMOTIAND,,CO2e_CUT,1,2030,,,,,,-21.1982
EmissionActivityRatio,NDC,ECU,SUPCAMOTIAND,,CO2e_CUT,1,2031,,,,,,-21.1982
EmissionActivityRatio,NDC,ECU,SUPCAMOTIAND,,CO2e_CUT,1,2032,,,,,,-21.1982
EmissionActivityRatio,NDC,ECU,SUPCAMOTIAND,,CO2e_CUT,1,2033,,,,,,-21.1982
EmissionActivityRatio,NDC,ECU,SUPCAMOTIAND,,CO2e_CUT,1,2034,,,,,,-21.1982
EmissionActivityRatio,NDC,ECU,SUPCAMOTIAND,,CO2e_CUT,1,2035,,,,,,-21.1982
EmissionActivityRatio,NDC,ECU,SUPCAMOTIPLU,,CO2e_CUT,1,2010,,,,,,-21.1982
EmissionActivityRatio,NDC,ECU,SUPCAMOTIPLU,,CO2e_CUT,1,2011,,,,,,-21.1982
EmissionActivityRatio,NDC,ECU,SUPCAMOTIPLU,,CO2e_CUT,1,2012,,,,,,-21.1982
EmissionActivityRatio,NDC,ECU,SUPCAMOTIPLU,,CO2e_CUT,1,2013,,,,,,-21.1982
EmissionActivityRatio,NDC,ECU,SUPCAMOTIPLU,,CO2e_CUT,1,2014,,,,,,-21.1982
EmissionActivityRatio,NDC,ECU,SUPCAMOTIPLU,,CO2e_CUT,1,2015,,,,,,-21.1982
EmissionActivityRatio,NDC,ECU,SUPCAMOTIPLU,,CO2e_CUT,1,2016,,,,,,-21.1982
EmissionActivityRatio,NDC,ECU,SUPCAMOTIPLU,,CO2e_CUT,1,2017,,,,,,-21.1982
EmissionActivityRatio,NDC,ECU,SUPCAMOTIPLU,,CO2e_CUT,1,2018,,,,,,-21.1982
EmissionActivityRatio,NDC,ECU,SUPCAMOTIPLU,,CO2e_CUT,1,2019,,,,,,-21.1982
EmissionActivityRatio,NDC,ECU,SUPCAMOTIPLU,,CO2e_CUT,1,2020,,,,,,-21.1982
EmissionActivityRatio,NDC,ECU,SUPCAMOTIPLU,,CO2e_CUT,1,2021,,,,,,-21.1982
EmissionActivityRatio,NDC,ECU,SUPCAMOTIPLU,,CO2e_CUT,1,2022,,,,,,-21.1982
EmissionActivityRatio,NDC,ECU,SUPCAMOTIPLU,,CO2e_CUT,1,2023,,,,,,-21.1982
EmissionActivityRatio,NDC,ECU,SUPCAMOTIPLU,,CO2e_CUT,1,2024,,,,,,-21.1982
EmissionActivityRatio,NDC,ECU,SUPCAMOTIPLU,,CO2e_CUT,1,2025,,,,,,-21.1982
EmissionActivityRatio,NDC,ECU,SUPCAMOTIPLU,,CO2e_CUT,1,2026,,,,,,-21.1982
EmissionActivityRatio,NDC,ECU,SUPCAMOTIPLU,,CO2e_CUT,1,2027,,,,,,-21.1982
EmissionActivityRatio,NDC,ECU,SUPCAMOTIPLU,,CO2e_CUT,1,2028,,,,,,-21.1982
EmissionActivityRatio,NDC,ECU,SUPCAMOTIPLU,,CO2e_CUT,1,2029,,,,,,-21.1982
EmissionActivityRatio,NDC,ECU,SUPCAMOTIPLU,,CO2e_CUT,1,2030,,,,,,-21.1982
EmissionActivityRatio,NDC,ECU,SUPCAMOTIPLU,,CO2e_CUT,1,2031,,,,,,-21.1982
EmissionActivityRatio,NDC,ECU,SUPCAMOTIPLU,,CO2e_CUT,1,2032,,,,,,-21.1982
EmissionActivityRatio,NDC,ECU,SUPCAMOTIPLU,,CO2e_CUT,1,2033,,,,,,-21.1982
EmissionActivityRatio,NDC,ECU,SUPCAMOTIPLU,,CO2e_CUT,1,2034,,,,,,-21.1982
EmissionActivityRatio,NDC,ECU,SUPCAMOTIPLU,,CO2e_CUT,1,2035,,,,,,-21.1982
EmissionActivityRatio,NDC,ECU,SUPCAMOTIMON,,CO2e_CUT,1,2010,,,,,,-21.1982
EmissionActivityRatio,NDC,ECU,SUPCAMOTIMON,,CO2e_CUT,1,2011,,,,,,-21.1982
EmissionActivityRatio,NDC,ECU,SUPCAMOTIMON,,CO2e_CUT,1,2012,,,,,,-21.1982
EmissionActivityRatio,NDC,ECU,SUPCAMOTIMON,,CO2e_CUT,1,2013,,,,,,-21.1982
EmissionActivityRatio,NDC,ECU,SUPCAMOTIMON,,CO2e_CUT,1,2014,,,,,,-21.1982
EmissionActivityRatio,NDC,ECU,SUPCAMOTIMON,,CO2e_CUT,1,2015,,,,,,-21.1982
EmissionActivityRatio,NDC,ECU,SUPCAMOTIMON,,CO2e_CUT,1,2016,,,,,,-21.1982
EmissionActivityRatio,NDC,ECU,SUPCAMOTIMON,,CO2e_CUT,1,2017,,,,,,-21.1982
EmissionActivityRatio,NDC,ECU,SUPCAMOTIMON,,CO2e_CUT,1,2018,,,,,,-21.1982
EmissionActivityRatio,NDC,ECU,SUPCAMOTIMON,,CO2e_CUT,1,2019,,,,,,-21.1982
EmissionActivityRatio,NDC,ECU,SUPCAMOTIMON,,CO2e_CUT,1,2020,,,,,,-21.1982
EmissionActivityRatio,NDC,ECU,SUPCAMOTIMON,,CO2e_CUT,1,2021,,,,,,-21.1982
EmissionActivityRatio,NDC,ECU,SUPCAMOTIMON,,CO2e_CUT,1,2022,,,,,,-21.1982
EmissionActivityRatio,NDC,ECU,SUPCAMOTIMON,,CO2e_CUT,1,2023,,,,,,-21.1982
EmissionActivityRatio,NDC,ECU,SUPCAMOTIMON,,CO2e_CUT,1,2024,,,,,,-21.1982
EmissionActivityRatio,NDC,ECU,SUPCAMOTIMON,,CO2e_CUT,1,2025,,,,,,-21.1982
EmissionActivityRatio,NDC,ECU,SUPCAMOTIMON,,CO2e_CUT,1,2026,,,,,,-21.1982
EmissionActivityRatio,NDC,ECU,SUPCAMOTIMON,,CO2e_CUT,1,2027,,,,,,-21.1982
EmissionActivityRatio,NDC,ECU,SUPCAMOTIMON,,CO2e_CUT,1,2028,,,,,,-21.1982
EmissionActivityRatio,NDC,ECU,SUPCAMOTIMON,,CO2e_CUT,1,2029,,,,,,-21.1982
EmissionActivityRatio,NDC,ECU,SUPCAMOTIMON,,CO2e_CUT,1,2030,,,,,,-21.1982
EmissionActivityRatio,NDC,ECU,SUPCAMOTIMON,,CO2e_CUT,1,2031,,,,,,-21.1982
EmissionActivityRatio,NDC,ECU,SUPCAMOTIMON,,CO2e_CUT,1,2032,,,,,,-21.1982
EmissionActivityRatio,NDC,ECU,SUPCAMOTIMON,,CO2e_CUT,1,2033,,,,,,-21.1982
EmissionActivityRatio,NDC,ECU,SUPCAMOTIMON,,CO2e_CUT,1,2034,,,,,,-21.1982
EmissionActivityRatio,NDC,ECU,SUPCAMOTIMON,,CO2e_CUT,1,2035,,,,,,-21.1982
EmissionActivityRatio,NDC,ECU,SUPCAMOTIPIE,,CO2e_CUT,1,2010,,,,,,-21.1982
EmissionActivityRatio,NDC,ECU,SUPCAMOTIPIE,,CO2e_CUT,1,2011,,,,,,-21.1982
EmissionActivityRatio,NDC,ECU,SUPCAMOTIPIE,,CO2e_CUT,1,2012,,,,,,-21.1982
EmissionActivityRatio,NDC,ECU,SUPCAMOTIPIE,,CO2e_CUT,1,2013,,,,,,-21.1982
EmissionActivityRatio,NDC,ECU,SUPCAMOTIPIE,,CO2e_CUT,1,2014,,,,,,-21.1982
EmissionActivityRatio,NDC,ECU,SUPCAMOTIPIE,,CO2e_CUT,1,2015,,,,,,-21.1982
EmissionActivityRatio,NDC,ECU,SUPCAMOTIPIE,,CO2e_CUT,1,2016,,,,,,-21.1982
EmissionActivityRatio,NDC,ECU,SUPCAMOTIPIE,,CO2e_CUT,1,2017,,,,,,-21.1982
EmissionActivityRatio,NDC,ECU,SUPCAMOTIPIE,,CO2e_CUT,1,2018,,,,,,-21.1982
EmissionActivityRatio,NDC,ECU,SUPCAMOTIPIE,,CO2e_CUT,1,2019,,,,,,-21.1982
EmissionActivityRatio,NDC,ECU,SUPCAMOTIPIE,,CO2e_CUT,1,2020,,,,,,-21.1982
EmissionActivityRatio,NDC,ECU,SUPCAMOTIPIE,,CO2e_CUT,1,2021,,,,,,-21.1982
EmissionActivityRatio,NDC,ECU,SUPCAMOTIPIE,,CO2e_CUT,1,2022,,,,,,-21.1982
EmissionActivityRatio,NDC,ECU,SUPCAMOTIPIE,,CO2e_CUT,1,2023,,,,,,-21.1982
EmissionActivityRatio,NDC,ECU,SUPCAMOTIPIE,,CO2e_CUT,1,2024,,,,,,-21.1982
EmissionActivityRatio,NDC,ECU,SUPCAMOTIPIE,,CO2e_CUT,1,2025,,,,,,-21.1982
EmissionActivityRatio,NDC,ECU,SUPCAMOTIPIE,,CO2e_CUT,1,2026,,,,,,-21.1982
EmissionActivityRatio,NDC,ECU,SUPCAMOTIPIE,,CO2e_CUT,1,2027,,,,,,-21.1982
EmissionActivityRatio,NDC,ECU,SUPCAMOTIPIE,,CO2e_CUT,1,2028,,,,,,-21.1982
EmissionActivityRatio,NDC,ECU,SUPCAMOTIPIE,,CO2e_CUT,1,2029,,,,,,-21.1982
EmissionActivityRatio,NDC,ECU,SUPCAMOTIPIE,,CO2e_CUT,1,2030,,,,,,-21.1982
EmissionActivityRatio,NDC,ECU,SUPCAMOTIPIE,,CO2e_CUT,1,2031,,,,,,-21.1982
EmissionActivityRatio,NDC,ECU,SUPCAMOTIPIE,,CO2e_CUT,1,2032,,,,,,-21.1982
EmissionActivityRatio,NDC,ECU,SUPCAMOTIPIE,,CO2e_CUT,1,2033,,,,,,-21.1982
EmissionActivityRatio,NDC,ECU,SUPCAMOTIPIE,,CO2e_CUT,1,2034,,,,,,-21.1982
EmissionActivityRatio,NDC,ECU,SUPCAMOTIPIE,,CO2e_CUT,1,2035,,,,,,-21.1982
EmissionActivityRatio,NDC,ECU,SUPCAMOTICEJ,,CO2e_CUT,1,2010,,,,,,-21.1982
EmissionActivityRatio,NDC,ECU,SUPCAMOTICEJ,,CO2e_CUT,1,2011,,,,,,-21.1982
EmissionActivityRatio,NDC,ECU,SUPCAMOTICEJ,,CO2e_CUT,1,2012,,,,,,-21.1982
EmissionActivityRatio,NDC,ECU,SUPCAMOTICEJ,,CO2e_CUT,1,2013,,,,,,-21.1982
EmissionActivityRatio,NDC,ECU,SUPCAMOTICEJ,,CO2e_CUT,1,2014,,,,,,-21.1982
EmissionActivityRatio,NDC,ECU,SUPCAMOTICEJ,,CO2e_CUT,1,2015,,,,,,-21.1982
EmissionActivityRatio,NDC,ECU,SUPCAMOTICEJ,,CO2e_CUT,1,2016,,,,,,-21.1982
EmissionActivityRatio,NDC,ECU,SUPCAMOTICEJ,,CO2e_CUT,1,2017,,,,,,-21.1982
EmissionActivityRatio,NDC,ECU,SUPCAMOTICEJ,,CO2e_CUT,1,2018,,,,,,-21.1982
EmissionActivityRatio,NDC,ECU,SUPCAMOTICEJ,,CO2e_CUT,1,2019,,,,,,-21.1982
EmissionActivityRatio,NDC,ECU,SUPCAMOTICEJ,,CO2e_CUT,1,2020,,,,,,-21.1982
EmissionActivityRatio,NDC,ECU,SUPCAMOTICEJ,,CO2e_CUT,1,2021,,,,,,-21.1982
EmissionActivityRatio,NDC,ECU,SUPCAMOTICEJ,,CO2e_CUT,1,2022,,,,,,-21.1982
EmissionActivityRatio,NDC,ECU,SUPCAMOTICEJ,,CO2e_CUT,1,2023,,,,,,-21.1982
EmissionActivityRatio,NDC,ECU,SUPCAMOTICEJ,,CO2e_CUT,1,2024,,,,,,-21.1982
EmissionActivityRatio,NDC,ECU,SUPCAMOTICEJ,,CO2e_CUT,1,2025,,,,,,-21.1982
EmissionActivityRatio,NDC,ECU,SUPCAMOTICEJ,,CO2e_CUT,1,2026,,,,,,-21.1982
EmissionActivityRatio,NDC,ECU,SUPCAMOTICEJ,,CO2e_CUT,1,2027,,,,,,-21.1982
EmissionActivityRatio,NDC,ECU,SUPCAMOTICEJ,,CO2e_CUT,1,2028,,,,,,-21.1982
EmissionActivityRatio,NDC,ECU,SUPCAMOTICEJ,,CO2e_CUT,1,2029,,,,,,-21.1982
EmissionActivityRatio,NDC,ECU,SUPCAMOTICEJ,,CO2e_CUT,1,2030,,,,,,-21.1982
EmissionActivityRatio,NDC,ECU,SUPCAMOTICEJ,,CO2e_CUT,1,2031,,,,,,-21.1982
EmissionActivityRatio,NDC,ECU,SUPCAMOTICEJ,,CO2e_CUT,1,2032,,,,,,-21.1982
EmissionActivityRatio,NDC,ECU,SUPCAMOTICEJ,,CO2e_CUT,1,2033,,,,,,-21.1982
EmissionActivityRatio,NDC,ECU,SUPCAMOTICEJ,,CO2e_CUT,1,2034,,,,,,-21.1982
EmissionActivityRatio,NDC,ECU,SUPCAMOTICEJ,,CO2e_CUT,1,2035,,,,,,-21.1982
EmissionActivityRatio,NDC,ECU,SUPCAMOTIAMA,,CO2e_CUT,1,2010,,,,,,-21.1982
EmissionActivityRatio,NDC,ECU,SUPCAMOTIAMA,,CO2e_CUT,1,2011,,,,,,-21.1982
EmissionActivityRatio,NDC,ECU,SUPCAMOTIAMA,,CO2e_CUT,1,2012,,,,,,-21.1982
EmissionActivityRatio,NDC,ECU,SUPCAMOTIAMA,,CO2e_CUT,1,2013,,,,,,-21.1982
EmissionActivityRatio,NDC,ECU,SUPCAMOTIAMA,,CO2e_CUT,1,2014,,,,,,-21.1982
EmissionActivityRatio,NDC,ECU,SUPCAMOTIAMA,,CO2e_CUT,1,2015,,,,,,-21.1982
EmissionActivityRatio,NDC,ECU,SUPCAMOTIAMA,,CO2e_CUT,1,2016,,,,,,-21.1982
EmissionActivityRatio,NDC,ECU,SUPCAMOTIAMA,,CO2e_CUT,1,2017,,,,,,-21.1982
EmissionActivityRatio,NDC,ECU,SUPCAMOTIAMA,,CO2e_CUT,1,2018,,,,,,-21.1982
EmissionActivityRatio,NDC,ECU,SUPCAMOTIAMA,,CO2e_CUT,1,2019,,,,,,-21.1982
EmissionActivityRatio,NDC,ECU,SUPCAMOTIAMA,,CO2e_CUT,1,2020,,,,,,-21.1982
EmissionActivityRatio,NDC,ECU,SUPCAMOTIAMA,,CO2e_CUT,1,2021,,,,,,-21.1982
EmissionActivityRatio,NDC,ECU,SUPCAMOTIAMA,,CO2e_CUT,1,2022,,,,,,-21.1982
EmissionActivityRatio,NDC,ECU,SUPCAMOTIAMA,,CO2e_CUT,1,2023,,,,,,-21.1982
EmissionActivityRatio,NDC,ECU,SUPCAMOTIAMA,,CO2e_CUT,1,2024,,,,,,-21.1982
EmissionActivityRatio,NDC,ECU,SUPCAMOTIAMA,,CO2e_CUT,1,2025,,,,,,-21.1982
EmissionActivityRatio,NDC,ECU,SUPCAMOTIAMA,,CO2e_CUT,1,2026,,,,,,-21.1982
EmissionActivityRatio,NDC,ECU,SUPCAMOTIAMA,,CO2e_CUT,1,2027,,,,,,-21.1982
EmissionActivityRatio,NDC,ECU,SUPCAMOTIAMA,,CO2e_CUT,1,2028,,,,,,-21.1982
EmissionActivityRatio,NDC,ECU,SUPCAMOTIAMA,,CO2e_CUT,1,2029,,,,,,-21.1982
EmissionActivityRatio,NDC,ECU,SUPCAMOTIAMA,,CO2e_CUT,1,2030,,,,,,-21.1982
EmissionActivityRatio,NDC,ECU,SUPCAMOTIAMA,,CO2e_CUT,1,2031,,,,,,-21.1982
EmissionActivityRatio,NDC,ECU,SUPCAMOTIAMA,,CO2e_CUT,1,2032,,,,,,-21.1982
EmissionActivityRatio,NDC,ECU,SUPCAMOTIAMA,,CO2e_CUT,1,2033,,,,,,-21.1982
EmissionActivityRatio,NDC,ECU,SUPCAMOTIAMA,,CO2e_CUT,1,2034,,,,,,-21.1982
EmissionActivityRatio,NDC,ECU,SUPCAMOTIAMA,,CO2e_CUT,1,2035,,,,,,-21.1982
EmissionActivityRatio,NDC,ECU,SUPCAMOTICHO,,CO2e_CUT,1,2010,,,,,,-21.1982
EmissionActivityRatio,NDC,ECU,SUPCAMOTICHO,,CO2e_CUT,1,2011,,,,,,-21.1982
EmissionActivityRatio,NDC,ECU,SUPCAMOTICHO,,CO2e_CUT,1,2012,,,,,,-21.1982
EmissionActivityRatio,NDC,ECU,SUPCAMOTICHO,,CO2e_CUT,1,2013,,,,,,-21.1982
EmissionActivityRatio,NDC,ECU,SUPCAMOTICHO,,CO2e_CUT,1,2014,,,,,,-21.1982
EmissionActivityRatio,NDC,ECU,SUPCAMOTICHO,,CO2e_CUT,1,2015,,,,,,-21.1982
EmissionActivityRatio,NDC,ECU,SUPCAMOTICHO,,CO2e_CUT,1,2016,,,,,,-21.1982
EmissionActivityRatio,NDC,ECU,SUPCAMOTICHO,,CO2e_CUT,1,2017,,,,,,-21.1982
EmissionActivityRatio,NDC,ECU,SUPCAMOTICHO,,CO2e_CUT,1,2018,,,,,,-21.1982
EmissionActivityRatio,NDC,ECU,SUPCAMOTICHO,,CO2e_CUT,1,2019,,,,,,-21.1982
EmissionActivityRatio,NDC,ECU,SUPCAMOTICHO,,CO2e_CUT,1,2020,,,,,,-21.1982
EmissionActivityRatio,NDC,ECU,SUPCAMOTICHO,,CO2e_CUT,1,2021,,,,,,-21.1982
EmissionActivityRatio,NDC,ECU,SUPCAMOTICHO,,CO2e_CUT,1,2022,,,,,,-21.1982
EmissionActivityRatio,NDC,ECU,SUPCAMOTICHO,,CO2e_CUT,1,2023,,,,,,-21.1982
EmissionActivityRatio,NDC,ECU,SUPCAMOTICHO,,CO2e_CUT,1,2024,,,,,,-21.1982
EmissionActivityRatio,NDC,ECU,SUPCAMOTICHO,,CO2e_CUT,1,2025,,,,,,-21.1982
EmissionActivityRatio,NDC,ECU,SUPCAMOTICHO,,CO2e_CUT,1,2026,,,,,,-21.1982
EmissionActivityRatio,NDC,ECU,SUPCAMOTICHO,,CO2e_CUT,1,2027,,,,,,-21.1982
EmissionActivityRatio,NDC,ECU,SUPCAMOTICHO,,CO2e_CUT,1,2028,,,,,,-21.1982
EmissionActivityRatio,NDC,ECU,SUPCAMOTICHO,,CO2e_CUT,1,2029,,,,,,-21.1982
EmissionActivityRatio,NDC,ECU,SUPCAMOTICHO,,CO2e_CUT,1,2030,,,,,,-21.1982
EmissionActivityRatio,NDC,ECU,SUPCAMOTICHO,,CO2e_CUT,1,2031,,,,,,-21.1982
EmissionActivityRatio,NDC,ECU,SUPCAMOTICHO,,CO2e_CUT,1,2032,,,,,,-21.1982
EmissionActivityRatio,NDC,ECU,SUPCAMOTICHO,,CO2e_CUT,1,2033,,,,,,-21.1982
EmissionActivityRatio,NDC,ECU,SUPCAMOTICHO,,CO2e_CUT,1,2034,,,,,,-21.1982
EmissionActivityRatio,NDC,ECU,SUPCAMOTICHO,,CO2e_CUT,1,2035,,,,,,-21.1982
EmissionActivityRatio,NDC,ECU,SUPCAMOTIMAN,,CO2e_CUT,1,2010,,,,,,-21.1982
EmissionActivityRatio,NDC,ECU,SUPCAMOTIMAN,,CO2e_CUT,1,2011,,,,,,-21.1982
EmissionActivityRatio,NDC,ECU,SUPCAMOTIMAN,,CO2e_CUT,1,2012,,,,,,-21.1982
EmissionActivityRatio,NDC,ECU,SUPCAMOTIMAN,,CO2e_CUT,1,2013,,,,,,-21.1982
EmissionActivityRatio,NDC,ECU,SUPCAMOTIMAN,,CO2e_CUT,1,2014,,,,,,-21.1982
EmissionActivityRatio,NDC,ECU,SUPCAMOTIMAN,,CO2e_CUT,1,2015,,,,,,-21.1982
EmissionActivityRatio,NDC,ECU,SUPCAMOTIMAN,,CO2e_CUT,1,2016,,,,,,-21.1982
EmissionActivityRatio,NDC,ECU,SUPCAMOTIMAN,,CO2e_CUT,1,2017,,,,,,-21.1982
EmissionActivityRatio,NDC,ECU,SUPCAMOTIMAN,,CO2e_CUT,1,2018,,,,,,-21.1982
EmissionActivityRatio,NDC,ECU,SUPCAMOTIMAN,,CO2e_CUT,1,2019,,,,,,-21.1982
EmissionActivityRatio,NDC,ECU,SUPCAMOTIMAN,,CO2e_CUT,1,2020,,,,,,-21.1982
EmissionActivityRatio,NDC,ECU,SUPCAMOTIMAN,,CO2e_CUT,1,2021,,,,,,-21.1982
EmissionActivityRatio,NDC,ECU,SUPCAMOTIMAN,,CO2e_CUT,1,2022,,,,,,-21.1982
EmissionActivityRatio,NDC,ECU,SUPCAMOTIMAN,,CO2e_CUT,1,2023,,,,,,-21.1982
EmissionActivityRatio,NDC,ECU,SUPCAMOTIMAN,,CO2e_CUT,1,2024,,,,,,-21.1982
EmissionActivityRatio,NDC,ECU,SUPCAMOTIMAN,,CO2e_CUT,1,2025,,,,,,-21.1982
EmissionActivityRatio,NDC,ECU,SUPCAMOTIMAN,,CO2e_CUT,1,2026,,,,,,-21.1982
EmissionActivityRatio,NDC,ECU,SUPCAMOTIMAN,,CO2e_CUT,1,2027,,,,,,-21.1982
EmissionActivityRatio,NDC,ECU,SUPCAMOTIMAN,,CO2e_CUT,1,2028,,,,,,-21.1982
EmissionActivityRatio,NDC,ECU,SUPCAMOTIMAN,,CO2e_CUT,1,2029,,,,,,-21.1982
EmissionActivityRatio,NDC,ECU,SUPCAMOTIMAN,,CO2e_CUT,1,2030,,,,,,-21.1982
EmissionActivityRatio,NDC,ECU,SUPCAMOTIMAN,,CO2e_CUT,1,2031,,,,,,-21.1982
EmissionActivityRatio,NDC,ECU,SUPCAMOTIMAN,,CO2e_CUT,1,2032,,,,,,-21.1982
EmissionActivityRatio,NDC,ECU,SUPCAMOTIMAN,,CO2e_CUT,1,2033,,,,,,-21.1982
EmissionActivityRatio,NDC,ECU,SUPCAMOTIMAN,,CO2e_CUT,1,2034,,,,,,-21.1982
EmissionActivityRatio,NDC,ECU,SUPCAMOTIMAN,,CO2e_CUT,1,2035,,,,,,-21.1982
EmissionActivityRatio,NDC,ECU,SUPCAMOTIMOR,,CO2e_CUT,1,2010,,,,,,-21.1982
EmissionActivityRatio,NDC,ECU,SUPCAMOTIMOR,,CO2e_CUT,1,2011,,,,,,-21.1982
EmissionActivityRatio,NDC,ECU,SUPCAMOTIMOR,,CO2e_CUT,1,2012,,,,,,-21.1982
EmissionActivityRatio,NDC,ECU,SUPCAMOTIMOR,,CO2e_CUT,1,2013,,,,,,-21.1982
EmissionActivityRatio,NDC,ECU,SUPCAMOTIMOR,,CO2e_CUT,1,2014,,,,,,-21.1982
EmissionActivityRatio,NDC,ECU,SUPCAMOTIMOR,,CO2e_CUT,1,2015,,,,,,-21.1982
EmissionActivityRatio,NDC,ECU,SUPCAMOTIMOR,,CO2e_CUT,1,2016,,,,,,-21.1982
EmissionActivityRatio,NDC,ECU,SUPCAMOTIMOR,,CO2e_CUT,1,2017,,,,,,-21.1982
EmissionActivityRatio,NDC,ECU,SUPCAMOTIMOR,,CO2e_CUT,1,2018,,,,,,-21.1982
EmissionActivityRatio,NDC,ECU,SUPCAMOTIMOR,,CO2e_CUT,1,2019,,,,,,-21.1982
EmissionActivityRatio,NDC,ECU,SUPCAMOTIMOR,,CO2e_CUT,1,2020,,,,,,-21.1982
EmissionActivityRatio,NDC,ECU,SUPCAMOTIMOR,,CO2e_CUT,1,2021,,,,,,-21.1982
EmissionActivityRatio,NDC,ECU,SUPCAMOTIMOR,,CO2e_CUT,1,2022,,,,,,-21.1982
EmissionActivityRatio,NDC,ECU,SUPCAMOTIMOR,,CO2e_CUT,1,2023,,,,,,-21.1982
EmissionActivityRatio,NDC,ECU,SUPCAMOTIMOR,,CO2e_CUT,1,2024,,,,,,-21.1982
EmissionActivityRatio,NDC,ECU,SUPCAMOTIMOR,,CO2e_CUT,1,2025,,,,,,-21.1982
EmissionActivityRatio,NDC,ECU,SUPCAMOTIMOR,,CO2e_CUT,1,2026,,,,,,-21.1982
EmissionActivityRatio,NDC,ECU,SUPCAMOTIMOR,,CO2e_CUT,1,2027,,,,,,-21.1982
EmissionActivityRatio,NDC,ECU,SUPCAMOTIMOR,,CO2e_CUT,1,2028,,,,,,-21.1982
EmissionActivityRatio,NDC,ECU,SUPCAMOTIMOR,,CO2e_CUT,1,2029,,,,,,-21.1982
EmissionActivityRatio,NDC,ECU,SUPCAMOTIMOR,,CO2e_CUT,1,2030,,,,,,-21.1982
EmissionActivityRatio,NDC,ECU,SUPCAMOTIMOR,,CO2e_CUT,1,2031,,,,,,-21.1982
EmissionActivityRatio,NDC,ECU,SUPCAMOTIMOR,,CO2e_CUT,1,2032,,,,,,-21.1982
EmissionActivityRatio,NDC,ECU,SUPCAMOTIMOR,,CO2e_CUT,1,2033,,,,,,-21.1982
EmissionActivityRatio,NDC,ECU,SUPCAMOTIMOR,,CO2e_CUT,1,2034,,,,,,-21.1982
EmissionActivityRatio,NDC,ECU,SUPCAMOTIMOR,,CO2e_CUT,1,2035,,,,,,-21.1982
EmissionActivityRatio,NDC,ECU,SUPCAMOTIPFO,,CO2e_CUT,1,2010,,,,,,-21.1982
EmissionActivityRatio,NDC,ECU,SUPCAMOTIPFO,,CO2e_CUT,1,2011,,,,,,-21.1982
EmissionActivityRatio,NDC,ECU,SUPCAMOTIPFO,,CO2e_CUT,1,2012,,,,,,-21.1982
EmissionActivityRatio,NDC,ECU,SUPCAMOTIPFO,,CO2e_CUT,1,2013,,,,,,-21.1982
EmissionActivityRatio,NDC,ECU,SUPCAMOTIPFO,,CO2e_CUT,1,2014,,,,,,-21.1982
EmissionActivityRatio,NDC,ECU,SUPCAMOTIPFO,,CO2e_CUT,1,2015,,,,,,-21.1982
EmissionActivityRatio,NDC,ECU,SUPCAMOTIPFO,,CO2e_CUT,1,2016,,,,,,-21.1982
EmissionActivityRatio,NDC,ECU,SUPCAMOTIPFO,,CO2e_CUT,1,2017,,,,,,-21.1982
EmissionActivityRatio,NDC,ECU,SUPCAMOTIPFO,,CO2e_CUT,1,2018,,,,,,-21.1982
EmissionActivityRatio,NDC,ECU,SUPCAMOTIPFO,,CO2e_CUT,1,2019,,,,,,-21.1982
EmissionActivityRatio,NDC,ECU,SUPCAMOTIPFO,,CO2e_CUT,1,2020,,,,,,-21.1982
EmissionActivityRatio,NDC,ECU,SUPCAMOTIPFO,,CO2e_CUT,1,2021,,,,,,-21.1982
EmissionActivityRatio,NDC,ECU,SUPCAMOTIPFO,,CO2e_CUT,1,2022,,,,,,-21.1982
EmissionActivityRatio,NDC,ECU,SUPCAMOTIPFO,,CO2e_CUT,1,2023,,,,,,-21.1982
EmissionActivityRatio,NDC,ECU,SUPCAMOTIPFO,,CO2e_CUT,1,2024,,,,,,-21.1982
EmissionActivityRatio,NDC,ECU,SUPCAMOTIPFO,,CO2e_CUT,1,2025,,,,,,-21.1982
EmissionActivityRatio,NDC,ECU,SUPCAMOTIPFO,,CO2e_CUT,1,2026,,,,,,-21.1982
EmissionActivityRatio,NDC,ECU,SUPCAMOTIPFO,,CO2e_CUT,1,2027,,,,,,-21.1982
EmissionActivityRatio,NDC,ECU,SUPCAMOTIPFO,,CO2e_CUT,1,2028,,,,,,-21.1982
EmissionActivityRatio,NDC,ECU,SUPCAMOTIPFO,,CO2e_CUT,1,2029,,,,,,-21.1982
EmissionActivityRatio,NDC,ECU,SUPCAMOTIPFO,,CO2e_CUT,1,2030,,,,,,-21.1982
EmissionActivityRatio,NDC,ECU,SUPCAMOTIPFO,,CO2e_CUT,1,2031,,,,,,-21.1982
EmissionActivityRatio,NDC,ECU,SUPCAMOTIPFO,,CO2e_CUT,1,2032,,,,,,-21.1982
EmissionActivityRatio,NDC,ECU,SUPCAMOTIPFO,,CO2e_CUT,1,2033,,,,,,-21.1982
EmissionActivityRatio,NDC,ECU,SUPCAMOTIPFO,,CO2e_CUT,1,2034,,,,,,-21.1982
EmissionActivityRatio,NDC,ECU,SUPCAMOTIPFO,,CO2e_CUT,1,2035,,,,,,-21.1982
EmissionActivityRatio,NDC,ECU,SUPCAMANDCRO,,CO2e_CUT,1,2010,,,,,,30.3852
EmissionActivityRatio,NDC,ECU,SUPCAMANDCRO,,CO2e_CUT,1,2011,,,,,,31.7683
EmissionActivityRatio,NDC,ECU,SUPCAMANDCRO,,CO2e_CUT,1,2012,,,,,,33.0535
EmissionActivityRatio,NDC,ECU,SUPCAMANDCRO,,CO2e_CUT,1,2013,,,,,,32.5851
EmissionActivityRatio,NDC,ECU,SUPCAMANDCRO,,CO2e_CUT,1,2014,,,,,,32.1375
EmissionActivityRatio,NDC,ECU,SUPCAMANDCRO,,CO2e_CUT,1,2015,,,,,,45.0328
EmissionActivityRatio,NDC,ECU,SUPCAMANDCRO,,CO2e_CUT,1,2016,,,,,,77.3451
EmissionActivityRatio,NDC,ECU,SUPCAMANDCRO,,CO2e_CUT,1,2017,,,,,,78.8942
EmissionActivityRatio,NDC,ECU,SUPCAMANDCRO,,CO2e_CUT,1,2018,,,,,,81.0842
EmissionActivityRatio,NDC,ECU,SUPCAMANDCRO,,CO2e_CUT,1,2019,,,,,,23.5621
EmissionActivityRatio,NDC,ECU,SUPCAMANDCRO,,CO2e_CUT,1,2020,,,,,,23.5621
EmissionActivityRatio,NDC,ECU,SUPCAMANDCRO,,CO2e_CUT,1,2021,,,,,,33.8882
EmissionActivityRatio,NDC,ECU,SUPCAMANDCRO,,CO2e_CUT,1,2022,,,,,,33.8882
EmissionActivityRatio,NDC,ECU,SUPCAMANDCRO,,CO2e_CUT,1,2023,,,,,,42.8605
EmissionActivityRatio,NDC,ECU,SUPCAMANDCRO,,CO2e_CUT,1,2024,,,,,,42.8605
EmissionActivityRatio,NDC,ECU,SUPCAMANDCRO,,CO2e_CUT,1,2025,,,,,,42.8605
EmissionActivityRatio,NDC,ECU,SUPCAMANDCRO,,CO2e_CUT,1,2026,,,,,,42.8605
EmissionActivityRatio,NDC,ECU,SUPCAMANDCRO,,CO2e_CUT,1,2027,,,,,,42.8605
EmissionActivityRatio,NDC,ECU,SUPCAMANDCRO,,CO2e_CUT,1,2028,,,,,,42.8605
EmissionActivityRatio,NDC,ECU,SUPCAMANDCRO,,CO2e_CUT,1,2029,,,,,,42.8605
EmissionActivityRatio,NDC,ECU,SUPCAMANDCRO,,CO2e_CUT,1,2030,,,,,,42.8605
EmissionActivityRatio,NDC,ECU,SUPCAMANDCRO,,CO2e_CUT,1,2031,,,,,,42.8605
EmissionActivityRatio,NDC,ECU,SUPCAMANDCRO,,CO2e_CUT,1,2032,,,,,,42.8605
EmissionActivityRatio,NDC,ECU,SUPCAMANDCRO,,CO2e_CUT,1,2033,,,,,,42.8605
EmissionActivityRatio,NDC,ECU,SUPCAMANDCRO,,CO2e_CUT,1,2034,,,,,,42.8605
EmissionActivityRatio,NDC,ECU,SUPCAMANDCRO,,CO2e_CUT,1,2035,,,,,,42.8605
EmissionActivityRatio,NDC,ECU,SUPCAMPLUCRO,,CO2e_CUT,1,2010,,,,,,61.3564
EmissionActivityRatio,NDC,ECU,SUPCAMPLUCRO,,CO2e_CUT,1,2011,,,,,,61.8633
EmissionActivityRatio,NDC,ECU,SUPCAMPLUCRO,,CO2e_CUT,1,2012,,,,,,62.3342
EmissionActivityRatio,NDC,ECU,SUPCAMPLUCRO,,CO2e_CUT,1,2013,,,,,,62.8373
EmissionActivityRatio,NDC,ECU,SUPCAMPLUCRO,,CO2e_CUT,1,2014,,,,,,63.3181
EmissionActivityRatio,NDC,ECU,SUPCAMPLUCRO,,CO2e_CUT,1,2015,,,,,,62.7748
EmissionActivityRatio,NDC,ECU,SUPCAMPLUCRO,,CO2e_CUT,1,2016,,,,,,62.2543
EmissionActivityRatio,NDC,ECU,SUPCAMPLUCRO,,CO2e_CUT,1,2017,,,,,,66.1862
EmissionActivityRatio,NDC,ECU,SUPCAMPLUCRO,,CO2e_CUT,1,2018,,,,,,71.7641
EmissionActivityRatio,NDC,ECU,SUPCAMPLUCRO,,CO2e_CUT,1,2019,,,,,,67.4805
EmissionActivityRatio,NDC,ECU,SUPCAMPLUCRO,,CO2e_CUT,1,2020,,,,,,67.4805
EmissionActivityRatio,NDC,ECU,SUPCAMPLUCRO,,CO2e_CUT,1,2021,,,,,,57.4027
EmissionActivityRatio,NDC,ECU,SUPCAMPLUCRO,,CO2e_CUT,1,2022,,,,,,57.4027
EmissionActivityRatio,NDC,ECU,SUPCAMPLUCRO,,CO2e_CUT,1,2023,,,,,,63.4196
EmissionActivityRatio,NDC,ECU,SUPCAMPLUCRO,,CO2e_CUT,1,2024,,,,,,63.4196
EmissionActivityRatio,NDC,ECU,SUPCAMPLUCRO,,CO2e_CUT,1,2025,,,,,,63.4196
EmissionActivityRatio,NDC,ECU,SUPCAMPLUCRO,,CO2e_CUT,1,2026,,,,,,63.4196
EmissionActivityRatio,NDC,ECU,SUPCAMPLUCRO,,CO2e_CUT,1,2027,,,,,,63.4196
EmissionActivityRatio,NDC,ECU,SUPCAMPLUCRO,,CO2e_CUT,1,2028,,,,,,63.4196
EmissionActivityRatio,NDC,ECU,SUPCAMPLUCRO,,CO2e_CUT,1,2029,,,,,,63.4196
EmissionActivityRatio,NDC,ECU,SUPCAMPLUCRO,,CO2e_CUT,1,2030,,,,,,63.4196
EmissionActivityRatio,NDC,ECU,SUPCAMPLUCRO,,CO2e_CUT,1,2031,,,,,,63.4196
EmissionActivityRatio,NDC,ECU,SUPCAMPLUCRO,,CO2e_CUT,1,2032,,,,,,63.4196
EmissionActivityRatio,NDC,ECU,SUPCAMPLUCRO,,CO2e_CUT,1,2033,,,,,,63.4196
EmissionActivityRatio,NDC,ECU,SUPCAMPLUCRO,,CO2e_CUT,1,2034,,,,,,63.4196
EmissionActivityRatio,NDC,ECU,SUPCAMPLUCRO,,CO2e_CUT,1,2035,,,,,,63.4196
EmissionActivityRatio,NDC,ECU,SUPCAMMONCRO,,CO2e_CUT,1,2010,,,,,,608.0904
EmissionActivityRatio,NDC,ECU,SUPCAMMONCRO,,CO2e_CUT,1,2011,,,,,,588.6589
EmissionActivityRatio,NDC,ECU,SUPCAMMONCRO,,CO2e_CUT,1,2012,,,,,,570.6041
EmissionActivityRatio,NDC,ECU,SUPCAMMONCRO,,CO2e_CUT,1,2013,,,,,,573.9749
EmissionActivityRatio,NDC,ECU,SUPCAMMONCRO,,CO2e_CUT,1,2014,,,,,,577.1955
EmissionActivityRatio,NDC,ECU,SUPCAMMONCRO,,CO2e_CUT,1,2015,,,,,,572.6094
EmissionActivityRatio,NDC,ECU,SUPCAMMONCRO,,CO2e_CUT,1,2016,,,,,,568.2022
EmissionActivityRatio,NDC,ECU,SUPCAMMONCRO,,CO2e_CUT,1,2017,,,,,,572.0845
EmissionActivityRatio,NDC,ECU,SUPCAMMONCRO,,CO2e_CUT,1,2018,,,,,,577.4752
EmissionActivityRatio,NDC,ECU,SUPCAMMONCRO,,CO2e_CUT,1,2019,,,,,,611.7032
EmissionActivityRatio,NDC,ECU,SUPCAMMONCRO,,CO2e_CUT,1,2020,,,,,,611.7032
EmissionActivityRatio,NDC,ECU,SUPCAMMONCRO,,CO2e_CUT,1,2021,,,,,,854.345
EmissionActivityRatio,NDC,ECU,SUPCAMMONCRO,,CO2e_CUT,1,2022,,,,,,854.345
EmissionActivityRatio,NDC,ECU,SUPCAMMONCRO,,CO2e_CUT,1,2023,,,,,,626.2301
EmissionActivityRatio,NDC,ECU,SUPCAMMONCRO,,CO2e_CUT,1,2024,,,,,,626.2301
EmissionActivityRatio,NDC,ECU,SUPCAMMONCRO,,CO2e_CUT,1,2025,,,,,,626.2301
EmissionActivityRatio,NDC,ECU,SUPCAMMONCRO,,CO2e_CUT,1,2026,,,,,,626.2301
EmissionActivityRatio,NDC,ECU,SUPCAMMONCRO,,CO2e_CUT,1,2027,,,,,,626.2301
EmissionActivityRatio,NDC,ECU,SUPCAMMONCRO,,CO2e_CUT,1,2028,,,,,,626.2301
EmissionActivityRatio,NDC,ECU,SUPCAMMONCRO,,CO2e_CUT,1,2029,,,,,,626.2301
EmissionActivityRatio,NDC,ECU,SUPCAMMONCRO,,CO2e_CUT,1,2030,,,,,,626.2301
EmissionActivityRatio,NDC,ECU,SUPCAMMONCRO,,CO2e_CUT,1,2031,,,,,,626.2301
EmissionActivityRatio,NDC,ECU,SUPCAMMONCRO,,CO2e_CUT,1,2032,,,,,,626.2301
EmissionActivityRatio,NDC,ECU,SUPCAMMONCRO,,CO2e_CUT,1,2033,,,,,,626.2301
EmissionActivityRatio,NDC,ECU,SUPCAMMONCRO,,CO2e_CUT,1,2034,,,,,,626.2301
EmissionActivityRatio,NDC,ECU,SUPCAMMONCRO,,CO2e_CUT,1,2035,,,,,,626.2301
EmissionActivityRatio,NDC,ECU,SUPCAMPIECRO,,CO2e_CUT,1,2010,,,,,,175.9728
EmissionActivityRatio,NDC,ECU,SUPCAMPIECRO,,CO2e_CUT,1,2011,,,,,,169.8746
EmissionActivityRatio,NDC,ECU,SUPCAMPIECRO,,CO2e_CUT,1,2012,,,,,,164.2084
EmissionActivityRatio,NDC,ECU,SUPCAMPIECRO,,CO2e_CUT,1,2013,,,,,,166.6908
EmissionActivityRatio,NDC,ECU,SUPCAMPIECRO,,CO2e_CUT,1,2014,,,,,,169.0625
EmissionActivityRatio,NDC,ECU,SUPCAMPIECRO,,CO2e_CUT,1,2015,,,,,,210.5166
EmissionActivityRatio,NDC,ECU,SUPCAMPIECRO,,CO2e_CUT,1,2016,,,,,,283.6066
EmissionActivityRatio,NDC,ECU,SUPCAMPIECRO,,CO2e_CUT,1,2017,,,,,,275.0051
EmissionActivityRatio,NDC,ECU,SUPCAMPIECRO,,CO2e_CUT,1,2018,,,,,,265.7587
EmissionActivityRatio,NDC,ECU,SUPCAMPIECRO,,CO2e_CUT,1,2019,,,,,,318.7923
EmissionActivityRatio,NDC,ECU,SUPCAMPIECRO,,CO2e_CUT,1,2020,,,,,,318.7923
EmissionActivityRatio,NDC,ECU,SUPCAMPIECRO,,CO2e_CUT,1,2021,,,,,,274.6601
EmissionActivityRatio,NDC,ECU,SUPCAMPIECRO,,CO2e_CUT,1,2022,,,,,,274.6601
EmissionActivityRatio,NDC,ECU,SUPCAMPIECRO,,CO2e_CUT,1,2023,,,,,,235.9693
EmissionActivityRatio,NDC,ECU,SUPCAMPIECRO,,CO2e_CUT,1,2024,,,,,,235.9693
EmissionActivityRatio,NDC,ECU,SUPCAMPIECRO,,CO2e_CUT,1,2025,,,,,,235.9693
EmissionActivityRatio,NDC,ECU,SUPCAMPIECRO,,CO2e_CUT,1,2026,,,,,,235.9693
EmissionActivityRatio,NDC,ECU,SUPCAMPIECRO,,CO2e_CUT,1,2027,,,,,,235.9693
EmissionActivityRatio,NDC,ECU,SUPCAMPIECRO,,CO2e_CUT,1,2028,,,,,,235.9693
EmissionActivityRatio,NDC,ECU,SUPCAMPIECRO,,CO2e_CUT,1,2029,,,,,,235.9693
EmissionActivityRatio,NDC,ECU,SUPCAMPIECRO,,CO2e_CUT,1,2030,,,,,,235.9693
EmissionActivityRatio,NDC,ECU,SUPCAMPIECRO,,CO2e_CUT,1,2031,,,,,,235.9693
EmissionActivityRatio,NDC,ECU,SUPCAMPIECRO,,CO2e_CUT,1,2032,,,,,,235.9693
EmissionActivityRatio,NDC,ECU,SUPCAMPIECRO,,CO2e_CUT,1,2033,,,,,,235.9693
EmissionActivityRatio,NDC,ECU,SUPCAMPIECRO,,CO2e_CUT,1,2034,,,,,,235.9693
EmissionActivityRatio,NDC,ECU,SUPCAMPIECRO,,CO2e_CUT,1,2035,,,,,,235.9693
EmissionActivityRatio,NDC,ECU,SUPCAMCEJCRO,,CO2e_CUT,1,2010,,,,,,912.1848
EmissionActivityRatio,NDC,ECU,SUPCAMCEJCRO,,CO2e_CUT,1,2011,,,,,,885.7328
EmissionActivityRatio,NDC,ECU,SUPCAMCEJCRO,,CO2e_CUT,1,2012,,,,,,861.1549
EmissionActivityRatio,NDC,ECU,SUPCAMCEJCRO,,CO2e_CUT,1,2013,,,,,,855.8916
EmissionActivityRatio,NDC,ECU,SUPCAMCEJCRO,,CO2e_CUT,1,2014,,,,,,850.8629
EmissionActivityRatio,NDC,ECU,SUPCAMCEJCRO,,CO2e_CUT,1,2015,,,,,,774.599
EmissionActivityRatio,NDC,ECU,SUPCAMCEJCRO,,CO2e_CUT,1,2016,,,,,,708.8461
EmissionActivityRatio,NDC,ECU,SUPCAMCEJCRO,,CO2e_CUT,1,2017,,,,,,767.7423
EmissionActivityRatio,NDC,ECU,SUPCAMCEJCRO,,CO2e_CUT,1,2018,,,,,,838.3979
EmissionActivityRatio,NDC,ECU,SUPCAMCEJCRO,,CO2e_CUT,1,2019,,,,,,638.3552
EmissionActivityRatio,NDC,ECU,SUPCAMCEJCRO,,CO2e_CUT,1,2020,,,,,,638.3552
EmissionActivityRatio,NDC,ECU,SUPCAMCEJCRO,,CO2e_CUT,1,2021,,,,,,1643.6429
EmissionActivityRatio,NDC,ECU,SUPCAMCEJCRO,,CO2e_CUT,1,2022,,,,,,1643.6429
EmissionActivityRatio,NDC,ECU,SUPCAMCEJCRO,,CO2e_CUT,1,2023,,,,,,924.5699
EmissionActivityRatio,NDC,ECU,SUPCAMCEJCRO,,CO2e_CUT,1,2024,,,,,,924.5699
EmissionActivityRatio,NDC,ECU,SUPCAMCEJCRO,,CO2e_CUT,1,2025,,,,,,924.5699
EmissionActivityRatio,NDC,ECU,SUPCAMCEJCRO,,CO2e_CUT,1,2026,,,,,,924.5699
EmissionActivityRatio,NDC,ECU,SUPCAMCEJCRO,,CO2e_CUT,1,2027,,,,,,924.5699
EmissionActivityRatio,NDC,ECU,SUPCAMCEJCRO,,CO2e_CUT,1,2028,,,,,,924.5699
EmissionActivityRatio,NDC,ECU,SUPCAMCEJCRO,,CO2e_CUT,1,2029,,,,,,924.5699
EmissionActivityRatio,NDC,ECU,SUPCAMCEJCRO,,CO2e_CUT,1,2030,,,,,,924.5699
EmissionActivityRatio,NDC,ECU,SUPCAMCEJCRO,,CO2e_CUT,1,2031,,,,,,924.5699
EmissionActivityRatio,NDC,ECU,SUPCAMCEJCRO,,CO2e_CUT,1,2032,,,,,,924.5699
EmissionActivityRatio,NDC,ECU,SUPCAMCEJCRO,,CO2e_CUT,1,2033,,,,,,924.5699
EmissionActivityRatio,NDC,ECU,SUPCAMCEJCRO,,CO2e_CUT,1,2034,,,,,,924.5699
EmissionActivityRatio,NDC,ECU,SUPCAMCEJCRO,,CO2e_CUT,1,2035,,,,,,924.5699
EmissionActivityRatio,NDC,ECU,SUPCAMAMACRO,,CO2e_CUT,1,2010,,,,,,763.9489
EmissionActivityRatio,NDC,ECU,SUPCAMAMACRO,,CO2e_CUT,1,2011,,,,,,790.213
EmissionActivityRatio,NDC,ECU,SUPCAMAMACRO,,CO2e_CUT,1,2012,,,,,,814.6164
EmissionActivityRatio,NDC,ECU,SUPCAMAMACRO,,CO2e_CUT,1,2013,,,,,,813.0631
EmissionActivityRatio,NDC,ECU,SUPCAMAMACRO,,CO2e_CUT,1,2014,,,,,,811.5789
EmissionActivityRatio,NDC,ECU,SUPCAMAMACRO,,CO2e_CUT,1,2015,,,,,,723.5699
EmissionActivityRatio,NDC,ECU,SUPCAMAMACRO,,CO2e_CUT,1,2016,,,,,,651.357
EmissionActivityRatio,NDC,ECU,SUPCAMAMACRO,,CO2e_CUT,1,2017,,,,,,647.7763
EmissionActivityRatio,NDC,ECU,SUPCAMAMACRO,,CO2e_CUT,1,2018,,,,,,643.1148
EmissionActivityRatio,NDC,ECU,SUPCAMAMACRO,,CO2e_CUT,1,2019,,,,,,604.1257
EmissionActivityRatio,NDC,ECU,SUPCAMAMACRO,,CO2e_CUT,1,2020,,,,,,604.1257
EmissionActivityRatio,NDC,ECU,SUPCAMAMACRO,,CO2e_CUT,1,2021,,,,,,601.7488
EmissionActivityRatio,NDC,ECU,SUPCAMAMACRO,,CO2e_CUT,1,2022,,,,,,601.7488
EmissionActivityRatio,NDC,ECU,SUPCAMAMACRO,,CO2e_CUT,1,2023,,,,,,697.7683
EmissionActivityRatio,NDC,ECU,SUPCAMAMACRO,,CO2e_CUT,1,2024,,,,,,697.7683
EmissionActivityRatio,NDC,ECU,SUPCAMAMACRO,,CO2e_CUT,1,2025,,,,,,697.7683
EmissionActivityRatio,NDC,ECU,SUPCAMAMACRO,,CO2e_CUT,1,2026,,,,,,697.7683
EmissionActivityRatio,NDC,ECU,SUPCAMAMACRO,,CO2e_CUT,1,2027,,,,,,697.7683
EmissionActivityRatio,NDC,ECU,SUPCAMAMACRO,,CO2e_CUT,1,2028,,,,,,697.7683
EmissionActivityRatio,NDC,ECU,SUPCAMAMACRO,,CO2e_CUT,1,2029,,,,,,697.7683
EmissionActivityRatio,NDC,ECU,SUPCAMAMACRO,,CO2e_CUT,1,2030,,,,,,697.7683
EmissionActivityRatio,NDC,ECU,SUPCAMAMACRO,,CO2e_CUT,1,2031,,,,,,697.7683
EmissionActivityRatio,NDC,ECU,SUPCAMAMACRO,,CO2e_CUT,1,2032,,,,,,697.7683
EmissionActivityRatio,NDC,ECU,SUPCAMAMACRO,,CO2e_CUT,1,2033,,,,,,697.7683
EmissionActivityRatio,NDC,ECU,SUPCAMAMACRO,,CO2e_CUT,1,2034,,,,,,697.7683
EmissionActivityRatio,NDC,ECU,SUPCAMAMACRO,,CO2e_CUT,1,2035,,,,,,697.7683
EmissionActivityRatio,NDC,ECU,SUPCAMCHOCRO,,CO2e_CUT,1,2010,,,,,,97.2545
EmissionActivityRatio,NDC,ECU,SUPCAMCHOCRO,,CO2e_CUT,1,2011,,,,,,94.376
EmissionActivityRatio,NDC,ECU,SUPCAMCHOCRO,,CO2e_CUT,1,2012,,,,,,91.7014
EmissionActivityRatio,NDC,ECU,SUPCAMCHOCRO,,CO2e_CUT,1,2013,,,,,,91.0089
EmissionActivityRatio,NDC,ECU,SUPCAMCHOCRO,,CO2e_CUT,1,2014,,,,,,90.3472
EmissionActivityRatio,NDC,ECU,SUPCAMCHOCRO,,CO2e_CUT,1,2015,,,,,,84.3798
EmissionActivityRatio,NDC,ECU,SUPCAMCHOCRO,,CO2e_CUT,1,2016,,,,,,78.8382
EmissionActivityRatio,NDC,ECU,SUPCAMCHOCRO,,CO2e_CUT,1,2017,,,,,,77.031
EmissionActivityRatio,NDC,ECU,SUPCAMCHOCRO,,CO2e_CUT,1,2018,,,,,,75.2415
EmissionActivityRatio,NDC,ECU,SUPCAMCHOCRO,,CO2e_CUT,1,2019,,,,,,85.2258
EmissionActivityRatio,NDC,ECU,SUPCAMCHOCRO,,CO2e_CUT,1,2020,,,,,,85.2258
EmissionActivityRatio,NDC,ECU,SUPCAMCHOCRO,,CO2e_CUT,1,2021,,,,,,61.3213
EmissionActivityRatio,NDC,ECU,SUPCAMCHOCRO,,CO2e_CUT,1,2022,,,,,,61.3213
EmissionActivityRatio,NDC,ECU,SUPCAMCHOCRO,,CO2e_CUT,1,2023,,,,,,82.5594
EmissionActivityRatio,NDC,ECU,SUPCAMCHOCRO,,CO2e_CUT,1,2024,,,,,,82.5594
EmissionActivityRatio,NDC,ECU,SUPCAMCHOCRO,,CO2e_CUT,1,2025,,,,,,82.5594
EmissionActivityRatio,NDC,ECU,SUPCAMCHOCRO,,CO2e_CUT,1,2026,,,,,,82.5594
EmissionActivityRatio,NDC,ECU,SUPCAMCHOCRO,,CO2e_CUT,1,2027,,,,,,82.5594
EmissionActivityRatio,NDC,ECU,SUPCAMCHOCRO,,CO2e_CUT,1,2028,,,,,,82.5594
EmissionActivityRatio,NDC,ECU,SUPCAMCHOCRO,,CO2e_CUT,1,2029,,,,,,82.5594
EmissionActivityRatio,NDC,ECU,SUPCAMCHOCRO,,CO2e_CUT,1,2030,,,,,,82.5594
EmissionActivityRatio,NDC,ECU,SUPCAMCHOCRO,,CO2e_CUT,1,2031,,,,,,82.5594
EmissionActivityRatio,NDC,ECU,SUPCAMCHOCRO,,CO2e_CUT,1,2032,,,,,,82.5594
EmissionActivityRatio,NDC,ECU,SUPCAMCHOCRO,,CO2e_CUT,1,2033,,,,,,82.5594
EmissionActivityRatio,NDC,ECU,SUPCAMCHOCRO,,CO2e_CUT,1,2034,,,,,,82.5594
EmissionActivityRatio,NDC,ECU,SUPCAMCHOCRO,,CO2e_CUT,1,2035,,,,,,82.5594
EmissionActivityRatio,NDC,ECU,SUPCAMMANCRO,,CO2e_CUT,1,2010,,,,,,1285.2793
EmissionActivityRatio,NDC,ECU,SUPCAMMANCRO,,CO2e_CUT,1,2011,,,,,,1244.6473
EmissionActivityRatio,NDC,ECU,SUPCAMMANCRO,,CO2e_CUT,1,2012,,,,,,1206.8939
EmissionActivityRatio,NDC,ECU,SUPCAMMANCRO,,CO2e_CUT,1,2013,,,,,,1151.1346
EmissionActivityRatio,NDC,ECU,SUPCAMMANCRO,,CO2e_CUT,1,2014,,,,,,1097.8603
EmissionActivityRatio,NDC,ECU,SUPCAMMANCRO,,CO2e_CUT,1,2015,,,,,,730.7384
EmissionActivityRatio,NDC,ECU,SUPCAMMANCRO,,CO2e_CUT,1,2016,,,,,,554.0443
EmissionActivityRatio,NDC,ECU,SUPCAMMANCRO,,CO2e_CUT,1,2017,,,,,,716.3785
EmissionActivityRatio,NDC,ECU,SUPCAMMANCRO,,CO2e_CUT,1,2018,,,,,,1108.9077
EmissionActivityRatio,NDC,ECU,SUPCAMMANCRO,,CO2e_CUT,1,2019,,,,,,2673.6528
EmissionActivityRatio,NDC,ECU,SUPCAMMANCRO,,CO2e_CUT,1,2020,,,,,,2673.6528
EmissionActivityRatio,NDC,ECU,SUPCAMMANCRO,,CO2e_CUT,1,2021,,,,,,1769.9998
EmissionActivityRatio,NDC,ECU,SUPCAMMANCRO,,CO2e_CUT,1,2022,,,,,,1769.9998
EmissionActivityRatio,NDC,ECU,SUPCAMMANCRO,,CO2e_CUT,1,2023,,,,,,1383.3223
EmissionActivityRatio,NDC,ECU,SUPCAMMANCRO,,CO2e_CUT,1,2024,,,,,,1383.3223
EmissionActivityRatio,NDC,ECU,SUPCAMMANCRO,,CO2e_CUT,1,2025,,,,,,1383.3223
EmissionActivityRatio,NDC,ECU,SUPCAMMANCRO,,CO2e_CUT,1,2026,,,,,,1383.3223
EmissionActivityRatio,NDC,ECU,SUPCAMMANCRO,,CO2e_CUT,1,2027,,,,,,1383.3223
EmissionActivityRatio,NDC,ECU,SUPCAMMANCRO,,CO2e_CUT,1,2028,,,,,,1383.3223
EmissionActivityRatio,NDC,ECU,SUPCAMMANCRO,,CO2e_CUT,1,2029,,,,,,1383.3223
EmissionActivityRatio,NDC,ECU,SUPCAMMANCRO,,CO2e_CUT,1,2030,,,,,,1383.3223
EmissionActivityRatio,NDC,ECU,SUPCAMMANCRO,,CO2e_CUT,1,2031,,,,,,1383.3223
EmissionActivityRatio,NDC,ECU,SUPCAMMANCRO,,CO2e_CUT,1,2032,,,,,,1383.3223
EmissionActivityRatio,NDC,ECU,SUPCAMMANCRO,,CO2e_CUT,1,2033,,,,,,1383.3223
EmissionActivityRatio,NDC,ECU,SUPCAMMANCRO,,CO2e_CUT,1,2034,,,,,,1383.3223
EmissionActivityRatio,NDC,ECU,SUPCAMMANCRO,,CO2e_CUT,1,2035,,,,,,1383.3223
EmissionActivityRatio,NDC,ECU,SUPCAMMORCRO,,CO2e_CUT,1,2010,,,,,,4611.7443
EmissionActivityRatio,NDC,ECU,SUPCAMMORCRO,,CO2e_CUT,1,2011,,,,,,4457.1995
EmissionActivityRatio,NDC,ECU,SUPCAMMORCRO,,CO2e_CUT,1,2012,,,,,,4313.6041
EmissionActivityRatio,NDC,ECU,SUPCAMMORCRO,,CO2e_CUT,1,2013,,,,,,4285.7215
EmissionActivityRatio,NDC,ECU,SUPCAMMORCRO,,CO2e_CUT,1,2014,,,,,,4259.0815
EmissionActivityRatio,NDC,ECU,SUPCAMMORCRO,,CO2e_CUT,1,2015,,,,,,3563.8545
EmissionActivityRatio,NDC,ECU,SUPCAMMORCRO,,CO2e_CUT,1,2016,,,,,,3062.86
EmissionActivityRatio,NDC,ECU,SUPCAMMORCRO,,CO2e_CUT,1,2017,,,,,,3615.7247
EmissionActivityRatio,NDC,ECU,SUPCAMMORCRO,,CO2e_CUT,1,2018,,,,,,4591.043
EmissionActivityRatio,NDC,ECU,SUPCAMMORCRO,,CO2e_CUT,1,2019,,,,,,2610.4893
EmissionActivityRatio,NDC,ECU,SUPCAMMORCRO,,CO2e_CUT,1,2020,,,,,,2610.4893
EmissionActivityRatio,NDC,ECU,SUPCAMMORCRO,,CO2e_CUT,1,2021,,,,,,2429.5935
EmissionActivityRatio,NDC,ECU,SUPCAMMORCRO,,CO2e_CUT,1,2022,,,,,,2429.5935
EmissionActivityRatio,NDC,ECU,SUPCAMMORCRO,,CO2e_CUT,1,2023,,,,,,3603.1537
EmissionActivityRatio,NDC,ECU,SUPCAMMORCRO,,CO2e_CUT,1,2024,,,,,,3603.1537
EmissionActivityRatio,NDC,ECU,SUPCAMMORCRO,,CO2e_CUT,1,2025,,,,,,3603.1537
EmissionActivityRatio,NDC,ECU,SUPCAMMORCRO,,CO2e_CUT,1,2026,,,,,,3603.1537
EmissionActivityRatio,NDC,ECU,SUPCAMMORCRO,,CO2e_CUT,1,2027,,,,,,3603.1537
EmissionActivityRatio,NDC,ECU,SUPCAMMORCRO,,CO2e_CUT,1,2028,,,,,,3603.1537
EmissionActivityRatio,NDC,ECU,SUPCAMMORCRO,,CO2e_CUT,1,2029,,,,,,3603.1537
EmissionActivityRatio,NDC,ECU,SUPCAMMORCRO,,CO2e_CUT,1,2030,,,,,,3603.1537
EmissionActivityRatio,NDC,ECU,SUPCAMMORCRO,,CO2e_CUT,1,2031,,,,,,3603.1537
EmissionActivityRatio,NDC,ECU,SUPCAMMORCRO,,CO2e_CUT,1,2032,,,,,,3603.1537
EmissionActivityRatio,NDC,ECU,SUPCAMMORCRO,,CO2e_CUT,1,2033,,,,,,3603.1537
EmissionActivityRatio,NDC,ECU,SUPCAMMORCRO,,CO2e_CUT,1,2034,,,,,,3603.1537
EmissionActivityRatio,NDC,ECU,SUPCAMMORCRO,,CO2e_CUT,1,2035,,,,,,3603.1537
EmissionActivityRatio,NDC,ECU,SUPCAMPFOCRO,,CO2e_CUT,1,2010,,,,,,119.596
EmissionActivityRatio,NDC,ECU,SUPCAMPFOCRO,,CO2e_CUT,1,2011,,,,,,115.2038
EmissionActivityRatio,NDC,ECU,SUPCAMPFOCRO,,CO2e_CUT,1,2012,,,,,,111.1228
EmissionActivityRatio,NDC,ECU,SUPCAMPFOCRO,,CO2e_CUT,1,2013,,,,,,108.5902
EmissionActivityRatio,NDC,ECU,SUPCAMPFOCRO,,CO2e_CUT,1,2014,,,,,,106.1704
EmissionActivityRatio,NDC,ECU,SUPCAMPFOCRO,,CO2e_CUT,1,2015,,,,,,67.3959
EmissionActivityRatio,NDC,ECU,SUPCAMPFOCRO,,CO2e_CUT,1,2016,,,,,,58.5393
EmissionActivityRatio,NDC,ECU,SUPCAMPFOCRO,,CO2e_CUT,1,2017,,,,,,58.0363
EmissionActivityRatio,NDC,ECU,SUPCAMPFOCRO,,CO2e_CUT,1,2018,,,,,,58.1106
EmissionActivityRatio,NDC,ECU,SUPCAMPFOCRO,,CO2e_CUT,1,2019,,,,,,275.1932
EmissionActivityRatio,NDC,ECU,SUPCAMPFOCRO,,CO2e_CUT,1,2020,,,,,,275.1932
EmissionActivityRatio,NDC,ECU,SUPCAMPFOCRO,,CO2e_CUT,1,2021,,,,,,132.8458
EmissionActivityRatio,NDC,ECU,SUPCAMPFOCRO,,CO2e_CUT,1,2022,,,,,,132.8458
EmissionActivityRatio,NDC,ECU,SUPCAMPFOCRO,,CO2e_CUT,1,2023,,,,,,124.5264
EmissionActivityRatio,NDC,ECU,SUPCAMPFOCRO,,CO2e_CUT,1,2024,,,,,,124.5264
EmissionActivityRatio,NDC,ECU,SUPCAMPFOCRO,,CO2e_CUT,1,2025,,,,,,124.5264
EmissionActivityRatio,NDC,ECU,SUPCAMPFOCRO,,CO2e_CUT,1,2026,,,,,,124.5264
EmissionActivityRatio,NDC,ECU,SUPCAMPFOCRO,,CO2e_CUT,1,2027,,,,,,124.5264
EmissionActivityRatio,NDC,ECU,SUPCAMPFOCRO,,CO2e_CUT,1,2028,,,,,,124.5264
EmissionActivityRatio,NDC,ECU,SUPCAMPFOCRO,,CO2e_CUT,1,2029,,,,,,124.5264
EmissionActivityRatio,NDC,ECU,SUPCAMPFOCRO,,CO2e_CUT,1,2030,,,,,,124.5264
EmissionActivityRatio,NDC,ECU,SUPCAMPFOCRO,,CO2e_CUT,1,2031,,,,,,124.5264
EmissionActivityRatio,NDC,ECU,SUPCAMPFOCRO,,CO2e_CUT,1,2032,,,,,,124.5264
EmissionActivityRatio,NDC,ECU,SUPCAMPFOCRO,,CO2e_CUT,1,2033,,,,,,124.5264
EmissionActivityRatio,NDC,ECU,SUPCAMPFOCRO,,CO2e_CUT,1,2034,,,,,,124.5264
EmissionActivityRatio,NDC,ECU,SUPCAMPFOCRO,,CO2e_CUT,1,2035,,,,,,124.5264
EmissionActivityRatio,NDC,ECU,SUPCAMGRACRO,,CO2e_CUT,1,2010,,,,,,98.5029
EmissionActivityRatio,NDC,ECU,SUPCAMGRACRO,,CO2e_CUT,1,2011,,,,,,98.5029
EmissionActivityRatio,NDC,ECU,SUPCAMGRACRO,,CO2e_CUT,1,2012,,,,,,98.5029
EmissionActivityRatio,NDC,ECU,SUPCAMGRACRO,,CO2e_CUT,1,2013,,,,,,98.5029
EmissionActivityRatio,NDC,ECU,SUPCAMGRACRO,,CO2e_CUT,1,2014,,,,,,98.5029
EmissionActivityRatio,NDC,ECU,SUPCAMGRACRO,,CO2e_CUT,1,2015,,,,,,107.5686
EmissionActivityRatio,NDC,ECU,SUPCAMGRACRO,,CO2e_CUT,1,2016,,,,,,111.6972
EmissionActivityRatio,NDC,ECU,SUPCAMGRACRO,,CO2e_CUT,1,2017,,,,,,110.4696
EmissionActivityRatio,NDC,ECU,SUPCAMGRACRO,,CO2e_CUT,1,2018,,,,,,106.046
EmissionActivityRatio,NDC,ECU,SUPCAMGRACRO,,CO2e_CUT,1,2019,,,,,,121.4175
EmissionActivityRatio,NDC,ECU,SUPCAMGRACRO,,CO2e_CUT,1,2020,,,,,,121.4175
EmissionActivityRatio,NDC,ECU,SUPCAMGRACRO,,CO2e_CUT,1,2021,,,,,,61.0962
EmissionActivityRatio,NDC,ECU,SUPCAMGRACRO,,CO2e_CUT,1,2022,,,,,,61.0962
EmissionActivityRatio,NDC,ECU,SUPCAMGRACRO,,CO2e_CUT,1,2023,,,,,,99.4864
EmissionActivityRatio,NDC,ECU,SUPCAMGRACRO,,CO2e_CUT,1,2024,,,,,,99.4864
EmissionActivityRatio,NDC,ECU,SUPCAMGRACRO,,CO2e_CUT,1,2025,,,,,,99.4864
EmissionActivityRatio,NDC,ECU,SUPCAMGRACRO,,CO2e_CUT,1,2026,,,,,,99.4864
EmissionActivityRatio,NDC,ECU,SUPCAMGRACRO,,CO2e_CUT,1,2027,,,,,,99.4864
EmissionActivityRatio,NDC,ECU,SUPCAMGRACRO,,CO2e_CUT,1,2028,,,,,,99.4864
EmissionActivityRatio,NDC,ECU,SUPCAMGRACRO,,CO2e_CUT,1,2029,,,,,,99.4864
EmissionActivityRatio,NDC,ECU,SUPCAMGRACRO,,CO2e_CUT,1,2030,,,,,,99.4864
EmissionActivityRatio,NDC,ECU,SUPCAMGRACRO,,CO2e_CUT,1,2031,,,,,,99.4864
EmissionActivityRatio,NDC,ECU,SUPCAMGRACRO,,CO2e_CUT,1,2032,,,,,,99.4864
EmissionActivityRatio,NDC,ECU,SUPCAMGRACRO,,CO2e_CUT,1,2033,,,,,,99.4864
EmissionActivityRatio,NDC,ECU,SUPCAMGRACRO,,CO2e_CUT,1,2034,,,,,,99.4864
EmissionActivityRatio,NDC,ECU,SUPCAMGRACRO,,CO2e_CUT,1,2035,,,,,,99.4864
EmissionActivityRatio,NDC,ECU,SUPCAMHUMCRO,,CO2e_CUT,1,2010,,,,,,-11.9167
EmissionActivityRatio,NDC,ECU,SUPCAMHUMCRO,,CO2e_CUT,1,2011,,,,,,-11.9167
EmissionActivityRatio,NDC,ECU,SUPCAMHUMCRO,,CO2e_CUT,1,2012,,,,,,-11.9167
EmissionActivityRatio,NDC,ECU,SUPCAMHUMCRO,,CO2e_CUT,1,2013,,,,,,-11.9167
EmissionActivityRatio,NDC,ECU,SUPCAMHUMCRO,,CO2e_CUT,1,2014,,,,,,-11.9167
EmissionActivityRatio,NDC,ECU,SUPCAMHUMCRO,,CO2e_CUT,1,2015,,,,,,-11.9167
EmissionActivityRatio,NDC,ECU,SUPCAMHUMCRO,,CO2e_CUT,1,2016,,,,,,-11.9167
EmissionActivityRatio,NDC,ECU,SUPCAMHUMCRO,,CO2e_CUT,1,2017,,,,,,-11.9167
EmissionActivityRatio,NDC,ECU,SUPCAMHUMCRO,,CO2e_CUT,1,2018,,,,,,-11.9167
EmissionActivityRatio,NDC,ECU,SUPCAMHUMCRO,,CO2e_CUT,1,2019,,,,,,-11.9167
EmissionActivityRatio,NDC,ECU,SUPCAMHUMCRO,,CO2e_CUT,1,2020,,,,,,-11.9167
EmissionActivityRatio,NDC,ECU,SUPCAMHUMCRO,,CO2e_CUT,1,2021,,,,,,-11.9167
EmissionActivityRatio,NDC,ECU,SUPCAMHUMCRO,,CO2e_CUT,1,2022,,,,,,-11.9167
EmissionActivityRatio,NDC,ECU,SUPCAMHUMCRO,,CO2e_CUT,1,2023,,,,,,-11.9167
EmissionActivityRatio,NDC,ECU,SUPCAMHUMCRO,,CO2e_CUT,1,2024,,,,,,-11.9167
EmissionActivityRatio,NDC,ECU,SUPCAMHUMCRO,,CO2e_CUT,1,2025,,,,,,-11.9167
EmissionActivityRatio,NDC,ECU,SUPCAMHUMCRO,,CO2e_CUT,1,2026,,,,,,-11.9167
EmissionActivityRatio,NDC,ECU,SUPCAMHUMCRO,,CO2e_CUT,1,2027,,,,,,-11.9167
EmissionActivityRatio,NDC,ECU,SUPCAMHUMCRO,,CO2e_CUT,1,2028,,,,,,-11.9167
EmissionActivityRatio,NDC,ECU,SUPCAMHUMCRO,,CO2e_CUT,1,2029,,,,,,-11.9167
EmissionActivityRatio,NDC,ECU,SUPCAMHUMCRO,,CO2e_CUT,1,2030,,,,,,-11.9167
EmissionActivityRatio,NDC,ECU,SUPCAMHUMCRO,,CO2e_CUT,1,2031,,,,,,-11.9167
EmissionActivityRatio,NDC,ECU,SUPCAMHUMCRO,,CO2e_CUT,1,2032,,,,,,-11.9167
EmissionActivityRatio,NDC,ECU,SUPCAMHUMCRO,,CO2e_CUT,1,2033,,,,,,-11.9167
EmissionActivityRatio,NDC,ECU,SUPCAMHUMCRO,,CO2e_CUT,1,2034,,,,,,-11.9167
EmissionActivityRatio,NDC,ECU,SUPCAMHUMCRO,,CO2e_CUT,1,2035,,,,,,-11.9167
EmissionActivityRatio,NDC,ECU,SUPCAMASECRO,,CO2e_CUT,1,2010,,,,,,0.0
EmissionActivityRatio,NDC,ECU,SUPCAMASECRO,,CO2e_CUT,1,2011,,,,,,0.0
EmissionActivityRatio,NDC,ECU,SUPCAMASECRO,,CO2e_CUT,1,2012,,,,,,0.0
EmissionActivityRatio,NDC,ECU,SUPCAMASECRO,,CO2e_CUT,1,2013,,,,,,0.0
EmissionActivityRatio,NDC,ECU,SUPCAMASECRO,,CO2e_CUT,1,2014,,,,,,0.0
EmissionActivityRatio,NDC,ECU,SUPCAMASECRO,,CO2e_CUT,1,2015,,,,,,0.0
EmissionActivityRatio,NDC,ECU,SUPCAMASECRO,,CO2e_CUT,1,2016,,,,,,0.0
EmissionActivityRatio,NDC,ECU,SUPCAMASECRO,,CO2e_CUT,1,2017,,,,,,0.0
EmissionActivityRatio,NDC,ECU,SUPCAMASECRO,,CO2e_CUT,1,2018,,,,,,0.0
EmissionActivityRatio,NDC,ECU,SUPCAMASECRO,,CO2e_CUT,1,2019,,,,,,0.0
EmissionActivityRatio,NDC,ECU,SUPCAMASECRO,,CO2e_CUT,1,2020,,,,,,0.0
EmissionActivityRatio,NDC,ECU,SUPCAMASECRO,,CO2e_CUT,1,2021,,,,,,-11.9167
EmissionActivityRatio,NDC,ECU,SUPCAMASECRO,,CO2e_CUT,1,2022,,,,,,-11.9167
EmissionActivityRatio,NDC,ECU,SUPCAMASECRO,,CO2e_CUT,1,2023,,,,,,-1.8333
EmissionActivityRatio,NDC,ECU,SUPCAMASECRO,,CO2e_CUT,1,2024,,,,,,-1.8333
EmissionActivityRatio,NDC,ECU,SUPCAMASECRO,,CO2e_CUT,1,2025,,,,,,-1.8333
EmissionActivityRatio,NDC,ECU,SUPCAMASECRO,,CO2e_CUT,1,2026,,,,,,-1.8333
EmissionActivityRatio,NDC,ECU,SUPCAMASECRO,,CO2e_CUT,1,2027,,,,,,-1.8333
EmissionActivityRatio,NDC,ECU,SUPCAMASECRO,,CO2e_CUT,1,2028,,,,,,-1.8333
EmissionActivityRatio,NDC,ECU,SUPCAMASECRO,,CO2e_CUT,1,2029,,,,,,-1.8333
EmissionActivityRatio,NDC,ECU,SUPCAMASECRO,,CO2e_CUT,1,2030,,,,,,-1.8333
EmissionActivityRatio,NDC,ECU,SUPCAMASECRO,,CO2e_CUT,1,2031,,,,,,-1.8333
EmissionActivityRatio,NDC,ECU,SUPCAMASECRO,,CO2e_CUT,1,2032,,,,,,-1.8333
EmissionActivityRatio,NDC,ECU,SUPCAMASECRO,,CO2e_CUT,1,2033,,,,,,-1.8333
EmissionActivityRatio,NDC,ECU,SUPCAMASECRO,,CO2e_CUT,1,2034,,,,,,-1.8333
EmissionActivityRatio,NDC,ECU,SUPCAMASECRO,,CO2e_CUT,1,2035,,,,,,-1.8333
EmissionActivityRatio,NDC,ECU,SUPCAMOTICRO,,CO2e_CUT,1,2010,,,,,,-11.9167
EmissionActivityRatio,NDC,ECU,SUPCAMOTICRO,,CO2e_CUT,1,2011,,,,,,-11.9167
EmissionActivityRatio,NDC,ECU,SUPCAMOTICRO,,CO2e_CUT,1,2012,,,,,,-11.9167
EmissionActivityRatio,NDC,ECU,SUPCAMOTICRO,,CO2e_CUT,1,2013,,,,,,-11.9167
EmissionActivityRatio,NDC,ECU,SUPCAMOTICRO,,CO2e_CUT,1,2014,,,,,,-11.9167
EmissionActivityRatio,NDC,ECU,SUPCAMOTICRO,,CO2e_CUT,1,2015,,,,,,-11.9167
EmissionActivityRatio,NDC,ECU,SUPCAMOTICRO,,CO2e_CUT,1,2016,,,,,,-11.9167
EmissionActivityRatio,NDC,ECU,SUPCAMOTICRO,,CO2e_CUT,1,2017,,,,,,-11.9167
EmissionActivityRatio,NDC,ECU,SUPCAMOTICRO,,CO2e_CUT,1,2018,,,,,,-11.9167
EmissionActivityRatio,NDC,ECU,SUPCAMOTICRO,,CO2e_CUT,1,2019,,,,,,-11.9167
EmissionActivityRatio,NDC,ECU,SUPCAMOTICRO,,CO2e_CUT,1,2020,,,,,,-11.9167
EmissionActivityRatio,NDC,ECU,SUPCAMOTICRO,,CO2e_CUT,1,2021,,,,,,-11.9167
EmissionActivityRatio,NDC,ECU,SUPCAMOTICRO,,CO2e_CUT,1,2022,,,,,,-11.9167
EmissionActivityRatio,NDC,ECU,SUPCAMOTICRO,,CO2e_CUT,1,2023,,,,,,-11.9167
EmissionActivityRatio,NDC,ECU,SUPCAMOTICRO,,CO2e_CUT,1,2024,,,,,,-11.9167
EmissionActivityRatio,NDC,ECU,SUPCAMOTICRO,,CO2e_CUT,1,2025,,,,,,-11.9167
EmissionActivityRatio,NDC,ECU,SUPCAMOTICRO,,CO2e_CUT,1,2026,,,,,,-11.9167
EmissionActivityRatio,NDC,ECU,SUPCAMOTICRO,,CO2e_CUT,1,2027,,,,,,-11.9167
EmissionActivityRatio,NDC,ECU,SUPCAMOTICRO,,CO2e_CUT,1,2028,,,,,,-11.9167
EmissionActivityRatio,NDC,ECU,SUPCAMOTICRO,,CO2e_CUT,1,2029,,,,,,-11.9167
EmissionActivityRatio,NDC,ECU,SUPCAMOTICRO,,CO2e_CUT,1,2030,,,,,,-11.9167
EmissionActivityRatio,NDC,ECU,SUPCAMOTICRO,,CO2e_CUT,1,2031,,,,,,-11.9167
EmissionActivityRatio,NDC,ECU,SUPCAMOTICRO,,CO2e_CUT,1,2032,,,,,,-11.9167
EmissionActivityRatio,NDC,ECU,SUPCAMOTICRO,,CO2e_CUT,1,2033,,,,,,-11.9167
EmissionActivityRatio,NDC,ECU,SUPCAMOTICRO,,CO2e_CUT,1,2034,,,,,,-11.9167
EmissionActivityRatio,NDC,ECU,SUPCAMOTICRO,,CO2e_CUT,1,2035,,,,,,-11.9167
EmissionActivityRatio,NDC,ECU,SUPCAMANDGRA,,CO2e_CUT,1,2010,,,,,,0.0
EmissionActivityRatio,NDC,ECU,SUPCAMANDGRA,,CO2e_CUT,1,2011,,,,,,0.0
EmissionActivityRatio,NDC,ECU,SUPCAMANDGRA,,CO2e_CUT,1,2012,,,,,,0.0
EmissionActivityRatio,NDC,ECU,SUPCAMANDGRA,,CO2e_CUT,1,2013,,,,,,0.0
EmissionActivityRatio,NDC,ECU,SUPCAMANDGRA,,CO2e_CUT,1,2014,,,,,,0.0
EmissionActivityRatio,NDC,ECU,SUPCAMANDGRA,,CO2e_CUT,1,2015,,,,,,0.0
EmissionActivityRatio,NDC,ECU,SUPCAMANDGRA,,CO2e_CUT,1,2016,,,,,,0.0
EmissionActivityRatio,NDC,ECU,SUPCAMANDGRA,,CO2e_CUT,1,2017,,,,,,8.0995
EmissionActivityRatio,NDC,ECU,SUPCAMANDGRA,,CO2e_CUT,1,2018,,,,,,7.9597
EmissionActivityRatio,NDC,ECU,SUPCAMANDGRA,,CO2e_CUT,1,2019,,,,,,142.9948
EmissionActivityRatio,NDC,ECU,SUPCAMANDGRA,,CO2e_CUT,1,2020,,,,,,142.9948
EmissionActivityRatio,NDC,ECU,SUPCAMANDGRA,,CO2e_CUT,1,2021,,,,,,265.6829
EmissionActivityRatio,NDC,ECU,SUPCAMANDGRA,,CO2e_CUT,1,2022,,,,,,265.6829
EmissionActivityRatio,NDC,ECU,SUPCAMANDGRA,,CO2e_CUT,1,2023,,,,,,64.1088
EmissionActivityRatio,NDC,ECU,SUPCAMANDGRA,,CO2e_CUT,1,2024,,,,,,64.1088
EmissionActivityRatio,NDC,ECU,SUPCAMANDGRA,,CO2e_CUT,1,2025,,,,,,64.1088
EmissionActivityRatio,NDC,ECU,SUPCAMANDGRA,,CO2e_CUT,1,2026,,,,,,64.1088
EmissionActivityRatio,NDC,ECU,SUPCAMANDGRA,,CO2e_CUT,1,2027,,,,,,64.1088
EmissionActivityRatio,NDC,ECU,SUPCAMANDGRA,,CO2e_CUT,1,2028,,,,,,64.1088
EmissionActivityRatio,NDC,ECU,SUPCAMANDGRA,,CO2e_CUT,1,2029,,,,,,64.1088
EmissionActivityRatio,NDC,ECU,SUPCAMANDGRA,,CO2e_CUT,1,2030,,,,,,64.1088
EmissionActivityRatio,NDC,ECU,SUPCAMANDGRA,,CO2e_CUT,1,2031,,,,,,64.1088
EmissionActivityRatio,NDC,ECU,SUPCAMANDGRA,,CO2e_CUT,1,2032,,,,,,64.1088
EmissionActivityRatio,NDC,ECU,SUPCAMANDGRA,,CO2e_CUT,1,2033,,,,,,64.1088
EmissionActivityRatio,NDC,ECU,SUPCAMANDGRA,,CO2e_CUT,1,2034,,,,,,64.1088
EmissionActivityRatio,NDC,ECU,SUPCAMANDGRA,,CO2e_CUT,1,2035,,,,,,64.1088
EmissionActivityRatio,NDC,ECU,SUPCAMPLUGRA,,CO2e_CUT,1,2010,,,,,,0.0
EmissionActivityRatio,NDC,ECU,SUPCAMPLUGRA,,CO2e_CUT,1,2011,,,,,,0.0
EmissionActivityRatio,NDC,ECU,SUPCAMPLUGRA,,CO2e_CUT,1,2012,,,,,,0.0
EmissionActivityRatio,NDC,ECU,SUPCAMPLUGRA,,CO2e_CUT,1,2013,,,,,,0.0
EmissionActivityRatio,NDC,ECU,SUPCAMPLUGRA,,CO2e_CUT,1,2014,,,,,,0.0
EmissionActivityRatio,NDC,ECU,SUPCAMPLUGRA,,CO2e_CUT,1,2015,,,,,,0.0
EmissionActivityRatio,NDC,ECU,SUPCAMPLUGRA,,CO2e_CUT,1,2016,,,,,,0.0
EmissionActivityRatio,NDC,ECU,SUPCAMPLUGRA,,CO2e_CUT,1,2017,,,,,,20.4533
EmissionActivityRatio,NDC,ECU,SUPCAMPLUGRA,,CO2e_CUT,1,2018,,,,,,20.1291
EmissionActivityRatio,NDC,ECU,SUPCAMPLUGRA,,CO2e_CUT,1,2019,,,,,,166.7534
EmissionActivityRatio,NDC,ECU,SUPCAMPLUGRA,,CO2e_CUT,1,2020,,,,,,166.7534
EmissionActivityRatio,NDC,ECU,SUPCAMPLUGRA,,CO2e_CUT,1,2021,,,,,,9.4442
EmissionActivityRatio,NDC,ECU,SUPCAMPLUGRA,,CO2e_CUT,1,2022,,,,,,9.4442
EmissionActivityRatio,NDC,ECU,SUPCAMPLUGRA,,CO2e_CUT,1,2023,,,,,,30.229
EmissionActivityRatio,NDC,ECU,SUPCAMPLUGRA,,CO2e_CUT,1,2024,,,,,,30.229
EmissionActivityRatio,NDC,ECU,SUPCAMPLUGRA,,CO2e_CUT,1,2025,,,,,,30.229
EmissionActivityRatio,NDC,ECU,SUPCAMPLUGRA,,CO2e_CUT,1,2026,,,,,,30.229
EmissionActivityRatio,NDC,ECU,SUPCAMPLUGRA,,CO2e_CUT,1,2027,,,,,,30.229
EmissionActivityRatio,NDC,ECU,SUPCAMPLUGRA,,CO2e_CUT,1,2028,,,,,,30.229
EmissionActivityRatio,NDC,ECU,SUPCAMPLUGRA,,CO2e_CUT,1,2029,,,,,,30.229
EmissionActivityRatio,NDC,ECU,SUPCAMPLUGRA,,CO2e_CUT,1,2030,,,,,,30.229
EmissionActivityRatio,NDC,ECU,SUPCAMPLUGRA,,CO2e_CUT,1,2031,,,,,,30.229
EmissionActivityRatio,NDC,ECU,SUPCAMPLUGRA,,CO2e_CUT,1,2032,,,,,,30.229
EmissionActivityRatio,NDC,ECU,SUPCAMPLUGRA,,CO2e_CUT,1,2033,,,,,,30.229
EmissionActivityRatio,NDC,ECU,SUPCAMPLUGRA,,CO2e_CUT,1,2034,,,,,,30.229
EmissionActivityRatio,NDC,ECU,SUPCAMPLUGRA,,CO2e_CUT,1,2035,,,,,,30.229
EmissionActivityRatio,NDC,ECU,SUPCAMMONGRA,,CO2e_CUT,1,2010,,,,,,0.0
EmissionActivityRatio,NDC,ECU,SUPCAMMONGRA,,CO2e_CUT,1,2011,,,,,,0.0
EmissionActivityRatio,NDC,ECU,SUPCAMMONGRA,,CO2e_CUT,1,2012,,,,,,0.0
EmissionActivityRatio,NDC,ECU,SUPCAMMONGRA,,CO2e_CUT,1,2013,,,,,,0.0
EmissionActivityRatio,NDC,ECU,SUPCAMMONGRA,,CO2e_CUT,1,2014,,,,,,0.0
EmissionActivityRatio,NDC,ECU,SUPCAMMONGRA,,CO2e_CUT,1,2015,,,,,,0.0
EmissionActivityRatio,NDC,ECU,SUPCAMMONGRA,,CO2e_CUT,1,2016,,,,,,0.0
EmissionActivityRatio,NDC,ECU,SUPCAMMONGRA,,CO2e_CUT,1,2017,,,,,,281.8537
EmissionActivityRatio,NDC,ECU,SUPCAMMONGRA,,CO2e_CUT,1,2018,,,,,,279.7503
EmissionActivityRatio,NDC,ECU,SUPCAMMONGRA,,CO2e_CUT,1,2019,,,,,,344.3116
EmissionActivityRatio,NDC,ECU,SUPCAMMONGRA,,CO2e_CUT,1,2020,,,,,,344.3116
EmissionActivityRatio,NDC,ECU,SUPCAMMONGRA,,CO2e_CUT,1,2021,,,,,,501.772
EmissionActivityRatio,NDC,ECU,SUPCAMMONGRA,,CO2e_CUT,1,2022,,,,,,501.772
EmissionActivityRatio,NDC,ECU,SUPCAMMONGRA,,CO2e_CUT,1,2023,,,,,,173.367
EmissionActivityRatio,NDC,ECU,SUPCAMMONGRA,,CO2e_CUT,1,2024,,,,,,173.367
EmissionActivityRatio,NDC,ECU,SUPCAMMONGRA,,CO2e_CUT,1,2025,,,,,,173.367
EmissionActivityRatio,NDC,ECU,SUPCAMMONGRA,,CO2e_CUT,1,2026,,,,,,173.367
EmissionActivityRatio,NDC,ECU,SUPCAMMONGRA,,CO2e_CUT,1,2027,,,,,,173.367
EmissionActivityRatio,NDC,ECU,SUPCAMMONGRA,,CO2e_CUT,1,2028,,,,,,173.367
EmissionActivityRatio,NDC,ECU,SUPCAMMONGRA,,CO2e_CUT,1,2029,,,,,,173.367
EmissionActivityRatio,NDC,ECU,SUPCAMMONGRA,,CO2e_CUT,1,2030,,,,,,173.367
EmissionActivityRatio,NDC,ECU,SUPCAMMONGRA,,CO2e_CUT,1,2031,,,,,,173.367
EmissionActivityRatio,NDC,ECU,SUPCAMMONGRA,,CO2e_CUT,1,2032,,,,,,173.367
EmissionActivityRatio,NDC,ECU,SUPCAMMONGRA,,CO2e_CUT,1,2033,,,,,,173.367
EmissionActivityRatio,NDC,ECU,SUPCAMMONGRA,,CO2e_CUT,1,2034,,,,,,173.367
EmissionActivityRatio,NDC,ECU,SUPCAMMONGRA,,CO2e_CUT,1,2035,,,,,,173.367
EmissionActivityRatio,NDC,ECU,SUPCAMPIEGRA,,CO2e_CUT,1,2010,,,,,,0.0
EmissionActivityRatio,NDC,ECU,SUPCAMPIEGRA,,CO2e_CUT,1,2011,,,,,,0.0
EmissionActivityRatio,NDC,ECU,SUPCAMPIEGRA,,CO2e_CUT,1,2012,,,,,,0.0
EmissionActivityRatio,NDC,ECU,SUPCAMPIEGRA,,CO2e_CUT,1,2013,,,,,,0.0
EmissionActivityRatio,NDC,ECU,SUPCAMPIEGRA,,CO2e_CUT,1,2014,,,,,,0.0
EmissionActivityRatio,NDC,ECU,SUPCAMPIEGRA,,CO2e_CUT,1,2015,,,,,,0.0
EmissionActivityRatio,NDC,ECU,SUPCAMPIEGRA,,CO2e_CUT,1,2016,,,,,,0.0
EmissionActivityRatio,NDC,ECU,SUPCAMPIEGRA,,CO2e_CUT,1,2017,,,,,,670.1232
EmissionActivityRatio,NDC,ECU,SUPCAMPIEGRA,,CO2e_CUT,1,2018,,,,,,670.2997
EmissionActivityRatio,NDC,ECU,SUPCAMPIEGRA,,CO2e_CUT,1,2019,,,,,,809.1681
EmissionActivityRatio,NDC,ECU,SUPCAMPIEGRA,,CO2e_CUT,1,2020,,,,,,809.1681
EmissionActivityRatio,NDC,ECU,SUPCAMPIEGRA,,CO2e_CUT,1,2021,,,,,,777.1176
EmissionActivityRatio,NDC,ECU,SUPCAMPIEGRA,,CO2e_CUT,1,2022,,,,,,777.1176
EmissionActivityRatio,NDC,ECU,SUPCAMPIEGRA,,CO2e_CUT,1,2023,,,,,,347.1534
EmissionActivityRatio,NDC,ECU,SUPCAMPIEGRA,,CO2e_CUT,1,2024,,,,,,347.1534
EmissionActivityRatio,NDC,ECU,SUPCAMPIEGRA,,CO2e_CUT,1,2025,,,,,,347.1534
EmissionActivityRatio,NDC,ECU,SUPCAMPIEGRA,,CO2e_CUT,1,2026,,,,,,347.1534
EmissionActivityRatio,NDC,ECU,SUPCAMPIEGRA,,CO2e_CUT,1,2027,,,,,,347.1534
EmissionActivityRatio,NDC,ECU,SUPCAMPIEGRA,,CO2e_CUT,1,2028,,,,,,347.1534
EmissionActivityRatio,NDC,ECU,SUPCAMPIEGRA,,CO2e_CUT,1,2029,,,,,,347.1534
EmissionActivityRatio,NDC,ECU,SUPCAMPIEGRA,,CO2e_CUT,1,2030,,,,,,347.1534
EmissionActivityRatio,NDC,ECU,SUPCAMPIEGRA,,CO2e_CUT,1,2031,,,,,,347.1534
EmissionActivityRatio,NDC,ECU,SUPCAMPIEGRA,,CO2e_CUT,1,2032,,,,,,347.1534
EmissionActivityRatio,NDC,ECU,SUPCAMPIEGRA,,CO2e_CUT,1,2033,,,,,,347.1534
EmissionActivityRatio,NDC,ECU,SUPCAMPIEGRA,,CO2e_CUT,1,2034,,,,,,347.1534
EmissionActivityRatio,NDC,ECU,SUPCAMPIEGRA,,CO2e_CUT,1,2035,,,,,,347.1534
EmissionActivityRatio,NDC,ECU,SUPCAMCEJGRA,,CO2e_CUT,1,2010,,,,,,0.0
EmissionActivityRatio,NDC,ECU,SUPCAMCEJGRA,,CO2e_CUT,1,2011,,,,,,0.0
EmissionActivityRatio,NDC,ECU,SUPCAMCEJGRA,,CO2e_CUT,1,2012,,,,,,0.0
EmissionActivityRatio,NDC,ECU,SUPCAMCEJGRA,,CO2e_CUT,1,2013,,,,,,0.0
EmissionActivityRatio,NDC,ECU,SUPCAMCEJGRA,,CO2e_CUT,1,2014,,,,,,0.0
EmissionActivityRatio,NDC,ECU,SUPCAMCEJGRA,,CO2e_CUT,1,2015,,,,,,0.0
EmissionActivityRatio,NDC,ECU,SUPCAMCEJGRA,,CO2e_CUT,1,2016,,,,,,0.0
EmissionActivityRatio,NDC,ECU,SUPCAMCEJGRA,,CO2e_CUT,1,2017,,,,,,82.9827
EmissionActivityRatio,NDC,ECU,SUPCAMCEJGRA,,CO2e_CUT,1,2018,,,,,,85.4628
EmissionActivityRatio,NDC,ECU,SUPCAMCEJGRA,,CO2e_CUT,1,2019,,,,,,65.0681
EmissionActivityRatio,NDC,ECU,SUPCAMCEJGRA,,CO2e_CUT,1,2020,,,,,,65.0681
EmissionActivityRatio,NDC,ECU,SUPCAMCEJGRA,,CO2e_CUT,1,2021,,,,,,292.6906
EmissionActivityRatio,NDC,ECU,SUPCAMCEJGRA,,CO2e_CUT,1,2022,,,,,,292.6906
EmissionActivityRatio,NDC,ECU,SUPCAMCEJGRA,,CO2e_CUT,1,2023,,,,,,67.9971
EmissionActivityRatio,NDC,ECU,SUPCAMCEJGRA,,CO2e_CUT,1,2024,,,,,,67.9971
EmissionActivityRatio,NDC,ECU,SUPCAMCEJGRA,,CO2e_CUT,1,2025,,,,,,67.9971
EmissionActivityRatio,NDC,ECU,SUPCAMCEJGRA,,CO2e_CUT,1,2026,,,,,,67.9971
EmissionActivityRatio,NDC,ECU,SUPCAMCEJGRA,,CO2e_CUT,1,2027,,,,,,67.9971
EmissionActivityRatio,NDC,ECU,SUPCAMCEJGRA,,CO2e_CUT,1,2028,,,,,,67.9971
EmissionActivityRatio,NDC,ECU,SUPCAMCEJGRA,,CO2e_CUT,1,2029,,,,,,67.9971
EmissionActivityRatio,NDC,ECU,SUPCAMCEJGRA,,CO2e_CUT,1,2030,,,,,,67.9971
EmissionActivityRatio,NDC,ECU,SUPCAMCEJGRA,,CO2e_CUT,1,2031,,,,,,67.9971
EmissionActivityRatio,NDC,ECU,SUPCAMCEJGRA,,CO2e_CUT,1,2032,,,,,,67.9971
EmissionActivityRatio,NDC,ECU,SUPCAMCEJGRA,,CO2e_CUT,1,2033,,,,,,67.9971
EmissionActivityRatio,NDC,ECU,SUPCAMCEJGRA,,CO2e_CUT,1,2034,,,,,,67.9971
EmissionActivityRatio,NDC,ECU,SUPCAMCEJGRA,,CO2e_CUT,1,2035,,,,,,67.9971
EmissionActivityRatio,NDC,ECU,SUPCAMAMAGRA,,CO2e_CUT,1,2010,,,,,,0.0
EmissionActivityRatio,NDC,ECU,SUPCAMAMAGRA,,CO2e_CUT,1,2011,,,,,,0.0
EmissionActivityRatio,NDC,ECU,SUPCAMAMAGRA,,CO2e_CUT,1,2012,,,,,,0.0
EmissionActivityRatio,NDC,ECU,SUPCAMAMAGRA,,CO2e_CUT,1,2013,,,,,,0.0
EmissionActivityRatio,NDC,ECU,SUPCAMAMAGRA,,CO2e_CUT,1,2014,,,,,,0.0
EmissionActivityRatio,NDC,ECU,SUPCAMAMAGRA,,CO2e_CUT,1,2015,,,,,,0.0
EmissionActivityRatio,NDC,ECU,SUPCAMAMAGRA,,CO2e_CUT,1,2016,,,,,,0.0
EmissionActivityRatio,NDC,ECU,SUPCAMAMAGRA,,CO2e_CUT,1,2017,,,,,,6448.5864
EmissionActivityRatio,NDC,ECU,SUPCAMAMAGRA,,CO2e_CUT,1,2018,,,,,,6484.4657
EmissionActivityRatio,NDC,ECU,SUPCAMAMAGRA,,CO2e_CUT,1,2019,,,,,,2043.1477
EmissionActivityRatio,NDC,ECU,SUPCAMAMAGRA,,CO2e_CUT,1,2020,,,,,,2043.1477
EmissionActivityRatio,NDC,ECU,SUPCAMAMAGRA,,CO2e_CUT,1,2021,,,,,,4680.0274
EmissionActivityRatio,NDC,ECU,SUPCAMAMAGRA,,CO2e_CUT,1,2022,,,,,,4680.0274
EmissionActivityRatio,NDC,ECU,SUPCAMAMAGRA,,CO2e_CUT,1,2023,,,,,,2029.1848
EmissionActivityRatio,NDC,ECU,SUPCAMAMAGRA,,CO2e_CUT,1,2024,,,,,,2029.1848
EmissionActivityRatio,NDC,ECU,SUPCAMAMAGRA,,CO2e_CUT,1,2025,,,,,,2029.1848
EmissionActivityRatio,NDC,ECU,SUPCAMAMAGRA,,CO2e_CUT,1,2026,,,,,,2029.1848
EmissionActivityRatio,NDC,ECU,SUPCAMAMAGRA,,CO2e_CUT,1,2027,,,,,,2029.1848
EmissionActivityRatio,NDC,ECU,SUPCAMAMAGRA,,CO2e_CUT,1,2028,,,,,,2029.1848
EmissionActivityRatio,NDC,ECU,SUPCAMAMAGRA,,CO2e_CUT,1,2029,,,,,,2029.1848
EmissionActivityRatio,NDC,ECU,SUPCAMAMAGRA,,CO2e_CUT,1,2030,,,,,,2029.1848
EmissionActivityRatio,NDC,ECU,SUPCAMAMAGRA,,CO2e_CUT,1,2031,,,,,,2029.1848
EmissionActivityRatio,NDC,ECU,SUPCAMAMAGRA,,CO2e_CUT,1,2032,,,,,,2029.1848
EmissionActivityRatio,NDC,ECU,SUPCAMAMAGRA,,CO2e_CUT,1,2033,,,,,,2029.1848
EmissionActivityRatio,NDC,ECU,SUPCAMAMAGRA,,CO2e_CUT,1,2034,,,,,,2029.1848
EmissionActivityRatio,NDC,ECU,SUPCAMAMAGRA,,CO2e_CUT,1,2035,,,,,,2029.1848
EmissionActivityRatio,NDC,ECU,SUPCAMCHOGRA,,CO2e_CUT,1,2010,,,,,,0.0
EmissionActivityRatio,NDC,ECU,SUPCAMCHOGRA,,CO2e_CUT,1,2011,,,,,,0.0
EmissionActivityRatio,NDC,ECU,SUPCAMCHOGRA,,CO2e_CUT,1,2012,,,,,,0.0
EmissionActivityRatio,NDC,ECU,SUPCAMCHOGRA,,CO2e_CUT,1,2013,,,,,,0.0
EmissionActivityRatio,NDC,ECU,SUPCAMCHOGRA,,CO2e_CUT,1,2014,,,,,,0.0
EmissionActivityRatio,NDC,ECU,SUPCAMCHOGRA,,CO2e_CUT,1,2015,,,,,,0.0
EmissionActivityRatio,NDC,ECU,SUPCAMCHOGRA,,CO2e_CUT,1,2016,,,,,,0.0
EmissionActivityRatio,NDC,ECU,SUPCAMCHOGRA,,CO2e_CUT,1,2017,,,,,,178.6672
EmissionActivityRatio,NDC,ECU,SUPCAMCHOGRA,,CO2e_CUT,1,2018,,,,,,175.3258
EmissionActivityRatio,NDC,ECU,SUPCAMCHOGRA,,CO2e_CUT,1,2019,,,,,,104.4552
EmissionActivityRatio,NDC,ECU,SUPCAMCHOGRA,,CO2e_CUT,1,2020,,,,,,104.4552
EmissionActivityRatio,NDC,ECU,SUPCAMCHOGRA,,CO2e_CUT,1,2021,,,,,,203.0026
EmissionActivityRatio,NDC,ECU,SUPCAMCHOGRA,,CO2e_CUT,1,2022,,,,,,203.0026
EmissionActivityRatio,NDC,ECU,SUPCAMCHOGRA,,CO2e_CUT,1,2023,,,,,,74.5314
EmissionActivityRatio,NDC,ECU,SUPCAMCHOGRA,,CO2e_CUT,1,2024,,,,,,74.5314
EmissionActivityRatio,NDC,ECU,SUPCAMCHOGRA,,CO2e_CUT,1,2025,,,,,,74.5314
EmissionActivityRatio,NDC,ECU,SUPCAMCHOGRA,,CO2e_CUT,1,2026,,,,,,74.5314
EmissionActivityRatio,NDC,ECU,SUPCAMCHOGRA,,CO2e_CUT,1,2027,,,,,,74.5314
EmissionActivityRatio,NDC,ECU,SUPCAMCHOGRA,,CO2e_CUT,1,2028,,,,,,74.5314
EmissionActivityRatio,NDC,ECU,SUPCAMCHOGRA,,CO2e_CUT,1,2029,,,,,,74.5314
EmissionActivityRatio,NDC,ECU,SUPCAMCHOGRA,,CO2e_CUT,1,2030,,,,,,74.5314
EmissionActivityRatio,NDC,ECU,SUPCAMCHOGRA,,CO2e_CUT,1,2031,,,,,,74.5314
EmissionActivityRatio,NDC,ECU,SUPCAMCHOGRA,,CO2e_CUT,1,2032,,,,,,74.5314
EmissionActivityRatio,NDC,ECU,SUPCAMCHOGRA,,CO2e_CUT,1,2033,,,,,,74.5314
EmissionActivityRatio,NDC,ECU,SUPCAMCHOGRA,,CO2e_CUT,1,2034,,,,,,74.5314
EmissionActivityRatio,NDC,ECU,SUPCAMCHOGRA,,CO2e_CUT,1,2035,,,,,,74.5314
EmissionActivityRatio,NDC,ECU,SUPCAMMANGRA,,CO2e_CUT,1,2010,,,,,,0.0
EmissionActivityRatio,NDC,ECU,SUPCAMMANGRA,,CO2e_CUT,1,2011,,,,,,0.0
EmissionActivityRatio,NDC,ECU,SUPCAMMANGRA,,CO2e_CUT,1,2012,,,,,,0.0
EmissionActivityRatio,NDC,ECU,SUPCAMMANGRA,,CO2e_CUT,1,2013,,,,,,0.0
EmissionActivityRatio,NDC,ECU,SUPCAMMANGRA,,CO2e_CUT,1,2014,,,,,,0.0
EmissionActivityRatio,NDC,ECU,SUPCAMMANGRA,,CO2e_CUT,1,2015,,,,,,0.0
EmissionActivityRatio,NDC,ECU,SUPCAMMANGRA,,CO2e_CUT,1,2016,,,,,,0.0
EmissionActivityRatio,NDC,ECU,SUPCAMMANGRA,,CO2e_CUT,1,2017,,,,,,347.5728
EmissionActivityRatio,NDC,ECU,SUPCAMMANGRA,,CO2e_CUT,1,2018,,,,,,340.445
EmissionActivityRatio,NDC,ECU,SUPCAMMANGRA,,CO2e_CUT,1,2019,,,,,,154.2825
EmissionActivityRatio,NDC,ECU,SUPCAMMANGRA,,CO2e_CUT,1,2020,,,,,,154.2825
EmissionActivityRatio,NDC,ECU,SUPCAMMANGRA,,CO2e_CUT,1,2021,,,,,,21.9966
EmissionActivityRatio,NDC,ECU,SUPCAMMANGRA,,CO2e_CUT,1,2022,,,,,,21.9966
EmissionActivityRatio,NDC,ECU,SUPCAMMANGRA,,CO2e_CUT,1,2023,,,,,,80.0443
EmissionActivityRatio,NDC,ECU,SUPCAMMANGRA,,CO2e_CUT,1,2024,,,,,,80.0443
EmissionActivityRatio,NDC,ECU,SUPCAMMANGRA,,CO2e_CUT,1,2025,,,,,,80.0443
EmissionActivityRatio,NDC,ECU,SUPCAMMANGRA,,CO2e_CUT,1,2026,,,,,,80.0443
EmissionActivityRatio,NDC,ECU,SUPCAMMANGRA,,CO2e_CUT,1,2027,,,,,,80.0443
EmissionActivityRatio,NDC,ECU,SUPCAMMANGRA,,CO2e_CUT,1,2028,,,,,,80.0443
EmissionActivityRatio,NDC,ECU,SUPCAMMANGRA,,CO2e_CUT,1,2029,,,,,,80.0443
EmissionActivityRatio,NDC,ECU,SUPCAMMANGRA,,CO2e_CUT,1,2030,,,,,,80.0443
EmissionActivityRatio,NDC,ECU,SUPCAMMANGRA,,CO2e_CUT,1,2031,,,,,,80.0443
EmissionActivityRatio,NDC,ECU,SUPCAMMANGRA,,CO2e_CUT,1,2032,,,,,,80.0443
EmissionActivityRatio,NDC,ECU,SUPCAMMANGRA,,CO2e_CUT,1,2033,,,,,,80.0443
EmissionActivityRatio,NDC,ECU,SUPCAMMANGRA,,CO2e_CUT,1,2034,,,,,,80.0443
EmissionActivityRatio,NDC,ECU,SUPCAMMANGRA,,CO2e_CUT,1,2035,,,,,,80.0443
EmissionActivityRatio,NDC,ECU,SUPCAMMORGRA,,CO2e_CUT,1,2010,,,,,,0.0
EmissionActivityRatio,NDC,ECU,SUPCAMMORGRA,,CO2e_CUT,1,2011,,,,,,0.0
EmissionActivityRatio,NDC,ECU,SUPCAMMORGRA,,CO2e_CUT,1,2012,,,,,,0.0
EmissionActivityRatio,NDC,ECU,SUPCAMMORGRA,,CO2e_CUT,1,2013,,,,,,0.0
EmissionActivityRatio,NDC,ECU,SUPCAMMORGRA,,CO2e_CUT,1,2014,,,,,,0.0
EmissionActivityRatio,NDC,ECU,SUPCAMMORGRA,,CO2e_CUT,1,2015,,,,,,0.0
EmissionActivityRatio,NDC,ECU,SUPCAMMORGRA,,CO2e_CUT,1,2016,,,,,,0.0
EmissionActivityRatio,NDC,ECU,SUPCAMMORGRA,,CO2e_CUT,1,2017,,,,,,15060.534
EmissionActivityRatio,NDC,ECU,SUPCAMMORGRA,,CO2e_CUT,1,2018,,,,,,14923.6499
EmissionActivityRatio,NDC,ECU,SUPCAMMORGRA,,CO2e_CUT,1,2019,,,,,,2958.5148
EmissionActivityRatio,NDC,ECU,SUPCAMMORGRA,,CO2e_CUT,1,2020,,,,,,2958.5148
EmissionActivityRatio,NDC,ECU,SUPCAMMORGRA,,CO2e_CUT,1,2021,,,,,,23924.355
EmissionActivityRatio,NDC,ECU,SUPCAMMORGRA,,CO2e_CUT,1,2022,,,,,,23924.355
EmissionActivityRatio,NDC,ECU,SUPCAMMORGRA,,CO2e_CUT,1,2023,,,,,,6442.3018
EmissionActivityRatio,NDC,ECU,SUPCAMMORGRA,,CO2e_CUT,1,2024,,,,,,6442.3018
EmissionActivityRatio,NDC,ECU,SUPCAMMORGRA,,CO2e_CUT,1,2025,,,,,,6442.3018
EmissionActivityRatio,NDC,ECU,SUPCAMMORGRA,,CO2e_CUT,1,2026,,,,,,6442.3018
EmissionActivityRatio,NDC,ECU,SUPCAMMORGRA,,CO2e_CUT,1,2027,,,,,,6442.3018
EmissionActivityRatio,NDC,ECU,SUPCAMMORGRA,,CO2e_CUT,1,2028,,,,,,6442.3018
EmissionActivityRatio,NDC,ECU,SUPCAMMORGRA,,CO2e_CUT,1,2029,,,,,,6442.3018
EmissionActivityRatio,NDC,ECU,SUPCAMMORGRA,,CO2e_CUT,1,2030,,,,,,6442.3018
EmissionActivityRatio,NDC,ECU,SUPCAMMORGRA,,CO2e_CUT,1,2031,,,,,,6442.3018
EmissionActivityRatio,NDC,ECU,SUPCAMMORGRA,,CO2e_CUT,1,2032,,,,,,6442.3018
EmissionActivityRatio,NDC,ECU,SUPCAMMORGRA,,CO2e_CUT,1,2033,,,,,,6442.3018
EmissionActivityRatio,NDC,ECU,SUPCAMMORGRA,,CO2e_CUT,1,2034,,,,,,6442.3018
EmissionActivityRatio,NDC,ECU,SUPCAMMORGRA,,CO2e_CUT,1,2035,,,,,,6442.3018
EmissionActivityRatio,NDC,ECU,SUPCAMPFOGRA,,CO2e_CUT,1,2010,,,,,,0.0
EmissionActivityRatio,NDC,ECU,SUPCAMPFOGRA,,CO2e_CUT,1,2011,,,,,,0.0
EmissionActivityRatio,NDC,ECU,SUPCAMPFOGRA,,CO2e_CUT,1,2012,,,,,,0.0
EmissionActivityRatio,NDC,ECU,SUPCAMPFOGRA,,CO2e_CUT,1,2013,,,,,,0.0
EmissionActivityRatio,NDC,ECU,SUPCAMPFOGRA,,CO2e_CUT,1,2014,,,,,,0.0
EmissionActivityRatio,NDC,ECU,SUPCAMPFOGRA,,CO2e_CUT,1,2015,,,,,,0.0
EmissionActivityRatio,NDC,ECU,SUPCAMPFOGRA,,CO2e_CUT,1,2016,,,,,,0.0
EmissionActivityRatio,NDC,ECU,SUPCAMPFOGRA,,CO2e_CUT,1,2017,,,,,,2.0168
EmissionActivityRatio,NDC,ECU,SUPCAMPFOGRA,,CO2e_CUT,1,2018,,,,,,1.936
EmissionActivityRatio,NDC,ECU,SUPCAMPFOGRA,,CO2e_CUT,1,2019,,,,,,87.5486
EmissionActivityRatio,NDC,ECU,SUPCAMPFOGRA,,CO2e_CUT,1,2020,,,,,,87.5486
EmissionActivityRatio,NDC,ECU,SUPCAMPFOGRA,,CO2e_CUT,1,2021,,,,,,8.4316
EmissionActivityRatio,NDC,ECU,SUPCAMPFOGRA,,CO2e_CUT,1,2022,,,,,,8.4316
EmissionActivityRatio,NDC,ECU,SUPCAMPFOGRA,,CO2e_CUT,1,2023,,,,,,15.0703
EmissionActivityRatio,NDC,ECU,SUPCAMPFOGRA,,CO2e_CUT,1,2024,,,,,,15.0703
EmissionActivityRatio,NDC,ECU,SUPCAMPFOGRA,,CO2e_CUT,1,2025,,,,,,15.0703
EmissionActivityRatio,NDC,ECU,SUPCAMPFOGRA,,CO2e_CUT,1,2026,,,,,,15.0703
EmissionActivityRatio,NDC,ECU,SUPCAMPFOGRA,,CO2e_CUT,1,2027,,,,,,15.0703
EmissionActivityRatio,NDC,ECU,SUPCAMPFOGRA,,CO2e_CUT,1,2028,,,,,,15.0703
EmissionActivityRatio,NDC,ECU,SUPCAMPFOGRA,,CO2e_CUT,1,2029,,,,,,15.0703
EmissionActivityRatio,NDC,ECU,SUPCAMPFOGRA,,CO2e_CUT,1,2030,,,,,,15.0703
EmissionActivityRatio,NDC,ECU,SUPCAMPFOGRA,,CO2e_CUT,1,2031,,,,,,15.0703
EmissionActivityRatio,NDC,ECU,SUPCAMPFOGRA,,CO2e_CUT,1,2032,,,,,,15.0703
EmissionActivityRatio,NDC,ECU,SUPCAMPFOGRA,,CO2e_CUT,1,2033,,,,,,15.0703
EmissionActivityRatio,NDC,ECU,SUPCAMPFOGRA,,CO2e_CUT,1,2034,,,,,,15.0703
EmissionActivityRatio,NDC,ECU,SUPCAMPFOGRA,,CO2e_CUT,1,2035,,,,,,15.0703
EmissionActivityRatio,NDC,ECU,SUPCAMCROGRA,,CO2e_CUT,1,2010,,,,,,105.1233
EmissionActivityRatio,NDC,ECU,SUPCAMCROGRA,,CO2e_CUT,1,2011,,,,,,105.1233
EmissionActivityRatio,NDC,ECU,SUPCAMCROGRA,,CO2e_CUT,1,2012,,,,,,105.1233
EmissionActivityRatio,NDC,ECU,SUPCAMCROGRA,,CO2e_CUT,1,2013,,,,,,105.1233
EmissionActivityRatio,NDC,ECU,SUPCAMCROGRA,,CO2e_CUT,1,2014,,,,,,105.1233
EmissionActivityRatio,NDC,ECU,SUPCAMCROGRA,,CO2e_CUT,1,2015,,,,,,105.1233
EmissionActivityRatio,NDC,ECU,SUPCAMCROGRA,,CO2e_CUT,1,2016,,,,,,105.1233
EmissionActivityRatio,NDC,ECU,SUPCAMCROGRA,,CO2e_CUT,1,2017,,,,,,105.1233
EmissionActivityRatio,NDC,ECU,SUPCAMCROGRA,,CO2e_CUT,1,2018,,,,,,105.1233
EmissionActivityRatio,NDC,ECU,SUPCAMCROGRA,,CO2e_CUT,1,2019,,,,,,107.2336
EmissionActivityRatio,NDC,ECU,SUPCAMCROGRA,,CO2e_CUT,1,2020,,,,,,107.2336
EmissionActivityRatio,NDC,ECU,SUPCAMCROGRA,,CO2e_CUT,1,2021,,,,,,105.1345
EmissionActivityRatio,NDC,ECU,SUPCAMCROGRA,,CO2e_CUT,1,2022,,,,,,105.1345
EmissionActivityRatio,NDC,ECU,SUPCAMCROGRA,,CO2e_CUT,1,2023,,,,,,105.4497
EmissionActivityRatio,NDC,ECU,SUPCAMCROGRA,,CO2e_CUT,1,2024,,,,,,105.4497
EmissionActivityRatio,NDC,ECU,SUPCAMCROGRA,,CO2e_CUT,1,2025,,,,,,105.4497
EmissionActivityRatio,NDC,ECU,SUPCAMCROGRA,,CO2e_CUT,1,2026,,,,,,105.4497
EmissionActivityRatio,NDC,ECU,SUPCAMCROGRA,,CO2e_CUT,1,2027,,,,,,105.4497
EmissionActivityRatio,NDC,ECU,SUPCAMCROGRA,,CO2e_CUT,1,2028,,,,,,105.4497
EmissionActivityRatio,NDC,ECU,SUPCAMCROGRA,,CO2e_CUT,1,2029,,,,,,105.4497
EmissionActivityRatio,NDC,ECU,SUPCAMCROGRA,,CO2e_CUT,1,2030,,,,,,105.4497
EmissionActivityRatio,NDC,ECU,SUPCAMCROGRA,,CO2e_CUT,1,2031,,,,,,105.4497
EmissionActivityRatio,NDC,ECU,SUPCAMCROGRA,,CO2e_CUT,1,2032,,,,,,105.4497
EmissionActivityRatio,NDC,ECU,SUPCAMCROGRA,,CO2e_CUT,1,2033,,,,,,105.4497
EmissionActivityRatio,NDC,ECU,SUPCAMCROGRA,,CO2e_CUT,1,2034,,,,,,105.4497
EmissionActivityRatio,NDC,ECU,SUPCAMCROGRA,,CO2e_CUT,1,2035,,,,,,105.4497
EmissionActivityRatio,NDC,ECU,SUPCAMHUMGRA,,CO2e_CUT,1,2010,,,,,,-6.84
EmissionActivityRatio,NDC,ECU,SUPCAMHUMGRA,,CO2e_CUT,1,2011,,,,,,-6.84
EmissionActivityRatio,NDC,ECU,SUPCAMHUMGRA,,CO2e_CUT,1,2012,,,,,,-6.84
EmissionActivityRatio,NDC,ECU,SUPCAMHUMGRA,,CO2e_CUT,1,2013,,,,,,-6.84
EmissionActivityRatio,NDC,ECU,SUPCAMHUMGRA,,CO2e_CUT,1,2014,,,,,,-6.84
EmissionActivityRatio,NDC,ECU,SUPCAMHUMGRA,,CO2e_CUT,1,2015,,,,,,-5.8538
EmissionActivityRatio,NDC,ECU,SUPCAMHUMGRA,,CO2e_CUT,1,2016,,,,,,-5.8493
EmissionActivityRatio,NDC,ECU,SUPCAMHUMGRA,,CO2e_CUT,1,2017,,,,,,-5.9453
EmissionActivityRatio,NDC,ECU,SUPCAMHUMGRA,,CO2e_CUT,1,2018,,,,,,-6.3172
EmissionActivityRatio,NDC,ECU,SUPCAMHUMGRA,,CO2e_CUT,1,2019,,,,,,-4.8006
EmissionActivityRatio,NDC,ECU,SUPCAMHUMGRA,,CO2e_CUT,1,2020,,,,,,-4.8006
EmissionActivityRatio,NDC,ECU,SUPCAMHUMGRA,,CO2e_CUT,1,2021,,,,,,-6.8924
EmissionActivityRatio,NDC,ECU,SUPCAMHUMGRA,,CO2e_CUT,1,2022,,,,,,-6.8924
EmissionActivityRatio,NDC,ECU,SUPCAMHUMGRA,,CO2e_CUT,1,2023,,,,,,-6.2732
EmissionActivityRatio,NDC,ECU,SUPCAMHUMGRA,,CO2e_CUT,1,2024,,,,,,-6.2732
EmissionActivityRatio,NDC,ECU,SUPCAMHUMGRA,,CO2e_CUT,1,2025,,,,,,-6.2732
EmissionActivityRatio,NDC,ECU,SUPCAMHUMGRA,,CO2e_CUT,1,2026,,,,,,-6.2732
EmissionActivityRatio,NDC,ECU,SUPCAMHUMGRA,,CO2e_CUT,1,2027,,,,,,-6.2732
EmissionActivityRatio,NDC,ECU,SUPCAMHUMGRA,,CO2e_CUT,1,2028,,,,,,-6.2732
EmissionActivityRatio,NDC,ECU,SUPCAMHUMGRA,,CO2e_CUT,1,2029,,,,,,-6.2732
EmissionActivityRatio,NDC,ECU,SUPCAMHUMGRA,,CO2e_CUT,1,2030,,,,,,-6.2732
EmissionActivityRatio,NDC,ECU,SUPCAMHUMGRA,,CO2e_CUT,1,2031,,,,,,-6.2732
EmissionActivityRatio,NDC,ECU,SUPCAMHUMGRA,,CO2e_CUT,1,2032,,,,,,-6.2732
EmissionActivityRatio,NDC,ECU,SUPCAMHUMGRA,,CO2e_CUT,1,2033,,,,,,-6.2732
EmissionActivityRatio,NDC,ECU,SUPCAMHUMGRA,,CO2e_CUT,1,2034,,,,,,-6.2732
EmissionActivityRatio,NDC,ECU,SUPCAMHUMGRA,,CO2e_CUT,1,2035,,,,,,-6.2732
EmissionActivityRatio,NDC,ECU,SUPCAMOTIGRA,,CO2e_CUT,1,2010,,,,,,-6.8933
EmissionActivityRatio,NDC,ECU,SUPCAMOTIGRA,,CO2e_CUT,1,2011,,,,,,-6.8933
EmissionActivityRatio,NDC,ECU,SUPCAMOTIGRA,,CO2e_CUT,1,2012,,,,,,-6.8933
EmissionActivityRatio,NDC,ECU,SUPCAMOTIGRA,,CO2e_CUT,1,2013,,,,,,-6.8933
EmissionActivityRatio,NDC,ECU,SUPCAMOTIGRA,,CO2e_CUT,1,2014,,,,,,-6.8933
EmissionActivityRatio,NDC,ECU,SUPCAMOTIGRA,,CO2e_CUT,1,2015,,,,,,-6.8933
EmissionActivityRatio,NDC,ECU,SUPCAMOTIGRA,,CO2e_CUT,1,2016,,,,,,-6.8933
EmissionActivityRatio,NDC,ECU,SUPCAMOTIGRA,,CO2e_CUT,1,2017,,,,,,-6.8933
EmissionActivityRatio,NDC,ECU,SUPCAMOTIGRA,,CO2e_CUT,1,2018,,,,,,-6.8933
EmissionActivityRatio,NDC,ECU,SUPCAMOTIGRA,,CO2e_CUT,1,2019,,,,,,-6.5884
EmissionActivityRatio,NDC,ECU,SUPCAMOTIGRA,,CO2e_CUT,1,2020,,,,,,-6.5884
EmissionActivityRatio,NDC,ECU,SUPCAMOTIGRA,,CO2e_CUT,1,2021,,,,,,-6.1323
EmissionActivityRatio,NDC,ECU,SUPCAMOTIGRA,,CO2e_CUT,1,2022,,,,,,-6.1323
EmissionActivityRatio,NDC,ECU,SUPCAMOTIGRA,,CO2e_CUT,1,2023,,,,,,-6.7293
EmissionActivityRatio,NDC,ECU,SUPCAMOTIGRA,,CO2e_CUT,1,2024,,,,,,-6.7293
EmissionActivityRatio,NDC,ECU,SUPCAMOTIGRA,,CO2e_CUT,1,2025,,,,,,-6.7293
EmissionActivityRatio,NDC,ECU,SUPCAMOTIGRA,,CO2e_CUT,1,2026,,,,,,-6.7293
EmissionActivityRatio,NDC,ECU,SUPCAMOTIGRA,,CO2e_CUT,1,2027,,,,,,-6.7293
EmissionActivityRatio,NDC,ECU,SUPCAMOTIGRA,,CO2e_CUT,1,2028,,,,,,-6.7293
EmissionActivityRatio,NDC,ECU,SUPCAMOTIGRA,,CO2e_CUT,1,2029,,,,,,-6.7293
EmissionActivityRatio,NDC,ECU,SUPCAMOTIGRA,,CO2e_CUT,1,2030,,,,,,-6.7293
EmissionActivityRatio,NDC,ECU,SUPCAMOTIGRA,,CO2e_CUT,1,2031,,,,,,-6.7293
EmissionActivityRatio,NDC,ECU,SUPCAMOTIGRA,,CO2e_CUT,1,2032,,,,,,-6.7293
EmissionActivityRatio,NDC,ECU,SUPCAMOTIGRA,,CO2e_CUT,1,2033,,,,,,-6.7293
EmissionActivityRatio,NDC,ECU,SUPCAMOTIGRA,,CO2e_CUT,1,2034,,,,,,-6.7293
EmissionActivityRatio,NDC,ECU,SUPCAMOTIGRA,,CO2e_CUT,1,2035,,,,,,-6.7293
EmissionActivityRatio,NDC,ECU,SUPCAMANDHUM,,CO2e_CUT,1,2010,,,,,,0.0
EmissionActivityRatio,NDC,ECU,SUPCAMANDHUM,,CO2e_CUT,1,2011,,,,,,0.0
EmissionActivityRatio,NDC,ECU,SUPCAMANDHUM,,CO2e_CUT,1,2012,,,,,,0.0
EmissionActivityRatio,NDC,ECU,SUPCAMANDHUM,,CO2e_CUT,1,2013,,,,,,0.0
EmissionActivityRatio,NDC,ECU,SUPCAMANDHUM,,CO2e_CUT,1,2014,,,,,,0.0
EmissionActivityRatio,NDC,ECU,SUPCAMANDHUM,,CO2e_CUT,1,2015,,,,,,0.0
EmissionActivityRatio,NDC,ECU,SUPCAMANDHUM,,CO2e_CUT,1,2016,,,,,,0.0
EmissionActivityRatio,NDC,ECU,SUPCAMANDHUM,,CO2e_CUT,1,2017,,,,,,0.0
EmissionActivityRatio,NDC,ECU,SUPCAMANDHUM,,CO2e_CUT,1,2018,,,,,,0.0
EmissionActivityRatio,NDC,ECU,SUPCAMANDHUM,,CO2e_CUT,1,2019,,,,,,0.0
EmissionActivityRatio,NDC,ECU,SUPCAMANDHUM,,CO2e_CUT,1,2020,,,,,,0.0
EmissionActivityRatio,NDC,ECU,SUPCAMANDHUM,,CO2e_CUT,1,2021,,,,,,0.5677
EmissionActivityRatio,NDC,ECU,SUPCAMANDHUM,,CO2e_CUT,1,2022,,,,,,0.5677
EmissionActivityRatio,NDC,ECU,SUPCAMANDHUM,,CO2e_CUT,1,2023,,,,,,0.0873
EmissionActivityRatio,NDC,ECU,SUPCAMANDHUM,,CO2e_CUT,1,2024,,,,,,0.0873
EmissionActivityRatio,NDC,ECU,SUPCAMANDHUM,,CO2e_CUT,1,2025,,,,,,0.0873
EmissionActivityRatio,NDC,ECU,SUPCAMANDHUM,,CO2e_CUT,1,2026,,,,,,0.0873
EmissionActivityRatio,NDC,ECU,SUPCAMANDHUM,,CO2e_CUT,1,2027,,,,,,0.0873
EmissionActivityRatio,NDC,ECU,SUPCAMANDHUM,,CO2e_CUT,1,2028,,,,,,0.0873
EmissionActivityRatio,NDC,ECU,SUPCAMANDHUM,,CO2e_CUT,1,2029,,,,,,0.0873
EmissionActivityRatio,NDC,ECU,SUPCAMANDHUM,,CO2e_CUT,1,2030,,,,,,0.0873
EmissionActivityRatio,NDC,ECU,SUPCAMANDHUM,,CO2e_CUT,1,2031,,,,,,0.0873
EmissionActivityRatio,NDC,ECU,SUPCAMANDHUM,,CO2e_CUT,1,2032,,,,,,0.0873
EmissionActivityRatio,NDC,ECU,SUPCAMANDHUM,,CO2e_CUT,1,2033,,,,,,0.0873
EmissionActivityRatio,NDC,ECU,SUPCAMANDHUM,,CO2e_CUT,1,2034,,,,,,0.0873
EmissionActivityRatio,NDC,ECU,SUPCAMANDHUM,,CO2e_CUT,1,2035,,,,,,0.0873
EmissionActivityRatio,NDC,ECU,SUPCAMPLUHUM,,CO2e_CUT,1,2010,,,,,,0.0
EmissionActivityRatio,NDC,ECU,SUPCAMPLUHUM,,CO2e_CUT,1,2011,,,,,,0.0
EmissionActivityRatio,NDC,ECU,SUPCAMPLUHUM,,CO2e_CUT,1,2012,,,,,,0.0
EmissionActivityRatio,NDC,ECU,SUPCAMPLUHUM,,CO2e_CUT,1,2013,,,,,,0.0
EmissionActivityRatio,NDC,ECU,SUPCAMPLUHUM,,CO2e_CUT,1,2014,,,,,,0.0
EmissionActivityRatio,NDC,ECU,SUPCAMPLUHUM,,CO2e_CUT,1,2015,,,,,,0.0
EmissionActivityRatio,NDC,ECU,SUPCAMPLUHUM,,CO2e_CUT,1,2016,,,,,,0.0
EmissionActivityRatio,NDC,ECU,SUPCAMPLUHUM,,CO2e_CUT,1,2017,,,,,,0.0
EmissionActivityRatio,NDC,ECU,SUPCAMPLUHUM,,CO2e_CUT,1,2018,,,,,,0.0
EmissionActivityRatio,NDC,ECU,SUPCAMPLUHUM,,CO2e_CUT,1,2019,,,,,,0.0
EmissionActivityRatio,NDC,ECU,SUPCAMPLUHUM,,CO2e_CUT,1,2020,,,,,,0.0
EmissionActivityRatio,NDC,ECU,SUPCAMPLUHUM,,CO2e_CUT,1,2021,,,,,,2.6062
EmissionActivityRatio,NDC,ECU,SUPCAMPLUHUM,,CO2e_CUT,1,2022,,,,,,2.6062
EmissionActivityRatio,NDC,ECU,SUPCAMPLUHUM,,CO2e_CUT,1,2023,,,,,,0.401
EmissionActivityRatio,NDC,ECU,SUPCAMPLUHUM,,CO2e_CUT,1,2024,,,,,,0.401
EmissionActivityRatio,NDC,ECU,SUPCAMPLUHUM,,CO2e_CUT,1,2025,,,,,,0.401
EmissionActivityRatio,NDC,ECU,SUPCAMPLUHUM,,CO2e_CUT,1,2026,,,,,,0.401
EmissionActivityRatio,NDC,ECU,SUPCAMPLUHUM,,CO2e_CUT,1,2027,,,,,,0.401
EmissionActivityRatio,NDC,ECU,SUPCAMPLUHUM,,CO2e_CUT,1,2028,,,,,,0.401
EmissionActivityRatio,NDC,ECU,SUPCAMPLUHUM,,CO2e_CUT,1,2029,,,,,,0.401
EmissionActivityRatio,NDC,ECU,SUPCAMPLUHUM,,CO2e_CUT,1,2030,,,,,,0.401
EmissionActivityRatio,NDC,ECU,SUPCAMPLUHUM,,CO2e_CUT,1,2031,,,,,,0.401
EmissionActivityRatio,NDC,ECU,SUPCAMPLUHUM,,CO2e_CUT,1,2032,,,,,,0.401
EmissionActivityRatio,NDC,ECU,SUPCAMPLUHUM,,CO2e_CUT,1,2033,,,,,,0.401
EmissionActivityRatio,NDC,ECU,SUPCAMPLUHUM,,CO2e_CUT,1,2034,,,,,,0.401
EmissionActivityRatio,NDC,ECU,SUPCAMPLUHUM,,CO2e_CUT,1,2035,,,,,,0.401
EmissionActivityRatio,NDC,ECU,SUPCAMMONHUM,,CO2e_CUT,1,2010,,,,,,0.0
EmissionActivityRatio,NDC,ECU,SUPCAMMONHUM,,CO2e_CUT,1,2011,,,,,,0.0
EmissionActivityRatio,NDC,ECU,SUPCAMMONHUM,,CO2e_CUT,1,2012,,,,,,0.0
EmissionActivityRatio,NDC,ECU,SUPCAMMONHUM,,CO2e_CUT,1,2013,,,,,,0.0
EmissionActivityRatio,NDC,ECU,SUPCAMMONHUM,,CO2e_CUT,1,2014,,,,,,0.0
EmissionActivityRatio,NDC,ECU,SUPCAMMONHUM,,CO2e_CUT,1,2015,,,,,,0.0
EmissionActivityRatio,NDC,ECU,SUPCAMMONHUM,,CO2e_CUT,1,2016,,,,,,0.0
EmissionActivityRatio,NDC,ECU,SUPCAMMONHUM,,CO2e_CUT,1,2017,,,,,,0.0
EmissionActivityRatio,NDC,ECU,SUPCAMMONHUM,,CO2e_CUT,1,2018,,,,,,0.0
EmissionActivityRatio,NDC,ECU,SUPCAMMONHUM,,CO2e_CUT,1,2019,,,,,,0.0
EmissionActivityRatio,NDC,ECU,SUPCAMMONHUM,,CO2e_CUT,1,2020,,,,,,0.0
EmissionActivityRatio,NDC,ECU,SUPCAMMONHUM,,CO2e_CUT,1,2021,,,,,,1.0394
EmissionActivityRatio,NDC,ECU,SUPCAMMONHUM,,CO2e_CUT,1,2022,,,,,,1.0394
EmissionActivityRatio,NDC,ECU,SUPCAMMONHUM,,CO2e_CUT,1,2023,,,,,,0.1599
EmissionActivityRatio,NDC,ECU,SUPCAMMONHUM,,CO2e_CUT,1,2024,,,,,,0.1599
EmissionActivityRatio,NDC,ECU,SUPCAMMONHUM,,CO2e_CUT,1,2025,,,,,,0.1599
EmissionActivityRatio,NDC,ECU,SUPCAMMONHUM,,CO2e_CUT,1,2026,,,,,,0.1599
EmissionActivityRatio,NDC,ECU,SUPCAMMONHUM,,CO2e_CUT,1,2027,,,,,,0.1599
EmissionActivityRatio,NDC,ECU,SUPCAMMONHUM,,CO2e_CUT,1,2028,,,,,,0.1599
EmissionActivityRatio,NDC,ECU,SUPCAMMONHUM,,CO2e_CUT,1,2029,,,,,,0.1599
EmissionActivityRatio,NDC,ECU,SUPCAMMONHUM,,CO2e_CUT,1,2030,,,,,,0.1599
EmissionActivityRatio,NDC,ECU,SUPCAMMONHUM,,CO2e_CUT,1,2031,,,,,,0.1599
EmissionActivityRatio,NDC,ECU,SUPCAMMONHUM,,CO2e_CUT,1,2032,,,,,,0.1599
EmissionActivityRatio,NDC,ECU,SUPCAMMONHUM,,CO2e_CUT,1,2033,,,,,,0.1599
EmissionActivityRatio,NDC,ECU,SUPCAMMONHUM,,CO2e_CUT,1,2034,,,,,,0.1599
EmissionActivityRatio,NDC,ECU,SUPCAMMONHUM,,CO2e_CUT,1,2035,,,,,,0.1599
EmissionActivityRatio,NDC,ECU,SUPCAMPIEHUM,,CO2e_CUT,1,2010,,,,,,0.0
EmissionActivityRatio,NDC,ECU,SUPCAMPIEHUM,,CO2e_CUT,1,2011,,,,,,0.0
EmissionActivityRatio,NDC,ECU,SUPCAMPIEHUM,,CO2e_CUT,1,2012,,,,,,0.0
EmissionActivityRatio,NDC,ECU,SUPCAMPIEHUM,,CO2e_CUT,1,2013,,,,,,0.0
EmissionActivityRatio,NDC,ECU,SUPCAMPIEHUM,,CO2e_CUT,1,2014,,,,,,0.0
EmissionActivityRatio,NDC,ECU,SUPCAMPIEHUM,,CO2e_CUT,1,2015,,,,,,0.0
EmissionActivityRatio,NDC,ECU,SUPCAMPIEHUM,,CO2e_CUT,1,2016,,,,,,0.0
EmissionActivityRatio,NDC,ECU,SUPCAMPIEHUM,,CO2e_CUT,1,2017,,,,,,0.0
EmissionActivityRatio,NDC,ECU,SUPCAMPIEHUM,,CO2e_CUT,1,2018,,,,,,0.0
EmissionActivityRatio,NDC,ECU,SUPCAMPIEHUM,,CO2e_CUT,1,2019,,,,,,0.0
EmissionActivityRatio,NDC,ECU,SUPCAMPIEHUM,,CO2e_CUT,1,2020,,,,,,0.0
EmissionActivityRatio,NDC,ECU,SUPCAMPIEHUM,,CO2e_CUT,1,2021,,,,,,0.2061
EmissionActivityRatio,NDC,ECU,SUPCAMPIEHUM,,CO2e_CUT,1,2022,,,,,,0.2061
EmissionActivityRatio,NDC,ECU,SUPCAMPIEHUM,,CO2e_CUT,1,2023,,,,,,0.0317
EmissionActivityRatio,NDC,ECU,SUPCAMPIEHUM,,CO2e_CUT,1,2024,,,,,,0.0317
EmissionActivityRatio,NDC,ECU,SUPCAMPIEHUM,,CO2e_CUT,1,2025,,,,,,0.0317
EmissionActivityRatio,NDC,ECU,SUPCAMPIEHUM,,CO2e_CUT,1,2026,,,,,,0.0317
EmissionActivityRatio,NDC,ECU,SUPCAMPIEHUM,,CO2e_CUT,1,2027,,,,,,0.0317
EmissionActivityRatio,NDC,ECU,SUPCAMPIEHUM,,CO2e_CUT,1,2028,,,,,,0.0317
EmissionActivityRatio,NDC,ECU,SUPCAMPIEHUM,,CO2e_CUT,1,2029,,,,,,0.0317
EmissionActivityRatio,NDC,ECU,SUPCAMPIEHUM,,CO2e_CUT,1,2030,,,,,,0.0317
EmissionActivityRatio,NDC,ECU,SUPCAMPIEHUM,,CO2e_CUT,1,2031,,,,,,0.0317
EmissionActivityRatio,NDC,ECU,SUPCAMPIEHUM,,CO2e_CUT,1,2032,,,,,,0.0317
EmissionActivityRatio,NDC,ECU,SUPCAMPIEHUM,,CO2e_CUT,1,2033,,,,,,0.0317
EmissionActivityRatio,NDC,ECU,SUPCAMPIEHUM,,CO2e_CUT,1,2034,,,,,,0.0317
EmissionActivityRatio,NDC,ECU,SUPCAMPIEHUM,,CO2e_CUT,1,2035,,,,,,0.0317
EmissionActivityRatio,NDC,ECU,SUPCAMCEJHUM,,CO2e_CUT,1,2010,,,,,,0.0
EmissionActivityRatio,NDC,ECU,SUPCAMCEJHUM,,CO2e_CUT,1,2011,,,,,,0.0
EmissionActivityRatio,NDC,ECU,SUPCAMCEJHUM,,CO2e_CUT,1,2012,,,,,,0.0
EmissionActivityRatio,NDC,ECU,SUPCAMCEJHUM,,CO2e_CUT,1,2013,,,,,,0.0
EmissionActivityRatio,NDC,ECU,SUPCAMCEJHUM,,CO2e_CUT,1,2014,,,,,,0.0
EmissionActivityRatio,NDC,ECU,SUPCAMCEJHUM,,CO2e_CUT,1,2015,,,,,,0.0
EmissionActivityRatio,NDC,ECU,SUPCAMCEJHUM,,CO2e_CUT,1,2016,,,,,,0.0
EmissionActivityRatio,NDC,ECU,SUPCAMCEJHUM,,CO2e_CUT,1,2017,,,,,,0.0
EmissionActivityRatio,NDC,ECU,SUPCAMCEJHUM,,CO2e_CUT,1,2018,,,,,,0.0
EmissionActivityRatio,NDC,ECU,SUPCAMCEJHUM,,CO2e_CUT,1,2019,,,,,,0.0
EmissionActivityRatio,NDC,ECU,SUPCAMCEJHUM,,CO2e_CUT,1,2020,,,,,,0.0
EmissionActivityRatio,NDC,ECU,SUPCAMCEJHUM,,CO2e_CUT,1,2021,,,,,,5.5814
EmissionActivityRatio,NDC,ECU,SUPCAMCEJHUM,,CO2e_CUT,1,2022,,,,,,5.5814
EmissionActivityRatio,NDC,ECU,SUPCAMCEJHUM,,CO2e_CUT,1,2023,,,,,,0.8587
EmissionActivityRatio,NDC,ECU,SUPCAMCEJHUM,,CO2e_CUT,1,2024,,,,,,0.8587
EmissionActivityRatio,NDC,ECU,SUPCAMCEJHUM,,CO2e_CUT,1,2025,,,,,,0.8587
EmissionActivityRatio,NDC,ECU,SUPCAMCEJHUM,,CO2e_CUT,1,2026,,,,,,0.8587
EmissionActivityRatio,NDC,ECU,SUPCAMCEJHUM,,CO2e_CUT,1,2027,,,,,,0.8587
EmissionActivityRatio,NDC,ECU,SUPCAMCEJHUM,,CO2e_CUT,1,2028,,,,,,0.8587
EmissionActivityRatio,NDC,ECU,SUPCAMCEJHUM,,CO2e_CUT,1,2029,,,,,,0.8587
EmissionActivityRatio,NDC,ECU,SUPCAMCEJHUM,,CO2e_CUT,1,2030,,,,,,0.8587
EmissionActivityRatio,NDC,ECU,SUPCAMCEJHUM,,CO2e_CUT,1,2031,,,,,,0.8587
EmissionActivityRatio,NDC,ECU,SUPCAMCEJHUM,,CO2e_CUT,1,2032,,,,,,0.8587
EmissionActivityRatio,NDC,ECU,SUPCAMCEJHUM,,CO2e_CUT,1,2033,,,,,,0.8587
EmissionActivityRatio,NDC,ECU,SUPCAMCEJHUM,,CO2e_CUT,1,2034,,,,,,0.8587
EmissionActivityRatio,NDC,ECU,SUPCAMCEJHUM,,CO2e_CUT,1,2035,,,,,,0.8587
EmissionActivityRatio,NDC,ECU,SUPCAMAMAHUM,,CO2e_CUT,1,2010,,,,,,0.0
EmissionActivityRatio,NDC,ECU,SUPCAMAMAHUM,,CO2e_CUT,1,2011,,,,,,0.0
EmissionActivityRatio,NDC,ECU,SUPCAMAMAHUM,,CO2e_CUT,1,2012,,,,,,0.0
EmissionActivityRatio,NDC,ECU,SUPCAMAMAHUM,,CO2e_CUT,1,2013,,,,,,0.0
EmissionActivityRatio,NDC,ECU,SUPCAMAMAHUM,,CO2e_CUT,1,2014,,,,,,0.0
EmissionActivityRatio,NDC,ECU,SUPCAMAMAHUM,,CO2e_CUT,1,2015,,,,,,0.0
EmissionActivityRatio,NDC,ECU,SUPCAMAMAHUM,,CO2e_CUT,1,2016,,,,,,0.0
EmissionActivityRatio,NDC,ECU,SUPCAMAMAHUM,,CO2e_CUT,1,2017,,,,,,0.0
EmissionActivityRatio,NDC,ECU,SUPCAMAMAHUM,,CO2e_CUT,1,2018,,,,,,0.0
EmissionActivityRatio,NDC,ECU,SUPCAMAMAHUM,,CO2e_CUT,1,2019,,,,,,0.0
EmissionActivityRatio,NDC,ECU,SUPCAMAMAHUM,,CO2e_CUT,1,2020,,,,,,0.0
EmissionActivityRatio,NDC,ECU,SUPCAMAMAHUM,,CO2e_CUT,1,2021,,,,,,0.215
EmissionActivityRatio,NDC,ECU,SUPCAMAMAHUM,,CO2e_CUT,1,2022,,,,,,0.215
EmissionActivityRatio,NDC,ECU,SUPCAMAMAHUM,,CO2e_CUT,1,2023,,,,,,0.0331
EmissionActivityRatio,NDC,ECU,SUPCAMAMAHUM,,CO2e_CUT,1,2024,,,,,,0.0331
EmissionActivityRatio,NDC,ECU,SUPCAMAMAHUM,,CO2e_CUT,1,2025,,,,,,0.0331
EmissionActivityRatio,NDC,ECU,SUPCAMAMAHUM,,CO2e_CUT,1,2026,,,,,,0.0331
EmissionActivityRatio,NDC,ECU,SUPCAMAMAHUM,,CO2e_CUT,1,2027,,,,,,0.0331
EmissionActivityRatio,NDC,ECU,SUPCAMAMAHUM,,CO2e_CUT,1,2028,,,,,,0.0331
EmissionActivityRatio,NDC,ECU,SUPCAMAMAHUM,,CO2e_CUT,1,2029,,,,,,0.0331
EmissionActivityRatio,NDC,ECU,SUPCAMAMAHUM,,CO2e_CUT,1,2030,,,,,,0.0331
EmissionActivityRatio,NDC,ECU,SUPCAMAMAHUM,,CO2e_CUT,1,2031,,,,,,0.0331
EmissionActivityRatio,NDC,ECU,SUPCAMAMAHUM,,CO2e_CUT,1,2032,,,,,,0.0331
EmissionActivityRatio,NDC,ECU,SUPCAMAMAHUM,,CO2e_CUT,1,2033,,,,,,0.0331
EmissionActivityRatio,NDC,ECU,SUPCAMAMAHUM,,CO2e_CUT,1,2034,,,,,,0.0331
EmissionActivityRatio,NDC,ECU,SUPCAMAMAHUM,,CO2e_CUT,1,2035,,,,,,0.0331
EmissionActivityRatio,NDC,ECU,SUPCAMCHOHUM,,CO2e_CUT,1,2010,,,,,,0.0
EmissionActivityRatio,NDC,ECU,SUPCAMCHOHUM,,CO2e_CUT,1,2011,,,,,,0.0
EmissionActivityRatio,NDC,ECU,SUPCAMCHOHUM,,CO2e_CUT,1,2012,,,,,,0.0
EmissionActivityRatio,NDC,ECU,SUPCAMCHOHUM,,CO2e_CUT,1,2013,,,,,,0.0
EmissionActivityRatio,NDC,ECU,SUPCAMCHOHUM,,CO2e_CUT,1,2014,,,,,,0.0
EmissionActivityRatio,NDC,ECU,SUPCAMCHOHUM,,CO2e_CUT,1,2015,,,,,,0.0
EmissionActivityRatio,NDC,ECU,SUPCAMCHOHUM,,CO2e_CUT,1,2016,,,,,,0.0
EmissionActivityRatio,NDC,ECU,SUPCAMCHOHUM,,CO2e_CUT,1,2017,,,,,,0.0
EmissionActivityRatio,NDC,ECU,SUPCAMCHOHUM,,CO2e_CUT,1,2018,,,,,,0.0
EmissionActivityRatio,NDC,ECU,SUPCAMCHOHUM,,CO2e_CUT,1,2019,,,,,,0.0
EmissionActivityRatio,NDC,ECU,SUPCAMCHOHUM,,CO2e_CUT,1,2020,,,,,,0.0
EmissionActivityRatio,NDC,ECU,SUPCAMCHOHUM,,CO2e_CUT,1,2021,,,,,,1.3198
EmissionActivityRatio,NDC,ECU,SUPCAMCHOHUM,,CO2e_CUT,1,2022,,,,,,1.3198
EmissionActivityRatio,NDC,ECU,SUPCAMCHOHUM,,CO2e_CUT,1,2023,,,,,,0.203
EmissionActivityRatio,NDC,ECU,SUPCAMCHOHUM,,CO2e_CUT,1,2024,,,,,,0.203
EmissionActivityRatio,NDC,ECU,SUPCAMCHOHUM,,CO2e_CUT,1,2025,,,,,,0.203
EmissionActivityRatio,NDC,ECU,SUPCAMCHOHUM,,CO2e_CUT,1,2026,,,,,,0.203
EmissionActivityRatio,NDC,ECU,SUPCAMCHOHUM,,CO2e_CUT,1,2027,,,,,,0.203
EmissionActivityRatio,NDC,ECU,SUPCAMCHOHUM,,CO2e_CUT,1,2028,,,,,,0.203
EmissionActivityRatio,NDC,ECU,SUPCAMCHOHUM,,CO2e_CUT,1,2029,,,,,,0.203
EmissionActivityRatio,NDC,ECU,SUPCAMCHOHUM,,CO2e_CUT,1,2030,,,,,,0.203
EmissionActivityRatio,NDC,ECU,SUPCAMCHOHUM,,CO2e_CUT,1,2031,,,,,,0.203
EmissionActivityRatio,NDC,ECU,SUPCAMCHOHUM,,CO2e_CUT,1,2032,,,,,,0.203
EmissionActivityRatio,NDC,ECU,SUPCAMCHOHUM,,CO2e_CUT,1,2033,,,,,,0.203
EmissionActivityRatio,NDC,ECU,SUPCAMCHOHUM,,CO2e_CUT,1,2034,,,,,,0.203
EmissionActivityRatio,NDC,ECU,SUPCAMCHOHUM,,CO2e_CUT,1,2035,,,,,,0.203
EmissionActivityRatio,NDC,ECU,SUPCAMMANHUM,,CO2e_CUT,1,2010,,,,,,0.0
EmissionActivityRatio,NDC,ECU,SUPCAMMANHUM,,CO2e_CUT,1,2011,,,,,,0.0
EmissionActivityRatio,NDC,ECU,SUPCAMMANHUM,,CO2e_CUT,1,2012,,,,,,0.0
EmissionActivityRatio,NDC,ECU,SUPCAMMANHUM,,CO2e_CUT,1,2013,,,,,,0.0
EmissionActivityRatio,NDC,ECU,SUPCAMMANHUM,,CO2e_CUT,1,2014,,,,,,0.0
EmissionActivityRatio,NDC,ECU,SUPCAMMANHUM,,CO2e_CUT,1,2015,,,,,,0.0
EmissionActivityRatio,NDC,ECU,SUPCAMMANHUM,,CO2e_CUT,1,2016,,,,,,0.0
EmissionActivityRatio,NDC,ECU,SUPCAMMANHUM,,CO2e_CUT,1,2017,,,,,,0.0
EmissionActivityRatio,NDC,ECU,SUPCAMMANHUM,,CO2e_CUT,1,2018,,,,,,0.0
EmissionActivityRatio,NDC,ECU,SUPCAMMANHUM,,CO2e_CUT,1,2019,,,,,,0.0
EmissionActivityRatio,NDC,ECU,SUPCAMMANHUM,,CO2e_CUT,1,2020,,,,,,0.0
EmissionActivityRatio,NDC,ECU,SUPCAMMANHUM,,CO2e_CUT,1,2021,,,,,,0.7747
EmissionActivityRatio,NDC,ECU,SUPCAMMANHUM,,CO2e_CUT,1,2022,,,,,,0.7747
EmissionActivityRatio,NDC,ECU,SUPCAMMANHUM,,CO2e_CUT,1,2023,,,,,,0.1192
EmissionActivityRatio,NDC,ECU,SUPCAMMANHUM,,CO2e_CUT,1,2024,,,,,,0.1192
EmissionActivityRatio,NDC,ECU,SUPCAMMANHUM,,CO2e_CUT,1,2025,,,,,,0.1192
EmissionActivityRatio,NDC,ECU,SUPCAMMANHUM,,CO2e_CUT,1,2026,,,,,,0.1192
EmissionActivityRatio,NDC,ECU,SUPCAMMANHUM,,CO2e_CUT,1,2027,,,,,,0.1192
EmissionActivityRatio,NDC,ECU,SUPCAMMANHUM,,CO2e_CUT,1,2028,,,,,,0.1192
EmissionActivityRatio,NDC,ECU,SUPCAMMANHUM,,CO2e_CUT,1,2029,,,,,,0.1192
EmissionActivityRatio,NDC,ECU,SUPCAMMANHUM,,CO2e_CUT,1,2030,,,,,,0.1192
EmissionActivityRatio,NDC,ECU,SUPCAMMANHUM,,CO2e_CUT,1,2031,,,,,,0.1192
EmissionActivityRatio,NDC,ECU,SUPCAMMANHUM,,CO2e_CUT,1,2032,,,,,,0.1192
EmissionActivityRatio,NDC,ECU,SUPCAMMANHUM,,CO2e_CUT,1,2033,,,,,,0.1192
EmissionActivityRatio,NDC,ECU,SUPCAMMANHUM,,CO2e_CUT,1,2034,,,,,,0.1192
EmissionActivityRatio,NDC,ECU,SUPCAMMANHUM,,CO2e_CUT,1,2035,,,,,,0.1192
EmissionActivityRatio,NDC,ECU,SUPCAMMORHUM,,CO2e_CUT,1,2010,,,,,,0.0
EmissionActivityRatio,NDC,ECU,SUPCAMMORHUM,,CO2e_CUT,1,2011,,,,,,0.0
EmissionActivityRatio,NDC,ECU,SUPCAMMORHUM,,CO2e_CUT,1,2012,,,,,,0.0
EmissionActivityRatio,NDC,ECU,SUPCAMMORHUM,,CO2e_CUT,1,2013,,,,,,0.0
EmissionActivityRatio,NDC,ECU,SUPCAMMORHUM,,CO2e_CUT,1,2014,,,,,,0.0
EmissionActivityRatio,NDC,ECU,SUPCAMMORHUM,,CO2e_CUT,1,2015,,,,,,0.0
EmissionActivityRatio,NDC,ECU,SUPCAMMORHUM,,CO2e_CUT,1,2016,,,,,,0.0
EmissionActivityRatio,NDC,ECU,SUPCAMMORHUM,,CO2e_CUT,1,2017,,,,,,0.0
EmissionActivityRatio,NDC,ECU,SUPCAMMORHUM,,CO2e_CUT,1,2018,,,,,,0.0
EmissionActivityRatio,NDC,ECU,SUPCAMMORHUM,,CO2e_CUT,1,2019,,,,,,0.0
EmissionActivityRatio,NDC,ECU,SUPCAMMORHUM,,CO2e_CUT,1,2020,,,,,,0.0
EmissionActivityRatio,NDC,ECU,SUPCAMMORHUM,,CO2e_CUT,1,2021,,,,,,0.4423
EmissionActivityRatio,NDC,ECU,SUPCAMMORHUM,,CO2e_CUT,1,2022,,,,,,0.4423
EmissionActivityRatio,NDC,ECU,SUPCAMMORHUM,,CO2e_CUT,1,2023,,,,,,0.068
EmissionActivityRatio,NDC,ECU,SUPCAMMORHUM,,CO2e_CUT,1,2024,,,,,,0.068
EmissionActivityRatio,NDC,ECU,SUPCAMMORHUM,,CO2e_CUT,1,2025,,,,,,0.068
EmissionActivityRatio,NDC,ECU,SUPCAMMORHUM,,CO2e_CUT,1,2026,,,,,,0.068
EmissionActivityRatio,NDC,ECU,SUPCAMMORHUM,,CO2e_CUT,1,2027,,,,,,0.068
EmissionActivityRatio,NDC,ECU,SUPCAMMORHUM,,CO2e_CUT,1,2028,,,,,,0.068
EmissionActivityRatio,NDC,ECU,SUPCAMMORHUM,,CO2e_CUT,1,2029,,,,,,0.068
EmissionActivityRatio,NDC,ECU,SUPCAMMORHUM,,CO2e_CUT,1,2030,,,,,,0.068
EmissionActivityRatio,NDC,ECU,SUPCAMMORHUM,,CO2e_CUT,1,2031,,,,,,0.068
EmissionActivityRatio,NDC,ECU,SUPCAMMORHUM,,CO2e_CUT,1,2032,,,,,,0.068
EmissionActivityRatio,NDC,ECU,SUPCAMMORHUM,,CO2e_CUT,1,2033,,,,,,0.068
EmissionActivityRatio,NDC,ECU,SUPCAMMORHUM,,CO2e_CUT,1,2034,,,,,,0.068
EmissionActivityRatio,NDC,ECU,SUPCAMMORHUM,,CO2e_CUT,1,2035,,,,,,0.068
EmissionActivityRatio,NDC,ECU,SUPCAMPFOHUM,,CO2e_CUT,1,2010,,,,,,0.0
EmissionActivityRatio,NDC,ECU,SUPCAMPFOHUM,,CO2e_CUT,1,2011,,,,,,0.0
EmissionActivityRatio,NDC,ECU,SUPCAMPFOHUM,,CO2e_CUT,1,2012,,,,,,0.0
EmissionActivityRatio,NDC,ECU,SUPCAMPFOHUM,,CO2e_CUT,1,2013,,,,,,0.0
EmissionActivityRatio,NDC,ECU,SUPCAMPFOHUM,,CO2e_CUT,1,2014,,,,,,0.0
EmissionActivityRatio,NDC,ECU,SUPCAMPFOHUM,,CO2e_CUT,1,2015,,,,,,0.0
EmissionActivityRatio,NDC,ECU,SUPCAMPFOHUM,,CO2e_CUT,1,2016,,,,,,0.0
EmissionActivityRatio,NDC,ECU,SUPCAMPFOHUM,,CO2e_CUT,1,2017,,,,,,0.0
EmissionActivityRatio,NDC,ECU,SUPCAMPFOHUM,,CO2e_CUT,1,2018,,,,,,0.0
EmissionActivityRatio,NDC,ECU,SUPCAMPFOHUM,,CO2e_CUT,1,2019,,,,,,0.0
EmissionActivityRatio,NDC,ECU,SUPCAMPFOHUM,,CO2e_CUT,1,2020,,,,,,0.0
EmissionActivityRatio,NDC,ECU,SUPCAMPFOHUM,,CO2e_CUT,1,2021,,,,,,6.0824
EmissionActivityRatio,NDC,ECU,SUPCAMPFOHUM,,CO2e_CUT,1,2022,,,,,,6.0824
EmissionActivityRatio,NDC,ECU,SUPCAMPFOHUM,,CO2e_CUT,1,2023,,,,,,0.9358
EmissionActivityRatio,NDC,ECU,SUPCAMPFOHUM,,CO2e_CUT,1,2024,,,,,,0.9358
EmissionActivityRatio,NDC,ECU,SUPCAMPFOHUM,,CO2e_CUT,1,2025,,,,,,0.9358
EmissionActivityRatio,NDC,ECU,SUPCAMPFOHUM,,CO2e_CUT,1,2026,,,,,,0.9358
EmissionActivityRatio,NDC,ECU,SUPCAMPFOHUM,,CO2e_CUT,1,2027,,,,,,0.9358
EmissionActivityRatio,NDC,ECU,SUPCAMPFOHUM,,CO2e_CUT,1,2028,,,,,,0.9358
EmissionActivityRatio,NDC,ECU,SUPCAMPFOHUM,,CO2e_CUT,1,2029,,,,,,0.9358
EmissionActivityRatio,NDC,ECU,SUPCAMPFOHUM,,CO2e_CUT,1,2030,,,,,,0.9358
EmissionActivityRatio,NDC,ECU,SUPCAMPFOHUM,,CO2e_CUT,1,2031,,,,,,0.9358
EmissionActivityRatio,NDC,ECU,SUPCAMPFOHUM,,CO2e_CUT,1,2032,,,,,,0.9358
EmissionActivityRatio,NDC,ECU,SUPCAMPFOHUM,,CO2e_CUT,1,2033,,,,,,0.9358
EmissionActivityRatio,NDC,ECU,SUPCAMPFOHUM,,CO2e_CUT,1,2034,,,,,,0.9358
EmissionActivityRatio,NDC,ECU,SUPCAMPFOHUM,,CO2e_CUT,1,2035,,,,,,0.9358
EmissionActivityRatio,NDC,ECU,SUPCAMCROHUM,,CO2e_CUT,1,2010,,,,,,106.9104
EmissionActivityRatio,NDC,ECU,SUPCAMCROHUM,,CO2e_CUT,1,2011,,,,,,106.9104
EmissionActivityRatio,NDC,ECU,SUPCAMCROHUM,,CO2e_CUT,1,2012,,,,,,106.9104
EmissionActivityRatio,NDC,ECU,SUPCAMCROHUM,,CO2e_CUT,1,2013,,,,,,106.9104
EmissionActivityRatio,NDC,ECU,SUPCAMCROHUM,,CO2e_CUT,1,2014,,,,,,106.9104
EmissionActivityRatio,NDC,ECU,SUPCAMCROHUM,,CO2e_CUT,1,2015,,,,,,78.8616
EmissionActivityRatio,NDC,ECU,SUPCAMCROHUM,,CO2e_CUT,1,2016,,,,,,50.0437
EmissionActivityRatio,NDC,ECU,SUPCAMCROHUM,,CO2e_CUT,1,2017,,,,,,76.9702
EmissionActivityRatio,NDC,ECU,SUPCAMCROHUM,,CO2e_CUT,1,2018,,,,,,101.3018
EmissionActivityRatio,NDC,ECU,SUPCAMCROHUM,,CO2e_CUT,1,2019,,,,,,0.356
EmissionActivityRatio,NDC,ECU,SUPCAMCROHUM,,CO2e_CUT,1,2020,,,,,,0.356
EmissionActivityRatio,NDC,ECU,SUPCAMCROHUM,,CO2e_CUT,1,2021,,,,,,0.1498
EmissionActivityRatio,NDC,ECU,SUPCAMCROHUM,,CO2e_CUT,1,2022,,,,,,0.1498
EmissionActivityRatio,NDC,ECU,SUPCAMCROHUM,,CO2e_CUT,1,2023,,,,,,64.8262
EmissionActivityRatio,NDC,ECU,SUPCAMCROHUM,,CO2e_CUT,1,2024,,,,,,64.8262
EmissionActivityRatio,NDC,ECU,SUPCAMCROHUM,,CO2e_CUT,1,2025,,,,,,64.8262
EmissionActivityRatio,NDC,ECU,SUPCAMCROHUM,,CO2e_CUT,1,2026,,,,,,64.8262
EmissionActivityRatio,NDC,ECU,SUPCAMCROHUM,,CO2e_CUT,1,2027,,,,,,64.8262
EmissionActivityRatio,NDC,ECU,SUPCAMCROHUM,,CO2e_CUT,1,2028,,,,,,64.8262
EmissionActivityRatio,NDC,ECU,SUPCAMCROHUM,,CO2e_CUT,1,2029,,,,,,64.8262
EmissionActivityRatio,NDC,ECU,SUPCAMCROHUM,,CO2e_CUT,1,2030,,,,,,64.8262
EmissionActivityRatio,NDC,ECU,SUPCAMCROHUM,,CO2e_CUT,1,2031,,,,,,64.8262
EmissionActivityRatio,NDC,ECU,SUPCAMCROHUM,,CO2e_CUT,1,2032,,,,,,64.8262
EmissionActivityRatio,NDC,ECU,SUPCAMCROHUM,,CO2e_CUT,1,2033,,,,,,64.8262
EmissionActivityRatio,NDC,ECU,SUPCAMCROHUM,,CO2e_CUT,1,2034,,,,,,64.8262
EmissionActivityRatio,NDC,ECU,SUPCAMCROHUM,,CO2e_CUT,1,2035,,,,,,64.8262
EmissionActivityRatio,NDC,ECU,SUPCAMGRAHUM,,CO2e_CUT,1,2010,,,,,,28.4026
EmissionActivityRatio,NDC,ECU,SUPCAMGRAHUM,,CO2e_CUT,1,2011,,,,,,28.4026
EmissionActivityRatio,NDC,ECU,SUPCAMGRAHUM,,CO2e_CUT,1,2012,,,,,,28.4026
EmissionActivityRatio,NDC,ECU,SUPCAMGRAHUM,,CO2e_CUT,1,2013,,,,,,28.4026
EmissionActivityRatio,NDC,ECU,SUPCAMGRAHUM,,CO2e_CUT,1,2014,,,,,,28.4026
EmissionActivityRatio,NDC,ECU,SUPCAMGRAHUM,,CO2e_CUT,1,2015,,,,,,17.5696
EmissionActivityRatio,NDC,ECU,SUPCAMGRAHUM,,CO2e_CUT,1,2016,,,,,,12.4489
EmissionActivityRatio,NDC,ECU,SUPCAMGRAHUM,,CO2e_CUT,1,2017,,,,,,13.593
EmissionActivityRatio,NDC,ECU,SUPCAMGRAHUM,,CO2e_CUT,1,2018,,,,,,19.5197
EmissionActivityRatio,NDC,ECU,SUPCAMGRAHUM,,CO2e_CUT,1,2019,,,,,,0.0939
EmissionActivityRatio,NDC,ECU,SUPCAMGRAHUM,,CO2e_CUT,1,2020,,,,,,0.0939
EmissionActivityRatio,NDC,ECU,SUPCAMGRAHUM,,CO2e_CUT,1,2021,,,,,,2.5271
EmissionActivityRatio,NDC,ECU,SUPCAMGRAHUM,,CO2e_CUT,1,2022,,,,,,2.5271
EmissionActivityRatio,NDC,ECU,SUPCAMGRAHUM,,CO2e_CUT,1,2023,,,,,,16.1836
EmissionActivityRatio,NDC,ECU,SUPCAMGRAHUM,,CO2e_CUT,1,2024,,,,,,16.1836
EmissionActivityRatio,NDC,ECU,SUPCAMGRAHUM,,CO2e_CUT,1,2025,,,,,,16.1836
EmissionActivityRatio,NDC,ECU,SUPCAMGRAHUM,,CO2e_CUT,1,2026,,,,,,16.1836
EmissionActivityRatio,NDC,ECU,SUPCAMGRAHUM,,CO2e_CUT,1,2027,,,,,,16.1836
EmissionActivityRatio,NDC,ECU,SUPCAMGRAHUM,,CO2e_CUT,1,2028,,,,,,16.1836
EmissionActivityRatio,NDC,ECU,SUPCAMGRAHUM,,CO2e_CUT,1,2029,,,,,,16.1836
EmissionActivityRatio,NDC,ECU,SUPCAMGRAHUM,,CO2e_CUT,1,2030,,,,,,16.1836
EmissionActivityRatio,NDC,ECU,SUPCAMGRAHUM,,CO2e_CUT,1,2031,,,,,,16.1836
EmissionActivityRatio,NDC,ECU,SUPCAMGRAHUM,,CO2e_CUT,1,2032,,,,,,16.1836
EmissionActivityRatio,NDC,ECU,SUPCAMGRAHUM,,CO2e_CUT,1,2033,,,,,,16.1836
EmissionActivityRatio,NDC,ECU,SUPCAMGRAHUM,,CO2e_CUT,1,2034,,,,,,16.1836
EmissionActivityRatio,NDC,ECU,SUPCAMGRAHUM,,CO2e_CUT,1,2035,,,,,,16.1836
EmissionActivityRatio,NDC,ECU,SUPCAMANDASE,,CO2e_CUT,1,2010,,,,,,86.2291
EmissionActivityRatio,NDC,ECU,SUPCAMANDASE,,CO2e_CUT,1,2011,,,,,,90.1542
EmissionActivityRatio,NDC,ECU,SUPCAMANDASE,,CO2e_CUT,1,2012,,,,,,93.8012
EmissionActivityRatio,NDC,ECU,SUPCAMANDASE,,CO2e_CUT,1,2013,,,,,,92.472
EmissionActivityRatio,NDC,ECU,SUPCAMANDASE,,CO2e_CUT,1,2014,,,,,,91.202
EmissionActivityRatio,NDC,ECU,SUPCAMANDASE,,CO2e_CUT,1,2015,,,,,,80.8498
EmissionActivityRatio,NDC,ECU,SUPCAMANDASE,,CO2e_CUT,1,2016,,,,,,70.6988
EmissionActivityRatio,NDC,ECU,SUPCAMANDASE,,CO2e_CUT,1,2017,,,,,,92.7653
EmissionActivityRatio,NDC,ECU,SUPCAMANDASE,,CO2e_CUT,1,2018,,,,,,57.0333
EmissionActivityRatio,NDC,ECU,SUPCAMANDASE,,CO2e_CUT,1,2019,,,,,,341.2747
EmissionActivityRatio,NDC,ECU,SUPCAMANDASE,,CO2e_CUT,1,2020,,,,,,341.2747
EmissionActivityRatio,NDC,ECU,SUPCAMANDASE,,CO2e_CUT,1,2021,,,,,,252.1027
EmissionActivityRatio,NDC,ECU,SUPCAMANDASE,,CO2e_CUT,1,2022,,,,,,252.1027
EmissionActivityRatio,NDC,ECU,SUPCAMANDASE,,CO2e_CUT,1,2023,,,,,,149.3816
EmissionActivityRatio,NDC,ECU,SUPCAMANDASE,,CO2e_CUT,1,2024,,,,,,149.3816
EmissionActivityRatio,NDC,ECU,SUPCAMANDASE,,CO2e_CUT,1,2025,,,,,,149.3816
EmissionActivityRatio,NDC,ECU,SUPCAMANDASE,,CO2e_CUT,1,2026,,,,,,149.3816
EmissionActivityRatio,NDC,ECU,SUPCAMANDASE,,CO2e_CUT,1,2027,,,,,,149.3816
EmissionActivityRatio,NDC,ECU,SUPCAMANDASE,,CO2e_CUT,1,2028,,,,,,149.3816
EmissionActivityRatio,NDC,ECU,SUPCAMANDASE,,CO2e_CUT,1,2029,,,,,,149.3816
EmissionActivityRatio,NDC,ECU,SUPCAMANDASE,,CO2e_CUT,1,2030,,,,,,149.3816
EmissionActivityRatio,NDC,ECU,SUPCAMANDASE,,CO2e_CUT,1,2031,,,,,,149.3816
EmissionActivityRatio,NDC,ECU,SUPCAMANDASE,,CO2e_CUT,1,2032,,,,,,149.3816
EmissionActivityRatio,NDC,ECU,SUPCAMANDASE,,CO2e_CUT,1,2033,,,,,,149.3816
EmissionActivityRatio,NDC,ECU,SUPCAMANDASE,,CO2e_CUT,1,2034,,,,,,149.3816
EmissionActivityRatio,NDC,ECU,SUPCAMANDASE,,CO2e_CUT,1,2035,,,,,,149.3816
EmissionActivityRatio,NDC,ECU,SUPCAMPLUASE,,CO2e_CUT,1,2010,,,,,,11.2218
EmissionActivityRatio,NDC,ECU,SUPCAMPLUASE,,CO2e_CUT,1,2011,,,,,,11.3145
EmissionActivityRatio,NDC,ECU,SUPCAMPLUASE,,CO2e_CUT,1,2012,,,,,,11.4007
EmissionActivityRatio,NDC,ECU,SUPCAMPLUASE,,CO2e_CUT,1,2013,,,,,,11.4927
EmissionActivityRatio,NDC,ECU,SUPCAMPLUASE,,CO2e_CUT,1,2014,,,,,,11.5806
EmissionActivityRatio,NDC,ECU,SUPCAMPLUASE,,CO2e_CUT,1,2015,,,,,,17.1484
EmissionActivityRatio,NDC,ECU,SUPCAMPLUASE,,CO2e_CUT,1,2016,,,,,,46.2849
EmissionActivityRatio,NDC,ECU,SUPCAMPLUASE,,CO2e_CUT,1,2017,,,,,,60.6366
EmissionActivityRatio,NDC,ECU,SUPCAMPLUASE,,CO2e_CUT,1,2018,,,,,,74.445
EmissionActivityRatio,NDC,ECU,SUPCAMPLUASE,,CO2e_CUT,1,2019,,,,,,46.088
EmissionActivityRatio,NDC,ECU,SUPCAMPLUASE,,CO2e_CUT,1,2020,,,,,,46.088
EmissionActivityRatio,NDC,ECU,SUPCAMPLUASE,,CO2e_CUT,1,2021,,,,,,24.1501
EmissionActivityRatio,NDC,ECU,SUPCAMPLUASE,,CO2e_CUT,1,2022,,,,,,24.1501
EmissionActivityRatio,NDC,ECU,SUPCAMPLUASE,,CO2e_CUT,1,2023,,,,,,30.4617
EmissionActivityRatio,NDC,ECU,SUPCAMPLUASE,,CO2e_CUT,1,2024,,,,,,30.4617
EmissionActivityRatio,NDC,ECU,SUPCAMPLUASE,,CO2e_CUT,1,2025,,,,,,30.4617
EmissionActivityRatio,NDC,ECU,SUPCAMPLUASE,,CO2e_CUT,1,2026,,,,,,30.4617
EmissionActivityRatio,NDC,ECU,SUPCAMPLUASE,,CO2e_CUT,1,2027,,,,,,30.4617
EmissionActivityRatio,NDC,ECU,SUPCAMPLUASE,,CO2e_CUT,1,2028,,,,,,30.4617
EmissionActivityRatio,NDC,ECU,SUPCAMPLUASE,,CO2e_CUT,1,2029,,,,,,30.4617
EmissionActivityRatio,NDC,ECU,SUPCAMPLUASE,,CO2e_CUT,1,2030,,,,,,30.4617
EmissionActivityRatio,NDC,ECU,SUPCAMPLUASE,,CO2e_CUT,1,2031,,,,,,30.4617
EmissionActivityRatio,NDC,ECU,SUPCAMPLUASE,,CO2e_CUT,1,2032,,,,,,30.4617
EmissionActivityRatio,NDC,ECU,SUPCAMPLUASE,,CO2e_CUT,1,2033,,,,,,30.4617
EmissionActivityRatio,NDC,ECU,SUPCAMPLUASE,,CO2e_CUT,1,2034,,,,,,30.4617
EmissionActivityRatio,NDC,ECU,SUPCAMPLUASE,,CO2e_CUT,1,2035,,,,,,30.4617
EmissionActivityRatio,NDC,ECU,SUPCAMMONASE,,CO2e_CUT,1,2010,,,,,,985.4871
EmissionActivityRatio,NDC,ECU,SUPCAMMONASE,,CO2e_CUT,1,2011,,,,,,953.996
EmissionActivityRatio,NDC,ECU,SUPCAMMONASE,,CO2e_CUT,1,2012,,,,,,924.7359
EmissionActivityRatio,NDC,ECU,SUPCAMMONASE,,CO2e_CUT,1,2013,,,,,,930.1988
EmissionActivityRatio,NDC,ECU,SUPCAMMONASE,,CO2e_CUT,1,2014,,,,,,935.4182
EmissionActivityRatio,NDC,ECU,SUPCAMMONASE,,CO2e_CUT,1,2015,,,,,,640.89
EmissionActivityRatio,NDC,ECU,SUPCAMMONASE,,CO2e_CUT,1,2016,,,,,,456.3283
EmissionActivityRatio,NDC,ECU,SUPCAMMONASE,,CO2e_CUT,1,2017,,,,,,456.368
EmissionActivityRatio,NDC,ECU,SUPCAMMONASE,,CO2e_CUT,1,2018,,,,,,455.0855
EmissionActivityRatio,NDC,ECU,SUPCAMMONASE,,CO2e_CUT,1,2019,,,,,,3677.2961
EmissionActivityRatio,NDC,ECU,SUPCAMMONASE,,CO2e_CUT,1,2020,,,,,,3677.2961
EmissionActivityRatio,NDC,ECU,SUPCAMMONASE,,CO2e_CUT,1,2021,,,,,,1416.441
EmissionActivityRatio,NDC,ECU,SUPCAMMONASE,,CO2e_CUT,1,2022,,,,,,1416.441
EmissionActivityRatio,NDC,ECU,SUPCAMMONASE,,CO2e_CUT,1,2023,,,,,,1301.9986
EmissionActivityRatio,NDC,ECU,SUPCAMMONASE,,CO2e_CUT,1,2024,,,,,,1301.9986
EmissionActivityRatio,NDC,ECU,SUPCAMMONASE,,CO2e_CUT,1,2025,,,,,,1301.9986
EmissionActivityRatio,NDC,ECU,SUPCAMMONASE,,CO2e_CUT,1,2026,,,,,,1301.9986
EmissionActivityRatio,NDC,ECU,SUPCAMMONASE,,CO2e_CUT,1,2027,,,,,,1301.9986
EmissionActivityRatio,NDC,ECU,SUPCAMMONASE,,CO2e_CUT,1,2028,,,,,,1301.9986
EmissionActivityRatio,NDC,ECU,SUPCAMMONASE,,CO2e_CUT,1,2029,,,,,,1301.9986
EmissionActivityRatio,NDC,ECU,SUPCAMMONASE,,CO2e_CUT,1,2030,,,,,,1301.9986
EmissionActivityRatio,NDC,ECU,SUPCAMMONASE,,CO2e_CUT,1,2031,,,,,,1301.9986
EmissionActivityRatio,NDC,ECU,SUPCAMMONASE,,CO2e_CUT,1,2032,,,,,,1301.9986
EmissionActivityRatio,NDC,ECU,SUPCAMMONASE,,CO2e_CUT,1,2033,,,,,,1301.9986
EmissionActivityRatio,NDC,ECU,SUPCAMMONASE,,CO2e_CUT,1,2034,,,,,,1301.9986
EmissionActivityRatio,NDC,ECU,SUPCAMMONASE,,CO2e_CUT,1,2035,,,,,,1301.9986
EmissionActivityRatio,NDC,ECU,SUPCAMPIEASE,,CO2e_CUT,1,2010,,,,,,331.8941
EmissionActivityRatio,NDC,ECU,SUPCAMPIEASE,,CO2e_CUT,1,2011,,,,,,320.3925
EmissionActivityRatio,NDC,ECU,SUPCAMPIEASE,,CO2e_CUT,1,2012,,,,,,309.7058
EmissionActivityRatio,NDC,ECU,SUPCAMPIEASE,,CO2e_CUT,1,2013,,,,,,314.3876
EmissionActivityRatio,NDC,ECU,SUPCAMPIEASE,,CO2e_CUT,1,2014,,,,,,318.8607
EmissionActivityRatio,NDC,ECU,SUPCAMPIEASE,,CO2e_CUT,1,2015,,,,,,294.727
EmissionActivityRatio,NDC,ECU,SUPCAMPIEASE,,CO2e_CUT,1,2016,,,,,,269.3122
EmissionActivityRatio,NDC,ECU,SUPCAMPIEASE,,CO2e_CUT,1,2017,,,,,,272.0236
EmissionActivityRatio,NDC,ECU,SUPCAMPIEASE,,CO2e_CUT,1,2018,,,,,,273.6992
EmissionActivityRatio,NDC,ECU,SUPCAMPIEASE,,CO2e_CUT,1,2019,,,,,,914.5955
EmissionActivityRatio,NDC,ECU,SUPCAMPIEASE,,CO2e_CUT,1,2020,,,,,,914.5955
EmissionActivityRatio,NDC,ECU,SUPCAMPIEASE,,CO2e_CUT,1,2021,,,,,,516.9291
EmissionActivityRatio,NDC,ECU,SUPCAMPIEASE,,CO2e_CUT,1,2022,,,,,,516.9291
EmissionActivityRatio,NDC,ECU,SUPCAMPIEASE,,CO2e_CUT,1,2023,,,,,,428.3117
EmissionActivityRatio,NDC,ECU,SUPCAMPIEASE,,CO2e_CUT,1,2024,,,,,,428.3117
EmissionActivityRatio,NDC,ECU,SUPCAMPIEASE,,CO2e_CUT,1,2025,,,,,,428.3117
EmissionActivityRatio,NDC,ECU,SUPCAMPIEASE,,CO2e_CUT,1,2026,,,,,,428.3117
EmissionActivityRatio,NDC,ECU,SUPCAMPIEASE,,CO2e_CUT,1,2027,,,,,,428.3117
EmissionActivityRatio,NDC,ECU,SUPCAMPIEASE,,CO2e_CUT,1,2028,,,,,,428.3117
EmissionActivityRatio,NDC,ECU,SUPCAMPIEASE,,CO2e_CUT,1,2029,,,,,,428.3117
EmissionActivityRatio,NDC,ECU,SUPCAMPIEASE,,CO2e_CUT,1,2030,,,,,,428.3117
EmissionActivityRatio,NDC,ECU,SUPCAMPIEASE,,CO2e_CUT,1,2031,,,,,,428.3117
EmissionActivityRatio,NDC,ECU,SUPCAMPIEASE,,CO2e_CUT,1,2032,,,,,,428.3117
EmissionActivityRatio,NDC,ECU,SUPCAMPIEASE,,CO2e_CUT,1,2033,,,,,,428.3117
EmissionActivityRatio,NDC,ECU,SUPCAMPIEASE,,CO2e_CUT,1,2034,,,,,,428.3117
EmissionActivityRatio,NDC,ECU,SUPCAMPIEASE,,CO2e_CUT,1,2035,,,,,,428.3117
EmissionActivityRatio,NDC,ECU,SUPCAMCEJASE,,CO2e_CUT,1,2010,,,,,,648.6819
EmissionActivityRatio,NDC,ECU,SUPCAMCEJASE,,CO2e_CUT,1,2011,,,,,,629.8711
EmissionActivityRatio,NDC,ECU,SUPCAMCEJASE,,CO2e_CUT,1,2012,,,,,,612.393
EmissionActivityRatio,NDC,ECU,SUPCAMCEJASE,,CO2e_CUT,1,2013,,,,,,608.6501
EmissionActivityRatio,NDC,ECU,SUPCAMCEJASE,,CO2e_CUT,1,2014,,,,,,605.0741
EmissionActivityRatio,NDC,ECU,SUPCAMCEJASE,,CO2e_CUT,1,2015,,,,,,455.0254
EmissionActivityRatio,NDC,ECU,SUPCAMCEJASE,,CO2e_CUT,1,2016,,,,,,345.4997
EmissionActivityRatio,NDC,ECU,SUPCAMCEJASE,,CO2e_CUT,1,2017,,,,,,414.5135
EmissionActivityRatio,NDC,ECU,SUPCAMCEJASE,,CO2e_CUT,1,2018,,,,,,472.9539
EmissionActivityRatio,NDC,ECU,SUPCAMCEJASE,,CO2e_CUT,1,2019,,,,,,1642.7683
EmissionActivityRatio,NDC,ECU,SUPCAMCEJASE,,CO2e_CUT,1,2020,,,,,,1642.7683
EmissionActivityRatio,NDC,ECU,SUPCAMCEJASE,,CO2e_CUT,1,2021,,,,,,96583.7151
EmissionActivityRatio,NDC,ECU,SUPCAMCEJASE,,CO2e_CUT,1,2022,,,,,,96583.7151
EmissionActivityRatio,NDC,ECU,SUPCAMCEJASE,,CO2e_CUT,1,2023,,,,,,15480.433
EmissionActivityRatio,NDC,ECU,SUPCAMCEJASE,,CO2e_CUT,1,2024,,,,,,15480.433
EmissionActivityRatio,NDC,ECU,SUPCAMCEJASE,,CO2e_CUT,1,2025,,,,,,15480.433
EmissionActivityRatio,NDC,ECU,SUPCAMCEJASE,,CO2e_CUT,1,2026,,,,,,15480.433
EmissionActivityRatio,NDC,ECU,SUPCAMCEJASE,,CO2e_CUT,1,2027,,,,,,15480.433
EmissionActivityRatio,NDC,ECU,SUPCAMCEJASE,,CO2e_CUT,1,2028,,,,,,15480.433
EmissionActivityRatio,NDC,ECU,SUPCAMCEJASE,,CO2e_CUT,1,2029,,,,,,15480.433
EmissionActivityRatio,NDC,ECU,SUPCAMCEJASE,,CO2e_CUT,1,2030,,,,,,15480.433
EmissionActivityRatio,NDC,ECU,SUPCAMCEJASE,,CO2e_CUT,1,2031,,,,,,15480.433
EmissionActivityRatio,NDC,ECU,SUPCAMCEJASE,,CO2e_CUT,1,2032,,,,,,15480.433
EmissionActivityRatio,NDC,ECU,SUPCAMCEJASE,,CO2e_CUT,1,2033,,,,,,15480.433
EmissionActivityRatio,NDC,ECU,SUPCAMCEJASE,,CO2e_CUT,1,2034,,,,,,15480.433
EmissionActivityRatio,NDC,ECU,SUPCAMCEJASE,,CO2e_CUT,1,2035,,,,,,15480.433
EmissionActivityRatio,NDC,ECU,SUPCAMAMAASE,,CO2e_CUT,1,2010,,,,,,835.9017
EmissionActivityRatio,NDC,ECU,SUPCAMAMAASE,,CO2e_CUT,1,2011,,,,,,864.6396
EmissionActivityRatio,NDC,ECU,SUPCAMAMAASE,,CO2e_CUT,1,2012,,,,,,891.3415
EmissionActivityRatio,NDC,ECU,SUPCAMAMAASE,,CO2e_CUT,1,2013,,,,,,889.6418
EmissionActivityRatio,NDC,ECU,SUPCAMAMAASE,,CO2e_CUT,1,2014,,,,,,888.0178
EmissionActivityRatio,NDC,ECU,SUPCAMAMAASE,,CO2e_CUT,1,2015,,,,,,759.2058
EmissionActivityRatio,NDC,ECU,SUPCAMAMAASE,,CO2e_CUT,1,2016,,,,,,641.4053
EmissionActivityRatio,NDC,ECU,SUPCAMAMAASE,,CO2e_CUT,1,2017,,,,,,610.3684
EmissionActivityRatio,NDC,ECU,SUPCAMAMAASE,,CO2e_CUT,1,2018,,,,,,594.6002
EmissionActivityRatio,NDC,ECU,SUPCAMAMAASE,,CO2e_CUT,1,2019,,,,,,1746.2107
EmissionActivityRatio,NDC,ECU,SUPCAMAMAASE,,CO2e_CUT,1,2020,,,,,,1746.2107
EmissionActivityRatio,NDC,ECU,SUPCAMAMAASE,,CO2e_CUT,1,2021,,,,,,472.438
EmissionActivityRatio,NDC,ECU,SUPCAMAMAASE,,CO2e_CUT,1,2022,,,,,,472.438
EmissionActivityRatio,NDC,ECU,SUPCAMAMAASE,,CO2e_CUT,1,2023,,,,,,877.8784
EmissionActivityRatio,NDC,ECU,SUPCAMAMAASE,,CO2e_CUT,1,2024,,,,,,877.8784
EmissionActivityRatio,NDC,ECU,SUPCAMAMAASE,,CO2e_CUT,1,2025,,,,,,877.8784
EmissionActivityRatio,NDC,ECU,SUPCAMAMAASE,,CO2e_CUT,1,2026,,,,,,877.8784
EmissionActivityRatio,NDC,ECU,SUPCAMAMAASE,,CO2e_CUT,1,2027,,,,,,877.8784
EmissionActivityRatio,NDC,ECU,SUPCAMAMAASE,,CO2e_CUT,1,2028,,,,,,877.8784
EmissionActivityRatio,NDC,ECU,SUPCAMAMAASE,,CO2e_CUT,1,2029,,,,,,877.8784
EmissionActivityRatio,NDC,ECU,SUPCAMAMAASE,,CO2e_CUT,1,2030,,,,,,877.8784
EmissionActivityRatio,NDC,ECU,SUPCAMAMAASE,,CO2e_CUT,1,2031,,,,,,877.8784
EmissionActivityRatio,NDC,ECU,SUPCAMAMAASE,,CO2e_CUT,1,2032,,,,,,877.8784
EmissionActivityRatio,NDC,ECU,SUPCAMAMAASE,,CO2e_CUT,1,2033,,,,,,877.8784
EmissionActivityRatio,NDC,ECU,SUPCAMAMAASE,,CO2e_CUT,1,2034,,,,,,877.8784
EmissionActivityRatio,NDC,ECU,SUPCAMAMAASE,,CO2e_CUT,1,2035,,,,,,877.8784
EmissionActivityRatio,NDC,ECU,SUPCAMCHOASE,,CO2e_CUT,1,2010,,,,,,308.1187
EmissionActivityRatio,NDC,ECU,SUPCAMCHOASE,,CO2e_CUT,1,2011,,,,,,298.9991
EmissionActivityRatio,NDC,ECU,SUPCAMCHOASE,,CO2e_CUT,1,2012,,,,,,290.5256
EmissionActivityRatio,NDC,ECU,SUPCAMCHOASE,,CO2e_CUT,1,2013,,,,,,288.3316
EmissionActivityRatio,NDC,ECU,SUPCAMCHOASE,,CO2e_CUT,1,2014,,,,,,286.2354
EmissionActivityRatio,NDC,ECU,SUPCAMCHOASE,,CO2e_CUT,1,2015,,,,,,336.1126
EmissionActivityRatio,NDC,ECU,SUPCAMCHOASE,,CO2e_CUT,1,2016,,,,,,444.8513
EmissionActivityRatio,NDC,ECU,SUPCAMCHOASE,,CO2e_CUT,1,2017,,,,,,474.1063
EmissionActivityRatio,NDC,ECU,SUPCAMCHOASE,,CO2e_CUT,1,2018,,,,,,490.5919
EmissionActivityRatio,NDC,ECU,SUPCAMCHOASE,,CO2e_CUT,1,2019,,,,,,1341.5186
EmissionActivityRatio,NDC,ECU,SUPCAMCHOASE,,CO2e_CUT,1,2020,,,,,,1341.5186
EmissionActivityRatio,NDC,ECU,SUPCAMCHOASE,,CO2e_CUT,1,2021,,,,,,165.8928
EmissionActivityRatio,NDC,ECU,SUPCAMCHOASE,,CO2e_CUT,1,2022,,,,,,165.8928
EmissionActivityRatio,NDC,ECU,SUPCAMCHOASE,,CO2e_CUT,1,2023,,,,,,479.4381
EmissionActivityRatio,NDC,ECU,SUPCAMCHOASE,,CO2e_CUT,1,2024,,,,,,479.4381
EmissionActivityRatio,NDC,ECU,SUPCAMCHOASE,,CO2e_CUT,1,2025,,,,,,479.4381
EmissionActivityRatio,NDC,ECU,SUPCAMCHOASE,,CO2e_CUT,1,2026,,,,,,479.4381
EmissionActivityRatio,NDC,ECU,SUPCAMCHOASE,,CO2e_CUT,1,2027,,,,,,479.4381
EmissionActivityRatio,NDC,ECU,SUPCAMCHOASE,,CO2e_CUT,1,2028,,,,,,479.4381
EmissionActivityRatio,NDC,ECU,SUPCAMCHOASE,,CO2e_CUT,1,2029,,,,,,479.4381
EmissionActivityRatio,NDC,ECU,SUPCAMCHOASE,,CO2e_CUT,1,2030,,,,,,479.4381
EmissionActivityRatio,NDC,ECU,SUPCAMCHOASE,,CO2e_CUT,1,2031,,,,,,479.4381
EmissionActivityRatio,NDC,ECU,SUPCAMCHOASE,,CO2e_CUT,1,2032,,,,,,479.4381
EmissionActivityRatio,NDC,ECU,SUPCAMCHOASE,,CO2e_CUT,1,2033,,,,,,479.4381
EmissionActivityRatio,NDC,ECU,SUPCAMCHOASE,,CO2e_CUT,1,2034,,,,,,479.4381
EmissionActivityRatio,NDC,ECU,SUPCAMCHOASE,,CO2e_CUT,1,2035,,,,,,479.4381
EmissionActivityRatio,NDC,ECU,SUPCAMMANASE,,CO2e_CUT,1,2010,,,,,,70.1394
EmissionActivityRatio,NDC,ECU,SUPCAMMANASE,,CO2e_CUT,1,2011,,,,,,67.9221
EmissionActivityRatio,NDC,ECU,SUPCAMMANASE,,CO2e_CUT,1,2012,,,,,,65.8618
EmissionActivityRatio,NDC,ECU,SUPCAMMANASE,,CO2e_CUT,1,2013,,,,,,62.819
EmissionActivityRatio,NDC,ECU,SUPCAMMANASE,,CO2e_CUT,1,2014,,,,,,59.9117
EmissionActivityRatio,NDC,ECU,SUPCAMMANASE,,CO2e_CUT,1,2015,,,,,,89.8237
EmissionActivityRatio,NDC,ECU,SUPCAMMANASE,,CO2e_CUT,1,2016,,,,,,212.523
EmissionActivityRatio,NDC,ECU,SUPCAMMANASE,,CO2e_CUT,1,2017,,,,,,191.7197
EmissionActivityRatio,NDC,ECU,SUPCAMMANASE,,CO2e_CUT,1,2018,,,,,,179.3338
EmissionActivityRatio,NDC,ECU,SUPCAMMANASE,,CO2e_CUT,1,2019,,,,,,5.3727
EmissionActivityRatio,NDC,ECU,SUPCAMMANASE,,CO2e_CUT,1,2020,,,,,,5.3727
EmissionActivityRatio,NDC,ECU,SUPCAMMANASE,,CO2e_CUT,1,2021,,,,,,173.2693
EmissionActivityRatio,NDC,ECU,SUPCAMMANASE,,CO2e_CUT,1,2022,,,,,,173.2693
EmissionActivityRatio,NDC,ECU,SUPCAMMANASE,,CO2e_CUT,1,2023,,,,,,104.4106
EmissionActivityRatio,NDC,ECU,SUPCAMMANASE,,CO2e_CUT,1,2024,,,,,,104.4106
EmissionActivityRatio,NDC,ECU,SUPCAMMANASE,,CO2e_CUT,1,2025,,,,,,104.4106
EmissionActivityRatio,NDC,ECU,SUPCAMMANASE,,CO2e_CUT,1,2026,,,,,,104.4106
EmissionActivityRatio,NDC,ECU,SUPCAMMANASE,,CO2e_CUT,1,2027,,,,,,104.4106
EmissionActivityRatio,NDC,ECU,SUPCAMMANASE,,CO2e_CUT,1,2028,,,,,,104.4106
EmissionActivityRatio,NDC,ECU,SUPCAMMANASE,,CO2e_CUT,1,2029,,,,,,104.4106
EmissionActivityRatio,NDC,ECU,SUPCAMMANASE,,CO2e_CUT,1,2030,,,,,,104.4106
EmissionActivityRatio,NDC,ECU,SUPCAMMANASE,,CO2e_CUT,1,2031,,,,,,104.4106
EmissionActivityRatio,NDC,ECU,SUPCAMMANASE,,CO2e_CUT,1,2032,,,,,,104.4106
EmissionActivityRatio,NDC,ECU,SUPCAMMANASE,,CO2e_CUT,1,2033,,,,,,104.4106
EmissionActivityRatio,NDC,ECU,SUPCAMMANASE,,CO2e_CUT,1,2034,,,,,,104.4106
EmissionActivityRatio,NDC,ECU,SUPCAMMANASE,,CO2e_CUT,1,2035,,,,,,104.4106
EmissionActivityRatio,NDC,ECU,SUPCAMMORASE,,CO2e_CUT,1,2010,,,,,,5390.1918
EmissionActivityRatio,NDC,ECU,SUPCAMMORASE,,CO2e_CUT,1,2011,,,,,,5209.5605
EmissionActivityRatio,NDC,ECU,SUPCAMMORASE,,CO2e_CUT,1,2012,,,,,,5041.7265
EmissionActivityRatio,NDC,ECU,SUPCAMMORASE,,CO2e_CUT,1,2013,,,,,,5009.1374
EmissionActivityRatio,NDC,ECU,SUPCAMMORASE,,CO2e_CUT,1,2014,,,,,,4978.0007
EmissionActivityRatio,NDC,ECU,SUPCAMMORASE,,CO2e_CUT,1,2015,,,,,,3194.3665
EmissionActivityRatio,NDC,ECU,SUPCAMMORASE,,CO2e_CUT,1,2016,,,,,,2207.4522
EmissionActivityRatio,NDC,ECU,SUPCAMMORASE,,CO2e_CUT,1,2017,,,,,,2088.2063
EmissionActivityRatio,NDC,ECU,SUPCAMMORASE,,CO2e_CUT,1,2018,,,,,,2014.8031
EmissionActivityRatio,NDC,ECU,SUPCAMMORASE,,CO2e_CUT,1,2019,,,,,,7993.7833
EmissionActivityRatio,NDC,ECU,SUPCAMMORASE,,CO2e_CUT,1,2020,,,,,,7993.7833
EmissionActivityRatio,NDC,ECU,SUPCAMMORASE,,CO2e_CUT,1,2021,,,,,,2867.4742
EmissionActivityRatio,NDC,ECU,SUPCAMMORASE,,CO2e_CUT,1,2022,,,,,,2867.4742
EmissionActivityRatio,NDC,ECU,SUPCAMMORASE,,CO2e_CUT,1,2023,,,,,,4373.5354
EmissionActivityRatio,NDC,ECU,SUPCAMMORASE,,CO2e_CUT,1,2024,,,,,,4373.5354
EmissionActivityRatio,NDC,ECU,SUPCAMMORASE,,CO2e_CUT,1,2025,,,,,,4373.5354
EmissionActivityRatio,NDC,ECU,SUPCAMMORASE,,CO2e_CUT,1,2026,,,,,,4373.5354
EmissionActivityRatio,NDC,ECU,SUPCAMMORASE,,CO2e_CUT,1,2027,,,,,,4373.5354
EmissionActivityRatio,NDC,ECU,SUPCAMMORASE,,CO2e_CUT,1,2028,,,,,,4373.5354
EmissionActivityRatio,NDC,ECU,SUPCAMMORASE,,CO2e_CUT,1,2029,,,,,,4373.5354
EmissionActivityRatio,NDC,ECU,SUPCAMMORASE,,CO2e_CUT,1,2030,,,,,,4373.5354
EmissionActivityRatio,NDC,ECU,SUPCAMMORASE,,CO2e_CUT,1,2031,,,,,,4373.5354
EmissionActivityRatio,NDC,ECU,SUPCAMMORASE,,CO2e_CUT,1,2032,,,,,,4373.5354
EmissionActivityRatio,NDC,ECU,SUPCAMMORASE,,CO2e_CUT,1,2033,,,,,,4373.5354
EmissionActivityRatio,NDC,ECU,SUPCAMMORASE,,CO2e_CUT,1,2034,,,,,,4373.5354
EmissionActivityRatio,NDC,ECU,SUPCAMMORASE,,CO2e_CUT,1,2035,,,,,,4373.5354
EmissionActivityRatio,NDC,ECU,SUPCAMPFOASE,,CO2e_CUT,1,2010,,,,,,67.5061
EmissionActivityRatio,NDC,ECU,SUPCAMPFOASE,,CO2e_CUT,1,2011,,,,,,65.027
EmissionActivityRatio,NDC,ECU,SUPCAMPFOASE,,CO2e_CUT,1,2012,,,,,,62.7234
EmissionActivityRatio,NDC,ECU,SUPCAMPFOASE,,CO2e_CUT,1,2013,,,,,,61.2939
EmissionActivityRatio,NDC,ECU,SUPCAMPFOASE,,CO2e_CUT,1,2014,,,,,,59.9281
EmissionActivityRatio,NDC,ECU,SUPCAMPFOASE,,CO2e_CUT,1,2015,,,,,,46.0109
EmissionActivityRatio,NDC,ECU,SUPCAMPFOASE,,CO2e_CUT,1,2016,,,,,,38.313
EmissionActivityRatio,NDC,ECU,SUPCAMPFOASE,,CO2e_CUT,1,2017,,,,,,27.0647
EmissionActivityRatio,NDC,ECU,SUPCAMPFOASE,,CO2e_CUT,1,2018,,,,,,22.0786
EmissionActivityRatio,NDC,ECU,SUPCAMPFOASE,,CO2e_CUT,1,2019,,,,,,315.5231
EmissionActivityRatio,NDC,ECU,SUPCAMPFOASE,,CO2e_CUT,1,2020,,,,,,315.5231
EmissionActivityRatio,NDC,ECU,SUPCAMPFOASE,,CO2e_CUT,1,2021,,,,,,1458.1486
EmissionActivityRatio,NDC,ECU,SUPCAMPFOASE,,CO2e_CUT,1,2022,,,,,,1458.1486
EmissionActivityRatio,NDC,ECU,SUPCAMPFOASE,,CO2e_CUT,1,2023,,,,,,307.4838
EmissionActivityRatio,NDC,ECU,SUPCAMPFOASE,,CO2e_CUT,1,2024,,,,,,307.4838
EmissionActivityRatio,NDC,ECU,SUPCAMPFOASE,,CO2e_CUT,1,2025,,,,,,307.4838
EmissionActivityRatio,NDC,ECU,SUPCAMPFOASE,,CO2e_CUT,1,2026,,,,,,307.4838
EmissionActivityRatio,NDC,ECU,SUPCAMPFOASE,,CO2e_CUT,1,2027,,,,,,307.4838
EmissionActivityRatio,NDC,ECU,SUPCAMPFOASE,,CO2e_CUT,1,2028,,,,,,307.4838
EmissionActivityRatio,NDC,ECU,SUPCAMPFOASE,,CO2e_CUT,1,2029,,,,,,307.4838
EmissionActivityRatio,NDC,ECU,SUPCAMPFOASE,,CO2e_CUT,1,2030,,,,,,307.4838
EmissionActivityRatio,NDC,ECU,SUPCAMPFOASE,,CO2e_CUT,1,2031,,,,,,307.4838
EmissionActivityRatio,NDC,ECU,SUPCAMPFOASE,,CO2e_CUT,1,2032,,,,,,307.4838
EmissionActivityRatio,NDC,ECU,SUPCAMPFOASE,,CO2e_CUT,1,2033,,,,,,307.4838
EmissionActivityRatio,NDC,ECU,SUPCAMPFOASE,,CO2e_CUT,1,2034,,,,,,307.4838
EmissionActivityRatio,NDC,ECU,SUPCAMPFOASE,,CO2e_CUT,1,2035,,,,,,307.4838
EmissionActivityRatio,NDC,ECU,SUPCAMCROASE,,CO2e_CUT,1,2010,,,,,,238.3333
EmissionActivityRatio,NDC,ECU,SUPCAMCROASE,,CO2e_CUT,1,2011,,,,,,238.3333
EmissionActivityRatio,NDC,ECU,SUPCAMCROASE,,CO2e_CUT,1,2012,,,,,,238.3333
EmissionActivityRatio,NDC,ECU,SUPCAMCROASE,,CO2e_CUT,1,2013,,,,,,238.3333
EmissionActivityRatio,NDC,ECU,SUPCAMCROASE,,CO2e_CUT,1,2014,,,,,,238.3333
EmissionActivityRatio,NDC,ECU,SUPCAMCROASE,,CO2e_CUT,1,2015,,,,,,238.3333
EmissionActivityRatio,NDC,ECU,SUPCAMCROASE,,CO2e_CUT,1,2016,,,,,,238.3333
EmissionActivityRatio,NDC,ECU,SUPCAMCROASE,,CO2e_CUT,1,2017,,,,,,238.3333
EmissionActivityRatio,NDC,ECU,SUPCAMCROASE,,CO2e_CUT,1,2018,,,,,,238.3333
EmissionActivityRatio,NDC,ECU,SUPCAMCROASE,,CO2e_CUT,1,2019,,,,,,238.3333
EmissionActivityRatio,NDC,ECU,SUPCAMCROASE,,CO2e_CUT,1,2020,,,,,,238.3333
EmissionActivityRatio,NDC,ECU,SUPCAMCROASE,,CO2e_CUT,1,2021,,,,,,238.3333
EmissionActivityRatio,NDC,ECU,SUPCAMCROASE,,CO2e_CUT,1,2022,,,,,,238.3333
EmissionActivityRatio,NDC,ECU,SUPCAMCROASE,,CO2e_CUT,1,2023,,,,,,238.3333
EmissionActivityRatio,NDC,ECU,SUPCAMCROASE,,CO2e_CUT,1,2024,,,,,,238.3333
EmissionActivityRatio,NDC,ECU,SUPCAMCROASE,,CO2e_CUT,1,2025,,,,,,238.3333
EmissionActivityRatio,NDC,ECU,SUPCAMCROASE,,CO2e_CUT,1,2026,,,,,,238.3333
EmissionActivityRatio,NDC,ECU,SUPCAMCROASE,,CO2e_CUT,1,2027,,,,,,238.3333
EmissionActivityRatio,NDC,ECU,SUPCAMCROASE,,CO2e_CUT,1,2028,,,,,,238.3333
EmissionActivityRatio,NDC,ECU,SUPCAMCROASE,,CO2e_CUT,1,2029,,,,,,238.3333
EmissionActivityRatio,NDC,ECU,SUPCAMCROASE,,CO2e_CUT,1,2030,,,,,,238.3333
EmissionActivityRatio,NDC,ECU,SUPCAMCROASE,,CO2e_CUT,1,2031,,,,,,238.3333
EmissionActivityRatio,NDC,ECU,SUPCAMCROASE,,CO2e_CUT,1,2032,,,,,,238.3333
EmissionActivityRatio,NDC,ECU,SUPCAMCROASE,,CO2e_CUT,1,2033,,,,,,238.3333
EmissionActivityRatio,NDC,ECU,SUPCAMCROASE,,CO2e_CUT,1,2034,,,,,,238.3333
EmissionActivityRatio,NDC,ECU,SUPCAMCROASE,,CO2e_CUT,1,2035,,,,,,238.3333
EmissionActivityRatio,NDC,ECU,SUPCAMGRAASE,,CO2e_CUT,1,2010,,,,,,127.5204
EmissionActivityRatio,NDC,ECU,SUPCAMGRAASE,,CO2e_CUT,1,2011,,,,,,127.5204
EmissionActivityRatio,NDC,ECU,SUPCAMGRAASE,,CO2e_CUT,1,2012,,,,,,127.5204
EmissionActivityRatio,NDC,ECU,SUPCAMGRAASE,,CO2e_CUT,1,2013,,,,,,127.5204
EmissionActivityRatio,NDC,ECU,SUPCAMGRAASE,,CO2e_CUT,1,2014,,,,,,127.5204
EmissionActivityRatio,NDC,ECU,SUPCAMGRAASE,,CO2e_CUT,1,2015,,,,,,121.9808
EmissionActivityRatio,NDC,ECU,SUPCAMGRAASE,,CO2e_CUT,1,2016,,,,,,112.2296
EmissionActivityRatio,NDC,ECU,SUPCAMGRAASE,,CO2e_CUT,1,2017,,,,,,117.3816
EmissionActivityRatio,NDC,ECU,SUPCAMGRAASE,,CO2e_CUT,1,2018,,,,,,123.7949
EmissionActivityRatio,NDC,ECU,SUPCAMGRAASE,,CO2e_CUT,1,2019,,,,,,135.7153
EmissionActivityRatio,NDC,ECU,SUPCAMGRAASE,,CO2e_CUT,1,2020,,,,,,135.7153
EmissionActivityRatio,NDC,ECU,SUPCAMGRAASE,,CO2e_CUT,1,2021,,,,,,137.8667
EmissionActivityRatio,NDC,ECU,SUPCAMGRAASE,,CO2e_CUT,1,2022,,,,,,137.8667
EmissionActivityRatio,NDC,ECU,SUPCAMGRAASE,,CO2e_CUT,1,2023,,,,,,127.7041
EmissionActivityRatio,NDC,ECU,SUPCAMGRAASE,,CO2e_CUT,1,2024,,,,,,127.7041
EmissionActivityRatio,NDC,ECU,SUPCAMGRAASE,,CO2e_CUT,1,2025,,,,,,127.7041
EmissionActivityRatio,NDC,ECU,SUPCAMGRAASE,,CO2e_CUT,1,2026,,,,,,127.7041
EmissionActivityRatio,NDC,ECU,SUPCAMGRAASE,,CO2e_CUT,1,2027,,,,,,127.7041
EmissionActivityRatio,NDC,ECU,SUPCAMGRAASE,,CO2e_CUT,1,2028,,,,,,127.7041
EmissionActivityRatio,NDC,ECU,SUPCAMGRAASE,,CO2e_CUT,1,2029,,,,,,127.7041
EmissionActivityRatio,NDC,ECU,SUPCAMGRAASE,,CO2e_CUT,1,2030,,,,,,127.7041
EmissionActivityRatio,NDC,ECU,SUPCAMGRAASE,,CO2e_CUT,1,2031,,,,,,127.7041
EmissionActivityRatio,NDC,ECU,SUPCAMGRAASE,,CO2e_CUT,1,2032,,,,,,127.7041
EmissionActivityRatio,NDC,ECU,SUPCAMGRAASE,,CO2e_CUT,1,2033,,,,,,127.7041
EmissionActivityRatio,NDC,ECU,SUPCAMGRAASE,,CO2e_CUT,1,2034,,,,,,127.7041
EmissionActivityRatio,NDC,ECU,SUPCAMGRAASE,,CO2e_CUT,1,2035,,,,,,127.7041
EmissionActivityRatio,NDC,ECU,SUPCAMANDOTI,,CO2e_CUT,1,2010,,,,,,1150.1461
EmissionActivityRatio,NDC,ECU,SUPCAMANDOTI,,CO2e_CUT,1,2011,,,,,,1202.5003
EmissionActivityRatio,NDC,ECU,SUPCAMANDOTI,,CO2e_CUT,1,2012,,,,,,1251.1452
EmissionActivityRatio,NDC,ECU,SUPCAMANDOTI,,CO2e_CUT,1,2013,,,,,,1233.4154
EmissionActivityRatio,NDC,ECU,SUPCAMANDOTI,,CO2e_CUT,1,2014,,,,,,1216.4758
EmissionActivityRatio,NDC,ECU,SUPCAMANDOTI,,CO2e_CUT,1,2015,,,,,,66.6603
EmissionActivityRatio,NDC,ECU,SUPCAMANDOTI,,CO2e_CUT,1,2016,,,,,,53.2752
EmissionActivityRatio,NDC,ECU,SUPCAMANDOTI,,CO2e_CUT,1,2017,,,,,,65.9885
EmissionActivityRatio,NDC,ECU,SUPCAMANDOTI,,CO2e_CUT,1,2018,,,,,,90.2257
EmissionActivityRatio,NDC,ECU,SUPCAMANDOTI,,CO2e_CUT,1,2019,,,,,,176.7284
EmissionActivityRatio,NDC,ECU,SUPCAMANDOTI,,CO2e_CUT,1,2020,,,,,,176.7284
EmissionActivityRatio,NDC,ECU,SUPCAMANDOTI,,CO2e_CUT,1,2021,,,,,,512.5749
EmissionActivityRatio,NDC,ECU,SUPCAMANDOTI,,CO2e_CUT,1,2022,,,,,,512.5749
EmissionActivityRatio,NDC,ECU,SUPCAMANDOTI,,CO2e_CUT,1,2023,,,,,,592.9569
EmissionActivityRatio,NDC,ECU,SUPCAMANDOTI,,CO2e_CUT,1,2024,,,,,,592.9569
EmissionActivityRatio,NDC,ECU,SUPCAMANDOTI,,CO2e_CUT,1,2025,,,,,,592.9569
EmissionActivityRatio,NDC,ECU,SUPCAMANDOTI,,CO2e_CUT,1,2026,,,,,,592.9569
EmissionActivityRatio,NDC,ECU,SUPCAMANDOTI,,CO2e_CUT,1,2027,,,,,,592.9569
EmissionActivityRatio,NDC,ECU,SUPCAMANDOTI,,CO2e_CUT,1,2028,,,,,,592.9569
EmissionActivityRatio,NDC,ECU,SUPCAMANDOTI,,CO2e_CUT,1,2029,,,,,,592.9569
EmissionActivityRatio,NDC,ECU,SUPCAMANDOTI,,CO2e_CUT,1,2030,,,,,,592.9569
EmissionActivityRatio,NDC,ECU,SUPCAMANDOTI,,CO2e_CUT,1,2031,,,,,,592.9569
EmissionActivityRatio,NDC,ECU,SUPCAMANDOTI,,CO2e_CUT,1,2032,,,,,,592.9569
EmissionActivityRatio,NDC,ECU,SUPCAMANDOTI,,CO2e_CUT,1,2033,,,,,,592.9569
EmissionActivityRatio,NDC,ECU,SUPCAMANDOTI,,CO2e_CUT,1,2034,,,,,,592.9569
EmissionActivityRatio,NDC,ECU,SUPCAMANDOTI,,CO2e_CUT,1,2035,,,,,,592.9569
EmissionActivityRatio,NDC,ECU,SUPCAMPLUOTI,,CO2e_CUT,1,2010,,,,,,9.4783
EmissionActivityRatio,NDC,ECU,SUPCAMPLUOTI,,CO2e_CUT,1,2011,,,,,,9.5565
EmissionActivityRatio,NDC,ECU,SUPCAMPLUOTI,,CO2e_CUT,1,2012,,,,,,9.6293
EmissionActivityRatio,NDC,ECU,SUPCAMPLUOTI,,CO2e_CUT,1,2013,,,,,,9.707
EmissionActivityRatio,NDC,ECU,SUPCAMPLUOTI,,CO2e_CUT,1,2014,,,,,,9.7813
EmissionActivityRatio,NDC,ECU,SUPCAMPLUOTI,,CO2e_CUT,1,2015,,,,,,24.393
EmissionActivityRatio,NDC,ECU,SUPCAMPLUOTI,,CO2e_CUT,1,2016,,,,,,39.2754
EmissionActivityRatio,NDC,ECU,SUPCAMPLUOTI,,CO2e_CUT,1,2017,,,,,,59.1618
EmissionActivityRatio,NDC,ECU,SUPCAMPLUOTI,,CO2e_CUT,1,2018,,,,,,136.2975
EmissionActivityRatio,NDC,ECU,SUPCAMPLUOTI,,CO2e_CUT,1,2019,,,,,,160.4712
EmissionActivityRatio,NDC,ECU,SUPCAMPLUOTI,,CO2e_CUT,1,2020,,,,,,160.4712
EmissionActivityRatio,NDC,ECU,SUPCAMPLUOTI,,CO2e_CUT,1,2021,,,,,,283.2368
EmissionActivityRatio,NDC,ECU,SUPCAMPLUOTI,,CO2e_CUT,1,2022,,,,,,283.2368
EmissionActivityRatio,NDC,ECU,SUPCAMPLUOTI,,CO2e_CUT,1,2023,,,,,,91.8997
EmissionActivityRatio,NDC,ECU,SUPCAMPLUOTI,,CO2e_CUT,1,2024,,,,,,91.8997
EmissionActivityRatio,NDC,ECU,SUPCAMPLUOTI,,CO2e_CUT,1,2025,,,,,,91.8997
EmissionActivityRatio,NDC,ECU,SUPCAMPLUOTI,,CO2e_CUT,1,2026,,,,,,91.8997
EmissionActivityRatio,NDC,ECU,SUPCAMPLUOTI,,CO2e_CUT,1,2027,,,,,,91.8997
EmissionActivityRatio,NDC,ECU,SUPCAMPLUOTI,,CO2e_CUT,1,2028,,,,,,91.8997
EmissionActivityRatio,NDC,ECU,SUPCAMPLUOTI,,CO2e_CUT,1,2029,,,,,,91.8997
EmissionActivityRatio,NDC,ECU,SUPCAMPLUOTI,,CO2e_CUT,1,2030,,,,,,91.8997
EmissionActivityRatio,NDC,ECU,SUPCAMPLUOTI,,CO2e_CUT,1,2031,,,,,,91.8997
EmissionActivityRatio,NDC,ECU,SUPCAMPLUOTI,,CO2e_CUT,1,2032,,,,,,91.8997
EmissionActivityRatio,NDC,ECU,SUPCAMPLUOTI,,CO2e_CUT,1,2033,,,,,,91.8997
EmissionActivityRatio,NDC,ECU,SUPCAMPLUOTI,,CO2e_CUT,1,2034,,,,,,91.8997
EmissionActivityRatio,NDC,ECU,SUPCAMPLUOTI,,CO2e_CUT,1,2035,,,,,,91.8997
EmissionActivityRatio,NDC,ECU,SUPCAMMONOTI,,CO2e_CUT,1,2010,,,,,,866.5932
EmissionActivityRatio,NDC,ECU,SUPCAMMONOTI,,CO2e_CUT,1,2011,,,,,,838.9012
EmissionActivityRatio,NDC,ECU,SUPCAMMONOTI,,CO2e_CUT,1,2012,,,,,,813.1712
EmissionActivityRatio,NDC,ECU,SUPCAMMONOTI,,CO2e_CUT,1,2013,,,,,,817.9751
EmissionActivityRatio,NDC,ECU,SUPCAMMONOTI,,CO2e_CUT,1,2014,,,,,,822.5648
EmissionActivityRatio,NDC,ECU,SUPCAMMONOTI,,CO2e_CUT,1,2015,,,,,,427.3664
EmissionActivityRatio,NDC,ECU,SUPCAMMONOTI,,CO2e_CUT,1,2016,,,,,,377.0791
EmissionActivityRatio,NDC,ECU,SUPCAMMONOTI,,CO2e_CUT,1,2017,,,,,,475.1917
EmissionActivityRatio,NDC,ECU,SUPCAMMONOTI,,CO2e_CUT,1,2018,,,,,,665.3795
EmissionActivityRatio,NDC,ECU,SUPCAMMONOTI,,CO2e_CUT,1,2019,,,,,,571.2071
EmissionActivityRatio,NDC,ECU,SUPCAMMONOTI,,CO2e_CUT,1,2020,,,,,,571.2071
EmissionActivityRatio,NDC,ECU,SUPCAMMONOTI,,CO2e_CUT,1,2021,,,,,,888.6897
EmissionActivityRatio,NDC,ECU,SUPCAMMONOTI,,CO2e_CUT,1,2022,,,,,,888.6897
EmissionActivityRatio,NDC,ECU,SUPCAMMONOTI,,CO2e_CUT,1,2023,,,,,,694.1551
EmissionActivityRatio,NDC,ECU,SUPCAMMONOTI,,CO2e_CUT,1,2024,,,,,,694.1551
EmissionActivityRatio,NDC,ECU,SUPCAMMONOTI,,CO2e_CUT,1,2025,,,,,,694.1551
EmissionActivityRatio,NDC,ECU,SUPCAMMONOTI,,CO2e_CUT,1,2026,,,,,,694.1551
EmissionActivityRatio,NDC,ECU,SUPCAMMONOTI,,CO2e_CUT,1,2027,,,,,,694.1551
EmissionActivityRatio,NDC,ECU,SUPCAMMONOTI,,CO2e_CUT,1,2028,,,,,,694.1551
EmissionActivityRatio,NDC,ECU,SUPCAMMONOTI,,CO2e_CUT,1,2029,,,,,,694.1551
EmissionActivityRatio,NDC,ECU,SUPCAMMONOTI,,CO2e_CUT,1,2030,,,,,,694.1551
EmissionActivityRatio,NDC,ECU,SUPCAMMONOTI,,CO2e_CUT,1,2031,,,,,,694.1551
EmissionActivityRatio,NDC,ECU,SUPCAMMONOTI,,CO2e_CUT,1,2032,,,,,,694.1551
EmissionActivityRatio,NDC,ECU,SUPCAMMONOTI,,CO2e_CUT,1,2033,,,,,,694.1551
EmissionActivityRatio,NDC,ECU,SUPCAMMONOTI,,CO2e_CUT,1,2034,,,,,,694.1551
EmissionActivityRatio,NDC,ECU,SUPCAMMONOTI,,CO2e_CUT,1,2035,,,,,,694.1551
EmissionActivityRatio,NDC,ECU,SUPCAMPIEOTI,,CO2e_CUT,1,2010,,,,,,826.476
EmissionActivityRatio,NDC,ECU,SUPCAMPIEOTI,,CO2e_CUT,1,2011,,,,,,797.835
EmissionActivityRatio,NDC,ECU,SUPCAMPIEOTI,,CO2e_CUT,1,2012,,,,,,771.2231
EmissionActivityRatio,NDC,ECU,SUPCAMPIEOTI,,CO2e_CUT,1,2013,,,,,,782.8816
EmissionActivityRatio,NDC,ECU,SUPCAMPIEOTI,,CO2e_CUT,1,2014,,,,,,794.0205
EmissionActivityRatio,NDC,ECU,SUPCAMPIEOTI,,CO2e_CUT,1,2015,,,,,,679.4133
EmissionActivityRatio,NDC,ECU,SUPCAMPIEOTI,,CO2e_CUT,1,2016,,,,,,648.4945
EmissionActivityRatio,NDC,ECU,SUPCAMPIEOTI,,CO2e_CUT,1,2017,,,,,,517.9593
EmissionActivityRatio,NDC,ECU,SUPCAMPIEOTI,,CO2e_CUT,1,2018,,,,,,425.5836
EmissionActivityRatio,NDC,ECU,SUPCAMPIEOTI,,CO2e_CUT,1,2019,,,,,,1049.5622
EmissionActivityRatio,NDC,ECU,SUPCAMPIEOTI,,CO2e_CUT,1,2020,,,,,,1049.5622
EmissionActivityRatio,NDC,ECU,SUPCAMPIEOTI,,CO2e_CUT,1,2021,,,,,,224.6734
EmissionActivityRatio,NDC,ECU,SUPCAMPIEOTI,,CO2e_CUT,1,2022,,,,,,224.6734
EmissionActivityRatio,NDC,ECU,SUPCAMPIEOTI,,CO2e_CUT,1,2023,,,,,,676.3352
EmissionActivityRatio,NDC,ECU,SUPCAMPIEOTI,,CO2e_CUT,1,2024,,,,,,676.3352
EmissionActivityRatio,NDC,ECU,SUPCAMPIEOTI,,CO2e_CUT,1,2025,,,,,,676.3352
EmissionActivityRatio,NDC,ECU,SUPCAMPIEOTI,,CO2e_CUT,1,2026,,,,,,676.3352
EmissionActivityRatio,NDC,ECU,SUPCAMPIEOTI,,CO2e_CUT,1,2027,,,,,,676.3352
EmissionActivityRatio,NDC,ECU,SUPCAMPIEOTI,,CO2e_CUT,1,2028,,,,,,676.3352
EmissionActivityRatio,NDC,ECU,SUPCAMPIEOTI,,CO2e_CUT,1,2029,,,,,,676.3352
EmissionActivityRatio,NDC,ECU,SUPCAMPIEOTI,,CO2e_CUT,1,2030,,,,,,676.3352
EmissionActivityRatio,NDC,ECU,SUPCAMPIEOTI,,CO2e_CUT,1,2031,,,,,,676.3352
EmissionActivityRatio,NDC,ECU,SUPCAMPIEOTI,,CO2e_CUT,1,2032,,,,,,676.3352
EmissionActivityRatio,NDC,ECU,SUPCAMPIEOTI,,CO2e_CUT,1,2033,,,,,,676.3352
EmissionActivityRatio,NDC,ECU,SUPCAMPIEOTI,,CO2e_CUT,1,2034,,,,,,676.3352
EmissionActivityRatio,NDC,ECU,SUPCAMPIEOTI,,CO2e_CUT,1,2035,,,,,,676.3352
EmissionActivityRatio,NDC,ECU,SUPCAMCEJOTI,,CO2e_CUT,1,2010,,,,,,165.2545
EmissionActivityRatio,NDC,ECU,SUPCAMCEJOTI,,CO2e_CUT,1,2011,,,,,,160.4623
EmissionActivityRatio,NDC,ECU,SUPCAMCEJOTI,,CO2e_CUT,1,2012,,,,,,156.0097
EmissionActivityRatio,NDC,ECU,SUPCAMCEJOTI,,CO2e_CUT,1,2013,,,,,,155.0562
EmissionActivityRatio,NDC,ECU,SUPCAMCEJOTI,,CO2e_CUT,1,2014,,,,,,154.1452
EmissionActivityRatio,NDC,ECU,SUPCAMCEJOTI,,CO2e_CUT,1,2015,,,,,,195.0591
EmissionActivityRatio,NDC,ECU,SUPCAMCEJOTI,,CO2e_CUT,1,2016,,,,,,207.8573
EmissionActivityRatio,NDC,ECU,SUPCAMCEJOTI,,CO2e_CUT,1,2017,,,,,,255.7098
EmissionActivityRatio,NDC,ECU,SUPCAMCEJOTI,,CO2e_CUT,1,2018,,,,,,332.2538
EmissionActivityRatio,NDC,ECU,SUPCAMCEJOTI,,CO2e_CUT,1,2019,,,,,,367.5285
EmissionActivityRatio,NDC,ECU,SUPCAMCEJOTI,,CO2e_CUT,1,2020,,,,,,367.5285
EmissionActivityRatio,NDC,ECU,SUPCAMCEJOTI,,CO2e_CUT,1,2021,,,,,,1383.2356
EmissionActivityRatio,NDC,ECU,SUPCAMCEJOTI,,CO2e_CUT,1,2022,,,,,,1383.2356
EmissionActivityRatio,NDC,ECU,SUPCAMCEJOTI,,CO2e_CUT,1,2023,,,,,,406.4105
EmissionActivityRatio,NDC,ECU,SUPCAMCEJOTI,,CO2e_CUT,1,2024,,,,,,406.4105
EmissionActivityRatio,NDC,ECU,SUPCAMCEJOTI,,CO2e_CUT,1,2025,,,,,,406.4105
EmissionActivityRatio,NDC,ECU,SUPCAMCEJOTI,,CO2e_CUT,1,2026,,,,,,406.4105
EmissionActivityRatio,NDC,ECU,SUPCAMCEJOTI,,CO2e_CUT,1,2027,,,,,,406.4105
EmissionActivityRatio,NDC,ECU,SUPCAMCEJOTI,,CO2e_CUT,1,2028,,,,,,406.4105
EmissionActivityRatio,NDC,ECU,SUPCAMCEJOTI,,CO2e_CUT,1,2029,,,,,,406.4105
EmissionActivityRatio,NDC,ECU,SUPCAMCEJOTI,,CO2e_CUT,1,2030,,,,,,406.4105
EmissionActivityRatio,NDC,ECU,SUPCAMCEJOTI,,CO2e_CUT,1,2031,,,,,,406.4105
EmissionActivityRatio,NDC,ECU,SUPCAMCEJOTI,,CO2e_CUT,1,2032,,,,,,406.4105
EmissionActivityRatio,NDC,ECU,SUPCAMCEJOTI,,CO2e_CUT,1,2033,,,,,,406.4105
EmissionActivityRatio,NDC,ECU,SUPCAMCEJOTI,,CO2e_CUT,1,2034,,,,,,406.4105
EmissionActivityRatio,NDC,ECU,SUPCAMCEJOTI,,CO2e_CUT,1,2035,,,,,,406.4105
EmissionActivityRatio,NDC,ECU,SUPCAMAMAOTI,,CO2e_CUT,1,2010,,,,,,1436.8824
EmissionActivityRatio,NDC,ECU,SUPCAMAMAOTI,,CO2e_CUT,1,2011,,,,,,1486.2817
EmissionActivityRatio,NDC,ECU,SUPCAMAMAOTI,,CO2e_CUT,1,2012,,,,,,1532.1812
EmissionActivityRatio,NDC,ECU,SUPCAMAMAOTI,,CO2e_CUT,1,2013,,,,,,1529.2595
EmissionActivityRatio,NDC,ECU,SUPCAMAMAOTI,,CO2e_CUT,1,2014,,,,,,1526.468
EmissionActivityRatio,NDC,ECU,SUPCAMAMAOTI,,CO2e_CUT,1,2015,,,,,,849.8547
EmissionActivityRatio,NDC,ECU,SUPCAMAMAOTI,,CO2e_CUT,1,2016,,,,,,763.2041
EmissionActivityRatio,NDC,ECU,SUPCAMAMAOTI,,CO2e_CUT,1,2017,,,,,,635.4884
EmissionActivityRatio,NDC,ECU,SUPCAMAMAOTI,,CO2e_CUT,1,2018,,,,,,538.95
EmissionActivityRatio,NDC,ECU,SUPCAMAMAOTI,,CO2e_CUT,1,2019,,,,,,519.2112
EmissionActivityRatio,NDC,ECU,SUPCAMAMAOTI,,CO2e_CUT,1,2020,,,,,,519.2112
EmissionActivityRatio,NDC,ECU,SUPCAMAMAOTI,,CO2e_CUT,1,2021,,,,,,465.3112
EmissionActivityRatio,NDC,ECU,SUPCAMAMAOTI,,CO2e_CUT,1,2022,,,,,,465.3112
EmissionActivityRatio,NDC,ECU,SUPCAMAMAOTI,,CO2e_CUT,1,2023,,,,,,943.6627
EmissionActivityRatio,NDC,ECU,SUPCAMAMAOTI,,CO2e_CUT,1,2024,,,,,,943.6627
EmissionActivityRatio,NDC,ECU,SUPCAMAMAOTI,,CO2e_CUT,1,2025,,,,,,943.6627
EmissionActivityRatio,NDC,ECU,SUPCAMAMAOTI,,CO2e_CUT,1,2026,,,,,,943.6627
EmissionActivityRatio,NDC,ECU,SUPCAMAMAOTI,,CO2e_CUT,1,2027,,,,,,943.6627
EmissionActivityRatio,NDC,ECU,SUPCAMAMAOTI,,CO2e_CUT,1,2028,,,,,,943.6627
EmissionActivityRatio,NDC,ECU,SUPCAMAMAOTI,,CO2e_CUT,1,2029,,,,,,943.6627
EmissionActivityRatio,NDC,ECU,SUPCAMAMAOTI,,CO2e_CUT,1,2030,,,,,,943.6627
EmissionActivityRatio,NDC,ECU,SUPCAMAMAOTI,,CO2e_CUT,1,2031,,,,,,943.6627
EmissionActivityRatio,NDC,ECU,SUPCAMAMAOTI,,CO2e_CUT,1,2032,,,,,,943.6627
EmissionActivityRatio,NDC,ECU,SUPCAMAMAOTI,,CO2e_CUT,1,2033,,,,,,943.6627
EmissionActivityRatio,NDC,ECU,SUPCAMAMAOTI,,CO2e_CUT,1,2034,,,,,,943.6627
EmissionActivityRatio,NDC,ECU,SUPCAMAMAOTI,,CO2e_CUT,1,2035,,,,,,943.6627
EmissionActivityRatio,NDC,ECU,SUPCAMCHOOTI,,CO2e_CUT,1,2010,,,,,,579.8389
EmissionActivityRatio,NDC,ECU,SUPCAMCHOOTI,,CO2e_CUT,1,2011,,,,,,562.677
EmissionActivityRatio,NDC,ECU,SUPCAMCHOOTI,,CO2e_CUT,1,2012,,,,,,546.7311
EmissionActivityRatio,NDC,ECU,SUPCAMCHOOTI,,CO2e_CUT,1,2013,,,,,,542.6022
EmissionActivityRatio,NDC,ECU,SUPCAMCHOOTI,,CO2e_CUT,1,2014,,,,,,538.6574
EmissionActivityRatio,NDC,ECU,SUPCAMCHOOTI,,CO2e_CUT,1,2015,,,,,,704.242
EmissionActivityRatio,NDC,ECU,SUPCAMCHOOTI,,CO2e_CUT,1,2016,,,,,,748.5414
EmissionActivityRatio,NDC,ECU,SUPCAMCHOOTI,,CO2e_CUT,1,2017,,,,,,531.8686
EmissionActivityRatio,NDC,ECU,SUPCAMCHOOTI,,CO2e_CUT,1,2018,,,,,,402.2678
EmissionActivityRatio,NDC,ECU,SUPCAMCHOOTI,,CO2e_CUT,1,2019,,,,,,358.8395
EmissionActivityRatio,NDC,ECU,SUPCAMCHOOTI,,CO2e_CUT,1,2020,,,,,,358.8395
EmissionActivityRatio,NDC,ECU,SUPCAMCHOOTI,,CO2e_CUT,1,2021,,,,,,1925.7931
EmissionActivityRatio,NDC,ECU,SUPCAMCHOOTI,,CO2e_CUT,1,2022,,,,,,1925.7931
EmissionActivityRatio,NDC,ECU,SUPCAMCHOOTI,,CO2e_CUT,1,2023,,,,,,748.207
EmissionActivityRatio,NDC,ECU,SUPCAMCHOOTI,,CO2e_CUT,1,2024,,,,,,748.207
EmissionActivityRatio,NDC,ECU,SUPCAMCHOOTI,,CO2e_CUT,1,2025,,,,,,748.207
EmissionActivityRatio,NDC,ECU,SUPCAMCHOOTI,,CO2e_CUT,1,2026,,,,,,748.207
EmissionActivityRatio,NDC,ECU,SUPCAMCHOOTI,,CO2e_CUT,1,2027,,,,,,748.207
EmissionActivityRatio,NDC,ECU,SUPCAMCHOOTI,,CO2e_CUT,1,2028,,,,,,748.207
EmissionActivityRatio,NDC,ECU,SUPCAMCHOOTI,,CO2e_CUT,1,2029,,,,,,748.207
EmissionActivityRatio,NDC,ECU,SUPCAMCHOOTI,,CO2e_CUT,1,2030,,,,,,748.207
EmissionActivityRatio,NDC,ECU,SUPCAMCHOOTI,,CO2e_CUT,1,2031,,,,,,748.207
EmissionActivityRatio,NDC,ECU,SUPCAMCHOOTI,,CO2e_CUT,1,2032,,,,,,748.207
EmissionActivityRatio,NDC,ECU,SUPCAMCHOOTI,,CO2e_CUT,1,2033,,,,,,748.207
EmissionActivityRatio,NDC,ECU,SUPCAMCHOOTI,,CO2e_CUT,1,2034,,,,,,748.207
EmissionActivityRatio,NDC,ECU,SUPCAMCHOOTI,,CO2e_CUT,1,2035,,,,,,748.207
EmissionActivityRatio,NDC,ECU,SUPCAMMANOTI,,CO2e_CUT,1,2010,,,,,,35.6827
EmissionActivityRatio,NDC,ECU,SUPCAMMANOTI,,CO2e_CUT,1,2011,,,,,,34.5547
EmissionActivityRatio,NDC,ECU,SUPCAMMANOTI,,CO2e_CUT,1,2012,,,,,,33.5065
EmissionActivityRatio,NDC,ECU,SUPCAMMANOTI,,CO2e_CUT,1,2013,,,,,,31.9585
EmissionActivityRatio,NDC,ECU,SUPCAMMANOTI,,CO2e_CUT,1,2014,,,,,,30.4795
EmissionActivityRatio,NDC,ECU,SUPCAMMANOTI,,CO2e_CUT,1,2015,,,,,,41.8108
EmissionActivityRatio,NDC,ECU,SUPCAMMANOTI,,CO2e_CUT,1,2016,,,,,,47.147
EmissionActivityRatio,NDC,ECU,SUPCAMMANOTI,,CO2e_CUT,1,2017,,,,,,45.361
EmissionActivityRatio,NDC,ECU,SUPCAMMANOTI,,CO2e_CUT,1,2018,,,,,,43.6075
EmissionActivityRatio,NDC,ECU,SUPCAMMANOTI,,CO2e_CUT,1,2019,,,,,,35.7863
EmissionActivityRatio,NDC,ECU,SUPCAMMANOTI,,CO2e_CUT,1,2020,,,,,,35.7863
EmissionActivityRatio,NDC,ECU,SUPCAMMANOTI,,CO2e_CUT,1,2021,,,,,,133.1438
EmissionActivityRatio,NDC,ECU,SUPCAMMANOTI,,CO2e_CUT,1,2022,,,,,,133.1438
EmissionActivityRatio,NDC,ECU,SUPCAMMANOTI,,CO2e_CUT,1,2023,,,,,,52.4591
EmissionActivityRatio,NDC,ECU,SUPCAMMANOTI,,CO2e_CUT,1,2024,,,,,,52.4591
EmissionActivityRatio,NDC,ECU,SUPCAMMANOTI,,CO2e_CUT,1,2025,,,,,,52.4591
EmissionActivityRatio,NDC,ECU,SUPCAMMANOTI,,CO2e_CUT,1,2026,,,,,,52.4591
EmissionActivityRatio,NDC,ECU,SUPCAMMANOTI,,CO2e_CUT,1,2027,,,,,,52.4591
EmissionActivityRatio,NDC,ECU,SUPCAMMANOTI,,CO2e_CUT,1,2028,,,,,,52.4591
EmissionActivityRatio,NDC,ECU,SUPCAMMANOTI,,CO2e_CUT,1,2029,,,,,,52.4591
EmissionActivityRatio,NDC,ECU,SUPCAMMANOTI,,CO2e_CUT,1,2030,,,,,,52.4591
EmissionActivityRatio,NDC,ECU,SUPCAMMANOTI,,CO2e_CUT,1,2031,,,,,,52.4591
EmissionActivityRatio,NDC,ECU,SUPCAMMANOTI,,CO2e_CUT,1,2032,,,,,,52.4591
EmissionActivityRatio,NDC,ECU,SUPCAMMANOTI,,CO2e_CUT,1,2033,,,,,,52.4591
EmissionActivityRatio,NDC,ECU,SUPCAMMANOTI,,CO2e_CUT,1,2034,,,,,,52.4591
EmissionActivityRatio,NDC,ECU,SUPCAMMANOTI,,CO2e_CUT,1,2035,,,,,,52.4591
EmissionActivityRatio,NDC,ECU,SUPCAMMOROTI,,CO2e_CUT,1,2010,,,,,,6624.2115
EmissionActivityRatio,NDC,ECU,SUPCAMMOROTI,,CO2e_CUT,1,2011,,,,,,6402.2267
EmissionActivityRatio,NDC,ECU,SUPCAMMOROTI,,CO2e_CUT,1,2012,,,,,,6195.9692
EmissionActivityRatio,NDC,ECU,SUPCAMMOROTI,,CO2e_CUT,1,2013,,,,,,6155.9192
EmissionActivityRatio,NDC,ECU,SUPCAMMOROTI,,CO2e_CUT,1,2014,,,,,,6117.6542
EmissionActivityRatio,NDC,ECU,SUPCAMMOROTI,,CO2e_CUT,1,2015,,,,,,3639.9854
EmissionActivityRatio,NDC,ECU,SUPCAMMOROTI,,CO2e_CUT,1,2016,,,,,,3330.4581
EmissionActivityRatio,NDC,ECU,SUPCAMMOROTI,,CO2e_CUT,1,2017,,,,,,4054.4238
EmissionActivityRatio,NDC,ECU,SUPCAMMOROTI,,CO2e_CUT,1,2018,,,,,,5334.1996
EmissionActivityRatio,NDC,ECU,SUPCAMMOROTI,,CO2e_CUT,1,2019,,,,,,3518.9191
EmissionActivityRatio,NDC,ECU,SUPCAMMOROTI,,CO2e_CUT,1,2020,,,,,,3518.9191
EmissionActivityRatio,NDC,ECU,SUPCAMMOROTI,,CO2e_CUT,1,2021,,,,,,766.8804
EmissionActivityRatio,NDC,ECU,SUPCAMMOROTI,,CO2e_CUT,1,2022,,,,,,766.8804
EmissionActivityRatio,NDC,ECU,SUPCAMMOROTI,,CO2e_CUT,1,2023,,,,,,4340.5113
EmissionActivityRatio,NDC,ECU,SUPCAMMOROTI,,CO2e_CUT,1,2024,,,,,,4340.5113
EmissionActivityRatio,NDC,ECU,SUPCAMMOROTI,,CO2e_CUT,1,2025,,,,,,4340.5113
EmissionActivityRatio,NDC,ECU,SUPCAMMOROTI,,CO2e_CUT,1,2026,,,,,,4340.5113
EmissionActivityRatio,NDC,ECU,SUPCAMMOROTI,,CO2e_CUT,1,2027,,,,,,4340.5113
EmissionActivityRatio,NDC,ECU,SUPCAMMOROTI,,CO2e_CUT,1,2028,,,,,,4340.5113
EmissionActivityRatio,NDC,ECU,SUPCAMMOROTI,,CO2e_CUT,1,2029,,,,,,4340.5113
EmissionActivityRatio,NDC,ECU,SUPCAMMOROTI,,CO2e_CUT,1,2030,,,,,,4340.5113
EmissionActivityRatio,NDC,ECU,SUPCAMMOROTI,,CO2e_CUT,1,2031,,,,,,4340.5113
EmissionActivityRatio,NDC,ECU,SUPCAMMOROTI,,CO2e_CUT,1,2032,,,,,,4340.5113
EmissionActivityRatio,NDC,ECU,SUPCAMMOROTI,,CO2e_CUT,1,2033,,,,,,4340.5113
EmissionActivityRatio,NDC,ECU,SUPCAMMOROTI,,CO2e_CUT,1,2034,,,,,,4340.5113
EmissionActivityRatio,NDC,ECU,SUPCAMMOROTI,,CO2e_CUT,1,2035,,,,,,4340.5113
EmissionActivityRatio,NDC,ECU,SUPCAMPFOOTI,,CO2e_CUT,1,2010,,,,,,42.8445
EmissionActivityRatio,NDC,ECU,SUPCAMPFOOTI,,CO2e_CUT,1,2011,,,,,,41.2711
EmissionActivityRatio,NDC,ECU,SUPCAMPFOOTI,,CO2e_CUT,1,2012,,,,,,39.8091
EmissionActivityRatio,NDC,ECU,SUPCAMPFOOTI,,CO2e_CUT,1,2013,,,,,,38.9018
EmissionActivityRatio,NDC,ECU,SUPCAMPFOOTI,,CO2e_CUT,1,2014,,,,,,38.0349
EmissionActivityRatio,NDC,ECU,SUPCAMPFOOTI,,CO2e_CUT,1,2015,,,,,,58.3549
EmissionActivityRatio,NDC,ECU,SUPCAMPFOOTI,,CO2e_CUT,1,2016,,,,,,81.1547
EmissionActivityRatio,NDC,ECU,SUPCAMPFOOTI,,CO2e_CUT,1,2017,,,,,,71.6526
EmissionActivityRatio,NDC,ECU,SUPCAMPFOOTI,,CO2e_CUT,1,2018,,,,,,63.0762
EmissionActivityRatio,NDC,ECU,SUPCAMPFOOTI,,CO2e_CUT,1,2019,,,,,,1317.3878
EmissionActivityRatio,NDC,ECU,SUPCAMPFOOTI,,CO2e_CUT,1,2020,,,,,,1317.3878
EmissionActivityRatio,NDC,ECU,SUPCAMPFOOTI,,CO2e_CUT,1,2021,,,,,,301.133
EmissionActivityRatio,NDC,ECU,SUPCAMPFOOTI,,CO2e_CUT,1,2022,,,,,,301.133
EmissionActivityRatio,NDC,ECU,SUPCAMPFOOTI,,CO2e_CUT,1,2023,,,,,,285.5493
EmissionActivityRatio,NDC,ECU,SUPCAMPFOOTI,,CO2e_CUT,1,2024,,,,,,285.5493
EmissionActivityRatio,NDC,ECU,SUPCAMPFOOTI,,CO2e_CUT,1,2025,,,,,,285.5493
EmissionActivityRatio,NDC,ECU,SUPCAMPFOOTI,,CO2e_CUT,1,2026,,,,,,285.5493
EmissionActivityRatio,NDC,ECU,SUPCAMPFOOTI,,CO2e_CUT,1,2027,,,,,,285.5493
EmissionActivityRatio,NDC,ECU,SUPCAMPFOOTI,,CO2e_CUT,1,2028,,,,,,285.5493
EmissionActivityRatio,NDC,ECU,SUPCAMPFOOTI,,CO2e_CUT,1,2029,,,,,,285.5493
EmissionActivityRatio,NDC,ECU,SUPCAMPFOOTI,,CO2e_CUT,1,2030,,,,,,285.5493
EmissionActivityRatio,NDC,ECU,SUPCAMPFOOTI,,CO2e_CUT,1,2031,,,,,,285.5493
EmissionActivityRatio,NDC,ECU,SUPCAMPFOOTI,,CO2e_CUT,1,2032,,,,,,285.5493
EmissionActivityRatio,NDC,ECU,SUPCAMPFOOTI,,CO2e_CUT,1,2033,,,,,,285.5493
EmissionActivityRatio,NDC,ECU,SUPCAMPFOOTI,,CO2e_CUT,1,2034,,,,,,285.5493
EmissionActivityRatio,NDC,ECU,SUPCAMPFOOTI,,CO2e_CUT,1,2035,,,,,,285.5493
EmissionActivityRatio,NDC,ECU,SUPCAMCROOTI,,CO2e_CUT,1,2010,,,,,,238.3333
EmissionActivityRatio,NDC,ECU,SUPCAMCROOTI,,CO2e_CUT,1,2011,,,,,,238.3333
EmissionActivityRatio,NDC,ECU,SUPCAMCROOTI,,CO2e_CUT,1,2012,,,,,,238.3333
EmissionActivityRatio,NDC,ECU,SUPCAMCROOTI,,CO2e_CUT,1,2013,,,,,,238.3333
EmissionActivityRatio,NDC,ECU,SUPCAMCROOTI,,CO2e_CUT,1,2014,,,,,,238.3333
EmissionActivityRatio,NDC,ECU,SUPCAMCROOTI,,CO2e_CUT,1,2015,,,,,,238.3333
EmissionActivityRatio,NDC,ECU,SUPCAMCROOTI,,CO2e_CUT,1,2016,,,,,,238.3333
EmissionActivityRatio,NDC,ECU,SUPCAMCROOTI,,CO2e_CUT,1,2017,,,,,,238.3333
EmissionActivityRatio,NDC,ECU,SUPCAMCROOTI,,CO2e_CUT,1,2018,,,,,,238.3333
EmissionActivityRatio,NDC,ECU,SUPCAMCROOTI,,CO2e_CUT,1,2019,,,,,,238.3333
EmissionActivityRatio,NDC,ECU,SUPCAMCROOTI,,CO2e_CUT,1,2020,,,,,,238.3333
EmissionActivityRatio,NDC,ECU,SUPCAMCROOTI,,CO2e_CUT,1,2021,,,,,,238.3333
EmissionActivityRatio,NDC,ECU,SUPCAMCROOTI,,CO2e_CUT,1,2022,,,,,,238.3333
EmissionActivityRatio,NDC,ECU,SUPCAMCROOTI,,CO2e_CUT,1,2023,,,,,,238.3333
EmissionActivityRatio,NDC,ECU,SUPCAMCROOTI,,CO2e_CUT,1,2024,,,,,,238.3333
EmissionActivityRatio,NDC,ECU,SUPCAMCROOTI,,CO2e_CUT,1,2025,,,,,,238.3333
EmissionActivityRatio,NDC,ECU,SUPCAMCROOTI,,CO2e_CUT,1,2026,,,,,,238.3333
EmissionActivityRatio,NDC,ECU,SUPCAMCROOTI,,CO2e_CUT,1,2027,,,,,,238.3333
EmissionActivityRatio,NDC,ECU,SUPCAMCROOTI,,CO2e_CUT,1,2028,,,,,,238.3333
EmissionActivityRatio,NDC,ECU,SUPCAMCROOTI,,CO2e_CUT,1,2029,,,,,,238.3333
EmissionActivityRatio,NDC,ECU,SUPCAMCROOTI,,CO2e_CUT,1,2030,,,,,,238.3333
EmissionActivityRatio,NDC,ECU,SUPCAMCROOTI,,CO2e_CUT,1,2031,,,,,,238.3333
EmissionActivityRatio,NDC,ECU,SUPCAMCROOTI,,CO2e_CUT,1,2032,,,,,,238.3333
EmissionActivityRatio,NDC,ECU,SUPCAMCROOTI,,CO2e_CUT,1,2033,,,,,,238.3333
EmissionActivityRatio,NDC,ECU,SUPCAMCROOTI,,CO2e_CUT,1,2034,,,,,,238.3333
EmissionActivityRatio,NDC,ECU,SUPCAMCROOTI,,CO2e_CUT,1,2035,,,,,,238.3333
EmissionActivityRatio,NDC,ECU,SUPCAMGRAOTI,,CO2e_CUT,1,2010,,,,,,78.2882
EmissionActivityRatio,NDC,ECU,SUPCAMGRAOTI,,CO2e_CUT,1,2011,,,,,,79.1514
EmissionActivityRatio,NDC,ECU,SUPCAMGRAOTI,,CO2e_CUT,1,2012,,,,,,78.2882
EmissionActivityRatio,NDC,ECU,SUPCAMGRAOTI,,CO2e_CUT,1,2013,,,,,,79.1514
EmissionActivityRatio,NDC,ECU,SUPCAMGRAOTI,,CO2e_CUT,1,2014,,,,,,78.2882
EmissionActivityRatio,NDC,ECU,SUPCAMGRAOTI,,CO2e_CUT,1,2015,,,,,,118.7402
EmissionActivityRatio,NDC,ECU,SUPCAMGRAOTI,,CO2e_CUT,1,2016,,,,,,91.3983
EmissionActivityRatio,NDC,ECU,SUPCAMGRAOTI,,CO2e_CUT,1,2017,,,,,,96.0779
EmissionActivityRatio,NDC,ECU,SUPCAMGRAOTI,,CO2e_CUT,1,2018,,,,,,46.8895
EmissionActivityRatio,NDC,ECU,SUPCAMGRAOTI,,CO2e_CUT,1,2019,,,,,,133.098
EmissionActivityRatio,NDC,ECU,SUPCAMGRAOTI,,CO2e_CUT,1,2020,,,,,,133.098
EmissionActivityRatio,NDC,ECU,SUPCAMGRAOTI,,CO2e_CUT,1,2021,,,,,,137.8667
EmissionActivityRatio,NDC,ECU,SUPCAMGRAOTI,,CO2e_CUT,1,2022,,,,,,137.8667
EmissionActivityRatio,NDC,ECU,SUPCAMGRAOTI,,CO2e_CUT,1,2023,,,,,,99.0925
EmissionActivityRatio,NDC,ECU,SUPCAMGRAOTI,,CO2e_CUT,1,2024,,,,,,99.0925
EmissionActivityRatio,NDC,ECU,SUPCAMGRAOTI,,CO2e_CUT,1,2025,,,,,,99.0925
EmissionActivityRatio,NDC,ECU,SUPCAMGRAOTI,,CO2e_CUT,1,2026,,,,,,99.0925
EmissionActivityRatio,NDC,ECU,SUPCAMGRAOTI,,CO2e_CUT,1,2027,,,,,,99.0925
EmissionActivityRatio,NDC,ECU,SUPCAMGRAOTI,,CO2e_CUT,1,2028,,,,,,99.0925
EmissionActivityRatio,NDC,ECU,SUPCAMGRAOTI,,CO2e_CUT,1,2029,,,,,,99.0925
EmissionActivityRatio,NDC,ECU,SUPCAMGRAOTI,,CO2e_CUT,1,2030,,,,,,99.0925
EmissionActivityRatio,NDC,ECU,SUPCAMGRAOTI,,CO2e_CUT,1,2031,,,,,,99.0925
EmissionActivityRatio,NDC,ECU,SUPCAMGRAOTI,,CO2e_CUT,1,2032,,,,,,99.0925
EmissionActivityRatio,NDC,ECU,SUPCAMGRAOTI,,CO2e_CUT,1,2033,,,,,,99.0925
EmissionActivityRatio,NDC,ECU,SUPCAMGRAOTI,,CO2e_CUT,1,2034,,,,,,99.0925
EmissionActivityRatio,NDC,ECU,SUPCAMGRAOTI,,CO2e_CUT,1,2035,,,,,,99.0925
EmissionActivityRatio,NDC,ECU,SUPMEDREST,,CO2e_CUT,1,2010,,,,,,0.0
EmissionActivityRatio,NDC,ECU,SUPMEDREST,,CO2e_CUT,1,2011,,,,,,0.0
EmissionActivityRatio,NDC,ECU,SUPMEDREST,,CO2e_CUT,1,2012,,,,,,0.0
EmissionActivityRatio,NDC,ECU,SUPMEDREST,,CO2e_CUT,1,2013,,,,,,0.0
EmissionActivityRatio,NDC,ECU,SUPMEDREST,,CO2e_CUT,1,2014,,,,,,0.0
EmissionActivityRatio,NDC,ECU,SUPMEDREST,,CO2e_CUT,1,2015,,,,,,0.0
EmissionActivityRatio,NDC,ECU,SUPMEDREST,,CO2e_CUT,1,2016,,,,,,0.0
EmissionActivityRatio,NDC,ECU,SUPMEDREST,,CO2e_CUT,1,2017,,,,,,0.0
EmissionActivityRatio,NDC,ECU,SUPMEDREST,,CO2e_CUT,1,2018,,,,,,0.0
EmissionActivityRatio,NDC,ECU,SUPMEDREST,,CO2e_CUT,1,2019,,,,,,0.0
EmissionActivityRatio,NDC,ECU,SUPMEDREST,,CO2e_CUT,1,2020,,,,,,0.0
EmissionActivityRatio,NDC,ECU,SUPMEDREST,,CO2e_CUT,1,2021,,,,,,0.0
EmissionActivityRatio,NDC,ECU,SUPMEDREST,,CO2e_CUT,1,2022,,,,,,0.0
EmissionActivityRatio,NDC,ECU,SUPMEDREST,,CO2e_CUT,1,2023,,,,,,0.0
EmissionActivityRatio,NDC,ECU,SUPMEDREST,,CO2e_CUT,1,2024,,,,,,0.0
EmissionActivityRatio,NDC,ECU,SUPMEDREST,,CO2e_CUT,1,2025,,,,,,0.0
EmissionActivityRatio,NDC,ECU,SUPMEDREST,,CO2e_CUT,1,2026,,,,,,-0.2994
EmissionActivityRatio,NDC,ECU,SUPMEDREST,,CO2e_CUT,1,2027,,,,,,-0.2183
EmissionActivityRatio,NDC,ECU,SUPMEDREST,,CO2e_CUT,1,2028,,,,,,-0.1533
EmissionActivityRatio,NDC,ECU,SUPMEDREST,,CO2e_CUT,1,2029,,,,,,-0.1027
EmissionActivityRatio,NDC,ECU,SUPMEDREST,,CO2e_CUT,1,2030,,,,,,0.0
EmissionActivityRatio,NDC,ECU,SUPMEDREST,,CO2e_CUT,1,2031,,,,,,0.0
EmissionActivityRatio,NDC,ECU,SUPMEDREST,,CO2e_CUT,1,2032,,,,,,0.0
EmissionActivityRatio,NDC,ECU,SUPMEDREST,,CO2e_CUT,1,2033,,,,,,0.0
EmissionActivityRatio,NDC,ECU,SUPMEDREST,,CO2e_CUT,1,2034,,,,,,0.0
EmissionActivityRatio,NDC,ECU,SUPMEDREST,,CO2e_CUT,1,2035,,,,,,0.0
EmissionActivityRatio,NDC,ECU,SUPMEDRESTMAN,,CO2e_CUT,1,2010,,,,,,0.0
EmissionActivityRatio,NDC,ECU,SUPMEDRESTMAN,,CO2e_CUT,1,2011,,,,,,0.0
EmissionActivityRatio,NDC,ECU,SUPMEDRESTMAN,,CO2e_CUT,1,2012,,,,,,0.0
EmissionActivityRatio,NDC,ECU,SUPMEDRESTMAN,,CO2e_CUT,1,2013,,,,,,0.0
EmissionActivityRatio,NDC,ECU,SUPMEDRESTMAN,,CO2e_CUT,1,2014,,,,,,0.0
EmissionActivityRatio,NDC,ECU,SUPMEDRESTMAN,,CO2e_CUT,1,2015,,,,,,0.0
EmissionActivityRatio,NDC,ECU,SUPMEDRESTMAN,,CO2e_CUT,1,2016,,,,,,0.0
EmissionActivityRatio,NDC,ECU,SUPMEDRESTMAN,,CO2e_CUT,1,2017,,,,,,0.0
EmissionActivityRatio,NDC,ECU,SUPMEDRESTMAN,,CO2e_CUT,1,2018,,,,,,0.0
EmissionActivityRatio,NDC,ECU,SUPMEDRESTMAN,,CO2e_CUT,1,2019,,,,,,0.0
EmissionActivityRatio,NDC,ECU,SUPMEDRESTMAN,,CO2e_CUT,1,2020,,,,,,0.0
EmissionActivityRatio,NDC,ECU,SUPMEDRESTMAN,,CO2e_CUT,1,2021,,,,,,0.0
EmissionActivityRatio,NDC,ECU,SUPMEDRESTMAN,,CO2e_CUT,1,2022,,,,,,0.0
EmissionActivityRatio,NDC,ECU,SUPMEDRESTMAN,,CO2e_CUT,1,2023,,,,,,0.0
EmissionActivityRatio,NDC,ECU,SUPMEDRESTMAN,,CO2e_CUT,1,2024,,,,,,0.0
EmissionActivityRatio,NDC,ECU,SUPMEDRESTMAN,,CO2e_CUT,1,2025,,,,,,0.0
EmissionActivityRatio,NDC,ECU,SUPMEDRESTMAN,,CO2e_CUT,1,2026,,,,,,-0.3488
EmissionActivityRatio,NDC,ECU,SUPMEDRESTMAN,,CO2e_CUT,1,2027,,,,,,-0.3488
EmissionActivityRatio,NDC,ECU,SUPMEDRESTMAN,,CO2e_CUT,1,2028,,,,,,-0.3488
EmissionActivityRatio,NDC,ECU,SUPMEDRESTMAN,,CO2e_CUT,1,2029,,,,,,-0.3488
EmissionActivityRatio,NDC,ECU,SUPMEDRESTMAN,,CO2e_CUT,1,2030,,,,,,-0.3488
EmissionActivityRatio,NDC,ECU,SUPMEDRESTMAN,,CO2e_CUT,1,2031,,,,,,-0.3488
EmissionActivityRatio,NDC,ECU,SUPMEDRESTMAN,,CO2e_CUT,1,2032,,,,,,-0.3488
EmissionActivityRatio,NDC,ECU,SUPMEDRESTMAN,,CO2e_CUT,1,2033,,,,,,-0.3488
EmissionActivityRatio,NDC,ECU,SUPMEDRESTMAN,,CO2e_CUT,1,2034,,,,,,-0.3488
EmissionActivityRatio,NDC,ECU,SUPMEDRESTMAN,,CO2e_CUT,1,2035,,,,,,-0.3488
EmissionActivityRatio,NDC,ECU,SUPMEDABAMA,,CO2e_CUT,1,2010,,,,,,0.0
EmissionActivityRatio,NDC,ECU,SUPMEDABAMA,,CO2e_CUT,1,2011,,,,,,0.0
EmissionActivityRatio,NDC,ECU,SUPMEDABAMA,,CO2e_CUT,1,2012,,,,,,0.0
EmissionActivityRatio,NDC,ECU,SUPMEDABAMA,,CO2e_CUT,1,2013,,,,,,0.0
EmissionActivityRatio,NDC,ECU,SUPMEDABAMA,,CO2e_CUT,1,2014,,,,,,0.0
EmissionActivityRatio,NDC,ECU,SUPMEDABAMA,,CO2e_CUT,1,2015,,,,,,0.0
EmissionActivityRatio,NDC,ECU,SUPMEDABAMA,,CO2e_CUT,1,2016,,,,,,0.0
EmissionActivityRatio,NDC,ECU,SUPMEDABAMA,,CO2e_CUT,1,2017,,,,,,0.0
EmissionActivityRatio,NDC,ECU,SUPMEDABAMA,,CO2e_CUT,1,2018,,,,,,0.0
EmissionActivityRatio,NDC,ECU,SUPMEDABAMA,,CO2e_CUT,1,2019,,,,,,0.0
EmissionActivityRatio,NDC,ECU,SUPMEDABAMA,,CO2e_CUT,1,2020,,,,,,0.0
EmissionActivityRatio,NDC,ECU,SUPMEDABAMA,,CO2e_CUT,1,2021,,,,,,0.0
EmissionActivityRatio,NDC,ECU,SUPMEDABAMA,,CO2e_CUT,1,2022,,,,,,0.0
EmissionActivityRatio,NDC,ECU,SUPMEDABAMA,,CO2e_CUT,1,2023,,,,,,0.0
EmissionActivityRatio,NDC,ECU,SUPMEDABAMA,,CO2e_CUT,1,2024,,,,,,0.0
EmissionActivityRatio,NDC,ECU,SUPMEDABAMA,,CO2e_CUT,1,2025,,,,,,0.0
EmissionActivityRatio,NDC,ECU,SUPMEDABAMA,,CO2e_CUT,1,2026,,,,,,-6.6245
EmissionActivityRatio,NDC,ECU,SUPMEDABAMA,,CO2e_CUT,1,2027,,,,,,-6.6245
EmissionActivityRatio,NDC,ECU,SUPMEDABAMA,,CO2e_CUT,1,2028,,,,,,-6.6245
EmissionActivityRatio,NDC,ECU,SUPMEDABAMA,,CO2e_CUT,1,2029,,,,,,-6.6245
EmissionActivityRatio,NDC,ECU,SUPMEDABAMA,,CO2e_CUT,1,2030,,,,,,-6.6245
EmissionActivityRatio,NDC,ECU,SUPMEDABAMA,,CO2e_CUT,1,2031,,,,,,-6.6245
EmissionActivityRatio,NDC,ECU,SUPMEDABAMA,,CO2e_CUT,1,2032,,,,,,-6.6245
EmissionActivityRatio,NDC,ECU,SUPMEDABAMA,,CO2e_CUT,1,2033,,,,,,-6.6245
EmissionActivityRatio,NDC,ECU,SUPMEDABAMA,,CO2e_CUT,1,2034,,,,,,-6.6245
EmissionActivityRatio,NDC,ECU,SUPMEDABAMA,,CO2e_CUT,1,2035,,,,,,-6.6245
EmissionActivityRatio,NDC,ECU,SUPMEDABMOR,,CO2e_CUT,1,2010,,,,,,0.0
EmissionActivityRatio,NDC,ECU,SUPMEDABMOR,,CO2e_CUT,1,2011,,,,,,0.0
EmissionActivityRatio,NDC,ECU,SUPMEDABMOR,,CO2e_CUT,1,2012,,,,,,0.0
EmissionActivityRatio,NDC,ECU,SUPMEDABMOR,,CO2e_CUT,1,2013,,,,,,0.0
EmissionActivityRatio,NDC,ECU,SUPMEDABMOR,,CO2e_CUT,1,2014,,,,,,0.0
EmissionActivityRatio,NDC,ECU,SUPMEDABMOR,,CO2e_CUT,1,2015,,,,,,0.0
EmissionActivityRatio,NDC,ECU,SUPMEDABMOR,,CO2e_CUT,1,2016,,,,,,0.0
EmissionActivityRatio,NDC,ECU,SUPMEDABMOR,,CO2e_CUT,1,2017,,,,,,0.0
EmissionActivityRatio,NDC,ECU,SUPMEDABMOR,,CO2e_CUT,1,2018,,,,,,0.0
EmissionActivityRatio,NDC,ECU,SUPMEDABMOR,,CO2e_CUT,1,2019,,,,,,0.0
EmissionActivityRatio,NDC,ECU,SUPMEDABMOR,,CO2e_CUT,1,2020,,,,,,0.0
EmissionActivityRatio,NDC,ECU,SUPMEDABMOR,,CO2e_CUT,1,2021,,,,,,0.0
EmissionActivityRatio,NDC,ECU,SUPMEDABMOR,,CO2e_CUT,1,2022,,,,,,0.0
EmissionActivityRatio,NDC,ECU,SUPMEDABMOR,,CO2e_CUT,1,2023,,,,,,0.0
EmissionActivityRatio,NDC,ECU,SUPMEDABMOR,,CO2e_CUT,1,2024,,,,,,0.0
EmissionActivityRatio,NDC,ECU,SUPMEDABMOR,,CO2e_CUT,1,2025,,,,,,0.0
EmissionActivityRatio,NDC,ECU,SUPMEDABMOR,,CO2e_CUT,1,2026,,,,,,-6.6245
EmissionActivityRatio,NDC,ECU,SUPMEDABMOR,,CO2e_CUT,1,2027,,,,,,-6.6245
EmissionActivityRatio,NDC,ECU,SUPMEDABMOR,,CO2e_CUT,1,2028,,,,,,-6.6245
EmissionActivityRatio,NDC,ECU,SUPMEDABMOR,,CO2e_CUT,1,2029,,,,,,-6.6245
EmissionActivityRatio,NDC,ECU,SUPMEDABMOR,,CO2e_CUT,1,2030,,,,,,-6.6245
EmissionActivityRatio,NDC,ECU,SUPMEDABMOR,,CO2e_CUT,1,2031,,,,,,-6.6245
EmissionActivityRatio,NDC,ECU,SUPMEDABMOR,,CO2e_CUT,1,2032,,,,,,-6.6245
EmissionActivityRatio,NDC,ECU,SUPMEDABMOR,,CO2e_CUT,1,2033,,,,,,-6.6245
EmissionActivityRatio,NDC,ECU,SUPMEDABMOR,,CO2e_CUT,1,2034,,,,,,-6.6245
EmissionActivityRatio,NDC,ECU,SUPMEDABMOR,,CO2e_CUT,1,2035,,,,,,-6.6245
EmissionActivityRatio,NDC,ECU,SUPMEDABPIE,,CO2e_CUT,1,2010,,,,,,0.0
EmissionActivityRatio,NDC,ECU,SUPMEDABPIE,,CO2e_CUT,1,2011,,,,,,0.0
EmissionActivityRatio,NDC,ECU,SUPMEDABPIE,,CO2e_CUT,1,2012,,,,,,0.0
EmissionActivityRatio,NDC,ECU,SUPMEDABPIE,,CO2e_CUT,1,2013,,,,,,0.0
EmissionActivityRatio,NDC,ECU,SUPMEDABPIE,,CO2e_CUT,1,2014,,,,,,0.0
EmissionActivityRatio,NDC,ECU,SUPMEDABPIE,,CO2e_CUT,1,2015,,,,,,0.0
EmissionActivityRatio,NDC,ECU,SUPMEDABPIE,,CO2e_CUT,1,2016,,,,,,0.0
EmissionActivityRatio,NDC,ECU,SUPMEDABPIE,,CO2e_CUT,1,2017,,,,,,0.0
EmissionActivityRatio,NDC,ECU,SUPMEDABPIE,,CO2e_CUT,1,2018,,,,,,0.0
EmissionActivityRatio,NDC,ECU,SUPMEDABPIE,,CO2e_CUT,1,2019,,,,,,0.0
EmissionActivityRatio,NDC,ECU,SUPMEDABPIE,,CO2e_CUT,1,2020,,,,,,0.0
EmissionActivityRatio,NDC,ECU,SUPMEDABPIE,,CO2e_CUT,1,2021,,,,,,0.0
EmissionActivityRatio,NDC,ECU,SUPMEDABPIE,,CO2e_CUT,1,2022,,,,,,0.0
EmissionActivityRatio,NDC,ECU,SUPMEDABPIE,,CO2e_CUT,1,2023,,,,,,0.0
EmissionActivityRatio,NDC,ECU,SUPMEDABPIE,,CO2e_CUT,1,2024,,,,,,0.0
EmissionActivityRatio,NDC,ECU,SUPMEDABPIE,,CO2e_CUT,1,2025,,,,,,0.0
EmissionActivityRatio,NDC,ECU,SUPMEDABPIE,,CO2e_CUT,1,2026,,,,,,-6.6184
EmissionActivityRatio,NDC,ECU,SUPMEDABPIE,,CO2e_CUT,1,2027,,,,,,-6.6184
EmissionActivityRatio,NDC,ECU,SUPMEDABPIE,,CO2e_CUT,1,2028,,,,,,-6.6184
EmissionActivityRatio,NDC,ECU,SUPMEDABPIE,,CO2e_CUT,1,2029,,,,,,-6.6184
EmissionActivityRatio,NDC,ECU,SUPMEDABPIE,,CO2e_CUT,1,2030,,,,,,-6.6184
EmissionActivityRatio,NDC,ECU,SUPMEDABPIE,,CO2e_CUT,1,2031,,,,,,-6.6184
EmissionActivityRatio,NDC,ECU,SUPMEDABPIE,,CO2e_CUT,1,2032,,,,,,-6.6184
EmissionActivityRatio,NDC,ECU,SUPMEDABPIE,,CO2e_CUT,1,2033,,,,,,-6.6184
EmissionActivityRatio,NDC,ECU,SUPMEDABPIE,,CO2e_CUT,1,2034,,,,,,-6.6184
EmissionActivityRatio,NDC,ECU,SUPMEDABPIE,,CO2e_CUT,1,2035,,,,,,-6.6184
EmissionActivityRatio,NDC,ECU,SUPMEDABCHO,,CO2e_CUT,1,2010,,,,,,0.0
EmissionActivityRatio,NDC,ECU,SUPMEDABCHO,,CO2e_CUT,1,2011,,,,,,0.0
EmissionActivityRatio,NDC,ECU,SUPMEDABCHO,,CO2e_CUT,1,2012,,,,,,0.0
EmissionActivityRatio,NDC,ECU,SUPMEDABCHO,,CO2e_CUT,1,2013,,,,,,0.0
EmissionActivityRatio,NDC,ECU,SUPMEDABCHO,,CO2e_CUT,1,2014,,,,,,0.0
EmissionActivityRatio,NDC,ECU,SUPMEDABCHO,,CO2e_CUT,1,2015,,,,,,0.0
EmissionActivityRatio,NDC,ECU,SUPMEDABCHO,,CO2e_CUT,1,2016,,,,,,0.0
EmissionActivityRatio,NDC,ECU,SUPMEDABCHO,,CO2e_CUT,1,2017,,,,,,0.0
EmissionActivityRatio,NDC,ECU,SUPMEDABCHO,,CO2e_CUT,1,2018,,,,,,0.0
EmissionActivityRatio,NDC,ECU,SUPMEDABCHO,,CO2e_CUT,1,2019,,,,,,0.0
EmissionActivityRatio,NDC,ECU,SUPMEDABCHO,,CO2e_CUT,1,2020,,,,,,0.0
EmissionActivityRatio,NDC,ECU,SUPMEDABCHO,,CO2e_CUT,1,2021,,,,,,0.0
EmissionActivityRatio,NDC,ECU,SUPMEDABCHO,,CO2e_CUT,1,2022,,,,,,0.0
EmissionActivityRatio,NDC,ECU,SUPMEDABCHO,,CO2e_CUT,1,2023,,,,,,0.0
EmissionActivityRatio,NDC,ECU,SUPMEDABCHO,,CO2e_CUT,1,2024,,,,,,0.0
EmissionActivityRatio,NDC,ECU,SUPMEDABCHO,,CO2e_CUT,1,2025,,,,,,0.0
EmissionActivityRatio,NDC,ECU,SUPMEDABCHO,,CO2e_CUT,1,2026,,,,,,-6.6246
EmissionActivityRatio,NDC,ECU,SUPMEDABCHO,,CO2e_CUT,1,2027,,,,,,-6.6246
EmissionActivityRatio,NDC,ECU,SUPMEDABCHO,,CO2e_CUT,1,2028,,,,,,-6.6246
EmissionActivityRatio,NDC,ECU,SUPMEDABCHO,,CO2e_CUT,1,2029,,,,,,-6.6246
EmissionActivityRatio,NDC,ECU,SUPMEDABCHO,,CO2e_CUT,1,2030,,,,,,-6.6246
EmissionActivityRatio,NDC,ECU,SUPMEDABCHO,,CO2e_CUT,1,2031,,,,,,-6.6246
EmissionActivityRatio,NDC,ECU,SUPMEDABCHO,,CO2e_CUT,1,2032,,,,,,-6.6246
EmissionActivityRatio,NDC,ECU,SUPMEDABCHO,,CO2e_CUT,1,2033,,,,,,-6.6246
EmissionActivityRatio,NDC,ECU,SUPMEDABCHO,,CO2e_CUT,1,2034,,,,,,-6.6246
EmissionActivityRatio,NDC,ECU,SUPMEDABCHO,,CO2e_CUT,1,2035,,,,,,-6.6246
EmissionActivityRatio,NDC,ECU,SUPMEDABMON,,CO2e_CUT,1,2010,,,,,,0.0
EmissionActivityRatio,NDC,ECU,SUPMEDABMON,,CO2e_CUT,1,2011,,,,,,0.0
EmissionActivityRatio,NDC,ECU,SUPMEDABMON,,CO2e_CUT,1,2012,,,,,,0.0
EmissionActivityRatio,NDC,ECU,SUPMEDABMON,,CO2e_CUT,1,2013,,,,,,0.0
EmissionActivityRatio,NDC,ECU,SUPMEDABMON,,CO2e_CUT,1,2014,,,,,,0.0
EmissionActivityRatio,NDC,ECU,SUPMEDABMON,,CO2e_CUT,1,2015,,,,,,0.0
EmissionActivityRatio,NDC,ECU,SUPMEDABMON,,CO2e_CUT,1,2016,,,,,,0.0
EmissionActivityRatio,NDC,ECU,SUPMEDABMON,,CO2e_CUT,1,2017,,,,,,0.0
EmissionActivityRatio,NDC,ECU,SUPMEDABMON,,CO2e_CUT,1,2018,,,,,,0.0
EmissionActivityRatio,NDC,ECU,SUPMEDABMON,,CO2e_CUT,1,2019,,,,,,0.0
EmissionActivityRatio,NDC,ECU,SUPMEDABMON,,CO2e_CUT,1,2020,,,,,,0.0
EmissionActivityRatio,NDC,ECU,SUPMEDABMON,,CO2e_CUT,1,2021,,,,,,0.0
EmissionActivityRatio,NDC,ECU,SUPMEDABMON,,CO2e_CUT,1,2022,,,,,,0.0
EmissionActivityRatio,NDC,ECU,SUPMEDABMON,,CO2e_CUT,1,2023,,,,,,0.0
EmissionActivityRatio,NDC,ECU,SUPMEDABMON,,CO2e_CUT,1,2024,,,,,,0.0
EmissionActivityRatio,NDC,ECU,SUPMEDABMON,,CO2e_CUT,1,2025,,,,,,0.0
EmissionActivityRatio,NDC,ECU,SUPMEDABMON,,CO2e_CUT,1,2026,,,,,,-2.9917
EmissionActivityRatio,NDC,ECU,SUPMEDABMON,,CO2e_CUT,1,2027,,,,,,-2.9917
EmissionActivityRatio,NDC,ECU,SUPMEDABMON,,CO2e_CUT,1,2028,,,,,,-2.9917
EmissionActivityRatio,NDC,ECU,SUPMEDABMON,,CO2e_CUT,1,2029,,,,,,-2.9917
EmissionActivityRatio,NDC,ECU,SUPMEDABMON,,CO2e_CUT,1,2030,,,,,,-2.9917
EmissionActivityRatio,NDC,ECU,SUPMEDABMON,,CO2e_CUT,1,2031,,,,,,-2.9917
EmissionActivityRatio,NDC,ECU,SUPMEDABMON,,CO2e_CUT,1,2032,,,,,,-2.9917
EmissionActivityRatio,NDC,ECU,SUPMEDABMON,,CO2e_CUT,1,2033,,,,,,-2.9917
EmissionActivityRatio,NDC,ECU,SUPMEDABMON,,CO2e_CUT,1,2034,,,,,,-2.9917
EmissionActivityRatio,NDC,ECU,SUPMEDABMON,,CO2e_CUT,1,2035,,,,,,-2.9917
EmissionActivityRatio,NDC,ECU,SUPMEDABPIE2,,CO2e_CUT,1,2010,,,,,,0.0
EmissionActivityRatio,NDC,ECU,SUPMEDABPIE2,,CO2e_CUT,1,2011,,,,,,0.0
EmissionActivityRatio,NDC,ECU,SUPMEDABPIE2,,CO2e_CUT,1,2012,,,,,,0.0
EmissionActivityRatio,NDC,ECU,SUPMEDABPIE2,,CO2e_CUT,1,2013,,,,,,0.0
EmissionActivityRatio,NDC,ECU,SUPMEDABPIE2,,CO2e_CUT,1,2014,,,,,,0.0
EmissionActivityRatio,NDC,ECU,SUPMEDABPIE2,,CO2e_CUT,1,2015,,,,,,0.0
EmissionActivityRatio,NDC,ECU,SUPMEDABPIE2,,CO2e_CUT,1,2016,,,,,,0.0
EmissionActivityRatio,NDC,ECU,SUPMEDABPIE2,,CO2e_CUT,1,2017,,,,,,0.0
EmissionActivityRatio,NDC,ECU,SUPMEDABPIE2,,CO2e_CUT,1,2018,,,,,,0.0
EmissionActivityRatio,NDC,ECU,SUPMEDABPIE2,,CO2e_CUT,1,2019,,,,,,0.0
EmissionActivityRatio,NDC,ECU,SUPMEDABPIE2,,CO2e_CUT,1,2020,,,,,,0.0
EmissionActivityRatio,NDC,ECU,SUPMEDABPIE2,,CO2e_CUT,1,2021,,,,,,0.0
EmissionActivityRatio,NDC,ECU,SUPMEDABPIE2,,CO2e_CUT,1,2022,,,,,,0.0
EmissionActivityRatio,NDC,ECU,SUPMEDABPIE2,,CO2e_CUT,1,2023,,,,,,0.0
EmissionActivityRatio,NDC,ECU,SUPMEDABPIE2,,CO2e_CUT,1,2024,,,,,,0.0
EmissionActivityRatio,NDC,ECU,SUPMEDABPIE2,,CO2e_CUT,1,2025,,,,,,0.0
EmissionActivityRatio,NDC,ECU,SUPMEDABPIE2,,CO2e_CUT,1,2026,,,,,,-6.6245
EmissionActivityRatio,NDC,ECU,SUPMEDABPIE2,,CO2e_CUT,1,2027,,,,,,-6.6245
EmissionActivityRatio,NDC,ECU,SUPMEDABPIE2,,CO2e_CUT,1,2028,,,,,,-6.6245
EmissionActivityRatio,NDC,ECU,SUPMEDABPIE2,,CO2e_CUT,1,2029,,,,,,-6.6245
EmissionActivityRatio,NDC,ECU,SUPMEDABPIE2,,CO2e_CUT,1,2030,,,,,,-6.6245
EmissionActivityRatio,NDC,ECU,SUPMEDABPIE2,,CO2e_CUT,1,2031,,,,,,-6.6245
EmissionActivityRatio,NDC,ECU,SUPMEDABPIE2,,CO2e_CUT,1,2032,,,,,,-6.6245
EmissionActivityRatio,NDC,ECU,SUPMEDABPIE2,,CO2e_CUT,1,2033,,,,,,-6.6245
EmissionActivityRatio,NDC,ECU,SUPMEDABPIE2,,CO2e_CUT,1,2034,,,,,,-6.6245
EmissionActivityRatio,NDC,ECU,SUPMEDABPIE2,,CO2e_CUT,1,2035,,,,,,-6.6245
EmissionActivityRatio,NDC,ECU,SUPMEDDEFAMA,,CO2e_CUT,1,2010,,,,,,0.0
EmissionActivityRatio,NDC,ECU,SUPMEDDEFAMA,,CO2e_CUT,1,2011,,,,,,0.0
EmissionActivityRatio,NDC,ECU,SUPMEDDEFAMA,,CO2e_CUT,1,2012,,,,,,0.0
EmissionActivityRatio,NDC,ECU,SUPMEDDEFAMA,,CO2e_CUT,1,2013,,,,,,0.0
EmissionActivityRatio,NDC,ECU,SUPMEDDEFAMA,,CO2e_CUT,1,2014,,,,,,0.0
EmissionActivityRatio,NDC,ECU,SUPMEDDEFAMA,,CO2e_CUT,1,2015,,,,,,0.0
EmissionActivityRatio,NDC,ECU,SUPMEDDEFAMA,,CO2e_CUT,1,2016,,,,,,0.0
EmissionActivityRatio,NDC,ECU,SUPMEDDEFAMA,,CO2e_CUT,1,2017,,,,,,0.0
EmissionActivityRatio,NDC,ECU,SUPMEDDEFAMA,,CO2e_CUT,1,2018,,,,,,0.0
EmissionActivityRatio,NDC,ECU,SUPMEDDEFAMA,,CO2e_CUT,1,2019,,,,,,0.0
EmissionActivityRatio,NDC,ECU,SUPMEDDEFAMA,,CO2e_CUT,1,2020,,,,,,0.0
EmissionActivityRatio,NDC,ECU,SUPMEDDEFAMA,,CO2e_CUT,1,2021,,,,,,0.0
EmissionActivityRatio,NDC,ECU,SUPMEDDEFAMA,,CO2e_CUT,1,2022,,,,,,0.0
EmissionActivityRatio,NDC,ECU,SUPMEDDEFAMA,,CO2e_CUT,1,2023,,,,,,0.0
EmissionActivityRatio,NDC,ECU,SUPMEDDEFAMA,,CO2e_CUT,1,2024,,,,,,0.0
EmissionActivityRatio,NDC,ECU,SUPMEDDEFAMA,,CO2e_CUT,1,2025,,,,,,0.0
EmissionActivityRatio,NDC,ECU,SUPMEDDEFAMA,,CO2e_CUT,1,2026,,,,,,-591.4524
EmissionActivityRatio,NDC,ECU,SUPMEDDEFAMA,,CO2e_CUT,1,2027,,,,,,-591.4524
EmissionActivityRatio,NDC,ECU,SUPMEDDEFAMA,,CO2e_CUT,1,2028,,,,,,-591.4524
EmissionActivityRatio,NDC,ECU,SUPMEDDEFAMA,,CO2e_CUT,1,2029,,,,,,-591.4524
EmissionActivityRatio,NDC,ECU,SUPMEDDEFAMA,,CO2e_CUT,1,2030,,,,,,-591.4524
EmissionActivityRatio,NDC,ECU,SUPMEDDEFAMA,,CO2e_CUT,1,2031,,,,,,-591.4524
EmissionActivityRatio,NDC,ECU,SUPMEDDEFAMA,,CO2e_CUT,1,2032,,,,,,-591.4524
EmissionActivityRatio,NDC,ECU,SUPMEDDEFAMA,,CO2e_CUT,1,2033,,,,,,-591.4524
EmissionActivityRatio,NDC,ECU,SUPMEDDEFAMA,,CO2e_CUT,1,2034,,,,,,-591.4524
EmissionActivityRatio,NDC,ECU,SUPMEDDEFAMA,,CO2e_CUT,1,2035,,,,,,-591.4524
EmissionActivityRatio,NDC,ECU,SUPMEDDEFMOR,,CO2e_CUT,1,2010,,,,,,0.0
EmissionActivityRatio,NDC,ECU,SUPMEDDEFMOR,,CO2e_CUT,1,2011,,,,,,0.0
EmissionActivityRatio,NDC,ECU,SUPMEDDEFMOR,,CO2e_CUT,1,2012,,,,,,0.0
EmissionActivityRatio,NDC,ECU,SUPMEDDEFMOR,,CO2e_CUT,1,2013,,,,,,0.0
EmissionActivityRatio,NDC,ECU,SUPMEDDEFMOR,,CO2e_CUT,1,2014,,,,,,0.0
EmissionActivityRatio,NDC,ECU,SUPMEDDEFMOR,,CO2e_CUT,1,2015,,,,,,0.0
EmissionActivityRatio,NDC,ECU,SUPMEDDEFMOR,,CO2e_CUT,1,2016,,,,,,0.0
EmissionActivityRatio,NDC,ECU,SUPMEDDEFMOR,,CO2e_CUT,1,2017,,,,,,0.0
EmissionActivityRatio,NDC,ECU,SUPMEDDEFMOR,,CO2e_CUT,1,2018,,,,,,0.0
EmissionActivityRatio,NDC,ECU,SUPMEDDEFMOR,,CO2e_CUT,1,2019,,,,,,0.0
EmissionActivityRatio,NDC,ECU,SUPMEDDEFMOR,,CO2e_CUT,1,2020,,,,,,0.0
EmissionActivityRatio,NDC,ECU,SUPMEDDEFMOR,,CO2e_CUT,1,2021,,,,,,0.0
EmissionActivityRatio,NDC,ECU,SUPMEDDEFMOR,,CO2e_CUT,1,2022,,,,,,0.0
EmissionActivityRatio,NDC,ECU,SUPMEDDEFMOR,,CO2e_CUT,1,2023,,,,,,0.0
EmissionActivityRatio,NDC,ECU,SUPMEDDEFMOR,,CO2e_CUT,1,2024,,,,,,0.0
EmissionActivityRatio,NDC,ECU,SUPMEDDEFMOR,,CO2e_CUT,1,2025,,,,,,0.0
EmissionActivityRatio,NDC,ECU,SUPMEDDEFMOR,,CO2e_CUT,1,2026,,,,,,-280.2404
EmissionActivityRatio,NDC,ECU,SUPMEDDEFMOR,,CO2e_CUT,1,2027,,,,,,-280.2404
EmissionActivityRatio,NDC,ECU,SUPMEDDEFMOR,,CO2e_CUT,1,2028,,,,,,-280.2404
EmissionActivityRatio,NDC,ECU,SUPMEDDEFMOR,,CO2e_CUT,1,2029,,,,,,-280.2404
EmissionActivityRatio,NDC,ECU,SUPMEDDEFMOR,,CO2e_CUT,1,2030,,,,,,-280.2404
EmissionActivityRatio,NDC,ECU,SUPMEDDEFMOR,,CO2e_CUT,1,2031,,,,,,-280.2404
EmissionActivityRatio,NDC,ECU,SUPMEDDEFMOR,,CO2e_CUT,1,2032,,,,,,-280.2404
EmissionActivityRatio,NDC,ECU,SUPMEDDEFMOR,,CO2e_CUT,1,2033,,,,,,-280.2404
EmissionActivityRatio,NDC,ECU,SUPMEDDEFMOR,,CO2e_CUT,1,2034,,,,,,-280.2404
EmissionActivityRatio,NDC,ECU,SUPMEDDEFMOR,,CO2e_CUT,1,2035,,,,,,-280.2404
EmissionActivityRatio,NDC,ECU,SUPMEDDEFPIE,,CO2e_CUT,1,2010,,,,,,0.0
EmissionActivityRatio,NDC,ECU,SUPMEDDEFPIE,,CO2e_CUT,1,2011,,,,,,0.0
EmissionActivityRatio,NDC,ECU,SUPMEDDEFPIE,,CO2e_CUT,1,2012,,,,,,0.0
EmissionActivityRatio,NDC,ECU,SUPMEDDEFPIE,,CO2e_CUT,1,2013,,,,,,0.0
EmissionActivityRatio,NDC,ECU,SUPMEDDEFPIE,,CO2e_CUT,1,2014,,,,,,0.0
EmissionActivityRatio,NDC,ECU,SUPMEDDEFPIE,,CO2e_CUT,1,2015,,,,,,0.0
EmissionActivityRatio,NDC,ECU,SUPMEDDEFPIE,,CO2e_CUT,1,2016,,,,,,0.0
EmissionActivityRatio,NDC,ECU,SUPMEDDEFPIE,,CO2e_CUT,1,2017,,,,,,0.0
EmissionActivityRatio,NDC,ECU,SUPMEDDEFPIE,,CO2e_CUT,1,2018,,,,,,0.0
EmissionActivityRatio,NDC,ECU,SUPMEDDEFPIE,,CO2e_CUT,1,2019,,,,,,0.0
EmissionActivityRatio,NDC,ECU,SUPMEDDEFPIE,,CO2e_CUT,1,2020,,,,,,0.0
EmissionActivityRatio,NDC,ECU,SUPMEDDEFPIE,,CO2e_CUT,1,2021,,,,,,0.0
EmissionActivityRatio,NDC,ECU,SUPMEDDEFPIE,,CO2e_CUT,1,2022,,,,,,0.0
EmissionActivityRatio,NDC,ECU,SUPMEDDEFPIE,,CO2e_CUT,1,2023,,,,,,0.0
EmissionActivityRatio,NDC,ECU,SUPMEDDEFPIE,,CO2e_CUT,1,2024,,,,,,0.0
EmissionActivityRatio,NDC,ECU,SUPMEDDEFPIE,,CO2e_CUT,1,2025,,,,,,0.0
EmissionActivityRatio,NDC,ECU,SUPMEDDEFPIE,,CO2e_CUT,1,2026,,,,,,-453.02
EmissionActivityRatio,NDC,ECU,SUPMEDDEFPIE,,CO2e_CUT,1,2027,,,,,,-453.02
EmissionActivityRatio,NDC,ECU,SUPMEDDEFPIE,,CO2e_CUT,1,2028,,,,,,-453.02
EmissionActivityRatio,NDC,ECU,SUPMEDDEFPIE,,CO2e_CUT,1,2029,,,,,,-453.02
EmissionActivityRatio,NDC,ECU,SUPMEDDEFPIE,,CO2e_CUT,1,2030,,,,,,-453.02
EmissionActivityRatio,NDC,ECU,SUPMEDDEFPIE,,CO2e_CUT,1,2031,,,,,,-453.02
EmissionActivityRatio,NDC,ECU,SUPMEDDEFPIE,,CO2e_CUT,1,2032,,,,,,-453.02
EmissionActivityRatio,NDC,ECU,SUPMEDDEFPIE,,CO2e_CUT,1,2033,,,,,,-453.02
EmissionActivityRatio,NDC,ECU,SUPMEDDEFPIE,,CO2e_CUT,1,2034,,,,,,-453.02
EmissionActivityRatio,NDC,ECU,SUPMEDDEFPIE,,CO2e_CUT,1,2035,,,,,,-453.02
EmissionActivityRatio,NDC,ECU,SUPMEDDEFCHO,,CO2e_CUT,1,2010,,,,,,0.0
EmissionActivityRatio,NDC,ECU,SUPMEDDEFCHO,,CO2e_CUT,1,2011,,,,,,0.0
EmissionActivityRatio,NDC,ECU,SUPMEDDEFCHO,,CO2e_CUT,1,2012,,,,,,0.0
EmissionActivityRatio,NDC,ECU,SUPMEDDEFCHO,,CO2e_CUT,1,2013,,,,,,0.0
EmissionActivityRatio,NDC,ECU,SUPMEDDEFCHO,,CO2e_CUT,1,2014,,,,,,0.0
EmissionActivityRatio,NDC,ECU,SUPMEDDEFCHO,,CO2e_CUT,1,2015,,,,,,0.0
EmissionActivityRatio,NDC,ECU,SUPMEDDEFCHO,,CO2e_CUT,1,2016,,,,,,0.0
EmissionActivityRatio,NDC,ECU,SUPMEDDEFCHO,,CO2e_CUT,1,2017,,,,,,0.0
EmissionActivityRatio,NDC,ECU,SUPMEDDEFCHO,,CO2e_CUT,1,2018,,,,,,0.0
EmissionActivityRatio,NDC,ECU,SUPMEDDEFCHO,,CO2e_CUT,1,2019,,,,,,0.0
EmissionActivityRatio,NDC,ECU,SUPMEDDEFCHO,,CO2e_CUT,1,2020,,,,,,0.0
EmissionActivityRatio,NDC,ECU,SUPMEDDEFCHO,,CO2e_CUT,1,2021,,,,,,0.0
EmissionActivityRatio,NDC,ECU,SUPMEDDEFCHO,,CO2e_CUT,1,2022,,,,,,0.0
EmissionActivityRatio,NDC,ECU,SUPMEDDEFCHO,,CO2e_CUT,1,2023,,,,,,0.0
EmissionActivityRatio,NDC,ECU,SUPMEDDEFCHO,,CO2e_CUT,1,2024,,,,,,0.0
EmissionActivityRatio,NDC,ECU,SUPMEDDEFCHO,,CO2e_CUT,1,2025,,,,,,0.0
EmissionActivityRatio,NDC,ECU,SUPMEDDEFCHO,,CO2e_CUT,1,2026,,,,,,-308.28
EmissionActivityRatio,NDC,ECU,SUPMEDDEFCHO,,CO2e_CUT,1,2027,,,,,,-308.28
EmissionActivityRatio,NDC,ECU,SUPMEDDEFCHO,,CO2e_CUT,1,2028,,,,,,-308.28
EmissionActivityRatio,NDC,ECU,SUPMEDDEFCHO,,CO2e_CUT,1,2029,,,,,,-308.28
EmissionActivityRatio,NDC,ECU,SUPMEDDEFCHO,,CO2e_CUT,1,2030,,,,,,-308.28
EmissionActivityRatio,NDC,ECU,SUPMEDDEFCHO,,CO2e_CUT,1,2031,,,,,,-308.28
EmissionActivityRatio,NDC,ECU,SUPMEDDEFCHO,,CO2e_CUT,1,2032,,,,,,-308.28
EmissionActivityRatio,NDC,ECU,SUPMEDDEFCHO,,CO2e_CUT,1,2033,,,,,,-308.28
EmissionActivityRatio,NDC,ECU,SUPMEDDEFCHO,,CO2e_CUT,1,2034,,,,,,-308.28
EmissionActivityRatio,NDC,ECU,SUPMEDDEFCHO,,CO2e_CUT,1,2035,,,,,,-308.28
EmissionActivityRatio,NDC,ECU,SUPMEDDEFMON,,CO2e_CUT,1,2010,,,,,,0.0
EmissionActivityRatio,NDC,ECU,SUPMEDDEFMON,,CO2e_CUT,1,2011,,,,,,0.0
EmissionActivityRatio,NDC,ECU,SUPMEDDEFMON,,CO2e_CUT,1,2012,,,,,,0.0
EmissionActivityRatio,NDC,ECU,SUPMEDDEFMON,,CO2e_CUT,1,2013,,,,,,0.0
EmissionActivityRatio,NDC,ECU,SUPMEDDEFMON,,CO2e_CUT,1,2014,,,,,,0.0
EmissionActivityRatio,NDC,ECU,SUPMEDDEFMON,,CO2e_CUT,1,2015,,,,,,0.0
EmissionActivityRatio,NDC,ECU,SUPMEDDEFMON,,CO2e_CUT,1,2016,,,,,,0.0
EmissionActivityRatio,NDC,ECU,SUPMEDDEFMON,,CO2e_CUT,1,2017,,,,,,0.0
EmissionActivityRatio,NDC,ECU,SUPMEDDEFMON,,CO2e_CUT,1,2018,,,,,,0.0
EmissionActivityRatio,NDC,ECU,SUPMEDDEFMON,,CO2e_CUT,1,2019,,,,,,0.0
EmissionActivityRatio,NDC,ECU,SUPMEDDEFMON,,CO2e_CUT,1,2020,,,,,,0.0
EmissionActivityRatio,NDC,ECU,SUPMEDDEFMON,,CO2e_CUT,1,2021,,,,,,0.0
EmissionActivityRatio,NDC,ECU,SUPMEDDEFMON,,CO2e_CUT,1,2022,,,,,,0.0
EmissionActivityRatio,NDC,ECU,SUPMEDDEFMON,,CO2e_CUT,1,2023,,,,,,0.0
EmissionActivityRatio,NDC,ECU,SUPMEDDEFMON,,CO2e_CUT,1,2024,,,,,,0.0
EmissionActivityRatio,NDC,ECU,SUPMEDDEFMON,,CO2e_CUT,1,2025,,,,,,0.0
EmissionActivityRatio,NDC,ECU,SUPMEDDEFMON,,CO2e_CUT,1,2026,,,,,,-455.0641
EmissionActivityRatio,NDC,ECU,SUPMEDDEFMON,,CO2e_CUT,1,2027,,,,,,-455.0641
EmissionActivityRatio,NDC,ECU,SUPMEDDEFMON,,CO2e_CUT,1,2028,,,,,,-455.0641
EmissionActivityRatio,NDC,ECU,SUPMEDDEFMON,,CO2e_CUT,1,2029,,,,,,-455.0641
EmissionActivityRatio,NDC,ECU,SUPMEDDEFMON,,CO2e_CUT,1,2030,,,,,,-455.0641
EmissionActivityRatio,NDC,ECU,SUPMEDDEFMON,,CO2e_CUT,1,2031,,,,,,-455.0641
EmissionActivityRatio,NDC,ECU,SUPMEDDEFMON,,CO2e_CUT,1,2032,,,,,,-455.0641
EmissionActivityRatio,NDC,ECU,SUPMEDDEFMON,,CO2e_CUT,1,2033,,,,,,-455.0641
EmissionActivityRatio,NDC,ECU,SUPMEDDEFMON,,CO2e_CUT,1,2034,,,,,,-455.0641
EmissionActivityRatio,NDC,ECU,SUPMEDDEFMON,,CO2e_CUT,1,2035,,,,,,-455.0641
EmissionActivityRatio,NDC,ECU,SUPMEDDEFPIE2,,CO2e_CUT,1,2010,,,,,,0.0
EmissionActivityRatio,NDC,ECU,SUPMEDDEFPIE2,,CO2e_CUT,1,2011,,,,,,0.0
EmissionActivityRatio,NDC,ECU,SUPMEDDEFPIE2,,CO2e_CUT,1,2012,,,,,,0.0
EmissionActivityRatio,NDC,ECU,SUPMEDDEFPIE2,,CO2e_CUT,1,2013,,,,,,0.0
EmissionActivityRatio,NDC,ECU,SUPMEDDEFPIE2,,CO2e_CUT,1,2014,,,,,,0.0
EmissionActivityRatio,NDC,ECU,SUPMEDDEFPIE2,,CO2e_CUT,1,2015,,,,,,0.0
EmissionActivityRatio,NDC,ECU,SUPMEDDEFPIE2,,CO2e_CUT,1,2016,,,,,,0.0
EmissionActivityRatio,NDC,ECU,SUPMEDDEFPIE2,,CO2e_CUT,1,2017,,,,,,0.0
EmissionActivityRatio,NDC,ECU,SUPMEDDEFPIE2,,CO2e_CUT,1,2018,,,,,,0.0
EmissionActivityRatio,NDC,ECU,SUPMEDDEFPIE2,,CO2e_CUT,1,2019,,,,,,0.0
EmissionActivityRatio,NDC,ECU,SUPMEDDEFPIE2,,CO2e_CUT,1,2020,,,,,,0.0
EmissionActivityRatio,NDC,ECU,SUPMEDDEFPIE2,,CO2e_CUT,1,2021,,,,,,0.0
EmissionActivityRatio,NDC,ECU,SUPMEDDEFPIE2,,CO2e_CUT,1,2022,,,,,,0.0
EmissionActivityRatio,NDC,ECU,SUPMEDDEFPIE2,,CO2e_CUT,1,2023,,,,,,0.0
EmissionActivityRatio,NDC,ECU,SUPMEDDEFPIE2,,CO2e_CUT,1,2024,,,,,,0.0
EmissionActivityRatio,NDC,ECU,SUPMEDDEFPIE2,,CO2e_CUT,1,2025,,,,,,0.0
EmissionActivityRatio,NDC,ECU,SUPMEDDEFPIE2,,CO2e_CUT,1,2026,,,,,,-453.02
EmissionActivityRatio,NDC,ECU,SUPMEDDEFPIE2,,CO2e_CUT,1,2027,,,,,,-453.02
EmissionActivityRatio,NDC,ECU,SUPMEDDEFPIE2,,CO2e_CUT,1,2028,,,,,,-453.02
EmissionActivityRatio,NDC,ECU,SUPMEDDEFPIE2,,CO2e_CUT,1,2029,,,,,,-453.02
EmissionActivityRatio,NDC,ECU,SUPMEDDEFPIE2,,CO2e_CUT,1,2030,,,,,,-453.02
EmissionActivityRatio,NDC,ECU,SUPMEDDEFPIE2,,CO2e_CUT,1,2031,,,,,,-453.02
EmissionActivityRatio,NDC,ECU,SUPMEDDEFPIE2,,CO2e_CUT,1,2032,,,,,,-453.02
EmissionActivityRatio,NDC,ECU,SUPMEDDEFPIE2,,CO2e_CUT,1,2033,,,,,,-453.02
EmissionActivityRatio,NDC,ECU,SUPMEDDEFPIE2,,CO2e_CUT,1,2034,,,,,,-453.02
EmissionActivityRatio,NDC,ECU,SUPMEDDEFPIE2,,CO2e_CUT,1,2035,,,,,,-453.02
EmissionActivityRatio,NDC,ECU,SUPMED5DEFAND,,CO2e_CUT,1,2010,,,,,,0.0
EmissionActivityRatio,NDC,ECU,SUPMED5DEFAND,,CO2e_CUT,1,2011,,,,,,0.0
EmissionActivityRatio,NDC,ECU,SUPMED5DEFAND,,CO2e_CUT,1,2012,,,,,,0.0
EmissionActivityRatio,NDC,ECU,SUPMED5DEFAND,,CO2e_CUT,1,2013,,,,,,0.0
EmissionActivityRatio,NDC,ECU,SUPMED5DEFAND,,CO2e_CUT,1,2014,,,,,,0.0
EmissionActivityRatio,NDC,ECU,SUPMED5DEFAND,,CO2e_CUT,1,2015,,,,,,0.0
EmissionActivityRatio,NDC,ECU,SUPMED5DEFAND,,CO2e_CUT,1,2016,,,,,,0.0
EmissionActivityRatio,NDC,ECU,SUPMED5DEFAND,,CO2e_CUT,1,2017,,,,,,0.0
EmissionActivityRatio,NDC,ECU,SUPMED5DEFAND,,CO2e_CUT,1,2018,,,,,,0.0
EmissionActivityRatio,NDC,ECU,SUPMED5DEFAND,,CO2e_CUT,1,2019,,,,,,0.0
EmissionActivityRatio,NDC,ECU,SUPMED5DEFAND,,CO2e_CUT,1,2020,,,,,,0.0
EmissionActivityRatio,NDC,ECU,SUPMED5DEFAND,,CO2e_CUT,1,2021,,,,,,0.0
EmissionActivityRatio,NDC,ECU,SUPMED5DEFAND,,CO2e_CUT,1,2022,,,,,,0.0
EmissionActivityRatio,NDC,ECU,SUPMED5DEFAND,,CO2e_CUT,1,2023,,,,,,0.0
EmissionActivityRatio,NDC,ECU,SUPMED5DEFAND,,CO2e_CUT,1,2024,,,,,,0.0
EmissionActivityRatio,NDC,ECU,SUPMED5DEFAND,,CO2e_CUT,1,2025,,,,,,0.0
EmissionActivityRatio,NDC,ECU,SUPMED5DEFAND,,CO2e_CUT,1,2026,,,,,,-177.0692
EmissionActivityRatio,NDC,ECU,SUPMED5DEFAND,,CO2e_CUT,1,2027,,,,,,-177.0692
EmissionActivityRatio,NDC,ECU,SUPMED5DEFAND,,CO2e_CUT,1,2028,,,,,,-177.0692
EmissionActivityRatio,NDC,ECU,SUPMED5DEFAND,,CO2e_CUT,1,2029,,,,,,-177.0692
EmissionActivityRatio,NDC,ECU,SUPMED5DEFAND,,CO2e_CUT,1,2030,,,,,,-177.0692
EmissionActivityRatio,NDC,ECU,SUPMED5DEFAND,,CO2e_CUT,1,2031,,,,,,-177.0692
EmissionActivityRatio,NDC,ECU,SUPMED5DEFAND,,CO2e_CUT,1,2032,,,,,,-177.0692
EmissionActivityRatio,NDC,ECU,SUPMED5DEFAND,,CO2e_CUT,1,2033,,,,,,-177.0692
EmissionActivityRatio,NDC,ECU,SUPMED5DEFAND,,CO2e_CUT,1,2034,,,,,,-177.0692
EmissionActivityRatio,NDC,ECU,SUPMED5DEFAND,,CO2e_CUT,1,2035,,,,,,-177.0692
EmissionActivityRatio,NDC,ECU,SUPMED5DEFPLU,,CO2e_CUT,1,2010,,,,,,0.0
EmissionActivityRatio,NDC,ECU,SUPMED5DEFPLU,,CO2e_CUT,1,2011,,,,,,0.0
EmissionActivityRatio,NDC,ECU,SUPMED5DEFPLU,,CO2e_CUT,1,2012,,,,,,0.0
EmissionActivityRatio,NDC,ECU,SUPMED5DEFPLU,,CO2e_CUT,1,2013,,,,,,0.0
EmissionActivityRatio,NDC,ECU,SUPMED5DEFPLU,,CO2e_CUT,1,2014,,,,,,0.0
EmissionActivityRatio,NDC,ECU,SUPMED5DEFPLU,,CO2e_CUT,1,2015,,,,,,0.0
EmissionActivityRatio,NDC,ECU,SUPMED5DEFPLU,,CO2e_CUT,1,2016,,,,,,0.0
EmissionActivityRatio,NDC,ECU,SUPMED5DEFPLU,,CO2e_CUT,1,2017,,,,,,0.0
EmissionActivityRatio,NDC,ECU,SUPMED5DEFPLU,,CO2e_CUT,1,2018,,,,,,0.0
EmissionActivityRatio,NDC,ECU,SUPMED5DEFPLU,,CO2e_CUT,1,2019,,,,,,0.0
EmissionActivityRatio,NDC,ECU,SUPMED5DEFPLU,,CO2e_CUT,1,2020,,,,,,0.0
EmissionActivityRatio,NDC,ECU,SUPMED5DEFPLU,,CO2e_CUT,1,2021,,,,,,0.0
EmissionActivityRatio,NDC,ECU,SUPMED5DEFPLU,,CO2e_CUT,1,2022,,,,,,0.0
EmissionActivityRatio,NDC,ECU,SUPMED5DEFPLU,,CO2e_CUT,1,2023,,,,,,0.0
EmissionActivityRatio,NDC,ECU,SUPMED5DEFPLU,,CO2e_CUT,1,2024,,,,,,0.0
EmissionActivityRatio,NDC,ECU,SUPMED5DEFPLU,,CO2e_CUT,1,2025,,,,,,0.0
EmissionActivityRatio,NDC,ECU,SUPMED5DEFPLU,,CO2e_CUT,1,2026,,,,,,-137.1245
EmissionActivityRatio,NDC,ECU,SUPMED5DEFPLU,,CO2e_CUT,1,2027,,,,,,-137.1245
EmissionActivityRatio,NDC,ECU,SUPMED5DEFPLU,,CO2e_CUT,1,2028,,,,,,-137.1245
EmissionActivityRatio,NDC,ECU,SUPMED5DEFPLU,,CO2e_CUT,1,2029,,,,,,-137.1245
EmissionActivityRatio,NDC,ECU,SUPMED5DEFPLU,,CO2e_CUT,1,2030,,,,,,-137.1245
EmissionActivityRatio,NDC,ECU,SUPMED5DEFPLU,,CO2e_CUT,1,2031,,,,,,-137.1245
EmissionActivityRatio,NDC,ECU,SUPMED5DEFPLU,,CO2e_CUT,1,2032,,,,,,-137.1245
EmissionActivityRatio,NDC,ECU,SUPMED5DEFPLU,,CO2e_CUT,1,2033,,,,,,-137.1245
EmissionActivityRatio,NDC,ECU,SUPMED5DEFPLU,,CO2e_CUT,1,2034,,,,,,-137.1245
EmissionActivityRatio,NDC,ECU,SUPMED5DEFPLU,,CO2e_CUT,1,2035,,,,,,-137.1245
EmissionActivityRatio,NDC,ECU,SUPMED5DEFMON,,CO2e_CUT,1,2010,,,,,,0.0
EmissionActivityRatio,NDC,ECU,SUPMED5DEFMON,,CO2e_CUT,1,2011,,,,,,0.0
EmissionActivityRatio,NDC,ECU,SUPMED5DEFMON,,CO2e_CUT,1,2012,,,,,,0.0
EmissionActivityRatio,NDC,ECU,SUPMED5DEFMON,,CO2e_CUT,1,2013,,,,,,0.0
EmissionActivityRatio,NDC,ECU,SUPMED5DEFMON,,CO2e_CUT,1,2014,,,,,,0.0
EmissionActivityRatio,NDC,ECU,SUPMED5DEFMON,,CO2e_CUT,1,2015,,,,,,0.0
EmissionActivityRatio,NDC,ECU,SUPMED5DEFMON,,CO2e_CUT,1,2016,,,,,,0.0
EmissionActivityRatio,NDC,ECU,SUPMED5DEFMON,,CO2e_CUT,1,2017,,,,,,0.0
EmissionActivityRatio,NDC,ECU,SUPMED5DEFMON,,CO2e_CUT,1,2018,,,,,,0.0
EmissionActivityRatio,NDC,ECU,SUPMED5DEFMON,,CO2e_CUT,1,2019,,,,,,0.0
EmissionActivityRatio,NDC,ECU,SUPMED5DEFMON,,CO2e_CUT,1,2020,,,,,,0.0
EmissionActivityRatio,NDC,ECU,SUPMED5DEFMON,,CO2e_CUT,1,2021,,,,,,0.0
EmissionActivityRatio,NDC,ECU,SUPMED5DEFMON,,CO2e_CUT,1,2022,,,,,,0.0
EmissionActivityRatio,NDC,ECU,SUPMED5DEFMON,,CO2e_CUT,1,2023,,,,,,0.0
EmissionActivityRatio,NDC,ECU,SUPMED5DEFMON,,CO2e_CUT,1,2024,,,,,,0.0
EmissionActivityRatio,NDC,ECU,SUPMED5DEFMON,,CO2e_CUT,1,2025,,,,,,0.0
EmissionActivityRatio,NDC,ECU,SUPMED5DEFMON,,CO2e_CUT,1,2026,,,,,,-455.0641
EmissionActivityRatio,NDC,ECU,SUPMED5DEFMON,,CO2e_CUT,1,2027,,,,,,-455.0641
EmissionActivityRatio,NDC,ECU,SUPMED5DEFMON,,CO2e_CUT,1,2028,,,,,,-455.0641
EmissionActivityRatio,NDC,ECU,SUPMED5DEFMON,,CO2e_CUT,1,2029,,,,,,-455.0641
EmissionActivityRatio,NDC,ECU,SUPMED5DEFMON,,CO2e_CUT,1,2030,,,,,,-455.0641
EmissionActivityRatio,NDC,ECU,SUPMED5DEFMON,,CO2e_CUT,1,2031,,,,,,-455.0641
EmissionActivityRatio,NDC,ECU,SUPMED5DEFMON,,CO2e_CUT,1,2032,,,,,,-455.0641
EmissionActivityRatio,NDC,ECU,SUPMED5DEFMON,,CO2e_CUT,1,2033,,,,,,-455.0641
EmissionActivityRatio,NDC,ECU,SUPMED5DEFMON,,CO2e_CUT,1,2034,,,,,,-455.0641
EmissionActivityRatio,NDC,ECU,SUPMED5DEFMON,,CO2e_CUT,1,2035,,,,,,-455.0641
EmissionActivityRatio,NDC,ECU,SUPMED5DEFPIE,,CO2e_CUT,1,2010,,,,,,0.0
EmissionActivityRatio,NDC,ECU,SUPMED5DEFPIE,,CO2e_CUT,1,2011,,,,,,0.0
EmissionActivityRatio,NDC,ECU,SUPMED5DEFPIE,,CO2e_CUT,1,2012,,,,,,0.0
EmissionActivityRatio,NDC,ECU,SUPMED5DEFPIE,,CO2e_CUT,1,2013,,,,,,0.0
EmissionActivityRatio,NDC,ECU,SUPMED5DEFPIE,,CO2e_CUT,1,2014,,,,,,0.0
EmissionActivityRatio,NDC,ECU,SUPMED5DEFPIE,,CO2e_CUT,1,2015,,,,,,0.0
EmissionActivityRatio,NDC,ECU,SUPMED5DEFPIE,,CO2e_CUT,1,2016,,,,,,0.0
EmissionActivityRatio,NDC,ECU,SUPMED5DEFPIE,,CO2e_CUT,1,2017,,,,,,0.0
EmissionActivityRatio,NDC,ECU,SUPMED5DEFPIE,,CO2e_CUT,1,2018,,,,,,0.0
EmissionActivityRatio,NDC,ECU,SUPMED5DEFPIE,,CO2e_CUT,1,2019,,,,,,0.0
EmissionActivityRatio,NDC,ECU,SUPMED5DEFPIE,,CO2e_CUT,1,2020,,,,,,0.0
EmissionActivityRatio,NDC,ECU,SUPMED5DEFPIE,,CO2e_CUT,1,2021,,,,,,0.0
EmissionActivityRatio,NDC,ECU,SUPMED5DEFPIE,,CO2e_CUT,1,2022,,,,,,0.0
EmissionActivityRatio,NDC,ECU,SUPMED5DEFPIE,,CO2e_CUT,1,2023,,,,,,0.0
EmissionActivityRatio,NDC,ECU,SUPMED5DEFPIE,,CO2e_CUT,1,2024,,,,,,0.0
EmissionActivityRatio,NDC,ECU,SUPMED5DEFPIE,,CO2e_CUT,1,2025,,,,,,0.0
EmissionActivityRatio,NDC,ECU,SUPMED5DEFPIE,,CO2e_CUT,1,2026,,,,,,-453.0167
EmissionActivityRatio,NDC,ECU,SUPMED5DEFPIE,,CO2e_CUT,1,2027,,,,,,-453.0167
EmissionActivityRatio,NDC,ECU,SUPMED5DEFPIE,,CO2e_CUT,1,2028,,,,,,-453.0167
EmissionActivityRatio,NDC,ECU,SUPMED5DEFPIE,,CO2e_CUT,1,2029,,,,,,-453.0167
EmissionActivityRatio,NDC,ECU,SUPMED5DEFPIE,,CO2e_CUT,1,2030,,,,,,-453.0167
EmissionActivityRatio,NDC,ECU,SUPMED5DEFPIE,,CO2e_CUT,1,2031,,,,,,-453.0167
EmissionActivityRatio,NDC,ECU,SUPMED5DEFPIE,,CO2e_CUT,1,2032,,,,,,-453.0167
EmissionActivityRatio,NDC,ECU,SUPMED5DEFPIE,,CO2e_CUT,1,2033,,,,,,-453.0167
EmissionActivityRatio,NDC,ECU,SUPMED5DEFPIE,,CO2e_CUT,1,2034,,,,,,-453.0167
EmissionActivityRatio,NDC,ECU,SUPMED5DEFPIE,,CO2e_CUT,1,2035,,,,,,-453.0167
EmissionActivityRatio,NDC,ECU,SUPMED5DEFCEJ,,CO2e_CUT,1,2010,,,,,,0.0
EmissionActivityRatio,NDC,ECU,SUPMED5DEFCEJ,,CO2e_CUT,1,2011,,,,,,0.0
EmissionActivityRatio,NDC,ECU,SUPMED5DEFCEJ,,CO2e_CUT,1,2012,,,,,,0.0
EmissionActivityRatio,NDC,ECU,SUPMED5DEFCEJ,,CO2e_CUT,1,2013,,,,,,0.0
EmissionActivityRatio,NDC,ECU,SUPMED5DEFCEJ,,CO2e_CUT,1,2014,,,,,,0.0
EmissionActivityRatio,NDC,ECU,SUPMED5DEFCEJ,,CO2e_CUT,1,2015,,,,,,0.0
EmissionActivityRatio,NDC,ECU,SUPMED5DEFCEJ,,CO2e_CUT,1,2016,,,,,,0.0
EmissionActivityRatio,NDC,ECU,SUPMED5DEFCEJ,,CO2e_CUT,1,2017,,,,,,0.0
EmissionActivityRatio,NDC,ECU,SUPMED5DEFCEJ,,CO2e_CUT,1,2018,,,,,,0.0
EmissionActivityRatio,NDC,ECU,SUPMED5DEFCEJ,,CO2e_CUT,1,2019,,,,,,0.0
EmissionActivityRatio,NDC,ECU,SUPMED5DEFCEJ,,CO2e_CUT,1,2020,,,,,,0.0
EmissionActivityRatio,NDC,ECU,SUPMED5DEFCEJ,,CO2e_CUT,1,2021,,,,,,0.0
EmissionActivityRatio,NDC,ECU,SUPMED5DEFCEJ,,CO2e_CUT,1,2022,,,,,,0.0
EmissionActivityRatio,NDC,ECU,SUPMED5DEFCEJ,,CO2e_CUT,1,2023,,,,,,0.0
EmissionActivityRatio,NDC,ECU,SUPMED5DEFCEJ,,CO2e_CUT,1,2024,,,,,,0.0
EmissionActivityRatio,NDC,ECU,SUPMED5DEFCEJ,,CO2e_CUT,1,2025,,,,,,0.0
EmissionActivityRatio,NDC,ECU,SUPMED5DEFCEJ,,CO2e_CUT,1,2026,,,,,,-392.1339
EmissionActivityRatio,NDC,ECU,SUPMED5DEFCEJ,,CO2e_CUT,1,2027,,,,,,-392.1339
EmissionActivityRatio,NDC,ECU,SUPMED5DEFCEJ,,CO2e_CUT,1,2028,,,,,,-392.1339
EmissionActivityRatio,NDC,ECU,SUPMED5DEFCEJ,,CO2e_CUT,1,2029,,,,,,-392.1339
EmissionActivityRatio,NDC,ECU,SUPMED5DEFCEJ,,CO2e_CUT,1,2030,,,,,,-392.1339
EmissionActivityRatio,NDC,ECU,SUPMED5DEFCEJ,,CO2e_CUT,1,2031,,,,,,-392.1339
EmissionActivityRatio,NDC,ECU,SUPMED5DEFCEJ,,CO2e_CUT,1,2032,,,,,,-392.1339
EmissionActivityRatio,NDC,ECU,SUPMED5DEFCEJ,,CO2e_CUT,1,2033,,,,,,-392.1339
EmissionActivityRatio,NDC,ECU,SUPMED5DEFCEJ,,CO2e_CUT,1,2034,,,,,,-392.1339
EmissionActivityRatio,NDC,ECU,SUPMED5DEFCEJ,,CO2e_CUT,1,2035,,,,,,-392.1339
EmissionActivityRatio,NDC,ECU,SUPMED5DEFAMA,,CO2e_CUT,1,2010,,,,,,0.0
EmissionActivityRatio,NDC,ECU,SUPMED5DEFAMA,,CO2e_CUT,1,2011,,,,,,0.0
EmissionActivityRatio,NDC,ECU,SUPMED5DEFAMA,,CO2e_CUT,1,2012,,,,,,0.0
EmissionActivityRatio,NDC,ECU,SUPMED5DEFAMA,,CO2e_CUT,1,2013,,,,,,0.0
EmissionActivityRatio,NDC,ECU,SUPMED5DEFAMA,,CO2e_CUT,1,2014,,,,,,0.0
EmissionActivityRatio,NDC,ECU,SUPMED5DEFAMA,,CO2e_CUT,1,2015,,,,,,0.0
EmissionActivityRatio,NDC,ECU,SUPMED5DEFAMA,,CO2e_CUT,1,2016,,,,,,0.0
EmissionActivityRatio,NDC,ECU,SUPMED5DEFAMA,,CO2e_CUT,1,2017,,,,,,0.0
EmissionActivityRatio,NDC,ECU,SUPMED5DEFAMA,,CO2e_CUT,1,2018,,,,,,0.0
EmissionActivityRatio,NDC,ECU,SUPMED5DEFAMA,,CO2e_CUT,1,2019,,,,,,0.0
EmissionActivityRatio,NDC,ECU,SUPMED5DEFAMA,,CO2e_CUT,1,2020,,,,,,0.0
EmissionActivityRatio,NDC,ECU,SUPMED5DEFAMA,,CO2e_CUT,1,2021,,,,,,0.0
EmissionActivityRatio,NDC,ECU,SUPMED5DEFAMA,,CO2e_CUT,1,2022,,,,,,0.0
EmissionActivityRatio,NDC,ECU,SUPMED5DEFAMA,,CO2e_CUT,1,2023,,,,,,0.0
EmissionActivityRatio,NDC,ECU,SUPMED5DEFAMA,,CO2e_CUT,1,2024,,,,,,0.0
EmissionActivityRatio,NDC,ECU,SUPMED5DEFAMA,,CO2e_CUT,1,2025,,,,,,0.0
EmissionActivityRatio,NDC,ECU,SUPMED5DEFAMA,,CO2e_CUT,1,2026,,,,,,-591.4524
EmissionActivityRatio,NDC,ECU,SUPMED5DEFAMA,,CO2e_CUT,1,2027,,,,,,-591.4524
EmissionActivityRatio,NDC,ECU,SUPMED5DEFAMA,,CO2e_CUT,1,2028,,,,,,-591.4524
EmissionActivityRatio,NDC,ECU,SUPMED5DEFAMA,,CO2e_CUT,1,2029,,,,,,-591.4524
EmissionActivityRatio,NDC,ECU,SUPMED5DEFAMA,,CO2e_CUT,1,2030,,,,,,-591.4524
EmissionActivityRatio,NDC,ECU,SUPMED5DEFAMA,,CO2e_CUT,1,2031,,,,,,-591.4524
EmissionActivityRatio,NDC,ECU,SUPMED5DEFAMA,,CO2e_CUT,1,2032,,,,,,-591.4524
EmissionActivityRatio,NDC,ECU,SUPMED5DEFAMA,,CO2e_CUT,1,2033,,,,,,-591.4524
EmissionActivityRatio,NDC,ECU,SUPMED5DEFAMA,,CO2e_CUT,1,2034,,,,,,-591.4524
EmissionActivityRatio,NDC,ECU,SUPMED5DEFAMA,,CO2e_CUT,1,2035,,,,,,-591.4524
EmissionActivityRatio,NDC,ECU,SUPMED5DEFCHO,,CO2e_CUT,1,2010,,,,,,0.0
EmissionActivityRatio,NDC,ECU,SUPMED5DEFCHO,,CO2e_CUT,1,2011,,,,,,0.0
EmissionActivityRatio,NDC,ECU,SUPMED5DEFCHO,,CO2e_CUT,1,2012,,,,,,0.0
EmissionActivityRatio,NDC,ECU,SUPMED5DEFCHO,,CO2e_CUT,1,2013,,,,,,0.0
EmissionActivityRatio,NDC,ECU,SUPMED5DEFCHO,,CO2e_CUT,1,2014,,,,,,0.0
EmissionActivityRatio,NDC,ECU,SUPMED5DEFCHO,,CO2e_CUT,1,2015,,,,,,0.0
EmissionActivityRatio,NDC,ECU,SUPMED5DEFCHO,,CO2e_CUT,1,2016,,,,,,0.0
EmissionActivityRatio,NDC,ECU,SUPMED5DEFCHO,,CO2e_CUT,1,2017,,,,,,0.0
EmissionActivityRatio,NDC,ECU,SUPMED5DEFCHO,,CO2e_CUT,1,2018,,,,,,0.0
EmissionActivityRatio,NDC,ECU,SUPMED5DEFCHO,,CO2e_CUT,1,2019,,,,,,0.0
EmissionActivityRatio,NDC,ECU,SUPMED5DEFCHO,,CO2e_CUT,1,2020,,,,,,0.0
EmissionActivityRatio,NDC,ECU,SUPMED5DEFCHO,,CO2e_CUT,1,2021,,,,,,0.0
EmissionActivityRatio,NDC,ECU,SUPMED5DEFCHO,,CO2e_CUT,1,2022,,,,,,0.0
EmissionActivityRatio,NDC,ECU,SUPMED5DEFCHO,,CO2e_CUT,1,2023,,,,,,0.0
EmissionActivityRatio,NDC,ECU,SUPMED5DEFCHO,,CO2e_CUT,1,2024,,,,,,0.0
EmissionActivityRatio,NDC,ECU,SUPMED5DEFCHO,,CO2e_CUT,1,2025,,,,,,0.0
EmissionActivityRatio,NDC,ECU,SUPMED5DEFCHO,,CO2e_CUT,1,2026,,,,,,-308.2816
EmissionActivityRatio,NDC,ECU,SUPMED5DEFCHO,,CO2e_CUT,1,2027,,,,,,-308.2816
EmissionActivityRatio,NDC,ECU,SUPMED5DEFCHO,,CO2e_CUT,1,2028,,,,,,-308.2816
EmissionActivityRatio,NDC,ECU,SUPMED5DEFCHO,,CO2e_CUT,1,2029,,,,,,-308.2816
EmissionActivityRatio,NDC,ECU,SUPMED5DEFCHO,,CO2e_CUT,1,2030,,,,,,-308.2816
EmissionActivityRatio,NDC,ECU,SUPMED5DEFCHO,,CO2e_CUT,1,2031,,,,,,-308.2816
EmissionActivityRatio,NDC,ECU,SUPMED5DEFCHO,,CO2e_CUT,1,2032,,,,,,-308.2816
EmissionActivityRatio,NDC,ECU,SUPMED5DEFCHO,,CO2e_CUT,1,2033,,,,,,-308.2816
EmissionActivityRatio,NDC,ECU,SUPMED5DEFCHO,,CO2e_CUT,1,2034,,,,,,-308.2816
EmissionActivityRatio,NDC,ECU,SUPMED5DEFCHO,,CO2e_CUT,1,2035,,,,,,-308.2816
EmissionActivityRatio,NDC,ECU,SUPMED5DEFMAN,,CO2e_CUT,1,2010,,,,,,0.0
EmissionActivityRatio,NDC,ECU,SUPMED5DEFMAN,,CO2e_CUT,1,2011,,,,,,0.0
EmissionActivityRatio,NDC,ECU,SUPMED5DEFMAN,,CO2e_CUT,1,2012,,,,,,0.0
EmissionActivityRatio,NDC,ECU,SUPMED5DEFMAN,,CO2e_CUT,1,2013,,,,,,0.0
EmissionActivityRatio,NDC,ECU,SUPMED5DEFMAN,,CO2e_CUT,1,2014,,,,,,0.0
EmissionActivityRatio,NDC,ECU,SUPMED5DEFMAN,,CO2e_CUT,1,2015,,,,,,0.0
EmissionActivityRatio,NDC,ECU,SUPMED5DEFMAN,,CO2e_CUT,1,2016,,,,,,0.0
EmissionActivityRatio,NDC,ECU,SUPMED5DEFMAN,,CO2e_CUT,1,2017,,,,,,0.0
EmissionActivityRatio,NDC,ECU,SUPMED5DEFMAN,,CO2e_CUT,1,2018,,,,,,0.0
EmissionActivityRatio,NDC,ECU,SUPMED5DEFMAN,,CO2e_CUT,1,2019,,,,,,0.0
EmissionActivityRatio,NDC,ECU,SUPMED5DEFMAN,,CO2e_CUT,1,2020,,,,,,0.0
EmissionActivityRatio,NDC,ECU,SUPMED5DEFMAN,,CO2e_CUT,1,2021,,,,,,0.0
EmissionActivityRatio,NDC,ECU,SUPMED5DEFMAN,,CO2e_CUT,1,2022,,,,,,0.0
EmissionActivityRatio,NDC,ECU,SUPMED5DEFMAN,,CO2e_CUT,1,2023,,,,,,0.0
EmissionActivityRatio,NDC,ECU,SUPMED5DEFMAN,,CO2e_CUT,1,2024,,,,,,0.0
EmissionActivityRatio,NDC,ECU,SUPMED5DEFMAN,,CO2e_CUT,1,2025,,,,,,0.0
EmissionActivityRatio,NDC,ECU,SUPMED5DEFMAN,,CO2e_CUT,1,2026,,,,,,-317.6433
EmissionActivityRatio,NDC,ECU,SUPMED5DEFMAN,,CO2e_CUT,1,2027,,,,,,-317.6433
EmissionActivityRatio,NDC,ECU,SUPMED5DEFMAN,,CO2e_CUT,1,2028,,,,,,-317.6433
EmissionActivityRatio,NDC,ECU,SUPMED5DEFMAN,,CO2e_CUT,1,2029,,,,,,-317.6433
EmissionActivityRatio,NDC,ECU,SUPMED5DEFMAN,,CO2e_CUT,1,2030,,,,,,-317.6433
EmissionActivityRatio,NDC,ECU,SUPMED5DEFMAN,,CO2e_CUT,1,2031,,,,,,-317.6433
EmissionActivityRatio,NDC,ECU,SUPMED5DEFMAN,,CO2e_CUT,1,2032,,,,,,-317.6433
EmissionActivityRatio,NDC,ECU,SUPMED5DEFMAN,,CO2e_CUT,1,2033,,,,,,-317.6433
EmissionActivityRatio,NDC,ECU,SUPMED5DEFMAN,,CO2e_CUT,1,2034,,,,,,-317.6433
EmissionActivityRatio,NDC,ECU,SUPMED5DEFMAN,,CO2e_CUT,1,2035,,,,,,-317.6433
EmissionActivityRatio,NDC,ECU,SUPMED5ABAND,,CO2e_CUT,1,2010,,,,,,0.0
EmissionActivityRatio,NDC,ECU,SUPMED5ABAND,,CO2e_CUT,1,2011,,,,,,0.0
EmissionActivityRatio,NDC,ECU,SUPMED5ABAND,,CO2e_CUT,1,2012,,,,,,0.0
EmissionActivityRatio,NDC,ECU,SUPMED5ABAND,,CO2e_CUT,1,2013,,,,,,0.0
EmissionActivityRatio,NDC,ECU,SUPMED5ABAND,,CO2e_CUT,1,2014,,,,,,0.0
EmissionActivityRatio,NDC,ECU,SUPMED5ABAND,,CO2e_CUT,1,2015,,,,,,0.0
EmissionActivityRatio,NDC,ECU,SUPMED5ABAND,,CO2e_CUT,1,2016,,,,,,0.0
EmissionActivityRatio,NDC,ECU,SUPMED5ABAND,,CO2e_CUT,1,2017,,,,,,0.0
EmissionActivityRatio,NDC,ECU,SUPMED5ABAND,,CO2e_CUT,1,2018,,,,,,0.0
EmissionActivityRatio,NDC,ECU,SUPMED5ABAND,,CO2e_CUT,1,2019,,,,,,0.0
EmissionActivityRatio,NDC,ECU,SUPMED5ABAND,,CO2e_CUT,1,2020,,,,,,0.0
EmissionActivityRatio,NDC,ECU,SUPMED5ABAND,,CO2e_CUT,1,2021,,,,,,0.0
EmissionActivityRatio,NDC,ECU,SUPMED5ABAND,,CO2e_CUT,1,2022,,,,,,0.0
EmissionActivityRatio,NDC,ECU,SUPMED5ABAND,,CO2e_CUT,1,2023,,,,,,0.0
EmissionActivityRatio,NDC,ECU,SUPMED5ABAND,,CO2e_CUT,1,2024,,,,,,0.0
EmissionActivityRatio,NDC,ECU,SUPMED5ABAND,,CO2e_CUT,1,2025,,,,,,0.0
EmissionActivityRatio,NDC,ECU,SUPMED5ABAND,,CO2e_CUT,1,2026,,,,,,-2.1369
EmissionActivityRatio,NDC,ECU,SUPMED5ABAND,,CO2e_CUT,1,2027,,,,,,-2.1369
EmissionActivityRatio,NDC,ECU,SUPMED5ABAND,,CO2e_CUT,1,2028,,,,,,-2.1369
EmissionActivityRatio,NDC,ECU,SUPMED5ABAND,,CO2e_CUT,1,2029,,,,,,-2.1369
EmissionActivityRatio,NDC,ECU,SUPMED5ABAND,,CO2e_CUT,1,2030,,,,,,-2.1369
EmissionActivityRatio,NDC,ECU,SUPMED5ABAND,,CO2e_CUT,1,2031,,,,,,-2.1369
EmissionActivityRatio,NDC,ECU,SUPMED5ABAND,,CO2e_CUT,1,2032,,,,,,-2.1369
EmissionActivityRatio,NDC,ECU,SUPMED5ABAND,,CO2e_CUT,1,2033,,,,,,-2.1369
EmissionActivityRatio,NDC,ECU,SUPMED5ABAND,,CO2e_CUT,1,2034,,,,,,-2.1369
EmissionActivityRatio,NDC,ECU,SUPMED5ABAND,,CO2e_CUT,1,2035,,,,,,-2.1369
EmissionActivityRatio,NDC,ECU,SUPMED5ABPLU,,CO2e_CUT,1,2010,,,,,,0.0
EmissionActivityRatio,NDC,ECU,SUPMED5ABPLU,,CO2e_CUT,1,2011,,,,,,0.0
EmissionActivityRatio,NDC,ECU,SUPMED5ABPLU,,CO2e_CUT,1,2012,,,,,,0.0
EmissionActivityRatio,NDC,ECU,SUPMED5ABPLU,,CO2e_CUT,1,2013,,,,,,0.0
EmissionActivityRatio,NDC,ECU,SUPMED5ABPLU,,CO2e_CUT,1,2014,,,,,,0.0
EmissionActivityRatio,NDC,ECU,SUPMED5ABPLU,,CO2e_CUT,1,2015,,,,,,0.0
EmissionActivityRatio,NDC,ECU,SUPMED5ABPLU,,CO2e_CUT,1,2016,,,,,,0.0
EmissionActivityRatio,NDC,ECU,SUPMED5ABPLU,,CO2e_CUT,1,2017,,,,,,0.0
EmissionActivityRatio,NDC,ECU,SUPMED5ABPLU,,CO2e_CUT,1,2018,,,,,,0.0
EmissionActivityRatio,NDC,ECU,SUPMED5ABPLU,,CO2e_CUT,1,2019,,,,,,0.0
EmissionActivityRatio,NDC,ECU,SUPMED5ABPLU,,CO2e_CUT,1,2020,,,,,,0.0
EmissionActivityRatio,NDC,ECU,SUPMED5ABPLU,,CO2e_CUT,1,2021,,,,,,0.0
EmissionActivityRatio,NDC,ECU,SUPMED5ABPLU,,CO2e_CUT,1,2022,,,,,,0.0
EmissionActivityRatio,NDC,ECU,SUPMED5ABPLU,,CO2e_CUT,1,2023,,,,,,0.0
EmissionActivityRatio,NDC,ECU,SUPMED5ABPLU,,CO2e_CUT,1,2024,,,,,,0.0
EmissionActivityRatio,NDC,ECU,SUPMED5ABPLU,,CO2e_CUT,1,2025,,,,,,0.0
EmissionActivityRatio,NDC,ECU,SUPMED5ABPLU,,CO2e_CUT,1,2026,,,,,,-2.1369
EmissionActivityRatio,NDC,ECU,SUPMED5ABPLU,,CO2e_CUT,1,2027,,,,,,-2.1369
EmissionActivityRatio,NDC,ECU,SUPMED5ABPLU,,CO2e_CUT,1,2028,,,,,,-2.1369
EmissionActivityRatio,NDC,ECU,SUPMED5ABPLU,,CO2e_CUT,1,2029,,,,,,-2.1369
EmissionActivityRatio,NDC,ECU,SUPMED5ABPLU,,CO2e_CUT,1,2030,,,,,,-2.1369
EmissionActivityRatio,NDC,ECU,SUPMED5ABPLU,,CO2e_CUT,1,2031,,,,,,-2.1369
EmissionActivityRatio,NDC,ECU,SUPMED5ABPLU,,CO2e_CUT,1,2032,,,,,,-2.1369
EmissionActivityRatio,NDC,ECU,SUPMED5ABPLU,,CO2e_CUT,1,2033,,,,,,-2.1369
EmissionActivityRatio,NDC,ECU,SUPMED5ABPLU,,CO2e_CUT,1,2034,,,,,,-2.1369
EmissionActivityRatio,NDC,ECU,SUPMED5ABPLU,,CO2e_CUT,1,2035,,,,,,-2.1369
EmissionActivityRatio,NDC,ECU,SUPMED5ABMON,,CO2e_CUT,1,2010,,,,,,0.0
EmissionActivityRatio,NDC,ECU,SUPMED5ABMON,,CO2e_CUT,1,2011,,,,,,0.0
EmissionActivityRatio,NDC,ECU,SUPMED5ABMON,,CO2e_CUT,1,2012,,,,,,0.0
EmissionActivityRatio,NDC,ECU,SUPMED5ABMON,,CO2e_CUT,1,2013,,,,,,0.0
EmissionActivityRatio,NDC,ECU,SUPMED5ABMON,,CO2e_CUT,1,2014,,,,,,0.0
EmissionActivityRatio,NDC,ECU,SUPMED5ABMON,,CO2e_CUT,1,2015,,,,,,0.0
EmissionActivityRatio,NDC,ECU,SUPMED5ABMON,,CO2e_CUT,1,2016,,,,,,0.0
EmissionActivityRatio,NDC,ECU,SUPMED5ABMON,,CO2e_CUT,1,2017,,,,,,0.0
EmissionActivityRatio,NDC,ECU,SUPMED5ABMON,,CO2e_CUT,1,2018,,,,,,0.0
EmissionActivityRatio,NDC,ECU,SUPMED5ABMON,,CO2e_CUT,1,2019,,,,,,0.0
EmissionActivityRatio,NDC,ECU,SUPMED5ABMON,,CO2e_CUT,1,2020,,,,,,0.0
EmissionActivityRatio,NDC,ECU,SUPMED5ABMON,,CO2e_CUT,1,2021,,,,,,0.0
EmissionActivityRatio,NDC,ECU,SUPMED5ABMON,,CO2e_CUT,1,2022,,,,,,0.0
EmissionActivityRatio,NDC,ECU,SUPMED5ABMON,,CO2e_CUT,1,2023,,,,,,0.0
EmissionActivityRatio,NDC,ECU,SUPMED5ABMON,,CO2e_CUT,1,2024,,,,,,0.0
EmissionActivityRatio,NDC,ECU,SUPMED5ABMON,,CO2e_CUT,1,2025,,,,,,0.0
EmissionActivityRatio,NDC,ECU,SUPMED5ABMON,,CO2e_CUT,1,2026,,,,,,-2.9917
EmissionActivityRatio,NDC,ECU,SUPMED5ABMON,,CO2e_CUT,1,2027,,,,,,-2.9917
EmissionActivityRatio,NDC,ECU,SUPMED5ABMON,,CO2e_CUT,1,2028,,,,,,-2.9917
EmissionActivityRatio,NDC,ECU,SUPMED5ABMON,,CO2e_CUT,1,2029,,,,,,-2.9917
EmissionActivityRatio,NDC,ECU,SUPMED5ABMON,,CO2e_CUT,1,2030,,,,,,-2.9917
EmissionActivityRatio,NDC,ECU,SUPMED5ABMON,,CO2e_CUT,1,2031,,,,,,-2.9917
EmissionActivityRatio,NDC,ECU,SUPMED5ABMON,,CO2e_CUT,1,2032,,,,,,-2.9917
EmissionActivityRatio,NDC,ECU,SUPMED5ABMON,,CO2e_CUT,1,2033,,,,,,-2.9917
EmissionActivityRatio,NDC,ECU,SUPMED5ABMON,,CO2e_CUT,1,2034,,,,,,-2.9917
EmissionActivityRatio,NDC,ECU,SUPMED5ABMON,,CO2e_CUT,1,2035,,,,,,-2.9917
EmissionActivityRatio,NDC,ECU,SUPMED5ABPIE,,CO2e_CUT,1,2010,,,,,,0.0
EmissionActivityRatio,NDC,ECU,SUPMED5ABPIE,,CO2e_CUT,1,2011,,,,,,0.0
EmissionActivityRatio,NDC,ECU,SUPMED5ABPIE,,CO2e_CUT,1,2012,,,,,,0.0
EmissionActivityRatio,NDC,ECU,SUPMED5ABPIE,,CO2e_CUT,1,2013,,,,,,0.0
EmissionActivityRatio,NDC,ECU,SUPMED5ABPIE,,CO2e_CUT,1,2014,,,,,,0.0
EmissionActivityRatio,NDC,ECU,SUPMED5ABPIE,,CO2e_CUT,1,2015,,,,,,0.0
EmissionActivityRatio,NDC,ECU,SUPMED5ABPIE,,CO2e_CUT,1,2016,,,,,,0.0
EmissionActivityRatio,NDC,ECU,SUPMED5ABPIE,,CO2e_CUT,1,2017,,,,,,0.0
EmissionActivityRatio,NDC,ECU,SUPMED5ABPIE,,CO2e_CUT,1,2018,,,,,,0.0
EmissionActivityRatio,NDC,ECU,SUPMED5ABPIE,,CO2e_CUT,1,2019,,,,,,0.0
EmissionActivityRatio,NDC,ECU,SUPMED5ABPIE,,CO2e_CUT,1,2020,,,,,,0.0
EmissionActivityRatio,NDC,ECU,SUPMED5ABPIE,,CO2e_CUT,1,2021,,,,,,0.0
EmissionActivityRatio,NDC,ECU,SUPMED5ABPIE,,CO2e_CUT,1,2022,,,,,,0.0
EmissionActivityRatio,NDC,ECU,SUPMED5ABPIE,,CO2e_CUT,1,2023,,,,,,0.0
EmissionActivityRatio,NDC,ECU,SUPMED5ABPIE,,CO2e_CUT,1,2024,,,,,,0.0
EmissionActivityRatio,NDC,ECU,SUPMED5ABPIE,,CO2e_CUT,1,2025,,,,,,0.0
EmissionActivityRatio,NDC,ECU,SUPMED5ABPIE,,CO2e_CUT,1,2026,,,,,,-6.6245
EmissionActivityRatio,NDC,ECU,SUPMED5ABPIE,,CO2e_CUT,1,2027,,,,,,-6.6245
EmissionActivityRatio,NDC,ECU,SUPMED5ABPIE,,CO2e_CUT,1,2028,,,,,,-6.6245
EmissionActivityRatio,NDC,ECU,SUPMED5ABPIE,,CO2e_CUT,1,2029,,,,,,-6.6245
EmissionActivityRatio,NDC,ECU,SUPMED5ABPIE,,CO2e_CUT,1,2030,,,,,,-6.6245
EmissionActivityRatio,NDC,ECU,SUPMED5ABPIE,,CO2e_CUT,1,2031,,,,,,-6.6245
EmissionActivityRatio,NDC,ECU,SUPMED5ABPIE,,CO2e_CUT,1,2032,,,,,,-6.6245
EmissionActivityRatio,NDC,ECU,SUPMED5ABPIE,,CO2e_CUT,1,2033,,,,,,-6.6245
EmissionActivityRatio,NDC,ECU,SUPMED5ABPIE,,CO2e_CUT,1,2034,,,,,,-6.6245
EmissionActivityRatio,NDC,ECU,SUPMED5ABPIE,,CO2e_CUT,1,2035,,,,,,-6.6245
EmissionActivityRatio,NDC,ECU,SUPMED5ABCEJ,,CO2e_CUT,1,2010,,,,,,0.0
EmissionActivityRatio,NDC,ECU,SUPMED5ABCEJ,,CO2e_CUT,1,2011,,,,,,0.0
EmissionActivityRatio,NDC,ECU,SUPMED5ABCEJ,,CO2e_CUT,1,2012,,,,,,0.0
EmissionActivityRatio,NDC,ECU,SUPMED5ABCEJ,,CO2e_CUT,1,2013,,,,,,0.0
EmissionActivityRatio,NDC,ECU,SUPMED5ABCEJ,,CO2e_CUT,1,2014,,,,,,0.0
EmissionActivityRatio,NDC,ECU,SUPMED5ABCEJ,,CO2e_CUT,1,2015,,,,,,0.0
EmissionActivityRatio,NDC,ECU,SUPMED5ABCEJ,,CO2e_CUT,1,2016,,,,,,0.0
EmissionActivityRatio,NDC,ECU,SUPMED5ABCEJ,,CO2e_CUT,1,2017,,,,,,0.0
EmissionActivityRatio,NDC,ECU,SUPMED5ABCEJ,,CO2e_CUT,1,2018,,,,,,0.0
EmissionActivityRatio,NDC,ECU,SUPMED5ABCEJ,,CO2e_CUT,1,2019,,,,,,0.0
EmissionActivityRatio,NDC,ECU,SUPMED5ABCEJ,,CO2e_CUT,1,2020,,,,,,0.0
EmissionActivityRatio,NDC,ECU,SUPMED5ABCEJ,,CO2e_CUT,1,2021,,,,,,0.0
EmissionActivityRatio,NDC,ECU,SUPMED5ABCEJ,,CO2e_CUT,1,2022,,,,,,0.0
EmissionActivityRatio,NDC,ECU,SUPMED5ABCEJ,,CO2e_CUT,1,2023,,,,,,0.0
EmissionActivityRatio,NDC,ECU,SUPMED5ABCEJ,,CO2e_CUT,1,2024,,,,,,0.0
EmissionActivityRatio,NDC,ECU,SUPMED5ABCEJ,,CO2e_CUT,1,2025,,,,,,0.0
EmissionActivityRatio,NDC,ECU,SUPMED5ABCEJ,,CO2e_CUT,1,2026,,,,,,-2.9917
EmissionActivityRatio,NDC,ECU,SUPMED5ABCEJ,,CO2e_CUT,1,2027,,,,,,-2.9917
EmissionActivityRatio,NDC,ECU,SUPMED5ABCEJ,,CO2e_CUT,1,2028,,,,,,-2.9917
EmissionActivityRatio,NDC,ECU,SUPMED5ABCEJ,,CO2e_CUT,1,2029,,,,,,-2.9917
EmissionActivityRatio,NDC,ECU,SUPMED5ABCEJ,,CO2e_CUT,1,2030,,,,,,-2.9917
EmissionActivityRatio,NDC,ECU,SUPMED5ABCEJ,,CO2e_CUT,1,2031,,,,,,-2.9917
EmissionActivityRatio,NDC,ECU,SUPMED5ABCEJ,,CO2e_CUT,1,2032,,,,,,-2.9917
EmissionActivityRatio,NDC,ECU,SUPMED5ABCEJ,,CO2e_CUT,1,2033,,,,,,-2.9917
EmissionActivityRatio,NDC,ECU,SUPMED5ABCEJ,,CO2e_CUT,1,2034,,,,,,-2.9917
EmissionActivityRatio,NDC,ECU,SUPMED5ABCEJ,,CO2e_CUT,1,2035,,,,,,-2.9917
EmissionActivityRatio,NDC,ECU,SUPMED5ABAMA,,CO2e_CUT,1,2010,,,,,,0.0
EmissionActivityRatio,NDC,ECU,SUPMED5ABAMA,,CO2e_CUT,1,2011,,,,,,0.0
EmissionActivityRatio,NDC,ECU,SUPMED5ABAMA,,CO2e_CUT,1,2012,,,,,,0.0
EmissionActivityRatio,NDC,ECU,SUPMED5ABAMA,,CO2e_CUT,1,2013,,,,,,0.0
EmissionActivityRatio,NDC,ECU,SUPMED5ABAMA,,CO2e_CUT,1,2014,,,,,,0.0
EmissionActivityRatio,NDC,ECU,SUPMED5ABAMA,,CO2e_CUT,1,2015,,,,,,0.0
EmissionActivityRatio,NDC,ECU,SUPMED5ABAMA,,CO2e_CUT,1,2016,,,,,,0.0
EmissionActivityRatio,NDC,ECU,SUPMED5ABAMA,,CO2e_CUT,1,2017,,,,,,0.0
EmissionActivityRatio,NDC,ECU,SUPMED5ABAMA,,CO2e_CUT,1,2018,,,,,,0.0
EmissionActivityRatio,NDC,ECU,SUPMED5ABAMA,,CO2e_CUT,1,2019,,,,,,0.0
EmissionActivityRatio,NDC,ECU,SUPMED5ABAMA,,CO2e_CUT,1,2020,,,,,,0.0
EmissionActivityRatio,NDC,ECU,SUPMED5ABAMA,,CO2e_CUT,1,2021,,,,,,0.0
EmissionActivityRatio,NDC,ECU,SUPMED5ABAMA,,CO2e_CUT,1,2022,,,,,,0.0
EmissionActivityRatio,NDC,ECU,SUPMED5ABAMA,,CO2e_CUT,1,2023,,,,,,0.0
EmissionActivityRatio,NDC,ECU,SUPMED5ABAMA,,CO2e_CUT,1,2024,,,,,,0.0
EmissionActivityRatio,NDC,ECU,SUPMED5ABAMA,,CO2e_CUT,1,2025,,,,,,0.0
EmissionActivityRatio,NDC,ECU,SUPMED5ABAMA,,CO2e_CUT,1,2026,,,,,,-6.6245
EmissionActivityRatio,NDC,ECU,SUPMED5ABAMA,,CO2e_CUT,1,2027,,,,,,-6.6245
EmissionActivityRatio,NDC,ECU,SUPMED5ABAMA,,CO2e_CUT,1,2028,,,,,,-6.6245
EmissionActivityRatio,NDC,ECU,SUPMED5ABAMA,,CO2e_CUT,1,2029,,,,,,-6.6245
EmissionActivityRatio,NDC,ECU,SUPMED5ABAMA,,CO2e_CUT,1,2030,,,,,,-6.6245
EmissionActivityRatio,NDC,ECU,SUPMED5ABAMA,,CO2e_CUT,1,2031,,,,,,-6.6245
EmissionActivityRatio,NDC,ECU,SUPMED5ABAMA,,CO2e_CUT,1,2032,,,,,,-6.6245
EmissionActivityRatio,NDC,ECU,SUPMED5ABAMA,,CO2e_CUT,1,2033,,,,,,-6.6245
EmissionActivityRatio,NDC,ECU,SUPMED5ABAMA,,CO2e_CUT,1,2034,,,,,,-6.6245
EmissionActivityRatio,NDC,ECU,SUPMED5ABAMA,,CO2e_CUT,1,2035,,,,,,-6.6245
EmissionActivityRatio,NDC,ECU,SUPMED5ABCHO,,CO2e_CUT,1,2010,,,,,,0.0
EmissionActivityRatio,NDC,ECU,SUPMED5ABCHO,,CO2e_CUT,1,2011,,,,,,0.0
EmissionActivityRatio,NDC,ECU,SUPMED5ABCHO,,CO2e_CUT,1,2012,,,,,,0.0
EmissionActivityRatio,NDC,ECU,SUPMED5ABCHO,,CO2e_CUT,1,2013,,,,,,0.0
EmissionActivityRatio,NDC,ECU,SUPMED5ABCHO,,CO2e_CUT,1,2014,,,,,,0.0
EmissionActivityRatio,NDC,ECU,SUPMED5ABCHO,,CO2e_CUT,1,2015,,,,,,0.0
EmissionActivityRatio,NDC,ECU,SUPMED5ABCHO,,CO2e_CUT,1,2016,,,,,,0.0
EmissionActivityRatio,NDC,ECU,SUPMED5ABCHO,,CO2e_CUT,1,2017,,,,,,0.0
EmissionActivityRatio,NDC,ECU,SUPMED5ABCHO,,CO2e_CUT,1,2018,,,,,,0.0
EmissionActivityRatio,NDC,ECU,SUPMED5ABCHO,,CO2e_CUT,1,2019,,,,,,0.0
EmissionActivityRatio,NDC,ECU,SUPMED5ABCHO,,CO2e_CUT,1,2020,,,,,,0.0
EmissionActivityRatio,NDC,ECU,SUPMED5ABCHO,,CO2e_CUT,1,2021,,,,,,0.0
EmissionActivityRatio,NDC,ECU,SUPMED5ABCHO,,CO2e_CUT,1,2022,,,,,,0.0
EmissionActivityRatio,NDC,ECU,SUPMED5ABCHO,,CO2e_CUT,1,2023,,,,,,0.0
EmissionActivityRatio,NDC,ECU,SUPMED5ABCHO,,CO2e_CUT,1,2024,,,,,,0.0
EmissionActivityRatio,NDC,ECU,SUPMED5ABCHO,,CO2e_CUT,1,2025,,,,,,0.0
EmissionActivityRatio,NDC,ECU,SUPMED5ABCHO,,CO2e_CUT,1,2026,,,,,,-6.6245
EmissionActivityRatio,NDC,ECU,SUPMED5ABCHO,,CO2e_CUT,1,2027,,,,,,-6.6245
EmissionActivityRatio,NDC,ECU,SUPMED5ABCHO,,CO2e_CUT,1,2028,,,,,,-6.6245
EmissionActivityRatio,NDC,ECU,SUPMED5ABCHO,,CO2e_CUT,1,2029,,,,,,-6.6245
EmissionActivityRatio,NDC,ECU,SUPMED5ABCHO,,CO2e_CUT,1,2030,,,,,,-6.6245
EmissionActivityRatio,NDC,ECU,SUPMED5ABCHO,,CO2e_CUT,1,2031,,,,,,-6.6245
EmissionActivityRatio,NDC,ECU,SUPMED5ABCHO,,CO2e_CUT,1,2032,,,,,,-6.6245
EmissionActivityRatio,NDC,ECU,SUPMED5ABCHO,,CO2e_CUT,1,2033,,,,,,-6.6245
EmissionActivityRatio,NDC,ECU,SUPMED5ABCHO,,CO2e_CUT,1,2034,,,,,,-6.6245
EmissionActivityRatio,NDC,ECU,SUPMED5ABCHO,,CO2e_CUT,1,2035,,,,,,-6.6245
EmissionActivityRatio,NDC,ECU,SUPMED5ABMAN,,CO2e_CUT,1,2010,,,,,,0.0
EmissionActivityRatio,NDC,ECU,SUPMED5ABMAN,,CO2e_CUT,1,2011,,,,,,0.0
EmissionActivityRatio,NDC,ECU,SUPMED5ABMAN,,CO2e_CUT,1,2012,,,,,,0.0
EmissionActivityRatio,NDC,ECU,SUPMED5ABMAN,,CO2e_CUT,1,2013,,,,,,0.0
EmissionActivityRatio,NDC,ECU,SUPMED5ABMAN,,CO2e_CUT,1,2014,,,,,,0.0
EmissionActivityRatio,NDC,ECU,SUPMED5ABMAN,,CO2e_CUT,1,2015,,,,,,0.0
EmissionActivityRatio,NDC,ECU,SUPMED5ABMAN,,CO2e_CUT,1,2016,,,,,,0.0
EmissionActivityRatio,NDC,ECU,SUPMED5ABMAN,,CO2e_CUT,1,2017,,,,,,0.0
EmissionActivityRatio,NDC,ECU,SUPMED5ABMAN,,CO2e_CUT,1,2018,,,,,,0.0
EmissionActivityRatio,NDC,ECU,SUPMED5ABMAN,,CO2e_CUT,1,2019,,,,,,0.0
EmissionActivityRatio,NDC,ECU,SUPMED5ABMAN,,CO2e_CUT,1,2020,,,,,,0.0
EmissionActivityRatio,NDC,ECU,SUPMED5ABMAN,,CO2e_CUT,1,2021,,,,,,0.0
EmissionActivityRatio,NDC,ECU,SUPMED5ABMAN,,CO2e_CUT,1,2022,,,,,,0.0
EmissionActivityRatio,NDC,ECU,SUPMED5ABMAN,,CO2e_CUT,1,2023,,,,,,0.0
EmissionActivityRatio,NDC,ECU,SUPMED5ABMAN,,CO2e_CUT,1,2024,,,,,,0.0
EmissionActivityRatio,NDC,ECU,SUPMED5ABMAN,,CO2e_CUT,1,2025,,,,,,0.0
EmissionActivityRatio,NDC,ECU,SUPMED5ABMAN,,CO2e_CUT,1,2026,,,,,,-6.6245
EmissionActivityRatio,NDC,ECU,SUPMED5ABMAN,,CO2e_CUT,1,2027,,,,,,-6.6245
EmissionActivityRatio,NDC,ECU,SUPMED5ABMAN,,CO2e_CUT,1,2028,,,,,,-6.6245
EmissionActivityRatio,NDC,ECU,SUPMED5ABMAN,,CO2e_CUT,1,2029,,,,,,-6.6245
EmissionActivityRatio,NDC,ECU,SUPMED5ABMAN,,CO2e_CUT,1,2030,,,,,,-6.6245
EmissionActivityRatio,NDC,ECU,SUPMED5ABMAN,,CO2e_CUT,1,2031,,,,,,-6.6245
EmissionActivityRatio,NDC,ECU,SUPMED5ABMAN,,CO2e_CUT,1,2032,,,,,,-6.6245
EmissionActivityRatio,NDC,ECU,SUPMED5ABMAN,,CO2e_CUT,1,2033,,,,,,-6.6245
EmissionActivityRatio,NDC,ECU,SUPMED5ABMAN,,CO2e_CUT,1,2034,,,,,,-6.6245
EmissionActivityRatio,NDC,ECU,SUPMED5ABMAN,,CO2e_CUT,1,2035,,,,,,-6.6245
EmissionActivityRatio,NDC,ECU,SUPMED3ABCEJ,,CO2e_CUT,1,2010,,,,,,0.0
EmissionActivityRatio,NDC,ECU,SUPMED3ABCEJ,,CO2e_CUT,1,2011,,,,,,0.0
EmissionActivityRatio,NDC,ECU,SUPMED3ABCEJ,,CO2e_CUT,1,2012,,,,,,0.0
EmissionActivityRatio,NDC,ECU,SUPMED3ABCEJ,,CO2e_CUT,1,2013,,,,,,0.0
EmissionActivityRatio,NDC,ECU,SUPMED3ABCEJ,,CO2e_CUT,1,2014,,,,,,0.0
EmissionActivityRatio,NDC,ECU,SUPMED3ABCEJ,,CO2e_CUT,1,2015,,,,,,0.0
EmissionActivityRatio,NDC,ECU,SUPMED3ABCEJ,,CO2e_CUT,1,2016,,,,,,0.0
EmissionActivityRatio,NDC,ECU,SUPMED3ABCEJ,,CO2e_CUT,1,2017,,,,,,0.0
EmissionActivityRatio,NDC,ECU,SUPMED3ABCEJ,,CO2e_CUT,1,2018,,,,,,0.0
EmissionActivityRatio,NDC,ECU,SUPMED3ABCEJ,,CO2e_CUT,1,2019,,,,,,0.0
EmissionActivityRatio,NDC,ECU,SUPMED3ABCEJ,,CO2e_CUT,1,2020,,,,,,0.0
EmissionActivityRatio,NDC,ECU,SUPMED3ABCEJ,,CO2e_CUT,1,2021,,,,,,0.0
EmissionActivityRatio,NDC,ECU,SUPMED3ABCEJ,,CO2e_CUT,1,2022,,,,,,0.0
EmissionActivityRatio,NDC,ECU,SUPMED3ABCEJ,,CO2e_CUT,1,2023,,,,,,0.0
EmissionActivityRatio,NDC,ECU,SUPMED3ABCEJ,,CO2e_CUT,1,2024,,,,,,0.0
EmissionActivityRatio,NDC,ECU,SUPMED3ABCEJ,,CO2e_CUT,1,2025,,,,,,0.0
EmissionActivityRatio,NDC,ECU,SUPMED3ABCEJ,,CO2e_CUT,1,2026,,,,,,-13.8327
EmissionActivityRatio,NDC,ECU,SUPMED3ABCEJ,,CO2e_CUT,1,2027,,,,,,-13.8327
EmissionActivityRatio,NDC,ECU,SUPMED3ABCEJ,,CO2e_CUT,1,2028,,,,,,-13.8327
EmissionActivityRatio,NDC,ECU,SUPMED3ABCEJ,,CO2e_CUT,1,2029,,,,,,-13.8327
EmissionActivityRatio,NDC,ECU,SUPMED3ABCEJ,,CO2e_CUT,1,2030,,,,,,-13.8327
EmissionActivityRatio,NDC,ECU,SUPMED3ABCEJ,,CO2e_CUT,1,2031,,,,,,-13.8327
EmissionActivityRatio,NDC,ECU,SUPMED3ABCEJ,,CO2e_CUT,1,2032,,,,,,-13.8327
EmissionActivityRatio,NDC,ECU,SUPMED3ABCEJ,,CO2e_CUT,1,2033,,,,,,-13.8327
EmissionActivityRatio,NDC,ECU,SUPMED3ABCEJ,,CO2e_CUT,1,2034,,,,,,-13.8327
EmissionActivityRatio,NDC,ECU,SUPMED3ABCEJ,,CO2e_CUT,1,2035,,,,,,-13.8327
EmissionActivityRatio,NDC,ECU,SUPMED3ABMON,,CO2e_CUT,1,2010,,,,,,0.0
EmissionActivityRatio,NDC,ECU,SUPMED3ABMON,,CO2e_CUT,1,2011,,,,,,0.0
EmissionActivityRatio,NDC,ECU,SUPMED3ABMON,,CO2e_CUT,1,2012,,,,,,0.0
EmissionActivityRatio,NDC,ECU,SUPMED3ABMON,,CO2e_CUT,1,2013,,,,,,0.0
EmissionActivityRatio,NDC,ECU,SUPMED3ABMON,,CO2e_CUT,1,2014,,,,,,0.0
EmissionActivityRatio,NDC,ECU,SUPMED3ABMON,,CO2e_CUT,1,2015,,,,,,0.0
EmissionActivityRatio,NDC,ECU,SUPMED3ABMON,,CO2e_CUT,1,2016,,,,,,0.0
EmissionActivityRatio,NDC,ECU,SUPMED3ABMON,,CO2e_CUT,1,2017,,,,,,0.0
EmissionActivityRatio,NDC,ECU,SUPMED3ABMON,,CO2e_CUT,1,2018,,,,,,0.0
EmissionActivityRatio,NDC,ECU,SUPMED3ABMON,,CO2e_CUT,1,2019,,,,,,0.0
EmissionActivityRatio,NDC,ECU,SUPMED3ABMON,,CO2e_CUT,1,2020,,,,,,0.0
EmissionActivityRatio,NDC,ECU,SUPMED3ABMON,,CO2e_CUT,1,2021,,,,,,0.0
EmissionActivityRatio,NDC,ECU,SUPMED3ABMON,,CO2e_CUT,1,2022,,,,,,0.0
EmissionActivityRatio,NDC,ECU,SUPMED3ABMON,,CO2e_CUT,1,2023,,,,,,0.0
EmissionActivityRatio,NDC,ECU,SUPMED3ABMON,,CO2e_CUT,1,2024,,,,,,0.0
EmissionActivityRatio,NDC,ECU,SUPMED3ABMON,,CO2e_CUT,1,2025,,,,,,0.0
EmissionActivityRatio,NDC,ECU,SUPMED3ABMON,,CO2e_CUT,1,2026,,,,,,-64.5977
EmissionActivityRatio,NDC,ECU,SUPMED3ABMON,,CO2e_CUT,1,2027,,,,,,-64.5977
EmissionActivityRatio,NDC,ECU,SUPMED3ABMON,,CO2e_CUT,1,2028,,,,,,-64.5977
EmissionActivityRatio,NDC,ECU,SUPMED3ABMON,,CO2e_CUT,1,2029,,,,,,-64.5977
EmissionActivityRatio,NDC,ECU,SUPMED3ABMON,,CO2e_CUT,1,2030,,,,,,-64.5977
EmissionActivityRatio,NDC,ECU,SUPMED3ABMON,,CO2e_CUT,1,2031,,,,,,-64.5977
EmissionActivityRatio,NDC,ECU,SUPMED3ABMON,,CO2e_CUT,1,2032,,,,,,-64.5977
EmissionActivityRatio,NDC,ECU,SUPMED3ABMON,,CO2e_CUT,1,2033,,,,,,-64.5977
EmissionActivityRatio,NDC,ECU,SUPMED3ABMON,,CO2e_CUT,1,2034,,,,,,-64.5977
EmissionActivityRatio,NDC,ECU,SUPMED3ABMON,,CO2e_CUT,1,2035,,,,,,-64.5977
EmissionActivityRatio,NDC,ECU,SUPMED3ABCEJA,,CO2e_CUT,1,2010,,,,,,0.0
EmissionActivityRatio,NDC,ECU,SUPMED3ABCEJA,,CO2e_CUT,1,2011,,,,,,0.0
EmissionActivityRatio,NDC,ECU,SUPMED3ABCEJA,,CO2e_CUT,1,2012,,,,,,0.0
EmissionActivityRatio,NDC,ECU,SUPMED3ABCEJA,,CO2e_CUT,1,2013,,,,,,0.0
EmissionActivityRatio,NDC,ECU,SUPMED3ABCEJA,,CO2e_CUT,1,2014,,,,,,0.0
EmissionActivityRatio,NDC,ECU,SUPMED3ABCEJA,,CO2e_CUT,1,2015,,,,,,0.0
EmissionActivityRatio,NDC,ECU,SUPMED3ABCEJA,,CO2e_CUT,1,2016,,,,,,0.0
EmissionActivityRatio,NDC,ECU,SUPMED3ABCEJA,,CO2e_CUT,1,2017,,,,,,0.0
EmissionActivityRatio,NDC,ECU,SUPMED3ABCEJA,,CO2e_CUT,1,2018,,,,,,0.0
EmissionActivityRatio,NDC,ECU,SUPMED3ABCEJA,,CO2e_CUT,1,2019,,,,,,0.0
EmissionActivityRatio,NDC,ECU,SUPMED3ABCEJA,,CO2e_CUT,1,2020,,,,,,0.0
EmissionActivityRatio,NDC,ECU,SUPMED3ABCEJA,,CO2e_CUT,1,2021,,,,,,0.0
EmissionActivityRatio,NDC,ECU,SUPMED3ABCEJA,,CO2e_CUT,1,2022,,,,,,0.0
EmissionActivityRatio,NDC,ECU,SUPMED3ABCEJA,,CO2e_CUT,1,2023,,,,,,0.0
EmissionActivityRatio,NDC,ECU,SUPMED3ABCEJA,,CO2e_CUT,1,2024,,,,,,0.0
EmissionActivityRatio,NDC,ECU,SUPMED3ABCEJA,,CO2e_CUT,1,2025,,,,,,0.0
EmissionActivityRatio,NDC,ECU,SUPMED3ABCEJA,,CO2e_CUT,1,2026,,,,,,-30.0143
EmissionActivityRatio,NDC,ECU,SUPMED3ABCEJA,,CO2e_CUT,1,2027,,,,,,-30.0143
EmissionActivityRatio,NDC,ECU,SUPMED3ABCEJA,,CO2e_CUT,1,2028,,,,,,-30.0143
EmissionActivityRatio,NDC,ECU,SUPMED3ABCEJA,,CO2e_CUT,1,2029,,,,,,-30.0143
EmissionActivityRatio,NDC,ECU,SUPMED3ABCEJA,,CO2e_CUT,1,2030,,,,,,-30.0143
EmissionActivityRatio,NDC,ECU,SUPMED3ABCEJA,,CO2e_CUT,1,2031,,,,,,-30.0143
EmissionActivityRatio,NDC,ECU,SUPMED3ABCEJA,,CO2e_CUT,1,2032,,,,,,-30.0143
EmissionActivityRatio,NDC,ECU,SUPMED3ABCEJA,,CO2e_CUT,1,2033,,,,,,-30.0143
EmissionActivityRatio,NDC,ECU,SUPMED3ABCEJA,,CO2e_CUT,1,2034,,,,,,-30.0143
EmissionActivityRatio,NDC,ECU,SUPMED3ABCEJA,,CO2e_CUT,1,2035,,,,,,-30.0143
EmissionActivityRatio,NDC,ECU,SUPMED3DEFCEJ,,CO2e_CUT,1,2010,,,,,,0.0
EmissionActivityRatio,NDC,ECU,SUPMED3DEFCEJ,,CO2e_CUT,1,2011,,,,,,0.0
EmissionActivityRatio,NDC,ECU,SUPMED3DEFCEJ,,CO2e_CUT,1,2012,,,,,,0.0
EmissionActivityRatio,NDC,ECU,SUPMED3DEFCEJ,,CO2e_CUT,1,2013,,,,,,0.0
EmissionActivityRatio,NDC,ECU,SUPMED3DEFCEJ,,CO2e_CUT,1,2014,,,,,,0.0
EmissionActivityRatio,NDC,ECU,SUPMED3DEFCEJ,,CO2e_CUT,1,2015,,,,,,0.0
EmissionActivityRatio,NDC,ECU,SUPMED3DEFCEJ,,CO2e_CUT,1,2016,,,,,,0.0
EmissionActivityRatio,NDC,ECU,SUPMED3DEFCEJ,,CO2e_CUT,1,2017,,,,,,0.0
EmissionActivityRatio,NDC,ECU,SUPMED3DEFCEJ,,CO2e_CUT,1,2018,,,,,,0.0
EmissionActivityRatio,NDC,ECU,SUPMED3DEFCEJ,,CO2e_CUT,1,2019,,,,,,0.0
EmissionActivityRatio,NDC,ECU,SUPMED3DEFCEJ,,CO2e_CUT,1,2020,,,,,,0.0
EmissionActivityRatio,NDC,ECU,SUPMED3DEFCEJ,,CO2e_CUT,1,2021,,,,,,0.0
EmissionActivityRatio,NDC,ECU,SUPMED3DEFCEJ,,CO2e_CUT,1,2022,,,,,,0.0
EmissionActivityRatio,NDC,ECU,SUPMED3DEFCEJ,,CO2e_CUT,1,2023,,,,,,0.0
EmissionActivityRatio,NDC,ECU,SUPMED3DEFCEJ,,CO2e_CUT,1,2024,,,,,,0.0
EmissionActivityRatio,NDC,ECU,SUPMED3DEFCEJ,,CO2e_CUT,1,2025,,,,,,0.0
EmissionActivityRatio,NDC,ECU,SUPMED3DEFCEJ,,CO2e_CUT,1,2026,,,,,,-392.13
EmissionActivityRatio,NDC,ECU,SUPMED3DEFCEJ,,CO2e_CUT,1,2027,,,,,,-392.13
EmissionActivityRatio,NDC,ECU,SUPMED3DEFCEJ,,CO2e_CUT,1,2028,,,,,,-392.13
EmissionActivityRatio,NDC,ECU,SUPMED3DEFCEJ,,CO2e_CUT,1,2029,,,,,,-392.13
EmissionActivityRatio,NDC,ECU,SUPMED3DEFCEJ,,CO2e_CUT,1,2030,,,,,,-392.13
EmissionActivityRatio,NDC,ECU,SUPMED3DEFCEJ,,CO2e_CUT,1,2031,,,,,,-392.13
EmissionActivityRatio,NDC,ECU,SUPMED3DEFCEJ,,CO2e_CUT,1,2032,,,,,,-392.13
EmissionActivityRatio,NDC,ECU,SUPMED3DEFCEJ,,CO2e_CUT,1,2033,,,,,,-392.13
EmissionActivityRatio,NDC,ECU,SUPMED3DEFCEJ,,CO2e_CUT,1,2034,,,,,,-392.13
EmissionActivityRatio,NDC,ECU,SUPMED3DEFCEJ,,CO2e_CUT,1,2035,,,,,,-392.13
EmissionActivityRatio,NDC,ECU,SUPMED3DEFMON,,CO2e_CUT,1,2010,,,,,,0.0
EmissionActivityRatio,NDC,ECU,SUPMED3DEFMON,,CO2e_CUT,1,2011,,,,,,0.0
EmissionActivityRatio,NDC,ECU,SUPMED3DEFMON,,CO2e_CUT,1,2012,,,,,,0.0
EmissionActivityRatio,NDC,ECU,SUPMED3DEFMON,,CO2e_CUT,1,2013,,,,,,0.0
EmissionActivityRatio,NDC,ECU,SUPMED3DEFMON,,CO2e_CUT,1,2014,,,,,,0.0
EmissionActivityRatio,NDC,ECU,SUPMED3DEFMON,,CO2e_CUT,1,2015,,,,,,0.0
EmissionActivityRatio,NDC,ECU,SUPMED3DEFMON,,CO2e_CUT,1,2016,,,,,,0.0
EmissionActivityRatio,NDC,ECU,SUPMED3DEFMON,,CO2e_CUT,1,2017,,,,,,0.0
EmissionActivityRatio,NDC,ECU,SUPMED3DEFMON,,CO2e_CUT,1,2018,,,,,,0.0
EmissionActivityRatio,NDC,ECU,SUPMED3DEFMON,,CO2e_CUT,1,2019,,,,,,0.0
EmissionActivityRatio,NDC,ECU,SUPMED3DEFMON,,CO2e_CUT,1,2020,,,,,,0.0
EmissionActivityRatio,NDC,ECU,SUPMED3DEFMON,,CO2e_CUT,1,2021,,,,,,0.0
EmissionActivityRatio,NDC,ECU,SUPMED3DEFMON,,CO2e_CUT,1,2022,,,,,,0.0
EmissionActivityRatio,NDC,ECU,SUPMED3DEFMON,,CO2e_CUT,1,2023,,,,,,0.0
EmissionActivityRatio,NDC,ECU,SUPMED3DEFMON,,CO2e_CUT,1,2024,,,,,,0.0
EmissionActivityRatio,NDC,ECU,SUPMED3DEFMON,,CO2e_CUT,1,2025,,,,,,0.0
EmissionActivityRatio,NDC,ECU,SUPMED3DEFMON,,CO2e_CUT,1,2026,,,,,,-455.06
EmissionActivityRatio,NDC,ECU,SUPMED3DEFMON,,CO2e_CUT,1,2027,,,,,,-455.06
EmissionActivityRatio,NDC,ECU,SUPMED3DEFMON,,CO2e_CUT,1,2028,,,,,,-455.06
EmissionActivityRatio,NDC,ECU,SUPMED3DEFMON,,CO2e_CUT,1,2029,,,,,,-455.06
EmissionActivityRatio,NDC,ECU,SUPMED3DEFMON,,CO2e_CUT,1,2030,,,,,,-455.06
EmissionActivityRatio,NDC,ECU,SUPMED3DEFMON,,CO2e_CUT,1,2031,,,,,,-455.06
EmissionActivityRatio,NDC,ECU,SUPMED3DEFMON,,CO2e_CUT,1,2032,,,,,,-455.06
EmissionActivityRatio,NDC,ECU,SUPMED3DEFMON,,CO2e_CUT,1,2033,,,,,,-455.06
EmissionActivityRatio,NDC,ECU,SUPMED3DEFMON,,CO2e_CUT,1,2034,,,,,,-455.06
EmissionActivityRatio,NDC,ECU,SUPMED3DEFMON,,CO2e_CUT,1,2035,,,,,,-455.06
EmissionActivityRatio,NDC,ECU,SUPMED3DEFCEJA,,CO2e_CUT,1,2010,,,,,,0.0
EmissionActivityRatio,NDC,ECU,SUPMED3DEFCEJA,,CO2e_CUT,1,2011,,,,,,0.0
EmissionActivityRatio,NDC,ECU,SUPMED3DEFCEJA,,CO2e_CUT,1,2012,,,,,,0.0
EmissionActivityRatio,NDC,ECU,SUPMED3DEFCEJA,,CO2e_CUT,1,2013,,,,,,0.0
EmissionActivityRatio,NDC,ECU,SUPMED3DEFCEJA,,CO2e_CUT,1,2014,,,,,,0.0
EmissionActivityRatio,NDC,ECU,SUPMED3DEFCEJA,,CO2e_CUT,1,2015,,,,,,0.0
EmissionActivityRatio,NDC,ECU,SUPMED3DEFCEJA,,CO2e_CUT,1,2016,,,,,,0.0
EmissionActivityRatio,NDC,ECU,SUPMED3DEFCEJA,,CO2e_CUT,1,2017,,,,,,0.0
EmissionActivityRatio,NDC,ECU,SUPMED3DEFCEJA,,CO2e_CUT,1,2018,,,,,,0.0
EmissionActivityRatio,NDC,ECU,SUPMED3DEFCEJA,,CO2e_CUT,1,2019,,,,,,0.0
EmissionActivityRatio,NDC,ECU,SUPMED3DEFCEJA,,CO2e_CUT,1,2020,,,,,,0.0
EmissionActivityRatio,NDC,ECU,SUPMED3DEFCEJA,,CO2e_CUT,1,2021,,,,,,0.0
EmissionActivityRatio,NDC,ECU,SUPMED3DEFCEJA,,CO2e_CUT,1,2022,,,,,,0.0
EmissionActivityRatio,NDC,ECU,SUPMED3DEFCEJA,,CO2e_CUT,1,2023,,,,,,0.0
EmissionActivityRatio,NDC,ECU,SUPMED3DEFCEJA,,CO2e_CUT,1,2024,,,,,,0.0
EmissionActivityRatio,NDC,ECU,SUPMED3DEFCEJA,,CO2e_CUT,1,2025,,,,,,0.0
EmissionActivityRatio,NDC,ECU,SUPMED3DEFCEJA,,CO2e_CUT,1,2026,,,,,,-392.13
EmissionActivityRatio,NDC,ECU,SUPMED3DEFCEJA,,CO2e_CUT,1,2027,,,,,,-392.13
EmissionActivityRatio,NDC,ECU,SUPMED3DEFCEJA,,CO2e_CUT,1,2028,,,,,,-392.13
EmissionActivityRatio,NDC,ECU,SUPMED3DEFCEJA,,CO2e_CUT,1,2029,,,,,,-392.13
EmissionActivityRatio,NDC,ECU,SUPMED3DEFCEJA,,CO2e_CUT,1,2030,,,,,,-392.13
EmissionActivityRatio,NDC,ECU,SUPMED3DEFCEJA,,CO2e_CUT,1,2031,,,,,,-392.13
EmissionActivityRatio,NDC,ECU,SUPMED3DEFCEJA,,CO2e_CUT,1,2032,,,,,,-392.13
EmissionActivityRatio,NDC,ECU,SUPMED3DEFCEJA,,CO2e_CUT,1,2033,,,,,,-392.13
EmissionActivityRatio,NDC,ECU,SUPMED3DEFCEJA,,CO2e_CUT,1,2034,,,,,,-392.13
EmissionActivityRatio,NDC,ECU,SUPMED3DEFCEJA,,CO2e_CUT,1,2035,,,,,,-392.13
EmissionActivityRatio,NDC,ECU,SUPMED6DABAMA,,CO2e_CUT,1,2010,,,,,,0.0
EmissionActivityRatio,NDC,ECU,SUPMED6DABAMA,,CO2e_CUT,1,2011,,,,,,0.0
EmissionActivityRatio,NDC,ECU,SUPMED6DABAMA,,CO2e_CUT,1,2012,,,,,,0.0
EmissionActivityRatio,NDC,ECU,SUPMED6DABAMA,,CO2e_CUT,1,2013,,,,,,0.0
EmissionActivityRatio,NDC,ECU,SUPMED6DABAMA,,CO2e_CUT,1,2014,,,,,,0.0
EmissionActivityRatio,NDC,ECU,SUPMED6DABAMA,,CO2e_CUT,1,2015,,,,,,0.0
EmissionActivityRatio,NDC,ECU,SUPMED6DABAMA,,CO2e_CUT,1,2016,,,,,,0.0
EmissionActivityRatio,NDC,ECU,SUPMED6DABAMA,,CO2e_CUT,1,2017,,,,,,0.0
EmissionActivityRatio,NDC,ECU,SUPMED6DABAMA,,CO2e_CUT,1,2018,,,,,,0.0
EmissionActivityRatio,NDC,ECU,SUPMED6DABAMA,,CO2e_CUT,1,2019,,,,,,0.0
EmissionActivityRatio,NDC,ECU,SUPMED6DABAMA,,CO2e_CUT,1,2020,,,,,,0.0
EmissionActivityRatio,NDC,ECU,SUPMED6DABAMA,,CO2e_CUT,1,2021,,,,,,0.0
EmissionActivityRatio,NDC,ECU,SUPMED6DABAMA,,CO2e_CUT,1,2022,,,,,,0.0
EmissionActivityRatio,NDC,ECU,SUPMED6DABAMA,,CO2e_CUT,1,2023,,,,,,0.0
EmissionActivityRatio,NDC,ECU,SUPMED6DABAMA,,CO2e_CUT,1,2024,,,,,,0.0
EmissionActivityRatio,NDC,ECU,SUPMED6DABAMA,,CO2e_CUT,1,2025,,,,,,0.0
EmissionActivityRatio,NDC,ECU,SUPMED6DABAMA,,CO2e_CUT,1,2026,,,,,,-19.8747
EmissionActivityRatio,NDC,ECU,SUPMED6DABAMA,,CO2e_CUT,1,2027,,,,,,-19.8747
EmissionActivityRatio,NDC,ECU,SUPMED6DABAMA,,CO2e_CUT,1,2028,,,,,,-19.8747
EmissionActivityRatio,NDC,ECU,SUPMED6DABAMA,,CO2e_CUT,1,2029,,,,,,0.0
EmissionActivityRatio,NDC,ECU,SUPMED6DABAMA,,CO2e_CUT,1,2030,,,,,,0.0
EmissionActivityRatio,NDC,ECU,SUPMED6DABAMA,,CO2e_CUT,1,2031,,,,,,0.0
EmissionActivityRatio,NDC,ECU,SUPMED6DABAMA,,CO2e_CUT,1,2032,,,,,,0.0
EmissionActivityRatio,NDC,ECU,SUPMED6DABAMA,,CO2e_CUT,1,2033,,,,,,0.0
EmissionActivityRatio,NDC,ECU,SUPMED6DABAMA,,CO2e_CUT,1,2034,,,,,,0.0
EmissionActivityRatio,NDC,ECU,SUPMED6DABAMA,,CO2e_CUT,1,2035,,,,,,0.0
EmissionActivityRatio,NDC,ECU,SUPMED6DEFAMA,,CO2e_CUT,1,2010,,,,,,0.0
EmissionActivityRatio,NDC,ECU,SUPMED6DEFAMA,,CO2e_CUT,1,2011,,,,,,0.0
EmissionActivityRatio,NDC,ECU,SUPMED6DEFAMA,,CO2e_CUT,1,2012,,,,,,0.0
EmissionActivityRatio,NDC,ECU,SUPMED6DEFAMA,,CO2e_CUT,1,2013,,,,,,0.0
EmissionActivityRatio,NDC,ECU,SUPMED6DEFAMA,,CO2e_CUT,1,2014,,,,,,0.0
EmissionActivityRatio,NDC,ECU,SUPMED6DEFAMA,,CO2e_CUT,1,2015,,,,,,0.0
EmissionActivityRatio,NDC,ECU,SUPMED6DEFAMA,,CO2e_CUT,1,2016,,,,,,0.0
EmissionActivityRatio,NDC,ECU,SUPMED6DEFAMA,,CO2e_CUT,1,2017,,,,,,0.0
EmissionActivityRatio,NDC,ECU,SUPMED6DEFAMA,,CO2e_CUT,1,2018,,,,,,0.0
EmissionActivityRatio,NDC,ECU,SUPMED6DEFAMA,,CO2e_CUT,1,2019,,,,,,0.0
EmissionActivityRatio,NDC,ECU,SUPMED6DEFAMA,,CO2e_CUT,1,2020,,,,,,0.0
EmissionActivityRatio,NDC,ECU,SUPMED6DEFAMA,,CO2e_CUT,1,2021,,,,,,0.0
EmissionActivityRatio,NDC,ECU,SUPMED6DEFAMA,,CO2e_CUT,1,2022,,,,,,0.0
EmissionActivityRatio,NDC,ECU,SUPMED6DEFAMA,,CO2e_CUT,1,2023,,,,,,0.0
EmissionActivityRatio,NDC,ECU,SUPMED6DEFAMA,,CO2e_CUT,1,2024,,,,,,0.0
EmissionActivityRatio,NDC,ECU,SUPMED6DEFAMA,,CO2e_CUT,1,2025,,,,,,0.0
EmissionActivityRatio,NDC,ECU,SUPMED6DEFAMA,,CO2e_CUT,1,2026,,,,,,-591.45
EmissionActivityRatio,NDC,ECU,SUPMED6DEFAMA,,CO2e_CUT,1,2027,,,,,,-591.45
EmissionActivityRatio,NDC,ECU,SUPMED6DEFAMA,,CO2e_CUT,1,2028,,,,,,-591.45
EmissionActivityRatio,NDC,ECU,SUPMED6DEFAMA,,CO2e_CUT,1,2029,,,,,,0.0
EmissionActivityRatio,NDC,ECU,SUPMED6DEFAMA,,CO2e_CUT,1,2030,,,,,,0.0
EmissionActivityRatio,NDC,ECU,SUPMED6DEFAMA,,CO2e_CUT,1,2031,,,,,,0.0
EmissionActivityRatio,NDC,ECU,SUPMED6DEFAMA,,CO2e_CUT,1,2032,,,,,,0.0
EmissionActivityRatio,NDC,ECU,SUPMED6DEFAMA,,CO2e_CUT,1,2033,,,,,,0.0
EmissionActivityRatio,NDC,ECU,SUPMED6DEFAMA,,CO2e_CUT,1,2034,,,,,,0.0
EmissionActivityRatio,NDC,ECU,SUPMED6DEFAMA,,CO2e_CUT,1,2035,,,,,,0.0
EmissionActivityRatio,NDC,ECU,T5NPRAND,,EXT_REGAIR,1,2010,,,,,,1.0
EmissionActivityRatio,NDC,ECU,T5NPRAND,,EXT_REGAIR,1,2011,,,,,,1.0
EmissionActivityRatio,NDC,ECU,T5NPRAND,,EXT_REGAIR,1,2012,,,,,,1.0
EmissionActivityRatio,NDC,ECU,T5NPRAND,,EXT_REGAIR,1,2013,,,,,,1.0
EmissionActivityRatio,NDC,ECU,T5NPRAND,,EXT_REGAIR,1,2014,,,,,,1.0
EmissionActivityRatio,NDC,ECU,T5NPRAND,,EXT_REGAIR,1,2015,,,,,,1.0
EmissionActivityRatio,NDC,ECU,T5NPRAND,,EXT_REGAIR,1,2016,,,,,,1.0
EmissionActivityRatio,NDC,ECU,T5NPRAND,,EXT_REGAIR,1,2017,,,,,,1.0
EmissionActivityRatio,NDC,ECU,T5NPRAND,,EXT_REGAIR,1,2018,,,,,,1.0
EmissionActivityRatio,NDC,ECU,T5NPRAND,,EXT_REGAIR,1,2019,,,,,,1.0
EmissionActivityRatio,NDC,ECU,T5NPRAND,,EXT_REGAIR,1,2020,,,,,,1.0
EmissionActivityRatio,NDC,ECU,T5NPRAND,,EXT_REGAIR,1,2021,,,,,,1.0
EmissionActivityRatio,NDC,ECU,T5NPRAND,,EXT_REGAIR,1,2022,,,,,,1.0
EmissionActivityRatio,NDC,ECU,T5NPRAND,,EXT_REGAIR,1,2023,,,,,,1.0
EmissionActivityRatio,NDC,ECU,T5NPRAND,,EXT_REGAIR,1,2024,,,,,,1.0
EmissionActivityRatio,NDC,ECU,T5NPRAND,,EXT_REGAIR,1,2025,,,,,,1.0
EmissionActivityRatio,NDC,ECU,T5NPRAND,,EXT_REGAIR,1,2026,,,,,,1.0
EmissionActivityRatio,NDC,ECU,T5NPRAND,,EXT_REGAIR,1,2027,,,,,,1.0
EmissionActivityRatio,NDC,ECU,T5NPRAND,,EXT_REGAIR,1,2028,,,,,,1.0
EmissionActivityRatio,NDC,ECU,T5NPRAND,,EXT_REGAIR,1,2029,,,,,,1.0
EmissionActivityRatio,NDC,ECU,T5NPRAND,,EXT_REGAIR,1,2030,,,,,,1.0
EmissionActivityRatio,NDC,ECU,T5NPRAND,,EXT_REGAIR,1,2031,,,,,,1.0
EmissionActivityRatio,NDC,ECU,T5NPRAND,,EXT_REGAIR,1,2032,,,,,,1.0
EmissionActivityRatio,NDC,ECU,T5NPRAND,,EXT_REGAIR,1,2033,,,,,,1.0
EmissionActivityRatio,NDC,ECU,T5NPRAND,,EXT_REGAIR,1,2034,,,,,,1.0
EmissionActivityRatio,NDC,ECU,T5NPRAND,,EXT_REGAIR,1,2035,,,,,,1.0
