PARAMETER,Scenario,REGION,TECHNOLOGY,FUEL,EMISSION,MODE_OF_OPERATION,YEAR,TIMESLICE,SEASON,DAYTYPE,DAILYTIMEBRACKET,STORAGE,Value
VariableCost,NDC,ECU,IMP_ELE,,,1,2010,,,,,,1.0
VariableCost,NDC,ECU,IMP_ELE,,,1,2011,,,,,,1.0
VariableCost,NDC,ECU,IMP_ELE,,,1,2012,,,,,,1.0
VariableCost,NDC,ECU,IMP_ELE,,,1,2013,,,,,,1.0
VariableCost,NDC,ECU,IMP_ELE,,,1,2014,,,,,,1.0
VariableCost,NDC,ECU,IMP_ELE,,,1,2015,,,,,,1.0
VariableCost,NDC,ECU,IMP_ELE,,,1,2016,,,,,,1.0
VariableCost,NDC,ECU,IMP_ELE,,,1,2017,,,,,,1.0
VariableCost,NDC,ECU,IMP_ELE,,,1,2018,,,,,,1.0
VariableCost,NDC,ECU,IMP_ELE,,,1,2019,,,,,,1.0
VariableCost,NDC,ECU,IMP_ELE,,,1,2020,,,,,,1.0
VariableCost,NDC,ECU,IMP_ELE,,,1,2021,,,,,,1.0
VariableCost,NDC,ECU,IMP_ELE,,,1,2022,,,,,,1.0
VariableCost,NDC,ECU,IMP_ELE,,,1,2023,,,,,,1.0
VariableCost,NDC,ECU,IMP_ELE,,,1,2024,,,,,,1.0
VariableCost,NDC,ECU,IMP_ELE,,,1,2025,,,,,,1.0
VariableCost,NDC,ECU,IMP_ELE,,,1,2026,,,,,,1.0
VariableCost,NDC,ECU,IMP_ELE,,,1,2027,,,,,,1.0
VariableCost,NDC,ECU,IMP_ELE,,,1,2028,,,,,,1.0
VariableCost,NDC,ECU,IMP_ELE,,,1,2029,,,,,,1.0
VariableCost,NDC,ECU,IMP_ELE,,,1,2030,,,,,,1.0
VariableCost,NDC,ECU,IMP_ELE,,,1,2031,,,,,,1.0
VariableCost,NDC,ECU,IMP_ELE,,,1,2032,,,,,,1.0
VariableCost,NDC,ECU,IMP_ELE,,,1,2033,,,,,,1.0
VariableCost,NDC,ECU,IMP_ELE,,,1,2034,,,,,,1.0
VariableCost,NDC,ECU,IMP_ELE,,,1,2035,,,,,,1.0
VariableCost,NDC,ECU,SOIALL,,,1,2010,,,,,,1.0
VariableCost,NDC,ECU,SOIALL,,,1,2011,,,,,,1.0
VariableCost,NDC,ECU,SOIALL,,,1,2012,,,,,,1.0
VariableCost,NDC,ECU,SOIALL,,,1,2013,,,,,,1.0
VariableCost,NDC,ECU,SOIALL,,,1,2014,,,,,,1.0
VariableCost,NDC,ECU,SOIALL,,,1,2015,,,,,,1.0
VariableCost,NDC,ECU,SOIALL,,,1,2016,,,,,,1.0
VariableCost,NDC,ECU,SOIALL,,,1,2017,,,,,,1.0
VariableCost,NDC,ECU,SOIALL,,,1,2018,,,,,,1.0
VariableCost,NDC,ECU,SOIALL,,,1,2019,,,,,,1.0
VariableCost,NDC,ECU,SOIALL,,,1,2020,,,,,,1.0
VariableCost,NDC,ECU,SOIALL,,,1,2021,,,,,,1.0
VariableCost,NDC,ECU,SOIALL,,,1,2022,,,,,,1.0
VariableCost,NDC,ECU,SOIALL,,,1,2023,,,,,,1.0
VariableCost,NDC,ECU,SOIALL,,,1,2024,,,,,,1.0
VariableCost,NDC,ECU,SOIALL,,,1,2025,,,,,,1.0
VariableCost,NDC,ECU,SOIALL,,,1,2026,,,,,,1.0
VariableCost,NDC,ECU,SOIALL,,,1,2027,,,,,,1.0
VariableCost,NDC,ECU,SOIALL,,,1,2028,,,,,,1.0
VariableCost,NDC,ECU,SOIALL,,,1,2029,,,,,,1.0
VariableCost,NDC,ECU,SOIALL,,,1,2030,,,,,,1.0
VariableCost,NDC,ECU,SOIALL,,,1,2031,,,,,,1.0
VariableCost,NDC,ECU,SOIALL,,,1,2032,,,,,,1.0
VariableCost,NDC,ECU,SOIALL,,,1,2033,,,,,,1.0
VariableCost,NDC,ECU,SOIALL,,,1,2034,,,,,,1.0
VariableCost,NDC,ECU,SOIALL,,,1,2035,,,,,,1.0
VariableCost,NDC,ECU,FORBUR,,,1,2010,,,,,,1.0
VariableCost,NDC,ECU,FORBUR,,,1,2011,,,,,,1.0
VariableCost,NDC,ECU,FORBUR,,,1,2012,,,,,,1.0
VariableCost,NDC,ECU,FORBUR,,,1,2013,,,,,,1.0
VariableCost,NDC,ECU,FORBUR,,,1,2014,,,,,,1.0
VariableCost,NDC,ECU,FORBUR,,,1,2015,,,,,,1.0
VariableCost,NDC,ECU,FORBUR,,,1,2016,,,,,,1.0
VariableCost,NDC,ECU,FORBUR,,,1,2017,,,,,,1.0
VariableCost,NDC,ECU,FORBUR,,,1,2018,,,,,,1.0
VariableCost,NDC,ECU,FORBUR,,,1,2019,,,,,,1.0
VariableCost,NDC,ECU,FORBUR,,,1,2020,,,,,,1.0
VariableCost,NDC,ECU,FORBUR,,,1,2021,,,,,,1.0
VariableCost,NDC,ECU,FORBUR,,,1,2022,,,,,,1.0
VariableCost,NDC,ECU,FORBUR,,,1,2023,,,,,,1.0
VariableCost,NDC,ECU,FORBUR,,,1,2024,,,,,,1.0
VariableCost,NDC,ECU,FORBUR,,,1,2025,,,,,,1.0
VariableCost,NDC,ECU,FORBUR,,,1,2026,,,,,,1.0
VariableCost,NDC,ECU,FORBUR,,,1,2027,,,,,,1.0
VariableCost,NDC,ECU,FORBUR,,,1,2028,,,,,,1.0
VariableCost,NDC,ECU,FORBUR,,,1,2029,,,,,,1.0
VariableCost,NDC,ECU,FORBUR,,,1,2030,,,,,,1.0
VariableCost,NDC,ECU,FORBUR,,,1,2031,,,,,,1.0
VariableCost,NDC,ECU,FORBUR,,,1,2032,,,,,,1.0
VariableCost,NDC,ECU,FORBUR,,,1,2033,,,,,,1.0
VariableCost,NDC,ECU,FORBUR,,,1,2034,,,,,,1.0
VariableCost,NDC,ECU,FORBUR,,,1,2035,,,,,,1.0
VariableCost,NDC,ECU,SUPCAMCROAND,,,1,2010,,,,,,1.0
VariableCost,NDC,ECU,SUPCAMCROAND,,,1,2011,,,,,,1.0
VariableCost,NDC,ECU,SUPCAMCROAND,,,1,2012,,,,,,1.0
VariableCost,NDC,ECU,SUPCAMCROAND,,,1,2013,,,,,,1.0
VariableCost,NDC,ECU,SUPCAMCROAND,,,1,2014,,,,,,1.0
VariableCost,NDC,ECU,SUPCAMCROAND,,,1,2015,,,,,,1.0
VariableCost,NDC,ECU,SUPCAMCROAND,,,1,2016,,,,,,1.0
VariableCost,NDC,ECU,SUPCAMCROAND,,,1,2017,,,,,,1.0
VariableCost,NDC,ECU,SUPCAMCROAND,,,1,2018,,,,,,1.0
VariableCost,NDC,ECU,SUPCAMCROAND,,,1,2019,,,,,,1.0
VariableCost,NDC,ECU,SUPCAMCROAND,,,1,2020,,,,,,1.0
VariableCost,NDC,ECU,SUPCAMCROAND,,,1,2021,,,,,,1.0
VariableCost,NDC,ECU,SUPCAMCROAND,,,1,2022,,,,,,1.0
VariableCost,NDC,ECU,SUPCAMCROAND,,,1,2023,,,,,,1.0
VariableCost,NDC,ECU,SUPCAMCROAND,,,1,2024,,,,,,1.0
VariableCost,NDC,ECU,SUPCAMCROAND,,,1,2025,,,,,,1.0
VariableCost,NDC,ECU,SUPCAMCROAND,,,1,2026,,,,,,1.0
VariableCost,NDC,ECU,SUPCAMCROAND,,,1,2027,,,,,,1.0
VariableCost,NDC,ECU,SUPCAMCROAND,,,1,2028,,,,,,1.0
VariableCost,NDC,ECU,SUPCAMCROAND,,,1,2029,,,,,,1.0
VariableCost,NDC,ECU,SUPCAMCROAND,,,1,2030,,,,,,1.0
VariableCost,NDC,ECU,SUPCAMCROAND,,,1,2031,,,,,,1.0
VariableCost,NDC,ECU,SUPCAMCROAND,,,1,2032,,,,,,1.0
VariableCost,NDC,ECU,SUPCAMCROAND,,,1,2033,,,,,,1.0
VariableCost,NDC,ECU,SUPCAMCROAND,,,1,2034,,,,,,1.0
VariableCost,NDC,ECU,SUPCAMCROAND,,,1,2035,,,,,,1.0
VariableCost,NDC,ECU,SUPCAMCROPLU,,,1,2010,,,,,,1.0
VariableCost,NDC,ECU,SUPCAMCROPLU,,,1,2011,,,,,,1.0
VariableCost,NDC,ECU,SUPCAMCROPLU,,,1,2012,,,,,,1.0
VariableCost,NDC,ECU,SUPCAMCROPLU,,,1,2013,,,,,,1.0
VariableCost,NDC,ECU,SUPCAMCROPLU,,,1,2014,,,,,,1.0
VariableCost,NDC,ECU,SUPCAMCROPLU,,,1,2015,,,,,,1.0
VariableCost,NDC,ECU,SUPCAMCROPLU,,,1,2016,,,,,,1.0
VariableCost,NDC,ECU,SUPCAMCROPLU,,,1,2017,,,,,,1.0
VariableCost,NDC,ECU,SUPCAMCROPLU,,,1,2018,,,,,,1.0
VariableCost,NDC,ECU,SUPCAMCROPLU,,,1,2019,,,,,,1.0
VariableCost,NDC,ECU,SUPCAMCROPLU,,,1,2020,,,,,,1.0
VariableCost,NDC,ECU,SUPCAMCROPLU,,,1,2021,,,,,,1.0
VariableCost,NDC,ECU,SUPCAMCROPLU,,,1,2022,,,,,,1.0
VariableCost,NDC,ECU,SUPCAMCROPLU,,,1,2023,,,,,,1.0
VariableCost,NDC,ECU,SUPCAMCROPLU,,,1,2024,,,,,,1.0
VariableCost,NDC,ECU,SUPCAMCROPLU,,,1,2025,,,,,,1.0
VariableCost,NDC,ECU,SUPCAMCROPLU,,,1,2026,,,,,,1.0
VariableCost,NDC,ECU,SUPCAMCROPLU,,,1,2027,,,,,,1.0
VariableCost,NDC,ECU,SUPCAMCROPLU,,,1,2028,,,,,,1.0
VariableCost,NDC,ECU,SUPCAMCROPLU,,,1,2029,,,,,,1.0
VariableCost,NDC,ECU,SUPCAMCROPLU,,,1,2030,,,,,,1.0
VariableCost,NDC,ECU,SUPCAMCROPLU,,,1,2031,,,,,,1.0
VariableCost,NDC,ECU,SUPCAMCROPLU,,,1,2032,,,,,,1.0
VariableCost,NDC,ECU,SUPCAMCROPLU,,,1,2033,,,,,,1.0
VariableCost,NDC,ECU,SUPCAMCROPLU,,,1,2034,,,,,,1.0
VariableCost,NDC,ECU,SUPCAMCROPLU,,,1,2035,,,,,,1.0
VariableCost,NDC,ECU,SUPCAMCROMON,,,1,2010,,,,,,1.0
VariableCost,NDC,ECU,SUPCAMCROMON,,,1,2011,,,,,,1.0
VariableCost,NDC,ECU,SUPCAMCROMON,,,1,2012,,,,,,1.0
VariableCost,NDC,ECU,SUPCAMCROMON,,,1,2013,,,,,,1.0
VariableCost,NDC,ECU,SUPCAMCROMON,,,1,2014,,,,,,1.0
VariableCost,NDC,ECU,SUPCAMCROMON,,,1,2015,,,,,,1.0
VariableCost,NDC,ECU,SUPCAMCROMON,,,1,2016,,,,,,1.0
VariableCost,NDC,ECU,SUPCAMCROMON,,,1,2017,,,,,,1.0
VariableCost,NDC,ECU,SUPCAMCROMON,,,1,2018,,,,,,1.0
VariableCost,NDC,ECU,SUPCAMCROMON,,,1,2019,,,,,,1.0
VariableCost,NDC,ECU,SUPCAMCROMON,,,1,2020,,,,,,1.0
VariableCost,NDC,ECU,SUPCAMCROMON,,,1,2021,,,,,,1.0
VariableCost,NDC,ECU,SUPCAMCROMON,,,1,2022,,,,,,1.0
VariableCost,NDC,ECU,SUPCAMCROMON,,,1,2023,,,,,,1.0
VariableCost,NDC,ECU,SUPCAMCROMON,,,1,2024,,,,,,1.0
VariableCost,NDC,ECU,SUPCAMCROMON,,,1,2025,,,,,,1.0
VariableCost,NDC,ECU,SUPCAMCROMON,,,1,2026,,,,,,1.0
VariableCost,NDC,ECU,SUPCAMCROMON,,,1,2027,,,,,,1.0
VariableCost,NDC,ECU,SUPCAMCROMON,,,1,2028,,,,,,1.0
VariableCost,NDC,ECU,SUPCAMCROMON,,,1,2029,,,,,,1.0
VariableCost,NDC,ECU,SUPCAMCROMON,,,1,2030,,,,,,1.0
VariableCost,NDC,ECU,SUPCAMCROMON,,,1,2031,,,,,,1.0
VariableCost,NDC,ECU,SUPCAMCROMON,,,1,2032,,,,,,1.0
VariableCost,NDC,ECU,SUPCAMCROMON,,,1,2033,,,,,,1.0
VariableCost,NDC,ECU,SUPCAMCROMON,,,1,2034,,,,,,1.0
VariableCost,NDC,ECU,SUPCAMCROMON,,,1,2035,,,,,,1.0
VariableCost,NDC,ECU,SUPCAMCROPIE,,,1,2010,,,,,,1.0
VariableCost,NDC,ECU,SUPCAMCROPIE,,,1,2011,,,,,,1.0
VariableCost,NDC,ECU,SUPCAMCROPIE,,,1,2012,,,,,,1.0
VariableCost,NDC,ECU,SUPCAMCROPIE,,,1,2013,,,,,,1.0
VariableCost,NDC,ECU,SUPCAMCROPIE,,,1,2014,,,,,,1.0
VariableCost,NDC,ECU,SUPCAMCROPIE,,,1,2015,,,,,,1.0
VariableCost,NDC,ECU,SUPCAMCROPIE,,,1,2016,,,,,,1.0
VariableCost,NDC,ECU,SUPCAMCROPIE,,,1,2017,,,,,,1.0
VariableCost,NDC,ECU,SUPCAMCROPIE,,,1,2018,,,,,,1.0
VariableCost,NDC,ECU,SUPCAMCROPIE,,,1,2019,,,,,,1.0
VariableCost,NDC,ECU,SUPCAMCROPIE,,,1,2020,,,,,,1.0
VariableCost,NDC,ECU,SUPCAMCROPIE,,,1,2021,,,,,,1.0
VariableCost,NDC,ECU,SUPCAMCROPIE,,,1,2022,,,,,,1.0
VariableCost,NDC,ECU,SUPCAMCROPIE,,,1,2023,,,,,,1.0
VariableCost,NDC,ECU,SUPCAMCROPIE,,,1,2024,,,,,,1.0
VariableCost,NDC,ECU,SUPCAMCROPIE,,,1,2025,,,,,,1.0
VariableCost,NDC,ECU,SUPCAMCROPIE,,,1,2026,,,,,,1.0
VariableCost,NDC,ECU,SUPCAMCROPIE,,,1,2027,,,,,,1.0
VariableCost,NDC,ECU,SUPCAMCROPIE,,,1,2028,,,,,,1.0
VariableCost,NDC,ECU,SUPCAMCROPIE,,,1,2029,,,,,,1.0
VariableCost,NDC,ECU,SUPCAMCROPIE,,,1,2030,,,,,,1.0
VariableCost,NDC,ECU,SUPCAMCROPIE,,,1,2031,,,,,,1.0
VariableCost,NDC,ECU,SUPCAMCROPIE,,,1,2032,,,,,,1.0
VariableCost,NDC,ECU,SUPCAMCROPIE,,,1,2033,,,,,,1.0
VariableCost,NDC,ECU,SUPCAMCROPIE,,,1,2034,,,,,,1.0
VariableCost,NDC,ECU,SUPCAMCROPIE,,,1,2035,,,,,,1.0
VariableCost,NDC,ECU,SUPCAMCROCEJ,,,1,2010,,,,,,1.0
VariableCost,NDC,ECU,SUPCAMCROCEJ,,,1,2011,,,,,,1.0
VariableCost,NDC,ECU,SUPCAMCROCEJ,,,1,2012,,,,,,1.0
VariableCost,NDC,ECU,SUPCAMCROCEJ,,,1,2013,,,,,,1.0
VariableCost,NDC,ECU,SUPCAMCROCEJ,,,1,2014,,,,,,1.0
VariableCost,NDC,ECU,SUPCAMCROCEJ,,,1,2015,,,,,,1.0
VariableCost,NDC,ECU,SUPCAMCROCEJ,,,1,2016,,,,,,1.0
VariableCost,NDC,ECU,SUPCAMCROCEJ,,,1,2017,,,,,,1.0
VariableCost,NDC,ECU,SUPCAMCROCEJ,,,1,2018,,,,,,1.0
VariableCost,NDC,ECU,SUPCAMCROCEJ,,,1,2019,,,,,,1.0
VariableCost,NDC,ECU,SUPCAMCROCEJ,,,1,2020,,,,,,1.0
VariableCost,NDC,ECU,SUPCAMCROCEJ,,,1,2021,,,,,,1.0
VariableCost,NDC,ECU,SUPCAMCROCEJ,,,1,2022,,,,,,1.0
VariableCost,NDC,ECU,SUPCAMCROCEJ,,,1,2023,,,,,,1.0
VariableCost,NDC,ECU,SUPCAMCROCEJ,,,1,2024,,,,,,1.0
VariableCost,NDC,ECU,SUPCAMCROCEJ,,,1,2025,,,,,,1.0
VariableCost,NDC,ECU,SUPCAMCROCEJ,,,1,2026,,,,,,1.0
VariableCost,NDC,ECU,SUPCAMCROCEJ,,,1,2027,,,,,,1.0
VariableCost,NDC,ECU,SUPCAMCROCEJ,,,1,2028,,,,,,1.0
VariableCost,NDC,ECU,SUPCAMCROCEJ,,,1,2029,,,,,,1.0
VariableCost,NDC,ECU,SUPCAMCROCEJ,,,1,2030,,,,,,1.0
VariableCost,NDC,ECU,SUPCAMCROCEJ,,,1,2031,,,,,,1.0
VariableCost,NDC,ECU,SUPCAMCROCEJ,,,1,2032,,,,,,1.0
VariableCost,NDC,ECU,SUPCAMCROCEJ,,,1,2033,,,,,,1.0
VariableCost,NDC,ECU,SUPCAMCROCEJ,,,1,2034,,,,,,1.0
VariableCost,NDC,ECU,SUPCAMCROCEJ,,,1,2035,,,,,,1.0
VariableCost,NDC,ECU,SUPCAMCROAMA,,,1,2010,,,,,,1.0
VariableCost,NDC,ECU,SUPCAMCROAMA,,,1,2011,,,,,,1.0
VariableCost,NDC,ECU,SUPCAMCROAMA,,,1,2012,,,,,,1.0
VariableCost,NDC,ECU,SUPCAMCROAMA,,,1,2013,,,,,,1.0
VariableCost,NDC,ECU,SUPCAMCROAMA,,,1,2014,,,,,,1.0
VariableCost,NDC,ECU,SUPCAMCROAMA,,,1,2015,,,,,,1.0
VariableCost,NDC,ECU,SUPCAMCROAMA,,,1,2016,,,,,,1.0
VariableCost,NDC,ECU,SUPCAMCROAMA,,,1,2017,,,,,,1.0
VariableCost,NDC,ECU,SUPCAMCROAMA,,,1,2018,,,,,,1.0
VariableCost,NDC,ECU,SUPCAMCROAMA,,,1,2019,,,,,,1.0
VariableCost,NDC,ECU,SUPCAMCROAMA,,,1,2020,,,,,,1.0
VariableCost,NDC,ECU,SUPCAMCROAMA,,,1,2021,,,,,,1.0
VariableCost,NDC,ECU,SUPCAMCROAMA,,,1,2022,,,,,,1.0
VariableCost,NDC,ECU,SUPCAMCROAMA,,,1,2023,,,,,,1.0
VariableCost,NDC,ECU,SUPCAMCROAMA,,,1,2024,,,,,,1.0
VariableCost,NDC,ECU,SUPCAMCROAMA,,,1,2025,,,,,,1.0
VariableCost,NDC,ECU,SUPCAMCROAMA,,,1,2026,,,,,,1.0
VariableCost,NDC,ECU,SUPCAMCROAMA,,,1,2027,,,,,,1.0
VariableCost,NDC,ECU,SUPCAMCROAMA,,,1,2028,,,,,,1.0
VariableCost,NDC,ECU,SUPCAMCROAMA,,,1,2029,,,,,,1.0
VariableCost,NDC,ECU,SUPCAMCROAMA,,,1,2030,,,,,,1.0
VariableCost,NDC,ECU,SUPCAMCROAMA,,,1,2031,,,,,,1.0
VariableCost,NDC,ECU,SUPCAMCROAMA,,,1,2032,,,,,,1.0
VariableCost,NDC,ECU,SUPCAMCROAMA,,,1,2033,,,,,,1.0
VariableCost,NDC,ECU,SUPCAMCROAMA,,,1,2034,,,,,,1.0
VariableCost,NDC,ECU,SUPCAMCROAMA,,,1,2035,,,,,,1.0
VariableCost,NDC,ECU,SUPCAMCROCHO,,,1,2010,,,,,,1.0
VariableCost,NDC,ECU,SUPCAMCROCHO,,,1,2011,,,,,,1.0
VariableCost,NDC,ECU,SUPCAMCROCHO,,,1,2012,,,,,,1.0
VariableCost,NDC,ECU,SUPCAMCROCHO,,,1,2013,,,,,,1.0
VariableCost,NDC,ECU,SUPCAMCROCHO,,,1,2014,,,,,,1.0
VariableCost,NDC,ECU,SUPCAMCROCHO,,,1,2015,,,,,,1.0
VariableCost,NDC,ECU,SUPCAMCROCHO,,,1,2016,,,,,,1.0
VariableCost,NDC,ECU,SUPCAMCROCHO,,,1,2017,,,,,,1.0
VariableCost,NDC,ECU,SUPCAMCROCHO,,,1,2018,,,,,,1.0
VariableCost,NDC,ECU,SUPCAMCROCHO,,,1,2019,,,,,,1.0
VariableCost,NDC,ECU,SUPCAMCROCHO,,,1,2020,,,,,,1.0
VariableCost,NDC,ECU,SUPCAMCROCHO,,,1,2021,,,,,,1.0
VariableCost,NDC,ECU,SUPCAMCROCHO,,,1,2022,,,,,,1.0
VariableCost,NDC,ECU,SUPCAMCROCHO,,,1,2023,,,,,,1.0
VariableCost,NDC,ECU,SUPCAMCROCHO,,,1,2024,,,,,,1.0
VariableCost,NDC,ECU,SUPCAMCROCHO,,,1,2025,,,,,,1.0
VariableCost,NDC,ECU,SUPCAMCROCHO,,,1,2026,,,,,,1.0
VariableCost,NDC,ECU,SUPCAMCROCHO,,,1,2027,,,,,,1.0
VariableCost,NDC,ECU,SUPCAMCROCHO,,,1,2028,,,,,,1.0
VariableCost,NDC,ECU,SUPCAMCROCHO,,,1,2029,,,,,,1.0
VariableCost,NDC,ECU,SUPCAMCROCHO,,,1,2030,,,,,,1.0
VariableCost,NDC,ECU,SUPCAMCROCHO,,,1,2031,,,,,,1.0
VariableCost,NDC,ECU,SUPCAMCROCHO,,,1,2032,,,,,,1.0
VariableCost,NDC,ECU,SUPCAMCROCHO,,,1,2033,,,,,,1.0
VariableCost,NDC,ECU,SUPCAMCROCHO,,,1,2034,,,,,,1.0
VariableCost,NDC,ECU,SUPCAMCROCHO,,,1,2035,,,,,,1.0
VariableCost,NDC,ECU,SUPCAMCROMAN,,,1,2010,,,,,,1.0
VariableCost,NDC,ECU,SUPCAMCROMAN,,,1,2011,,,,,,1.0
VariableCost,NDC,ECU,SUPCAMCROMAN,,,1,2012,,,,,,1.0
VariableCost,NDC,ECU,SUPCAMCROMAN,,,1,2013,,,,,,1.0
VariableCost,NDC,ECU,SUPCAMCROMAN,,,1,2014,,,,,,1.0
VariableCost,NDC,ECU,SUPCAMCROMAN,,,1,2015,,,,,,1.0
VariableCost,NDC,ECU,SUPCAMCROMAN,,,1,2016,,,,,,1.0
VariableCost,NDC,ECU,SUPCAMCROMAN,,,1,2017,,,,,,1.0
VariableCost,NDC,ECU,SUPCAMCROMAN,,,1,2018,,,,,,1.0
VariableCost,NDC,ECU,SUPCAMCROMAN,,,1,2019,,,,,,1.0
VariableCost,NDC,ECU,SUPCAMCROMAN,,,1,2020,,,,,,1.0
VariableCost,NDC,ECU,SUPCAMCROMAN,,,1,2021,,,,,,1.0
VariableCost,NDC,ECU,SUPCAMCROMAN,,,1,2022,,,,,,1.0
VariableCost,NDC,ECU,SUPCAMCROMAN,,,1,2023,,,,,,1.0
VariableCost,NDC,ECU,SUPCAMCROMAN,,,1,2024,,,,,,1.0
VariableCost,NDC,ECU,SUPCAMCROMAN,,,1,2025,,,,,,1.0
VariableCost,NDC,ECU,SUPCAMCROMAN,,,1,2026,,,,,,1.0
VariableCost,NDC,ECU,SUPCAMCROMAN,,,1,2027,,,,,,1.0
VariableCost,NDC,ECU,SUPCAMCROMAN,,,1,2028,,,,,,1.0
VariableCost,NDC,ECU,SUPCAMCROMAN,,,1,2029,,,,,,1.0
VariableCost,NDC,ECU,SUPCAMCROMAN,,,1,2030,,,,,,1.0
VariableCost,NDC,ECU,SUPCAMCROMAN,,,1,2031,,,,,,1.0
VariableCost,NDC,ECU,SUPCAMCROMAN,,,1,2032,,,,,,1.0
VariableCost,NDC,ECU,SUPCAMCROMAN,,,1,2033,,,,,,1.0
VariableCost,NDC,ECU,SUPCAMCROMAN,,,1,2034,,,,,,1.0
VariableCost,NDC,ECU,SUPCAMCROMAN,,,1,2035,,,,,,1.0
VariableCost,NDC,ECU,SUPCAMCROMOR,,,1,2010,,,,,,1.0
VariableCost,NDC,ECU,SUPCAMCROMOR,,,1,2011,,,,,,1.0
VariableCost,NDC,ECU,SUPCAMCROMOR,,,1,2012,,,,,,1.0
VariableCost,NDC,ECU,SUPCAMCROMOR,,,1,2013,,,,,,1.0
VariableCost,NDC,ECU,SUPCAMCROMOR,,,1,2014,,,,,,1.0
VariableCost,NDC,ECU,SUPCAMCROMOR,,,1,2015,,,,,,1.0
VariableCost,NDC,ECU,SUPCAMCROMOR,,,1,2016,,,,,,1.0
VariableCost,NDC,ECU,SUPCAMCROMOR,,,1,2017,,,,,,1.0
VariableCost,NDC,ECU,SUPCAMCROMOR,,,1,2018,,,,,,1.0
VariableCost,NDC,ECU,SUPCAMCROMOR,,,1,2019,,,,,,1.0
VariableCost,NDC,ECU,SUPCAMCROMOR,,,1,2020,,,,,,1.0
VariableCost,NDC,ECU,SUPCAMCROMOR,,,1,2021,,,,,,1.0
VariableCost,NDC,ECU,SUPCAMCROMOR,,,1,2022,,,,,,1.0
VariableCost,NDC,ECU,SUPCAMCROMOR,,,1,2023,,,,,,1.0
VariableCost,NDC,ECU,SUPCAMCROMOR,,,1,2024,,,,,,1.0
VariableCost,NDC,ECU,SUPCAMCROMOR,,,1,2025,,,,,,1.0
VariableCost,NDC,ECU,SUPCAMCROMOR,,,1,2026,,,,,,1.0
VariableCost,NDC,ECU,SUPCAMCROMOR,,,1,2027,,,,,,1.0
VariableCost,NDC,ECU,SUPCAMCROMOR,,,1,2028,,,,,,1.0
VariableCost,NDC,ECU,SUPCAMCROMOR,,,1,2029,,,,,,1.0
VariableCost,NDC,ECU,SUPCAMCROMOR,,,1,2030,,,,,,1.0
VariableCost,NDC,ECU,SUPCAMCROMOR,,,1,2031,,,,,,1.0
VariableCost,NDC,ECU,SUPCAMCROMOR,,,1,2032,,,,,,1.0
VariableCost,NDC,ECU,SUPCAMCROMOR,,,1,2033,,,,,,1.0
VariableCost,NDC,ECU,SUPCAMCROMOR,,,1,2034,,,,,,1.0
VariableCost,NDC,ECU,SUPCAMCROMOR,,,1,2035,,,,,,1.0
VariableCost,NDC,ECU,SUPCAMCROPFO,,,1,2010,,,,,,1.0
VariableCost,NDC,ECU,SUPCAMCROPFO,,,1,2011,,,,,,1.0
VariableCost,NDC,ECU,SUPCAMCROPFO,,,1,2012,,,,,,1.0
VariableCost,NDC,ECU,SUPCAMCROPFO,,,1,2013,,,,,,1.0
VariableCost,NDC,ECU,SUPCAMCROPFO,,,1,2014,,,,,,1.0
VariableCost,NDC,ECU,SUPCAMCROPFO,,,1,2015,,,,,,1.0
VariableCost,NDC,ECU,SUPCAMCROPFO,,,1,2016,,,,,,1.0
VariableCost,NDC,ECU,SUPCAMCROPFO,,,1,2017,,,,,,1.0
VariableCost,NDC,ECU,SUPCAMCROPFO,,,1,2018,,,,,,1.0
VariableCost,NDC,ECU,SUPCAMCROPFO,,,1,2019,,,,,,1.0
VariableCost,NDC,ECU,SUPCAMCROPFO,,,1,2020,,,,,,1.0
VariableCost,NDC,ECU,SUPCAMCROPFO,,,1,2021,,,,,,1.0
VariableCost,NDC,ECU,SUPCAMCROPFO,,,1,2022,,,,,,1.0
VariableCost,NDC,ECU,SUPCAMCROPFO,,,1,2023,,,,,,1.0
VariableCost,NDC,ECU,SUPCAMCROPFO,,,1,2024,,,,,,1.0
VariableCost,NDC,ECU,SUPCAMCROPFO,,,1,2025,,,,,,1.0
VariableCost,NDC,ECU,SUPCAMCROPFO,,,1,2026,,,,,,1.0
VariableCost,NDC,ECU,SUPCAMCROPFO,,,1,2027,,,,,,1.0
VariableCost,NDC,ECU,SUPCAMCROPFO,,,1,2028,,,,,,1.0
VariableCost,NDC,ECU,SUPCAMCROPFO,,,1,2029,,,,,,1.0
VariableCost,NDC,ECU,SUPCAMCROPFO,,,1,2030,,,,,,1.0
VariableCost,NDC,ECU,SUPCAMCROPFO,,,1,2031,,,,,,1.0
VariableCost,NDC,ECU,SUPCAMCROPFO,,,1,2032,,,,,,1.0
VariableCost,NDC,ECU,SUPCAMCROPFO,,,1,2033,,,,,,1.0
VariableCost,NDC,ECU,SUPCAMCROPFO,,,1,2034,,,,,,1.0
VariableCost,NDC,ECU,SUPCAMCROPFO,,,1,2035,,,,,,1.0
VariableCost,NDC,ECU,SUPCAMGRAAND,,,1,2010,,,,,,1.0
VariableCost,NDC,ECU,SUPCAMGRAAND,,,1,2011,,,,,,1.0
VariableCost,NDC,ECU,SUPCAMGRAAND,,,1,2012,,,,,,1.0
VariableCost,NDC,ECU,SUPCAMGRAAND,,,1,2013,,,,,,1.0
VariableCost,NDC,ECU,SUPCAMGRAAND,,,1,2014,,,,,,1.0
VariableCost,NDC,ECU,SUPCAMGRAAND,,,1,2015,,,,,,1.0
VariableCost,NDC,ECU,SUPCAMGRAAND,,,1,2016,,,,,,1.0
VariableCost,NDC,ECU,SUPCAMGRAAND,,,1,2017,,,,,,1.0
VariableCost,NDC,ECU,SUPCAMGRAAND,,,1,2018,,,,,,1.0
VariableCost,NDC,ECU,SUPCAMGRAAND,,,1,2019,,,,,,1.0
VariableCost,NDC,ECU,SUPCAMGRAAND,,,1,2020,,,,,,1.0
VariableCost,NDC,ECU,SUPCAMGRAAND,,,1,2021,,,,,,1.0
VariableCost,NDC,ECU,SUPCAMGRAAND,,,1,2022,,,,,,1.0
VariableCost,NDC,ECU,SUPCAMGRAAND,,,1,2023,,,,,,1.0
VariableCost,NDC,ECU,SUPCAMGRAAND,,,1,2024,,,,,,1.0
VariableCost,NDC,ECU,SUPCAMGRAAND,,,1,2025,,,,,,1.0
VariableCost,NDC,ECU,SUPCAMGRAAND,,,1,2026,,,,,,1.0
VariableCost,NDC,ECU,SUPCAMGRAAND,,,1,2027,,,,,,1.0
VariableCost,NDC,ECU,SUPCAMGRAAND,,,1,2028,,,,,,1.0
VariableCost,NDC,ECU,SUPCAMGRAAND,,,1,2029,,,,,,1.0
VariableCost,NDC,ECU,SUPCAMGRAAND,,,1,2030,,,,,,1.0
VariableCost,NDC,ECU,SUPCAMGRAAND,,,1,2031,,,,,,1.0
VariableCost,NDC,ECU,SUPCAMGRAAND,,,1,2032,,,,,,1.0
VariableCost,NDC,ECU,SUPCAMGRAAND,,,1,2033,,,,,,1.0
VariableCost,NDC,ECU,SUPCAMGRAAND,,,1,2034,,,,,,1.0
VariableCost,NDC,ECU,SUPCAMGRAAND,,,1,2035,,,,,,1.0
VariableCost,NDC,ECU,SUPCAMGRAPLU,,,1,2010,,,,,,1.0
VariableCost,NDC,ECU,SUPCAMGRAPLU,,,1,2011,,,,,,1.0
VariableCost,NDC,ECU,SUPCAMGRAPLU,,,1,2012,,,,,,1.0
VariableCost,NDC,ECU,SUPCAMGRAPLU,,,1,2013,,,,,,1.0
VariableCost,NDC,ECU,SUPCAMGRAPLU,,,1,2014,,,,,,1.0
VariableCost,NDC,ECU,SUPCAMGRAPLU,,,1,2015,,,,,,1.0
VariableCost,NDC,ECU,SUPCAMGRAPLU,,,1,2016,,,,,,1.0
VariableCost,NDC,ECU,SUPCAMGRAPLU,,,1,2017,,,,,,1.0
VariableCost,NDC,ECU,SUPCAMGRAPLU,,,1,2018,,,,,,1.0
VariableCost,NDC,ECU,SUPCAMGRAPLU,,,1,2019,,,,,,1.0
VariableCost,NDC,ECU,SUPCAMGRAPLU,,,1,2020,,,,,,1.0
VariableCost,NDC,ECU,SUPCAMGRAPLU,,,1,2021,,,,,,1.0
VariableCost,NDC,ECU,SUPCAMGRAPLU,,,1,2022,,,,,,1.0
VariableCost,NDC,ECU,SUPCAMGRAPLU,,,1,2023,,,,,,1.0
VariableCost,NDC,ECU,SUPCAMGRAPLU,,,1,2024,,,,,,1.0
VariableCost,NDC,ECU,SUPCAMGRAPLU,,,1,2025,,,,,,1.0
VariableCost,NDC,ECU,SUPCAMGRAPLU,,,1,2026,,,,,,1.0
VariableCost,NDC,ECU,SUPCAMGRAPLU,,,1,2027,,,,,,1.0
VariableCost,NDC,ECU,SUPCAMGRAPLU,,,1,2028,,,,,,1.0
VariableCost,NDC,ECU,SUPCAMGRAPLU,,,1,2029,,,,,,1.0
VariableCost,NDC,ECU,SUPCAMGRAPLU,,,1,2030,,,,,,1.0
VariableCost,NDC,ECU,SUPCAMGRAPLU,,,1,2031,,,,,,1.0
VariableCost,NDC,ECU,SUPCAMGRAPLU,,,1,2032,,,,,,1.0
VariableCost,NDC,ECU,SUPCAMGRAPLU,,,1,2033,,,,,,1.0
VariableCost,NDC,ECU,SUPCAMGRAPLU,,,1,2034,,,,,,1.0
VariableCost,NDC,ECU,SUPCAMGRAPLU,,,1,2035,,,,,,1.0
VariableCost,NDC,ECU,SUPCAMGRAMON,,,1,2010,,,,,,1.0
VariableCost,NDC,ECU,SUPCAMGRAMON,,,1,2011,,,,,,1.0
VariableCost,NDC,ECU,SUPCAMGRAMON,,,1,2012,,,,,,1.0
VariableCost,NDC,ECU,SUPCAMGRAMON,,,1,2013,,,,,,1.0
VariableCost,NDC,ECU,SUPCAMGRAMON,,,1,2014,,,,,,1.0
VariableCost,NDC,ECU,SUPCAMGRAMON,,,1,2015,,,,,,1.0
VariableCost,NDC,ECU,SUPCAMGRAMON,,,1,2016,,,,,,1.0
VariableCost,NDC,ECU,SUPCAMGRAMON,,,1,2017,,,,,,1.0
VariableCost,NDC,ECU,SUPCAMGRAMON,,,1,2018,,,,,,1.0
VariableCost,NDC,ECU,SUPCAMGRAMON,,,1,2019,,,,,,1.0
VariableCost,NDC,ECU,SUPCAMGRAMON,,,1,2020,,,,,,1.0
VariableCost,NDC,ECU,SUPCAMGRAMON,,,1,2021,,,,,,1.0
VariableCost,NDC,ECU,SUPCAMGRAMON,,,1,2022,,,,,,1.0
VariableCost,NDC,ECU,SUPCAMGRAMON,,,1,2023,,,,,,1.0
VariableCost,NDC,ECU,SUPCAMGRAMON,,,1,2024,,,,,,1.0
VariableCost,NDC,ECU,SUPCAMGRAMON,,,1,2025,,,,,,1.0
VariableCost,NDC,ECU,SUPCAMGRAMON,,,1,2026,,,,,,1.0
VariableCost,NDC,ECU,SUPCAMGRAMON,,,1,2027,,,,,,1.0
VariableCost,NDC,ECU,SUPCAMGRAMON,,,1,2028,,,,,,1.0
VariableCost,NDC,ECU,SUPCAMGRAMON,,,1,2029,,,,,,1.0
VariableCost,NDC,ECU,SUPCAMGRAMON,,,1,2030,,,,,,1.0
VariableCost,NDC,ECU,SUPCAMGRAMON,,,1,2031,,,,,,1.0
VariableCost,NDC,ECU,SUPCAMGRAMON,,,1,2032,,,,,,1.0
VariableCost,NDC,ECU,SUPCAMGRAMON,,,1,2033,,,,,,1.0
VariableCost,NDC,ECU,SUPCAMGRAMON,,,1,2034,,,,,,1.0
VariableCost,NDC,ECU,SUPCAMGRAMON,,,1,2035,,,,,,1.0
VariableCost,NDC,ECU,SUPCAMGRAPIE,,,1,2010,,,,,,1.0
VariableCost,NDC,ECU,SUPCAMGRAPIE,,,1,2011,,,,,,1.0
VariableCost,NDC,ECU,SUPCAMGRAPIE,,,1,2012,,,,,,1.0
VariableCost,NDC,ECU,SUPCAMGRAPIE,,,1,2013,,,,,,1.0
VariableCost,NDC,ECU,SUPCAMGRAPIE,,,1,2014,,,,,,1.0
VariableCost,NDC,ECU,SUPCAMGRAPIE,,,1,2015,,,,,,1.0
VariableCost,NDC,ECU,SUPCAMGRAPIE,,,1,2016,,,,,,1.0
VariableCost,NDC,ECU,SUPCAMGRAPIE,,,1,2017,,,,,,1.0
VariableCost,NDC,ECU,SUPCAMGRAPIE,,,1,2018,,,,,,1.0
VariableCost,NDC,ECU,SUPCAMGRAPIE,,,1,2019,,,,,,1.0
VariableCost,NDC,ECU,SUPCAMGRAPIE,,,1,2020,,,,,,1.0
VariableCost,NDC,ECU,SUPCAMGRAPIE,,,1,2021,,,,,,1.0
VariableCost,NDC,ECU,SUPCAMGRAPIE,,,1,2022,,,,,,1.0
VariableCost,NDC,ECU,SUPCAMGRAPIE,,,1,2023,,,,,,1.0
VariableCost,NDC,ECU,SUPCAMGRAPIE,,,1,2024,,,,,,1.0
VariableCost,NDC,ECU,SUPCAMGRAPIE,,,1,2025,,,,,,1.0
VariableCost,NDC,ECU,SUPCAMGRAPIE,,,1,2026,,,,,,1.0
VariableCost,NDC,ECU,SUPCAMGRAPIE,,,1,2027,,,,,,1.0
VariableCost,NDC,ECU,SUPCAMGRAPIE,,,1,2028,,,,,,1.0
VariableCost,NDC,ECU,SUPCAMGRAPIE,,,1,2029,,,,,,1.0
VariableCost,NDC,ECU,SUPCAMGRAPIE,,,1,2030,,,,,,1.0
VariableCost,NDC,ECU,SUPCAMGRAPIE,,,1,2031,,,,,,1.0
VariableCost,NDC,ECU,SUPCAMGRAPIE,,,1,2032,,,,,,1.0
VariableCost,NDC,ECU,SUPCAMGRAPIE,,,1,2033,,,,,,1.0
VariableCost,NDC,ECU,SUPCAMGRAPIE,,,1,2034,,,,,,1.0
VariableCost,NDC,ECU,SUPCAMGRAPIE,,,1,2035,,,,,,1.0
VariableCost,NDC,ECU,SUPCAMGRACEJ,,,1,2010,,,,,,1.0
VariableCost,NDC,ECU,SUPCAMGRACEJ,,,1,2011,,,,,,1.0
VariableCost,NDC,ECU,SUPCAMGRACEJ,,,1,2012,,,,,,1.0
VariableCost,NDC,ECU,SUPCAMGRACEJ,,,1,2013,,,,,,1.0
VariableCost,NDC,ECU,SUPCAMGRACEJ,,,1,2014,,,,,,1.0
VariableCost,NDC,ECU,SUPCAMGRACEJ,,,1,2015,,,,,,1.0
VariableCost,NDC,ECU,SUPCAMGRACEJ,,,1,2016,,,,,,1.0
VariableCost,NDC,ECU,SUPCAMGRACEJ,,,1,2017,,,,,,1.0
VariableCost,NDC,ECU,SUPCAMGRACEJ,,,1,2018,,,,,,1.0
VariableCost,NDC,ECU,SUPCAMGRACEJ,,,1,2019,,,,,,1.0
VariableCost,NDC,ECU,SUPCAMGRACEJ,,,1,2020,,,,,,1.0
VariableCost,NDC,ECU,SUPCAMGRACEJ,,,1,2021,,,,,,1.0
VariableCost,NDC,ECU,SUPCAMGRACEJ,,,1,2022,,,,,,1.0
VariableCost,NDC,ECU,SUPCAMGRACEJ,,,1,2023,,,,,,1.0
VariableCost,NDC,ECU,SUPCAMGRACEJ,,,1,2024,,,,,,1.0
VariableCost,NDC,ECU,SUPCAMGRACEJ,,,1,2025,,,,,,1.0
VariableCost,NDC,ECU,SUPCAMGRACEJ,,,1,2026,,,,,,1.0
VariableCost,NDC,ECU,SUPCAMGRACEJ,,,1,2027,,,,,,1.0
VariableCost,NDC,ECU,SUPCAMGRACEJ,,,1,2028,,,,,,1.0
VariableCost,NDC,ECU,SUPCAMGRACEJ,,,1,2029,,,,,,1.0
VariableCost,NDC,ECU,SUPCAMGRACEJ,,,1,2030,,,,,,1.0
VariableCost,NDC,ECU,SUPCAMGRACEJ,,,1,2031,,,,,,1.0
VariableCost,NDC,ECU,SUPCAMGRACEJ,,,1,2032,,,,,,1.0
VariableCost,NDC,ECU,SUPCAMGRACEJ,,,1,2033,,,,,,1.0
VariableCost,NDC,ECU,SUPCAMGRACEJ,,,1,2034,,,,,,1.0
VariableCost,NDC,ECU,SUPCAMGRACEJ,,,1,2035,,,,,,1.0
VariableCost,NDC,ECU,SUPCAMGRAAMA,,,1,2010,,,,,,1.0
VariableCost,NDC,ECU,SUPCAMGRAAMA,,,1,2011,,,,,,1.0
VariableCost,NDC,ECU,SUPCAMGRAAMA,,,1,2012,,,,,,1.0
VariableCost,NDC,ECU,SUPCAMGRAAMA,,,1,2013,,,,,,1.0
VariableCost,NDC,ECU,SUPCAMGRAAMA,,,1,2014,,,,,,1.0
VariableCost,NDC,ECU,SUPCAMGRAAMA,,,1,2015,,,,,,1.0
VariableCost,NDC,ECU,SUPCAMGRAAMA,,,1,2016,,,,,,1.0
VariableCost,NDC,ECU,SUPCAMGRAAMA,,,1,2017,,,,,,1.0
VariableCost,NDC,ECU,SUPCAMGRAAMA,,,1,2018,,,,,,1.0
VariableCost,NDC,ECU,SUPCAMGRAAMA,,,1,2019,,,,,,1.0
VariableCost,NDC,ECU,SUPCAMGRAAMA,,,1,2020,,,,,,1.0
VariableCost,NDC,ECU,SUPCAMGRAAMA,,,1,2021,,,,,,1.0
VariableCost,NDC,ECU,SUPCAMGRAAMA,,,1,2022,,,,,,1.0
VariableCost,NDC,ECU,SUPCAMGRAAMA,,,1,2023,,,,,,1.0
VariableCost,NDC,ECU,SUPCAMGRAAMA,,,1,2024,,,,,,1.0
VariableCost,NDC,ECU,SUPCAMGRAAMA,,,1,2025,,,,,,1.0
VariableCost,NDC,ECU,SUPCAMGRAAMA,,,1,2026,,,,,,1.0
VariableCost,NDC,ECU,SUPCAMGRAAMA,,,1,2027,,,,,,1.0
VariableCost,NDC,ECU,SUPCAMGRAAMA,,,1,2028,,,,,,1.0
VariableCost,NDC,ECU,SUPCAMGRAAMA,,,1,2029,,,,,,1.0
VariableCost,NDC,ECU,SUPCAMGRAAMA,,,1,2030,,,,,,1.0
VariableCost,NDC,ECU,SUPCAMGRAAMA,,,1,2031,,,,,,1.0
VariableCost,NDC,ECU,SUPCAMGRAAMA,,,1,2032,,,,,,1.0
VariableCost,NDC,ECU,SUPCAMGRAAMA,,,1,2033,,,,,,1.0
VariableCost,NDC,ECU,SUPCAMGRAAMA,,,1,2034,,,,,,1.0
VariableCost,NDC,ECU,SUPCAMGRAAMA,,,1,2035,,,,,,1.0
VariableCost,NDC,ECU,SUPCAMGRACHO,,,1,2010,,,,,,1.0
VariableCost,NDC,ECU,SUPCAMGRACHO,,,1,2011,,,,,,1.0
VariableCost,NDC,ECU,SUPCAMGRACHO,,,1,2012,,,,,,1.0
VariableCost,NDC,ECU,SUPCAMGRACHO,,,1,2013,,,,,,1.0
VariableCost,NDC,ECU,SUPCAMGRACHO,,,1,2014,,,,,,1.0
VariableCost,NDC,ECU,SUPCAMGRACHO,,,1,2015,,,,,,1.0
VariableCost,NDC,ECU,SUPCAMGRACHO,,,1,2016,,,,,,1.0
VariableCost,NDC,ECU,SUPCAMGRACHO,,,1,2017,,,,,,1.0
VariableCost,NDC,ECU,SUPCAMGRACHO,,,1,2018,,,,,,1.0
VariableCost,NDC,ECU,SUPCAMGRACHO,,,1,2019,,,,,,1.0
VariableCost,NDC,ECU,SUPCAMGRACHO,,,1,2020,,,,,,1.0
VariableCost,NDC,ECU,SUPCAMGRACHO,,,1,2021,,,,,,1.0
VariableCost,NDC,ECU,SUPCAMGRACHO,,,1,2022,,,,,,1.0
VariableCost,NDC,ECU,SUPCAMGRACHO,,,1,2023,,,,,,1.0
VariableCost,NDC,ECU,SUPCAMGRACHO,,,1,2024,,,,,,1.0
VariableCost,NDC,ECU,SUPCAMGRACHO,,,1,2025,,,,,,1.0
VariableCost,NDC,ECU,SUPCAMGRACHO,,,1,2026,,,,,,1.0
VariableCost,NDC,ECU,SUPCAMGRACHO,,,1,2027,,,,,,1.0
VariableCost,NDC,ECU,SUPCAMGRACHO,,,1,2028,,,,,,1.0
VariableCost,NDC,ECU,SUPCAMGRACHO,,,1,2029,,,,,,1.0
VariableCost,NDC,ECU,SUPCAMGRACHO,,,1,2030,,,,,,1.0
VariableCost,NDC,ECU,SUPCAMGRACHO,,,1,2031,,,,,,1.0
VariableCost,NDC,ECU,SUPCAMGRACHO,,,1,2032,,,,,,1.0
VariableCost,NDC,ECU,SUPCAMGRACHO,,,1,2033,,,,,,1.0
VariableCost,NDC,ECU,SUPCAMGRACHO,,,1,2034,,,,,,1.0
VariableCost,NDC,ECU,SUPCAMGRACHO,,,1,2035,,,,,,1.0
VariableCost,NDC,ECU,SUPCAMGRAMAN,,,1,2010,,,,,,1.0
VariableCost,NDC,ECU,SUPCAMGRAMAN,,,1,2011,,,,,,1.0
VariableCost,NDC,ECU,SUPCAMGRAMAN,,,1,2012,,,,,,1.0
VariableCost,NDC,ECU,SUPCAMGRAMAN,,,1,2013,,,,,,1.0
VariableCost,NDC,ECU,SUPCAMGRAMAN,,,1,2014,,,,,,1.0
VariableCost,NDC,ECU,SUPCAMGRAMAN,,,1,2015,,,,,,1.0
VariableCost,NDC,ECU,SUPCAMGRAMAN,,,1,2016,,,,,,1.0
VariableCost,NDC,ECU,SUPCAMGRAMAN,,,1,2017,,,,,,1.0
VariableCost,NDC,ECU,SUPCAMGRAMAN,,,1,2018,,,,,,1.0
VariableCost,NDC,ECU,SUPCAMGRAMAN,,,1,2019,,,,,,1.0
VariableCost,NDC,ECU,SUPCAMGRAMAN,,,1,2020,,,,,,1.0
VariableCost,NDC,ECU,SUPCAMGRAMAN,,,1,2021,,,,,,1.0
VariableCost,NDC,ECU,SUPCAMGRAMAN,,,1,2022,,,,,,1.0
VariableCost,NDC,ECU,SUPCAMGRAMAN,,,1,2023,,,,,,1.0
VariableCost,NDC,ECU,SUPCAMGRAMAN,,,1,2024,,,,,,1.0
VariableCost,NDC,ECU,SUPCAMGRAMAN,,,1,2025,,,,,,1.0
VariableCost,NDC,ECU,SUPCAMGRAMAN,,,1,2026,,,,,,1.0
VariableCost,NDC,ECU,SUPCAMGRAMAN,,,1,2027,,,,,,1.0
VariableCost,NDC,ECU,SUPCAMGRAMAN,,,1,2028,,,,,,1.0
VariableCost,NDC,ECU,SUPCAMGRAMAN,,,1,2029,,,,,,1.0
VariableCost,NDC,ECU,SUPCAMGRAMAN,,,1,2030,,,,,,1.0
VariableCost,NDC,ECU,SUPCAMGRAMAN,,,1,2031,,,,,,1.0
VariableCost,NDC,ECU,SUPCAMGRAMAN,,,1,2032,,,,,,1.0
VariableCost,NDC,ECU,SUPCAMGRAMAN,,,1,2033,,,,,,1.0
VariableCost,NDC,ECU,SUPCAMGRAMAN,,,1,2034,,,,,,1.0
VariableCost,NDC,ECU,SUPCAMGRAMAN,,,1,2035,,,,,,1.0
VariableCost,NDC,ECU,SUPCAMGRAMOR,,,1,2010,,,,,,1.0
VariableCost,NDC,ECU,SUPCAMGRAMOR,,,1,2011,,,,,,1.0
VariableCost,NDC,ECU,SUPCAMGRAMOR,,,1,2012,,,,,,1.0
VariableCost,NDC,ECU,SUPCAMGRAMOR,,,1,2013,,,,,,1.0
VariableCost,NDC,ECU,SUPCAMGRAMOR,,,1,2014,,,,,,1.0
VariableCost,NDC,ECU,SUPCAMGRAMOR,,,1,2015,,,,,,1.0
VariableCost,NDC,ECU,SUPCAMGRAMOR,,,1,2016,,,,,,1.0
VariableCost,NDC,ECU,SUPCAMGRAMOR,,,1,2017,,,,,,1.0
VariableCost,NDC,ECU,SUPCAMGRAMOR,,,1,2018,,,,,,1.0
VariableCost,NDC,ECU,SUPCAMGRAMOR,,,1,2019,,,,,,1.0
VariableCost,NDC,ECU,SUPCAMGRAMOR,,,1,2020,,,,,,1.0
VariableCost,NDC,ECU,SUPCAMGRAMOR,,,1,2021,,,,,,1.0
VariableCost,NDC,ECU,SUPCAMGRAMOR,,,1,2022,,,,,,1.0
VariableCost,NDC,ECU,SUPCAMGRAMOR,,,1,2023,,,,,,1.0
VariableCost,NDC,ECU,SUPCAMGRAMOR,,,1,2024,,,,,,1.0
VariableCost,NDC,ECU,SUPCAMGRAMOR,,,1,2025,,,,,,1.0
VariableCost,NDC,ECU,SUPCAMGRAMOR,,,1,2026,,,,,,1.0
VariableCost,NDC,ECU,SUPCAMGRAMOR,,,1,2027,,,,,,1.0
VariableCost,NDC,ECU,SUPCAMGRAMOR,,,1,2028,,,,,,1.0
VariableCost,NDC,ECU,SUPCAMGRAMOR,,,1,2029,,,,,,1.0
VariableCost,NDC,ECU,SUPCAMGRAMOR,,,1,2030,,,,,,1.0
VariableCost,NDC,ECU,SUPCAMGRAMOR,,,1,2031,,,,,,1.0
VariableCost,NDC,ECU,SUPCAMGRAMOR,,,1,2032,,,,,,1.0
VariableCost,NDC,ECU,SUPCAMGRAMOR,,,1,2033,,,,,,1.0
VariableCost,NDC,ECU,SUPCAMGRAMOR,,,1,2034,,,,,,1.0
VariableCost,NDC,ECU,SUPCAMGRAMOR,,,1,2035,,,,,,1.0
VariableCost,NDC,ECU,SUPCAMGRAPFO,,,1,2010,,,,,,1.0
VariableCost,NDC,ECU,SUPCAMGRAPFO,,,1,2011,,,,,,1.0
VariableCost,NDC,ECU,SUPCAMGRAPFO,,,1,2012,,,,,,1.0
VariableCost,NDC,ECU,SUPCAMGRAPFO,,,1,2013,,,,,,1.0
VariableCost,NDC,ECU,SUPCAMGRAPFO,,,1,2014,,,,,,1.0
VariableCost,NDC,ECU,SUPCAMGRAPFO,,,1,2015,,,,,,1.0
VariableCost,NDC,ECU,SUPCAMGRAPFO,,,1,2016,,,,,,1.0
VariableCost,NDC,ECU,SUPCAMGRAPFO,,,1,2017,,,,,,1.0
VariableCost,NDC,ECU,SUPCAMGRAPFO,,,1,2018,,,,,,1.0
VariableCost,NDC,ECU,SUPCAMGRAPFO,,,1,2019,,,,,,1.0
VariableCost,NDC,ECU,SUPCAMGRAPFO,,,1,2020,,,,,,1.0
VariableCost,NDC,ECU,SUPCAMGRAPFO,,,1,2021,,,,,,1.0
VariableCost,NDC,ECU,SUPCAMGRAPFO,,,1,2022,,,,,,1.0
VariableCost,NDC,ECU,SUPCAMGRAPFO,,,1,2023,,,,,,1.0
VariableCost,NDC,ECU,SUPCAMGRAPFO,,,1,2024,,,,,,1.0
VariableCost,NDC,ECU,SUPCAMGRAPFO,,,1,2025,,,,,,1.0
VariableCost,NDC,ECU,SUPCAMGRAPFO,,,1,2026,,,,,,1.0
VariableCost,NDC,ECU,SUPCAMGRAPFO,,,1,2027,,,,,,1.0
VariableCost,NDC,ECU,SUPCAMGRAPFO,,,1,2028,,,,,,1.0
VariableCost,NDC,ECU,SUPCAMGRAPFO,,,1,2029,,,,,,1.0
VariableCost,NDC,ECU,SUPCAMGRAPFO,,,1,2030,,,,,,1.0
VariableCost,NDC,ECU,SUPCAMGRAPFO,,,1,2031,,,,,,1.0
VariableCost,NDC,ECU,SUPCAMGRAPFO,,,1,2032,,,,,,1.0
VariableCost,NDC,ECU,SUPCAMGRAPFO,,,1,2033,,,,,,1.0
VariableCost,NDC,ECU,SUPCAMGRAPFO,,,1,2034,,,,,,1.0
VariableCost,NDC,ECU,SUPCAMGRAPFO,,,1,2035,,,,,,1.0
VariableCost,NDC,ECU,SUPCAMHUMAND,,,1,2010,,,,,,1.0
VariableCost,NDC,ECU,SUPCAMHUMAND,,,1,2011,,,,,,1.0
VariableCost,NDC,ECU,SUPCAMHUMAND,,,1,2012,,,,,,1.0
VariableCost,NDC,ECU,SUPCAMHUMAND,,,1,2013,,,,,,1.0
VariableCost,NDC,ECU,SUPCAMHUMAND,,,1,2014,,,,,,1.0
VariableCost,NDC,ECU,SUPCAMHUMAND,,,1,2015,,,,,,1.0
VariableCost,NDC,ECU,SUPCAMHUMAND,,,1,2016,,,,,,1.0
VariableCost,NDC,ECU,SUPCAMHUMAND,,,1,2017,,,,,,1.0
VariableCost,NDC,ECU,SUPCAMHUMAND,,,1,2018,,,,,,1.0
VariableCost,NDC,ECU,SUPCAMHUMAND,,,1,2019,,,,,,1.0
VariableCost,NDC,ECU,SUPCAMHUMAND,,,1,2020,,,,,,1.0
VariableCost,NDC,ECU,SUPCAMHUMAND,,,1,2021,,,,,,1.0
VariableCost,NDC,ECU,SUPCAMHUMAND,,,1,2022,,,,,,1.0
VariableCost,NDC,ECU,SUPCAMHUMAND,,,1,2023,,,,,,1.0
VariableCost,NDC,ECU,SUPCAMHUMAND,,,1,2024,,,,,,1.0
VariableCost,NDC,ECU,SUPCAMHUMAND,,,1,2025,,,,,,1.0
VariableCost,NDC,ECU,SUPCAMHUMAND,,,1,2026,,,,,,1.0
VariableCost,NDC,ECU,SUPCAMHUMAND,,,1,2027,,,,,,1.0
VariableCost,NDC,ECU,SUPCAMHUMAND,,,1,2028,,,,,,1.0
VariableCost,NDC,ECU,SUPCAMHUMAND,,,1,2029,,,,,,1.0
VariableCost,NDC,ECU,SUPCAMHUMAND,,,1,2030,,,,,,1.0
VariableCost,NDC,ECU,SUPCAMHUMAND,,,1,2031,,,,,,1.0
VariableCost,NDC,ECU,SUPCAMHUMAND,,,1,2032,,,,,,1.0
VariableCost,NDC,ECU,SUPCAMHUMAND,,,1,2033,,,,,,1.0
VariableCost,NDC,ECU,SUPCAMHUMAND,,,1,2034,,,,,,1.0
VariableCost,NDC,ECU,SUPCAMHUMAND,,,1,2035,,,,,,1.0
VariableCost,NDC,ECU,SUPCAMHUMPLU,,,1,2010,,,,,,1.0
VariableCost,NDC,ECU,SUPCAMHUMPLU,,,1,2011,,,,,,1.0
VariableCost,NDC,ECU,SUPCAMHUMPLU,,,1,2012,,,,,,1.0
VariableCost,NDC,ECU,SUPCAMHUMPLU,,,1,2013,,,,,,1.0
VariableCost,NDC,ECU,SUPCAMHUMPLU,,,1,2014,,,,,,1.0
VariableCost,NDC,ECU,SUPCAMHUMPLU,,,1,2015,,,,,,1.0
VariableCost,NDC,ECU,SUPCAMHUMPLU,,,1,2016,,,,,,1.0
VariableCost,NDC,ECU,SUPCAMHUMPLU,,,1,2017,,,,,,1.0
VariableCost,NDC,ECU,SUPCAMHUMPLU,,,1,2018,,,,,,1.0
VariableCost,NDC,ECU,SUPCAMHUMPLU,,,1,2019,,,,,,1.0
VariableCost,NDC,ECU,SUPCAMHUMPLU,,,1,2020,,,,,,1.0
VariableCost,NDC,ECU,SUPCAMHUMPLU,,,1,2021,,,,,,1.0
VariableCost,NDC,ECU,SUPCAMHUMPLU,,,1,2022,,,,,,1.0
VariableCost,NDC,ECU,SUPCAMHUMPLU,,,1,2023,,,,,,1.0
VariableCost,NDC,ECU,SUPCAMHUMPLU,,,1,2024,,,,,,1.0
VariableCost,NDC,ECU,SUPCAMHUMPLU,,,1,2025,,,,,,1.0
VariableCost,NDC,ECU,SUPCAMHUMPLU,,,1,2026,,,,,,1.0
VariableCost,NDC,ECU,SUPCAMHUMPLU,,,1,2027,,,,,,1.0
VariableCost,NDC,ECU,SUPCAMHUMPLU,,,1,2028,,,,,,1.0
VariableCost,NDC,ECU,SUPCAMHUMPLU,,,1,2029,,,,,,1.0
VariableCost,NDC,ECU,SUPCAMHUMPLU,,,1,2030,,,,,,1.0
VariableCost,NDC,ECU,SUPCAMHUMPLU,,,1,2031,,,,,,1.0
VariableCost,NDC,ECU,SUPCAMHUMPLU,,,1,2032,,,,,,1.0
VariableCost,NDC,ECU,SUPCAMHUMPLU,,,1,2033,,,,,,1.0
VariableCost,NDC,ECU,SUPCAMHUMPLU,,,1,2034,,,,,,1.0
VariableCost,NDC,ECU,SUPCAMHUMPLU,,,1,2035,,,,,,1.0
VariableCost,NDC,ECU,SUPCAMHUMMON,,,1,2010,,,,,,1.0
VariableCost,NDC,ECU,SUPCAMHUMMON,,,1,2011,,,,,,1.0
VariableCost,NDC,ECU,SUPCAMHUMMON,,,1,2012,,,,,,1.0
VariableCost,NDC,ECU,SUPCAMHUMMON,,,1,2013,,,,,,1.0
VariableCost,NDC,ECU,SUPCAMHUMMON,,,1,2014,,,,,,1.0
VariableCost,NDC,ECU,SUPCAMHUMMON,,,1,2015,,,,,,1.0
VariableCost,NDC,ECU,SUPCAMHUMMON,,,1,2016,,,,,,1.0
VariableCost,NDC,ECU,SUPCAMHUMMON,,,1,2017,,,,,,1.0
VariableCost,NDC,ECU,SUPCAMHUMMON,,,1,2018,,,,,,1.0
VariableCost,NDC,ECU,SUPCAMHUMMON,,,1,2019,,,,,,1.0
VariableCost,NDC,ECU,SUPCAMHUMMON,,,1,2020,,,,,,1.0
VariableCost,NDC,ECU,SUPCAMHUMMON,,,1,2021,,,,,,1.0
VariableCost,NDC,ECU,SUPCAMHUMMON,,,1,2022,,,,,,1.0
VariableCost,NDC,ECU,SUPCAMHUMMON,,,1,2023,,,,,,1.0
VariableCost,NDC,ECU,SUPCAMHUMMON,,,1,2024,,,,,,1.0
VariableCost,NDC,ECU,SUPCAMHUMMON,,,1,2025,,,,,,1.0
VariableCost,NDC,ECU,SUPCAMHUMMON,,,1,2026,,,,,,1.0
VariableCost,NDC,ECU,SUPCAMHUMMON,,,1,2027,,,,,,1.0
VariableCost,NDC,ECU,SUPCAMHUMMON,,,1,2028,,,,,,1.0
VariableCost,NDC,ECU,SUPCAMHUMMON,,,1,2029,,,,,,1.0
VariableCost,NDC,ECU,SUPCAMHUMMON,,,1,2030,,,,,,1.0
VariableCost,NDC,ECU,SUPCAMHUMMON,,,1,2031,,,,,,1.0
VariableCost,NDC,ECU,SUPCAMHUMMON,,,1,2032,,,,,,1.0
VariableCost,NDC,ECU,SUPCAMHUMMON,,,1,2033,,,,,,1.0
VariableCost,NDC,ECU,SUPCAMHUMMON,,,1,2034,,,,,,1.0
VariableCost,NDC,ECU,SUPCAMHUMMON,,,1,2035,,,,,,1.0
VariableCost,NDC,ECU,SUPCAMHUMPIE,,,1,2010,,,,,,1.0
VariableCost,NDC,ECU,SUPCAMHUMPIE,,,1,2011,,,,,,1.0
VariableCost,NDC,ECU,SUPCAMHUMPIE,,,1,2012,,,,,,1.0
VariableCost,NDC,ECU,SUPCAMHUMPIE,,,1,2013,,,,,,1.0
VariableCost,NDC,ECU,SUPCAMHUMPIE,,,1,2014,,,,,,1.0
VariableCost,NDC,ECU,SUPCAMHUMPIE,,,1,2015,,,,,,1.0
VariableCost,NDC,ECU,SUPCAMHUMPIE,,,1,2016,,,,,,1.0
VariableCost,NDC,ECU,SUPCAMHUMPIE,,,1,2017,,,,,,1.0
VariableCost,NDC,ECU,SUPCAMHUMPIE,,,1,2018,,,,,,1.0
VariableCost,NDC,ECU,SUPCAMHUMPIE,,,1,2019,,,,,,1.0
VariableCost,NDC,ECU,SUPCAMHUMPIE,,,1,2020,,,,,,1.0
VariableCost,NDC,ECU,SUPCAMHUMPIE,,,1,2021,,,,,,1.0
VariableCost,NDC,ECU,SUPCAMHUMPIE,,,1,2022,,,,,,1.0
VariableCost,NDC,ECU,SUPCAMHUMPIE,,,1,2023,,,,,,1.0
VariableCost,NDC,ECU,SUPCAMHUMPIE,,,1,2024,,,,,,1.0
VariableCost,NDC,ECU,SUPCAMHUMPIE,,,1,2025,,,,,,1.0
VariableCost,NDC,ECU,SUPCAMHUMPIE,,,1,2026,,,,,,1.0
VariableCost,NDC,ECU,SUPCAMHUMPIE,,,1,2027,,,,,,1.0
VariableCost,NDC,ECU,SUPCAMHUMPIE,,,1,2028,,,,,,1.0
VariableCost,NDC,ECU,SUPCAMHUMPIE,,,1,2029,,,,,,1.0
VariableCost,NDC,ECU,SUPCAMHUMPIE,,,1,2030,,,,,,1.0
VariableCost,NDC,ECU,SUPCAMHUMPIE,,,1,2031,,,,,,1.0
VariableCost,NDC,ECU,SUPCAMHUMPIE,,,1,2032,,,,,,1.0
VariableCost,NDC,ECU,SUPCAMHUMPIE,,,1,2033,,,,,,1.0
VariableCost,NDC,ECU,SUPCAMHUMPIE,,,1,2034,,,,,,1.0
VariableCost,NDC,ECU,SUPCAMHUMPIE,,,1,2035,,,,,,1.0
VariableCost,NDC,ECU,SUPCAMHUMCEJ,,,1,2010,,,,,,1.0
VariableCost,NDC,ECU,SUPCAMHUMCEJ,,,1,2011,,,,,,1.0
VariableCost,NDC,ECU,SUPCAMHUMCEJ,,,1,2012,,,,,,1.0
VariableCost,NDC,ECU,SUPCAMHUMCEJ,,,1,2013,,,,,,1.0
VariableCost,NDC,ECU,SUPCAMHUMCEJ,,,1,2014,,,,,,1.0
VariableCost,NDC,ECU,SUPCAMHUMCEJ,,,1,2015,,,,,,1.0
VariableCost,NDC,ECU,SUPCAMHUMCEJ,,,1,2016,,,,,,1.0
VariableCost,NDC,ECU,SUPCAMHUMCEJ,,,1,2017,,,,,,1.0
VariableCost,NDC,ECU,SUPCAMHUMCEJ,,,1,2018,,,,,,1.0
VariableCost,NDC,ECU,SUPCAMHUMCEJ,,,1,2019,,,,,,1.0
VariableCost,NDC,ECU,SUPCAMHUMCEJ,,,1,2020,,,,,,1.0
VariableCost,NDC,ECU,SUPCAMHUMCEJ,,,1,2021,,,,,,1.0
VariableCost,NDC,ECU,SUPCAMHUMCEJ,,,1,2022,,,,,,1.0
VariableCost,NDC,ECU,SUPCAMHUMCEJ,,,1,2023,,,,,,1.0
VariableCost,NDC,ECU,SUPCAMHUMCEJ,,,1,2024,,,,,,1.0
VariableCost,NDC,ECU,SUPCAMHUMCEJ,,,1,2025,,,,,,1.0
VariableCost,NDC,ECU,SUPCAMHUMCEJ,,,1,2026,,,,,,1.0
VariableCost,NDC,ECU,SUPCAMHUMCEJ,,,1,2027,,,,,,1.0
VariableCost,NDC,ECU,SUPCAMHUMCEJ,,,1,2028,,,,,,1.0
VariableCost,NDC,ECU,SUPCAMHUMCEJ,,,1,2029,,,,,,1.0
VariableCost,NDC,ECU,SUPCAMHUMCEJ,,,1,2030,,,,,,1.0
VariableCost,NDC,ECU,SUPCAMHUMCEJ,,,1,2031,,,,,,1.0
VariableCost,NDC,ECU,SUPCAMHUMCEJ,,,1,2032,,,,,,1.0
VariableCost,NDC,ECU,SUPCAMHUMCEJ,,,1,2033,,,,,,1.0
VariableCost,NDC,ECU,SUPCAMHUMCEJ,,,1,2034,,,,,,1.0
VariableCost,NDC,ECU,SUPCAMHUMCEJ,,,1,2035,,,,,,1.0
VariableCost,NDC,ECU,SUPCAMHUMAMA,,,1,2010,,,,,,1.0
VariableCost,NDC,ECU,SUPCAMHUMAMA,,,1,2011,,,,,,1.0
VariableCost,NDC,ECU,SUPCAMHUMAMA,,,1,2012,,,,,,1.0
VariableCost,NDC,ECU,SUPCAMHUMAMA,,,1,2013,,,,,,1.0
VariableCost,NDC,ECU,SUPCAMHUMAMA,,,1,2014,,,,,,1.0
VariableCost,NDC,ECU,SUPCAMHUMAMA,,,1,2015,,,,,,1.0
VariableCost,NDC,ECU,SUPCAMHUMAMA,,,1,2016,,,,,,1.0
VariableCost,NDC,ECU,SUPCAMHUMAMA,,,1,2017,,,,,,1.0
VariableCost,NDC,ECU,SUPCAMHUMAMA,,,1,2018,,,,,,1.0
VariableCost,NDC,ECU,SUPCAMHUMAMA,,,1,2019,,,,,,1.0
VariableCost,NDC,ECU,SUPCAMHUMAMA,,,1,2020,,,,,,1.0
VariableCost,NDC,ECU,SUPCAMHUMAMA,,,1,2021,,,,,,1.0
VariableCost,NDC,ECU,SUPCAMHUMAMA,,,1,2022,,,,,,1.0
VariableCost,NDC,ECU,SUPCAMHUMAMA,,,1,2023,,,,,,1.0
VariableCost,NDC,ECU,SUPCAMHUMAMA,,,1,2024,,,,,,1.0
VariableCost,NDC,ECU,SUPCAMHUMAMA,,,1,2025,,,,,,1.0
VariableCost,NDC,ECU,SUPCAMHUMAMA,,,1,2026,,,,,,1.0
VariableCost,NDC,ECU,SUPCAMHUMAMA,,,1,2027,,,,,,1.0
VariableCost,NDC,ECU,SUPCAMHUMAMA,,,1,2028,,,,,,1.0
VariableCost,NDC,ECU,SUPCAMHUMAMA,,,1,2029,,,,,,1.0
VariableCost,NDC,ECU,SUPCAMHUMAMA,,,1,2030,,,,,,1.0
VariableCost,NDC,ECU,SUPCAMHUMAMA,,,1,2031,,,,,,1.0
VariableCost,NDC,ECU,SUPCAMHUMAMA,,,1,2032,,,,,,1.0
VariableCost,NDC,ECU,SUPCAMHUMAMA,,,1,2033,,,,,,1.0
VariableCost,NDC,ECU,SUPCAMHUMAMA,,,1,2034,,,,,,1.0
VariableCost,NDC,ECU,SUPCAMHUMAMA,,,1,2035,,,,,,1.0
VariableCost,NDC,ECU,SUPCAMHUMCHO,,,1,2010,,,,,,1.0
VariableCost,NDC,ECU,SUPCAMHUMCHO,,,1,2011,,,,,,1.0
VariableCost,NDC,ECU,SUPCAMHUMCHO,,,1,2012,,,,,,1.0
VariableCost,NDC,ECU,SUPCAMHUMCHO,,,1,2013,,,,,,1.0
VariableCost,NDC,ECU,SUPCAMHUMCHO,,,1,2014,,,,,,1.0
VariableCost,NDC,ECU,SUPCAMHUMCHO,,,1,2015,,,,,,1.0
VariableCost,NDC,ECU,SUPCAMHUMCHO,,,1,2016,,,,,,1.0
VariableCost,NDC,ECU,SUPCAMHUMCHO,,,1,2017,,,,,,1.0
VariableCost,NDC,ECU,SUPCAMHUMCHO,,,1,2018,,,,,,1.0
VariableCost,NDC,ECU,SUPCAMHUMCHO,,,1,2019,,,,,,1.0
VariableCost,NDC,ECU,SUPCAMHUMCHO,,,1,2020,,,,,,1.0
VariableCost,NDC,ECU,SUPCAMHUMCHO,,,1,2021,,,,,,1.0
VariableCost,NDC,ECU,SUPCAMHUMCHO,,,1,2022,,,,,,1.0
VariableCost,NDC,ECU,SUPCAMHUMCHO,,,1,2023,,,,,,1.0
VariableCost,NDC,ECU,SUPCAMHUMCHO,,,1,2024,,,,,,1.0
VariableCost,NDC,ECU,SUPCAMHUMCHO,,,1,2025,,,,,,1.0
VariableCost,NDC,ECU,SUPCAMHUMCHO,,,1,2026,,,,,,1.0
VariableCost,NDC,ECU,SUPCAMHUMCHO,,,1,2027,,,,,,1.0
VariableCost,NDC,ECU,SUPCAMHUMCHO,,,1,2028,,,,,,1.0
VariableCost,NDC,ECU,SUPCAMHUMCHO,,,1,2029,,,,,,1.0
VariableCost,NDC,ECU,SUPCAMHUMCHO,,,1,2030,,,,,,1.0
VariableCost,NDC,ECU,SUPCAMHUMCHO,,,1,2031,,,,,,1.0
VariableCost,NDC,ECU,SUPCAMHUMCHO,,,1,2032,,,,,,1.0
VariableCost,NDC,ECU,SUPCAMHUMCHO,,,1,2033,,,,,,1.0
VariableCost,NDC,ECU,SUPCAMHUMCHO,,,1,2034,,,,,,1.0
VariableCost,NDC,ECU,SUPCAMHUMCHO,,,1,2035,,,,,,1.0
VariableCost,NDC,ECU,SUPCAMHUMMAN,,,1,2010,,,,,,1.0
VariableCost,NDC,ECU,SUPCAMHUMMAN,,,1,2011,,,,,,1.0
VariableCost,NDC,ECU,SUPCAMHUMMAN,,,1,2012,,,,,,1.0
VariableCost,NDC,ECU,SUPCAMHUMMAN,,,1,2013,,,,,,1.0
VariableCost,NDC,ECU,SUPCAMHUMMAN,,,1,2014,,,,,,1.0
VariableCost,NDC,ECU,SUPCAMHUMMAN,,,1,2015,,,,,,1.0
VariableCost,NDC,ECU,SUPCAMHUMMAN,,,1,2016,,,,,,1.0
VariableCost,NDC,ECU,SUPCAMHUMMAN,,,1,2017,,,,,,1.0
VariableCost,NDC,ECU,SUPCAMHUMMAN,,,1,2018,,,,,,1.0
VariableCost,NDC,ECU,SUPCAMHUMMAN,,,1,2019,,,,,,1.0
VariableCost,NDC,ECU,SUPCAMHUMMAN,,,1,2020,,,,,,1.0
VariableCost,NDC,ECU,SUPCAMHUMMAN,,,1,2021,,,,,,1.0
VariableCost,NDC,ECU,SUPCAMHUMMAN,,,1,2022,,,,,,1.0
VariableCost,NDC,ECU,SUPCAMHUMMAN,,,1,2023,,,,,,1.0
VariableCost,NDC,ECU,SUPCAMHUMMAN,,,1,2024,,,,,,1.0
VariableCost,NDC,ECU,SUPCAMHUMMAN,,,1,2025,,,,,,1.0
VariableCost,NDC,ECU,SUPCAMHUMMAN,,,1,2026,,,,,,1.0
VariableCost,NDC,ECU,SUPCAMHUMMAN,,,1,2027,,,,,,1.0
VariableCost,NDC,ECU,SUPCAMHUMMAN,,,1,2028,,,,,,1.0
VariableCost,NDC,ECU,SUPCAMHUMMAN,,,1,2029,,,,,,1.0
VariableCost,NDC,ECU,SUPCAMHUMMAN,,,1,2030,,,,,,1.0
VariableCost,NDC,ECU,SUPCAMHUMMAN,,,1,2031,,,,,,1.0
VariableCost,NDC,ECU,SUPCAMHUMMAN,,,1,2032,,,,,,1.0
VariableCost,NDC,ECU,SUPCAMHUMMAN,,,1,2033,,,,,,1.0
VariableCost,NDC,ECU,SUPCAMHUMMAN,,,1,2034,,,,,,1.0
VariableCost,NDC,ECU,SUPCAMHUMMAN,,,1,2035,,,,,,1.0
VariableCost,NDC,ECU,SUPCAMHUMMOR,,,1,2010,,,,,,1.0
VariableCost,NDC,ECU,SUPCAMHUMMOR,,,1,2011,,,,,,1.0
VariableCost,NDC,ECU,SUPCAMHUMMOR,,,1,2012,,,,,,1.0
VariableCost,NDC,ECU,SUPCAMHUMMOR,,,1,2013,,,,,,1.0
VariableCost,NDC,ECU,SUPCAMHUMMOR,,,1,2014,,,,,,1.0
VariableCost,NDC,ECU,SUPCAMHUMMOR,,,1,2015,,,,,,1.0
VariableCost,NDC,ECU,SUPCAMHUMMOR,,,1,2016,,,,,,1.0
VariableCost,NDC,ECU,SUPCAMHUMMOR,,,1,2017,,,,,,1.0
VariableCost,NDC,ECU,SUPCAMHUMMOR,,,1,2018,,,,,,1.0
VariableCost,NDC,ECU,SUPCAMHUMMOR,,,1,2019,,,,,,1.0
VariableCost,NDC,ECU,SUPCAMHUMMOR,,,1,2020,,,,,,1.0
VariableCost,NDC,ECU,SUPCAMHUMMOR,,,1,2021,,,,,,1.0
VariableCost,NDC,ECU,SUPCAMHUMMOR,,,1,2022,,,,,,1.0
VariableCost,NDC,ECU,SUPCAMHUMMOR,,,1,2023,,,,,,1.0
VariableCost,NDC,ECU,SUPCAMHUMMOR,,,1,2024,,,,,,1.0
VariableCost,NDC,ECU,SUPCAMHUMMOR,,,1,2025,,,,,,1.0
VariableCost,NDC,ECU,SUPCAMHUMMOR,,,1,2026,,,,,,1.0
VariableCost,NDC,ECU,SUPCAMHUMMOR,,,1,2027,,,,,,1.0
VariableCost,NDC,ECU,SUPCAMHUMMOR,,,1,2028,,,,,,1.0
VariableCost,NDC,ECU,SUPCAMHUMMOR,,,1,2029,,,,,,1.0
VariableCost,NDC,ECU,SUPCAMHUMMOR,,,1,2030,,,,,,1.0
VariableCost,NDC,ECU,SUPCAMHUMMOR,,,1,2031,,,,,,1.0
VariableCost,NDC,ECU,SUPCAMHUMMOR,,,1,2032,,,,,,1.0
VariableCost,NDC,ECU,SUPCAMHUMMOR,,,1,2033,,,,,,1.0
VariableCost,NDC,ECU,SUPCAMHUMMOR,,,1,2034,,,,,,1.0
VariableCost,NDC,ECU,SUPCAMHUMMOR,,,1,2035,,,,,,1.0
VariableCost,NDC,ECU,SUPCAMHUMPFO,,,1,2010,,,,,,1.0
VariableCost,NDC,ECU,SUPCAMHUMPFO,,,1,2011,,,,,,1.0
VariableCost,NDC,ECU,SUPCAMHUMPFO,,,1,2012,,,,,,1.0
VariableCost,NDC,ECU,SUPCAMHUMPFO,,,1,2013,,,,,,1.0
VariableCost,NDC,ECU,SUPCAMHUMPFO,,,1,2014,,,,,,1.0
VariableCost,NDC,ECU,SUPCAMHUMPFO,,,1,2015,,,,,,1.0
VariableCost,NDC,ECU,SUPCAMHUMPFO,,,1,2016,,,,,,1.0
VariableCost,NDC,ECU,SUPCAMHUMPFO,,,1,2017,,,,,,1.0
VariableCost,NDC,ECU,SUPCAMHUMPFO,,,1,2018,,,,,,1.0
VariableCost,NDC,ECU,SUPCAMHUMPFO,,,1,2019,,,,,,1.0
VariableCost,NDC,ECU,SUPCAMHUMPFO,,,1,2020,,,,,,1.0
VariableCost,NDC,ECU,SUPCAMHUMPFO,,,1,2021,,,,,,1.0
VariableCost,NDC,ECU,SUPCAMHUMPFO,,,1,2022,,,,,,1.0
VariableCost,NDC,ECU,SUPCAMHUMPFO,,,1,2023,,,,,,1.0
VariableCost,NDC,ECU,SUPCAMHUMPFO,,,1,2024,,,,,,1.0
VariableCost,NDC,ECU,SUPCAMHUMPFO,,,1,2025,,,,,,1.0
VariableCost,NDC,ECU,SUPCAMHUMPFO,,,1,2026,,,,,,1.0
VariableCost,NDC,ECU,SUPCAMHUMPFO,,,1,2027,,,,,,1.0
VariableCost,NDC,ECU,SUPCAMHUMPFO,,,1,2028,,,,,,1.0
VariableCost,NDC,ECU,SUPCAMHUMPFO,,,1,2029,,,,,,1.0
VariableCost,NDC,ECU,SUPCAMHUMPFO,,,1,2030,,,,,,1.0
VariableCost,NDC,ECU,SUPCAMHUMPFO,,,1,2031,,,,,,1.0
VariableCost,NDC,ECU,SUPCAMHUMPFO,,,1,2032,,,,,,1.0
VariableCost,NDC,ECU,SUPCAMHUMPFO,,,1,2033,,,,,,1.0
VariableCost,NDC,ECU,SUPCAMHUMPFO,,,1,2034,,,,,,1.0
VariableCost,NDC,ECU,SUPCAMHUMPFO,,,1,2035,,,,,,1.0
VariableCost,NDC,ECU,SUPCAMOTIAND,,,1,2010,,,,,,1.0
VariableCost,NDC,ECU,SUPCAMOTIAND,,,1,2011,,,,,,1.0
VariableCost,NDC,ECU,SUPCAMOTIAND,,,1,2012,,,,,,1.0
VariableCost,NDC,ECU,SUPCAMOTIAND,,,1,2013,,,,,,1.0
VariableCost,NDC,ECU,SUPCAMOTIAND,,,1,2014,,,,,,1.0
VariableCost,NDC,ECU,SUPCAMOTIAND,,,1,2015,,,,,,1.0
VariableCost,NDC,ECU,SUPCAMOTIAND,,,1,2016,,,,,,1.0
VariableCost,NDC,ECU,SUPCAMOTIAND,,,1,2017,,,,,,1.0
VariableCost,NDC,ECU,SUPCAMOTIAND,,,1,2018,,,,,,1.0
VariableCost,NDC,ECU,SUPCAMOTIAND,,,1,2019,,,,,,1.0
VariableCost,NDC,ECU,SUPCAMOTIAND,,,1,2020,,,,,,1.0
VariableCost,NDC,ECU,SUPCAMOTIAND,,,1,2021,,,,,,1.0
VariableCost,NDC,ECU,SUPCAMOTIAND,,,1,2022,,,,,,1.0
VariableCost,NDC,ECU,SUPCAMOTIAND,,,1,2023,,,,,,1.0
VariableCost,NDC,ECU,SUPCAMOTIAND,,,1,2024,,,,,,1.0
VariableCost,NDC,ECU,SUPCAMOTIAND,,,1,2025,,,,,,1.0
VariableCost,NDC,ECU,SUPCAMOTIAND,,,1,2026,,,,,,1.0
VariableCost,NDC,ECU,SUPCAMOTIAND,,,1,2027,,,,,,1.0
VariableCost,NDC,ECU,SUPCAMOTIAND,,,1,2028,,,,,,1.0
VariableCost,NDC,ECU,SUPCAMOTIAND,,,1,2029,,,,,,1.0
VariableCost,NDC,ECU,SUPCAMOTIAND,,,1,2030,,,,,,1.0
VariableCost,NDC,ECU,SUPCAMOTIAND,,,1,2031,,,,,,1.0
VariableCost,NDC,ECU,SUPCAMOTIAND,,,1,2032,,,,,,1.0
VariableCost,NDC,ECU,SUPCAMOTIAND,,,1,2033,,,,,,1.0
VariableCost,NDC,ECU,SUPCAMOTIAND,,,1,2034,,,,,,1.0
VariableCost,NDC,ECU,SUPCAMOTIAND,,,1,2035,,,,,,1.0
VariableCost,NDC,ECU,SUPCAMOTIPLU,,,1,2010,,,,,,1.0
VariableCost,NDC,ECU,SUPCAMOTIPLU,,,1,2011,,,,,,1.0
VariableCost,NDC,ECU,SUPCAMOTIPLU,,,1,2012,,,,,,1.0
VariableCost,NDC,ECU,SUPCAMOTIPLU,,,1,2013,,,,,,1.0
VariableCost,NDC,ECU,SUPCAMOTIPLU,,,1,2014,,,,,,1.0
VariableCost,NDC,ECU,SUPCAMOTIPLU,,,1,2015,,,,,,1.0
VariableCost,NDC,ECU,SUPCAMOTIPLU,,,1,2016,,,,,,1.0
VariableCost,NDC,ECU,SUPCAMOTIPLU,,,1,2017,,,,,,1.0
VariableCost,NDC,ECU,SUPCAMOTIPLU,,,1,2018,,,,,,1.0
VariableCost,NDC,ECU,SUPCAMOTIPLU,,,1,2019,,,,,,1.0
VariableCost,NDC,ECU,SUPCAMOTIPLU,,,1,2020,,,,,,1.0
VariableCost,NDC,ECU,SUPCAMOTIPLU,,,1,2021,,,,,,1.0
VariableCost,NDC,ECU,SUPCAMOTIPLU,,,1,2022,,,,,,1.0
VariableCost,NDC,ECU,SUPCAMOTIPLU,,,1,2023,,,,,,1.0
VariableCost,NDC,ECU,SUPCAMOTIPLU,,,1,2024,,,,,,1.0
VariableCost,NDC,ECU,SUPCAMOTIPLU,,,1,2025,,,,,,1.0
VariableCost,NDC,ECU,SUPCAMOTIPLU,,,1,2026,,,,,,1.0
VariableCost,NDC,ECU,SUPCAMOTIPLU,,,1,2027,,,,,,1.0
VariableCost,NDC,ECU,SUPCAMOTIPLU,,,1,2028,,,,,,1.0
VariableCost,NDC,ECU,SUPCAMOTIPLU,,,1,2029,,,,,,1.0
VariableCost,NDC,ECU,SUPCAMOTIPLU,,,1,2030,,,,,,1.0
VariableCost,NDC,ECU,SUPCAMOTIPLU,,,1,2031,,,,,,1.0
VariableCost,NDC,ECU,SUPCAMOTIPLU,,,1,2032,,,,,,1.0
VariableCost,NDC,ECU,SUPCAMOTIPLU,,,1,2033,,,,,,1.0
VariableCost,NDC,ECU,SUPCAMOTIPLU,,,1,2034,,,,,,1.0
VariableCost,NDC,ECU,SUPCAMOTIPLU,,,1,2035,,,,,,1.0
VariableCost,NDC,ECU,SUPCAMOTIMON,,,1,2010,,,,,,1.0
VariableCost,NDC,ECU,SUPCAMOTIMON,,,1,2011,,,,,,1.0
VariableCost,NDC,ECU,SUPCAMOTIMON,,,1,2012,,,,,,1.0
VariableCost,NDC,ECU,SUPCAMOTIMON,,,1,2013,,,,,,1.0
VariableCost,NDC,ECU,SUPCAMOTIMON,,,1,2014,,,,,,1.0
VariableCost,NDC,ECU,SUPCAMOTIMON,,,1,2015,,,,,,1.0
VariableCost,NDC,ECU,SUPCAMOTIMON,,,1,2016,,,,,,1.0
VariableCost,NDC,ECU,SUPCAMOTIMON,,,1,2017,,,,,,1.0
VariableCost,NDC,ECU,SUPCAMOTIMON,,,1,2018,,,,,,1.0
VariableCost,NDC,ECU,SUPCAMOTIMON,,,1,2019,,,,,,1.0
VariableCost,NDC,ECU,SUPCAMOTIMON,,,1,2020,,,,,,1.0
VariableCost,NDC,ECU,SUPCAMOTIMON,,,1,2021,,,,,,1.0
VariableCost,NDC,ECU,SUPCAMOTIMON,,,1,2022,,,,,,1.0
VariableCost,NDC,ECU,SUPCAMOTIMON,,,1,2023,,,,,,1.0
VariableCost,NDC,ECU,SUPCAMOTIMON,,,1,2024,,,,,,1.0
VariableCost,NDC,ECU,SUPCAMOTIMON,,,1,2025,,,,,,1.0
VariableCost,NDC,ECU,SUPCAMOTIMON,,,1,2026,,,,,,1.0
VariableCost,NDC,ECU,SUPCAMOTIMON,,,1,2027,,,,,,1.0
VariableCost,NDC,ECU,SUPCAMOTIMON,,,1,2028,,,,,,1.0
VariableCost,NDC,ECU,SUPCAMOTIMON,,,1,2029,,,,,,1.0
VariableCost,NDC,ECU,SUPCAMOTIMON,,,1,2030,,,,,,1.0
VariableCost,NDC,ECU,SUPCAMOTIMON,,,1,2031,,,,,,1.0
VariableCost,NDC,ECU,SUPCAMOTIMON,,,1,2032,,,,,,1.0
VariableCost,NDC,ECU,SUPCAMOTIMON,,,1,2033,,,,,,1.0
VariableCost,NDC,ECU,SUPCAMOTIMON,,,1,2034,,,,,,1.0
VariableCost,NDC,ECU,SUPCAMOTIMON,,,1,2035,,,,,,1.0
VariableCost,NDC,ECU,SUPCAMOTIPIE,,,1,2010,,,,,,1.0
VariableCost,NDC,ECU,SUPCAMOTIPIE,,,1,2011,,,,,,1.0
VariableCost,NDC,ECU,SUPCAMOTIPIE,,,1,2012,,,,,,1.0
VariableCost,NDC,ECU,SUPCAMOTIPIE,,,1,2013,,,,,,1.0
VariableCost,NDC,ECU,SUPCAMOTIPIE,,,1,2014,,,,,,1.0
VariableCost,NDC,ECU,SUPCAMOTIPIE,,,1,2015,,,,,,1.0
VariableCost,NDC,ECU,SUPCAMOTIPIE,,,1,2016,,,,,,1.0
VariableCost,NDC,ECU,SUPCAMOTIPIE,,,1,2017,,,,,,1.0
VariableCost,NDC,ECU,SUPCAMOTIPIE,,,1,2018,,,,,,1.0
VariableCost,NDC,ECU,SUPCAMOTIPIE,,,1,2019,,,,,,1.0
VariableCost,NDC,ECU,SUPCAMOTIPIE,,,1,2020,,,,,,1.0
VariableCost,NDC,ECU,SUPCAMOTIPIE,,,1,2021,,,,,,1.0
VariableCost,NDC,ECU,SUPCAMOTIPIE,,,1,2022,,,,,,1.0
VariableCost,NDC,ECU,SUPCAMOTIPIE,,,1,2023,,,,,,1.0
VariableCost,NDC,ECU,SUPCAMOTIPIE,,,1,2024,,,,,,1.0
VariableCost,NDC,ECU,SUPCAMOTIPIE,,,1,2025,,,,,,1.0
VariableCost,NDC,ECU,SUPCAMOTIPIE,,,1,2026,,,,,,1.0
VariableCost,NDC,ECU,SUPCAMOTIPIE,,,1,2027,,,,,,1.0
VariableCost,NDC,ECU,SUPCAMOTIPIE,,,1,2028,,,,,,1.0
VariableCost,NDC,ECU,SUPCAMOTIPIE,,,1,2029,,,,,,1.0
VariableCost,NDC,ECU,SUPCAMOTIPIE,,,1,2030,,,,,,1.0
VariableCost,NDC,ECU,SUPCAMOTIPIE,,,1,2031,,,,,,1.0
VariableCost,NDC,ECU,SUPCAMOTIPIE,,,1,2032,,,,,,1.0
VariableCost,NDC,ECU,SUPCAMOTIPIE,,,1,2033,,,,,,1.0
VariableCost,NDC,ECU,SUPCAMOTIPIE,,,1,2034,,,,,,1.0
VariableCost,NDC,ECU,SUPCAMOTIPIE,,,1,2035,,,,,,1.0
VariableCost,NDC,ECU,SUPCAMOTICEJ,,,1,2010,,,,,,1.0
VariableCost,NDC,ECU,SUPCAMOTICEJ,,,1,2011,,,,,,1.0
VariableCost,NDC,ECU,SUPCAMOTICEJ,,,1,2012,,,,,,1.0
VariableCost,NDC,ECU,SUPCAMOTICEJ,,,1,2013,,,,,,1.0
VariableCost,NDC,ECU,SUPCAMOTICEJ,,,1,2014,,,,,,1.0
VariableCost,NDC,ECU,SUPCAMOTICEJ,,,1,2015,,,,,,1.0
VariableCost,NDC,ECU,SUPCAMOTICEJ,,,1,2016,,,,,,1.0
VariableCost,NDC,ECU,SUPCAMOTICEJ,,,1,2017,,,,,,1.0
VariableCost,NDC,ECU,SUPCAMOTICEJ,,,1,2018,,,,,,1.0
VariableCost,NDC,ECU,SUPCAMOTICEJ,,,1,2019,,,,,,1.0
VariableCost,NDC,ECU,SUPCAMOTICEJ,,,1,2020,,,,,,1.0
VariableCost,NDC,ECU,SUPCAMOTICEJ,,,1,2021,,,,,,1.0
VariableCost,NDC,ECU,SUPCAMOTICEJ,,,1,2022,,,,,,1.0
VariableCost,NDC,ECU,SUPCAMOTICEJ,,,1,2023,,,,,,1.0
VariableCost,NDC,ECU,SUPCAMOTICEJ,,,1,2024,,,,,,1.0
VariableCost,NDC,ECU,SUPCAMOTICEJ,,,1,2025,,,,,,1.0
VariableCost,NDC,ECU,SUPCAMOTICEJ,,,1,2026,,,,,,1.0
VariableCost,NDC,ECU,SUPCAMOTICEJ,,,1,2027,,,,,,1.0
VariableCost,NDC,ECU,SUPCAMOTICEJ,,,1,2028,,,,,,1.0
VariableCost,NDC,ECU,SUPCAMOTICEJ,,,1,2029,,,,,,1.0
VariableCost,NDC,ECU,SUPCAMOTICEJ,,,1,2030,,,,,,1.0
VariableCost,NDC,ECU,SUPCAMOTICEJ,,,1,2031,,,,,,1.0
VariableCost,NDC,ECU,SUPCAMOTICEJ,,,1,2032,,,,,,1.0
VariableCost,NDC,ECU,SUPCAMOTICEJ,,,1,2033,,,,,,1.0
VariableCost,NDC,ECU,SUPCAMOTICEJ,,,1,2034,,,,,,1.0
VariableCost,NDC,ECU,SUPCAMOTICEJ,,,1,2035,,,,,,1.0
VariableCost,NDC,ECU,SUPCAMOTIAMA,,,1,2010,,,,,,1.0
VariableCost,NDC,ECU,SUPCAMOTIAMA,,,1,2011,,,,,,1.0
VariableCost,NDC,ECU,SUPCAMOTIAMA,,,1,2012,,,,,,1.0
VariableCost,NDC,ECU,SUPCAMOTIAMA,,,1,2013,,,,,,1.0
VariableCost,NDC,ECU,SUPCAMOTIAMA,,,1,2014,,,,,,1.0
VariableCost,NDC,ECU,SUPCAMOTIAMA,,,1,2015,,,,,,1.0
VariableCost,NDC,ECU,SUPCAMOTIAMA,,,1,2016,,,,,,1.0
VariableCost,NDC,ECU,SUPCAMOTIAMA,,,1,2017,,,,,,1.0
VariableCost,NDC,ECU,SUPCAMOTIAMA,,,1,2018,,,,,,1.0
VariableCost,NDC,ECU,SUPCAMOTIAMA,,,1,2019,,,,,,1.0
VariableCost,NDC,ECU,SUPCAMOTIAMA,,,1,2020,,,,,,1.0
VariableCost,NDC,ECU,SUPCAMOTIAMA,,,1,2021,,,,,,1.0
VariableCost,NDC,ECU,SUPCAMOTIAMA,,,1,2022,,,,,,1.0
VariableCost,NDC,ECU,SUPCAMOTIAMA,,,1,2023,,,,,,1.0
VariableCost,NDC,ECU,SUPCAMOTIAMA,,,1,2024,,,,,,1.0
VariableCost,NDC,ECU,SUPCAMOTIAMA,,,1,2025,,,,,,1.0
VariableCost,NDC,ECU,SUPCAMOTIAMA,,,1,2026,,,,,,1.0
VariableCost,NDC,ECU,SUPCAMOTIAMA,,,1,2027,,,,,,1.0
VariableCost,NDC,ECU,SUPCAMOTIAMA,,,1,2028,,,,,,1.0
VariableCost,NDC,ECU,SUPCAMOTIAMA,,,1,2029,,,,,,1.0
VariableCost,NDC,ECU,SUPCAMOTIAMA,,,1,2030,,,,,,1.0
VariableCost,NDC,ECU,SUPCAMOTIAMA,,,1,2031,,,,,,1.0
VariableCost,NDC,ECU,SUPCAMOTIAMA,,,1,2032,,,,,,1.0
VariableCost,NDC,ECU,SUPCAMOTIAMA,,,1,2033,,,,,,1.0
VariableCost,NDC,ECU,SUPCAMOTIAMA,,,1,2034,,,,,,1.0
VariableCost,NDC,ECU,SUPCAMOTIAMA,,,1,2035,,,,,,1.0
VariableCost,NDC,ECU,SUPCAMOTICHO,,,1,2010,,,,,,1.0
VariableCost,NDC,ECU,SUPCAMOTICHO,,,1,2011,,,,,,1.0
VariableCost,NDC,ECU,SUPCAMOTICHO,,,1,2012,,,,,,1.0
VariableCost,NDC,ECU,SUPCAMOTICHO,,,1,2013,,,,,,1.0
VariableCost,NDC,ECU,SUPCAMOTICHO,,,1,2014,,,,,,1.0
VariableCost,NDC,ECU,SUPCAMOTICHO,,,1,2015,,,,,,1.0
VariableCost,NDC,ECU,SUPCAMOTICHO,,,1,2016,,,,,,1.0
VariableCost,NDC,ECU,SUPCAMOTICHO,,,1,2017,,,,,,1.0
VariableCost,NDC,ECU,SUPCAMOTICHO,,,1,2018,,,,,,1.0
VariableCost,NDC,ECU,SUPCAMOTICHO,,,1,2019,,,,,,1.0
VariableCost,NDC,ECU,SUPCAMOTICHO,,,1,2020,,,,,,1.0
VariableCost,NDC,ECU,SUPCAMOTICHO,,,1,2021,,,,,,1.0
VariableCost,NDC,ECU,SUPCAMOTICHO,,,1,2022,,,,,,1.0
VariableCost,NDC,ECU,SUPCAMOTICHO,,,1,2023,,,,,,1.0
VariableCost,NDC,ECU,SUPCAMOTICHO,,,1,2024,,,,,,1.0
VariableCost,NDC,ECU,SUPCAMOTICHO,,,1,2025,,,,,,1.0
VariableCost,NDC,ECU,SUPCAMOTICHO,,,1,2026,,,,,,1.0
VariableCost,NDC,ECU,SUPCAMOTICHO,,,1,2027,,,,,,1.0
VariableCost,NDC,ECU,SUPCAMOTICHO,,,1,2028,,,,,,1.0
VariableCost,NDC,ECU,SUPCAMOTICHO,,,1,2029,,,,,,1.0
VariableCost,NDC,ECU,SUPCAMOTICHO,,,1,2030,,,,,,1.0
VariableCost,NDC,ECU,SUPCAMOTICHO,,,1,2031,,,,,,1.0
VariableCost,NDC,ECU,SUPCAMOTICHO,,,1,2032,,,,,,1.0
VariableCost,NDC,ECU,SUPCAMOTICHO,,,1,2033,,,,,,1.0
VariableCost,NDC,ECU,SUPCAMOTICHO,,,1,2034,,,,,,1.0
VariableCost,NDC,ECU,SUPCAMOTICHO,,,1,2035,,,,,,1.0
VariableCost,NDC,ECU,SUPCAMOTIMAN,,,1,2010,,,,,,1.0
VariableCost,NDC,ECU,SUPCAMOTIMAN,,,1,2011,,,,,,1.0
VariableCost,NDC,ECU,SUPCAMOTIMAN,,,1,2012,,,,,,1.0
VariableCost,NDC,ECU,SUPCAMOTIMAN,,,1,2013,,,,,,1.0
VariableCost,NDC,ECU,SUPCAMOTIMAN,,,1,2014,,,,,,1.0
VariableCost,NDC,ECU,SUPCAMOTIMAN,,,1,2015,,,,,,1.0
VariableCost,NDC,ECU,SUPCAMOTIMAN,,,1,2016,,,,,,1.0
VariableCost,NDC,ECU,SUPCAMOTIMAN,,,1,2017,,,,,,1.0
VariableCost,NDC,ECU,SUPCAMOTIMAN,,,1,2018,,,,,,1.0
VariableCost,NDC,ECU,SUPCAMOTIMAN,,,1,2019,,,,,,1.0
VariableCost,NDC,ECU,SUPCAMOTIMAN,,,1,2020,,,,,,1.0
VariableCost,NDC,ECU,SUPCAMOTIMAN,,,1,2021,,,,,,1.0
VariableCost,NDC,ECU,SUPCAMOTIMAN,,,1,2022,,,,,,1.0
VariableCost,NDC,ECU,SUPCAMOTIMAN,,,1,2023,,,,,,1.0
VariableCost,NDC,ECU,SUPCAMOTIMAN,,,1,2024,,,,,,1.0
VariableCost,NDC,ECU,SUPCAMOTIMAN,,,1,2025,,,,,,1.0
VariableCost,NDC,ECU,SUPCAMOTIMAN,,,1,2026,,,,,,1.0
VariableCost,NDC,ECU,SUPCAMOTIMAN,,,1,2027,,,,,,1.0
VariableCost,NDC,ECU,SUPCAMOTIMAN,,,1,2028,,,,,,1.0
VariableCost,NDC,ECU,SUPCAMOTIMAN,,,1,2029,,,,,,1.0
VariableCost,NDC,ECU,SUPCAMOTIMAN,,,1,2030,,,,,,1.0
VariableCost,NDC,ECU,SUPCAMOTIMAN,,,1,2031,,,,,,1.0
VariableCost,NDC,ECU,SUPCAMOTIMAN,,,1,2032,,,,,,1.0
VariableCost,NDC,ECU,SUPCAMOTIMAN,,,1,2033,,,,,,1.0
VariableCost,NDC,ECU,SUPCAMOTIMAN,,,1,2034,,,,,,1.0
VariableCost,NDC,ECU,SUPCAMOTIMAN,,,1,2035,,,,,,1.0
VariableCost,NDC,ECU,SUPCAMOTIMOR,,,1,2010,,,,,,1.0
VariableCost,NDC,ECU,SUPCAMOTIMOR,,,1,2011,,,,,,1.0
VariableCost,NDC,ECU,SUPCAMOTIMOR,,,1,2012,,,,,,1.0
VariableCost,NDC,ECU,SUPCAMOTIMOR,,,1,2013,,,,,,1.0
VariableCost,NDC,ECU,SUPCAMOTIMOR,,,1,2014,,,,,,1.0
VariableCost,NDC,ECU,SUPCAMOTIMOR,,,1,2015,,,,,,1.0
VariableCost,NDC,ECU,SUPCAMOTIMOR,,,1,2016,,,,,,1.0
VariableCost,NDC,ECU,SUPCAMOTIMOR,,,1,2017,,,,,,1.0
VariableCost,NDC,ECU,SUPCAMOTIMOR,,,1,2018,,,,,,1.0
VariableCost,NDC,ECU,SUPCAMOTIMOR,,,1,2019,,,,,,1.0
VariableCost,NDC,ECU,SUPCAMOTIMOR,,,1,2020,,,,,,1.0
VariableCost,NDC,ECU,SUPCAMOTIMOR,,,1,2021,,,,,,1.0
VariableCost,NDC,ECU,SUPCAMOTIMOR,,,1,2022,,,,,,1.0
VariableCost,NDC,ECU,SUPCAMOTIMOR,,,1,2023,,,,,,1.0
VariableCost,NDC,ECU,SUPCAMOTIMOR,,,1,2024,,,,,,1.0
VariableCost,NDC,ECU,SUPCAMOTIMOR,,,1,2025,,,,,,1.0
VariableCost,NDC,ECU,SUPCAMOTIMOR,,,1,2026,,,,,,1.0
VariableCost,NDC,ECU,SUPCAMOTIMOR,,,1,2027,,,,,,1.0
VariableCost,NDC,ECU,SUPCAMOTIMOR,,,1,2028,,,,,,1.0
VariableCost,NDC,ECU,SUPCAMOTIMOR,,,1,2029,,,,,,1.0
VariableCost,NDC,ECU,SUPCAMOTIMOR,,,1,2030,,,,,,1.0
VariableCost,NDC,ECU,SUPCAMOTIMOR,,,1,2031,,,,,,1.0
VariableCost,NDC,ECU,SUPCAMOTIMOR,,,1,2032,,,,,,1.0
VariableCost,NDC,ECU,SUPCAMOTIMOR,,,1,2033,,,,,,1.0
VariableCost,NDC,ECU,SUPCAMOTIMOR,,,1,2034,,,,,,1.0
VariableCost,NDC,ECU,SUPCAMOTIMOR,,,1,2035,,,,,,1.0
VariableCost,NDC,ECU,SUPCAMOTIPFO,,,1,2010,,,,,,1.0
VariableCost,NDC,ECU,SUPCAMOTIPFO,,,1,2011,,,,,,1.0
VariableCost,NDC,ECU,SUPCAMOTIPFO,,,1,2012,,,,,,1.0
VariableCost,NDC,ECU,SUPCAMOTIPFO,,,1,2013,,,,,,1.0
VariableCost,NDC,ECU,SUPCAMOTIPFO,,,1,2014,,,,,,1.0
VariableCost,NDC,ECU,SUPCAMOTIPFO,,,1,2015,,,,,,1.0
VariableCost,NDC,ECU,SUPCAMOTIPFO,,,1,2016,,,,,,1.0
VariableCost,NDC,ECU,SUPCAMOTIPFO,,,1,2017,,,,,,1.0
VariableCost,NDC,ECU,SUPCAMOTIPFO,,,1,2018,,,,,,1.0
VariableCost,NDC,ECU,SUPCAMOTIPFO,,,1,2019,,,,,,1.0
VariableCost,NDC,ECU,SUPCAMOTIPFO,,,1,2020,,,,,,1.0
VariableCost,NDC,ECU,SUPCAMOTIPFO,,,1,2021,,,,,,1.0
VariableCost,NDC,ECU,SUPCAMOTIPFO,,,1,2022,,,,,,1.0
VariableCost,NDC,ECU,SUPCAMOTIPFO,,,1,2023,,,,,,1.0
VariableCost,NDC,ECU,SUPCAMOTIPFO,,,1,2024,,,,,,1.0
VariableCost,NDC,ECU,SUPCAMOTIPFO,,,1,2025,,,,,,1.0
VariableCost,NDC,ECU,SUPCAMOTIPFO,,,1,2026,,,,,,1.0
VariableCost,NDC,ECU,SUPCAMOTIPFO,,,1,2027,,,,,,1.0
VariableCost,NDC,ECU,SUPCAMOTIPFO,,,1,2028,,,,,,1.0
VariableCost,NDC,ECU,SUPCAMOTIPFO,,,1,2029,,,,,,1.0
VariableCost,NDC,ECU,SUPCAMOTIPFO,,,1,2030,,,,,,1.0
VariableCost,NDC,ECU,SUPCAMOTIPFO,,,1,2031,,,,,,1.0
VariableCost,NDC,ECU,SUPCAMOTIPFO,,,1,2032,,,,,,1.0
VariableCost,NDC,ECU,SUPCAMOTIPFO,,,1,2033,,,,,,1.0
VariableCost,NDC,ECU,SUPCAMOTIPFO,,,1,2034,,,,,,1.0
VariableCost,NDC,ECU,SUPCAMOTIPFO,,,1,2035,,,,,,1.0
VariableCost,NDC,ECU,SUPCAMANDCRO,,,1,2010,,,,,,1.0
VariableCost,NDC,ECU,SUPCAMANDCRO,,,1,2011,,,,,,1.0
VariableCost,NDC,ECU,SUPCAMANDCRO,,,1,2012,,,,,,1.0
VariableCost,NDC,ECU,SUPCAMANDCRO,,,1,2013,,,,,,1.0
VariableCost,NDC,ECU,SUPCAMANDCRO,,,1,2014,,,,,,1.0
VariableCost,NDC,ECU,SUPCAMANDCRO,,,1,2015,,,,,,1.0
VariableCost,NDC,ECU,SUPCAMANDCRO,,,1,2016,,,,,,1.0
VariableCost,NDC,ECU,SUPCAMANDCRO,,,1,2017,,,,,,1.0
VariableCost,NDC,ECU,SUPCAMANDCRO,,,1,2018,,,,,,1.0
VariableCost,NDC,ECU,SUPCAMANDCRO,,,1,2019,,,,,,1.0
VariableCost,NDC,ECU,SUPCAMANDCRO,,,1,2020,,,,,,1.0
VariableCost,NDC,ECU,SUPCAMANDCRO,,,1,2021,,,,,,1.0
VariableCost,NDC,ECU,SUPCAMANDCRO,,,1,2022,,,,,,1.0
VariableCost,NDC,ECU,SUPCAMANDCRO,,,1,2023,,,,,,1.0
VariableCost,NDC,ECU,SUPCAMANDCRO,,,1,2024,,,,,,1.0
VariableCost,NDC,ECU,SUPCAMANDCRO,,,1,2025,,,,,,1.0
VariableCost,NDC,ECU,SUPCAMANDCRO,,,1,2026,,,,,,1.0
VariableCost,NDC,ECU,SUPCAMANDCRO,,,1,2027,,,,,,1.0
VariableCost,NDC,ECU,SUPCAMANDCRO,,,1,2028,,,,,,1.0
VariableCost,NDC,ECU,SUPCAMANDCRO,,,1,2029,,,,,,1.0
VariableCost,NDC,ECU,SUPCAMANDCRO,,,1,2030,,,,,,1.0
VariableCost,NDC,ECU,SUPCAMANDCRO,,,1,2031,,,,,,1.0
VariableCost,NDC,ECU,SUPCAMANDCRO,,,1,2032,,,,,,1.0
VariableCost,NDC,ECU,SUPCAMANDCRO,,,1,2033,,,,,,1.0
VariableCost,NDC,ECU,SUPCAMANDCRO,,,1,2034,,,,,,1.0
VariableCost,NDC,ECU,SUPCAMANDCRO,,,1,2035,,,,,,1.0
VariableCost,NDC,ECU,SUPCAMPLUCRO,,,1,2010,,,,,,1.0
VariableCost,NDC,ECU,SUPCAMPLUCRO,,,1,2011,,,,,,1.0
VariableCost,NDC,ECU,SUPCAMPLUCRO,,,1,2012,,,,,,1.0
VariableCost,NDC,ECU,SUPCAMPLUCRO,,,1,2013,,,,,,1.0
VariableCost,NDC,ECU,SUPCAMPLUCRO,,,1,2014,,,,,,1.0
VariableCost,NDC,ECU,SUPCAMPLUCRO,,,1,2015,,,,,,1.0
VariableCost,NDC,ECU,SUPCAMPLUCRO,,,1,2016,,,,,,1.0
VariableCost,NDC,ECU,SUPCAMPLUCRO,,,1,2017,,,,,,1.0
VariableCost,NDC,ECU,SUPCAMPLUCRO,,,1,2018,,,,,,1.0
VariableCost,NDC,ECU,SUPCAMPLUCRO,,,1,2019,,,,,,1.0
VariableCost,NDC,ECU,SUPCAMPLUCRO,,,1,2020,,,,,,1.0
VariableCost,NDC,ECU,SUPCAMPLUCRO,,,1,2021,,,,,,1.0
VariableCost,NDC,ECU,SUPCAMPLUCRO,,,1,2022,,,,,,1.0
VariableCost,NDC,ECU,SUPCAMPLUCRO,,,1,2023,,,,,,1.0
VariableCost,NDC,ECU,SUPCAMPLUCRO,,,1,2024,,,,,,1.0
VariableCost,NDC,ECU,SUPCAMPLUCRO,,,1,2025,,,,,,1.0
VariableCost,NDC,ECU,SUPCAMPLUCRO,,,1,2026,,,,,,1.0
VariableCost,NDC,ECU,SUPCAMPLUCRO,,,1,2027,,,,,,1.0
VariableCost,NDC,ECU,SUPCAMPLUCRO,,,1,2028,,,,,,1.0
VariableCost,NDC,ECU,SUPCAMPLUCRO,,,1,2029,,,,,,1.0
VariableCost,NDC,ECU,SUPCAMPLUCRO,,,1,2030,,,,,,1.0
VariableCost,NDC,ECU,SUPCAMPLUCRO,,,1,2031,,,,,,1.0
VariableCost,NDC,ECU,SUPCAMPLUCRO,,,1,2032,,,,,,1.0
VariableCost,NDC,ECU,SUPCAMPLUCRO,,,1,2033,,,,,,1.0
VariableCost,NDC,ECU,SUPCAMPLUCRO,,,1,2034,,,,,,1.0
VariableCost,NDC,ECU,SUPCAMPLUCRO,,,1,2035,,,,,,1.0
VariableCost,NDC,ECU,SUPCAMMONCRO,,,1,2010,,,,,,1.0
VariableCost,NDC,ECU,SUPCAMMONCRO,,,1,2011,,,,,,1.0
VariableCost,NDC,ECU,SUPCAMMONCRO,,,1,2012,,,,,,1.0
VariableCost,NDC,ECU,SUPCAMMONCRO,,,1,2013,,,,,,1.0
VariableCost,NDC,ECU,SUPCAMMONCRO,,,1,2014,,,,,,1.0
VariableCost,NDC,ECU,SUPCAMMONCRO,,,1,2015,,,,,,1.0
VariableCost,NDC,ECU,SUPCAMMONCRO,,,1,2016,,,,,,1.0
VariableCost,NDC,ECU,SUPCAMMONCRO,,,1,2017,,,,,,1.0
VariableCost,NDC,ECU,SUPCAMMONCRO,,,1,2018,,,,,,1.0
VariableCost,NDC,ECU,SUPCAMMONCRO,,,1,2019,,,,,,1.0
VariableCost,NDC,ECU,SUPCAMMONCRO,,,1,2020,,,,,,1.0
VariableCost,NDC,ECU,SUPCAMMONCRO,,,1,2021,,,,,,1.0
VariableCost,NDC,ECU,SUPCAMMONCRO,,,1,2022,,,,,,1.0
VariableCost,NDC,ECU,SUPCAMMONCRO,,,1,2023,,,,,,1.0
VariableCost,NDC,ECU,SUPCAMMONCRO,,,1,2024,,,,,,1.0
VariableCost,NDC,ECU,SUPCAMMONCRO,,,1,2025,,,,,,1.0
VariableCost,NDC,ECU,SUPCAMMONCRO,,,1,2026,,,,,,1.0
VariableCost,NDC,ECU,SUPCAMMONCRO,,,1,2027,,,,,,1.0
VariableCost,NDC,ECU,SUPCAMMONCRO,,,1,2028,,,,,,1.0
VariableCost,NDC,ECU,SUPCAMMONCRO,,,1,2029,,,,,,1.0
VariableCost,NDC,ECU,SUPCAMMONCRO,,,1,2030,,,,,,1.0
VariableCost,NDC,ECU,SUPCAMMONCRO,,,1,2031,,,,,,1.0
VariableCost,NDC,ECU,SUPCAMMONCRO,,,1,2032,,,,,,1.0
VariableCost,NDC,ECU,SUPCAMMONCRO,,,1,2033,,,,,,1.0
VariableCost,NDC,ECU,SUPCAMMONCRO,,,1,2034,,,,,,1.0
VariableCost,NDC,ECU,SUPCAMMONCRO,,,1,2035,,,,,,1.0
VariableCost,NDC,ECU,SUPCAMPIECRO,,,1,2010,,,,,,1.0
VariableCost,NDC,ECU,SUPCAMPIECRO,,,1,2011,,,,,,1.0
VariableCost,NDC,ECU,SUPCAMPIECRO,,,1,2012,,,,,,1.0
VariableCost,NDC,ECU,SUPCAMPIECRO,,,1,2013,,,,,,1.0
VariableCost,NDC,ECU,SUPCAMPIECRO,,,1,2014,,,,,,1.0
VariableCost,NDC,ECU,SUPCAMPIECRO,,,1,2015,,,,,,1.0
VariableCost,NDC,ECU,SUPCAMPIECRO,,,1,2016,,,,,,1.0
VariableCost,NDC,ECU,SUPCAMPIECRO,,,1,2017,,,,,,1.0
VariableCost,NDC,ECU,SUPCAMPIECRO,,,1,2018,,,,,,1.0
VariableCost,NDC,ECU,SUPCAMPIECRO,,,1,2019,,,,,,1.0
VariableCost,NDC,ECU,SUPCAMPIECRO,,,1,2020,,,,,,1.0
VariableCost,NDC,ECU,SUPCAMPIECRO,,,1,2021,,,,,,1.0
VariableCost,NDC,ECU,SUPCAMPIECRO,,,1,2022,,,,,,1.0
VariableCost,NDC,ECU,SUPCAMPIECRO,,,1,2023,,,,,,1.0
VariableCost,NDC,ECU,SUPCAMPIECRO,,,1,2024,,,,,,1.0
VariableCost,NDC,ECU,SUPCAMPIECRO,,,1,2025,,,,,,1.0
VariableCost,NDC,ECU,SUPCAMPIECRO,,,1,2026,,,,,,1.0
VariableCost,NDC,ECU,SUPCAMPIECRO,,,1,2027,,,,,,1.0
VariableCost,NDC,ECU,SUPCAMPIECRO,,,1,2028,,,,,,1.0
VariableCost,NDC,ECU,SUPCAMPIECRO,,,1,2029,,,,,,1.0
VariableCost,NDC,ECU,SUPCAMPIECRO,,,1,2030,,,,,,1.0
VariableCost,NDC,ECU,SUPCAMPIECRO,,,1,2031,,,,,,1.0
VariableCost,NDC,ECU,SUPCAMPIECRO,,,1,2032,,,,,,1.0
VariableCost,NDC,ECU,SUPCAMPIECRO,,,1,2033,,,,,,1.0
VariableCost,NDC,ECU,SUPCAMPIECRO,,,1,2034,,,,,,1.0
VariableCost,NDC,ECU,SUPCAMPIECRO,,,1,2035,,,,,,1.0
VariableCost,NDC,ECU,SUPCAMCEJCRO,,,1,2010,,,,,,1.0
VariableCost,NDC,ECU,SUPCAMCEJCRO,,,1,2011,,,,,,1.0
VariableCost,NDC,ECU,SUPCAMCEJCRO,,,1,2012,,,,,,1.0
VariableCost,NDC,ECU,SUPCAMCEJCRO,,,1,2013,,,,,,1.0
VariableCost,NDC,ECU,SUPCAMCEJCRO,,,1,2014,,,,,,1.0
VariableCost,NDC,ECU,SUPCAMCEJCRO,,,1,2015,,,,,,1.0
VariableCost,NDC,ECU,SUPCAMCEJCRO,,,1,2016,,,,,,1.0
VariableCost,NDC,ECU,SUPCAMCEJCRO,,,1,2017,,,,,,1.0
VariableCost,NDC,ECU,SUPCAMCEJCRO,,,1,2018,,,,,,1.0
VariableCost,NDC,ECU,SUPCAMCEJCRO,,,1,2019,,,,,,1.0
VariableCost,NDC,ECU,SUPCAMCEJCRO,,,1,2020,,,,,,1.0
VariableCost,NDC,ECU,SUPCAMCEJCRO,,,1,2021,,,,,,1.0
VariableCost,NDC,ECU,SUPCAMCEJCRO,,,1,2022,,,,,,1.0
VariableCost,NDC,ECU,SUPCAMCEJCRO,,,1,2023,,,,,,1.0
VariableCost,NDC,ECU,SUPCAMCEJCRO,,,1,2024,,,,,,1.0
VariableCost,NDC,ECU,SUPCAMCEJCRO,,,1,2025,,,,,,1.0
VariableCost,NDC,ECU,SUPCAMCEJCRO,,,1,2026,,,,,,1.0
VariableCost,NDC,ECU,SUPCAMCEJCRO,,,1,2027,,,,,,1.0
VariableCost,NDC,ECU,SUPCAMCEJCRO,,,1,2028,,,,,,1.0
VariableCost,NDC,ECU,SUPCAMCEJCRO,,,1,2029,,,,,,1.0
VariableCost,NDC,ECU,SUPCAMCEJCRO,,,1,2030,,,,,,1.0
VariableCost,NDC,ECU,SUPCAMCEJCRO,,,1,2031,,,,,,1.0
VariableCost,NDC,ECU,SUPCAMCEJCRO,,,1,2032,,,,,,1.0
VariableCost,NDC,ECU,SUPCAMCEJCRO,,,1,2033,,,,,,1.0
VariableCost,NDC,ECU,SUPCAMCEJCRO,,,1,2034,,,,,,1.0
VariableCost,NDC,ECU,SUPCAMCEJCRO,,,1,2035,,,,,,1.0
VariableCost,NDC,ECU,SUPCAMAMACRO,,,1,2010,,,,,,1.0
VariableCost,NDC,ECU,SUPCAMAMACRO,,,1,2011,,,,,,1.0
VariableCost,NDC,ECU,SUPCAMAMACRO,,,1,2012,,,,,,1.0
VariableCost,NDC,ECU,SUPCAMAMACRO,,,1,2013,,,,,,1.0
VariableCost,NDC,ECU,SUPCAMAMACRO,,,1,2014,,,,,,1.0
VariableCost,NDC,ECU,SUPCAMAMACRO,,,1,2015,,,,,,1.0
VariableCost,NDC,ECU,SUPCAMAMACRO,,,1,2016,,,,,,1.0
VariableCost,NDC,ECU,SUPCAMAMACRO,,,1,2017,,,,,,1.0
VariableCost,NDC,ECU,SUPCAMAMACRO,,,1,2018,,,,,,1.0
VariableCost,NDC,ECU,SUPCAMAMACRO,,,1,2019,,,,,,1.0
VariableCost,NDC,ECU,SUPCAMAMACRO,,,1,2020,,,,,,1.0
VariableCost,NDC,ECU,SUPCAMAMACRO,,,1,2021,,,,,,1.0
VariableCost,NDC,ECU,SUPCAMAMACRO,,,1,2022,,,,,,1.0
VariableCost,NDC,ECU,SUPCAMAMACRO,,,1,2023,,,,,,1.0
VariableCost,NDC,ECU,SUPCAMAMACRO,,,1,2024,,,,,,1.0
VariableCost,NDC,ECU,SUPCAMAMACRO,,,1,2025,,,,,,1.0
VariableCost,NDC,ECU,SUPCAMAMACRO,,,1,2026,,,,,,1.0
VariableCost,NDC,ECU,SUPCAMAMACRO,,,1,2027,,,,,,1.0
VariableCost,NDC,ECU,SUPCAMAMACRO,,,1,2028,,,,,,1.0
VariableCost,NDC,ECU,SUPCAMAMACRO,,,1,2029,,,,,,1.0
VariableCost,NDC,ECU,SUPCAMAMACRO,,,1,2030,,,,,,1.0
VariableCost,NDC,ECU,SUPCAMAMACRO,,,1,2031,,,,,,1.0
VariableCost,NDC,ECU,SUPCAMAMACRO,,,1,2032,,,,,,1.0
VariableCost,NDC,ECU,SUPCAMAMACRO,,,1,2033,,,,,,1.0
VariableCost,NDC,ECU,SUPCAMAMACRO,,,1,2034,,,,,,1.0
VariableCost,NDC,ECU,SUPCAMAMACRO,,,1,2035,,,,,,1.0
VariableCost,NDC,ECU,SUPCAMCHOCRO,,,1,2010,,,,,,1.0
VariableCost,NDC,ECU,SUPCAMCHOCRO,,,1,2011,,,,,,1.0
VariableCost,NDC,ECU,SUPCAMCHOCRO,,,1,2012,,,,,,1.0
VariableCost,NDC,ECU,SUPCAMCHOCRO,,,1,2013,,,,,,1.0
VariableCost,NDC,ECU,SUPCAMCHOCRO,,,1,2014,,,,,,1.0
VariableCost,NDC,ECU,SUPCAMCHOCRO,,,1,2015,,,,,,1.0
VariableCost,NDC,ECU,SUPCAMCHOCRO,,,1,2016,,,,,,1.0
VariableCost,NDC,ECU,SUPCAMCHOCRO,,,1,2017,,,,,,1.0
VariableCost,NDC,ECU,SUPCAMCHOCRO,,,1,2018,,,,,,1.0
VariableCost,NDC,ECU,SUPCAMCHOCRO,,,1,2019,,,,,,1.0
VariableCost,NDC,ECU,SUPCAMCHOCRO,,,1,2020,,,,,,1.0
VariableCost,NDC,ECU,SUPCAMCHOCRO,,,1,2021,,,,,,1.0
VariableCost,NDC,ECU,SUPCAMCHOCRO,,,1,2022,,,,,,1.0
VariableCost,NDC,ECU,SUPCAMCHOCRO,,,1,2023,,,,,,1.0
VariableCost,NDC,ECU,SUPCAMCHOCRO,,,1,2024,,,,,,1.0
VariableCost,NDC,ECU,SUPCAMCHOCRO,,,1,2025,,,,,,1.0
VariableCost,NDC,ECU,SUPCAMCHOCRO,,,1,2026,,,,,,1.0
VariableCost,NDC,ECU,SUPCAMCHOCRO,,,1,2027,,,,,,1.0
VariableCost,NDC,ECU,SUPCAMCHOCRO,,,1,2028,,,,,,1.0
VariableCost,NDC,ECU,SUPCAMCHOCRO,,,1,2029,,,,,,1.0
VariableCost,NDC,ECU,SUPCAMCHOCRO,,,1,2030,,,,,,1.0
VariableCost,NDC,ECU,SUPCAMCHOCRO,,,1,2031,,,,,,1.0
VariableCost,NDC,ECU,SUPCAMCHOCRO,,,1,2032,,,,,,1.0
VariableCost,NDC,ECU,SUPCAMCHOCRO,,,1,2033,,,,,,1.0
VariableCost,NDC,ECU,SUPCAMCHOCRO,,,1,2034,,,,,,1.0
VariableCost,NDC,ECU,SUPCAMCHOCRO,,,1,2035,,,,,,1.0
VariableCost,NDC,ECU,SUPCAMMANCRO,,,1,2010,,,,,,1.0
VariableCost,NDC,ECU,SUPCAMMANCRO,,,1,2011,,,,,,1.0
VariableCost,NDC,ECU,SUPCAMMANCRO,,,1,2012,,,,,,1.0
VariableCost,NDC,ECU,SUPCAMMANCRO,,,1,2013,,,,,,1.0
VariableCost,NDC,ECU,SUPCAMMANCRO,,,1,2014,,,,,,1.0
VariableCost,NDC,ECU,SUPCAMMANCRO,,,1,2015,,,,,,1.0
VariableCost,NDC,ECU,SUPCAMMANCRO,,,1,2016,,,,,,1.0
VariableCost,NDC,ECU,SUPCAMMANCRO,,,1,2017,,,,,,1.0
VariableCost,NDC,ECU,SUPCAMMANCRO,,,1,2018,,,,,,1.0
VariableCost,NDC,ECU,SUPCAMMANCRO,,,1,2019,,,,,,1.0
VariableCost,NDC,ECU,SUPCAMMANCRO,,,1,2020,,,,,,1.0
VariableCost,NDC,ECU,SUPCAMMANCRO,,,1,2021,,,,,,1.0
VariableCost,NDC,ECU,SUPCAMMANCRO,,,1,2022,,,,,,1.0
VariableCost,NDC,ECU,SUPCAMMANCRO,,,1,2023,,,,,,1.0
VariableCost,NDC,ECU,SUPCAMMANCRO,,,1,2024,,,,,,1.0
VariableCost,NDC,ECU,SUPCAMMANCRO,,,1,2025,,,,,,1.0
VariableCost,NDC,ECU,SUPCAMMANCRO,,,1,2026,,,,,,1.0
VariableCost,NDC,ECU,SUPCAMMANCRO,,,1,2027,,,,,,1.0
VariableCost,NDC,ECU,SUPCAMMANCRO,,,1,2028,,,,,,1.0
VariableCost,NDC,ECU,SUPCAMMANCRO,,,1,2029,,,,,,1.0
VariableCost,NDC,ECU,SUPCAMMANCRO,,,1,2030,,,,,,1.0
VariableCost,NDC,ECU,SUPCAMMANCRO,,,1,2031,,,,,,1.0
VariableCost,NDC,ECU,SUPCAMMANCRO,,,1,2032,,,,,,1.0
VariableCost,NDC,ECU,SUPCAMMANCRO,,,1,2033,,,,,,1.0
VariableCost,NDC,ECU,SUPCAMMANCRO,,,1,2034,,,,,,1.0
VariableCost,NDC,ECU,SUPCAMMANCRO,,,1,2035,,,,,,1.0
VariableCost,NDC,ECU,SUPCAMMORCRO,,,1,2010,,,,,,1.0
VariableCost,NDC,ECU,SUPCAMMORCRO,,,1,2011,,,,,,1.0
VariableCost,NDC,ECU,SUPCAMMORCRO,,,1,2012,,,,,,1.0
VariableCost,NDC,ECU,SUPCAMMORCRO,,,1,2013,,,,,,1.0
VariableCost,NDC,ECU,SUPCAMMORCRO,,,1,2014,,,,,,1.0
VariableCost,NDC,ECU,SUPCAMMORCRO,,,1,2015,,,,,,1.0
VariableCost,NDC,ECU,SUPCAMMORCRO,,,1,2016,,,,,,1.0
VariableCost,NDC,ECU,SUPCAMMORCRO,,,1,2017,,,,,,1.0
VariableCost,NDC,ECU,SUPCAMMORCRO,,,1,2018,,,,,,1.0
VariableCost,NDC,ECU,SUPCAMMORCRO,,,1,2019,,,,,,1.0
VariableCost,NDC,ECU,SUPCAMMORCRO,,,1,2020,,,,,,1.0
VariableCost,NDC,ECU,SUPCAMMORCRO,,,1,2021,,,,,,1.0
VariableCost,NDC,ECU,SUPCAMMORCRO,,,1,2022,,,,,,1.0
VariableCost,NDC,ECU,SUPCAMMORCRO,,,1,2023,,,,,,1.0
VariableCost,NDC,ECU,SUPCAMMORCRO,,,1,2024,,,,,,1.0
VariableCost,NDC,ECU,SUPCAMMORCRO,,,1,2025,,,,,,1.0
VariableCost,NDC,ECU,SUPCAMMORCRO,,,1,2026,,,,,,1.0
VariableCost,NDC,ECU,SUPCAMMORCRO,,,1,2027,,,,,,1.0
VariableCost,NDC,ECU,SUPCAMMORCRO,,,1,2028,,,,,,1.0
VariableCost,NDC,ECU,SUPCAMMORCRO,,,1,2029,,,,,,1.0
VariableCost,NDC,ECU,SUPCAMMORCRO,,,1,2030,,,,,,1.0
VariableCost,NDC,ECU,SUPCAMMORCRO,,,1,2031,,,,,,1.0
VariableCost,NDC,ECU,SUPCAMMORCRO,,,1,2032,,,,,,1.0
VariableCost,NDC,ECU,SUPCAMMORCRO,,,1,2033,,,,,,1.0
VariableCost,NDC,ECU,SUPCAMMORCRO,,,1,2034,,,,,,1.0
VariableCost,NDC,ECU,SUPCAMMORCRO,,,1,2035,,,,,,1.0
VariableCost,NDC,ECU,SUPCAMPFOCRO,,,1,2010,,,,,,1.0
VariableCost,NDC,ECU,SUPCAMPFOCRO,,,1,2011,,,,,,1.0
VariableCost,NDC,ECU,SUPCAMPFOCRO,,,1,2012,,,,,,1.0
VariableCost,NDC,ECU,SUPCAMPFOCRO,,,1,2013,,,,,,1.0
VariableCost,NDC,ECU,SUPCAMPFOCRO,,,1,2014,,,,,,1.0
VariableCost,NDC,ECU,SUPCAMPFOCRO,,,1,2015,,,,,,1.0
VariableCost,NDC,ECU,SUPCAMPFOCRO,,,1,2016,,,,,,1.0
VariableCost,NDC,ECU,SUPCAMPFOCRO,,,1,2017,,,,,,1.0
VariableCost,NDC,ECU,SUPCAMPFOCRO,,,1,2018,,,,,,1.0
VariableCost,NDC,ECU,SUPCAMPFOCRO,,,1,2019,,,,,,1.0
VariableCost,NDC,ECU,SUPCAMPFOCRO,,,1,2020,,,,,,1.0
VariableCost,NDC,ECU,SUPCAMPFOCRO,,,1,2021,,,,,,1.0
VariableCost,NDC,ECU,SUPCAMPFOCRO,,,1,2022,,,,,,1.0
VariableCost,NDC,ECU,SUPCAMPFOCRO,,,1,2023,,,,,,1.0
VariableCost,NDC,ECU,SUPCAMPFOCRO,,,1,2024,,,,,,1.0
VariableCost,NDC,ECU,SUPCAMPFOCRO,,,1,2025,,,,,,1.0
VariableCost,NDC,ECU,SUPCAMPFOCRO,,,1,2026,,,,,,1.0
VariableCost,NDC,ECU,SUPCAMPFOCRO,,,1,2027,,,,,,1.0
VariableCost,NDC,ECU,SUPCAMPFOCRO,,,1,2028,,,,,,1.0
VariableCost,NDC,ECU,SUPCAMPFOCRO,,,1,2029,,,,,,1.0
VariableCost,NDC,ECU,SUPCAMPFOCRO,,,1,2030,,,,,,1.0
VariableCost,NDC,ECU,SUPCAMPFOCRO,,,1,2031,,,,,,1.0
VariableCost,NDC,ECU,SUPCAMPFOCRO,,,1,2032,,,,,,1.0
VariableCost,NDC,ECU,SUPCAMPFOCRO,,,1,2033,,,,,,1.0
VariableCost,NDC,ECU,SUPCAMPFOCRO,,,1,2034,,,,,,1.0
VariableCost,NDC,ECU,SUPCAMPFOCRO,,,1,2035,,,,,,1.0
VariableCost,NDC,ECU,SUPCAMGRACRO,,,1,2010,,,,,,1.0
VariableCost,NDC,ECU,SUPCAMGRACRO,,,1,2011,,,,,,1.0
VariableCost,NDC,ECU,SUPCAMGRACRO,,,1,2012,,,,,,1.0
VariableCost,NDC,ECU,SUPCAMGRACRO,,,1,2013,,,,,,1.0
VariableCost,NDC,ECU,SUPCAMGRACRO,,,1,2014,,,,,,1.0
VariableCost,NDC,ECU,SUPCAMGRACRO,,,1,2015,,,,,,1.0
VariableCost,NDC,ECU,SUPCAMGRACRO,,,1,2016,,,,,,1.0
VariableCost,NDC,ECU,SUPCAMGRACRO,,,1,2017,,,,,,1.0
VariableCost,NDC,ECU,SUPCAMGRACRO,,,1,2018,,,,,,1.0
VariableCost,NDC,ECU,SUPCAMGRACRO,,,1,2019,,,,,,1.0
VariableCost,NDC,ECU,SUPCAMGRACRO,,,1,2020,,,,,,1.0
VariableCost,NDC,ECU,SUPCAMGRACRO,,,1,2021,,,,,,1.0
VariableCost,NDC,ECU,SUPCAMGRACRO,,,1,2022,,,,,,1.0
VariableCost,NDC,ECU,SUPCAMGRACRO,,,1,2023,,,,,,1.0
VariableCost,NDC,ECU,SUPCAMGRACRO,,,1,2024,,,,,,1.0
VariableCost,NDC,ECU,SUPCAMGRACRO,,,1,2025,,,,,,1.0
VariableCost,NDC,ECU,SUPCAMGRACRO,,,1,2026,,,,,,1.0
VariableCost,NDC,ECU,SUPCAMGRACRO,,,1,2027,,,,,,1.0
VariableCost,NDC,ECU,SUPCAMGRACRO,,,1,2028,,,,,,1.0
VariableCost,NDC,ECU,SUPCAMGRACRO,,,1,2029,,,,,,1.0
VariableCost,NDC,ECU,SUPCAMGRACRO,,,1,2030,,,,,,1.0
VariableCost,NDC,ECU,SUPCAMGRACRO,,,1,2031,,,,,,1.0
VariableCost,NDC,ECU,SUPCAMGRACRO,,,1,2032,,,,,,1.0
VariableCost,NDC,ECU,SUPCAMGRACRO,,,1,2033,,,,,,1.0
VariableCost,NDC,ECU,SUPCAMGRACRO,,,1,2034,,,,,,1.0
VariableCost,NDC,ECU,SUPCAMGRACRO,,,1,2035,,,,,,1.0
VariableCost,NDC,ECU,SUPCAMHUMCRO,,,1,2010,,,,,,1.0
VariableCost,NDC,ECU,SUPCAMHUMCRO,,,1,2011,,,,,,1.0
VariableCost,NDC,ECU,SUPCAMHUMCRO,,,1,2012,,,,,,1.0
VariableCost,NDC,ECU,SUPCAMHUMCRO,,,1,2013,,,,,,1.0
VariableCost,NDC,ECU,SUPCAMHUMCRO,,,1,2014,,,,,,1.0
VariableCost,NDC,ECU,SUPCAMHUMCRO,,,1,2015,,,,,,1.0
VariableCost,NDC,ECU,SUPCAMHUMCRO,,,1,2016,,,,,,1.0
VariableCost,NDC,ECU,SUPCAMHUMCRO,,,1,2017,,,,,,1.0
VariableCost,NDC,ECU,SUPCAMHUMCRO,,,1,2018,,,,,,1.0
VariableCost,NDC,ECU,SUPCAMHUMCRO,,,1,2019,,,,,,1.0
VariableCost,NDC,ECU,SUPCAMHUMCRO,,,1,2020,,,,,,1.0
VariableCost,NDC,ECU,SUPCAMHUMCRO,,,1,2021,,,,,,1.0
VariableCost,NDC,ECU,SUPCAMHUMCRO,,,1,2022,,,,,,1.0
VariableCost,NDC,ECU,SUPCAMHUMCRO,,,1,2023,,,,,,1.0
VariableCost,NDC,ECU,SUPCAMHUMCRO,,,1,2024,,,,,,1.0
VariableCost,NDC,ECU,SUPCAMHUMCRO,,,1,2025,,,,,,1.0
VariableCost,NDC,ECU,SUPCAMHUMCRO,,,1,2026,,,,,,1.0
VariableCost,NDC,ECU,SUPCAMHUMCRO,,,1,2027,,,,,,1.0
VariableCost,NDC,ECU,SUPCAMHUMCRO,,,1,2028,,,,,,1.0
VariableCost,NDC,ECU,SUPCAMHUMCRO,,,1,2029,,,,,,1.0
VariableCost,NDC,ECU,SUPCAMHUMCRO,,,1,2030,,,,,,1.0
VariableCost,NDC,ECU,SUPCAMHUMCRO,,,1,2031,,,,,,1.0
VariableCost,NDC,ECU,SUPCAMHUMCRO,,,1,2032,,,,,,1.0
VariableCost,NDC,ECU,SUPCAMHUMCRO,,,1,2033,,,,,,1.0
VariableCost,NDC,ECU,SUPCAMHUMCRO,,,1,2034,,,,,,1.0
VariableCost,NDC,ECU,SUPCAMHUMCRO,,,1,2035,,,,,,1.0
VariableCost,NDC,ECU,SUPCAMASECRO,,,1,2010,,,,,,1.0
VariableCost,NDC,ECU,SUPCAMASECRO,,,1,2011,,,,,,1.0
VariableCost,NDC,ECU,SUPCAMASECRO,,,1,2012,,,,,,1.0
VariableCost,NDC,ECU,SUPCAMASECRO,,,1,2013,,,,,,1.0
VariableCost,NDC,ECU,SUPCAMASECRO,,,1,2014,,,,,,1.0
VariableCost,NDC,ECU,SUPCAMASECRO,,,1,2015,,,,,,1.0
VariableCost,NDC,ECU,SUPCAMASECRO,,,1,2016,,,,,,1.0
VariableCost,NDC,ECU,SUPCAMASECRO,,,1,2017,,,,,,1.0
VariableCost,NDC,ECU,SUPCAMASECRO,,,1,2018,,,,,,1.0
VariableCost,NDC,ECU,SUPCAMASECRO,,,1,2019,,,,,,1.0
VariableCost,NDC,ECU,SUPCAMASECRO,,,1,2020,,,,,,1.0
VariableCost,NDC,ECU,SUPCAMASECRO,,,1,2021,,,,,,1.0
VariableCost,NDC,ECU,SUPCAMASECRO,,,1,2022,,,,,,1.0
VariableCost,NDC,ECU,SUPCAMASECRO,,,1,2023,,,,,,1.0
VariableCost,NDC,ECU,SUPCAMASECRO,,,1,2024,,,,,,1.0
VariableCost,NDC,ECU,SUPCAMASECRO,,,1,2025,,,,,,1.0
VariableCost,NDC,ECU,SUPCAMASECRO,,,1,2026,,,,,,1.0
VariableCost,NDC,ECU,SUPCAMASECRO,,,1,2027,,,,,,1.0
VariableCost,NDC,ECU,SUPCAMASECRO,,,1,2028,,,,,,1.0
VariableCost,NDC,ECU,SUPCAMASECRO,,,1,2029,,,,,,1.0
VariableCost,NDC,ECU,SUPCAMASECRO,,,1,2030,,,,,,1.0
VariableCost,NDC,ECU,SUPCAMASECRO,,,1,2031,,,,,,1.0
VariableCost,NDC,ECU,SUPCAMASECRO,,,1,2032,,,,,,1.0
VariableCost,NDC,ECU,SUPCAMASECRO,,,1,2033,,,,,,1.0
VariableCost,NDC,ECU,SUPCAMASECRO,,,1,2034,,,,,,1.0
VariableCost,NDC,ECU,SUPCAMASECRO,,,1,2035,,,,,,1.0
VariableCost,NDC,ECU,SUPCAMOTICRO,,,1,2010,,,,,,1.0
VariableCost,NDC,ECU,SUPCAMOTICRO,,,1,2011,,,,,,1.0
VariableCost,NDC,ECU,SUPCAMOTICRO,,,1,2012,,,,,,1.0
VariableCost,NDC,ECU,SUPCAMOTICRO,,,1,2013,,,,,,1.0
VariableCost,NDC,ECU,SUPCAMOTICRO,,,1,2014,,,,,,1.0
VariableCost,NDC,ECU,SUPCAMOTICRO,,,1,2015,,,,,,1.0
VariableCost,NDC,ECU,SUPCAMOTICRO,,,1,2016,,,,,,1.0
VariableCost,NDC,ECU,SUPCAMOTICRO,,,1,2017,,,,,,1.0
VariableCost,NDC,ECU,SUPCAMOTICRO,,,1,2018,,,,,,1.0
VariableCost,NDC,ECU,SUPCAMOTICRO,,,1,2019,,,,,,1.0
VariableCost,NDC,ECU,SUPCAMOTICRO,,,1,2020,,,,,,1.0
VariableCost,NDC,ECU,SUPCAMOTICRO,,,1,2021,,,,,,1.0
VariableCost,NDC,ECU,SUPCAMOTICRO,,,1,2022,,,,,,1.0
VariableCost,NDC,ECU,SUPCAMOTICRO,,,1,2023,,,,,,1.0
VariableCost,NDC,ECU,SUPCAMOTICRO,,,1,2024,,,,,,1.0
VariableCost,NDC,ECU,SUPCAMOTICRO,,,1,2025,,,,,,1.0
VariableCost,NDC,ECU,SUPCAMOTICRO,,,1,2026,,,,,,1.0
VariableCost,NDC,ECU,SUPCAMOTICRO,,,1,2027,,,,,,1.0
VariableCost,NDC,ECU,SUPCAMOTICRO,,,1,2028,,,,,,1.0
VariableCost,NDC,ECU,SUPCAMOTICRO,,,1,2029,,,,,,1.0
VariableCost,NDC,ECU,SUPCAMOTICRO,,,1,2030,,,,,,1.0
VariableCost,NDC,ECU,SUPCAMOTICRO,,,1,2031,,,,,,1.0
VariableCost,NDC,ECU,SUPCAMOTICRO,,,1,2032,,,,,,1.0
VariableCost,NDC,ECU,SUPCAMOTICRO,,,1,2033,,,,,,1.0
VariableCost,NDC,ECU,SUPCAMOTICRO,,,1,2034,,,,,,1.0
VariableCost,NDC,ECU,SUPCAMOTICRO,,,1,2035,,,,,,1.0
VariableCost,NDC,ECU,SUPCAMANDGRA,,,1,2010,,,,,,1.0
VariableCost,NDC,ECU,SUPCAMANDGRA,,,1,2011,,,,,,1.0
VariableCost,NDC,ECU,SUPCAMANDGRA,,,1,2012,,,,,,1.0
VariableCost,NDC,ECU,SUPCAMANDGRA,,,1,2013,,,,,,1.0
VariableCost,NDC,ECU,SUPCAMANDGRA,,,1,2014,,,,,,1.0
VariableCost,NDC,ECU,SUPCAMANDGRA,,,1,2015,,,,,,1.0
VariableCost,NDC,ECU,SUPCAMANDGRA,,,1,2016,,,,,,1.0
VariableCost,NDC,ECU,SUPCAMANDGRA,,,1,2017,,,,,,1.0
VariableCost,NDC,ECU,SUPCAMANDGRA,,,1,2018,,,,,,1.0
VariableCost,NDC,ECU,SUPCAMANDGRA,,,1,2019,,,,,,1.0
VariableCost,NDC,ECU,SUPCAMANDGRA,,,1,2020,,,,,,1.0
VariableCost,NDC,ECU,SUPCAMANDGRA,,,1,2021,,,,,,1.0
VariableCost,NDC,ECU,SUPCAMANDGRA,,,1,2022,,,,,,1.0
VariableCost,NDC,ECU,SUPCAMANDGRA,,,1,2023,,,,,,1.0
VariableCost,NDC,ECU,SUPCAMANDGRA,,,1,2024,,,,,,1.0
VariableCost,NDC,ECU,SUPCAMANDGRA,,,1,2025,,,,,,1.0
VariableCost,NDC,ECU,SUPCAMANDGRA,,,1,2026,,,,,,1.0
VariableCost,NDC,ECU,SUPCAMANDGRA,,,1,2027,,,,,,1.0
VariableCost,NDC,ECU,SUPCAMANDGRA,,,1,2028,,,,,,1.0
VariableCost,NDC,ECU,SUPCAMANDGRA,,,1,2029,,,,,,1.0
VariableCost,NDC,ECU,SUPCAMANDGRA,,,1,2030,,,,,,1.0
VariableCost,NDC,ECU,SUPCAMANDGRA,,,1,2031,,,,,,1.0
VariableCost,NDC,ECU,SUPCAMANDGRA,,,1,2032,,,,,,1.0
VariableCost,NDC,ECU,SUPCAMANDGRA,,,1,2033,,,,,,1.0
VariableCost,NDC,ECU,SUPCAMANDGRA,,,1,2034,,,,,,1.0
VariableCost,NDC,ECU,SUPCAMANDGRA,,,1,2035,,,,,,1.0
VariableCost,NDC,ECU,SUPCAMPLUGRA,,,1,2010,,,,,,1.0
VariableCost,NDC,ECU,SUPCAMPLUGRA,,,1,2011,,,,,,1.0
VariableCost,NDC,ECU,SUPCAMPLUGRA,,,1,2012,,,,,,1.0
VariableCost,NDC,ECU,SUPCAMPLUGRA,,,1,2013,,,,,,1.0
VariableCost,NDC,ECU,SUPCAMPLUGRA,,,1,2014,,,,,,1.0
VariableCost,NDC,ECU,SUPCAMPLUGRA,,,1,2015,,,,,,1.0
VariableCost,NDC,ECU,SUPCAMPLUGRA,,,1,2016,,,,,,1.0
VariableCost,NDC,ECU,SUPCAMPLUGRA,,,1,2017,,,,,,1.0
VariableCost,NDC,ECU,SUPCAMPLUGRA,,,1,2018,,,,,,1.0
VariableCost,NDC,ECU,SUPCAMPLUGRA,,,1,2019,,,,,,1.0
VariableCost,NDC,ECU,SUPCAMPLUGRA,,,1,2020,,,,,,1.0
VariableCost,NDC,ECU,SUPCAMPLUGRA,,,1,2021,,,,,,1.0
VariableCost,NDC,ECU,SUPCAMPLUGRA,,,1,2022,,,,,,1.0
VariableCost,NDC,ECU,SUPCAMPLUGRA,,,1,2023,,,,,,1.0
VariableCost,NDC,ECU,SUPCAMPLUGRA,,,1,2024,,,,,,1.0
VariableCost,NDC,ECU,SUPCAMPLUGRA,,,1,2025,,,,,,1.0
VariableCost,NDC,ECU,SUPCAMPLUGRA,,,1,2026,,,,,,1.0
VariableCost,NDC,ECU,SUPCAMPLUGRA,,,1,2027,,,,,,1.0
VariableCost,NDC,ECU,SUPCAMPLUGRA,,,1,2028,,,,,,1.0
VariableCost,NDC,ECU,SUPCAMPLUGRA,,,1,2029,,,,,,1.0
VariableCost,NDC,ECU,SUPCAMPLUGRA,,,1,2030,,,,,,1.0
VariableCost,NDC,ECU,SUPCAMPLUGRA,,,1,2031,,,,,,1.0
VariableCost,NDC,ECU,SUPCAMPLUGRA,,,1,2032,,,,,,1.0
VariableCost,NDC,ECU,SUPCAMPLUGRA,,,1,2033,,,,,,1.0
VariableCost,NDC,ECU,SUPCAMPLUGRA,,,1,2034,,,,,,1.0
VariableCost,NDC,ECU,SUPCAMPLUGRA,,,1,2035,,,,,,1.0
VariableCost,NDC,ECU,SUPCAMMONGRA,,,1,2010,,,,,,1.0
VariableCost,NDC,ECU,SUPCAMMONGRA,,,1,2011,,,,,,1.0
VariableCost,NDC,ECU,SUPCAMMONGRA,,,1,2012,,,,,,1.0
VariableCost,NDC,ECU,SUPCAMMONGRA,,,1,2013,,,,,,1.0
VariableCost,NDC,ECU,SUPCAMMONGRA,,,1,2014,,,,,,1.0
VariableCost,NDC,ECU,SUPCAMMONGRA,,,1,2015,,,,,,1.0
VariableCost,NDC,ECU,SUPCAMMONGRA,,,1,2016,,,,,,1.0
VariableCost,NDC,ECU,SUPCAMMONGRA,,,1,2017,,,,,,1.0
VariableCost,NDC,ECU,SUPCAMMONGRA,,,1,2018,,,,,,1.0
VariableCost,NDC,ECU,SUPCAMMONGRA,,,1,2019,,,,,,1.0
VariableCost,NDC,ECU,SUPCAMMONGRA,,,1,2020,,,,,,1.0
VariableCost,NDC,ECU,SUPCAMMONGRA,,,1,2021,,,,,,1.0
VariableCost,NDC,ECU,SUPCAMMONGRA,,,1,2022,,,,,,1.0
VariableCost,NDC,ECU,SUPCAMMONGRA,,,1,2023,,,,,,1.0
VariableCost,NDC,ECU,SUPCAMMONGRA,,,1,2024,,,,,,1.0
VariableCost,NDC,ECU,SUPCAMMONGRA,,,1,2025,,,,,,1.0
VariableCost,NDC,ECU,SUPCAMMONGRA,,,1,2026,,,,,,1.0
VariableCost,NDC,ECU,SUPCAMMONGRA,,,1,2027,,,,,,1.0
VariableCost,NDC,ECU,SUPCAMMONGRA,,,1,2028,,,,,,1.0
VariableCost,NDC,ECU,SUPCAMMONGRA,,,1,2029,,,,,,1.0
VariableCost,NDC,ECU,SUPCAMMONGRA,,,1,2030,,,,,,1.0
VariableCost,NDC,ECU,SUPCAMMONGRA,,,1,2031,,,,,,1.0
VariableCost,NDC,ECU,SUPCAMMONGRA,,,1,2032,,,,,,1.0
VariableCost,NDC,ECU,SUPCAMMONGRA,,,1,2033,,,,,,1.0
VariableCost,NDC,ECU,SUPCAMMONGRA,,,1,2034,,,,,,1.0
VariableCost,NDC,ECU,SUPCAMMONGRA,,,1,2035,,,,,,1.0
VariableCost,NDC,ECU,SUPCAMPIEGRA,,,1,2010,,,,,,1.0
VariableCost,NDC,ECU,SUPCAMPIEGRA,,,1,2011,,,,,,1.0
VariableCost,NDC,ECU,SUPCAMPIEGRA,,,1,2012,,,,,,1.0
VariableCost,NDC,ECU,SUPCAMPIEGRA,,,1,2013,,,,,,1.0
VariableCost,NDC,ECU,SUPCAMPIEGRA,,,1,2014,,,,,,1.0
VariableCost,NDC,ECU,SUPCAMPIEGRA,,,1,2015,,,,,,1.0
VariableCost,NDC,ECU,SUPCAMPIEGRA,,,1,2016,,,,,,1.0
VariableCost,NDC,ECU,SUPCAMPIEGRA,,,1,2017,,,,,,1.0
VariableCost,NDC,ECU,SUPCAMPIEGRA,,,1,2018,,,,,,1.0
VariableCost,NDC,ECU,SUPCAMPIEGRA,,,1,2019,,,,,,1.0
VariableCost,NDC,ECU,SUPCAMPIEGRA,,,1,2020,,,,,,1.0
VariableCost,NDC,ECU,SUPCAMPIEGRA,,,1,2021,,,,,,1.0
VariableCost,NDC,ECU,SUPCAMPIEGRA,,,1,2022,,,,,,1.0
VariableCost,NDC,ECU,SUPCAMPIEGRA,,,1,2023,,,,,,1.0
VariableCost,NDC,ECU,SUPCAMPIEGRA,,,1,2024,,,,,,1.0
VariableCost,NDC,ECU,SUPCAMPIEGRA,,,1,2025,,,,,,1.0
VariableCost,NDC,ECU,SUPCAMPIEGRA,,,1,2026,,,,,,1.0
VariableCost,NDC,ECU,SUPCAMPIEGRA,,,1,2027,,,,,,1.0
VariableCost,NDC,ECU,SUPCAMPIEGRA,,,1,2028,,,,,,1.0
VariableCost,NDC,ECU,SUPCAMPIEGRA,,,1,2029,,,,,,1.0
VariableCost,NDC,ECU,SUPCAMPIEGRA,,,1,2030,,,,,,1.0
VariableCost,NDC,ECU,SUPCAMPIEGRA,,,1,2031,,,,,,1.0
VariableCost,NDC,ECU,SUPCAMPIEGRA,,,1,2032,,,,,,1.0
VariableCost,NDC,ECU,SUPCAMPIEGRA,,,1,2033,,,,,,1.0
VariableCost,NDC,ECU,SUPCAMPIEGRA,,,1,2034,,,,,,1.0
VariableCost,NDC,ECU,SUPCAMPIEGRA,,,1,2035,,,,,,1.0
VariableCost,NDC,ECU,SUPCAMCEJGRA,,,1,2010,,,,,,1.0
VariableCost,NDC,ECU,SUPCAMCEJGRA,,,1,2011,,,,,,1.0
VariableCost,NDC,ECU,SUPCAMCEJGRA,,,1,2012,,,,,,1.0
VariableCost,NDC,ECU,SUPCAMCEJGRA,,,1,2013,,,,,,1.0
VariableCost,NDC,ECU,SUPCAMCEJGRA,,,1,2014,,,,,,1.0
VariableCost,NDC,ECU,SUPCAMCEJGRA,,,1,2015,,,,,,1.0
VariableCost,NDC,ECU,SUPCAMCEJGRA,,,1,2016,,,,,,1.0
VariableCost,NDC,ECU,SUPCAMCEJGRA,,,1,2017,,,,,,1.0
VariableCost,NDC,ECU,SUPCAMCEJGRA,,,1,2018,,,,,,1.0
VariableCost,NDC,ECU,SUPCAMCEJGRA,,,1,2019,,,,,,1.0
VariableCost,NDC,ECU,SUPCAMCEJGRA,,,1,2020,,,,,,1.0
VariableCost,NDC,ECU,SUPCAMCEJGRA,,,1,2021,,,,,,1.0
VariableCost,NDC,ECU,SUPCAMCEJGRA,,,1,2022,,,,,,1.0
VariableCost,NDC,ECU,SUPCAMCEJGRA,,,1,2023,,,,,,1.0
VariableCost,NDC,ECU,SUPCAMCEJGRA,,,1,2024,,,,,,1.0
VariableCost,NDC,ECU,SUPCAMCEJGRA,,,1,2025,,,,,,1.0
VariableCost,NDC,ECU,SUPCAMCEJGRA,,,1,2026,,,,,,1.0
VariableCost,NDC,ECU,SUPCAMCEJGRA,,,1,2027,,,,,,1.0
VariableCost,NDC,ECU,SUPCAMCEJGRA,,,1,2028,,,,,,1.0
VariableCost,NDC,ECU,SUPCAMCEJGRA,,,1,2029,,,,,,1.0
VariableCost,NDC,ECU,SUPCAMCEJGRA,,,1,2030,,,,,,1.0
VariableCost,NDC,ECU,SUPCAMCEJGRA,,,1,2031,,,,,,1.0
VariableCost,NDC,ECU,SUPCAMCEJGRA,,,1,2032,,,,,,1.0
VariableCost,NDC,ECU,SUPCAMCEJGRA,,,1,2033,,,,,,1.0
VariableCost,NDC,ECU,SUPCAMCEJGRA,,,1,2034,,,,,,1.0
VariableCost,NDC,ECU,SUPCAMCEJGRA,,,1,2035,,,,,,1.0
VariableCost,NDC,ECU,SUPCAMAMAGRA,,,1,2010,,,,,,1.0
VariableCost,NDC,ECU,SUPCAMAMAGRA,,,1,2011,,,,,,1.0
VariableCost,NDC,ECU,SUPCAMAMAGRA,,,1,2012,,,,,,1.0
VariableCost,NDC,ECU,SUPCAMAMAGRA,,,1,2013,,,,,,1.0
VariableCost,NDC,ECU,SUPCAMAMAGRA,,,1,2014,,,,,,1.0
VariableCost,NDC,ECU,SUPCAMAMAGRA,,,1,2015,,,,,,1.0
VariableCost,NDC,ECU,SUPCAMAMAGRA,,,1,2016,,,,,,1.0
VariableCost,NDC,ECU,SUPCAMAMAGRA,,,1,2017,,,,,,1.0
VariableCost,NDC,ECU,SUPCAMAMAGRA,,,1,2018,,,,,,1.0
VariableCost,NDC,ECU,SUPCAMAMAGRA,,,1,2019,,,,,,1.0
VariableCost,NDC,ECU,SUPCAMAMAGRA,,,1,2020,,,,,,1.0
VariableCost,NDC,ECU,SUPCAMAMAGRA,,,1,2021,,,,,,1.0
VariableCost,NDC,ECU,SUPCAMAMAGRA,,,1,2022,,,,,,1.0
VariableCost,NDC,ECU,SUPCAMAMAGRA,,,1,2023,,,,,,1.0
VariableCost,NDC,ECU,SUPCAMAMAGRA,,,1,2024,,,,,,1.0
VariableCost,NDC,ECU,SUPCAMAMAGRA,,,1,2025,,,,,,1.0
VariableCost,NDC,ECU,SUPCAMAMAGRA,,,1,2026,,,,,,1.0
VariableCost,NDC,ECU,SUPCAMAMAGRA,,,1,2027,,,,,,1.0
VariableCost,NDC,ECU,SUPCAMAMAGRA,,,1,2028,,,,,,1.0
VariableCost,NDC,ECU,SUPCAMAMAGRA,,,1,2029,,,,,,1.0
VariableCost,NDC,ECU,SUPCAMAMAGRA,,,1,2030,,,,,,1.0
VariableCost,NDC,ECU,SUPCAMAMAGRA,,,1,2031,,,,,,1.0
VariableCost,NDC,ECU,SUPCAMAMAGRA,,,1,2032,,,,,,1.0
VariableCost,NDC,ECU,SUPCAMAMAGRA,,,1,2033,,,,,,1.0
VariableCost,NDC,ECU,SUPCAMAMAGRA,,,1,2034,,,,,,1.0
VariableCost,NDC,ECU,SUPCAMAMAGRA,,,1,2035,,,,,,1.0
VariableCost,NDC,ECU,SUPCAMCHOGRA,,,1,2010,,,,,,1.0
VariableCost,NDC,ECU,SUPCAMCHOGRA,,,1,2011,,,,,,1.0
VariableCost,NDC,ECU,SUPCAMCHOGRA,,,1,2012,,,,,,1.0
VariableCost,NDC,ECU,SUPCAMCHOGRA,,,1,2013,,,,,,1.0
VariableCost,NDC,ECU,SUPCAMCHOGRA,,,1,2014,,,,,,1.0
VariableCost,NDC,ECU,SUPCAMCHOGRA,,,1,2015,,,,,,1.0
VariableCost,NDC,ECU,SUPCAMCHOGRA,,,1,2016,,,,,,1.0
VariableCost,NDC,ECU,SUPCAMCHOGRA,,,1,2017,,,,,,1.0
VariableCost,NDC,ECU,SUPCAMCHOGRA,,,1,2018,,,,,,1.0
VariableCost,NDC,ECU,SUPCAMCHOGRA,,,1,2019,,,,,,1.0
VariableCost,NDC,ECU,SUPCAMCHOGRA,,,1,2020,,,,,,1.0
VariableCost,NDC,ECU,SUPCAMCHOGRA,,,1,2021,,,,,,1.0
VariableCost,NDC,ECU,SUPCAMCHOGRA,,,1,2022,,,,,,1.0
VariableCost,NDC,ECU,SUPCAMCHOGRA,,,1,2023,,,,,,1.0
VariableCost,NDC,ECU,SUPCAMCHOGRA,,,1,2024,,,,,,1.0
VariableCost,NDC,ECU,SUPCAMCHOGRA,,,1,2025,,,,,,1.0
VariableCost,NDC,ECU,SUPCAMCHOGRA,,,1,2026,,,,,,1.0
VariableCost,NDC,ECU,SUPCAMCHOGRA,,,1,2027,,,,,,1.0
VariableCost,NDC,ECU,SUPCAMCHOGRA,,,1,2028,,,,,,1.0
VariableCost,NDC,ECU,SUPCAMCHOGRA,,,1,2029,,,,,,1.0
VariableCost,NDC,ECU,SUPCAMCHOGRA,,,1,2030,,,,,,1.0
VariableCost,NDC,ECU,SUPCAMCHOGRA,,,1,2031,,,,,,1.0
VariableCost,NDC,ECU,SUPCAMCHOGRA,,,1,2032,,,,,,1.0
VariableCost,NDC,ECU,SUPCAMCHOGRA,,,1,2033,,,,,,1.0
VariableCost,NDC,ECU,SUPCAMCHOGRA,,,1,2034,,,,,,1.0
VariableCost,NDC,ECU,SUPCAMCHOGRA,,,1,2035,,,,,,1.0
VariableCost,NDC,ECU,SUPCAMMANGRA,,,1,2010,,,,,,1.0
VariableCost,NDC,ECU,SUPCAMMANGRA,,,1,2011,,,,,,1.0
VariableCost,NDC,ECU,SUPCAMMANGRA,,,1,2012,,,,,,1.0
VariableCost,NDC,ECU,SUPCAMMANGRA,,,1,2013,,,,,,1.0
VariableCost,NDC,ECU,SUPCAMMANGRA,,,1,2014,,,,,,1.0
VariableCost,NDC,ECU,SUPCAMMANGRA,,,1,2015,,,,,,1.0
VariableCost,NDC,ECU,SUPCAMMANGRA,,,1,2016,,,,,,1.0
VariableCost,NDC,ECU,SUPCAMMANGRA,,,1,2017,,,,,,1.0
VariableCost,NDC,ECU,SUPCAMMANGRA,,,1,2018,,,,,,1.0
VariableCost,NDC,ECU,SUPCAMMANGRA,,,1,2019,,,,,,1.0
VariableCost,NDC,ECU,SUPCAMMANGRA,,,1,2020,,,,,,1.0
VariableCost,NDC,ECU,SUPCAMMANGRA,,,1,2021,,,,,,1.0
VariableCost,NDC,ECU,SUPCAMMANGRA,,,1,2022,,,,,,1.0
VariableCost,NDC,ECU,SUPCAMMANGRA,,,1,2023,,,,,,1.0
VariableCost,NDC,ECU,SUPCAMMANGRA,,,1,2024,,,,,,1.0
VariableCost,NDC,ECU,SUPCAMMANGRA,,,1,2025,,,,,,1.0
VariableCost,NDC,ECU,SUPCAMMANGRA,,,1,2026,,,,,,1.0
VariableCost,NDC,ECU,SUPCAMMANGRA,,,1,2027,,,,,,1.0
VariableCost,NDC,ECU,SUPCAMMANGRA,,,1,2028,,,,,,1.0
VariableCost,NDC,ECU,SUPCAMMANGRA,,,1,2029,,,,,,1.0
VariableCost,NDC,ECU,SUPCAMMANGRA,,,1,2030,,,,,,1.0
VariableCost,NDC,ECU,SUPCAMMANGRA,,,1,2031,,,,,,1.0
VariableCost,NDC,ECU,SUPCAMMANGRA,,,1,2032,,,,,,1.0
VariableCost,NDC,ECU,SUPCAMMANGRA,,,1,2033,,,,,,1.0
VariableCost,NDC,ECU,SUPCAMMANGRA,,,1,2034,,,,,,1.0
VariableCost,NDC,ECU,SUPCAMMANGRA,,,1,2035,,,,,,1.0
VariableCost,NDC,ECU,SUPCAMMORGRA,,,1,2010,,,,,,1.0
VariableCost,NDC,ECU,SUPCAMMORGRA,,,1,2011,,,,,,1.0
VariableCost,NDC,ECU,SUPCAMMORGRA,,,1,2012,,,,,,1.0
VariableCost,NDC,ECU,SUPCAMMORGRA,,,1,2013,,,,,,1.0
VariableCost,NDC,ECU,SUPCAMMORGRA,,,1,2014,,,,,,1.0
VariableCost,NDC,ECU,SUPCAMMORGRA,,,1,2015,,,,,,1.0
VariableCost,NDC,ECU,SUPCAMMORGRA,,,1,2016,,,,,,1.0
VariableCost,NDC,ECU,SUPCAMMORGRA,,,1,2017,,,,,,1.0
VariableCost,NDC,ECU,SUPCAMMORGRA,,,1,2018,,,,,,1.0
VariableCost,NDC,ECU,SUPCAMMORGRA,,,1,2019,,,,,,1.0
VariableCost,NDC,ECU,SUPCAMMORGRA,,,1,2020,,,,,,1.0
VariableCost,NDC,ECU,SUPCAMMORGRA,,,1,2021,,,,,,1.0
VariableCost,NDC,ECU,SUPCAMMORGRA,,,1,2022,,,,,,1.0
VariableCost,NDC,ECU,SUPCAMMORGRA,,,1,2023,,,,,,1.0
VariableCost,NDC,ECU,SUPCAMMORGRA,,,1,2024,,,,,,1.0
VariableCost,NDC,ECU,SUPCAMMORGRA,,,1,2025,,,,,,1.0
VariableCost,NDC,ECU,SUPCAMMORGRA,,,1,2026,,,,,,1.0
VariableCost,NDC,ECU,SUPCAMMORGRA,,,1,2027,,,,,,1.0
VariableCost,NDC,ECU,SUPCAMMORGRA,,,1,2028,,,,,,1.0
VariableCost,NDC,ECU,SUPCAMMORGRA,,,1,2029,,,,,,1.0
VariableCost,NDC,ECU,SUPCAMMORGRA,,,1,2030,,,,,,1.0
VariableCost,NDC,ECU,SUPCAMMORGRA,,,1,2031,,,,,,1.0
VariableCost,NDC,ECU,SUPCAMMORGRA,,,1,2032,,,,,,1.0
VariableCost,NDC,ECU,SUPCAMMORGRA,,,1,2033,,,,,,1.0
VariableCost,NDC,ECU,SUPCAMMORGRA,,,1,2034,,,,,,1.0
VariableCost,NDC,ECU,SUPCAMMORGRA,,,1,2035,,,,,,1.0
VariableCost,NDC,ECU,SUPCAMPFOGRA,,,1,2010,,,,,,1.0
VariableCost,NDC,ECU,SUPCAMPFOGRA,,,1,2011,,,,,,1.0
VariableCost,NDC,ECU,SUPCAMPFOGRA,,,1,2012,,,,,,1.0
VariableCost,NDC,ECU,SUPCAMPFOGRA,,,1,2013,,,,,,1.0
VariableCost,NDC,ECU,SUPCAMPFOGRA,,,1,2014,,,,,,1.0
VariableCost,NDC,ECU,SUPCAMPFOGRA,,,1,2015,,,,,,1.0
VariableCost,NDC,ECU,SUPCAMPFOGRA,,,1,2016,,,,,,1.0
VariableCost,NDC,ECU,SUPCAMPFOGRA,,,1,2017,,,,,,1.0
VariableCost,NDC,ECU,SUPCAMPFOGRA,,,1,2018,,,,,,1.0
VariableCost,NDC,ECU,SUPCAMPFOGRA,,,1,2019,,,,,,1.0
VariableCost,NDC,ECU,SUPCAMPFOGRA,,,1,2020,,,,,,1.0
VariableCost,NDC,ECU,SUPCAMPFOGRA,,,1,2021,,,,,,1.0
VariableCost,NDC,ECU,SUPCAMPFOGRA,,,1,2022,,,,,,1.0
VariableCost,NDC,ECU,SUPCAMPFOGRA,,,1,2023,,,,,,1.0
VariableCost,NDC,ECU,SUPCAMPFOGRA,,,1,2024,,,,,,1.0
VariableCost,NDC,ECU,SUPCAMPFOGRA,,,1,2025,,,,,,1.0
VariableCost,NDC,ECU,SUPCAMPFOGRA,,,1,2026,,,,,,1.0
VariableCost,NDC,ECU,SUPCAMPFOGRA,,,1,2027,,,,,,1.0
VariableCost,NDC,ECU,SUPCAMPFOGRA,,,1,2028,,,,,,1.0
VariableCost,NDC,ECU,SUPCAMPFOGRA,,,1,2029,,,,,,1.0
VariableCost,NDC,ECU,SUPCAMPFOGRA,,,1,2030,,,,,,1.0
VariableCost,NDC,ECU,SUPCAMPFOGRA,,,1,2031,,,,,,1.0
VariableCost,NDC,ECU,SUPCAMPFOGRA,,,1,2032,,,,,,1.0
VariableCost,NDC,ECU,SUPCAMPFOGRA,,,1,2033,,,,,,1.0
VariableCost,NDC,ECU,SUPCAMPFOGRA,,,1,2034,,,,,,1.0
VariableCost,NDC,ECU,SUPCAMPFOGRA,,,1,2035,,,,,,1.0
VariableCost,NDC,ECU,SUPCAMCROGRA,,,1,2010,,,,,,1.0
VariableCost,NDC,ECU,SUPCAMCROGRA,,,1,2011,,,,,,1.0
VariableCost,NDC,ECU,SUPCAMCROGRA,,,1,2012,,,,,,1.0
VariableCost,NDC,ECU,SUPCAMCROGRA,,,1,2013,,,,,,1.0
VariableCost,NDC,ECU,SUPCAMCROGRA,,,1,2014,,,,,,1.0
VariableCost,NDC,ECU,SUPCAMCROGRA,,,1,2015,,,,,,1.0
VariableCost,NDC,ECU,SUPCAMCROGRA,,,1,2016,,,,,,1.0
VariableCost,NDC,ECU,SUPCAMCROGRA,,,1,2017,,,,,,1.0
VariableCost,NDC,ECU,SUPCAMCROGRA,,,1,2018,,,,,,1.0
VariableCost,NDC,ECU,SUPCAMCROGRA,,,1,2019,,,,,,1.0
VariableCost,NDC,ECU,SUPCAMCROGRA,,,1,2020,,,,,,1.0
VariableCost,NDC,ECU,SUPCAMCROGRA,,,1,2021,,,,,,1.0
VariableCost,NDC,ECU,SUPCAMCROGRA,,,1,2022,,,,,,1.0
VariableCost,NDC,ECU,SUPCAMCROGRA,,,1,2023,,,,,,1.0
VariableCost,NDC,ECU,SUPCAMCROGRA,,,1,2024,,,,,,1.0
VariableCost,NDC,ECU,SUPCAMCROGRA,,,1,2025,,,,,,1.0
VariableCost,NDC,ECU,SUPCAMCROGRA,,,1,2026,,,,,,1.0
VariableCost,NDC,ECU,SUPCAMCROGRA,,,1,2027,,,,,,1.0
VariableCost,NDC,ECU,SUPCAMCROGRA,,,1,2028,,,,,,1.0
VariableCost,NDC,ECU,SUPCAMCROGRA,,,1,2029,,,,,,1.0
VariableCost,NDC,ECU,SUPCAMCROGRA,,,1,2030,,,,,,1.0
VariableCost,NDC,ECU,SUPCAMCROGRA,,,1,2031,,,,,,1.0
VariableCost,NDC,ECU,SUPCAMCROGRA,,,1,2032,,,,,,1.0
VariableCost,NDC,ECU,SUPCAMCROGRA,,,1,2033,,,,,,1.0
VariableCost,NDC,ECU,SUPCAMCROGRA,,,1,2034,,,,,,1.0
VariableCost,NDC,ECU,SUPCAMCROGRA,,,1,2035,,,,,,1.0
VariableCost,NDC,ECU,SUPCAMHUMGRA,,,1,2010,,,,,,1.0
VariableCost,NDC,ECU,SUPCAMHUMGRA,,,1,2011,,,,,,1.0
VariableCost,NDC,ECU,SUPCAMHUMGRA,,,1,2012,,,,,,1.0
VariableCost,NDC,ECU,SUPCAMHUMGRA,,,1,2013,,,,,,1.0
VariableCost,NDC,ECU,SUPCAMHUMGRA,,,1,2014,,,,,,1.0
VariableCost,NDC,ECU,SUPCAMHUMGRA,,,1,2015,,,,,,1.0
VariableCost,NDC,ECU,SUPCAMHUMGRA,,,1,2016,,,,,,1.0
VariableCost,NDC,ECU,SUPCAMHUMGRA,,,1,2017,,,,,,1.0
VariableCost,NDC,ECU,SUPCAMHUMGRA,,,1,2018,,,,,,1.0
VariableCost,NDC,ECU,SUPCAMHUMGRA,,,1,2019,,,,,,1.0
VariableCost,NDC,ECU,SUPCAMHUMGRA,,,1,2020,,,,,,1.0
VariableCost,NDC,ECU,SUPCAMHUMGRA,,,1,2021,,,,,,1.0
VariableCost,NDC,ECU,SUPCAMHUMGRA,,,1,2022,,,,,,1.0
VariableCost,NDC,ECU,SUPCAMHUMGRA,,,1,2023,,,,,,1.0
VariableCost,NDC,ECU,SUPCAMHUMGRA,,,1,2024,,,,,,1.0
VariableCost,NDC,ECU,SUPCAMHUMGRA,,,1,2025,,,,,,1.0
VariableCost,NDC,ECU,SUPCAMHUMGRA,,,1,2026,,,,,,1.0
VariableCost,NDC,ECU,SUPCAMHUMGRA,,,1,2027,,,,,,1.0
VariableCost,NDC,ECU,SUPCAMHUMGRA,,,1,2028,,,,,,1.0
VariableCost,NDC,ECU,SUPCAMHUMGRA,,,1,2029,,,,,,1.0
VariableCost,NDC,ECU,SUPCAMHUMGRA,,,1,2030,,,,,,1.0
VariableCost,NDC,ECU,SUPCAMHUMGRA,,,1,2031,,,,,,1.0
VariableCost,NDC,ECU,SUPCAMHUMGRA,,,1,2032,,,,,,1.0
VariableCost,NDC,ECU,SUPCAMHUMGRA,,,1,2033,,,,,,1.0
VariableCost,NDC,ECU,SUPCAMHUMGRA,,,1,2034,,,,,,1.0
VariableCost,NDC,ECU,SUPCAMHUMGRA,,,1,2035,,,,,,1.0
VariableCost,NDC,ECU,SUPCAMOTIGRA,,,1,2010,,,,,,1.0
VariableCost,NDC,ECU,SUPCAMOTIGRA,,,1,2011,,,,,,1.0
VariableCost,NDC,ECU,SUPCAMOTIGRA,,,1,2012,,,,,,1.0
VariableCost,NDC,ECU,SUPCAMOTIGRA,,,1,2013,,,,,,1.0
VariableCost,NDC,ECU,SUPCAMOTIGRA,,,1,2014,,,,,,1.0
VariableCost,NDC,ECU,SUPCAMOTIGRA,,,1,2015,,,,,,1.0
VariableCost,NDC,ECU,SUPCAMOTIGRA,,,1,2016,,,,,,1.0
VariableCost,NDC,ECU,SUPCAMOTIGRA,,,1,2017,,,,,,1.0
VariableCost,NDC,ECU,SUPCAMOTIGRA,,,1,2018,,,,,,1.0
VariableCost,NDC,ECU,SUPCAMOTIGRA,,,1,2019,,,,,,1.0
VariableCost,NDC,ECU,SUPCAMOTIGRA,,,1,2020,,,,,,1.0
VariableCost,NDC,ECU,SUPCAMOTIGRA,,,1,2021,,,,,,1.0
VariableCost,NDC,ECU,SUPCAMOTIGRA,,,1,2022,,,,,,1.0
VariableCost,NDC,ECU,SUPCAMOTIGRA,,,1,2023,,,,,,1.0
VariableCost,NDC,ECU,SUPCAMOTIGRA,,,1,2024,,,,,,1.0
VariableCost,NDC,ECU,SUPCAMOTIGRA,,,1,2025,,,,,,1.0
VariableCost,NDC,ECU,SUPCAMOTIGRA,,,1,2026,,,,,,1.0
VariableCost,NDC,ECU,SUPCAMOTIGRA,,,1,2027,,,,,,1.0
VariableCost,NDC,ECU,SUPCAMOTIGRA,,,1,2028,,,,,,1.0
VariableCost,NDC,ECU,SUPCAMOTIGRA,,,1,2029,,,,,,1.0
VariableCost,NDC,ECU,SUPCAMOTIGRA,,,1,2030,,,,,,1.0
VariableCost,NDC,ECU,SUPCAMOTIGRA,,,1,2031,,,,,,1.0
VariableCost,NDC,ECU,SUPCAMOTIGRA,,,1,2032,,,,,,1.0
VariableCost,NDC,ECU,SUPCAMOTIGRA,,,1,2033,,,,,,1.0
VariableCost,NDC,ECU,SUPCAMOTIGRA,,,1,2034,,,,,,1.0
VariableCost,NDC,ECU,SUPCAMOTIGRA,,,1,2035,,,,,,1.0
VariableCost,NDC,ECU,SUPCAMANDHUM,,,1,2010,,,,,,1.0
VariableCost,NDC,ECU,SUPCAMANDHUM,,,1,2011,,,,,,1.0
VariableCost,NDC,ECU,SUPCAMANDHUM,,,1,2012,,,,,,1.0
VariableCost,NDC,ECU,SUPCAMANDHUM,,,1,2013,,,,,,1.0
VariableCost,NDC,ECU,SUPCAMANDHUM,,,1,2014,,,,,,1.0
VariableCost,NDC,ECU,SUPCAMANDHUM,,,1,2015,,,,,,1.0
VariableCost,NDC,ECU,SUPCAMANDHUM,,,1,2016,,,,,,1.0
VariableCost,NDC,ECU,SUPCAMANDHUM,,,1,2017,,,,,,1.0
VariableCost,NDC,ECU,SUPCAMANDHUM,,,1,2018,,,,,,1.0
VariableCost,NDC,ECU,SUPCAMANDHUM,,,1,2019,,,,,,1.0
VariableCost,NDC,ECU,SUPCAMANDHUM,,,1,2020,,,,,,1.0
VariableCost,NDC,ECU,SUPCAMANDHUM,,,1,2021,,,,,,1.0
VariableCost,NDC,ECU,SUPCAMANDHUM,,,1,2022,,,,,,1.0
VariableCost,NDC,ECU,SUPCAMANDHUM,,,1,2023,,,,,,1.0
VariableCost,NDC,ECU,SUPCAMANDHUM,,,1,2024,,,,,,1.0
VariableCost,NDC,ECU,SUPCAMANDHUM,,,1,2025,,,,,,1.0
VariableCost,NDC,ECU,SUPCAMANDHUM,,,1,2026,,,,,,1.0
VariableCost,NDC,ECU,SUPCAMANDHUM,,,1,2027,,,,,,1.0
VariableCost,NDC,ECU,SUPCAMANDHUM,,,1,2028,,,,,,1.0
VariableCost,NDC,ECU,SUPCAMANDHUM,,,1,2029,,,,,,1.0
VariableCost,NDC,ECU,SUPCAMANDHUM,,,1,2030,,,,,,1.0
VariableCost,NDC,ECU,SUPCAMANDHUM,,,1,2031,,,,,,1.0
VariableCost,NDC,ECU,SUPCAMANDHUM,,,1,2032,,,,,,1.0
VariableCost,NDC,ECU,SUPCAMANDHUM,,,1,2033,,,,,,1.0
VariableCost,NDC,ECU,SUPCAMANDHUM,,,1,2034,,,,,,1.0
VariableCost,NDC,ECU,SUPCAMANDHUM,,,1,2035,,,,,,1.0
VariableCost,NDC,ECU,SUPCAMPLUHUM,,,1,2010,,,,,,1.0
VariableCost,NDC,ECU,SUPCAMPLUHUM,,,1,2011,,,,,,1.0
VariableCost,NDC,ECU,SUPCAMPLUHUM,,,1,2012,,,,,,1.0
VariableCost,NDC,ECU,SUPCAMPLUHUM,,,1,2013,,,,,,1.0
VariableCost,NDC,ECU,SUPCAMPLUHUM,,,1,2014,,,,,,1.0
VariableCost,NDC,ECU,SUPCAMPLUHUM,,,1,2015,,,,,,1.0
VariableCost,NDC,ECU,SUPCAMPLUHUM,,,1,2016,,,,,,1.0
VariableCost,NDC,ECU,SUPCAMPLUHUM,,,1,2017,,,,,,1.0
VariableCost,NDC,ECU,SUPCAMPLUHUM,,,1,2018,,,,,,1.0
VariableCost,NDC,ECU,SUPCAMPLUHUM,,,1,2019,,,,,,1.0
VariableCost,NDC,ECU,SUPCAMPLUHUM,,,1,2020,,,,,,1.0
VariableCost,NDC,ECU,SUPCAMPLUHUM,,,1,2021,,,,,,1.0
VariableCost,NDC,ECU,SUPCAMPLUHUM,,,1,2022,,,,,,1.0
VariableCost,NDC,ECU,SUPCAMPLUHUM,,,1,2023,,,,,,1.0
VariableCost,NDC,ECU,SUPCAMPLUHUM,,,1,2024,,,,,,1.0
VariableCost,NDC,ECU,SUPCAMPLUHUM,,,1,2025,,,,,,1.0
VariableCost,NDC,ECU,SUPCAMPLUHUM,,,1,2026,,,,,,1.0
VariableCost,NDC,ECU,SUPCAMPLUHUM,,,1,2027,,,,,,1.0
VariableCost,NDC,ECU,SUPCAMPLUHUM,,,1,2028,,,,,,1.0
VariableCost,NDC,ECU,SUPCAMPLUHUM,,,1,2029,,,,,,1.0
VariableCost,NDC,ECU,SUPCAMPLUHUM,,,1,2030,,,,,,1.0
VariableCost,NDC,ECU,SUPCAMPLUHUM,,,1,2031,,,,,,1.0
VariableCost,NDC,ECU,SUPCAMPLUHUM,,,1,2032,,,,,,1.0
VariableCost,NDC,ECU,SUPCAMPLUHUM,,,1,2033,,,,,,1.0
VariableCost,NDC,ECU,SUPCAMPLUHUM,,,1,2034,,,,,,1.0
VariableCost,NDC,ECU,SUPCAMPLUHUM,,,1,2035,,,,,,1.0
VariableCost,NDC,ECU,SUPCAMMONHUM,,,1,2010,,,,,,1.0
VariableCost,NDC,ECU,SUPCAMMONHUM,,,1,2011,,,,,,1.0
VariableCost,NDC,ECU,SUPCAMMONHUM,,,1,2012,,,,,,1.0
VariableCost,NDC,ECU,SUPCAMMONHUM,,,1,2013,,,,,,1.0
VariableCost,NDC,ECU,SUPCAMMONHUM,,,1,2014,,,,,,1.0
VariableCost,NDC,ECU,SUPCAMMONHUM,,,1,2015,,,,,,1.0
VariableCost,NDC,ECU,SUPCAMMONHUM,,,1,2016,,,,,,1.0
VariableCost,NDC,ECU,SUPCAMMONHUM,,,1,2017,,,,,,1.0
VariableCost,NDC,ECU,SUPCAMMONHUM,,,1,2018,,,,,,1.0
VariableCost,NDC,ECU,SUPCAMMONHUM,,,1,2019,,,,,,1.0
VariableCost,NDC,ECU,SUPCAMMONHUM,,,1,2020,,,,,,1.0
VariableCost,NDC,ECU,SUPCAMMONHUM,,,1,2021,,,,,,1.0
VariableCost,NDC,ECU,SUPCAMMONHUM,,,1,2022,,,,,,1.0
VariableCost,NDC,ECU,SUPCAMMONHUM,,,1,2023,,,,,,1.0
VariableCost,NDC,ECU,SUPCAMMONHUM,,,1,2024,,,,,,1.0
VariableCost,NDC,ECU,SUPCAMMONHUM,,,1,2025,,,,,,1.0
VariableCost,NDC,ECU,SUPCAMMONHUM,,,1,2026,,,,,,1.0
VariableCost,NDC,ECU,SUPCAMMONHUM,,,1,2027,,,,,,1.0
VariableCost,NDC,ECU,SUPCAMMONHUM,,,1,2028,,,,,,1.0
VariableCost,NDC,ECU,SUPCAMMONHUM,,,1,2029,,,,,,1.0
VariableCost,NDC,ECU,SUPCAMMONHUM,,,1,2030,,,,,,1.0
VariableCost,NDC,ECU,SUPCAMMONHUM,,,1,2031,,,,,,1.0
VariableCost,NDC,ECU,SUPCAMMONHUM,,,1,2032,,,,,,1.0
VariableCost,NDC,ECU,SUPCAMMONHUM,,,1,2033,,,,,,1.0
VariableCost,NDC,ECU,SUPCAMMONHUM,,,1,2034,,,,,,1.0
VariableCost,NDC,ECU,SUPCAMMONHUM,,,1,2035,,,,,,1.0
VariableCost,NDC,ECU,SUPCAMPIEHUM,,,1,2010,,,,,,1.0
VariableCost,NDC,ECU,SUPCAMPIEHUM,,,1,2011,,,,,,1.0
VariableCost,NDC,ECU,SUPCAMPIEHUM,,,1,2012,,,,,,1.0
VariableCost,NDC,ECU,SUPCAMPIEHUM,,,1,2013,,,,,,1.0
VariableCost,NDC,ECU,SUPCAMPIEHUM,,,1,2014,,,,,,1.0
VariableCost,NDC,ECU,SUPCAMPIEHUM,,,1,2015,,,,,,1.0
VariableCost,NDC,ECU,SUPCAMPIEHUM,,,1,2016,,,,,,1.0
VariableCost,NDC,ECU,SUPCAMPIEHUM,,,1,2017,,,,,,1.0
VariableCost,NDC,ECU,SUPCAMPIEHUM,,,1,2018,,,,,,1.0
VariableCost,NDC,ECU,SUPCAMPIEHUM,,,1,2019,,,,,,1.0
VariableCost,NDC,ECU,SUPCAMPIEHUM,,,1,2020,,,,,,1.0
VariableCost,NDC,ECU,SUPCAMPIEHUM,,,1,2021,,,,,,1.0
VariableCost,NDC,ECU,SUPCAMPIEHUM,,,1,2022,,,,,,1.0
VariableCost,NDC,ECU,SUPCAMPIEHUM,,,1,2023,,,,,,1.0
VariableCost,NDC,ECU,SUPCAMPIEHUM,,,1,2024,,,,,,1.0
VariableCost,NDC,ECU,SUPCAMPIEHUM,,,1,2025,,,,,,1.0
VariableCost,NDC,ECU,SUPCAMPIEHUM,,,1,2026,,,,,,1.0
VariableCost,NDC,ECU,SUPCAMPIEHUM,,,1,2027,,,,,,1.0
VariableCost,NDC,ECU,SUPCAMPIEHUM,,,1,2028,,,,,,1.0
VariableCost,NDC,ECU,SUPCAMPIEHUM,,,1,2029,,,,,,1.0
VariableCost,NDC,ECU,SUPCAMPIEHUM,,,1,2030,,,,,,1.0
VariableCost,NDC,ECU,SUPCAMPIEHUM,,,1,2031,,,,,,1.0
VariableCost,NDC,ECU,SUPCAMPIEHUM,,,1,2032,,,,,,1.0
VariableCost,NDC,ECU,SUPCAMPIEHUM,,,1,2033,,,,,,1.0
VariableCost,NDC,ECU,SUPCAMPIEHUM,,,1,2034,,,,,,1.0
VariableCost,NDC,ECU,SUPCAMPIEHUM,,,1,2035,,,,,,1.0
VariableCost,NDC,ECU,SUPCAMCEJHUM,,,1,2010,,,,,,1.0
VariableCost,NDC,ECU,SUPCAMCEJHUM,,,1,2011,,,,,,1.0
VariableCost,NDC,ECU,SUPCAMCEJHUM,,,1,2012,,,,,,1.0
VariableCost,NDC,ECU,SUPCAMCEJHUM,,,1,2013,,,,,,1.0
VariableCost,NDC,ECU,SUPCAMCEJHUM,,,1,2014,,,,,,1.0
VariableCost,NDC,ECU,SUPCAMCEJHUM,,,1,2015,,,,,,1.0
VariableCost,NDC,ECU,SUPCAMCEJHUM,,,1,2016,,,,,,1.0
VariableCost,NDC,ECU,SUPCAMCEJHUM,,,1,2017,,,,,,1.0
VariableCost,NDC,ECU,SUPCAMCEJHUM,,,1,2018,,,,,,1.0
VariableCost,NDC,ECU,SUPCAMCEJHUM,,,1,2019,,,,,,1.0
VariableCost,NDC,ECU,SUPCAMCEJHUM,,,1,2020,,,,,,1.0
VariableCost,NDC,ECU,SUPCAMCEJHUM,,,1,2021,,,,,,1.0
VariableCost,NDC,ECU,SUPCAMCEJHUM,,,1,2022,,,,,,1.0
VariableCost,NDC,ECU,SUPCAMCEJHUM,,,1,2023,,,,,,1.0
VariableCost,NDC,ECU,SUPCAMCEJHUM,,,1,2024,,,,,,1.0
VariableCost,NDC,ECU,SUPCAMCEJHUM,,,1,2025,,,,,,1.0
VariableCost,NDC,ECU,SUPCAMCEJHUM,,,1,2026,,,,,,1.0
VariableCost,NDC,ECU,SUPCAMCEJHUM,,,1,2027,,,,,,1.0
VariableCost,NDC,ECU,SUPCAMCEJHUM,,,1,2028,,,,,,1.0
VariableCost,NDC,ECU,SUPCAMCEJHUM,,,1,2029,,,,,,1.0
VariableCost,NDC,ECU,SUPCAMCEJHUM,,,1,2030,,,,,,1.0
VariableCost,NDC,ECU,SUPCAMCEJHUM,,,1,2031,,,,,,1.0
VariableCost,NDC,ECU,SUPCAMCEJHUM,,,1,2032,,,,,,1.0
VariableCost,NDC,ECU,SUPCAMCEJHUM,,,1,2033,,,,,,1.0
VariableCost,NDC,ECU,SUPCAMCEJHUM,,,1,2034,,,,,,1.0
VariableCost,NDC,ECU,SUPCAMCEJHUM,,,1,2035,,,,,,1.0
VariableCost,NDC,ECU,SUPCAMAMAHUM,,,1,2010,,,,,,1.0
VariableCost,NDC,ECU,SUPCAMAMAHUM,,,1,2011,,,,,,1.0
VariableCost,NDC,ECU,SUPCAMAMAHUM,,,1,2012,,,,,,1.0
VariableCost,NDC,ECU,SUPCAMAMAHUM,,,1,2013,,,,,,1.0
VariableCost,NDC,ECU,SUPCAMAMAHUM,,,1,2014,,,,,,1.0
VariableCost,NDC,ECU,SUPCAMAMAHUM,,,1,2015,,,,,,1.0
VariableCost,NDC,ECU,SUPCAMAMAHUM,,,1,2016,,,,,,1.0
VariableCost,NDC,ECU,SUPCAMAMAHUM,,,1,2017,,,,,,1.0
VariableCost,NDC,ECU,SUPCAMAMAHUM,,,1,2018,,,,,,1.0
VariableCost,NDC,ECU,SUPCAMAMAHUM,,,1,2019,,,,,,1.0
VariableCost,NDC,ECU,SUPCAMAMAHUM,,,1,2020,,,,,,1.0
VariableCost,NDC,ECU,SUPCAMAMAHUM,,,1,2021,,,,,,1.0
VariableCost,NDC,ECU,SUPCAMAMAHUM,,,1,2022,,,,,,1.0
VariableCost,NDC,ECU,SUPCAMAMAHUM,,,1,2023,,,,,,1.0
VariableCost,NDC,ECU,SUPCAMAMAHUM,,,1,2024,,,,,,1.0
VariableCost,NDC,ECU,SUPCAMAMAHUM,,,1,2025,,,,,,1.0
VariableCost,NDC,ECU,SUPCAMAMAHUM,,,1,2026,,,,,,1.0
VariableCost,NDC,ECU,SUPCAMAMAHUM,,,1,2027,,,,,,1.0
VariableCost,NDC,ECU,SUPCAMAMAHUM,,,1,2028,,,,,,1.0
VariableCost,NDC,ECU,SUPCAMAMAHUM,,,1,2029,,,,,,1.0
VariableCost,NDC,ECU,SUPCAMAMAHUM,,,1,2030,,,,,,1.0
VariableCost,NDC,ECU,SUPCAMAMAHUM,,,1,2031,,,,,,1.0
VariableCost,NDC,ECU,SUPCAMAMAHUM,,,1,2032,,,,,,1.0
VariableCost,NDC,ECU,SUPCAMAMAHUM,,,1,2033,,,,,,1.0
VariableCost,NDC,ECU,SUPCAMAMAHUM,,,1,2034,,,,,,1.0
VariableCost,NDC,ECU,SUPCAMAMAHUM,,,1,2035,,,,,,1.0
VariableCost,NDC,ECU,SUPCAMCHOHUM,,,1,2010,,,,,,1.0
VariableCost,NDC,ECU,SUPCAMCHOHUM,,,1,2011,,,,,,1.0
VariableCost,NDC,ECU,SUPCAMCHOHUM,,,1,2012,,,,,,1.0
VariableCost,NDC,ECU,SUPCAMCHOHUM,,,1,2013,,,,,,1.0
VariableCost,NDC,ECU,SUPCAMCHOHUM,,,1,2014,,,,,,1.0
VariableCost,NDC,ECU,SUPCAMCHOHUM,,,1,2015,,,,,,1.0
VariableCost,NDC,ECU,SUPCAMCHOHUM,,,1,2016,,,,,,1.0
VariableCost,NDC,ECU,SUPCAMCHOHUM,,,1,2017,,,,,,1.0
VariableCost,NDC,ECU,SUPCAMCHOHUM,,,1,2018,,,,,,1.0
VariableCost,NDC,ECU,SUPCAMCHOHUM,,,1,2019,,,,,,1.0
VariableCost,NDC,ECU,SUPCAMCHOHUM,,,1,2020,,,,,,1.0
VariableCost,NDC,ECU,SUPCAMCHOHUM,,,1,2021,,,,,,1.0
VariableCost,NDC,ECU,SUPCAMCHOHUM,,,1,2022,,,,,,1.0
VariableCost,NDC,ECU,SUPCAMCHOHUM,,,1,2023,,,,,,1.0
VariableCost,NDC,ECU,SUPCAMCHOHUM,,,1,2024,,,,,,1.0
VariableCost,NDC,ECU,SUPCAMCHOHUM,,,1,2025,,,,,,1.0
VariableCost,NDC,ECU,SUPCAMCHOHUM,,,1,2026,,,,,,1.0
VariableCost,NDC,ECU,SUPCAMCHOHUM,,,1,2027,,,,,,1.0
VariableCost,NDC,ECU,SUPCAMCHOHUM,,,1,2028,,,,,,1.0
VariableCost,NDC,ECU,SUPCAMCHOHUM,,,1,2029,,,,,,1.0
VariableCost,NDC,ECU,SUPCAMCHOHUM,,,1,2030,,,,,,1.0
VariableCost,NDC,ECU,SUPCAMCHOHUM,,,1,2031,,,,,,1.0
VariableCost,NDC,ECU,SUPCAMCHOHUM,,,1,2032,,,,,,1.0
VariableCost,NDC,ECU,SUPCAMCHOHUM,,,1,2033,,,,,,1.0
VariableCost,NDC,ECU,SUPCAMCHOHUM,,,1,2034,,,,,,1.0
VariableCost,NDC,ECU,SUPCAMCHOHUM,,,1,2035,,,,,,1.0
VariableCost,NDC,ECU,SUPCAMMANHUM,,,1,2010,,,,,,1.0
VariableCost,NDC,ECU,SUPCAMMANHUM,,,1,2011,,,,,,1.0
VariableCost,NDC,ECU,SUPCAMMANHUM,,,1,2012,,,,,,1.0
VariableCost,NDC,ECU,SUPCAMMANHUM,,,1,2013,,,,,,1.0
VariableCost,NDC,ECU,SUPCAMMANHUM,,,1,2014,,,,,,1.0
VariableCost,NDC,ECU,SUPCAMMANHUM,,,1,2015,,,,,,1.0
VariableCost,NDC,ECU,SUPCAMMANHUM,,,1,2016,,,,,,1.0
VariableCost,NDC,ECU,SUPCAMMANHUM,,,1,2017,,,,,,1.0
VariableCost,NDC,ECU,SUPCAMMANHUM,,,1,2018,,,,,,1.0
VariableCost,NDC,ECU,SUPCAMMANHUM,,,1,2019,,,,,,1.0
VariableCost,NDC,ECU,SUPCAMMANHUM,,,1,2020,,,,,,1.0
VariableCost,NDC,ECU,SUPCAMMANHUM,,,1,2021,,,,,,1.0
VariableCost,NDC,ECU,SUPCAMMANHUM,,,1,2022,,,,,,1.0
VariableCost,NDC,ECU,SUPCAMMANHUM,,,1,2023,,,,,,1.0
VariableCost,NDC,ECU,SUPCAMMANHUM,,,1,2024,,,,,,1.0
VariableCost,NDC,ECU,SUPCAMMANHUM,,,1,2025,,,,,,1.0
VariableCost,NDC,ECU,SUPCAMMANHUM,,,1,2026,,,,,,1.0
VariableCost,NDC,ECU,SUPCAMMANHUM,,,1,2027,,,,,,1.0
VariableCost,NDC,ECU,SUPCAMMANHUM,,,1,2028,,,,,,1.0
VariableCost,NDC,ECU,SUPCAMMANHUM,,,1,2029,,,,,,1.0
VariableCost,NDC,ECU,SUPCAMMANHUM,,,1,2030,,,,,,1.0
VariableCost,NDC,ECU,SUPCAMMANHUM,,,1,2031,,,,,,1.0
VariableCost,NDC,ECU,SUPCAMMANHUM,,,1,2032,,,,,,1.0
VariableCost,NDC,ECU,SUPCAMMANHUM,,,1,2033,,,,,,1.0
VariableCost,NDC,ECU,SUPCAMMANHUM,,,1,2034,,,,,,1.0
VariableCost,NDC,ECU,SUPCAMMANHUM,,,1,2035,,,,,,1.0
VariableCost,NDC,ECU,SUPCAMMORHUM,,,1,2010,,,,,,1.0
VariableCost,NDC,ECU,SUPCAMMORHUM,,,1,2011,,,,,,1.0
VariableCost,NDC,ECU,SUPCAMMORHUM,,,1,2012,,,,,,1.0
VariableCost,NDC,ECU,SUPCAMMORHUM,,,1,2013,,,,,,1.0
VariableCost,NDC,ECU,SUPCAMMORHUM,,,1,2014,,,,,,1.0
VariableCost,NDC,ECU,SUPCAMMORHUM,,,1,2015,,,,,,1.0
VariableCost,NDC,ECU,SUPCAMMORHUM,,,1,2016,,,,,,1.0
VariableCost,NDC,ECU,SUPCAMMORHUM,,,1,2017,,,,,,1.0
VariableCost,NDC,ECU,SUPCAMMORHUM,,,1,2018,,,,,,1.0
VariableCost,NDC,ECU,SUPCAMMORHUM,,,1,2019,,,,,,1.0
VariableCost,NDC,ECU,SUPCAMMORHUM,,,1,2020,,,,,,1.0
VariableCost,NDC,ECU,SUPCAMMORHUM,,,1,2021,,,,,,1.0
VariableCost,NDC,ECU,SUPCAMMORHUM,,,1,2022,,,,,,1.0
VariableCost,NDC,ECU,SUPCAMMORHUM,,,1,2023,,,,,,1.0
VariableCost,NDC,ECU,SUPCAMMORHUM,,,1,2024,,,,,,1.0
VariableCost,NDC,ECU,SUPCAMMORHUM,,,1,2025,,,,,,1.0
VariableCost,NDC,ECU,SUPCAMMORHUM,,,1,2026,,,,,,1.0
VariableCost,NDC,ECU,SUPCAMMORHUM,,,1,2027,,,,,,1.0
VariableCost,NDC,ECU,SUPCAMMORHUM,,,1,2028,,,,,,1.0
VariableCost,NDC,ECU,SUPCAMMORHUM,,,1,2029,,,,,,1.0
VariableCost,NDC,ECU,SUPCAMMORHUM,,,1,2030,,,,,,1.0
VariableCost,NDC,ECU,SUPCAMMORHUM,,,1,2031,,,,,,1.0
VariableCost,NDC,ECU,SUPCAMMORHUM,,,1,2032,,,,,,1.0
VariableCost,NDC,ECU,SUPCAMMORHUM,,,1,2033,,,,,,1.0
VariableCost,NDC,ECU,SUPCAMMORHUM,,,1,2034,,,,,,1.0
VariableCost,NDC,ECU,SUPCAMMORHUM,,,1,2035,,,,,,1.0
VariableCost,NDC,ECU,SUPCAMPFOHUM,,,1,2010,,,,,,1.0
VariableCost,NDC,ECU,SUPCAMPFOHUM,,,1,2011,,,,,,1.0
VariableCost,NDC,ECU,SUPCAMPFOHUM,,,1,2012,,,,,,1.0
VariableCost,NDC,ECU,SUPCAMPFOHUM,,,1,2013,,,,,,1.0
VariableCost,NDC,ECU,SUPCAMPFOHUM,,,1,2014,,,,,,1.0
VariableCost,NDC,ECU,SUPCAMPFOHUM,,,1,2015,,,,,,1.0
VariableCost,NDC,ECU,SUPCAMPFOHUM,,,1,2016,,,,,,1.0
VariableCost,NDC,ECU,SUPCAMPFOHUM,,,1,2017,,,,,,1.0
VariableCost,NDC,ECU,SUPCAMPFOHUM,,,1,2018,,,,,,1.0
VariableCost,NDC,ECU,SUPCAMPFOHUM,,,1,2019,,,,,,1.0
VariableCost,NDC,ECU,SUPCAMPFOHUM,,,1,2020,,,,,,1.0
VariableCost,NDC,ECU,SUPCAMPFOHUM,,,1,2021,,,,,,1.0
VariableCost,NDC,ECU,SUPCAMPFOHUM,,,1,2022,,,,,,1.0
VariableCost,NDC,ECU,SUPCAMPFOHUM,,,1,2023,,,,,,1.0
VariableCost,NDC,ECU,SUPCAMPFOHUM,,,1,2024,,,,,,1.0
VariableCost,NDC,ECU,SUPCAMPFOHUM,,,1,2025,,,,,,1.0
VariableCost,NDC,ECU,SUPCAMPFOHUM,,,1,2026,,,,,,1.0
VariableCost,NDC,ECU,SUPCAMPFOHUM,,,1,2027,,,,,,1.0
VariableCost,NDC,ECU,SUPCAMPFOHUM,,,1,2028,,,,,,1.0
VariableCost,NDC,ECU,SUPCAMPFOHUM,,,1,2029,,,,,,1.0
VariableCost,NDC,ECU,SUPCAMPFOHUM,,,1,2030,,,,,,1.0
VariableCost,NDC,ECU,SUPCAMPFOHUM,,,1,2031,,,,,,1.0
VariableCost,NDC,ECU,SUPCAMPFOHUM,,,1,2032,,,,,,1.0
VariableCost,NDC,ECU,SUPCAMPFOHUM,,,1,2033,,,,,,1.0
VariableCost,NDC,ECU,SUPCAMPFOHUM,,,1,2034,,,,,,1.0
VariableCost,NDC,ECU,SUPCAMPFOHUM,,,1,2035,,,,,,1.0
VariableCost,NDC,ECU,SUPCAMCROHUM,,,1,2010,,,,,,1.0
VariableCost,NDC,ECU,SUPCAMCROHUM,,,1,2011,,,,,,1.0
VariableCost,NDC,ECU,SUPCAMCROHUM,,,1,2012,,,,,,1.0
VariableCost,NDC,ECU,SUPCAMCROHUM,,,1,2013,,,,,,1.0
VariableCost,NDC,ECU,SUPCAMCROHUM,,,1,2014,,,,,,1.0
VariableCost,NDC,ECU,SUPCAMCROHUM,,,1,2015,,,,,,1.0
VariableCost,NDC,ECU,SUPCAMCROHUM,,,1,2016,,,,,,1.0
VariableCost,NDC,ECU,SUPCAMCROHUM,,,1,2017,,,,,,1.0
VariableCost,NDC,ECU,SUPCAMCROHUM,,,1,2018,,,,,,1.0
VariableCost,NDC,ECU,SUPCAMCROHUM,,,1,2019,,,,,,1.0
VariableCost,NDC,ECU,SUPCAMCROHUM,,,1,2020,,,,,,1.0
VariableCost,NDC,ECU,SUPCAMCROHUM,,,1,2021,,,,,,1.0
VariableCost,NDC,ECU,SUPCAMCROHUM,,,1,2022,,,,,,1.0
VariableCost,NDC,ECU,SUPCAMCROHUM,,,1,2023,,,,,,1.0
VariableCost,NDC,ECU,SUPCAMCROHUM,,,1,2024,,,,,,1.0
VariableCost,NDC,ECU,SUPCAMCROHUM,,,1,2025,,,,,,1.0
VariableCost,NDC,ECU,SUPCAMCROHUM,,,1,2026,,,,,,1.0
VariableCost,NDC,ECU,SUPCAMCROHUM,,,1,2027,,,,,,1.0
VariableCost,NDC,ECU,SUPCAMCROHUM,,,1,2028,,,,,,1.0
VariableCost,NDC,ECU,SUPCAMCROHUM,,,1,2029,,,,,,1.0
VariableCost,NDC,ECU,SUPCAMCROHUM,,,1,2030,,,,,,1.0
VariableCost,NDC,ECU,SUPCAMCROHUM,,,1,2031,,,,,,1.0
VariableCost,NDC,ECU,SUPCAMCROHUM,,,1,2032,,,,,,1.0
VariableCost,NDC,ECU,SUPCAMCROHUM,,,1,2033,,,,,,1.0
VariableCost,NDC,ECU,SUPCAMCROHUM,,,1,2034,,,,,,1.0
VariableCost,NDC,ECU,SUPCAMCROHUM,,,1,2035,,,,,,1.0
VariableCost,NDC,ECU,SUPCAMGRAHUM,,,1,2010,,,,,,1.0
VariableCost,NDC,ECU,SUPCAMGRAHUM,,,1,2011,,,,,,1.0
VariableCost,NDC,ECU,SUPCAMGRAHUM,,,1,2012,,,,,,1.0
VariableCost,NDC,ECU,SUPCAMGRAHUM,,,1,2013,,,,,,1.0
VariableCost,NDC,ECU,SUPCAMGRAHUM,,,1,2014,,,,,,1.0
VariableCost,NDC,ECU,SUPCAMGRAHUM,,,1,2015,,,,,,1.0
VariableCost,NDC,ECU,SUPCAMGRAHUM,,,1,2016,,,,,,1.0
VariableCost,NDC,ECU,SUPCAMGRAHUM,,,1,2017,,,,,,1.0
VariableCost,NDC,ECU,SUPCAMGRAHUM,,,1,2018,,,,,,1.0
VariableCost,NDC,ECU,SUPCAMGRAHUM,,,1,2019,,,,,,1.0
VariableCost,NDC,ECU,SUPCAMGRAHUM,,,1,2020,,,,,,1.0
VariableCost,NDC,ECU,SUPCAMGRAHUM,,,1,2021,,,,,,1.0
VariableCost,NDC,ECU,SUPCAMGRAHUM,,,1,2022,,,,,,1.0
VariableCost,NDC,ECU,SUPCAMGRAHUM,,,1,2023,,,,,,1.0
VariableCost,NDC,ECU,SUPCAMGRAHUM,,,1,2024,,,,,,1.0
VariableCost,NDC,ECU,SUPCAMGRAHUM,,,1,2025,,,,,,1.0
VariableCost,NDC,ECU,SUPCAMGRAHUM,,,1,2026,,,,,,1.0
VariableCost,NDC,ECU,SUPCAMGRAHUM,,,1,2027,,,,,,1.0
VariableCost,NDC,ECU,SUPCAMGRAHUM,,,1,2028,,,,,,1.0
VariableCost,NDC,ECU,SUPCAMGRAHUM,,,1,2029,,,,,,1.0
VariableCost,NDC,ECU,SUPCAMGRAHUM,,,1,2030,,,,,,1.0
VariableCost,NDC,ECU,SUPCAMGRAHUM,,,1,2031,,,,,,1.0
VariableCost,NDC,ECU,SUPCAMGRAHUM,,,1,2032,,,,,,1.0
VariableCost,NDC,ECU,SUPCAMGRAHUM,,,1,2033,,,,,,1.0
VariableCost,NDC,ECU,SUPCAMGRAHUM,,,1,2034,,,,,,1.0
VariableCost,NDC,ECU,SUPCAMGRAHUM,,,1,2035,,,,,,1.0
VariableCost,NDC,ECU,SUPCAMANDASE,,,1,2010,,,,,,1.0
VariableCost,NDC,ECU,SUPCAMANDASE,,,1,2011,,,,,,1.0
VariableCost,NDC,ECU,SUPCAMANDASE,,,1,2012,,,,,,1.0
VariableCost,NDC,ECU,SUPCAMANDASE,,,1,2013,,,,,,1.0
VariableCost,NDC,ECU,SUPCAMANDASE,,,1,2014,,,,,,1.0
VariableCost,NDC,ECU,SUPCAMANDASE,,,1,2015,,,,,,1.0
VariableCost,NDC,ECU,SUPCAMANDASE,,,1,2016,,,,,,1.0
VariableCost,NDC,ECU,SUPCAMANDASE,,,1,2017,,,,,,1.0
VariableCost,NDC,ECU,SUPCAMANDASE,,,1,2018,,,,,,1.0
VariableCost,NDC,ECU,SUPCAMANDASE,,,1,2019,,,,,,1.0
VariableCost,NDC,ECU,SUPCAMANDASE,,,1,2020,,,,,,1.0
VariableCost,NDC,ECU,SUPCAMANDASE,,,1,2021,,,,,,1.0
VariableCost,NDC,ECU,SUPCAMANDASE,,,1,2022,,,,,,1.0
VariableCost,NDC,ECU,SUPCAMANDASE,,,1,2023,,,,,,1.0
VariableCost,NDC,ECU,SUPCAMANDASE,,,1,2024,,,,,,1.0
VariableCost,NDC,ECU,SUPCAMANDASE,,,1,2025,,,,,,1.0
VariableCost,NDC,ECU,SUPCAMANDASE,,,1,2026,,,,,,1.0
VariableCost,NDC,ECU,SUPCAMANDASE,,,1,2027,,,,,,1.0
VariableCost,NDC,ECU,SUPCAMANDASE,,,1,2028,,,,,,1.0
VariableCost,NDC,ECU,SUPCAMANDASE,,,1,2029,,,,,,1.0
VariableCost,NDC,ECU,SUPCAMANDASE,,,1,2030,,,,,,1.0
VariableCost,NDC,ECU,SUPCAMANDASE,,,1,2031,,,,,,1.0
VariableCost,NDC,ECU,SUPCAMANDASE,,,1,2032,,,,,,1.0
VariableCost,NDC,ECU,SUPCAMANDASE,,,1,2033,,,,,,1.0
VariableCost,NDC,ECU,SUPCAMANDASE,,,1,2034,,,,,,1.0
VariableCost,NDC,ECU,SUPCAMANDASE,,,1,2035,,,,,,1.0
VariableCost,NDC,ECU,SUPCAMPLUASE,,,1,2010,,,,,,1.0
VariableCost,NDC,ECU,SUPCAMPLUASE,,,1,2011,,,,,,1.0
VariableCost,NDC,ECU,SUPCAMPLUASE,,,1,2012,,,,,,1.0
VariableCost,NDC,ECU,SUPCAMPLUASE,,,1,2013,,,,,,1.0
VariableCost,NDC,ECU,SUPCAMPLUASE,,,1,2014,,,,,,1.0
VariableCost,NDC,ECU,SUPCAMPLUASE,,,1,2015,,,,,,1.0
VariableCost,NDC,ECU,SUPCAMPLUASE,,,1,2016,,,,,,1.0
VariableCost,NDC,ECU,SUPCAMPLUASE,,,1,2017,,,,,,1.0
VariableCost,NDC,ECU,SUPCAMPLUASE,,,1,2018,,,,,,1.0
VariableCost,NDC,ECU,SUPCAMPLUASE,,,1,2019,,,,,,1.0
VariableCost,NDC,ECU,SUPCAMPLUASE,,,1,2020,,,,,,1.0
VariableCost,NDC,ECU,SUPCAMPLUASE,,,1,2021,,,,,,1.0
VariableCost,NDC,ECU,SUPCAMPLUASE,,,1,2022,,,,,,1.0
VariableCost,NDC,ECU,SUPCAMPLUASE,,,1,2023,,,,,,1.0
VariableCost,NDC,ECU,SUPCAMPLUASE,,,1,2024,,,,,,1.0
VariableCost,NDC,ECU,SUPCAMPLUASE,,,1,2025,,,,,,1.0
VariableCost,NDC,ECU,SUPCAMPLUASE,,,1,2026,,,,,,1.0
VariableCost,NDC,ECU,SUPCAMPLUASE,,,1,2027,,,,,,1.0
VariableCost,NDC,ECU,SUPCAMPLUASE,,,1,2028,,,,,,1.0
VariableCost,NDC,ECU,SUPCAMPLUASE,,,1,2029,,,,,,1.0
VariableCost,NDC,ECU,SUPCAMPLUASE,,,1,2030,,,,,,1.0
VariableCost,NDC,ECU,SUPCAMPLUASE,,,1,2031,,,,,,1.0
VariableCost,NDC,ECU,SUPCAMPLUASE,,,1,2032,,,,,,1.0
VariableCost,NDC,ECU,SUPCAMPLUASE,,,1,2033,,,,,,1.0
VariableCost,NDC,ECU,SUPCAMPLUASE,,,1,2034,,,,,,1.0
VariableCost,NDC,ECU,SUPCAMPLUASE,,,1,2035,,,,,,1.0
VariableCost,NDC,ECU,SUPCAMMONASE,,,1,2010,,,,,,1.0
VariableCost,NDC,ECU,SUPCAMMONASE,,,1,2011,,,,,,1.0
VariableCost,NDC,ECU,SUPCAMMONASE,,,1,2012,,,,,,1.0
VariableCost,NDC,ECU,SUPCAMMONASE,,,1,2013,,,,,,1.0
VariableCost,NDC,ECU,SUPCAMMONASE,,,1,2014,,,,,,1.0
VariableCost,NDC,ECU,SUPCAMMONASE,,,1,2015,,,,,,1.0
VariableCost,NDC,ECU,SUPCAMMONASE,,,1,2016,,,,,,1.0
VariableCost,NDC,ECU,SUPCAMMONASE,,,1,2017,,,,,,1.0
VariableCost,NDC,ECU,SUPCAMMONASE,,,1,2018,,,,,,1.0
VariableCost,NDC,ECU,SUPCAMMONASE,,,1,2019,,,,,,1.0
VariableCost,NDC,ECU,SUPCAMMONASE,,,1,2020,,,,,,1.0
VariableCost,NDC,ECU,SUPCAMMONASE,,,1,2021,,,,,,1.0
VariableCost,NDC,ECU,SUPCAMMONASE,,,1,2022,,,,,,1.0
VariableCost,NDC,ECU,SUPCAMMONASE,,,1,2023,,,,,,1.0
VariableCost,NDC,ECU,SUPCAMMONASE,,,1,2024,,,,,,1.0
VariableCost,NDC,ECU,SUPCAMMONASE,,,1,2025,,,,,,1.0
VariableCost,NDC,ECU,SUPCAMMONASE,,,1,2026,,,,,,1.0
VariableCost,NDC,ECU,SUPCAMMONASE,,,1,2027,,,,,,1.0
VariableCost,NDC,ECU,SUPCAMMONASE,,,1,2028,,,,,,1.0
VariableCost,NDC,ECU,SUPCAMMONASE,,,1,2029,,,,,,1.0
VariableCost,NDC,ECU,SUPCAMMONASE,,,1,2030,,,,,,1.0
VariableCost,NDC,ECU,SUPCAMMONASE,,,1,2031,,,,,,1.0
VariableCost,NDC,ECU,SUPCAMMONASE,,,1,2032,,,,,,1.0
VariableCost,NDC,ECU,SUPCAMMONASE,,,1,2033,,,,,,1.0
VariableCost,NDC,ECU,SUPCAMMONASE,,,1,2034,,,,,,1.0
VariableCost,NDC,ECU,SUPCAMMONASE,,,1,2035,,,,,,1.0
VariableCost,NDC,ECU,SUPCAMPIEASE,,,1,2010,,,,,,1.0
VariableCost,NDC,ECU,SUPCAMPIEASE,,,1,2011,,,,,,1.0
VariableCost,NDC,ECU,SUPCAMPIEASE,,,1,2012,,,,,,1.0
VariableCost,NDC,ECU,SUPCAMPIEASE,,,1,2013,,,,,,1.0
VariableCost,NDC,ECU,SUPCAMPIEASE,,,1,2014,,,,,,1.0
VariableCost,NDC,ECU,SUPCAMPIEASE,,,1,2015,,,,,,1.0
VariableCost,NDC,ECU,SUPCAMPIEASE,,,1,2016,,,,,,1.0
VariableCost,NDC,ECU,SUPCAMPIEASE,,,1,2017,,,,,,1.0
VariableCost,NDC,ECU,SUPCAMPIEASE,,,1,2018,,,,,,1.0
VariableCost,NDC,ECU,SUPCAMPIEASE,,,1,2019,,,,,,1.0
VariableCost,NDC,ECU,SUPCAMPIEASE,,,1,2020,,,,,,1.0
VariableCost,NDC,ECU,SUPCAMPIEASE,,,1,2021,,,,,,1.0
VariableCost,NDC,ECU,SUPCAMPIEASE,,,1,2022,,,,,,1.0
VariableCost,NDC,ECU,SUPCAMPIEASE,,,1,2023,,,,,,1.0
VariableCost,NDC,ECU,SUPCAMPIEASE,,,1,2024,,,,,,1.0
VariableCost,NDC,ECU,SUPCAMPIEASE,,,1,2025,,,,,,1.0
VariableCost,NDC,ECU,SUPCAMPIEASE,,,1,2026,,,,,,1.0
VariableCost,NDC,ECU,SUPCAMPIEASE,,,1,2027,,,,,,1.0
VariableCost,NDC,ECU,SUPCAMPIEASE,,,1,2028,,,,,,1.0
VariableCost,NDC,ECU,SUPCAMPIEASE,,,1,2029,,,,,,1.0
VariableCost,NDC,ECU,SUPCAMPIEASE,,,1,2030,,,,,,1.0
VariableCost,NDC,ECU,SUPCAMPIEASE,,,1,2031,,,,,,1.0
VariableCost,NDC,ECU,SUPCAMPIEASE,,,1,2032,,,,,,1.0
VariableCost,NDC,ECU,SUPCAMPIEASE,,,1,2033,,,,,,1.0
VariableCost,NDC,ECU,SUPCAMPIEASE,,,1,2034,,,,,,1.0
VariableCost,NDC,ECU,SUPCAMPIEASE,,,1,2035,,,,,,1.0
VariableCost,NDC,ECU,SUPCAMCEJASE,,,1,2010,,,,,,1.0
VariableCost,NDC,ECU,SUPCAMCEJASE,,,1,2011,,,,,,1.0
VariableCost,NDC,ECU,SUPCAMCEJASE,,,1,2012,,,,,,1.0
VariableCost,NDC,ECU,SUPCAMCEJASE,,,1,2013,,,,,,1.0
VariableCost,NDC,ECU,SUPCAMCEJASE,,,1,2014,,,,,,1.0
VariableCost,NDC,ECU,SUPCAMCEJASE,,,1,2015,,,,,,1.0
VariableCost,NDC,ECU,SUPCAMCEJASE,,,1,2016,,,,,,1.0
VariableCost,NDC,ECU,SUPCAMCEJASE,,,1,2017,,,,,,1.0
VariableCost,NDC,ECU,SUPCAMCEJASE,,,1,2018,,,,,,1.0
VariableCost,NDC,ECU,SUPCAMCEJASE,,,1,2019,,,,,,1.0
VariableCost,NDC,ECU,SUPCAMCEJASE,,,1,2020,,,,,,1.0
VariableCost,NDC,ECU,SUPCAMCEJASE,,,1,2021,,,,,,1.0
VariableCost,NDC,ECU,SUPCAMCEJASE,,,1,2022,,,,,,1.0
VariableCost,NDC,ECU,SUPCAMCEJASE,,,1,2023,,,,,,1.0
VariableCost,NDC,ECU,SUPCAMCEJASE,,,1,2024,,,,,,1.0
VariableCost,NDC,ECU,SUPCAMCEJASE,,,1,2025,,,,,,1.0
VariableCost,NDC,ECU,SUPCAMCEJASE,,,1,2026,,,,,,1.0
VariableCost,NDC,ECU,SUPCAMCEJASE,,,1,2027,,,,,,1.0
VariableCost,NDC,ECU,SUPCAMCEJASE,,,1,2028,,,,,,1.0
VariableCost,NDC,ECU,SUPCAMCEJASE,,,1,2029,,,,,,1.0
VariableCost,NDC,ECU,SUPCAMCEJASE,,,1,2030,,,,,,1.0
VariableCost,NDC,ECU,SUPCAMCEJASE,,,1,2031,,,,,,1.0
VariableCost,NDC,ECU,SUPCAMCEJASE,,,1,2032,,,,,,1.0
VariableCost,NDC,ECU,SUPCAMCEJASE,,,1,2033,,,,,,1.0
VariableCost,NDC,ECU,SUPCAMCEJASE,,,1,2034,,,,,,1.0
VariableCost,NDC,ECU,SUPCAMCEJASE,,,1,2035,,,,,,1.0
VariableCost,NDC,ECU,SUPCAMAMAASE,,,1,2010,,,,,,1.0
VariableCost,NDC,ECU,SUPCAMAMAASE,,,1,2011,,,,,,1.0
VariableCost,NDC,ECU,SUPCAMAMAASE,,,1,2012,,,,,,1.0
VariableCost,NDC,ECU,SUPCAMAMAASE,,,1,2013,,,,,,1.0
VariableCost,NDC,ECU,SUPCAMAMAASE,,,1,2014,,,,,,1.0
VariableCost,NDC,ECU,SUPCAMAMAASE,,,1,2015,,,,,,1.0
VariableCost,NDC,ECU,SUPCAMAMAASE,,,1,2016,,,,,,1.0
VariableCost,NDC,ECU,SUPCAMAMAASE,,,1,2017,,,,,,1.0
VariableCost,NDC,ECU,SUPCAMAMAASE,,,1,2018,,,,,,1.0
VariableCost,NDC,ECU,SUPCAMAMAASE,,,1,2019,,,,,,1.0
VariableCost,NDC,ECU,SUPCAMAMAASE,,,1,2020,,,,,,1.0
VariableCost,NDC,ECU,SUPCAMAMAASE,,,1,2021,,,,,,1.0
VariableCost,NDC,ECU,SUPCAMAMAASE,,,1,2022,,,,,,1.0
VariableCost,NDC,ECU,SUPCAMAMAASE,,,1,2023,,,,,,1.0
VariableCost,NDC,ECU,SUPCAMAMAASE,,,1,2024,,,,,,1.0
VariableCost,NDC,ECU,SUPCAMAMAASE,,,1,2025,,,,,,1.0
VariableCost,NDC,ECU,SUPCAMAMAASE,,,1,2026,,,,,,1.0
VariableCost,NDC,ECU,SUPCAMAMAASE,,,1,2027,,,,,,1.0
VariableCost,NDC,ECU,SUPCAMAMAASE,,,1,2028,,,,,,1.0
VariableCost,NDC,ECU,SUPCAMAMAASE,,,1,2029,,,,,,1.0
VariableCost,NDC,ECU,SUPCAMAMAASE,,,1,2030,,,,,,1.0
VariableCost,NDC,ECU,SUPCAMAMAASE,,,1,2031,,,,,,1.0
VariableCost,NDC,ECU,SUPCAMAMAASE,,,1,2032,,,,,,1.0
VariableCost,NDC,ECU,SUPCAMAMAASE,,,1,2033,,,,,,1.0
VariableCost,NDC,ECU,SUPCAMAMAASE,,,1,2034,,,,,,1.0
VariableCost,NDC,ECU,SUPCAMAMAASE,,,1,2035,,,,,,1.0
VariableCost,NDC,ECU,SUPCAMCHOASE,,,1,2010,,,,,,1.0
VariableCost,NDC,ECU,SUPCAMCHOASE,,,1,2011,,,,,,1.0
VariableCost,NDC,ECU,SUPCAMCHOASE,,,1,2012,,,,,,1.0
VariableCost,NDC,ECU,SUPCAMCHOASE,,,1,2013,,,,,,1.0
VariableCost,NDC,ECU,SUPCAMCHOASE,,,1,2014,,,,,,1.0
VariableCost,NDC,ECU,SUPCAMCHOASE,,,1,2015,,,,,,1.0
VariableCost,NDC,ECU,SUPCAMCHOASE,,,1,2016,,,,,,1.0
VariableCost,NDC,ECU,SUPCAMCHOASE,,,1,2017,,,,,,1.0
VariableCost,NDC,ECU,SUPCAMCHOASE,,,1,2018,,,,,,1.0
VariableCost,NDC,ECU,SUPCAMCHOASE,,,1,2019,,,,,,1.0
VariableCost,NDC,ECU,SUPCAMCHOASE,,,1,2020,,,,,,1.0
VariableCost,NDC,ECU,SUPCAMCHOASE,,,1,2021,,,,,,1.0
VariableCost,NDC,ECU,SUPCAMCHOASE,,,1,2022,,,,,,1.0
VariableCost,NDC,ECU,SUPCAMCHOASE,,,1,2023,,,,,,1.0
VariableCost,NDC,ECU,SUPCAMCHOASE,,,1,2024,,,,,,1.0
VariableCost,NDC,ECU,SUPCAMCHOASE,,,1,2025,,,,,,1.0
VariableCost,NDC,ECU,SUPCAMCHOASE,,,1,2026,,,,,,1.0
VariableCost,NDC,ECU,SUPCAMCHOASE,,,1,2027,,,,,,1.0
VariableCost,NDC,ECU,SUPCAMCHOASE,,,1,2028,,,,,,1.0
VariableCost,NDC,ECU,SUPCAMCHOASE,,,1,2029,,,,,,1.0
VariableCost,NDC,ECU,SUPCAMCHOASE,,,1,2030,,,,,,1.0
VariableCost,NDC,ECU,SUPCAMCHOASE,,,1,2031,,,,,,1.0
VariableCost,NDC,ECU,SUPCAMCHOASE,,,1,2032,,,,,,1.0
VariableCost,NDC,ECU,SUPCAMCHOASE,,,1,2033,,,,,,1.0
VariableCost,NDC,ECU,SUPCAMCHOASE,,,1,2034,,,,,,1.0
VariableCost,NDC,ECU,SUPCAMCHOASE,,,1,2035,,,,,,1.0
VariableCost,NDC,ECU,SUPCAMMANASE,,,1,2010,,,,,,1.0
VariableCost,NDC,ECU,SUPCAMMANASE,,,1,2011,,,,,,1.0
VariableCost,NDC,ECU,SUPCAMMANASE,,,1,2012,,,,,,1.0
VariableCost,NDC,ECU,SUPCAMMANASE,,,1,2013,,,,,,1.0
VariableCost,NDC,ECU,SUPCAMMANASE,,,1,2014,,,,,,1.0
VariableCost,NDC,ECU,SUPCAMMANASE,,,1,2015,,,,,,1.0
VariableCost,NDC,ECU,SUPCAMMANASE,,,1,2016,,,,,,1.0
VariableCost,NDC,ECU,SUPCAMMANASE,,,1,2017,,,,,,1.0
VariableCost,NDC,ECU,SUPCAMMANASE,,,1,2018,,,,,,1.0
VariableCost,NDC,ECU,SUPCAMMANASE,,,1,2019,,,,,,1.0
VariableCost,NDC,ECU,SUPCAMMANASE,,,1,2020,,,,,,1.0
VariableCost,NDC,ECU,SUPCAMMANASE,,,1,2021,,,,,,1.0
VariableCost,NDC,ECU,SUPCAMMANASE,,,1,2022,,,,,,1.0
VariableCost,NDC,ECU,SUPCAMMANASE,,,1,2023,,,,,,1.0
VariableCost,NDC,ECU,SUPCAMMANASE,,,1,2024,,,,,,1.0
VariableCost,NDC,ECU,SUPCAMMANASE,,,1,2025,,,,,,1.0
VariableCost,NDC,ECU,SUPCAMMANASE,,,1,2026,,,,,,1.0
VariableCost,NDC,ECU,SUPCAMMANASE,,,1,2027,,,,,,1.0
VariableCost,NDC,ECU,SUPCAMMANASE,,,1,2028,,,,,,1.0
VariableCost,NDC,ECU,SUPCAMMANASE,,,1,2029,,,,,,1.0
VariableCost,NDC,ECU,SUPCAMMANASE,,,1,2030,,,,,,1.0
VariableCost,NDC,ECU,SUPCAMMANASE,,,1,2031,,,,,,1.0
VariableCost,NDC,ECU,SUPCAMMANASE,,,1,2032,,,,,,1.0
VariableCost,NDC,ECU,SUPCAMMANASE,,,1,2033,,,,,,1.0
VariableCost,NDC,ECU,SUPCAMMANASE,,,1,2034,,,,,,1.0
VariableCost,NDC,ECU,SUPCAMMANASE,,,1,2035,,,,,,1.0
VariableCost,NDC,ECU,SUPCAMMORASE,,,1,2010,,,,,,1.0
VariableCost,NDC,ECU,SUPCAMMORASE,,,1,2011,,,,,,1.0
VariableCost,NDC,ECU,SUPCAMMORASE,,,1,2012,,,,,,1.0
VariableCost,NDC,ECU,SUPCAMMORASE,,,1,2013,,,,,,1.0
VariableCost,NDC,ECU,SUPCAMMORASE,,,1,2014,,,,,,1.0
VariableCost,NDC,ECU,SUPCAMMORASE,,,1,2015,,,,,,1.0
VariableCost,NDC,ECU,SUPCAMMORASE,,,1,2016,,,,,,1.0
VariableCost,NDC,ECU,SUPCAMMORASE,,,1,2017,,,,,,1.0
VariableCost,NDC,ECU,SUPCAMMORASE,,,1,2018,,,,,,1.0
VariableCost,NDC,ECU,SUPCAMMORASE,,,1,2019,,,,,,1.0
VariableCost,NDC,ECU,SUPCAMMORASE,,,1,2020,,,,,,1.0
VariableCost,NDC,ECU,SUPCAMMORASE,,,1,2021,,,,,,1.0
VariableCost,NDC,ECU,SUPCAMMORASE,,,1,2022,,,,,,1.0
VariableCost,NDC,ECU,SUPCAMMORASE,,,1,2023,,,,,,1.0
VariableCost,NDC,ECU,SUPCAMMORASE,,,1,2024,,,,,,1.0
VariableCost,NDC,ECU,SUPCAMMORASE,,,1,2025,,,,,,1.0
VariableCost,NDC,ECU,SUPCAMMORASE,,,1,2026,,,,,,1.0
VariableCost,NDC,ECU,SUPCAMMORASE,,,1,2027,,,,,,1.0
VariableCost,NDC,ECU,SUPCAMMORASE,,,1,2028,,,,,,1.0
VariableCost,NDC,ECU,SUPCAMMORASE,,,1,2029,,,,,,1.0
VariableCost,NDC,ECU,SUPCAMMORASE,,,1,2030,,,,,,1.0
VariableCost,NDC,ECU,SUPCAMMORASE,,,1,2031,,,,,,1.0
VariableCost,NDC,ECU,SUPCAMMORASE,,,1,2032,,,,,,1.0
VariableCost,NDC,ECU,SUPCAMMORASE,,,1,2033,,,,,,1.0
VariableCost,NDC,ECU,SUPCAMMORASE,,,1,2034,,,,,,1.0
VariableCost,NDC,ECU,SUPCAMMORASE,,,1,2035,,,,,,1.0
VariableCost,NDC,ECU,SUPCAMPFOASE,,,1,2010,,,,,,1.0
VariableCost,NDC,ECU,SUPCAMPFOASE,,,1,2011,,,,,,1.0
VariableCost,NDC,ECU,SUPCAMPFOASE,,,1,2012,,,,,,1.0
VariableCost,NDC,ECU,SUPCAMPFOASE,,,1,2013,,,,,,1.0
VariableCost,NDC,ECU,SUPCAMPFOASE,,,1,2014,,,,,,1.0
VariableCost,NDC,ECU,SUPCAMPFOASE,,,1,2015,,,,,,1.0
VariableCost,NDC,ECU,SUPCAMPFOASE,,,1,2016,,,,,,1.0
VariableCost,NDC,ECU,SUPCAMPFOASE,,,1,2017,,,,,,1.0
VariableCost,NDC,ECU,SUPCAMPFOASE,,,1,2018,,,,,,1.0
VariableCost,NDC,ECU,SUPCAMPFOASE,,,1,2019,,,,,,1.0
VariableCost,NDC,ECU,SUPCAMPFOASE,,,1,2020,,,,,,1.0
VariableCost,NDC,ECU,SUPCAMPFOASE,,,1,2021,,,,,,1.0
VariableCost,NDC,ECU,SUPCAMPFOASE,,,1,2022,,,,,,1.0
VariableCost,NDC,ECU,SUPCAMPFOASE,,,1,2023,,,,,,1.0
VariableCost,NDC,ECU,SUPCAMPFOASE,,,1,2024,,,,,,1.0
VariableCost,NDC,ECU,SUPCAMPFOASE,,,1,2025,,,,,,1.0
VariableCost,NDC,ECU,SUPCAMPFOASE,,,1,2026,,,,,,1.0
VariableCost,NDC,ECU,SUPCAMPFOASE,,,1,2027,,,,,,1.0
VariableCost,NDC,ECU,SUPCAMPFOASE,,,1,2028,,,,,,1.0
VariableCost,NDC,ECU,SUPCAMPFOASE,,,1,2029,,,,,,1.0
VariableCost,NDC,ECU,SUPCAMPFOASE,,,1,2030,,,,,,1.0
VariableCost,NDC,ECU,SUPCAMPFOASE,,,1,2031,,,,,,1.0
VariableCost,NDC,ECU,SUPCAMPFOASE,,,1,2032,,,,,,1.0
VariableCost,NDC,ECU,SUPCAMPFOASE,,,1,2033,,,,,,1.0
VariableCost,NDC,ECU,SUPCAMPFOASE,,,1,2034,,,,,,1.0
VariableCost,NDC,ECU,SUPCAMPFOASE,,,1,2035,,,,,,1.0
VariableCost,NDC,ECU,SUPCAMCROASE,,,1,2010,,,,,,1.0
VariableCost,NDC,ECU,SUPCAMCROASE,,,1,2011,,,,,,1.0
VariableCost,NDC,ECU,SUPCAMCROASE,,,1,2012,,,,,,1.0
VariableCost,NDC,ECU,SUPCAMCROASE,,,1,2013,,,,,,1.0
VariableCost,NDC,ECU,SUPCAMCROASE,,,1,2014,,,,,,1.0
VariableCost,NDC,ECU,SUPCAMCROASE,,,1,2015,,,,,,1.0
VariableCost,NDC,ECU,SUPCAMCROASE,,,1,2016,,,,,,1.0
VariableCost,NDC,ECU,SUPCAMCROASE,,,1,2017,,,,,,1.0
VariableCost,NDC,ECU,SUPCAMCROASE,,,1,2018,,,,,,1.0
VariableCost,NDC,ECU,SUPCAMCROASE,,,1,2019,,,,,,1.0
VariableCost,NDC,ECU,SUPCAMCROASE,,,1,2020,,,,,,1.0
VariableCost,NDC,ECU,SUPCAMCROASE,,,1,2021,,,,,,1.0
VariableCost,NDC,ECU,SUPCAMCROASE,,,1,2022,,,,,,1.0
VariableCost,NDC,ECU,SUPCAMCROASE,,,1,2023,,,,,,1.0
VariableCost,NDC,ECU,SUPCAMCROASE,,,1,2024,,,,,,1.0
VariableCost,NDC,ECU,SUPCAMCROASE,,,1,2025,,,,,,1.0
VariableCost,NDC,ECU,SUPCAMCROASE,,,1,2026,,,,,,1.0
VariableCost,NDC,ECU,SUPCAMCROASE,,,1,2027,,,,,,1.0
VariableCost,NDC,ECU,SUPCAMCROASE,,,1,2028,,,,,,1.0
VariableCost,NDC,ECU,SUPCAMCROASE,,,1,2029,,,,,,1.0
VariableCost,NDC,ECU,SUPCAMCROASE,,,1,2030,,,,,,1.0
VariableCost,NDC,ECU,SUPCAMCROASE,,,1,2031,,,,,,1.0
VariableCost,NDC,ECU,SUPCAMCROASE,,,1,2032,,,,,,1.0
VariableCost,NDC,ECU,SUPCAMCROASE,,,1,2033,,,,,,1.0
VariableCost,NDC,ECU,SUPCAMCROASE,,,1,2034,,,,,,1.0
VariableCost,NDC,ECU,SUPCAMCROASE,,,1,2035,,,,,,1.0
VariableCost,NDC,ECU,SUPCAMGRAASE,,,1,2010,,,,,,1.0
VariableCost,NDC,ECU,SUPCAMGRAASE,,,1,2011,,,,,,1.0
VariableCost,NDC,ECU,SUPCAMGRAASE,,,1,2012,,,,,,1.0
VariableCost,NDC,ECU,SUPCAMGRAASE,,,1,2013,,,,,,1.0
VariableCost,NDC,ECU,SUPCAMGRAASE,,,1,2014,,,,,,1.0
VariableCost,NDC,ECU,SUPCAMGRAASE,,,1,2015,,,,,,1.0
VariableCost,NDC,ECU,SUPCAMGRAASE,,,1,2016,,,,,,1.0
VariableCost,NDC,ECU,SUPCAMGRAASE,,,1,2017,,,,,,1.0
VariableCost,NDC,ECU,SUPCAMGRAASE,,,1,2018,,,,,,1.0
VariableCost,NDC,ECU,SUPCAMGRAASE,,,1,2019,,,,,,1.0
VariableCost,NDC,ECU,SUPCAMGRAASE,,,1,2020,,,,,,1.0
VariableCost,NDC,ECU,SUPCAMGRAASE,,,1,2021,,,,,,1.0
VariableCost,NDC,ECU,SUPCAMGRAASE,,,1,2022,,,,,,1.0
VariableCost,NDC,ECU,SUPCAMGRAASE,,,1,2023,,,,,,1.0
VariableCost,NDC,ECU,SUPCAMGRAASE,,,1,2024,,,,,,1.0
VariableCost,NDC,ECU,SUPCAMGRAASE,,,1,2025,,,,,,1.0
VariableCost,NDC,ECU,SUPCAMGRAASE,,,1,2026,,,,,,1.0
VariableCost,NDC,ECU,SUPCAMGRAASE,,,1,2027,,,,,,1.0
VariableCost,NDC,ECU,SUPCAMGRAASE,,,1,2028,,,,,,1.0
VariableCost,NDC,ECU,SUPCAMGRAASE,,,1,2029,,,,,,1.0
VariableCost,NDC,ECU,SUPCAMGRAASE,,,1,2030,,,,,,1.0
VariableCost,NDC,ECU,SUPCAMGRAASE,,,1,2031,,,,,,1.0
VariableCost,NDC,ECU,SUPCAMGRAASE,,,1,2032,,,,,,1.0
VariableCost,NDC,ECU,SUPCAMGRAASE,,,1,2033,,,,,,1.0
VariableCost,NDC,ECU,SUPCAMGRAASE,,,1,2034,,,,,,1.0
VariableCost,NDC,ECU,SUPCAMGRAASE,,,1,2035,,,,,,1.0
VariableCost,NDC,ECU,SUPCAMANDOTI,,,1,2010,,,,,,1.0
VariableCost,NDC,ECU,SUPCAMANDOTI,,,1,2011,,,,,,1.0
VariableCost,NDC,ECU,SUPCAMANDOTI,,,1,2012,,,,,,1.0
VariableCost,NDC,ECU,SUPCAMANDOTI,,,1,2013,,,,,,1.0
VariableCost,NDC,ECU,SUPCAMANDOTI,,,1,2014,,,,,,1.0
VariableCost,NDC,ECU,SUPCAMANDOTI,,,1,2015,,,,,,1.0
VariableCost,NDC,ECU,SUPCAMANDOTI,,,1,2016,,,,,,1.0
VariableCost,NDC,ECU,SUPCAMANDOTI,,,1,2017,,,,,,1.0
VariableCost,NDC,ECU,SUPCAMANDOTI,,,1,2018,,,,,,1.0
VariableCost,NDC,ECU,SUPCAMANDOTI,,,1,2019,,,,,,1.0
VariableCost,NDC,ECU,SUPCAMANDOTI,,,1,2020,,,,,,1.0
VariableCost,NDC,ECU,SUPCAMANDOTI,,,1,2021,,,,,,1.0
VariableCost,NDC,ECU,SUPCAMANDOTI,,,1,2022,,,,,,1.0
VariableCost,NDC,ECU,SUPCAMANDOTI,,,1,2023,,,,,,1.0
VariableCost,NDC,ECU,SUPCAMANDOTI,,,1,2024,,,,,,1.0
VariableCost,NDC,ECU,SUPCAMANDOTI,,,1,2025,,,,,,1.0
VariableCost,NDC,ECU,SUPCAMANDOTI,,,1,2026,,,,,,1.0
VariableCost,NDC,ECU,SUPCAMANDOTI,,,1,2027,,,,,,1.0
VariableCost,NDC,ECU,SUPCAMANDOTI,,,1,2028,,,,,,1.0
VariableCost,NDC,ECU,SUPCAMANDOTI,,,1,2029,,,,,,1.0
VariableCost,NDC,ECU,SUPCAMANDOTI,,,1,2030,,,,,,1.0
VariableCost,NDC,ECU,SUPCAMANDOTI,,,1,2031,,,,,,1.0
VariableCost,NDC,ECU,SUPCAMANDOTI,,,1,2032,,,,,,1.0
VariableCost,NDC,ECU,SUPCAMANDOTI,,,1,2033,,,,,,1.0
VariableCost,NDC,ECU,SUPCAMANDOTI,,,1,2034,,,,,,1.0
VariableCost,NDC,ECU,SUPCAMANDOTI,,,1,2035,,,,,,1.0
VariableCost,NDC,ECU,SUPCAMPLUOTI,,,1,2010,,,,,,1.0
VariableCost,NDC,ECU,SUPCAMPLUOTI,,,1,2011,,,,,,1.0
VariableCost,NDC,ECU,SUPCAMPLUOTI,,,1,2012,,,,,,1.0
VariableCost,NDC,ECU,SUPCAMPLUOTI,,,1,2013,,,,,,1.0
VariableCost,NDC,ECU,SUPCAMPLUOTI,,,1,2014,,,,,,1.0
VariableCost,NDC,ECU,SUPCAMPLUOTI,,,1,2015,,,,,,1.0
VariableCost,NDC,ECU,SUPCAMPLUOTI,,,1,2016,,,,,,1.0
VariableCost,NDC,ECU,SUPCAMPLUOTI,,,1,2017,,,,,,1.0
VariableCost,NDC,ECU,SUPCAMPLUOTI,,,1,2018,,,,,,1.0
VariableCost,NDC,ECU,SUPCAMPLUOTI,,,1,2019,,,,,,1.0
VariableCost,NDC,ECU,SUPCAMPLUOTI,,,1,2020,,,,,,1.0
VariableCost,NDC,ECU,SUPCAMPLUOTI,,,1,2021,,,,,,1.0
VariableCost,NDC,ECU,SUPCAMPLUOTI,,,1,2022,,,,,,1.0
VariableCost,NDC,ECU,SUPCAMPLUOTI,,,1,2023,,,,,,1.0
VariableCost,NDC,ECU,SUPCAMPLUOTI,,,1,2024,,,,,,1.0
VariableCost,NDC,ECU,SUPCAMPLUOTI,,,1,2025,,,,,,1.0
VariableCost,NDC,ECU,SUPCAMPLUOTI,,,1,2026,,,,,,1.0
VariableCost,NDC,ECU,SUPCAMPLUOTI,,,1,2027,,,,,,1.0
VariableCost,NDC,ECU,SUPCAMPLUOTI,,,1,2028,,,,,,1.0
VariableCost,NDC,ECU,SUPCAMPLUOTI,,,1,2029,,,,,,1.0
VariableCost,NDC,ECU,SUPCAMPLUOTI,,,1,2030,,,,,,1.0
VariableCost,NDC,ECU,SUPCAMPLUOTI,,,1,2031,,,,,,1.0
VariableCost,NDC,ECU,SUPCAMPLUOTI,,,1,2032,,,,,,1.0
VariableCost,NDC,ECU,SUPCAMPLUOTI,,,1,2033,,,,,,1.0
VariableCost,NDC,ECU,SUPCAMPLUOTI,,,1,2034,,,,,,1.0
VariableCost,NDC,ECU,SUPCAMPLUOTI,,,1,2035,,,,,,1.0
VariableCost,NDC,ECU,SUPCAMMONOTI,,,1,2010,,,,,,1.0
VariableCost,NDC,ECU,SUPCAMMONOTI,,,1,2011,,,,,,1.0
VariableCost,NDC,ECU,SUPCAMMONOTI,,,1,2012,,,,,,1.0
VariableCost,NDC,ECU,SUPCAMMONOTI,,,1,2013,,,,,,1.0
VariableCost,NDC,ECU,SUPCAMMONOTI,,,1,2014,,,,,,1.0
VariableCost,NDC,ECU,SUPCAMMONOTI,,,1,2015,,,,,,1.0
VariableCost,NDC,ECU,SUPCAMMONOTI,,,1,2016,,,,,,1.0
VariableCost,NDC,ECU,SUPCAMMONOTI,,,1,2017,,,,,,1.0
VariableCost,NDC,ECU,SUPCAMMONOTI,,,1,2018,,,,,,1.0
VariableCost,NDC,ECU,SUPCAMMONOTI,,,1,2019,,,,,,1.0
VariableCost,NDC,ECU,SUPCAMMONOTI,,,1,2020,,,,,,1.0
VariableCost,NDC,ECU,SUPCAMMONOTI,,,1,2021,,,,,,1.0
VariableCost,NDC,ECU,SUPCAMMONOTI,,,1,2022,,,,,,1.0
VariableCost,NDC,ECU,SUPCAMMONOTI,,,1,2023,,,,,,1.0
VariableCost,NDC,ECU,SUPCAMMONOTI,,,1,2024,,,,,,1.0
VariableCost,NDC,ECU,SUPCAMMONOTI,,,1,2025,,,,,,1.0
VariableCost,NDC,ECU,SUPCAMMONOTI,,,1,2026,,,,,,1.0
VariableCost,NDC,ECU,SUPCAMMONOTI,,,1,2027,,,,,,1.0
VariableCost,NDC,ECU,SUPCAMMONOTI,,,1,2028,,,,,,1.0
VariableCost,NDC,ECU,SUPCAMMONOTI,,,1,2029,,,,,,1.0
VariableCost,NDC,ECU,SUPCAMMONOTI,,,1,2030,,,,,,1.0
VariableCost,NDC,ECU,SUPCAMMONOTI,,,1,2031,,,,,,1.0
VariableCost,NDC,ECU,SUPCAMMONOTI,,,1,2032,,,,,,1.0
VariableCost,NDC,ECU,SUPCAMMONOTI,,,1,2033,,,,,,1.0
VariableCost,NDC,ECU,SUPCAMMONOTI,,,1,2034,,,,,,1.0
VariableCost,NDC,ECU,SUPCAMMONOTI,,,1,2035,,,,,,1.0
VariableCost,NDC,ECU,SUPCAMPIEOTI,,,1,2010,,,,,,1.0
VariableCost,NDC,ECU,SUPCAMPIEOTI,,,1,2011,,,,,,1.0
VariableCost,NDC,ECU,SUPCAMPIEOTI,,,1,2012,,,,,,1.0
VariableCost,NDC,ECU,SUPCAMPIEOTI,,,1,2013,,,,,,1.0
VariableCost,NDC,ECU,SUPCAMPIEOTI,,,1,2014,,,,,,1.0
VariableCost,NDC,ECU,SUPCAMPIEOTI,,,1,2015,,,,,,1.0
VariableCost,NDC,ECU,SUPCAMPIEOTI,,,1,2016,,,,,,1.0
VariableCost,NDC,ECU,SUPCAMPIEOTI,,,1,2017,,,,,,1.0
VariableCost,NDC,ECU,SUPCAMPIEOTI,,,1,2018,,,,,,1.0
VariableCost,NDC,ECU,SUPCAMPIEOTI,,,1,2019,,,,,,1.0
VariableCost,NDC,ECU,SUPCAMPIEOTI,,,1,2020,,,,,,1.0
VariableCost,NDC,ECU,SUPCAMPIEOTI,,,1,2021,,,,,,1.0
VariableCost,NDC,ECU,SUPCAMPIEOTI,,,1,2022,,,,,,1.0
VariableCost,NDC,ECU,SUPCAMPIEOTI,,,1,2023,,,,,,1.0
VariableCost,NDC,ECU,SUPCAMPIEOTI,,,1,2024,,,,,,1.0
VariableCost,NDC,ECU,SUPCAMPIEOTI,,,1,2025,,,,,,1.0
VariableCost,NDC,ECU,SUPCAMPIEOTI,,,1,2026,,,,,,1.0
VariableCost,NDC,ECU,SUPCAMPIEOTI,,,1,2027,,,,,,1.0
VariableCost,NDC,ECU,SUPCAMPIEOTI,,,1,2028,,,,,,1.0
VariableCost,NDC,ECU,SUPCAMPIEOTI,,,1,2029,,,,,,1.0
VariableCost,NDC,ECU,SUPCAMPIEOTI,,,1,2030,,,,,,1.0
VariableCost,NDC,ECU,SUPCAMPIEOTI,,,1,2031,,,,,,1.0
VariableCost,NDC,ECU,SUPCAMPIEOTI,,,1,2032,,,,,,1.0
VariableCost,NDC,ECU,SUPCAMPIEOTI,,,1,2033,,,,,,1.0
VariableCost,NDC,ECU,SUPCAMPIEOTI,,,1,2034,,,,,,1.0
VariableCost,NDC,ECU,SUPCAMPIEOTI,,,1,2035,,,,,,1.0
VariableCost,NDC,ECU,SUPCAMCEJOTI,,,1,2010,,,,,,1.0
VariableCost,NDC,ECU,SUPCAMCEJOTI,,,1,2011,,,,,,1.0
VariableCost,NDC,ECU,SUPCAMCEJOTI,,,1,2012,,,,,,1.0
VariableCost,NDC,ECU,SUPCAMCEJOTI,,,1,2013,,,,,,1.0
VariableCost,NDC,ECU,SUPCAMCEJOTI,,,1,2014,,,,,,1.0
VariableCost,NDC,ECU,SUPCAMCEJOTI,,,1,2015,,,,,,1.0
VariableCost,NDC,ECU,SUPCAMCEJOTI,,,1,2016,,,,,,1.0
VariableCost,NDC,ECU,SUPCAMCEJOTI,,,1,2017,,,,,,1.0
VariableCost,NDC,ECU,SUPCAMCEJOTI,,,1,2018,,,,,,1.0
VariableCost,NDC,ECU,SUPCAMCEJOTI,,,1,2019,,,,,,1.0
VariableCost,NDC,ECU,SUPCAMCEJOTI,,,1,2020,,,,,,1.0
VariableCost,NDC,ECU,SUPCAMCEJOTI,,,1,2021,,,,,,1.0
VariableCost,NDC,ECU,SUPCAMCEJOTI,,,1,2022,,,,,,1.0
VariableCost,NDC,ECU,SUPCAMCEJOTI,,,1,2023,,,,,,1.0
VariableCost,NDC,ECU,SUPCAMCEJOTI,,,1,2024,,,,,,1.0
VariableCost,NDC,ECU,SUPCAMCEJOTI,,,1,2025,,,,,,1.0
VariableCost,NDC,ECU,SUPCAMCEJOTI,,,1,2026,,,,,,1.0
VariableCost,NDC,ECU,SUPCAMCEJOTI,,,1,2027,,,,,,1.0
VariableCost,NDC,ECU,SUPCAMCEJOTI,,,1,2028,,,,,,1.0
VariableCost,NDC,ECU,SUPCAMCEJOTI,,,1,2029,,,,,,1.0
VariableCost,NDC,ECU,SUPCAMCEJOTI,,,1,2030,,,,,,1.0
VariableCost,NDC,ECU,SUPCAMCEJOTI,,,1,2031,,,,,,1.0
VariableCost,NDC,ECU,SUPCAMCEJOTI,,,1,2032,,,,,,1.0
VariableCost,NDC,ECU,SUPCAMCEJOTI,,,1,2033,,,,,,1.0
VariableCost,NDC,ECU,SUPCAMCEJOTI,,,1,2034,,,,,,1.0
VariableCost,NDC,ECU,SUPCAMCEJOTI,,,1,2035,,,,,,1.0
VariableCost,NDC,ECU,SUPCAMAMAOTI,,,1,2010,,,,,,1.0
VariableCost,NDC,ECU,SUPCAMAMAOTI,,,1,2011,,,,,,1.0
VariableCost,NDC,ECU,SUPCAMAMAOTI,,,1,2012,,,,,,1.0
VariableCost,NDC,ECU,SUPCAMAMAOTI,,,1,2013,,,,,,1.0
VariableCost,NDC,ECU,SUPCAMAMAOTI,,,1,2014,,,,,,1.0
VariableCost,NDC,ECU,SUPCAMAMAOTI,,,1,2015,,,,,,1.0
VariableCost,NDC,ECU,SUPCAMAMAOTI,,,1,2016,,,,,,1.0
VariableCost,NDC,ECU,SUPCAMAMAOTI,,,1,2017,,,,,,1.0
VariableCost,NDC,ECU,SUPCAMAMAOTI,,,1,2018,,,,,,1.0
VariableCost,NDC,ECU,SUPCAMAMAOTI,,,1,2019,,,,,,1.0
VariableCost,NDC,ECU,SUPCAMAMAOTI,,,1,2020,,,,,,1.0
VariableCost,NDC,ECU,SUPCAMAMAOTI,,,1,2021,,,,,,1.0
VariableCost,NDC,ECU,SUPCAMAMAOTI,,,1,2022,,,,,,1.0
VariableCost,NDC,ECU,SUPCAMAMAOTI,,,1,2023,,,,,,1.0
VariableCost,NDC,ECU,SUPCAMAMAOTI,,,1,2024,,,,,,1.0
VariableCost,NDC,ECU,SUPCAMAMAOTI,,,1,2025,,,,,,1.0
VariableCost,NDC,ECU,SUPCAMAMAOTI,,,1,2026,,,,,,1.0
VariableCost,NDC,ECU,SUPCAMAMAOTI,,,1,2027,,,,,,1.0
VariableCost,NDC,ECU,SUPCAMAMAOTI,,,1,2028,,,,,,1.0
VariableCost,NDC,ECU,SUPCAMAMAOTI,,,1,2029,,,,,,1.0
VariableCost,NDC,ECU,SUPCAMAMAOTI,,,1,2030,,,,,,1.0
VariableCost,NDC,ECU,SUPCAMAMAOTI,,,1,2031,,,,,,1.0
VariableCost,NDC,ECU,SUPCAMAMAOTI,,,1,2032,,,,,,1.0
VariableCost,NDC,ECU,SUPCAMAMAOTI,,,1,2033,,,,,,1.0
VariableCost,NDC,ECU,SUPCAMAMAOTI,,,1,2034,,,,,,1.0
VariableCost,NDC,ECU,SUPCAMAMAOTI,,,1,2035,,,,,,1.0
VariableCost,NDC,ECU,SUPCAMCHOOTI,,,1,2010,,,,,,1.0
VariableCost,NDC,ECU,SUPCAMCHOOTI,,,1,2011,,,,,,1.0
VariableCost,NDC,ECU,SUPCAMCHOOTI,,,1,2012,,,,,,1.0
VariableCost,NDC,ECU,SUPCAMCHOOTI,,,1,2013,,,,,,1.0
VariableCost,NDC,ECU,SUPCAMCHOOTI,,,1,2014,,,,,,1.0
VariableCost,NDC,ECU,SUPCAMCHOOTI,,,1,2015,,,,,,1.0
VariableCost,NDC,ECU,SUPCAMCHOOTI,,,1,2016,,,,,,1.0
VariableCost,NDC,ECU,SUPCAMCHOOTI,,,1,2017,,,,,,1.0
VariableCost,NDC,ECU,SUPCAMCHOOTI,,,1,2018,,,,,,1.0
VariableCost,NDC,ECU,SUPCAMCHOOTI,,,1,2019,,,,,,1.0
VariableCost,NDC,ECU,SUPCAMCHOOTI,,,1,2020,,,,,,1.0
VariableCost,NDC,ECU,SUPCAMCHOOTI,,,1,2021,,,,,,1.0
VariableCost,NDC,ECU,SUPCAMCHOOTI,,,1,2022,,,,,,1.0
VariableCost,NDC,ECU,SUPCAMCHOOTI,,,1,2023,,,,,,1.0
VariableCost,NDC,ECU,SUPCAMCHOOTI,,,1,2024,,,,,,1.0
VariableCost,NDC,ECU,SUPCAMCHOOTI,,,1,2025,,,,,,1.0
VariableCost,NDC,ECU,SUPCAMCHOOTI,,,1,2026,,,,,,1.0
VariableCost,NDC,ECU,SUPCAMCHOOTI,,,1,2027,,,,,,1.0
VariableCost,NDC,ECU,SUPCAMCHOOTI,,,1,2028,,,,,,1.0
VariableCost,NDC,ECU,SUPCAMCHOOTI,,,1,2029,,,,,,1.0
VariableCost,NDC,ECU,SUPCAMCHOOTI,,,1,2030,,,,,,1.0
VariableCost,NDC,ECU,SUPCAMCHOOTI,,,1,2031,,,,,,1.0
VariableCost,NDC,ECU,SUPCAMCHOOTI,,,1,2032,,,,,,1.0
VariableCost,NDC,ECU,SUPCAMCHOOTI,,,1,2033,,,,,,1.0
VariableCost,NDC,ECU,SUPCAMCHOOTI,,,1,2034,,,,,,1.0
VariableCost,NDC,ECU,SUPCAMCHOOTI,,,1,2035,,,,,,1.0
VariableCost,NDC,ECU,SUPCAMMANOTI,,,1,2010,,,,,,1.0
VariableCost,NDC,ECU,SUPCAMMANOTI,,,1,2011,,,,,,1.0
VariableCost,NDC,ECU,SUPCAMMANOTI,,,1,2012,,,,,,1.0
VariableCost,NDC,ECU,SUPCAMMANOTI,,,1,2013,,,,,,1.0
VariableCost,NDC,ECU,SUPCAMMANOTI,,,1,2014,,,,,,1.0
VariableCost,NDC,ECU,SUPCAMMANOTI,,,1,2015,,,,,,1.0
VariableCost,NDC,ECU,SUPCAMMANOTI,,,1,2016,,,,,,1.0
VariableCost,NDC,ECU,SUPCAMMANOTI,,,1,2017,,,,,,1.0
VariableCost,NDC,ECU,SUPCAMMANOTI,,,1,2018,,,,,,1.0
VariableCost,NDC,ECU,SUPCAMMANOTI,,,1,2019,,,,,,1.0
VariableCost,NDC,ECU,SUPCAMMANOTI,,,1,2020,,,,,,1.0
VariableCost,NDC,ECU,SUPCAMMANOTI,,,1,2021,,,,,,1.0
VariableCost,NDC,ECU,SUPCAMMANOTI,,,1,2022,,,,,,1.0
VariableCost,NDC,ECU,SUPCAMMANOTI,,,1,2023,,,,,,1.0
VariableCost,NDC,ECU,SUPCAMMANOTI,,,1,2024,,,,,,1.0
VariableCost,NDC,ECU,SUPCAMMANOTI,,,1,2025,,,,,,1.0
VariableCost,NDC,ECU,SUPCAMMANOTI,,,1,2026,,,,,,1.0
VariableCost,NDC,ECU,SUPCAMMANOTI,,,1,2027,,,,,,1.0
VariableCost,NDC,ECU,SUPCAMMANOTI,,,1,2028,,,,,,1.0
VariableCost,NDC,ECU,SUPCAMMANOTI,,,1,2029,,,,,,1.0
VariableCost,NDC,ECU,SUPCAMMANOTI,,,1,2030,,,,,,1.0
VariableCost,NDC,ECU,SUPCAMMANOTI,,,1,2031,,,,,,1.0
VariableCost,NDC,ECU,SUPCAMMANOTI,,,1,2032,,,,,,1.0
VariableCost,NDC,ECU,SUPCAMMANOTI,,,1,2033,,,,,,1.0
VariableCost,NDC,ECU,SUPCAMMANOTI,,,1,2034,,,,,,1.0
VariableCost,NDC,ECU,SUPCAMMANOTI,,,1,2035,,,,,,1.0
VariableCost,NDC,ECU,SUPCAMMOROTI,,,1,2010,,,,,,1.0
VariableCost,NDC,ECU,SUPCAMMOROTI,,,1,2011,,,,,,1.0
VariableCost,NDC,ECU,SUPCAMMOROTI,,,1,2012,,,,,,1.0
VariableCost,NDC,ECU,SUPCAMMOROTI,,,1,2013,,,,,,1.0
VariableCost,NDC,ECU,SUPCAMMOROTI,,,1,2014,,,,,,1.0
VariableCost,NDC,ECU,SUPCAMMOROTI,,,1,2015,,,,,,1.0
VariableCost,NDC,ECU,SUPCAMMOROTI,,,1,2016,,,,,,1.0
VariableCost,NDC,ECU,SUPCAMMOROTI,,,1,2017,,,,,,1.0
VariableCost,NDC,ECU,SUPCAMMOROTI,,,1,2018,,,,,,1.0
VariableCost,NDC,ECU,SUPCAMMOROTI,,,1,2019,,,,,,1.0
VariableCost,NDC,ECU,SUPCAMMOROTI,,,1,2020,,,,,,1.0
VariableCost,NDC,ECU,SUPCAMMOROTI,,,1,2021,,,,,,1.0
VariableCost,NDC,ECU,SUPCAMMOROTI,,,1,2022,,,,,,1.0
VariableCost,NDC,ECU,SUPCAMMOROTI,,,1,2023,,,,,,1.0
VariableCost,NDC,ECU,SUPCAMMOROTI,,,1,2024,,,,,,1.0
VariableCost,NDC,ECU,SUPCAMMOROTI,,,1,2025,,,,,,1.0
VariableCost,NDC,ECU,SUPCAMMOROTI,,,1,2026,,,,,,1.0
VariableCost,NDC,ECU,SUPCAMMOROTI,,,1,2027,,,,,,1.0
VariableCost,NDC,ECU,SUPCAMMOROTI,,,1,2028,,,,,,1.0
VariableCost,NDC,ECU,SUPCAMMOROTI,,,1,2029,,,,,,1.0
VariableCost,NDC,ECU,SUPCAMMOROTI,,,1,2030,,,,,,1.0
VariableCost,NDC,ECU,SUPCAMMOROTI,,,1,2031,,,,,,1.0
VariableCost,NDC,ECU,SUPCAMMOROTI,,,1,2032,,,,,,1.0
VariableCost,NDC,ECU,SUPCAMMOROTI,,,1,2033,,,,,,1.0
VariableCost,NDC,ECU,SUPCAMMOROTI,,,1,2034,,,,,,1.0
VariableCost,NDC,ECU,SUPCAMMOROTI,,,1,2035,,,,,,1.0
VariableCost,NDC,ECU,SUPCAMPFOOTI,,,1,2010,,,,,,1.0
VariableCost,NDC,ECU,SUPCAMPFOOTI,,,1,2011,,,,,,1.0
VariableCost,NDC,ECU,SUPCAMPFOOTI,,,1,2012,,,,,,1.0
VariableCost,NDC,ECU,SUPCAMPFOOTI,,,1,2013,,,,,,1.0
VariableCost,NDC,ECU,SUPCAMPFOOTI,,,1,2014,,,,,,1.0
VariableCost,NDC,ECU,SUPCAMPFOOTI,,,1,2015,,,,,,1.0
VariableCost,NDC,ECU,SUPCAMPFOOTI,,,1,2016,,,,,,1.0
VariableCost,NDC,ECU,SUPCAMPFOOTI,,,1,2017,,,,,,1.0
VariableCost,NDC,ECU,SUPCAMPFOOTI,,,1,2018,,,,,,1.0
VariableCost,NDC,ECU,SUPCAMPFOOTI,,,1,2019,,,,,,1.0
VariableCost,NDC,ECU,SUPCAMPFOOTI,,,1,2020,,,,,,1.0
VariableCost,NDC,ECU,SUPCAMPFOOTI,,,1,2021,,,,,,1.0
VariableCost,NDC,ECU,SUPCAMPFOOTI,,,1,2022,,,,,,1.0
VariableCost,NDC,ECU,SUPCAMPFOOTI,,,1,2023,,,,,,1.0
VariableCost,NDC,ECU,SUPCAMPFOOTI,,,1,2024,,,,,,1.0
VariableCost,NDC,ECU,SUPCAMPFOOTI,,,1,2025,,,,,,1.0
VariableCost,NDC,ECU,SUPCAMPFOOTI,,,1,2026,,,,,,1.0
VariableCost,NDC,ECU,SUPCAMPFOOTI,,,1,2027,,,,,,1.0
VariableCost,NDC,ECU,SUPCAMPFOOTI,,,1,2028,,,,,,1.0
VariableCost,NDC,ECU,SUPCAMPFOOTI,,,1,2029,,,,,,1.0
VariableCost,NDC,ECU,SUPCAMPFOOTI,,,1,2030,,,,,,1.0
VariableCost,NDC,ECU,SUPCAMPFOOTI,,,1,2031,,,,,,1.0
VariableCost,NDC,ECU,SUPCAMPFOOTI,,,1,2032,,,,,,1.0
VariableCost,NDC,ECU,SUPCAMPFOOTI,,,1,2033,,,,,,1.0
VariableCost,NDC,ECU,SUPCAMPFOOTI,,,1,2034,,,,,,1.0
VariableCost,NDC,ECU,SUPCAMPFOOTI,,,1,2035,,,,,,1.0
VariableCost,NDC,ECU,SUPCAMCROOTI,,,1,2010,,,,,,1.0
VariableCost,NDC,ECU,SUPCAMCROOTI,,,1,2011,,,,,,1.0
VariableCost,NDC,ECU,SUPCAMCROOTI,,,1,2012,,,,,,1.0
VariableCost,NDC,ECU,SUPCAMCROOTI,,,1,2013,,,,,,1.0
VariableCost,NDC,ECU,SUPCAMCROOTI,,,1,2014,,,,,,1.0
VariableCost,NDC,ECU,SUPCAMCROOTI,,,1,2015,,,,,,1.0
VariableCost,NDC,ECU,SUPCAMCROOTI,,,1,2016,,,,,,1.0
VariableCost,NDC,ECU,SUPCAMCROOTI,,,1,2017,,,,,,1.0
VariableCost,NDC,ECU,SUPCAMCROOTI,,,1,2018,,,,,,1.0
VariableCost,NDC,ECU,SUPCAMCROOTI,,,1,2019,,,,,,1.0
VariableCost,NDC,ECU,SUPCAMCROOTI,,,1,2020,,,,,,1.0
VariableCost,NDC,ECU,SUPCAMCROOTI,,,1,2021,,,,,,1.0
VariableCost,NDC,ECU,SUPCAMCROOTI,,,1,2022,,,,,,1.0
VariableCost,NDC,ECU,SUPCAMCROOTI,,,1,2023,,,,,,1.0
VariableCost,NDC,ECU,SUPCAMCROOTI,,,1,2024,,,,,,1.0
VariableCost,NDC,ECU,SUPCAMCROOTI,,,1,2025,,,,,,1.0
VariableCost,NDC,ECU,SUPCAMCROOTI,,,1,2026,,,,,,1.0
VariableCost,NDC,ECU,SUPCAMCROOTI,,,1,2027,,,,,,1.0
VariableCost,NDC,ECU,SUPCAMCROOTI,,,1,2028,,,,,,1.0
VariableCost,NDC,ECU,SUPCAMCROOTI,,,1,2029,,,,,,1.0
VariableCost,NDC,ECU,SUPCAMCROOTI,,,1,2030,,,,,,1.0
VariableCost,NDC,ECU,SUPCAMCROOTI,,,1,2031,,,,,,1.0
VariableCost,NDC,ECU,SUPCAMCROOTI,,,1,2032,,,,,,1.0
VariableCost,NDC,ECU,SUPCAMCROOTI,,,1,2033,,,,,,1.0
VariableCost,NDC,ECU,SUPCAMCROOTI,,,1,2034,,,,,,1.0
VariableCost,NDC,ECU,SUPCAMCROOTI,,,1,2035,,,,,,1.0
VariableCost,NDC,ECU,SUPCAMGRAOTI,,,1,2010,,,,,,1.0
VariableCost,NDC,ECU,SUPCAMGRAOTI,,,1,2011,,,,,,1.0
VariableCost,NDC,ECU,SUPCAMGRAOTI,,,1,2012,,,,,,1.0
VariableCost,NDC,ECU,SUPCAMGRAOTI,,,1,2013,,,,,,1.0
VariableCost,NDC,ECU,SUPCAMGRAOTI,,,1,2014,,,,,,1.0
VariableCost,NDC,ECU,SUPCAMGRAOTI,,,1,2015,,,,,,1.0
VariableCost,NDC,ECU,SUPCAMGRAOTI,,,1,2016,,,,,,1.0
VariableCost,NDC,ECU,SUPCAMGRAOTI,,,1,2017,,,,,,1.0
VariableCost,NDC,ECU,SUPCAMGRAOTI,,,1,2018,,,,,,1.0
VariableCost,NDC,ECU,SUPCAMGRAOTI,,,1,2019,,,,,,1.0
VariableCost,NDC,ECU,SUPCAMGRAOTI,,,1,2020,,,,,,1.0
VariableCost,NDC,ECU,SUPCAMGRAOTI,,,1,2021,,,,,,1.0
VariableCost,NDC,ECU,SUPCAMGRAOTI,,,1,2022,,,,,,1.0
VariableCost,NDC,ECU,SUPCAMGRAOTI,,,1,2023,,,,,,1.0
VariableCost,NDC,ECU,SUPCAMGRAOTI,,,1,2024,,,,,,1.0
VariableCost,NDC,ECU,SUPCAMGRAOTI,,,1,2025,,,,,,1.0
VariableCost,NDC,ECU,SUPCAMGRAOTI,,,1,2026,,,,,,1.0
VariableCost,NDC,ECU,SUPCAMGRAOTI,,,1,2027,,,,,,1.0
VariableCost,NDC,ECU,SUPCAMGRAOTI,,,1,2028,,,,,,1.0
VariableCost,NDC,ECU,SUPCAMGRAOTI,,,1,2029,,,,,,1.0
VariableCost,NDC,ECU,SUPCAMGRAOTI,,,1,2030,,,,,,1.0
VariableCost,NDC,ECU,SUPCAMGRAOTI,,,1,2031,,,,,,1.0
VariableCost,NDC,ECU,SUPCAMGRAOTI,,,1,2032,,,,,,1.0
VariableCost,NDC,ECU,SUPCAMGRAOTI,,,1,2033,,,,,,1.0
VariableCost,NDC,ECU,SUPCAMGRAOTI,,,1,2034,,,,,,1.0
VariableCost,NDC,ECU,SUPCAMGRAOTI,,,1,2035,,,,,,1.0
VariableCost,NDC,ECU,SUPMEDREST,,,1,2010,,,,,,1.0
VariableCost,NDC,ECU,SUPMEDREST,,,1,2011,,,,,,1.0
VariableCost,NDC,ECU,SUPMEDREST,,,1,2012,,,,,,1.0
VariableCost,NDC,ECU,SUPMEDREST,,,1,2013,,,,,,1.0
VariableCost,NDC,ECU,SUPMEDREST,,,1,2014,,,,,,1.0
VariableCost,NDC,ECU,SUPMEDREST,,,1,2015,,,,,,1.0
VariableCost,NDC,ECU,SUPMEDREST,,,1,2016,,,,,,1.0
VariableCost,NDC,ECU,SUPMEDREST,,,1,2017,,,,,,1.0
VariableCost,NDC,ECU,SUPMEDREST,,,1,2018,,,,,,1.0
VariableCost,NDC,ECU,SUPMEDREST,,,1,2019,,,,,,1.0
VariableCost,NDC,ECU,SUPMEDREST,,,1,2020,,,,,,1.0
VariableCost,NDC,ECU,SUPMEDREST,,,1,2021,,,,,,1.0
VariableCost,NDC,ECU,SUPMEDREST,,,1,2022,,,,,,1.0
VariableCost,NDC,ECU,SUPMEDREST,,,1,2023,,,,,,1.0
VariableCost,NDC,ECU,SUPMEDREST,,,1,2024,,,,,,1.0
VariableCost,NDC,ECU,SUPMEDREST,,,1,2025,,,,,,1.0
VariableCost,NDC,ECU,SUPMEDREST,,,1,2026,,,,,,1.0
VariableCost,NDC,ECU,SUPMEDREST,,,1,2027,,,,,,1.0
VariableCost,NDC,ECU,SUPMEDREST,,,1,2028,,,,,,1.0
VariableCost,NDC,ECU,SUPMEDREST,,,1,2029,,,,,,1.0
VariableCost,NDC,ECU,SUPMEDREST,,,1,2030,,,,,,1.0
VariableCost,NDC,ECU,SUPMEDREST,,,1,2031,,,,,,1.0
VariableCost,NDC,ECU,SUPMEDREST,,,1,2032,,,,,,1.0
VariableCost,NDC,ECU,SUPMEDREST,,,1,2033,,,,,,1.0
VariableCost,NDC,ECU,SUPMEDREST,,,1,2034,,,,,,1.0
VariableCost,NDC,ECU,SUPMEDREST,,,1,2035,,,,,,1.0
VariableCost,NDC,ECU,SUPMEDRESTMAN,,,1,2010,,,,,,1.0
VariableCost,NDC,ECU,SUPMEDRESTMAN,,,1,2011,,,,,,1.0
VariableCost,NDC,ECU,SUPMEDRESTMAN,,,1,2012,,,,,,1.0
VariableCost,NDC,ECU,SUPMEDRESTMAN,,,1,2013,,,,,,1.0
VariableCost,NDC,ECU,SUPMEDRESTMAN,,,1,2014,,,,,,1.0
VariableCost,NDC,ECU,SUPMEDRESTMAN,,,1,2015,,,,,,1.0
VariableCost,NDC,ECU,SUPMEDRESTMAN,,,1,2016,,,,,,1.0
VariableCost,NDC,ECU,SUPMEDRESTMAN,,,1,2017,,,,,,1.0
VariableCost,NDC,ECU,SUPMEDRESTMAN,,,1,2018,,,,,,1.0
VariableCost,NDC,ECU,SUPMEDRESTMAN,,,1,2019,,,,,,1.0
VariableCost,NDC,ECU,SUPMEDRESTMAN,,,1,2020,,,,,,1.0
VariableCost,NDC,ECU,SUPMEDRESTMAN,,,1,2021,,,,,,1.0
VariableCost,NDC,ECU,SUPMEDRESTMAN,,,1,2022,,,,,,1.0
VariableCost,NDC,ECU,SUPMEDRESTMAN,,,1,2023,,,,,,1.0
VariableCost,NDC,ECU,SUPMEDRESTMAN,,,1,2024,,,,,,1.0
VariableCost,NDC,ECU,SUPMEDRESTMAN,,,1,2025,,,,,,1.0
VariableCost,NDC,ECU,SUPMEDRESTMAN,,,1,2026,,,,,,1.0
VariableCost,NDC,ECU,SUPMEDRESTMAN,,,1,2027,,,,,,1.0
VariableCost,NDC,ECU,SUPMEDRESTMAN,,,1,2028,,,,,,1.0
VariableCost,NDC,ECU,SUPMEDRESTMAN,,,1,2029,,,,,,1.0
VariableCost,NDC,ECU,SUPMEDRESTMAN,,,1,2030,,,,,,1.0
VariableCost,NDC,ECU,SUPMEDRESTMAN,,,1,2031,,,,,,1.0
VariableCost,NDC,ECU,SUPMEDRESTMAN,,,1,2032,,,,,,1.0
VariableCost,NDC,ECU,SUPMEDRESTMAN,,,1,2033,,,,,,1.0
VariableCost,NDC,ECU,SUPMEDRESTMAN,,,1,2034,,,,,,1.0
VariableCost,NDC,ECU,SUPMEDRESTMAN,,,1,2035,,,,,,1.0
VariableCost,NDC,ECU,SUPMEDABAMA,,,1,2010,,,,,,1.0
VariableCost,NDC,ECU,SUPMEDABAMA,,,1,2011,,,,,,1.0
VariableCost,NDC,ECU,SUPMEDABAMA,,,1,2012,,,,,,1.0
VariableCost,NDC,ECU,SUPMEDABAMA,,,1,2013,,,,,,1.0
VariableCost,NDC,ECU,SUPMEDABAMA,,,1,2014,,,,,,1.0
VariableCost,NDC,ECU,SUPMEDABAMA,,,1,2015,,,,,,1.0
VariableCost,NDC,ECU,SUPMEDABAMA,,,1,2016,,,,,,1.0
VariableCost,NDC,ECU,SUPMEDABAMA,,,1,2017,,,,,,1.0
VariableCost,NDC,ECU,SUPMEDABAMA,,,1,2018,,,,,,1.0
VariableCost,NDC,ECU,SUPMEDABAMA,,,1,2019,,,,,,1.0
VariableCost,NDC,ECU,SUPMEDABAMA,,,1,2020,,,,,,1.0
VariableCost,NDC,ECU,SUPMEDABAMA,,,1,2021,,,,,,1.0
VariableCost,NDC,ECU,SUPMEDABAMA,,,1,2022,,,,,,1.0
VariableCost,NDC,ECU,SUPMEDABAMA,,,1,2023,,,,,,1.0
VariableCost,NDC,ECU,SUPMEDABAMA,,,1,2024,,,,,,1.0
VariableCost,NDC,ECU,SUPMEDABAMA,,,1,2025,,,,,,1.0
VariableCost,NDC,ECU,SUPMEDABAMA,,,1,2026,,,,,,1.0
VariableCost,NDC,ECU,SUPMEDABAMA,,,1,2027,,,,,,1.0
VariableCost,NDC,ECU,SUPMEDABAMA,,,1,2028,,,,,,1.0
VariableCost,NDC,ECU,SUPMEDABAMA,,,1,2029,,,,,,1.0
VariableCost,NDC,ECU,SUPMEDABAMA,,,1,2030,,,,,,1.0
VariableCost,NDC,ECU,SUPMEDABAMA,,,1,2031,,,,,,1.0
VariableCost,NDC,ECU,SUPMEDABAMA,,,1,2032,,,,,,1.0
VariableCost,NDC,ECU,SUPMEDABAMA,,,1,2033,,,,,,1.0
VariableCost,NDC,ECU,SUPMEDABAMA,,,1,2034,,,,,,1.0
VariableCost,NDC,ECU,SUPMEDABAMA,,,1,2035,,,,,,1.0
VariableCost,NDC,ECU,SUPMEDABMOR,,,1,2010,,,,,,1.0
VariableCost,NDC,ECU,SUPMEDABMOR,,,1,2011,,,,,,1.0
VariableCost,NDC,ECU,SUPMEDABMOR,,,1,2012,,,,,,1.0
VariableCost,NDC,ECU,SUPMEDABMOR,,,1,2013,,,,,,1.0
VariableCost,NDC,ECU,SUPMEDABMOR,,,1,2014,,,,,,1.0
VariableCost,NDC,ECU,SUPMEDABMOR,,,1,2015,,,,,,1.0
VariableCost,NDC,ECU,SUPMEDABMOR,,,1,2016,,,,,,1.0
VariableCost,NDC,ECU,SUPMEDABMOR,,,1,2017,,,,,,1.0
VariableCost,NDC,ECU,SUPMEDABMOR,,,1,2018,,,,,,1.0
VariableCost,NDC,ECU,SUPMEDABMOR,,,1,2019,,,,,,1.0
VariableCost,NDC,ECU,SUPMEDABMOR,,,1,2020,,,,,,1.0
VariableCost,NDC,ECU,SUPMEDABMOR,,,1,2021,,,,,,1.0
VariableCost,NDC,ECU,SUPMEDABMOR,,,1,2022,,,,,,1.0
VariableCost,NDC,ECU,SUPMEDABMOR,,,1,2023,,,,,,1.0
VariableCost,NDC,ECU,SUPMEDABMOR,,,1,2024,,,,,,1.0
VariableCost,NDC,ECU,SUPMEDABMOR,,,1,2025,,,,,,1.0
VariableCost,NDC,ECU,SUPMEDABMOR,,,1,2026,,,,,,1.0
VariableCost,NDC,ECU,SUPMEDABMOR,,,1,2027,,,,,,1.0
VariableCost,NDC,ECU,SUPMEDABMOR,,,1,2028,,,,,,1.0
VariableCost,NDC,ECU,SUPMEDABMOR,,,1,2029,,,,,,1.0
VariableCost,NDC,ECU,SUPMEDABMOR,,,1,2030,,,,,,1.0
VariableCost,NDC,ECU,SUPMEDABMOR,,,1,2031,,,,,,1.0
VariableCost,NDC,ECU,SUPMEDABMOR,,,1,2032,,,,,,1.0
VariableCost,NDC,ECU,SUPMEDABMOR,,,1,2033,,,,,,1.0
VariableCost,NDC,ECU,SUPMEDABMOR,,,1,2034,,,,,,1.0
VariableCost,NDC,ECU,SUPMEDABMOR,,,1,2035,,,,,,1.0
VariableCost,NDC,ECU,SUPMEDABPIE,,,1,2010,,,,,,1.0
VariableCost,NDC,ECU,SUPMEDABPIE,,,1,2011,,,,,,1.0
VariableCost,NDC,ECU,SUPMEDABPIE,,,1,2012,,,,,,1.0
VariableCost,NDC,ECU,SUPMEDABPIE,,,1,2013,,,,,,1.0
VariableCost,NDC,ECU,SUPMEDABPIE,,,1,2014,,,,,,1.0
VariableCost,NDC,ECU,SUPMEDABPIE,,,1,2015,,,,,,1.0
VariableCost,NDC,ECU,SUPMEDABPIE,,,1,2016,,,,,,1.0
VariableCost,NDC,ECU,SUPMEDABPIE,,,1,2017,,,,,,1.0
VariableCost,NDC,ECU,SUPMEDABPIE,,,1,2018,,,,,,1.0
VariableCost,NDC,ECU,SUPMEDABPIE,,,1,2019,,,,,,1.0
VariableCost,NDC,ECU,SUPMEDABPIE,,,1,2020,,,,,,1.0
VariableCost,NDC,ECU,SUPMEDABPIE,,,1,2021,,,,,,1.0
VariableCost,NDC,ECU,SUPMEDABPIE,,,1,2022,,,,,,1.0
VariableCost,NDC,ECU,SUPMEDABPIE,,,1,2023,,,,,,1.0
VariableCost,NDC,ECU,SUPMEDABPIE,,,1,2024,,,,,,1.0
VariableCost,NDC,ECU,SUPMEDABPIE,,,1,2025,,,,,,1.0
VariableCost,NDC,ECU,SUPMEDABPIE,,,1,2026,,,,,,1.0
VariableCost,NDC,ECU,SUPMEDABPIE,,,1,2027,,,,,,1.0
VariableCost,NDC,ECU,SUPMEDABPIE,,,1,2028,,,,,,1.0
VariableCost,NDC,ECU,SUPMEDABPIE,,,1,2029,,,,,,1.0
VariableCost,NDC,ECU,SUPMEDABPIE,,,1,2030,,,,,,1.0
VariableCost,NDC,ECU,SUPMEDABPIE,,,1,2031,,,,,,1.0
VariableCost,NDC,ECU,SUPMEDABPIE,,,1,2032,,,,,,1.0
VariableCost,NDC,ECU,SUPMEDABPIE,,,1,2033,,,,,,1.0
VariableCost,NDC,ECU,SUPMEDABPIE,,,1,2034,,,,,,1.0
VariableCost,NDC,ECU,SUPMEDABPIE,,,1,2035,,,,,,1.0
VariableCost,NDC,ECU,SUPMEDABCHO,,,1,2010,,,,,,1.0
VariableCost,NDC,ECU,SUPMEDABCHO,,,1,2011,,,,,,1.0
VariableCost,NDC,ECU,SUPMEDABCHO,,,1,2012,,,,,,1.0
VariableCost,NDC,ECU,SUPMEDABCHO,,,1,2013,,,,,,1.0
VariableCost,NDC,ECU,SUPMEDABCHO,,,1,2014,,,,,,1.0
VariableCost,NDC,ECU,SUPMEDABCHO,,,1,2015,,,,,,1.0
VariableCost,NDC,ECU,SUPMEDABCHO,,,1,2016,,,,,,1.0
VariableCost,NDC,ECU,SUPMEDABCHO,,,1,2017,,,,,,1.0
VariableCost,NDC,ECU,SUPMEDABCHO,,,1,2018,,,,,,1.0
VariableCost,NDC,ECU,SUPMEDABCHO,,,1,2019,,,,,,1.0
VariableCost,NDC,ECU,SUPMEDABCHO,,,1,2020,,,,,,1.0
VariableCost,NDC,ECU,SUPMEDABCHO,,,1,2021,,,,,,1.0
VariableCost,NDC,ECU,SUPMEDABCHO,,,1,2022,,,,,,1.0
VariableCost,NDC,ECU,SUPMEDABCHO,,,1,2023,,,,,,1.0
VariableCost,NDC,ECU,SUPMEDABCHO,,,1,2024,,,,,,1.0
VariableCost,NDC,ECU,SUPMEDABCHO,,,1,2025,,,,,,1.0
VariableCost,NDC,ECU,SUPMEDABCHO,,,1,2026,,,,,,1.0
VariableCost,NDC,ECU,SUPMEDABCHO,,,1,2027,,,,,,1.0
VariableCost,NDC,ECU,SUPMEDABCHO,,,1,2028,,,,,,1.0
VariableCost,NDC,ECU,SUPMEDABCHO,,,1,2029,,,,,,1.0
VariableCost,NDC,ECU,SUPMEDABCHO,,,1,2030,,,,,,1.0
VariableCost,NDC,ECU,SUPMEDABCHO,,,1,2031,,,,,,1.0
VariableCost,NDC,ECU,SUPMEDABCHO,,,1,2032,,,,,,1.0
VariableCost,NDC,ECU,SUPMEDABCHO,,,1,2033,,,,,,1.0
VariableCost,NDC,ECU,SUPMEDABCHO,,,1,2034,,,,,,1.0
VariableCost,NDC,ECU,SUPMEDABCHO,,,1,2035,,,,,,1.0
VariableCost,NDC,ECU,SUPMEDABMON,,,1,2010,,,,,,1.0
VariableCost,NDC,ECU,SUPMEDABMON,,,1,2011,,,,,,1.0
VariableCost,NDC,ECU,SUPMEDABMON,,,1,2012,,,,,,1.0
VariableCost,NDC,ECU,SUPMEDABMON,,,1,2013,,,,,,1.0
VariableCost,NDC,ECU,SUPMEDABMON,,,1,2014,,,,,,1.0
VariableCost,NDC,ECU,SUPMEDABMON,,,1,2015,,,,,,1.0
VariableCost,NDC,ECU,SUPMEDABMON,,,1,2016,,,,,,1.0
VariableCost,NDC,ECU,SUPMEDABMON,,,1,2017,,,,,,1.0
VariableCost,NDC,ECU,SUPMEDABMON,,,1,2018,,,,,,1.0
VariableCost,NDC,ECU,SUPMEDABMON,,,1,2019,,,,,,1.0
VariableCost,NDC,ECU,SUPMEDABMON,,,1,2020,,,,,,1.0
VariableCost,NDC,ECU,SUPMEDABMON,,,1,2021,,,,,,1.0
VariableCost,NDC,ECU,SUPMEDABMON,,,1,2022,,,,,,1.0
VariableCost,NDC,ECU,SUPMEDABMON,,,1,2023,,,,,,1.0
VariableCost,NDC,ECU,SUPMEDABMON,,,1,2024,,,,,,1.0
VariableCost,NDC,ECU,SUPMEDABMON,,,1,2025,,,,,,1.0
VariableCost,NDC,ECU,SUPMEDABMON,,,1,2026,,,,,,1.0
VariableCost,NDC,ECU,SUPMEDABMON,,,1,2027,,,,,,1.0
VariableCost,NDC,ECU,SUPMEDABMON,,,1,2028,,,,,,1.0
VariableCost,NDC,ECU,SUPMEDABMON,,,1,2029,,,,,,1.0
VariableCost,NDC,ECU,SUPMEDABMON,,,1,2030,,,,,,1.0
VariableCost,NDC,ECU,SUPMEDABMON,,,1,2031,,,,,,1.0
VariableCost,NDC,ECU,SUPMEDABMON,,,1,2032,,,,,,1.0
VariableCost,NDC,ECU,SUPMEDABMON,,,1,2033,,,,,,1.0
VariableCost,NDC,ECU,SUPMEDABMON,,,1,2034,,,,,,1.0
VariableCost,NDC,ECU,SUPMEDABMON,,,1,2035,,,,,,1.0
VariableCost,NDC,ECU,SUPMEDABPIE2,,,1,2010,,,,,,1.0
VariableCost,NDC,ECU,SUPMEDABPIE2,,,1,2011,,,,,,1.0
VariableCost,NDC,ECU,SUPMEDABPIE2,,,1,2012,,,,,,1.0
VariableCost,NDC,ECU,SUPMEDABPIE2,,,1,2013,,,,,,1.0
VariableCost,NDC,ECU,SUPMEDABPIE2,,,1,2014,,,,,,1.0
VariableCost,NDC,ECU,SUPMEDABPIE2,,,1,2015,,,,,,1.0
VariableCost,NDC,ECU,SUPMEDABPIE2,,,1,2016,,,,,,1.0
VariableCost,NDC,ECU,SUPMEDABPIE2,,,1,2017,,,,,,1.0
VariableCost,NDC,ECU,SUPMEDABPIE2,,,1,2018,,,,,,1.0
VariableCost,NDC,ECU,SUPMEDABPIE2,,,1,2019,,,,,,1.0
VariableCost,NDC,ECU,SUPMEDABPIE2,,,1,2020,,,,,,1.0
VariableCost,NDC,ECU,SUPMEDABPIE2,,,1,2021,,,,,,1.0
VariableCost,NDC,ECU,SUPMEDABPIE2,,,1,2022,,,,,,1.0
VariableCost,NDC,ECU,SUPMEDABPIE2,,,1,2023,,,,,,1.0
VariableCost,NDC,ECU,SUPMEDABPIE2,,,1,2024,,,,,,1.0
VariableCost,NDC,ECU,SUPMEDABPIE2,,,1,2025,,,,,,1.0
VariableCost,NDC,ECU,SUPMEDABPIE2,,,1,2026,,,,,,1.0
VariableCost,NDC,ECU,SUPMEDABPIE2,,,1,2027,,,,,,1.0
VariableCost,NDC,ECU,SUPMEDABPIE2,,,1,2028,,,,,,1.0
VariableCost,NDC,ECU,SUPMEDABPIE2,,,1,2029,,,,,,1.0
VariableCost,NDC,ECU,SUPMEDABPIE2,,,1,2030,,,,,,1.0
VariableCost,NDC,ECU,SUPMEDABPIE2,,,1,2031,,,,,,1.0
VariableCost,NDC,ECU,SUPMEDABPIE2,,,1,2032,,,,,,1.0
VariableCost,NDC,ECU,SUPMEDABPIE2,,,1,2033,,,,,,1.0
VariableCost,NDC,ECU,SUPMEDABPIE2,,,1,2034,,,,,,1.0
VariableCost,NDC,ECU,SUPMEDABPIE2,,,1,2035,,,,,,1.0
VariableCost,NDC,ECU,SUPMEDDEFAMA,,,1,2010,,,,,,1.0
VariableCost,NDC,ECU,SUPMEDDEFAMA,,,1,2011,,,,,,1.0
VariableCost,NDC,ECU,SUPMEDDEFAMA,,,1,2012,,,,,,1.0
VariableCost,NDC,ECU,SUPMEDDEFAMA,,,1,2013,,,,,,1.0
VariableCost,NDC,ECU,SUPMEDDEFAMA,,,1,2014,,,,,,1.0
VariableCost,NDC,ECU,SUPMEDDEFAMA,,,1,2015,,,,,,1.0
VariableCost,NDC,ECU,SUPMEDDEFAMA,,,1,2016,,,,,,1.0
VariableCost,NDC,ECU,SUPMEDDEFAMA,,,1,2017,,,,,,1.0
VariableCost,NDC,ECU,SUPMEDDEFAMA,,,1,2018,,,,,,1.0
VariableCost,NDC,ECU,SUPMEDDEFAMA,,,1,2019,,,,,,1.0
VariableCost,NDC,ECU,SUPMEDDEFAMA,,,1,2020,,,,,,1.0
VariableCost,NDC,ECU,SUPMEDDEFAMA,,,1,2021,,,,,,1.0
VariableCost,NDC,ECU,SUPMEDDEFAMA,,,1,2022,,,,,,1.0
VariableCost,NDC,ECU,SUPMEDDEFAMA,,,1,2023,,,,,,1.0
VariableCost,NDC,ECU,SUPMEDDEFAMA,,,1,2024,,,,,,1.0
VariableCost,NDC,ECU,SUPMEDDEFAMA,,,1,2025,,,,,,1.0
VariableCost,NDC,ECU,SUPMEDDEFAMA,,,1,2026,,,,,,1.0
VariableCost,NDC,ECU,SUPMEDDEFAMA,,,1,2027,,,,,,1.0
VariableCost,NDC,ECU,SUPMEDDEFAMA,,,1,2028,,,,,,1.0
VariableCost,NDC,ECU,SUPMEDDEFAMA,,,1,2029,,,,,,1.0
VariableCost,NDC,ECU,SUPMEDDEFAMA,,,1,2030,,,,,,1.0
VariableCost,NDC,ECU,SUPMEDDEFAMA,,,1,2031,,,,,,1.0
VariableCost,NDC,ECU,SUPMEDDEFAMA,,,1,2032,,,,,,1.0
VariableCost,NDC,ECU,SUPMEDDEFAMA,,,1,2033,,,,,,1.0
VariableCost,NDC,ECU,SUPMEDDEFAMA,,,1,2034,,,,,,1.0
VariableCost,NDC,ECU,SUPMEDDEFAMA,,,1,2035,,,,,,1.0
VariableCost,NDC,ECU,SUPMEDDEFMOR,,,1,2010,,,,,,1.0
VariableCost,NDC,ECU,SUPMEDDEFMOR,,,1,2011,,,,,,1.0
VariableCost,NDC,ECU,SUPMEDDEFMOR,,,1,2012,,,,,,1.0
VariableCost,NDC,ECU,SUPMEDDEFMOR,,,1,2013,,,,,,1.0
VariableCost,NDC,ECU,SUPMEDDEFMOR,,,1,2014,,,,,,1.0
VariableCost,NDC,ECU,SUPMEDDEFMOR,,,1,2015,,,,,,1.0
VariableCost,NDC,ECU,SUPMEDDEFMOR,,,1,2016,,,,,,1.0
VariableCost,NDC,ECU,SUPMEDDEFMOR,,,1,2017,,,,,,1.0
VariableCost,NDC,ECU,SUPMEDDEFMOR,,,1,2018,,,,,,1.0
VariableCost,NDC,ECU,SUPMEDDEFMOR,,,1,2019,,,,,,1.0
VariableCost,NDC,ECU,SUPMEDDEFMOR,,,1,2020,,,,,,1.0
VariableCost,NDC,ECU,SUPMEDDEFMOR,,,1,2021,,,,,,1.0
VariableCost,NDC,ECU,SUPMEDDEFMOR,,,1,2022,,,,,,1.0
VariableCost,NDC,ECU,SUPMEDDEFMOR,,,1,2023,,,,,,1.0
VariableCost,NDC,ECU,SUPMEDDEFMOR,,,1,2024,,,,,,1.0
VariableCost,NDC,ECU,SUPMEDDEFMOR,,,1,2025,,,,,,1.0
VariableCost,NDC,ECU,SUPMEDDEFMOR,,,1,2026,,,,,,1.0
VariableCost,NDC,ECU,SUPMEDDEFMOR,,,1,2027,,,,,,1.0
VariableCost,NDC,ECU,SUPMEDDEFMOR,,,1,2028,,,,,,1.0
VariableCost,NDC,ECU,SUPMEDDEFMOR,,,1,2029,,,,,,1.0
VariableCost,NDC,ECU,SUPMEDDEFMOR,,,1,2030,,,,,,1.0
VariableCost,NDC,ECU,SUPMEDDEFMOR,,,1,2031,,,,,,1.0
VariableCost,NDC,ECU,SUPMEDDEFMOR,,,1,2032,,,,,,1.0
VariableCost,NDC,ECU,SUPMEDDEFMOR,,,1,2033,,,,,,1.0
VariableCost,NDC,ECU,SUPMEDDEFMOR,,,1,2034,,,,,,1.0
VariableCost,NDC,ECU,SUPMEDDEFMOR,,,1,2035,,,,,,1.0
VariableCost,NDC,ECU,SUPMEDDEFPIE,,,1,2010,,,,,,1.0
VariableCost,NDC,ECU,SUPMEDDEFPIE,,,1,2011,,,,,,1.0
VariableCost,NDC,ECU,SUPMEDDEFPIE,,,1,2012,,,,,,1.0
VariableCost,NDC,ECU,SUPMEDDEFPIE,,,1,2013,,,,,,1.0
VariableCost,NDC,ECU,SUPMEDDEFPIE,,,1,2014,,,,,,1.0
VariableCost,NDC,ECU,SUPMEDDEFPIE,,,1,2015,,,,,,1.0
VariableCost,NDC,ECU,SUPMEDDEFPIE,,,1,2016,,,,,,1.0
VariableCost,NDC,ECU,SUPMEDDEFPIE,,,1,2017,,,,,,1.0
VariableCost,NDC,ECU,SUPMEDDEFPIE,,,1,2018,,,,,,1.0
VariableCost,NDC,ECU,SUPMEDDEFPIE,,,1,2019,,,,,,1.0
VariableCost,NDC,ECU,SUPMEDDEFPIE,,,1,2020,,,,,,1.0
VariableCost,NDC,ECU,SUPMEDDEFPIE,,,1,2021,,,,,,1.0
VariableCost,NDC,ECU,SUPMEDDEFPIE,,,1,2022,,,,,,1.0
VariableCost,NDC,ECU,SUPMEDDEFPIE,,,1,2023,,,,,,1.0
VariableCost,NDC,ECU,SUPMEDDEFPIE,,,1,2024,,,,,,1.0
VariableCost,NDC,ECU,SUPMEDDEFPIE,,,1,2025,,,,,,1.0
VariableCost,NDC,ECU,SUPMEDDEFPIE,,,1,2026,,,,,,1.0
VariableCost,NDC,ECU,SUPMEDDEFPIE,,,1,2027,,,,,,1.0
VariableCost,NDC,ECU,SUPMEDDEFPIE,,,1,2028,,,,,,1.0
VariableCost,NDC,ECU,SUPMEDDEFPIE,,,1,2029,,,,,,1.0
VariableCost,NDC,ECU,SUPMEDDEFPIE,,,1,2030,,,,,,1.0
VariableCost,NDC,ECU,SUPMEDDEFPIE,,,1,2031,,,,,,1.0
VariableCost,NDC,ECU,SUPMEDDEFPIE,,,1,2032,,,,,,1.0
VariableCost,NDC,ECU,SUPMEDDEFPIE,,,1,2033,,,,,,1.0
VariableCost,NDC,ECU,SUPMEDDEFPIE,,,1,2034,,,,,,1.0
VariableCost,NDC,ECU,SUPMEDDEFPIE,,,1,2035,,,,,,1.0
VariableCost,NDC,ECU,SUPMEDDEFCHO,,,1,2010,,,,,,1.0
VariableCost,NDC,ECU,SUPMEDDEFCHO,,,1,2011,,,,,,1.0
VariableCost,NDC,ECU,SUPMEDDEFCHO,,,1,2012,,,,,,1.0
VariableCost,NDC,ECU,SUPMEDDEFCHO,,,1,2013,,,,,,1.0
VariableCost,NDC,ECU,SUPMEDDEFCHO,,,1,2014,,,,,,1.0
VariableCost,NDC,ECU,SUPMEDDEFCHO,,,1,2015,,,,,,1.0
VariableCost,NDC,ECU,SUPMEDDEFCHO,,,1,2016,,,,,,1.0
VariableCost,NDC,ECU,SUPMEDDEFCHO,,,1,2017,,,,,,1.0
VariableCost,NDC,ECU,SUPMEDDEFCHO,,,1,2018,,,,,,1.0
VariableCost,NDC,ECU,SUPMEDDEFCHO,,,1,2019,,,,,,1.0
VariableCost,NDC,ECU,SUPMEDDEFCHO,,,1,2020,,,,,,1.0
VariableCost,NDC,ECU,SUPMEDDEFCHO,,,1,2021,,,,,,1.0
VariableCost,NDC,ECU,SUPMEDDEFCHO,,,1,2022,,,,,,1.0
VariableCost,NDC,ECU,SUPMEDDEFCHO,,,1,2023,,,,,,1.0
VariableCost,NDC,ECU,SUPMEDDEFCHO,,,1,2024,,,,,,1.0
VariableCost,NDC,ECU,SUPMEDDEFCHO,,,1,2025,,,,,,1.0
VariableCost,NDC,ECU,SUPMEDDEFCHO,,,1,2026,,,,,,1.0
VariableCost,NDC,ECU,SUPMEDDEFCHO,,,1,2027,,,,,,1.0
VariableCost,NDC,ECU,SUPMEDDEFCHO,,,1,2028,,,,,,1.0
VariableCost,NDC,ECU,SUPMEDDEFCHO,,,1,2029,,,,,,1.0
VariableCost,NDC,ECU,SUPMEDDEFCHO,,,1,2030,,,,,,1.0
VariableCost,NDC,ECU,SUPMEDDEFCHO,,,1,2031,,,,,,1.0
VariableCost,NDC,ECU,SUPMEDDEFCHO,,,1,2032,,,,,,1.0
VariableCost,NDC,ECU,SUPMEDDEFCHO,,,1,2033,,,,,,1.0
VariableCost,NDC,ECU,SUPMEDDEFCHO,,,1,2034,,,,,,1.0
VariableCost,NDC,ECU,SUPMEDDEFCHO,,,1,2035,,,,,,1.0
VariableCost,NDC,ECU,SUPMEDDEFMON,,,1,2010,,,,,,1.0
VariableCost,NDC,ECU,SUPMEDDEFMON,,,1,2011,,,,,,1.0
VariableCost,NDC,ECU,SUPMEDDEFMON,,,1,2012,,,,,,1.0
VariableCost,NDC,ECU,SUPMEDDEFMON,,,1,2013,,,,,,1.0
VariableCost,NDC,ECU,SUPMEDDEFMON,,,1,2014,,,,,,1.0
VariableCost,NDC,ECU,SUPMEDDEFMON,,,1,2015,,,,,,1.0
VariableCost,NDC,ECU,SUPMEDDEFMON,,,1,2016,,,,,,1.0
VariableCost,NDC,ECU,SUPMEDDEFMON,,,1,2017,,,,,,1.0
VariableCost,NDC,ECU,SUPMEDDEFMON,,,1,2018,,,,,,1.0
VariableCost,NDC,ECU,SUPMEDDEFMON,,,1,2019,,,,,,1.0
VariableCost,NDC,ECU,SUPMEDDEFMON,,,1,2020,,,,,,1.0
VariableCost,NDC,ECU,SUPMEDDEFMON,,,1,2021,,,,,,1.0
VariableCost,NDC,ECU,SUPMEDDEFMON,,,1,2022,,,,,,1.0
VariableCost,NDC,ECU,SUPMEDDEFMON,,,1,2023,,,,,,1.0
VariableCost,NDC,ECU,SUPMEDDEFMON,,,1,2024,,,,,,1.0
VariableCost,NDC,ECU,SUPMEDDEFMON,,,1,2025,,,,,,1.0
VariableCost,NDC,ECU,SUPMEDDEFMON,,,1,2026,,,,,,1.0
VariableCost,NDC,ECU,SUPMEDDEFMON,,,1,2027,,,,,,1.0
VariableCost,NDC,ECU,SUPMEDDEFMON,,,1,2028,,,,,,1.0
VariableCost,NDC,ECU,SUPMEDDEFMON,,,1,2029,,,,,,1.0
VariableCost,NDC,ECU,SUPMEDDEFMON,,,1,2030,,,,,,1.0
VariableCost,NDC,ECU,SUPMEDDEFMON,,,1,2031,,,,,,1.0
VariableCost,NDC,ECU,SUPMEDDEFMON,,,1,2032,,,,,,1.0
VariableCost,NDC,ECU,SUPMEDDEFMON,,,1,2033,,,,,,1.0
VariableCost,NDC,ECU,SUPMEDDEFMON,,,1,2034,,,,,,1.0
VariableCost,NDC,ECU,SUPMEDDEFMON,,,1,2035,,,,,,1.0
VariableCost,NDC,ECU,SUPMEDDEFPIE2,,,1,2010,,,,,,1.0
VariableCost,NDC,ECU,SUPMEDDEFPIE2,,,1,2011,,,,,,1.0
VariableCost,NDC,ECU,SUPMEDDEFPIE2,,,1,2012,,,,,,1.0
VariableCost,NDC,ECU,SUPMEDDEFPIE2,,,1,2013,,,,,,1.0
VariableCost,NDC,ECU,SUPMEDDEFPIE2,,,1,2014,,,,,,1.0
VariableCost,NDC,ECU,SUPMEDDEFPIE2,,,1,2015,,,,,,1.0
VariableCost,NDC,ECU,SUPMEDDEFPIE2,,,1,2016,,,,,,1.0
VariableCost,NDC,ECU,SUPMEDDEFPIE2,,,1,2017,,,,,,1.0
VariableCost,NDC,ECU,SUPMEDDEFPIE2,,,1,2018,,,,,,1.0
VariableCost,NDC,ECU,SUPMEDDEFPIE2,,,1,2019,,,,,,1.0
VariableCost,NDC,ECU,SUPMEDDEFPIE2,,,1,2020,,,,,,1.0
VariableCost,NDC,ECU,SUPMEDDEFPIE2,,,1,2021,,,,,,1.0
VariableCost,NDC,ECU,SUPMEDDEFPIE2,,,1,2022,,,,,,1.0
VariableCost,NDC,ECU,SUPMEDDEFPIE2,,,1,2023,,,,,,1.0
VariableCost,NDC,ECU,SUPMEDDEFPIE2,,,1,2024,,,,,,1.0
VariableCost,NDC,ECU,SUPMEDDEFPIE2,,,1,2025,,,,,,1.0
VariableCost,NDC,ECU,SUPMEDDEFPIE2,,,1,2026,,,,,,1.0
VariableCost,NDC,ECU,SUPMEDDEFPIE2,,,1,2027,,,,,,1.0
VariableCost,NDC,ECU,SUPMEDDEFPIE2,,,1,2028,,,,,,1.0
VariableCost,NDC,ECU,SUPMEDDEFPIE2,,,1,2029,,,,,,1.0
VariableCost,NDC,ECU,SUPMEDDEFPIE2,,,1,2030,,,,,,1.0
VariableCost,NDC,ECU,SUPMEDDEFPIE2,,,1,2031,,,,,,1.0
VariableCost,NDC,ECU,SUPMEDDEFPIE2,,,1,2032,,,,,,1.0
VariableCost,NDC,ECU,SUPMEDDEFPIE2,,,1,2033,,,,,,1.0
VariableCost,NDC,ECU,SUPMEDDEFPIE2,,,1,2034,,,,,,1.0
VariableCost,NDC,ECU,SUPMEDDEFPIE2,,,1,2035,,,,,,1.0
VariableCost,NDC,ECU,SUPMED5DEFAND,,,1,2010,,,,,,1.0
VariableCost,NDC,ECU,SUPMED5DEFAND,,,1,2011,,,,,,1.0
VariableCost,NDC,ECU,SUPMED5DEFAND,,,1,2012,,,,,,1.0
VariableCost,NDC,ECU,SUPMED5DEFAND,,,1,2013,,,,,,1.0
VariableCost,NDC,ECU,SUPMED5DEFAND,,,1,2014,,,,,,1.0
VariableCost,NDC,ECU,SUPMED5DEFAND,,,1,2015,,,,,,1.0
VariableCost,NDC,ECU,SUPMED5DEFAND,,,1,2016,,,,,,1.0
VariableCost,NDC,ECU,SUPMED5DEFAND,,,1,2017,,,,,,1.0
VariableCost,NDC,ECU,SUPMED5DEFAND,,,1,2018,,,,,,1.0
VariableCost,NDC,ECU,SUPMED5DEFAND,,,1,2019,,,,,,1.0
VariableCost,NDC,ECU,SUPMED5DEFAND,,,1,2020,,,,,,1.0
VariableCost,NDC,ECU,SUPMED5DEFAND,,,1,2021,,,,,,1.0
VariableCost,NDC,ECU,SUPMED5DEFAND,,,1,2022,,,,,,1.0
VariableCost,NDC,ECU,SUPMED5DEFAND,,,1,2023,,,,,,1.0
VariableCost,NDC,ECU,SUPMED5DEFAND,,,1,2024,,,,,,1.0
VariableCost,NDC,ECU,SUPMED5DEFAND,,,1,2025,,,,,,1.0
VariableCost,NDC,ECU,SUPMED5DEFAND,,,1,2026,,,,,,1.0
VariableCost,NDC,ECU,SUPMED5DEFAND,,,1,2027,,,,,,1.0
VariableCost,NDC,ECU,SUPMED5DEFAND,,,1,2028,,,,,,1.0
VariableCost,NDC,ECU,SUPMED5DEFAND,,,1,2029,,,,,,1.0
VariableCost,NDC,ECU,SUPMED5DEFAND,,,1,2030,,,,,,1.0
VariableCost,NDC,ECU,SUPMED5DEFAND,,,1,2031,,,,,,1.0
VariableCost,NDC,ECU,SUPMED5DEFAND,,,1,2032,,,,,,1.0
VariableCost,NDC,ECU,SUPMED5DEFAND,,,1,2033,,,,,,1.0
VariableCost,NDC,ECU,SUPMED5DEFAND,,,1,2034,,,,,,1.0
VariableCost,NDC,ECU,SUPMED5DEFAND,,,1,2035,,,,,,1.0
VariableCost,NDC,ECU,SUPMED5DEFPLU,,,1,2010,,,,,,1.0
VariableCost,NDC,ECU,SUPMED5DEFPLU,,,1,2011,,,,,,1.0
VariableCost,NDC,ECU,SUPMED5DEFPLU,,,1,2012,,,,,,1.0
VariableCost,NDC,ECU,SUPMED5DEFPLU,,,1,2013,,,,,,1.0
VariableCost,NDC,ECU,SUPMED5DEFPLU,,,1,2014,,,,,,1.0
VariableCost,NDC,ECU,SUPMED5DEFPLU,,,1,2015,,,,,,1.0
VariableCost,NDC,ECU,SUPMED5DEFPLU,,,1,2016,,,,,,1.0
VariableCost,NDC,ECU,SUPMED5DEFPLU,,,1,2017,,,,,,1.0
VariableCost,NDC,ECU,SUPMED5DEFPLU,,,1,2018,,,,,,1.0
VariableCost,NDC,ECU,SUPMED5DEFPLU,,,1,2019,,,,,,1.0
VariableCost,NDC,ECU,SUPMED5DEFPLU,,,1,2020,,,,,,1.0
VariableCost,NDC,ECU,SUPMED5DEFPLU,,,1,2021,,,,,,1.0
VariableCost,NDC,ECU,SUPMED5DEFPLU,,,1,2022,,,,,,1.0
VariableCost,NDC,ECU,SUPMED5DEFPLU,,,1,2023,,,,,,1.0
VariableCost,NDC,ECU,SUPMED5DEFPLU,,,1,2024,,,,,,1.0
VariableCost,NDC,ECU,SUPMED5DEFPLU,,,1,2025,,,,,,1.0
VariableCost,NDC,ECU,SUPMED5DEFPLU,,,1,2026,,,,,,1.0
VariableCost,NDC,ECU,SUPMED5DEFPLU,,,1,2027,,,,,,1.0
VariableCost,NDC,ECU,SUPMED5DEFPLU,,,1,2028,,,,,,1.0
VariableCost,NDC,ECU,SUPMED5DEFPLU,,,1,2029,,,,,,1.0
VariableCost,NDC,ECU,SUPMED5DEFPLU,,,1,2030,,,,,,1.0
VariableCost,NDC,ECU,SUPMED5DEFPLU,,,1,2031,,,,,,1.0
VariableCost,NDC,ECU,SUPMED5DEFPLU,,,1,2032,,,,,,1.0
VariableCost,NDC,ECU,SUPMED5DEFPLU,,,1,2033,,,,,,1.0
VariableCost,NDC,ECU,SUPMED5DEFPLU,,,1,2034,,,,,,1.0
VariableCost,NDC,ECU,SUPMED5DEFPLU,,,1,2035,,,,,,1.0
VariableCost,NDC,ECU,SUPMED5DEFMON,,,1,2010,,,,,,1.0
VariableCost,NDC,ECU,SUPMED5DEFMON,,,1,2011,,,,,,1.0
VariableCost,NDC,ECU,SUPMED5DEFMON,,,1,2012,,,,,,1.0
VariableCost,NDC,ECU,SUPMED5DEFMON,,,1,2013,,,,,,1.0
VariableCost,NDC,ECU,SUPMED5DEFMON,,,1,2014,,,,,,1.0
VariableCost,NDC,ECU,SUPMED5DEFMON,,,1,2015,,,,,,1.0
VariableCost,NDC,ECU,SUPMED5DEFMON,,,1,2016,,,,,,1.0
VariableCost,NDC,ECU,SUPMED5DEFMON,,,1,2017,,,,,,1.0
VariableCost,NDC,ECU,SUPMED5DEFMON,,,1,2018,,,,,,1.0
VariableCost,NDC,ECU,SUPMED5DEFMON,,,1,2019,,,,,,1.0
VariableCost,NDC,ECU,SUPMED5DEFMON,,,1,2020,,,,,,1.0
VariableCost,NDC,ECU,SUPMED5DEFMON,,,1,2021,,,,,,1.0
VariableCost,NDC,ECU,SUPMED5DEFMON,,,1,2022,,,,,,1.0
VariableCost,NDC,ECU,SUPMED5DEFMON,,,1,2023,,,,,,1.0
VariableCost,NDC,ECU,SUPMED5DEFMON,,,1,2024,,,,,,1.0
VariableCost,NDC,ECU,SUPMED5DEFMON,,,1,2025,,,,,,1.0
VariableCost,NDC,ECU,SUPMED5DEFMON,,,1,2026,,,,,,1.0
VariableCost,NDC,ECU,SUPMED5DEFMON,,,1,2027,,,,,,1.0
VariableCost,NDC,ECU,SUPMED5DEFMON,,,1,2028,,,,,,1.0
VariableCost,NDC,ECU,SUPMED5DEFMON,,,1,2029,,,,,,1.0
VariableCost,NDC,ECU,SUPMED5DEFMON,,,1,2030,,,,,,1.0
VariableCost,NDC,ECU,SUPMED5DEFMON,,,1,2031,,,,,,1.0
VariableCost,NDC,ECU,SUPMED5DEFMON,,,1,2032,,,,,,1.0
VariableCost,NDC,ECU,SUPMED5DEFMON,,,1,2033,,,,,,1.0
VariableCost,NDC,ECU,SUPMED5DEFMON,,,1,2034,,,,,,1.0
VariableCost,NDC,ECU,SUPMED5DEFMON,,,1,2035,,,,,,1.0
VariableCost,NDC,ECU,SUPMED5DEFPIE,,,1,2010,,,,,,1.0
VariableCost,NDC,ECU,SUPMED5DEFPIE,,,1,2011,,,,,,1.0
VariableCost,NDC,ECU,SUPMED5DEFPIE,,,1,2012,,,,,,1.0
VariableCost,NDC,ECU,SUPMED5DEFPIE,,,1,2013,,,,,,1.0
VariableCost,NDC,ECU,SUPMED5DEFPIE,,,1,2014,,,,,,1.0
VariableCost,NDC,ECU,SUPMED5DEFPIE,,,1,2015,,,,,,1.0
VariableCost,NDC,ECU,SUPMED5DEFPIE,,,1,2016,,,,,,1.0
VariableCost,NDC,ECU,SUPMED5DEFPIE,,,1,2017,,,,,,1.0
VariableCost,NDC,ECU,SUPMED5DEFPIE,,,1,2018,,,,,,1.0
VariableCost,NDC,ECU,SUPMED5DEFPIE,,,1,2019,,,,,,1.0
VariableCost,NDC,ECU,SUPMED5DEFPIE,,,1,2020,,,,,,1.0
VariableCost,NDC,ECU,SUPMED5DEFPIE,,,1,2021,,,,,,1.0
VariableCost,NDC,ECU,SUPMED5DEFPIE,,,1,2022,,,,,,1.0
VariableCost,NDC,ECU,SUPMED5DEFPIE,,,1,2023,,,,,,1.0
VariableCost,NDC,ECU,SUPMED5DEFPIE,,,1,2024,,,,,,1.0
VariableCost,NDC,ECU,SUPMED5DEFPIE,,,1,2025,,,,,,1.0
VariableCost,NDC,ECU,SUPMED5DEFPIE,,,1,2026,,,,,,1.0
VariableCost,NDC,ECU,SUPMED5DEFPIE,,,1,2027,,,,,,1.0
VariableCost,NDC,ECU,SUPMED5DEFPIE,,,1,2028,,,,,,1.0
VariableCost,NDC,ECU,SUPMED5DEFPIE,,,1,2029,,,,,,1.0
VariableCost,NDC,ECU,SUPMED5DEFPIE,,,1,2030,,,,,,1.0
VariableCost,NDC,ECU,SUPMED5DEFPIE,,,1,2031,,,,,,1.0
VariableCost,NDC,ECU,SUPMED5DEFPIE,,,1,2032,,,,,,1.0
VariableCost,NDC,ECU,SUPMED5DEFPIE,,,1,2033,,,,,,1.0
VariableCost,NDC,ECU,SUPMED5DEFPIE,,,1,2034,,,,,,1.0
VariableCost,NDC,ECU,SUPMED5DEFPIE,,,1,2035,,,,,,1.0
VariableCost,NDC,ECU,SUPMED5DEFCEJ,,,1,2010,,,,,,1.0
VariableCost,NDC,ECU,SUPMED5DEFCEJ,,,1,2011,,,,,,1.0
VariableCost,NDC,ECU,SUPMED5DEFCEJ,,,1,2012,,,,,,1.0
VariableCost,NDC,ECU,SUPMED5DEFCEJ,,,1,2013,,,,,,1.0
VariableCost,NDC,ECU,SUPMED5DEFCEJ,,,1,2014,,,,,,1.0
VariableCost,NDC,ECU,SUPMED5DEFCEJ,,,1,2015,,,,,,1.0
VariableCost,NDC,ECU,SUPMED5DEFCEJ,,,1,2016,,,,,,1.0
VariableCost,NDC,ECU,SUPMED5DEFCEJ,,,1,2017,,,,,,1.0
VariableCost,NDC,ECU,SUPMED5DEFCEJ,,,1,2018,,,,,,1.0
VariableCost,NDC,ECU,SUPMED5DEFCEJ,,,1,2019,,,,,,1.0
VariableCost,NDC,ECU,SUPMED5DEFCEJ,,,1,2020,,,,,,1.0
VariableCost,NDC,ECU,SUPMED5DEFCEJ,,,1,2021,,,,,,1.0
VariableCost,NDC,ECU,SUPMED5DEFCEJ,,,1,2022,,,,,,1.0
VariableCost,NDC,ECU,SUPMED5DEFCEJ,,,1,2023,,,,,,1.0
VariableCost,NDC,ECU,SUPMED5DEFCEJ,,,1,2024,,,,,,1.0
VariableCost,NDC,ECU,SUPMED5DEFCEJ,,,1,2025,,,,,,1.0
VariableCost,NDC,ECU,SUPMED5DEFCEJ,,,1,2026,,,,,,1.0
VariableCost,NDC,ECU,SUPMED5DEFCEJ,,,1,2027,,,,,,1.0
VariableCost,NDC,ECU,SUPMED5DEFCEJ,,,1,2028,,,,,,1.0
VariableCost,NDC,ECU,SUPMED5DEFCEJ,,,1,2029,,,,,,1.0
VariableCost,NDC,ECU,SUPMED5DEFCEJ,,,1,2030,,,,,,1.0
VariableCost,NDC,ECU,SUPMED5DEFCEJ,,,1,2031,,,,,,1.0
VariableCost,NDC,ECU,SUPMED5DEFCEJ,,,1,2032,,,,,,1.0
VariableCost,NDC,ECU,SUPMED5DEFCEJ,,,1,2033,,,,,,1.0
VariableCost,NDC,ECU,SUPMED5DEFCEJ,,,1,2034,,,,,,1.0
VariableCost,NDC,ECU,SUPMED5DEFCEJ,,,1,2035,,,,,,1.0
VariableCost,NDC,ECU,SUPMED5DEFAMA,,,1,2010,,,,,,1.0
VariableCost,NDC,ECU,SUPMED5DEFAMA,,,1,2011,,,,,,1.0
VariableCost,NDC,ECU,SUPMED5DEFAMA,,,1,2012,,,,,,1.0
VariableCost,NDC,ECU,SUPMED5DEFAMA,,,1,2013,,,,,,1.0
VariableCost,NDC,ECU,SUPMED5DEFAMA,,,1,2014,,,,,,1.0
VariableCost,NDC,ECU,SUPMED5DEFAMA,,,1,2015,,,,,,1.0
VariableCost,NDC,ECU,SUPMED5DEFAMA,,,1,2016,,,,,,1.0
VariableCost,NDC,ECU,SUPMED5DEFAMA,,,1,2017,,,,,,1.0
VariableCost,NDC,ECU,SUPMED5DEFAMA,,,1,2018,,,,,,1.0
VariableCost,NDC,ECU,SUPMED5DEFAMA,,,1,2019,,,,,,1.0
VariableCost,NDC,ECU,SUPMED5DEFAMA,,,1,2020,,,,,,1.0
VariableCost,NDC,ECU,SUPMED5DEFAMA,,,1,2021,,,,,,1.0
VariableCost,NDC,ECU,SUPMED5DEFAMA,,,1,2022,,,,,,1.0
VariableCost,NDC,ECU,SUPMED5DEFAMA,,,1,2023,,,,,,1.0
VariableCost,NDC,ECU,SUPMED5DEFAMA,,,1,2024,,,,,,1.0
VariableCost,NDC,ECU,SUPMED5DEFAMA,,,1,2025,,,,,,1.0
VariableCost,NDC,ECU,SUPMED5DEFAMA,,,1,2026,,,,,,1.0
VariableCost,NDC,ECU,SUPMED5DEFAMA,,,1,2027,,,,,,1.0
VariableCost,NDC,ECU,SUPMED5DEFAMA,,,1,2028,,,,,,1.0
VariableCost,NDC,ECU,SUPMED5DEFAMA,,,1,2029,,,,,,1.0
VariableCost,NDC,ECU,SUPMED5DEFAMA,,,1,2030,,,,,,1.0
VariableCost,NDC,ECU,SUPMED5DEFAMA,,,1,2031,,,,,,1.0
VariableCost,NDC,ECU,SUPMED5DEFAMA,,,1,2032,,,,,,1.0
VariableCost,NDC,ECU,SUPMED5DEFAMA,,,1,2033,,,,,,1.0
VariableCost,NDC,ECU,SUPMED5DEFAMA,,,1,2034,,,,,,1.0
VariableCost,NDC,ECU,SUPMED5DEFAMA,,,1,2035,,,,,,1.0
VariableCost,NDC,ECU,SUPMED5DEFCHO,,,1,2010,,,,,,1.0
VariableCost,NDC,ECU,SUPMED5DEFCHO,,,1,2011,,,,,,1.0
VariableCost,NDC,ECU,SUPMED5DEFCHO,,,1,2012,,,,,,1.0
VariableCost,NDC,ECU,SUPMED5DEFCHO,,,1,2013,,,,,,1.0
VariableCost,NDC,ECU,SUPMED5DEFCHO,,,1,2014,,,,,,1.0
VariableCost,NDC,ECU,SUPMED5DEFCHO,,,1,2015,,,,,,1.0
VariableCost,NDC,ECU,SUPMED5DEFCHO,,,1,2016,,,,,,1.0
VariableCost,NDC,ECU,SUPMED5DEFCHO,,,1,2017,,,,,,1.0
VariableCost,NDC,ECU,SUPMED5DEFCHO,,,1,2018,,,,,,1.0
VariableCost,NDC,ECU,SUPMED5DEFCHO,,,1,2019,,,,,,1.0
VariableCost,NDC,ECU,SUPMED5DEFCHO,,,1,2020,,,,,,1.0
VariableCost,NDC,ECU,SUPMED5DEFCHO,,,1,2021,,,,,,1.0
VariableCost,NDC,ECU,SUPMED5DEFCHO,,,1,2022,,,,,,1.0
VariableCost,NDC,ECU,SUPMED5DEFCHO,,,1,2023,,,,,,1.0
VariableCost,NDC,ECU,SUPMED5DEFCHO,,,1,2024,,,,,,1.0
VariableCost,NDC,ECU,SUPMED5DEFCHO,,,1,2025,,,,,,1.0
VariableCost,NDC,ECU,SUPMED5DEFCHO,,,1,2026,,,,,,1.0
VariableCost,NDC,ECU,SUPMED5DEFCHO,,,1,2027,,,,,,1.0
VariableCost,NDC,ECU,SUPMED5DEFCHO,,,1,2028,,,,,,1.0
VariableCost,NDC,ECU,SUPMED5DEFCHO,,,1,2029,,,,,,1.0
VariableCost,NDC,ECU,SUPMED5DEFCHO,,,1,2030,,,,,,1.0
VariableCost,NDC,ECU,SUPMED5DEFCHO,,,1,2031,,,,,,1.0
VariableCost,NDC,ECU,SUPMED5DEFCHO,,,1,2032,,,,,,1.0
VariableCost,NDC,ECU,SUPMED5DEFCHO,,,1,2033,,,,,,1.0
VariableCost,NDC,ECU,SUPMED5DEFCHO,,,1,2034,,,,,,1.0
VariableCost,NDC,ECU,SUPMED5DEFCHO,,,1,2035,,,,,,1.0
VariableCost,NDC,ECU,SUPMED5DEFMAN,,,1,2010,,,,,,1.0
VariableCost,NDC,ECU,SUPMED5DEFMAN,,,1,2011,,,,,,1.0
VariableCost,NDC,ECU,SUPMED5DEFMAN,,,1,2012,,,,,,1.0
VariableCost,NDC,ECU,SUPMED5DEFMAN,,,1,2013,,,,,,1.0
VariableCost,NDC,ECU,SUPMED5DEFMAN,,,1,2014,,,,,,1.0
VariableCost,NDC,ECU,SUPMED5DEFMAN,,,1,2015,,,,,,1.0
VariableCost,NDC,ECU,SUPMED5DEFMAN,,,1,2016,,,,,,1.0
VariableCost,NDC,ECU,SUPMED5DEFMAN,,,1,2017,,,,,,1.0
VariableCost,NDC,ECU,SUPMED5DEFMAN,,,1,2018,,,,,,1.0
VariableCost,NDC,ECU,SUPMED5DEFMAN,,,1,2019,,,,,,1.0
VariableCost,NDC,ECU,SUPMED5DEFMAN,,,1,2020,,,,,,1.0
VariableCost,NDC,ECU,SUPMED5DEFMAN,,,1,2021,,,,,,1.0
VariableCost,NDC,ECU,SUPMED5DEFMAN,,,1,2022,,,,,,1.0
VariableCost,NDC,ECU,SUPMED5DEFMAN,,,1,2023,,,,,,1.0
VariableCost,NDC,ECU,SUPMED5DEFMAN,,,1,2024,,,,,,1.0
VariableCost,NDC,ECU,SUPMED5DEFMAN,,,1,2025,,,,,,1.0
VariableCost,NDC,ECU,SUPMED5DEFMAN,,,1,2026,,,,,,1.0
VariableCost,NDC,ECU,SUPMED5DEFMAN,,,1,2027,,,,,,1.0
VariableCost,NDC,ECU,SUPMED5DEFMAN,,,1,2028,,,,,,1.0
VariableCost,NDC,ECU,SUPMED5DEFMAN,,,1,2029,,,,,,1.0
VariableCost,NDC,ECU,SUPMED5DEFMAN,,,1,2030,,,,,,1.0
VariableCost,NDC,ECU,SUPMED5DEFMAN,,,1,2031,,,,,,1.0
VariableCost,NDC,ECU,SUPMED5DEFMAN,,,1,2032,,,,,,1.0
VariableCost,NDC,ECU,SUPMED5DEFMAN,,,1,2033,,,,,,1.0
VariableCost,NDC,ECU,SUPMED5DEFMAN,,,1,2034,,,,,,1.0
VariableCost,NDC,ECU,SUPMED5DEFMAN,,,1,2035,,,,,,1.0
VariableCost,NDC,ECU,SUPMED5ABAND,,,1,2010,,,,,,1.0
VariableCost,NDC,ECU,SUPMED5ABAND,,,1,2011,,,,,,1.0
VariableCost,NDC,ECU,SUPMED5ABAND,,,1,2012,,,,,,1.0
VariableCost,NDC,ECU,SUPMED5ABAND,,,1,2013,,,,,,1.0
VariableCost,NDC,ECU,SUPMED5ABAND,,,1,2014,,,,,,1.0
VariableCost,NDC,ECU,SUPMED5ABAND,,,1,2015,,,,,,1.0
VariableCost,NDC,ECU,SUPMED5ABAND,,,1,2016,,,,,,1.0
VariableCost,NDC,ECU,SUPMED5ABAND,,,1,2017,,,,,,1.0
VariableCost,NDC,ECU,SUPMED5ABAND,,,1,2018,,,,,,1.0
VariableCost,NDC,ECU,SUPMED5ABAND,,,1,2019,,,,,,1.0
VariableCost,NDC,ECU,SUPMED5ABAND,,,1,2020,,,,,,1.0
VariableCost,NDC,ECU,SUPMED5ABAND,,,1,2021,,,,,,1.0
VariableCost,NDC,ECU,SUPMED5ABAND,,,1,2022,,,,,,1.0
VariableCost,NDC,ECU,SUPMED5ABAND,,,1,2023,,,,,,1.0
VariableCost,NDC,ECU,SUPMED5ABAND,,,1,2024,,,,,,1.0
VariableCost,NDC,ECU,SUPMED5ABAND,,,1,2025,,,,,,1.0
VariableCost,NDC,ECU,SUPMED5ABAND,,,1,2026,,,,,,1.0
VariableCost,NDC,ECU,SUPMED5ABAND,,,1,2027,,,,,,1.0
VariableCost,NDC,ECU,SUPMED5ABAND,,,1,2028,,,,,,1.0
VariableCost,NDC,ECU,SUPMED5ABAND,,,1,2029,,,,,,1.0
VariableCost,NDC,ECU,SUPMED5ABAND,,,1,2030,,,,,,1.0
VariableCost,NDC,ECU,SUPMED5ABAND,,,1,2031,,,,,,1.0
VariableCost,NDC,ECU,SUPMED5ABAND,,,1,2032,,,,,,1.0
VariableCost,NDC,ECU,SUPMED5ABAND,,,1,2033,,,,,,1.0
VariableCost,NDC,ECU,SUPMED5ABAND,,,1,2034,,,,,,1.0
VariableCost,NDC,ECU,SUPMED5ABAND,,,1,2035,,,,,,1.0
VariableCost,NDC,ECU,SUPMED5ABPLU,,,1,2010,,,,,,1.0
VariableCost,NDC,ECU,SUPMED5ABPLU,,,1,2011,,,,,,1.0
VariableCost,NDC,ECU,SUPMED5ABPLU,,,1,2012,,,,,,1.0
VariableCost,NDC,ECU,SUPMED5ABPLU,,,1,2013,,,,,,1.0
VariableCost,NDC,ECU,SUPMED5ABPLU,,,1,2014,,,,,,1.0
VariableCost,NDC,ECU,SUPMED5ABPLU,,,1,2015,,,,,,1.0
VariableCost,NDC,ECU,SUPMED5ABPLU,,,1,2016,,,,,,1.0
VariableCost,NDC,ECU,SUPMED5ABPLU,,,1,2017,,,,,,1.0
VariableCost,NDC,ECU,SUPMED5ABPLU,,,1,2018,,,,,,1.0
VariableCost,NDC,ECU,SUPMED5ABPLU,,,1,2019,,,,,,1.0
VariableCost,NDC,ECU,SUPMED5ABPLU,,,1,2020,,,,,,1.0
VariableCost,NDC,ECU,SUPMED5ABPLU,,,1,2021,,,,,,1.0
VariableCost,NDC,ECU,SUPMED5ABPLU,,,1,2022,,,,,,1.0
VariableCost,NDC,ECU,SUPMED5ABPLU,,,1,2023,,,,,,1.0
VariableCost,NDC,ECU,SUPMED5ABPLU,,,1,2024,,,,,,1.0
VariableCost,NDC,ECU,SUPMED5ABPLU,,,1,2025,,,,,,1.0
VariableCost,NDC,ECU,SUPMED5ABPLU,,,1,2026,,,,,,1.0
VariableCost,NDC,ECU,SUPMED5ABPLU,,,1,2027,,,,,,1.0
VariableCost,NDC,ECU,SUPMED5ABPLU,,,1,2028,,,,,,1.0
VariableCost,NDC,ECU,SUPMED5ABPLU,,,1,2029,,,,,,1.0
VariableCost,NDC,ECU,SUPMED5ABPLU,,,1,2030,,,,,,1.0
VariableCost,NDC,ECU,SUPMED5ABPLU,,,1,2031,,,,,,1.0
VariableCost,NDC,ECU,SUPMED5ABPLU,,,1,2032,,,,,,1.0
VariableCost,NDC,ECU,SUPMED5ABPLU,,,1,2033,,,,,,1.0
VariableCost,NDC,ECU,SUPMED5ABPLU,,,1,2034,,,,,,1.0
VariableCost,NDC,ECU,SUPMED5ABPLU,,,1,2035,,,,,,1.0
VariableCost,NDC,ECU,SUPMED5ABMON,,,1,2010,,,,,,1.0
VariableCost,NDC,ECU,SUPMED5ABMON,,,1,2011,,,,,,1.0
VariableCost,NDC,ECU,SUPMED5ABMON,,,1,2012,,,,,,1.0
VariableCost,NDC,ECU,SUPMED5ABMON,,,1,2013,,,,,,1.0
VariableCost,NDC,ECU,SUPMED5ABMON,,,1,2014,,,,,,1.0
VariableCost,NDC,ECU,SUPMED5ABMON,,,1,2015,,,,,,1.0
VariableCost,NDC,ECU,SUPMED5ABMON,,,1,2016,,,,,,1.0
VariableCost,NDC,ECU,SUPMED5ABMON,,,1,2017,,,,,,1.0
VariableCost,NDC,ECU,SUPMED5ABMON,,,1,2018,,,,,,1.0
VariableCost,NDC,ECU,SUPMED5ABMON,,,1,2019,,,,,,1.0
VariableCost,NDC,ECU,SUPMED5ABMON,,,1,2020,,,,,,1.0
VariableCost,NDC,ECU,SUPMED5ABMON,,,1,2021,,,,,,1.0
VariableCost,NDC,ECU,SUPMED5ABMON,,,1,2022,,,,,,1.0
VariableCost,NDC,ECU,SUPMED5ABMON,,,1,2023,,,,,,1.0
VariableCost,NDC,ECU,SUPMED5ABMON,,,1,2024,,,,,,1.0
VariableCost,NDC,ECU,SUPMED5ABMON,,,1,2025,,,,,,1.0
VariableCost,NDC,ECU,SUPMED5ABMON,,,1,2026,,,,,,1.0
VariableCost,NDC,ECU,SUPMED5ABMON,,,1,2027,,,,,,1.0
VariableCost,NDC,ECU,SUPMED5ABMON,,,1,2028,,,,,,1.0
VariableCost,NDC,ECU,SUPMED5ABMON,,,1,2029,,,,,,1.0
VariableCost,NDC,ECU,SUPMED5ABMON,,,1,2030,,,,,,1.0
VariableCost,NDC,ECU,SUPMED5ABMON,,,1,2031,,,,,,1.0
VariableCost,NDC,ECU,SUPMED5ABMON,,,1,2032,,,,,,1.0
VariableCost,NDC,ECU,SUPMED5ABMON,,,1,2033,,,,,,1.0
VariableCost,NDC,ECU,SUPMED5ABMON,,,1,2034,,,,,,1.0
VariableCost,NDC,ECU,SUPMED5ABMON,,,1,2035,,,,,,1.0
VariableCost,NDC,ECU,SUPMED5ABPIE,,,1,2010,,,,,,1.0
VariableCost,NDC,ECU,SUPMED5ABPIE,,,1,2011,,,,,,1.0
VariableCost,NDC,ECU,SUPMED5ABPIE,,,1,2012,,,,,,1.0
VariableCost,NDC,ECU,SUPMED5ABPIE,,,1,2013,,,,,,1.0
VariableCost,NDC,ECU,SUPMED5ABPIE,,,1,2014,,,,,,1.0
VariableCost,NDC,ECU,SUPMED5ABPIE,,,1,2015,,,,,,1.0
VariableCost,NDC,ECU,SUPMED5ABPIE,,,1,2016,,,,,,1.0
VariableCost,NDC,ECU,SUPMED5ABPIE,,,1,2017,,,,,,1.0
VariableCost,NDC,ECU,SUPMED5ABPIE,,,1,2018,,,,,,1.0
VariableCost,NDC,ECU,SUPMED5ABPIE,,,1,2019,,,,,,1.0
VariableCost,NDC,ECU,SUPMED5ABPIE,,,1,2020,,,,,,1.0
VariableCost,NDC,ECU,SUPMED5ABPIE,,,1,2021,,,,,,1.0
VariableCost,NDC,ECU,SUPMED5ABPIE,,,1,2022,,,,,,1.0
VariableCost,NDC,ECU,SUPMED5ABPIE,,,1,2023,,,,,,1.0
VariableCost,NDC,ECU,SUPMED5ABPIE,,,1,2024,,,,,,1.0
VariableCost,NDC,ECU,SUPMED5ABPIE,,,1,2025,,,,,,1.0
VariableCost,NDC,ECU,SUPMED5ABPIE,,,1,2026,,,,,,1.0
VariableCost,NDC,ECU,SUPMED5ABPIE,,,1,2027,,,,,,1.0
VariableCost,NDC,ECU,SUPMED5ABPIE,,,1,2028,,,,,,1.0
VariableCost,NDC,ECU,SUPMED5ABPIE,,,1,2029,,,,,,1.0
VariableCost,NDC,ECU,SUPMED5ABPIE,,,1,2030,,,,,,1.0
VariableCost,NDC,ECU,SUPMED5ABPIE,,,1,2031,,,,,,1.0
VariableCost,NDC,ECU,SUPMED5ABPIE,,,1,2032,,,,,,1.0
VariableCost,NDC,ECU,SUPMED5ABPIE,,,1,2033,,,,,,1.0
VariableCost,NDC,ECU,SUPMED5ABPIE,,,1,2034,,,,,,1.0
VariableCost,NDC,ECU,SUPMED5ABPIE,,,1,2035,,,,,,1.0
VariableCost,NDC,ECU,SUPMED5ABCEJ,,,1,2010,,,,,,1.0
VariableCost,NDC,ECU,SUPMED5ABCEJ,,,1,2011,,,,,,1.0
VariableCost,NDC,ECU,SUPMED5ABCEJ,,,1,2012,,,,,,1.0
VariableCost,NDC,ECU,SUPMED5ABCEJ,,,1,2013,,,,,,1.0
VariableCost,NDC,ECU,SUPMED5ABCEJ,,,1,2014,,,,,,1.0
VariableCost,NDC,ECU,SUPMED5ABCEJ,,,1,2015,,,,,,1.0
VariableCost,NDC,ECU,SUPMED5ABCEJ,,,1,2016,,,,,,1.0
VariableCost,NDC,ECU,SUPMED5ABCEJ,,,1,2017,,,,,,1.0
VariableCost,NDC,ECU,SUPMED5ABCEJ,,,1,2018,,,,,,1.0
VariableCost,NDC,ECU,SUPMED5ABCEJ,,,1,2019,,,,,,1.0
VariableCost,NDC,ECU,SUPMED5ABCEJ,,,1,2020,,,,,,1.0
VariableCost,NDC,ECU,SUPMED5ABCEJ,,,1,2021,,,,,,1.0
VariableCost,NDC,ECU,SUPMED5ABCEJ,,,1,2022,,,,,,1.0
VariableCost,NDC,ECU,SUPMED5ABCEJ,,,1,2023,,,,,,1.0
VariableCost,NDC,ECU,SUPMED5ABCEJ,,,1,2024,,,,,,1.0
VariableCost,NDC,ECU,SUPMED5ABCEJ,,,1,2025,,,,,,1.0
VariableCost,NDC,ECU,SUPMED5ABCEJ,,,1,2026,,,,,,1.0
VariableCost,NDC,ECU,SUPMED5ABCEJ,,,1,2027,,,,,,1.0
VariableCost,NDC,ECU,SUPMED5ABCEJ,,,1,2028,,,,,,1.0
VariableCost,NDC,ECU,SUPMED5ABCEJ,,,1,2029,,,,,,1.0
VariableCost,NDC,ECU,SUPMED5ABCEJ,,,1,2030,,,,,,1.0
VariableCost,NDC,ECU,SUPMED5ABCEJ,,,1,2031,,,,,,1.0
VariableCost,NDC,ECU,SUPMED5ABCEJ,,,1,2032,,,,,,1.0
VariableCost,NDC,ECU,SUPMED5ABCEJ,,,1,2033,,,,,,1.0
VariableCost,NDC,ECU,SUPMED5ABCEJ,,,1,2034,,,,,,1.0
VariableCost,NDC,ECU,SUPMED5ABCEJ,,,1,2035,,,,,,1.0
VariableCost,NDC,ECU,SUPMED5ABAMA,,,1,2010,,,,,,1.0
VariableCost,NDC,ECU,SUPMED5ABAMA,,,1,2011,,,,,,1.0
VariableCost,NDC,ECU,SUPMED5ABAMA,,,1,2012,,,,,,1.0
VariableCost,NDC,ECU,SUPMED5ABAMA,,,1,2013,,,,,,1.0
VariableCost,NDC,ECU,SUPMED5ABAMA,,,1,2014,,,,,,1.0
VariableCost,NDC,ECU,SUPMED5ABAMA,,,1,2015,,,,,,1.0
VariableCost,NDC,ECU,SUPMED5ABAMA,,,1,2016,,,,,,1.0
VariableCost,NDC,ECU,SUPMED5ABAMA,,,1,2017,,,,,,1.0
VariableCost,NDC,ECU,SUPMED5ABAMA,,,1,2018,,,,,,1.0
VariableCost,NDC,ECU,SUPMED5ABAMA,,,1,2019,,,,,,1.0
VariableCost,NDC,ECU,SUPMED5ABAMA,,,1,2020,,,,,,1.0
VariableCost,NDC,ECU,SUPMED5ABAMA,,,1,2021,,,,,,1.0
VariableCost,NDC,ECU,SUPMED5ABAMA,,,1,2022,,,,,,1.0
VariableCost,NDC,ECU,SUPMED5ABAMA,,,1,2023,,,,,,1.0
VariableCost,NDC,ECU,SUPMED5ABAMA,,,1,2024,,,,,,1.0
VariableCost,NDC,ECU,SUPMED5ABAMA,,,1,2025,,,,,,1.0
VariableCost,NDC,ECU,SUPMED5ABAMA,,,1,2026,,,,,,1.0
VariableCost,NDC,ECU,SUPMED5ABAMA,,,1,2027,,,,,,1.0
VariableCost,NDC,ECU,SUPMED5ABAMA,,,1,2028,,,,,,1.0
VariableCost,NDC,ECU,SUPMED5ABAMA,,,1,2029,,,,,,1.0
VariableCost,NDC,ECU,SUPMED5ABAMA,,,1,2030,,,,,,1.0
VariableCost,NDC,ECU,SUPMED5ABAMA,,,1,2031,,,,,,1.0
VariableCost,NDC,ECU,SUPMED5ABAMA,,,1,2032,,,,,,1.0
VariableCost,NDC,ECU,SUPMED5ABAMA,,,1,2033,,,,,,1.0
VariableCost,NDC,ECU,SUPMED5ABAMA,,,1,2034,,,,,,1.0
VariableCost,NDC,ECU,SUPMED5ABAMA,,,1,2035,,,,,,1.0
VariableCost,NDC,ECU,SUPMED5ABCHO,,,1,2010,,,,,,1.0
VariableCost,NDC,ECU,SUPMED5ABCHO,,,1,2011,,,,,,1.0
VariableCost,NDC,ECU,SUPMED5ABCHO,,,1,2012,,,,,,1.0
VariableCost,NDC,ECU,SUPMED5ABCHO,,,1,2013,,,,,,1.0
VariableCost,NDC,ECU,SUPMED5ABCHO,,,1,2014,,,,,,1.0
VariableCost,NDC,ECU,SUPMED5ABCHO,,,1,2015,,,,,,1.0
VariableCost,NDC,ECU,SUPMED5ABCHO,,,1,2016,,,,,,1.0
VariableCost,NDC,ECU,SUPMED5ABCHO,,,1,2017,,,,,,1.0
VariableCost,NDC,ECU,SUPMED5ABCHO,,,1,2018,,,,,,1.0
VariableCost,NDC,ECU,SUPMED5ABCHO,,,1,2019,,,,,,1.0
VariableCost,NDC,ECU,SUPMED5ABCHO,,,1,2020,,,,,,1.0
VariableCost,NDC,ECU,SUPMED5ABCHO,,,1,2021,,,,,,1.0
VariableCost,NDC,ECU,SUPMED5ABCHO,,,1,2022,,,,,,1.0
VariableCost,NDC,ECU,SUPMED5ABCHO,,,1,2023,,,,,,1.0
VariableCost,NDC,ECU,SUPMED5ABCHO,,,1,2024,,,,,,1.0
VariableCost,NDC,ECU,SUPMED5ABCHO,,,1,2025,,,,,,1.0
VariableCost,NDC,ECU,SUPMED5ABCHO,,,1,2026,,,,,,1.0
VariableCost,NDC,ECU,SUPMED5ABCHO,,,1,2027,,,,,,1.0
VariableCost,NDC,ECU,SUPMED5ABCHO,,,1,2028,,,,,,1.0
VariableCost,NDC,ECU,SUPMED5ABCHO,,,1,2029,,,,,,1.0
VariableCost,NDC,ECU,SUPMED5ABCHO,,,1,2030,,,,,,1.0
VariableCost,NDC,ECU,SUPMED5ABCHO,,,1,2031,,,,,,1.0
VariableCost,NDC,ECU,SUPMED5ABCHO,,,1,2032,,,,,,1.0
VariableCost,NDC,ECU,SUPMED5ABCHO,,,1,2033,,,,,,1.0
VariableCost,NDC,ECU,SUPMED5ABCHO,,,1,2034,,,,,,1.0
VariableCost,NDC,ECU,SUPMED5ABCHO,,,1,2035,,,,,,1.0
VariableCost,NDC,ECU,SUPMED5ABMAN,,,1,2010,,,,,,1.0
VariableCost,NDC,ECU,SUPMED5ABMAN,,,1,2011,,,,,,1.0
VariableCost,NDC,ECU,SUPMED5ABMAN,,,1,2012,,,,,,1.0
VariableCost,NDC,ECU,SUPMED5ABMAN,,,1,2013,,,,,,1.0
VariableCost,NDC,ECU,SUPMED5ABMAN,,,1,2014,,,,,,1.0
VariableCost,NDC,ECU,SUPMED5ABMAN,,,1,2015,,,,,,1.0
VariableCost,NDC,ECU,SUPMED5ABMAN,,,1,2016,,,,,,1.0
VariableCost,NDC,ECU,SUPMED5ABMAN,,,1,2017,,,,,,1.0
VariableCost,NDC,ECU,SUPMED5ABMAN,,,1,2018,,,,,,1.0
VariableCost,NDC,ECU,SUPMED5ABMAN,,,1,2019,,,,,,1.0
VariableCost,NDC,ECU,SUPMED5ABMAN,,,1,2020,,,,,,1.0
VariableCost,NDC,ECU,SUPMED5ABMAN,,,1,2021,,,,,,1.0
VariableCost,NDC,ECU,SUPMED5ABMAN,,,1,2022,,,,,,1.0
VariableCost,NDC,ECU,SUPMED5ABMAN,,,1,2023,,,,,,1.0
VariableCost,NDC,ECU,SUPMED5ABMAN,,,1,2024,,,,,,1.0
VariableCost,NDC,ECU,SUPMED5ABMAN,,,1,2025,,,,,,1.0
VariableCost,NDC,ECU,SUPMED5ABMAN,,,1,2026,,,,,,1.0
VariableCost,NDC,ECU,SUPMED5ABMAN,,,1,2027,,,,,,1.0
VariableCost,NDC,ECU,SUPMED5ABMAN,,,1,2028,,,,,,1.0
VariableCost,NDC,ECU,SUPMED5ABMAN,,,1,2029,,,,,,1.0
VariableCost,NDC,ECU,SUPMED5ABMAN,,,1,2030,,,,,,1.0
VariableCost,NDC,ECU,SUPMED5ABMAN,,,1,2031,,,,,,1.0
VariableCost,NDC,ECU,SUPMED5ABMAN,,,1,2032,,,,,,1.0
VariableCost,NDC,ECU,SUPMED5ABMAN,,,1,2033,,,,,,1.0
VariableCost,NDC,ECU,SUPMED5ABMAN,,,1,2034,,,,,,1.0
VariableCost,NDC,ECU,SUPMED5ABMAN,,,1,2035,,,,,,1.0
VariableCost,NDC,ECU,SUPMED3ABCEJ,,,1,2010,,,,,,1.0
VariableCost,NDC,ECU,SUPMED3ABCEJ,,,1,2011,,,,,,1.0
VariableCost,NDC,ECU,SUPMED3ABCEJ,,,1,2012,,,,,,1.0
VariableCost,NDC,ECU,SUPMED3ABCEJ,,,1,2013,,,,,,1.0
VariableCost,NDC,ECU,SUPMED3ABCEJ,,,1,2014,,,,,,1.0
VariableCost,NDC,ECU,SUPMED3ABCEJ,,,1,2015,,,,,,1.0
VariableCost,NDC,ECU,SUPMED3ABCEJ,,,1,2016,,,,,,1.0
VariableCost,NDC,ECU,SUPMED3ABCEJ,,,1,2017,,,,,,1.0
VariableCost,NDC,ECU,SUPMED3ABCEJ,,,1,2018,,,,,,1.0
VariableCost,NDC,ECU,SUPMED3ABCEJ,,,1,2019,,,,,,1.0
VariableCost,NDC,ECU,SUPMED3ABCEJ,,,1,2020,,,,,,1.0
VariableCost,NDC,ECU,SUPMED3ABCEJ,,,1,2021,,,,,,1.0
VariableCost,NDC,ECU,SUPMED3ABCEJ,,,1,2022,,,,,,1.0
VariableCost,NDC,ECU,SUPMED3ABCEJ,,,1,2023,,,,,,1.0
VariableCost,NDC,ECU,SUPMED3ABCEJ,,,1,2024,,,,,,1.0
VariableCost,NDC,ECU,SUPMED3ABCEJ,,,1,2025,,,,,,1.0
VariableCost,NDC,ECU,SUPMED3ABCEJ,,,1,2026,,,,,,1.0
VariableCost,NDC,ECU,SUPMED3ABCEJ,,,1,2027,,,,,,1.0
VariableCost,NDC,ECU,SUPMED3ABCEJ,,,1,2028,,,,,,1.0
VariableCost,NDC,ECU,SUPMED3ABCEJ,,,1,2029,,,,,,1.0
VariableCost,NDC,ECU,SUPMED3ABCEJ,,,1,2030,,,,,,1.0
VariableCost,NDC,ECU,SUPMED3ABCEJ,,,1,2031,,,,,,1.0
VariableCost,NDC,ECU,SUPMED3ABCEJ,,,1,2032,,,,,,1.0
VariableCost,NDC,ECU,SUPMED3ABCEJ,,,1,2033,,,,,,1.0
VariableCost,NDC,ECU,SUPMED3ABCEJ,,,1,2034,,,,,,1.0
VariableCost,NDC,ECU,SUPMED3ABCEJ,,,1,2035,,,,,,1.0
VariableCost,NDC,ECU,SUPMED3ABMON,,,1,2010,,,,,,1.0
VariableCost,NDC,ECU,SUPMED3ABMON,,,1,2011,,,,,,1.0
VariableCost,NDC,ECU,SUPMED3ABMON,,,1,2012,,,,,,1.0
VariableCost,NDC,ECU,SUPMED3ABMON,,,1,2013,,,,,,1.0
VariableCost,NDC,ECU,SUPMED3ABMON,,,1,2014,,,,,,1.0
VariableCost,NDC,ECU,SUPMED3ABMON,,,1,2015,,,,,,1.0
VariableCost,NDC,ECU,SUPMED3ABMON,,,1,2016,,,,,,1.0
VariableCost,NDC,ECU,SUPMED3ABMON,,,1,2017,,,,,,1.0
VariableCost,NDC,ECU,SUPMED3ABMON,,,1,2018,,,,,,1.0
VariableCost,NDC,ECU,SUPMED3ABMON,,,1,2019,,,,,,1.0
VariableCost,NDC,ECU,SUPMED3ABMON,,,1,2020,,,,,,1.0
VariableCost,NDC,ECU,SUPMED3ABMON,,,1,2021,,,,,,1.0
VariableCost,NDC,ECU,SUPMED3ABMON,,,1,2022,,,,,,1.0
VariableCost,NDC,ECU,SUPMED3ABMON,,,1,2023,,,,,,1.0
VariableCost,NDC,ECU,SUPMED3ABMON,,,1,2024,,,,,,1.0
VariableCost,NDC,ECU,SUPMED3ABMON,,,1,2025,,,,,,1.0
VariableCost,NDC,ECU,SUPMED3ABMON,,,1,2026,,,,,,1.0
VariableCost,NDC,ECU,SUPMED3ABMON,,,1,2027,,,,,,1.0
VariableCost,NDC,ECU,SUPMED3ABMON,,,1,2028,,,,,,1.0
VariableCost,NDC,ECU,SUPMED3ABMON,,,1,2029,,,,,,1.0
VariableCost,NDC,ECU,SUPMED3ABMON,,,1,2030,,,,,,1.0
VariableCost,NDC,ECU,SUPMED3ABMON,,,1,2031,,,,,,1.0
VariableCost,NDC,ECU,SUPMED3ABMON,,,1,2032,,,,,,1.0
VariableCost,NDC,ECU,SUPMED3ABMON,,,1,2033,,,,,,1.0
VariableCost,NDC,ECU,SUPMED3ABMON,,,1,2034,,,,,,1.0
VariableCost,NDC,ECU,SUPMED3ABMON,,,1,2035,,,,,,1.0
VariableCost,NDC,ECU,SUPMED3ABCEJA,,,1,2010,,,,,,1.0
VariableCost,NDC,ECU,SUPMED3ABCEJA,,,1,2011,,,,,,1.0
VariableCost,NDC,ECU,SUPMED3ABCEJA,,,1,2012,,,,,,1.0
VariableCost,NDC,ECU,SUPMED3ABCEJA,,,1,2013,,,,,,1.0
VariableCost,NDC,ECU,SUPMED3ABCEJA,,,1,2014,,,,,,1.0
VariableCost,NDC,ECU,SUPMED3ABCEJA,,,1,2015,,,,,,1.0
VariableCost,NDC,ECU,SUPMED3ABCEJA,,,1,2016,,,,,,1.0
VariableCost,NDC,ECU,SUPMED3ABCEJA,,,1,2017,,,,,,1.0
VariableCost,NDC,ECU,SUPMED3ABCEJA,,,1,2018,,,,,,1.0
VariableCost,NDC,ECU,SUPMED3ABCEJA,,,1,2019,,,,,,1.0
VariableCost,NDC,ECU,SUPMED3ABCEJA,,,1,2020,,,,,,1.0
VariableCost,NDC,ECU,SUPMED3ABCEJA,,,1,2021,,,,,,1.0
VariableCost,NDC,ECU,SUPMED3ABCEJA,,,1,2022,,,,,,1.0
VariableCost,NDC,ECU,SUPMED3ABCEJA,,,1,2023,,,,,,1.0
VariableCost,NDC,ECU,SUPMED3ABCEJA,,,1,2024,,,,,,1.0
VariableCost,NDC,ECU,SUPMED3ABCEJA,,,1,2025,,,,,,1.0
VariableCost,NDC,ECU,SUPMED3ABCEJA,,,1,2026,,,,,,1.0
VariableCost,NDC,ECU,SUPMED3ABCEJA,,,1,2027,,,,,,1.0
VariableCost,NDC,ECU,SUPMED3ABCEJA,,,1,2028,,,,,,1.0
VariableCost,NDC,ECU,SUPMED3ABCEJA,,,1,2029,,,,,,1.0
VariableCost,NDC,ECU,SUPMED3ABCEJA,,,1,2030,,,,,,1.0
VariableCost,NDC,ECU,SUPMED3ABCEJA,,,1,2031,,,,,,1.0
VariableCost,NDC,ECU,SUPMED3ABCEJA,,,1,2032,,,,,,1.0
VariableCost,NDC,ECU,SUPMED3ABCEJA,,,1,2033,,,,,,1.0
VariableCost,NDC,ECU,SUPMED3ABCEJA,,,1,2034,,,,,,1.0
VariableCost,NDC,ECU,SUPMED3ABCEJA,,,1,2035,,,,,,1.0
VariableCost,NDC,ECU,SUPMED3DEFCEJ,,,1,2010,,,,,,1.0
VariableCost,NDC,ECU,SUPMED3DEFCEJ,,,1,2011,,,,,,1.0
VariableCost,NDC,ECU,SUPMED3DEFCEJ,,,1,2012,,,,,,1.0
VariableCost,NDC,ECU,SUPMED3DEFCEJ,,,1,2013,,,,,,1.0
VariableCost,NDC,ECU,SUPMED3DEFCEJ,,,1,2014,,,,,,1.0
VariableCost,NDC,ECU,SUPMED3DEFCEJ,,,1,2015,,,,,,1.0
VariableCost,NDC,ECU,SUPMED3DEFCEJ,,,1,2016,,,,,,1.0
VariableCost,NDC,ECU,SUPMED3DEFCEJ,,,1,2017,,,,,,1.0
VariableCost,NDC,ECU,SUPMED3DEFCEJ,,,1,2018,,,,,,1.0
VariableCost,NDC,ECU,SUPMED3DEFCEJ,,,1,2019,,,,,,1.0
VariableCost,NDC,ECU,SUPMED3DEFCEJ,,,1,2020,,,,,,1.0
VariableCost,NDC,ECU,SUPMED3DEFCEJ,,,1,2021,,,,,,1.0
VariableCost,NDC,ECU,SUPMED3DEFCEJ,,,1,2022,,,,,,1.0
VariableCost,NDC,ECU,SUPMED3DEFCEJ,,,1,2023,,,,,,1.0
VariableCost,NDC,ECU,SUPMED3DEFCEJ,,,1,2024,,,,,,1.0
VariableCost,NDC,ECU,SUPMED3DEFCEJ,,,1,2025,,,,,,1.0
VariableCost,NDC,ECU,SUPMED3DEFCEJ,,,1,2026,,,,,,1.0
VariableCost,NDC,ECU,SUPMED3DEFCEJ,,,1,2027,,,,,,1.0
VariableCost,NDC,ECU,SUPMED3DEFCEJ,,,1,2028,,,,,,1.0
VariableCost,NDC,ECU,SUPMED3DEFCEJ,,,1,2029,,,,,,1.0
VariableCost,NDC,ECU,SUPMED3DEFCEJ,,,1,2030,,,,,,1.0
VariableCost,NDC,ECU,SUPMED3DEFCEJ,,,1,2031,,,,,,1.0
VariableCost,NDC,ECU,SUPMED3DEFCEJ,,,1,2032,,,,,,1.0
VariableCost,NDC,ECU,SUPMED3DEFCEJ,,,1,2033,,,,,,1.0
VariableCost,NDC,ECU,SUPMED3DEFCEJ,,,1,2034,,,,,,1.0
VariableCost,NDC,ECU,SUPMED3DEFCEJ,,,1,2035,,,,,,1.0
VariableCost,NDC,ECU,SUPMED3DEFMON,,,1,2010,,,,,,1.0
VariableCost,NDC,ECU,SUPMED3DEFMON,,,1,2011,,,,,,1.0
VariableCost,NDC,ECU,SUPMED3DEFMON,,,1,2012,,,,,,1.0
VariableCost,NDC,ECU,SUPMED3DEFMON,,,1,2013,,,,,,1.0
VariableCost,NDC,ECU,SUPMED3DEFMON,,,1,2014,,,,,,1.0
VariableCost,NDC,ECU,SUPMED3DEFMON,,,1,2015,,,,,,1.0
VariableCost,NDC,ECU,SUPMED3DEFMON,,,1,2016,,,,,,1.0
VariableCost,NDC,ECU,SUPMED3DEFMON,,,1,2017,,,,,,1.0
VariableCost,NDC,ECU,SUPMED3DEFMON,,,1,2018,,,,,,1.0
VariableCost,NDC,ECU,SUPMED3DEFMON,,,1,2019,,,,,,1.0
VariableCost,NDC,ECU,SUPMED3DEFMON,,,1,2020,,,,,,1.0
VariableCost,NDC,ECU,SUPMED3DEFMON,,,1,2021,,,,,,1.0
VariableCost,NDC,ECU,SUPMED3DEFMON,,,1,2022,,,,,,1.0
VariableCost,NDC,ECU,SUPMED3DEFMON,,,1,2023,,,,,,1.0
VariableCost,NDC,ECU,SUPMED3DEFMON,,,1,2024,,,,,,1.0
VariableCost,NDC,ECU,SUPMED3DEFMON,,,1,2025,,,,,,1.0
VariableCost,NDC,ECU,SUPMED3DEFMON,,,1,2026,,,,,,1.0
VariableCost,NDC,ECU,SUPMED3DEFMON,,,1,2027,,,,,,1.0
VariableCost,NDC,ECU,SUPMED3DEFMON,,,1,2028,,,,,,1.0
VariableCost,NDC,ECU,SUPMED3DEFMON,,,1,2029,,,,,,1.0
VariableCost,NDC,ECU,SUPMED3DEFMON,,,1,2030,,,,,,1.0
VariableCost,NDC,ECU,SUPMED3DEFMON,,,1,2031,,,,,,1.0
VariableCost,NDC,ECU,SUPMED3DEFMON,,,1,2032,,,,,,1.0
VariableCost,NDC,ECU,SUPMED3DEFMON,,,1,2033,,,,,,1.0
VariableCost,NDC,ECU,SUPMED3DEFMON,,,1,2034,,,,,,1.0
VariableCost,NDC,ECU,SUPMED3DEFMON,,,1,2035,,,,,,1.0
VariableCost,NDC,ECU,SUPMED3DEFCEJA,,,1,2010,,,,,,1.0
VariableCost,NDC,ECU,SUPMED3DEFCEJA,,,1,2011,,,,,,1.0
VariableCost,NDC,ECU,SUPMED3DEFCEJA,,,1,2012,,,,,,1.0
VariableCost,NDC,ECU,SUPMED3DEFCEJA,,,1,2013,,,,,,1.0
VariableCost,NDC,ECU,SUPMED3DEFCEJA,,,1,2014,,,,,,1.0
VariableCost,NDC,ECU,SUPMED3DEFCEJA,,,1,2015,,,,,,1.0
VariableCost,NDC,ECU,SUPMED3DEFCEJA,,,1,2016,,,,,,1.0
VariableCost,NDC,ECU,SUPMED3DEFCEJA,,,1,2017,,,,,,1.0
VariableCost,NDC,ECU,SUPMED3DEFCEJA,,,1,2018,,,,,,1.0
VariableCost,NDC,ECU,SUPMED3DEFCEJA,,,1,2019,,,,,,1.0
VariableCost,NDC,ECU,SUPMED3DEFCEJA,,,1,2020,,,,,,1.0
VariableCost,NDC,ECU,SUPMED3DEFCEJA,,,1,2021,,,,,,1.0
VariableCost,NDC,ECU,SUPMED3DEFCEJA,,,1,2022,,,,,,1.0
VariableCost,NDC,ECU,SUPMED3DEFCEJA,,,1,2023,,,,,,1.0
VariableCost,NDC,ECU,SUPMED3DEFCEJA,,,1,2024,,,,,,1.0
VariableCost,NDC,ECU,SUPMED3DEFCEJA,,,1,2025,,,,,,1.0
VariableCost,NDC,ECU,SUPMED3DEFCEJA,,,1,2026,,,,,,1.0
VariableCost,NDC,ECU,SUPMED3DEFCEJA,,,1,2027,,,,,,1.0
VariableCost,NDC,ECU,SUPMED3DEFCEJA,,,1,2028,,,,,,1.0
VariableCost,NDC,ECU,SUPMED3DEFCEJA,,,1,2029,,,,,,1.0
VariableCost,NDC,ECU,SUPMED3DEFCEJA,,,1,2030,,,,,,1.0
VariableCost,NDC,ECU,SUPMED3DEFCEJA,,,1,2031,,,,,,1.0
VariableCost,NDC,ECU,SUPMED3DEFCEJA,,,1,2032,,,,,,1.0
VariableCost,NDC,ECU,SUPMED3DEFCEJA,,,1,2033,,,,,,1.0
VariableCost,NDC,ECU,SUPMED3DEFCEJA,,,1,2034,,,,,,1.0
VariableCost,NDC,ECU,SUPMED3DEFCEJA,,,1,2035,,,,,,1.0
VariableCost,NDC,ECU,SUPMED6DABAMA,,,1,2010,,,,,,1.0
VariableCost,NDC,ECU,SUPMED6DABAMA,,,1,2011,,,,,,1.0
VariableCost,NDC,ECU,SUPMED6DABAMA,,,1,2012,,,,,,1.0
VariableCost,NDC,ECU,SUPMED6DABAMA,,,1,2013,,,,,,1.0
VariableCost,NDC,ECU,SUPMED6DABAMA,,,1,2014,,,,,,1.0
VariableCost,NDC,ECU,SUPMED6DABAMA,,,1,2015,,,,,,1.0
VariableCost,NDC,ECU,SUPMED6DABAMA,,,1,2016,,,,,,1.0
VariableCost,NDC,ECU,SUPMED6DABAMA,,,1,2017,,,,,,1.0
VariableCost,NDC,ECU,SUPMED6DABAMA,,,1,2018,,,,,,1.0
VariableCost,NDC,ECU,SUPMED6DABAMA,,,1,2019,,,,,,1.0
VariableCost,NDC,ECU,SUPMED6DABAMA,,,1,2020,,,,,,1.0
VariableCost,NDC,ECU,SUPMED6DABAMA,,,1,2021,,,,,,1.0
VariableCost,NDC,ECU,SUPMED6DABAMA,,,1,2022,,,,,,1.0
VariableCost,NDC,ECU,SUPMED6DABAMA,,,1,2023,,,,,,1.0
VariableCost,NDC,ECU,SUPMED6DABAMA,,,1,2024,,,,,,1.0
VariableCost,NDC,ECU,SUPMED6DABAMA,,,1,2025,,,,,,1.0
VariableCost,NDC,ECU,SUPMED6DABAMA,,,1,2026,,,,,,1.0
VariableCost,NDC,ECU,SUPMED6DABAMA,,,1,2027,,,,,,1.0
VariableCost,NDC,ECU,SUPMED6DABAMA,,,1,2028,,,,,,1.0
VariableCost,NDC,ECU,SUPMED6DABAMA,,,1,2029,,,,,,1.0
VariableCost,NDC,ECU,SUPMED6DABAMA,,,1,2030,,,,,,1.0
VariableCost,NDC,ECU,SUPMED6DABAMA,,,1,2031,,,,,,1.0
VariableCost,NDC,ECU,SUPMED6DABAMA,,,1,2032,,,,,,1.0
VariableCost,NDC,ECU,SUPMED6DABAMA,,,1,2033,,,,,,1.0
VariableCost,NDC,ECU,SUPMED6DABAMA,,,1,2034,,,,,,1.0
VariableCost,NDC,ECU,SUPMED6DABAMA,,,1,2035,,,,,,1.0
VariableCost,NDC,ECU,SUPMED6DEFAMA,,,1,2010,,,,,,1.0
VariableCost,NDC,ECU,SUPMED6DEFAMA,,,1,2011,,,,,,1.0
VariableCost,NDC,ECU,SUPMED6DEFAMA,,,1,2012,,,,,,1.0
VariableCost,NDC,ECU,SUPMED6DEFAMA,,,1,2013,,,,,,1.0
VariableCost,NDC,ECU,SUPMED6DEFAMA,,,1,2014,,,,,,1.0
VariableCost,NDC,ECU,SUPMED6DEFAMA,,,1,2015,,,,,,1.0
VariableCost,NDC,ECU,SUPMED6DEFAMA,,,1,2016,,,,,,1.0
VariableCost,NDC,ECU,SUPMED6DEFAMA,,,1,2017,,,,,,1.0
VariableCost,NDC,ECU,SUPMED6DEFAMA,,,1,2018,,,,,,1.0
VariableCost,NDC,ECU,SUPMED6DEFAMA,,,1,2019,,,,,,1.0
VariableCost,NDC,ECU,SUPMED6DEFAMA,,,1,2020,,,,,,1.0
VariableCost,NDC,ECU,SUPMED6DEFAMA,,,1,2021,,,,,,1.0
VariableCost,NDC,ECU,SUPMED6DEFAMA,,,1,2022,,,,,,1.0
VariableCost,NDC,ECU,SUPMED6DEFAMA,,,1,2023,,,,,,1.0
VariableCost,NDC,ECU,SUPMED6DEFAMA,,,1,2024,,,,,,1.0
VariableCost,NDC,ECU,SUPMED6DEFAMA,,,1,2025,,,,,,1.0
VariableCost,NDC,ECU,SUPMED6DEFAMA,,,1,2026,,,,,,1.0
VariableCost,NDC,ECU,SUPMED6DEFAMA,,,1,2027,,,,,,1.0
VariableCost,NDC,ECU,SUPMED6DEFAMA,,,1,2028,,,,,,1.0
VariableCost,NDC,ECU,SUPMED6DEFAMA,,,1,2029,,,,,,1.0
VariableCost,NDC,ECU,SUPMED6DEFAMA,,,1,2030,,,,,,1.0
VariableCost,NDC,ECU,SUPMED6DEFAMA,,,1,2031,,,,,,1.0
VariableCost,NDC,ECU,SUPMED6DEFAMA,,,1,2032,,,,,,1.0
VariableCost,NDC,ECU,SUPMED6DEFAMA,,,1,2033,,,,,,1.0
VariableCost,NDC,ECU,SUPMED6DEFAMA,,,1,2034,,,,,,1.0
VariableCost,NDC,ECU,SUPMED6DEFAMA,,,1,2035,,,,,,1.0
VariableCost,NDC,ECU,LU_FOR,,,1,2010,,,,,,1.0
VariableCost,NDC,ECU,LU_FOR,,,1,2011,,,,,,1.0
VariableCost,NDC,ECU,LU_FOR,,,1,2012,,,,,,1.0
VariableCost,NDC,ECU,LU_FOR,,,1,2013,,,,,,1.0
VariableCost,NDC,ECU,LU_FOR,,,1,2014,,,,,,1.0
VariableCost,NDC,ECU,LU_FOR,,,1,2015,,,,,,1.0
VariableCost,NDC,ECU,LU_FOR,,,1,2016,,,,,,1.0
VariableCost,NDC,ECU,LU_FOR,,,1,2017,,,,,,1.0
VariableCost,NDC,ECU,LU_FOR,,,1,2018,,,,,,1.0
VariableCost,NDC,ECU,LU_FOR,,,1,2019,,,,,,1.0
VariableCost,NDC,ECU,LU_FOR,,,1,2020,,,,,,1.0
VariableCost,NDC,ECU,LU_FOR,,,1,2021,,,,,,1.0
VariableCost,NDC,ECU,LU_FOR,,,1,2022,,,,,,1.0
VariableCost,NDC,ECU,LU_FOR,,,1,2023,,,,,,1.0
VariableCost,NDC,ECU,LU_FOR,,,1,2024,,,,,,1.0
VariableCost,NDC,ECU,LU_FOR,,,1,2025,,,,,,1.0
VariableCost,NDC,ECU,LU_FOR,,,1,2026,,,,,,1.0
VariableCost,NDC,ECU,LU_FOR,,,1,2027,,,,,,1.0
VariableCost,NDC,ECU,LU_FOR,,,1,2028,,,,,,1.0
VariableCost,NDC,ECU,LU_FOR,,,1,2029,,,,,,1.0
VariableCost,NDC,ECU,LU_FOR,,,1,2030,,,,,,1.0
VariableCost,NDC,ECU,LU_FOR,,,1,2031,,,,,,1.0
VariableCost,NDC,ECU,LU_FOR,,,1,2032,,,,,,1.0
VariableCost,NDC,ECU,LU_FOR,,,1,2033,,,,,,1.0
VariableCost,NDC,ECU,LU_FOR,,,1,2034,,,,,,1.0
VariableCost,NDC,ECU,LU_FOR,,,1,2035,,,,,,1.0
VariableCost,NDC,ECU,LU_WET,,,1,2010,,,,,,1.0
VariableCost,NDC,ECU,LU_WET,,,1,2011,,,,,,1.0
VariableCost,NDC,ECU,LU_WET,,,1,2012,,,,,,1.0
VariableCost,NDC,ECU,LU_WET,,,1,2013,,,,,,1.0
VariableCost,NDC,ECU,LU_WET,,,1,2014,,,,,,1.0
VariableCost,NDC,ECU,LU_WET,,,1,2015,,,,,,1.0
VariableCost,NDC,ECU,LU_WET,,,1,2016,,,,,,1.0
VariableCost,NDC,ECU,LU_WET,,,1,2017,,,,,,1.0
VariableCost,NDC,ECU,LU_WET,,,1,2018,,,,,,1.0
VariableCost,NDC,ECU,LU_WET,,,1,2019,,,,,,1.0
VariableCost,NDC,ECU,LU_WET,,,1,2020,,,,,,1.0
VariableCost,NDC,ECU,LU_WET,,,1,2021,,,,,,1.0
VariableCost,NDC,ECU,LU_WET,,,1,2022,,,,,,1.0
VariableCost,NDC,ECU,LU_WET,,,1,2023,,,,,,1.0
VariableCost,NDC,ECU,LU_WET,,,1,2024,,,,,,1.0
VariableCost,NDC,ECU,LU_WET,,,1,2025,,,,,,1.0
VariableCost,NDC,ECU,LU_WET,,,1,2026,,,,,,1.0
VariableCost,NDC,ECU,LU_WET,,,1,2027,,,,,,1.0
VariableCost,NDC,ECU,LU_WET,,,1,2028,,,,,,1.0
VariableCost,NDC,ECU,LU_WET,,,1,2029,,,,,,1.0
VariableCost,NDC,ECU,LU_WET,,,1,2030,,,,,,1.0
VariableCost,NDC,ECU,LU_WET,,,1,2031,,,,,,1.0
VariableCost,NDC,ECU,LU_WET,,,1,2032,,,,,,1.0
VariableCost,NDC,ECU,LU_WET,,,1,2033,,,,,,1.0
VariableCost,NDC,ECU,LU_WET,,,1,2034,,,,,,1.0
VariableCost,NDC,ECU,LU_WET,,,1,2035,,,,,,1.0
VariableCost,NDC,ECU,LU_CROP,,,1,2010,,,,,,1.0
VariableCost,NDC,ECU,LU_CROP,,,1,2011,,,,,,1.0
VariableCost,NDC,ECU,LU_CROP,,,1,2012,,,,,,1.0
VariableCost,NDC,ECU,LU_CROP,,,1,2013,,,,,,1.0
VariableCost,NDC,ECU,LU_CROP,,,1,2014,,,,,,1.0
VariableCost,NDC,ECU,LU_CROP,,,1,2015,,,,,,1.0
VariableCost,NDC,ECU,LU_CROP,,,1,2016,,,,,,1.0
VariableCost,NDC,ECU,LU_CROP,,,1,2017,,,,,,1.0
VariableCost,NDC,ECU,LU_CROP,,,1,2018,,,,,,1.0
VariableCost,NDC,ECU,LU_CROP,,,1,2019,,,,,,1.0
VariableCost,NDC,ECU,LU_CROP,,,1,2020,,,,,,1.0
VariableCost,NDC,ECU,LU_CROP,,,1,2021,,,,,,1.0
VariableCost,NDC,ECU,LU_CROP,,,1,2022,,,,,,1.0
VariableCost,NDC,ECU,LU_CROP,,,1,2023,,,,,,1.0
VariableCost,NDC,ECU,LU_CROP,,,1,2024,,,,,,1.0
VariableCost,NDC,ECU,LU_CROP,,,1,2025,,,,,,1.0
VariableCost,NDC,ECU,LU_CROP,,,1,2026,,,,,,1.0
VariableCost,NDC,ECU,LU_CROP,,,1,2027,,,,,,1.0
VariableCost,NDC,ECU,LU_CROP,,,1,2028,,,,,,1.0
VariableCost,NDC,ECU,LU_CROP,,,1,2029,,,,,,1.0
VariableCost,NDC,ECU,LU_CROP,,,1,2030,,,,,,1.0
VariableCost,NDC,ECU,LU_CROP,,,1,2031,,,,,,1.0
VariableCost,NDC,ECU,LU_CROP,,,1,2032,,,,,,1.0
VariableCost,NDC,ECU,LU_CROP,,,1,2033,,,,,,1.0
VariableCost,NDC,ECU,LU_CROP,,,1,2034,,,,,,1.0
VariableCost,NDC,ECU,LU_CROP,,,1,2035,,,,,,1.0
VariableCost,NDC,ECU,LU_PAS,,,1,2010,,,,,,1.0
VariableCost,NDC,ECU,LU_PAS,,,1,2011,,,,,,1.0
VariableCost,NDC,ECU,LU_PAS,,,1,2012,,,,,,1.0
VariableCost,NDC,ECU,LU_PAS,,,1,2013,,,,,,1.0
VariableCost,NDC,ECU,LU_PAS,,,1,2014,,,,,,1.0
VariableCost,NDC,ECU,LU_PAS,,,1,2015,,,,,,1.0
VariableCost,NDC,ECU,LU_PAS,,,1,2016,,,,,,1.0
VariableCost,NDC,ECU,LU_PAS,,,1,2017,,,,,,1.0
VariableCost,NDC,ECU,LU_PAS,,,1,2018,,,,,,1.0
VariableCost,NDC,ECU,LU_PAS,,,1,2019,,,,,,1.0
VariableCost,NDC,ECU,LU_PAS,,,1,2020,,,,,,1.0
VariableCost,NDC,ECU,LU_PAS,,,1,2021,,,,,,1.0
VariableCost,NDC,ECU,LU_PAS,,,1,2022,,,,,,1.0
VariableCost,NDC,ECU,LU_PAS,,,1,2023,,,,,,1.0
VariableCost,NDC,ECU,LU_PAS,,,1,2024,,,,,,1.0
VariableCost,NDC,ECU,LU_PAS,,,1,2025,,,,,,1.0
VariableCost,NDC,ECU,LU_PAS,,,1,2026,,,,,,1.0
VariableCost,NDC,ECU,LU_PAS,,,1,2027,,,,,,1.0
VariableCost,NDC,ECU,LU_PAS,,,1,2028,,,,,,1.0
VariableCost,NDC,ECU,LU_PAS,,,1,2029,,,,,,1.0
VariableCost,NDC,ECU,LU_PAS,,,1,2030,,,,,,1.0
VariableCost,NDC,ECU,LU_PAS,,,1,2031,,,,,,1.0
VariableCost,NDC,ECU,LU_PAS,,,1,2032,,,,,,1.0
VariableCost,NDC,ECU,LU_PAS,,,1,2033,,,,,,1.0
VariableCost,NDC,ECU,LU_PAS,,,1,2034,,,,,,1.0
VariableCost,NDC,ECU,LU_PAS,,,1,2035,,,,,,1.0
VariableCost,NDC,ECU,LU_SET,,,1,2010,,,,,,1.0
VariableCost,NDC,ECU,LU_SET,,,1,2011,,,,,,1.0
VariableCost,NDC,ECU,LU_SET,,,1,2012,,,,,,1.0
VariableCost,NDC,ECU,LU_SET,,,1,2013,,,,,,1.0
VariableCost,NDC,ECU,LU_SET,,,1,2014,,,,,,1.0
VariableCost,NDC,ECU,LU_SET,,,1,2015,,,,,,1.0
VariableCost,NDC,ECU,LU_SET,,,1,2016,,,,,,1.0
VariableCost,NDC,ECU,LU_SET,,,1,2017,,,,,,1.0
VariableCost,NDC,ECU,LU_SET,,,1,2018,,,,,,1.0
VariableCost,NDC,ECU,LU_SET,,,1,2019,,,,,,1.0
VariableCost,NDC,ECU,LU_SET,,,1,2020,,,,,,1.0
VariableCost,NDC,ECU,LU_SET,,,1,2021,,,,,,1.0
VariableCost,NDC,ECU,LU_SET,,,1,2022,,,,,,1.0
VariableCost,NDC,ECU,LU_SET,,,1,2023,,,,,,1.0
VariableCost,NDC,ECU,LU_SET,,,1,2024,,,,,,1.0
VariableCost,NDC,ECU,LU_SET,,,1,2025,,,,,,1.0
VariableCost,NDC,ECU,LU_SET,,,1,2026,,,,,,1.0
VariableCost,NDC,ECU,LU_SET,,,1,2027,,,,,,1.0
VariableCost,NDC,ECU,LU_SET,,,1,2028,,,,,,1.0
VariableCost,NDC,ECU,LU_SET,,,1,2029,,,,,,1.0
VariableCost,NDC,ECU,LU_SET,,,1,2030,,,,,,1.0
VariableCost,NDC,ECU,LU_SET,,,1,2031,,,,,,1.0
VariableCost,NDC,ECU,LU_SET,,,1,2032,,,,,,1.0
VariableCost,NDC,ECU,LU_SET,,,1,2033,,,,,,1.0
VariableCost,NDC,ECU,LU_SET,,,1,2034,,,,,,1.0
VariableCost,NDC,ECU,LU_SET,,,1,2035,,,,,,1.0
VariableCost,NDC,ECU,LU_OTL,,,1,2010,,,,,,1.0
VariableCost,NDC,ECU,LU_OTL,,,1,2011,,,,,,1.0
VariableCost,NDC,ECU,LU_OTL,,,1,2012,,,,,,1.0
VariableCost,NDC,ECU,LU_OTL,,,1,2013,,,,,,1.0
VariableCost,NDC,ECU,LU_OTL,,,1,2014,,,,,,1.0
VariableCost,NDC,ECU,LU_OTL,,,1,2015,,,,,,1.0
VariableCost,NDC,ECU,LU_OTL,,,1,2016,,,,,,1.0
VariableCost,NDC,ECU,LU_OTL,,,1,2017,,,,,,1.0
VariableCost,NDC,ECU,LU_OTL,,,1,2018,,,,,,1.0
VariableCost,NDC,ECU,LU_OTL,,,1,2019,,,,,,1.0
VariableCost,NDC,ECU,LU_OTL,,,1,2020,,,,,,1.0
VariableCost,NDC,ECU,LU_OTL,,,1,2021,,,,,,1.0
VariableCost,NDC,ECU,LU_OTL,,,1,2022,,,,,,1.0
VariableCost,NDC,ECU,LU_OTL,,,1,2023,,,,,,1.0
VariableCost,NDC,ECU,LU_OTL,,,1,2024,,,,,,1.0
VariableCost,NDC,ECU,LU_OTL,,,1,2025,,,,,,1.0
VariableCost,NDC,ECU,LU_OTL,,,1,2026,,,,,,1.0
VariableCost,NDC,ECU,LU_OTL,,,1,2027,,,,,,1.0
VariableCost,NDC,ECU,LU_OTL,,,1,2028,,,,,,1.0
VariableCost,NDC,ECU,LU_OTL,,,1,2029,,,,,,1.0
VariableCost,NDC,ECU,LU_OTL,,,1,2030,,,,,,1.0
VariableCost,NDC,ECU,LU_OTL,,,1,2031,,,,,,1.0
VariableCost,NDC,ECU,LU_OTL,,,1,2032,,,,,,1.0
VariableCost,NDC,ECU,LU_OTL,,,1,2033,,,,,,1.0
VariableCost,NDC,ECU,LU_OTL,,,1,2034,,,,,,1.0
VariableCost,NDC,ECU,LU_OTL,,,1,2035,,,,,,1.0
VariableCost,NDC,ECU,LU_NPRAMA,,,1,2010,,,,,,1.0
VariableCost,NDC,ECU,LU_NPRAMA,,,1,2011,,,,,,1.0
VariableCost,NDC,ECU,LU_NPRAMA,,,1,2012,,,,,,1.0
VariableCost,NDC,ECU,LU_NPRAMA,,,1,2013,,,,,,1.0
VariableCost,NDC,ECU,LU_NPRAMA,,,1,2014,,,,,,1.0
VariableCost,NDC,ECU,LU_NPRAMA,,,1,2015,,,,,,1.0
VariableCost,NDC,ECU,LU_NPRAMA,,,1,2016,,,,,,1.0
VariableCost,NDC,ECU,LU_NPRAMA,,,1,2017,,,,,,1.0
VariableCost,NDC,ECU,LU_NPRAMA,,,1,2018,,,,,,1.0
VariableCost,NDC,ECU,LU_NPRAMA,,,1,2019,,,,,,1.0
VariableCost,NDC,ECU,LU_NPRAMA,,,1,2020,,,,,,1.0
VariableCost,NDC,ECU,LU_NPRAMA,,,1,2021,,,,,,1.0
VariableCost,NDC,ECU,LU_NPRAMA,,,1,2022,,,,,,1.0
VariableCost,NDC,ECU,LU_NPRAMA,,,1,2023,,,,,,1.0
VariableCost,NDC,ECU,LU_NPRAMA,,,1,2024,,,,,,1.0
VariableCost,NDC,ECU,LU_NPRAMA,,,1,2025,,,,,,1.0
VariableCost,NDC,ECU,LU_NPRAMA,,,1,2026,,,,,,1.0
VariableCost,NDC,ECU,LU_NPRAMA,,,1,2027,,,,,,1.0
VariableCost,NDC,ECU,LU_NPRAMA,,,1,2028,,,,,,1.0
VariableCost,NDC,ECU,LU_NPRAMA,,,1,2029,,,,,,1.0
VariableCost,NDC,ECU,LU_NPRAMA,,,1,2030,,,,,,1.0
VariableCost,NDC,ECU,LU_NPRAMA,,,1,2031,,,,,,1.0
VariableCost,NDC,ECU,LU_NPRAMA,,,1,2032,,,,,,1.0
VariableCost,NDC,ECU,LU_NPRAMA,,,1,2033,,,,,,1.0
VariableCost,NDC,ECU,LU_NPRAMA,,,1,2034,,,,,,1.0
VariableCost,NDC,ECU,LU_NPRAMA,,,1,2035,,,,,,1.0
VariableCost,NDC,ECU,LU_NPRAND,,,1,2010,,,,,,1.0
VariableCost,NDC,ECU,LU_NPRAND,,,1,2011,,,,,,1.0
VariableCost,NDC,ECU,LU_NPRAND,,,1,2012,,,,,,1.0
VariableCost,NDC,ECU,LU_NPRAND,,,1,2013,,,,,,1.0
VariableCost,NDC,ECU,LU_NPRAND,,,1,2014,,,,,,1.0
VariableCost,NDC,ECU,LU_NPRAND,,,1,2015,,,,,,1.0
VariableCost,NDC,ECU,LU_NPRAND,,,1,2016,,,,,,1.0
VariableCost,NDC,ECU,LU_NPRAND,,,1,2017,,,,,,1.0
VariableCost,NDC,ECU,LU_NPRAND,,,1,2018,,,,,,1.0
VariableCost,NDC,ECU,LU_NPRAND,,,1,2019,,,,,,1.0
VariableCost,NDC,ECU,LU_NPRAND,,,1,2020,,,,,,1.0
VariableCost,NDC,ECU,LU_NPRAND,,,1,2021,,,,,,1.0
VariableCost,NDC,ECU,LU_NPRAND,,,1,2022,,,,,,1.0
VariableCost,NDC,ECU,LU_NPRAND,,,1,2023,,,,,,1.0
VariableCost,NDC,ECU,LU_NPRAND,,,1,2024,,,,,,1.0
VariableCost,NDC,ECU,LU_NPRAND,,,1,2025,,,,,,1.0
VariableCost,NDC,ECU,LU_NPRAND,,,1,2026,,,,,,1.0
VariableCost,NDC,ECU,LU_NPRAND,,,1,2027,,,,,,1.0
VariableCost,NDC,ECU,LU_NPRAND,,,1,2028,,,,,,1.0
VariableCost,NDC,ECU,LU_NPRAND,,,1,2029,,,,,,1.0
VariableCost,NDC,ECU,LU_NPRAND,,,1,2030,,,,,,1.0
VariableCost,NDC,ECU,LU_NPRAND,,,1,2031,,,,,,1.0
VariableCost,NDC,ECU,LU_NPRAND,,,1,2032,,,,,,1.0
VariableCost,NDC,ECU,LU_NPRAND,,,1,2033,,,,,,1.0
VariableCost,NDC,ECU,LU_NPRAND,,,1,2034,,,,,,1.0
VariableCost,NDC,ECU,LU_NPRAND,,,1,2035,,,,,,1.0
VariableCost,NDC,ECU,LU_NPRCEJ,,,1,2010,,,,,,1.0
VariableCost,NDC,ECU,LU_NPRCEJ,,,1,2011,,,,,,1.0
VariableCost,NDC,ECU,LU_NPRCEJ,,,1,2012,,,,,,1.0
VariableCost,NDC,ECU,LU_NPRCEJ,,,1,2013,,,,,,1.0
VariableCost,NDC,ECU,LU_NPRCEJ,,,1,2014,,,,,,1.0
VariableCost,NDC,ECU,LU_NPRCEJ,,,1,2015,,,,,,1.0
VariableCost,NDC,ECU,LU_NPRCEJ,,,1,2016,,,,,,1.0
VariableCost,NDC,ECU,LU_NPRCEJ,,,1,2017,,,,,,1.0
VariableCost,NDC,ECU,LU_NPRCEJ,,,1,2018,,,,,,1.0
VariableCost,NDC,ECU,LU_NPRCEJ,,,1,2019,,,,,,1.0
VariableCost,NDC,ECU,LU_NPRCEJ,,,1,2020,,,,,,1.0
VariableCost,NDC,ECU,LU_NPRCEJ,,,1,2021,,,,,,1.0
VariableCost,NDC,ECU,LU_NPRCEJ,,,1,2022,,,,,,1.0
VariableCost,NDC,ECU,LU_NPRCEJ,,,1,2023,,,,,,1.0
VariableCost,NDC,ECU,LU_NPRCEJ,,,1,2024,,,,,,1.0
VariableCost,NDC,ECU,LU_NPRCEJ,,,1,2025,,,,,,1.0
VariableCost,NDC,ECU,LU_NPRCEJ,,,1,2026,,,,,,1.0
VariableCost,NDC,ECU,LU_NPRCEJ,,,1,2027,,,,,,1.0
VariableCost,NDC,ECU,LU_NPRCEJ,,,1,2028,,,,,,1.0
VariableCost,NDC,ECU,LU_NPRCEJ,,,1,2029,,,,,,1.0
VariableCost,NDC,ECU,LU_NPRCEJ,,,1,2030,,,,,,1.0
VariableCost,NDC,ECU,LU_NPRCEJ,,,1,2031,,,,,,1.0
VariableCost,NDC,ECU,LU_NPRCEJ,,,1,2032,,,,,,1.0
VariableCost,NDC,ECU,LU_NPRCEJ,,,1,2033,,,,,,1.0
VariableCost,NDC,ECU,LU_NPRCEJ,,,1,2034,,,,,,1.0
VariableCost,NDC,ECU,LU_NPRCEJ,,,1,2035,,,,,,1.0
VariableCost,NDC,ECU,LU_NPRCHO,,,1,2010,,,,,,1.0
VariableCost,NDC,ECU,LU_NPRCHO,,,1,2011,,,,,,1.0
VariableCost,NDC,ECU,LU_NPRCHO,,,1,2012,,,,,,1.0
VariableCost,NDC,ECU,LU_NPRCHO,,,1,2013,,,,,,1.0
VariableCost,NDC,ECU,LU_NPRCHO,,,1,2014,,,,,,1.0
VariableCost,NDC,ECU,LU_NPRCHO,,,1,2015,,,,,,1.0
VariableCost,NDC,ECU,LU_NPRCHO,,,1,2016,,,,,,1.0
VariableCost,NDC,ECU,LU_NPRCHO,,,1,2017,,,,,,1.0
VariableCost,NDC,ECU,LU_NPRCHO,,,1,2018,,,,,,1.0
VariableCost,NDC,ECU,LU_NPRCHO,,,1,2019,,,,,,1.0
VariableCost,NDC,ECU,LU_NPRCHO,,,1,2020,,,,,,1.0
VariableCost,NDC,ECU,LU_NPRCHO,,,1,2021,,,,,,1.0
VariableCost,NDC,ECU,LU_NPRCHO,,,1,2022,,,,,,1.0
VariableCost,NDC,ECU,LU_NPRCHO,,,1,2023,,,,,,1.0
VariableCost,NDC,ECU,LU_NPRCHO,,,1,2024,,,,,,1.0
VariableCost,NDC,ECU,LU_NPRCHO,,,1,2025,,,,,,1.0
VariableCost,NDC,ECU,LU_NPRCHO,,,1,2026,,,,,,1.0
VariableCost,NDC,ECU,LU_NPRCHO,,,1,2027,,,,,,1.0
VariableCost,NDC,ECU,LU_NPRCHO,,,1,2028,,,,,,1.0
VariableCost,NDC,ECU,LU_NPRCHO,,,1,2029,,,,,,1.0
VariableCost,NDC,ECU,LU_NPRCHO,,,1,2030,,,,,,1.0
VariableCost,NDC,ECU,LU_NPRCHO,,,1,2031,,,,,,1.0
VariableCost,NDC,ECU,LU_NPRCHO,,,1,2032,,,,,,1.0
VariableCost,NDC,ECU,LU_NPRCHO,,,1,2033,,,,,,1.0
VariableCost,NDC,ECU,LU_NPRCHO,,,1,2034,,,,,,1.0
VariableCost,NDC,ECU,LU_NPRCHO,,,1,2035,,,,,,1.0
VariableCost,NDC,ECU,LU_NPRMAN,,,1,2010,,,,,,1.0
VariableCost,NDC,ECU,LU_NPRMAN,,,1,2011,,,,,,1.0
VariableCost,NDC,ECU,LU_NPRMAN,,,1,2012,,,,,,1.0
VariableCost,NDC,ECU,LU_NPRMAN,,,1,2013,,,,,,1.0
VariableCost,NDC,ECU,LU_NPRMAN,,,1,2014,,,,,,1.0
VariableCost,NDC,ECU,LU_NPRMAN,,,1,2015,,,,,,1.0
VariableCost,NDC,ECU,LU_NPRMAN,,,1,2016,,,,,,1.0
VariableCost,NDC,ECU,LU_NPRMAN,,,1,2017,,,,,,1.0
VariableCost,NDC,ECU,LU_NPRMAN,,,1,2018,,,,,,1.0
VariableCost,NDC,ECU,LU_NPRMAN,,,1,2019,,,,,,1.0
VariableCost,NDC,ECU,LU_NPRMAN,,,1,2020,,,,,,1.0
VariableCost,NDC,ECU,LU_NPRMAN,,,1,2021,,,,,,1.0
VariableCost,NDC,ECU,LU_NPRMAN,,,1,2022,,,,,,1.0
VariableCost,NDC,ECU,LU_NPRMAN,,,1,2023,,,,,,1.0
VariableCost,NDC,ECU,LU_NPRMAN,,,1,2024,,,,,,1.0
VariableCost,NDC,ECU,LU_NPRMAN,,,1,2025,,,,,,1.0
VariableCost,NDC,ECU,LU_NPRMAN,,,1,2026,,,,,,1.0
VariableCost,NDC,ECU,LU_NPRMAN,,,1,2027,,,,,,1.0
VariableCost,NDC,ECU,LU_NPRMAN,,,1,2028,,,,,,1.0
VariableCost,NDC,ECU,LU_NPRMAN,,,1,2029,,,,,,1.0
VariableCost,NDC,ECU,LU_NPRMAN,,,1,2030,,,,,,1.0
VariableCost,NDC,ECU,LU_NPRMAN,,,1,2031,,,,,,1.0
VariableCost,NDC,ECU,LU_NPRMAN,,,1,2032,,,,,,1.0
VariableCost,NDC,ECU,LU_NPRMAN,,,1,2033,,,,,,1.0
VariableCost,NDC,ECU,LU_NPRMAN,,,1,2034,,,,,,1.0
VariableCost,NDC,ECU,LU_NPRMAN,,,1,2035,,,,,,1.0
VariableCost,NDC,ECU,LU_NPRMON,,,1,2010,,,,,,1.0
VariableCost,NDC,ECU,LU_NPRMON,,,1,2011,,,,,,1.0
VariableCost,NDC,ECU,LU_NPRMON,,,1,2012,,,,,,1.0
VariableCost,NDC,ECU,LU_NPRMON,,,1,2013,,,,,,1.0
VariableCost,NDC,ECU,LU_NPRMON,,,1,2014,,,,,,1.0
VariableCost,NDC,ECU,LU_NPRMON,,,1,2015,,,,,,1.0
VariableCost,NDC,ECU,LU_NPRMON,,,1,2016,,,,,,1.0
VariableCost,NDC,ECU,LU_NPRMON,,,1,2017,,,,,,1.0
VariableCost,NDC,ECU,LU_NPRMON,,,1,2018,,,,,,1.0
VariableCost,NDC,ECU,LU_NPRMON,,,1,2019,,,,,,1.0
VariableCost,NDC,ECU,LU_NPRMON,,,1,2020,,,,,,1.0
VariableCost,NDC,ECU,LU_NPRMON,,,1,2021,,,,,,1.0
VariableCost,NDC,ECU,LU_NPRMON,,,1,2022,,,,,,1.0
VariableCost,NDC,ECU,LU_NPRMON,,,1,2023,,,,,,1.0
VariableCost,NDC,ECU,LU_NPRMON,,,1,2024,,,,,,1.0
VariableCost,NDC,ECU,LU_NPRMON,,,1,2025,,,,,,1.0
VariableCost,NDC,ECU,LU_NPRMON,,,1,2026,,,,,,1.0
VariableCost,NDC,ECU,LU_NPRMON,,,1,2027,,,,,,1.0
VariableCost,NDC,ECU,LU_NPRMON,,,1,2028,,,,,,1.0
VariableCost,NDC,ECU,LU_NPRMON,,,1,2029,,,,,,1.0
VariableCost,NDC,ECU,LU_NPRMON,,,1,2030,,,,,,1.0
VariableCost,NDC,ECU,LU_NPRMON,,,1,2031,,,,,,1.0
VariableCost,NDC,ECU,LU_NPRMON,,,1,2032,,,,,,1.0
VariableCost,NDC,ECU,LU_NPRMON,,,1,2033,,,,,,1.0
VariableCost,NDC,ECU,LU_NPRMON,,,1,2034,,,,,,1.0
VariableCost,NDC,ECU,LU_NPRMON,,,1,2035,,,,,,1.0
VariableCost,NDC,ECU,LU_NPRMOR,,,1,2010,,,,,,1.0
VariableCost,NDC,ECU,LU_NPRMOR,,,1,2011,,,,,,1.0
VariableCost,NDC,ECU,LU_NPRMOR,,,1,2012,,,,,,1.0
VariableCost,NDC,ECU,LU_NPRMOR,,,1,2013,,,,,,1.0
VariableCost,NDC,ECU,LU_NPRMOR,,,1,2014,,,,,,1.0
VariableCost,NDC,ECU,LU_NPRMOR,,,1,2015,,,,,,1.0
VariableCost,NDC,ECU,LU_NPRMOR,,,1,2016,,,,,,1.0
VariableCost,NDC,ECU,LU_NPRMOR,,,1,2017,,,,,,1.0
VariableCost,NDC,ECU,LU_NPRMOR,,,1,2018,,,,,,1.0
VariableCost,NDC,ECU,LU_NPRMOR,,,1,2019,,,,,,1.0
VariableCost,NDC,ECU,LU_NPRMOR,,,1,2020,,,,,,1.0
VariableCost,NDC,ECU,LU_NPRMOR,,,1,2021,,,,,,1.0
VariableCost,NDC,ECU,LU_NPRMOR,,,1,2022,,,,,,1.0
VariableCost,NDC,ECU,LU_NPRMOR,,,1,2023,,,,,,1.0
VariableCost,NDC,ECU,LU_NPRMOR,,,1,2024,,,,,,1.0
VariableCost,NDC,ECU,LU_NPRMOR,,,1,2025,,,,,,1.0
VariableCost,NDC,ECU,LU_NPRMOR,,,1,2026,,,,,,1.0
VariableCost,NDC,ECU,LU_NPRMOR,,,1,2027,,,,,,1.0
VariableCost,NDC,ECU,LU_NPRMOR,,,1,2028,,,,,,1.0
VariableCost,NDC,ECU,LU_NPRMOR,,,1,2029,,,,,,1.0
VariableCost,NDC,ECU,LU_NPRMOR,,,1,2030,,,,,,1.0
VariableCost,NDC,ECU,LU_NPRMOR,,,1,2031,,,,,,1.0
VariableCost,NDC,ECU,LU_NPRMOR,,,1,2032,,,,,,1.0
VariableCost,NDC,ECU,LU_NPRMOR,,,1,2033,,,,,,1.0
VariableCost,NDC,ECU,LU_NPRMOR,,,1,2034,,,,,,1.0
VariableCost,NDC,ECU,LU_NPRMOR,,,1,2035,,,,,,1.0
VariableCost,NDC,ECU,LU_NPRPIE,,,1,2010,,,,,,1.0
VariableCost,NDC,ECU,LU_NPRPIE,,,1,2011,,,,,,1.0
VariableCost,NDC,ECU,LU_NPRPIE,,,1,2012,,,,,,1.0
VariableCost,NDC,ECU,LU_NPRPIE,,,1,2013,,,,,,1.0
VariableCost,NDC,ECU,LU_NPRPIE,,,1,2014,,,,,,1.0
VariableCost,NDC,ECU,LU_NPRPIE,,,1,2015,,,,,,1.0
VariableCost,NDC,ECU,LU_NPRPIE,,,1,2016,,,,,,1.0
VariableCost,NDC,ECU,LU_NPRPIE,,,1,2017,,,,,,1.0
VariableCost,NDC,ECU,LU_NPRPIE,,,1,2018,,,,,,1.0
VariableCost,NDC,ECU,LU_NPRPIE,,,1,2019,,,,,,1.0
VariableCost,NDC,ECU,LU_NPRPIE,,,1,2020,,,,,,1.0
VariableCost,NDC,ECU,LU_NPRPIE,,,1,2021,,,,,,1.0
VariableCost,NDC,ECU,LU_NPRPIE,,,1,2022,,,,,,1.0
VariableCost,NDC,ECU,LU_NPRPIE,,,1,2023,,,,,,1.0
VariableCost,NDC,ECU,LU_NPRPIE,,,1,2024,,,,,,1.0
VariableCost,NDC,ECU,LU_NPRPIE,,,1,2025,,,,,,1.0
VariableCost,NDC,ECU,LU_NPRPIE,,,1,2026,,,,,,1.0
VariableCost,NDC,ECU,LU_NPRPIE,,,1,2027,,,,,,1.0
VariableCost,NDC,ECU,LU_NPRPIE,,,1,2028,,,,,,1.0
VariableCost,NDC,ECU,LU_NPRPIE,,,1,2029,,,,,,1.0
VariableCost,NDC,ECU,LU_NPRPIE,,,1,2030,,,,,,1.0
VariableCost,NDC,ECU,LU_NPRPIE,,,1,2031,,,,,,1.0
VariableCost,NDC,ECU,LU_NPRPIE,,,1,2032,,,,,,1.0
VariableCost,NDC,ECU,LU_NPRPIE,,,1,2033,,,,,,1.0
VariableCost,NDC,ECU,LU_NPRPIE,,,1,2034,,,,,,1.0
VariableCost,NDC,ECU,LU_NPRPIE,,,1,2035,,,,,,1.0
VariableCost,NDC,ECU,LU_NPRPLU,,,1,2010,,,,,,1.0
VariableCost,NDC,ECU,LU_NPRPLU,,,1,2011,,,,,,1.0
VariableCost,NDC,ECU,LU_NPRPLU,,,1,2012,,,,,,1.0
VariableCost,NDC,ECU,LU_NPRPLU,,,1,2013,,,,,,1.0
VariableCost,NDC,ECU,LU_NPRPLU,,,1,2014,,,,,,1.0
VariableCost,NDC,ECU,LU_NPRPLU,,,1,2015,,,,,,1.0
VariableCost,NDC,ECU,LU_NPRPLU,,,1,2016,,,,,,1.0
VariableCost,NDC,ECU,LU_NPRPLU,,,1,2017,,,,,,1.0
VariableCost,NDC,ECU,LU_NPRPLU,,,1,2018,,,,,,1.0
VariableCost,NDC,ECU,LU_NPRPLU,,,1,2019,,,,,,1.0
VariableCost,NDC,ECU,LU_NPRPLU,,,1,2020,,,,,,1.0
VariableCost,NDC,ECU,LU_NPRPLU,,,1,2021,,,,,,1.0
VariableCost,NDC,ECU,LU_NPRPLU,,,1,2022,,,,,,1.0
VariableCost,NDC,ECU,LU_NPRPLU,,,1,2023,,,,,,1.0
VariableCost,NDC,ECU,LU_NPRPLU,,,1,2024,,,,,,1.0
VariableCost,NDC,ECU,LU_NPRPLU,,,1,2025,,,,,,1.0
VariableCost,NDC,ECU,LU_NPRPLU,,,1,2026,,,,,,1.0
VariableCost,NDC,ECU,LU_NPRPLU,,,1,2027,,,,,,1.0
VariableCost,NDC,ECU,LU_NPRPLU,,,1,2028,,,,,,1.0
VariableCost,NDC,ECU,LU_NPRPLU,,,1,2029,,,,,,1.0
VariableCost,NDC,ECU,LU_NPRPLU,,,1,2030,,,,,,1.0
VariableCost,NDC,ECU,LU_NPRPLU,,,1,2031,,,,,,1.0
VariableCost,NDC,ECU,LU_NPRPLU,,,1,2032,,,,,,1.0
VariableCost,NDC,ECU,LU_NPRPLU,,,1,2033,,,,,,1.0
VariableCost,NDC,ECU,LU_NPRPLU,,,1,2034,,,,,,1.0
VariableCost,NDC,ECU,LU_NPRPLU,,,1,2035,,,,,,1.0
VariableCost,NDC,ECU,LU_NPRPFO,,,1,2010,,,,,,1.0
VariableCost,NDC,ECU,LU_NPRPFO,,,1,2011,,,,,,1.0
VariableCost,NDC,ECU,LU_NPRPFO,,,1,2012,,,,,,1.0
VariableCost,NDC,ECU,LU_NPRPFO,,,1,2013,,,,,,1.0
VariableCost,NDC,ECU,LU_NPRPFO,,,1,2014,,,,,,1.0
VariableCost,NDC,ECU,LU_NPRPFO,,,1,2015,,,,,,1.0
VariableCost,NDC,ECU,LU_NPRPFO,,,1,2016,,,,,,1.0
VariableCost,NDC,ECU,LU_NPRPFO,,,1,2017,,,,,,1.0
VariableCost,NDC,ECU,LU_NPRPFO,,,1,2018,,,,,,1.0
VariableCost,NDC,ECU,LU_NPRPFO,,,1,2019,,,,,,1.0
VariableCost,NDC,ECU,LU_NPRPFO,,,1,2020,,,,,,1.0
VariableCost,NDC,ECU,LU_NPRPFO,,,1,2021,,,,,,1.0
VariableCost,NDC,ECU,LU_NPRPFO,,,1,2022,,,,,,1.0
VariableCost,NDC,ECU,LU_NPRPFO,,,1,2023,,,,,,1.0
VariableCost,NDC,ECU,LU_NPRPFO,,,1,2024,,,,,,1.0
VariableCost,NDC,ECU,LU_NPRPFO,,,1,2025,,,,,,1.0
VariableCost,NDC,ECU,LU_NPRPFO,,,1,2026,,,,,,1.0
VariableCost,NDC,ECU,LU_NPRPFO,,,1,2027,,,,,,1.0
VariableCost,NDC,ECU,LU_NPRPFO,,,1,2028,,,,,,1.0
VariableCost,NDC,ECU,LU_NPRPFO,,,1,2029,,,,,,1.0
VariableCost,NDC,ECU,LU_NPRPFO,,,1,2030,,,,,,1.0
VariableCost,NDC,ECU,LU_NPRPFO,,,1,2031,,,,,,1.0
VariableCost,NDC,ECU,LU_NPRPFO,,,1,2032,,,,,,1.0
VariableCost,NDC,ECU,LU_NPRPFO,,,1,2033,,,,,,1.0
VariableCost,NDC,ECU,LU_NPRPFO,,,1,2034,,,,,,1.0
VariableCost,NDC,ECU,LU_NPRPFO,,,1,2035,,,,,,1.0
VariableCost,NDC,ECU,LU_NUNAMA,,,1,2010,,,,,,1.0
VariableCost,NDC,ECU,LU_NUNAMA,,,1,2011,,,,,,1.0
VariableCost,NDC,ECU,LU_NUNAMA,,,1,2012,,,,,,1.0
VariableCost,NDC,ECU,LU_NUNAMA,,,1,2013,,,,,,1.0
VariableCost,NDC,ECU,LU_NUNAMA,,,1,2014,,,,,,1.0
VariableCost,NDC,ECU,LU_NUNAMA,,,1,2015,,,,,,1.0
VariableCost,NDC,ECU,LU_NUNAMA,,,1,2016,,,,,,1.0
VariableCost,NDC,ECU,LU_NUNAMA,,,1,2017,,,,,,1.0
VariableCost,NDC,ECU,LU_NUNAMA,,,1,2018,,,,,,1.0
VariableCost,NDC,ECU,LU_NUNAMA,,,1,2019,,,,,,1.0
VariableCost,NDC,ECU,LU_NUNAMA,,,1,2020,,,,,,1.0
VariableCost,NDC,ECU,LU_NUNAMA,,,1,2021,,,,,,1.0
VariableCost,NDC,ECU,LU_NUNAMA,,,1,2022,,,,,,1.0
VariableCost,NDC,ECU,LU_NUNAMA,,,1,2023,,,,,,1.0
VariableCost,NDC,ECU,LU_NUNAMA,,,1,2024,,,,,,1.0
VariableCost,NDC,ECU,LU_NUNAMA,,,1,2025,,,,,,1.0
VariableCost,NDC,ECU,LU_NUNAMA,,,1,2026,,,,,,1.0
VariableCost,NDC,ECU,LU_NUNAMA,,,1,2027,,,,,,1.0
VariableCost,NDC,ECU,LU_NUNAMA,,,1,2028,,,,,,1.0
VariableCost,NDC,ECU,LU_NUNAMA,,,1,2029,,,,,,1.0
VariableCost,NDC,ECU,LU_NUNAMA,,,1,2030,,,,,,1.0
VariableCost,NDC,ECU,LU_NUNAMA,,,1,2031,,,,,,1.0
VariableCost,NDC,ECU,LU_NUNAMA,,,1,2032,,,,,,1.0
VariableCost,NDC,ECU,LU_NUNAMA,,,1,2033,,,,,,1.0
VariableCost,NDC,ECU,LU_NUNAMA,,,1,2034,,,,,,1.0
VariableCost,NDC,ECU,LU_NUNAMA,,,1,2035,,,,,,1.0
VariableCost,NDC,ECU,LU_NUNAND,,,1,2010,,,,,,1.0
VariableCost,NDC,ECU,LU_NUNAND,,,1,2011,,,,,,1.0
VariableCost,NDC,ECU,LU_NUNAND,,,1,2012,,,,,,1.0
VariableCost,NDC,ECU,LU_NUNAND,,,1,2013,,,,,,1.0
VariableCost,NDC,ECU,LU_NUNAND,,,1,2014,,,,,,1.0
VariableCost,NDC,ECU,LU_NUNAND,,,1,2015,,,,,,1.0
VariableCost,NDC,ECU,LU_NUNAND,,,1,2016,,,,,,1.0
VariableCost,NDC,ECU,LU_NUNAND,,,1,2017,,,,,,1.0
VariableCost,NDC,ECU,LU_NUNAND,,,1,2018,,,,,,1.0
VariableCost,NDC,ECU,LU_NUNAND,,,1,2019,,,,,,1.0
VariableCost,NDC,ECU,LU_NUNAND,,,1,2020,,,,,,1.0
VariableCost,NDC,ECU,LU_NUNAND,,,1,2021,,,,,,1.0
VariableCost,NDC,ECU,LU_NUNAND,,,1,2022,,,,,,1.0
VariableCost,NDC,ECU,LU_NUNAND,,,1,2023,,,,,,1.0
VariableCost,NDC,ECU,LU_NUNAND,,,1,2024,,,,,,1.0
VariableCost,NDC,ECU,LU_NUNAND,,,1,2025,,,,,,1.0
VariableCost,NDC,ECU,LU_NUNAND,,,1,2026,,,,,,1.0
VariableCost,NDC,ECU,LU_NUNAND,,,1,2027,,,,,,1.0
VariableCost,NDC,ECU,LU_NUNAND,,,1,2028,,,,,,1.0
VariableCost,NDC,ECU,LU_NUNAND,,,1,2029,,,,,,1.0
VariableCost,NDC,ECU,LU_NUNAND,,,1,2030,,,,,,1.0
VariableCost,NDC,ECU,LU_NUNAND,,,1,2031,,,,,,1.0
VariableCost,NDC,ECU,LU_NUNAND,,,1,2032,,,,,,1.0
VariableCost,NDC,ECU,LU_NUNAND,,,1,2033,,,,,,1.0
VariableCost,NDC,ECU,LU_NUNAND,,,1,2034,,,,,,1.0
VariableCost,NDC,ECU,LU_NUNAND,,,1,2035,,,,,,1.0
VariableCost,NDC,ECU,LU_NUNCEJ,,,1,2010,,,,,,1.0
VariableCost,NDC,ECU,LU_NUNCEJ,,,1,2011,,,,,,1.0
VariableCost,NDC,ECU,LU_NUNCEJ,,,1,2012,,,,,,1.0
VariableCost,NDC,ECU,LU_NUNCEJ,,,1,2013,,,,,,1.0
VariableCost,NDC,ECU,LU_NUNCEJ,,,1,2014,,,,,,1.0
VariableCost,NDC,ECU,LU_NUNCEJ,,,1,2015,,,,,,1.0
VariableCost,NDC,ECU,LU_NUNCEJ,,,1,2016,,,,,,1.0
VariableCost,NDC,ECU,LU_NUNCEJ,,,1,2017,,,,,,1.0
VariableCost,NDC,ECU,LU_NUNCEJ,,,1,2018,,,,,,1.0
VariableCost,NDC,ECU,LU_NUNCEJ,,,1,2019,,,,,,1.0
VariableCost,NDC,ECU,LU_NUNCEJ,,,1,2020,,,,,,1.0
VariableCost,NDC,ECU,LU_NUNCEJ,,,1,2021,,,,,,1.0
VariableCost,NDC,ECU,LU_NUNCEJ,,,1,2022,,,,,,1.0
VariableCost,NDC,ECU,LU_NUNCEJ,,,1,2023,,,,,,1.0
VariableCost,NDC,ECU,LU_NUNCEJ,,,1,2024,,,,,,1.0
VariableCost,NDC,ECU,LU_NUNCEJ,,,1,2025,,,,,,1.0
VariableCost,NDC,ECU,LU_NUNCEJ,,,1,2026,,,,,,1.0
VariableCost,NDC,ECU,LU_NUNCEJ,,,1,2027,,,,,,1.0
VariableCost,NDC,ECU,LU_NUNCEJ,,,1,2028,,,,,,1.0
VariableCost,NDC,ECU,LU_NUNCEJ,,,1,2029,,,,,,1.0
VariableCost,NDC,ECU,LU_NUNCEJ,,,1,2030,,,,,,1.0
VariableCost,NDC,ECU,LU_NUNCEJ,,,1,2031,,,,,,1.0
VariableCost,NDC,ECU,LU_NUNCEJ,,,1,2032,,,,,,1.0
VariableCost,NDC,ECU,LU_NUNCEJ,,,1,2033,,,,,,1.0
VariableCost,NDC,ECU,LU_NUNCEJ,,,1,2034,,,,,,1.0
VariableCost,NDC,ECU,LU_NUNCEJ,,,1,2035,,,,,,1.0
VariableCost,NDC,ECU,LU_NUNCHO,,,1,2010,,,,,,1.0
VariableCost,NDC,ECU,LU_NUNCHO,,,1,2011,,,,,,1.0
VariableCost,NDC,ECU,LU_NUNCHO,,,1,2012,,,,,,1.0
VariableCost,NDC,ECU,LU_NUNCHO,,,1,2013,,,,,,1.0
VariableCost,NDC,ECU,LU_NUNCHO,,,1,2014,,,,,,1.0
VariableCost,NDC,ECU,LU_NUNCHO,,,1,2015,,,,,,1.0
VariableCost,NDC,ECU,LU_NUNCHO,,,1,2016,,,,,,1.0
VariableCost,NDC,ECU,LU_NUNCHO,,,1,2017,,,,,,1.0
VariableCost,NDC,ECU,LU_NUNCHO,,,1,2018,,,,,,1.0
VariableCost,NDC,ECU,LU_NUNCHO,,,1,2019,,,,,,1.0
VariableCost,NDC,ECU,LU_NUNCHO,,,1,2020,,,,,,1.0
VariableCost,NDC,ECU,LU_NUNCHO,,,1,2021,,,,,,1.0
VariableCost,NDC,ECU,LU_NUNCHO,,,1,2022,,,,,,1.0
VariableCost,NDC,ECU,LU_NUNCHO,,,1,2023,,,,,,1.0
VariableCost,NDC,ECU,LU_NUNCHO,,,1,2024,,,,,,1.0
VariableCost,NDC,ECU,LU_NUNCHO,,,1,2025,,,,,,1.0
VariableCost,NDC,ECU,LU_NUNCHO,,,1,2026,,,,,,1.0
VariableCost,NDC,ECU,LU_NUNCHO,,,1,2027,,,,,,1.0
VariableCost,NDC,ECU,LU_NUNCHO,,,1,2028,,,,,,1.0
VariableCost,NDC,ECU,LU_NUNCHO,,,1,2029,,,,,,1.0
VariableCost,NDC,ECU,LU_NUNCHO,,,1,2030,,,,,,1.0
VariableCost,NDC,ECU,LU_NUNCHO,,,1,2031,,,,,,1.0
VariableCost,NDC,ECU,LU_NUNCHO,,,1,2032,,,,,,1.0
VariableCost,NDC,ECU,LU_NUNCHO,,,1,2033,,,,,,1.0
VariableCost,NDC,ECU,LU_NUNCHO,,,1,2034,,,,,,1.0
VariableCost,NDC,ECU,LU_NUNCHO,,,1,2035,,,,,,1.0
VariableCost,NDC,ECU,LU_NUNMAN,,,1,2010,,,,,,1.0
VariableCost,NDC,ECU,LU_NUNMAN,,,1,2011,,,,,,1.0
VariableCost,NDC,ECU,LU_NUNMAN,,,1,2012,,,,,,1.0
VariableCost,NDC,ECU,LU_NUNMAN,,,1,2013,,,,,,1.0
VariableCost,NDC,ECU,LU_NUNMAN,,,1,2014,,,,,,1.0
VariableCost,NDC,ECU,LU_NUNMAN,,,1,2015,,,,,,1.0
VariableCost,NDC,ECU,LU_NUNMAN,,,1,2016,,,,,,1.0
VariableCost,NDC,ECU,LU_NUNMAN,,,1,2017,,,,,,1.0
VariableCost,NDC,ECU,LU_NUNMAN,,,1,2018,,,,,,1.0
VariableCost,NDC,ECU,LU_NUNMAN,,,1,2019,,,,,,1.0
VariableCost,NDC,ECU,LU_NUNMAN,,,1,2020,,,,,,1.0
VariableCost,NDC,ECU,LU_NUNMAN,,,1,2021,,,,,,1.0
VariableCost,NDC,ECU,LU_NUNMAN,,,1,2022,,,,,,1.0
VariableCost,NDC,ECU,LU_NUNMAN,,,1,2023,,,,,,1.0
VariableCost,NDC,ECU,LU_NUNMAN,,,1,2024,,,,,,1.0
VariableCost,NDC,ECU,LU_NUNMAN,,,1,2025,,,,,,1.0
VariableCost,NDC,ECU,LU_NUNMAN,,,1,2026,,,,,,1.0
VariableCost,NDC,ECU,LU_NUNMAN,,,1,2027,,,,,,1.0
VariableCost,NDC,ECU,LU_NUNMAN,,,1,2028,,,,,,1.0
VariableCost,NDC,ECU,LU_NUNMAN,,,1,2029,,,,,,1.0
VariableCost,NDC,ECU,LU_NUNMAN,,,1,2030,,,,,,1.0
VariableCost,NDC,ECU,LU_NUNMAN,,,1,2031,,,,,,1.0
VariableCost,NDC,ECU,LU_NUNMAN,,,1,2032,,,,,,1.0
VariableCost,NDC,ECU,LU_NUNMAN,,,1,2033,,,,,,1.0
VariableCost,NDC,ECU,LU_NUNMAN,,,1,2034,,,,,,1.0
VariableCost,NDC,ECU,LU_NUNMAN,,,1,2035,,,,,,1.0
VariableCost,NDC,ECU,LU_NUNMON,,,1,2010,,,,,,1.0
VariableCost,NDC,ECU,LU_NUNMON,,,1,2011,,,,,,1.0
VariableCost,NDC,ECU,LU_NUNMON,,,1,2012,,,,,,1.0
VariableCost,NDC,ECU,LU_NUNMON,,,1,2013,,,,,,1.0
VariableCost,NDC,ECU,LU_NUNMON,,,1,2014,,,,,,1.0
VariableCost,NDC,ECU,LU_NUNMON,,,1,2015,,,,,,1.0
VariableCost,NDC,ECU,LU_NUNMON,,,1,2016,,,,,,1.0
VariableCost,NDC,ECU,LU_NUNMON,,,1,2017,,,,,,1.0
VariableCost,NDC,ECU,LU_NUNMON,,,1,2018,,,,,,1.0
VariableCost,NDC,ECU,LU_NUNMON,,,1,2019,,,,,,1.0
VariableCost,NDC,ECU,LU_NUNMON,,,1,2020,,,,,,1.0
VariableCost,NDC,ECU,LU_NUNMON,,,1,2021,,,,,,1.0
VariableCost,NDC,ECU,LU_NUNMON,,,1,2022,,,,,,1.0
VariableCost,NDC,ECU,LU_NUNMON,,,1,2023,,,,,,1.0
VariableCost,NDC,ECU,LU_NUNMON,,,1,2024,,,,,,1.0
VariableCost,NDC,ECU,LU_NUNMON,,,1,2025,,,,,,1.0
VariableCost,NDC,ECU,LU_NUNMON,,,1,2026,,,,,,1.0
VariableCost,NDC,ECU,LU_NUNMON,,,1,2027,,,,,,1.0
VariableCost,NDC,ECU,LU_NUNMON,,,1,2028,,,,,,1.0
VariableCost,NDC,ECU,LU_NUNMON,,,1,2029,,,,,,1.0
VariableCost,NDC,ECU,LU_NUNMON,,,1,2030,,,,,,1.0
VariableCost,NDC,ECU,LU_NUNMON,,,1,2031,,,,,,1.0
VariableCost,NDC,ECU,LU_NUNMON,,,1,2032,,,,,,1.0
VariableCost,NDC,ECU,LU_NUNMON,,,1,2033,,,,,,1.0
VariableCost,NDC,ECU,LU_NUNMON,,,1,2034,,,,,,1.0
VariableCost,NDC,ECU,LU_NUNMON,,,1,2035,,,,,,1.0
VariableCost,NDC,ECU,LU_NUNMOR,,,1,2010,,,,,,1.0
VariableCost,NDC,ECU,LU_NUNMOR,,,1,2011,,,,,,1.0
VariableCost,NDC,ECU,LU_NUNMOR,,,1,2012,,,,,,1.0
VariableCost,NDC,ECU,LU_NUNMOR,,,1,2013,,,,,,1.0
VariableCost,NDC,ECU,LU_NUNMOR,,,1,2014,,,,,,1.0
VariableCost,NDC,ECU,LU_NUNMOR,,,1,2015,,,,,,1.0
VariableCost,NDC,ECU,LU_NUNMOR,,,1,2016,,,,,,1.0
VariableCost,NDC,ECU,LU_NUNMOR,,,1,2017,,,,,,1.0
VariableCost,NDC,ECU,LU_NUNMOR,,,1,2018,,,,,,1.0
VariableCost,NDC,ECU,LU_NUNMOR,,,1,2019,,,,,,1.0
VariableCost,NDC,ECU,LU_NUNMOR,,,1,2020,,,,,,1.0
VariableCost,NDC,ECU,LU_NUNMOR,,,1,2021,,,,,,1.0
VariableCost,NDC,ECU,LU_NUNMOR,,,1,2022,,,,,,1.0
VariableCost,NDC,ECU,LU_NUNMOR,,,1,2023,,,,,,1.0
VariableCost,NDC,ECU,LU_NUNMOR,,,1,2024,,,,,,1.0
VariableCost,NDC,ECU,LU_NUNMOR,,,1,2025,,,,,,1.0
VariableCost,NDC,ECU,LU_NUNMOR,,,1,2026,,,,,,1.0
VariableCost,NDC,ECU,LU_NUNMOR,,,1,2027,,,,,,1.0
VariableCost,NDC,ECU,LU_NUNMOR,,,1,2028,,,,,,1.0
VariableCost,NDC,ECU,LU_NUNMOR,,,1,2029,,,,,,1.0
VariableCost,NDC,ECU,LU_NUNMOR,,,1,2030,,,,,,1.0
VariableCost,NDC,ECU,LU_NUNMOR,,,1,2031,,,,,,1.0
VariableCost,NDC,ECU,LU_NUNMOR,,,1,2032,,,,,,1.0
VariableCost,NDC,ECU,LU_NUNMOR,,,1,2033,,,,,,1.0
VariableCost,NDC,ECU,LU_NUNMOR,,,1,2034,,,,,,1.0
VariableCost,NDC,ECU,LU_NUNMOR,,,1,2035,,,,,,1.0
VariableCost,NDC,ECU,LU_NUNPIE,,,1,2010,,,,,,1.0
VariableCost,NDC,ECU,LU_NUNPIE,,,1,2011,,,,,,1.0
VariableCost,NDC,ECU,LU_NUNPIE,,,1,2012,,,,,,1.0
VariableCost,NDC,ECU,LU_NUNPIE,,,1,2013,,,,,,1.0
VariableCost,NDC,ECU,LU_NUNPIE,,,1,2014,,,,,,1.0
VariableCost,NDC,ECU,LU_NUNPIE,,,1,2015,,,,,,1.0
VariableCost,NDC,ECU,LU_NUNPIE,,,1,2016,,,,,,1.0
VariableCost,NDC,ECU,LU_NUNPIE,,,1,2017,,,,,,1.0
VariableCost,NDC,ECU,LU_NUNPIE,,,1,2018,,,,,,1.0
VariableCost,NDC,ECU,LU_NUNPIE,,,1,2019,,,,,,1.0
VariableCost,NDC,ECU,LU_NUNPIE,,,1,2020,,,,,,1.0
VariableCost,NDC,ECU,LU_NUNPIE,,,1,2021,,,,,,1.0
VariableCost,NDC,ECU,LU_NUNPIE,,,1,2022,,,,,,1.0
VariableCost,NDC,ECU,LU_NUNPIE,,,1,2023,,,,,,1.0
VariableCost,NDC,ECU,LU_NUNPIE,,,1,2024,,,,,,1.0
VariableCost,NDC,ECU,LU_NUNPIE,,,1,2025,,,,,,1.0
VariableCost,NDC,ECU,LU_NUNPIE,,,1,2026,,,,,,1.0
VariableCost,NDC,ECU,LU_NUNPIE,,,1,2027,,,,,,1.0
VariableCost,NDC,ECU,LU_NUNPIE,,,1,2028,,,,,,1.0
VariableCost,NDC,ECU,LU_NUNPIE,,,1,2029,,,,,,1.0
VariableCost,NDC,ECU,LU_NUNPIE,,,1,2030,,,,,,1.0
VariableCost,NDC,ECU,LU_NUNPIE,,,1,2031,,,,,,1.0
VariableCost,NDC,ECU,LU_NUNPIE,,,1,2032,,,,,,1.0
VariableCost,NDC,ECU,LU_NUNPIE,,,1,2033,,,,,,1.0
VariableCost,NDC,ECU,LU_NUNPIE,,,1,2034,,,,,,1.0
VariableCost,NDC,ECU,LU_NUNPIE,,,1,2035,,,,,,1.0
VariableCost,NDC,ECU,LU_NUNPLU,,,1,2010,,,,,,1.0
VariableCost,NDC,ECU,LU_NUNPLU,,,1,2011,,,,,,1.0
VariableCost,NDC,ECU,LU_NUNPLU,,,1,2012,,,,,,1.0
VariableCost,NDC,ECU,LU_NUNPLU,,,1,2013,,,,,,1.0
VariableCost,NDC,ECU,LU_NUNPLU,,,1,2014,,,,,,1.0
VariableCost,NDC,ECU,LU_NUNPLU,,,1,2015,,,,,,1.0
VariableCost,NDC,ECU,LU_NUNPLU,,,1,2016,,,,,,1.0
VariableCost,NDC,ECU,LU_NUNPLU,,,1,2017,,,,,,1.0
VariableCost,NDC,ECU,LU_NUNPLU,,,1,2018,,,,,,1.0
VariableCost,NDC,ECU,LU_NUNPLU,,,1,2019,,,,,,1.0
VariableCost,NDC,ECU,LU_NUNPLU,,,1,2020,,,,,,1.0
VariableCost,NDC,ECU,LU_NUNPLU,,,1,2021,,,,,,1.0
VariableCost,NDC,ECU,LU_NUNPLU,,,1,2022,,,,,,1.0
VariableCost,NDC,ECU,LU_NUNPLU,,,1,2023,,,,,,1.0
VariableCost,NDC,ECU,LU_NUNPLU,,,1,2024,,,,,,1.0
VariableCost,NDC,ECU,LU_NUNPLU,,,1,2025,,,,,,1.0
VariableCost,NDC,ECU,LU_NUNPLU,,,1,2026,,,,,,1.0
VariableCost,NDC,ECU,LU_NUNPLU,,,1,2027,,,,,,1.0
VariableCost,NDC,ECU,LU_NUNPLU,,,1,2028,,,,,,1.0
VariableCost,NDC,ECU,LU_NUNPLU,,,1,2029,,,,,,1.0
VariableCost,NDC,ECU,LU_NUNPLU,,,1,2030,,,,,,1.0
VariableCost,NDC,ECU,LU_NUNPLU,,,1,2031,,,,,,1.0
VariableCost,NDC,ECU,LU_NUNPLU,,,1,2032,,,,,,1.0
VariableCost,NDC,ECU,LU_NUNPLU,,,1,2033,,,,,,1.0
VariableCost,NDC,ECU,LU_NUNPLU,,,1,2034,,,,,,1.0
VariableCost,NDC,ECU,LU_NUNPLU,,,1,2035,,,,,,1.0
VariableCost,NDC,ECU,LU_NUNPFO,,,1,2010,,,,,,1.0
VariableCost,NDC,ECU,LU_NUNPFO,,,1,2011,,,,,,1.0
VariableCost,NDC,ECU,LU_NUNPFO,,,1,2012,,,,,,1.0
VariableCost,NDC,ECU,LU_NUNPFO,,,1,2013,,,,,,1.0
VariableCost,NDC,ECU,LU_NUNPFO,,,1,2014,,,,,,1.0
VariableCost,NDC,ECU,LU_NUNPFO,,,1,2015,,,,,,1.0
VariableCost,NDC,ECU,LU_NUNPFO,,,1,2016,,,,,,1.0
VariableCost,NDC,ECU,LU_NUNPFO,,,1,2017,,,,,,1.0
VariableCost,NDC,ECU,LU_NUNPFO,,,1,2018,,,,,,1.0
VariableCost,NDC,ECU,LU_NUNPFO,,,1,2019,,,,,,1.0
VariableCost,NDC,ECU,LU_NUNPFO,,,1,2020,,,,,,1.0
VariableCost,NDC,ECU,LU_NUNPFO,,,1,2021,,,,,,1.0
VariableCost,NDC,ECU,LU_NUNPFO,,,1,2022,,,,,,1.0
VariableCost,NDC,ECU,LU_NUNPFO,,,1,2023,,,,,,1.0
VariableCost,NDC,ECU,LU_NUNPFO,,,1,2024,,,,,,1.0
VariableCost,NDC,ECU,LU_NUNPFO,,,1,2025,,,,,,1.0
VariableCost,NDC,ECU,LU_NUNPFO,,,1,2026,,,,,,1.0
VariableCost,NDC,ECU,LU_NUNPFO,,,1,2027,,,,,,1.0
VariableCost,NDC,ECU,LU_NUNPFO,,,1,2028,,,,,,1.0
VariableCost,NDC,ECU,LU_NUNPFO,,,1,2029,,,,,,1.0
VariableCost,NDC,ECU,LU_NUNPFO,,,1,2030,,,,,,1.0
VariableCost,NDC,ECU,LU_NUNPFO,,,1,2031,,,,,,1.0
VariableCost,NDC,ECU,LU_NUNPFO,,,1,2032,,,,,,1.0
VariableCost,NDC,ECU,LU_NUNPFO,,,1,2033,,,,,,1.0
VariableCost,NDC,ECU,LU_NUNPFO,,,1,2034,,,,,,1.0
VariableCost,NDC,ECU,LU_NUNPFO,,,1,2035,,,,,,1.0
VariableCost,NDC,ECU,LU_RAR,,,1,2010,,,,,,1.0
VariableCost,NDC,ECU,LU_RAR,,,1,2011,,,,,,1.0
VariableCost,NDC,ECU,LU_RAR,,,1,2012,,,,,,1.0
VariableCost,NDC,ECU,LU_RAR,,,1,2013,,,,,,1.0
VariableCost,NDC,ECU,LU_RAR,,,1,2014,,,,,,1.0
VariableCost,NDC,ECU,LU_RAR,,,1,2015,,,,,,1.0
VariableCost,NDC,ECU,LU_RAR,,,1,2016,,,,,,1.0
VariableCost,NDC,ECU,LU_RAR,,,1,2017,,,,,,1.0
VariableCost,NDC,ECU,LU_RAR,,,1,2018,,,,,,1.0
VariableCost,NDC,ECU,LU_RAR,,,1,2019,,,,,,1.0
VariableCost,NDC,ECU,LU_RAR,,,1,2020,,,,,,1.0
VariableCost,NDC,ECU,LU_RAR,,,1,2021,,,,,,1.0
VariableCost,NDC,ECU,LU_RAR,,,1,2022,,,,,,1.0
VariableCost,NDC,ECU,LU_RAR,,,1,2023,,,,,,1.0
VariableCost,NDC,ECU,LU_RAR,,,1,2024,,,,,,1.0
VariableCost,NDC,ECU,LU_RAR,,,1,2025,,,,,,1.0
VariableCost,NDC,ECU,LU_RAR,,,1,2026,,,,,,1.0
VariableCost,NDC,ECU,LU_RAR,,,1,2027,,,,,,1.0
VariableCost,NDC,ECU,LU_RAR,,,1,2028,,,,,,1.0
VariableCost,NDC,ECU,LU_RAR,,,1,2029,,,,,,1.0
VariableCost,NDC,ECU,LU_RAR,,,1,2030,,,,,,1.0
VariableCost,NDC,ECU,LU_RAR,,,1,2031,,,,,,1.0
VariableCost,NDC,ECU,LU_RAR,,,1,2032,,,,,,1.0
VariableCost,NDC,ECU,LU_RAR,,,1,2033,,,,,,1.0
VariableCost,NDC,ECU,LU_RAR,,,1,2034,,,,,,1.0
VariableCost,NDC,ECU,LU_RAR,,,1,2035,,,,,,1.0
VariableCost,NDC,ECU,LU_PLA,,,1,2010,,,,,,1.0
VariableCost,NDC,ECU,LU_PLA,,,1,2011,,,,,,1.0
VariableCost,NDC,ECU,LU_PLA,,,1,2012,,,,,,1.0
VariableCost,NDC,ECU,LU_PLA,,,1,2013,,,,,,1.0
VariableCost,NDC,ECU,LU_PLA,,,1,2014,,,,,,1.0
VariableCost,NDC,ECU,LU_PLA,,,1,2015,,,,,,1.0
VariableCost,NDC,ECU,LU_PLA,,,1,2016,,,,,,1.0
VariableCost,NDC,ECU,LU_PLA,,,1,2017,,,,,,1.0
VariableCost,NDC,ECU,LU_PLA,,,1,2018,,,,,,1.0
VariableCost,NDC,ECU,LU_PLA,,,1,2019,,,,,,1.0
VariableCost,NDC,ECU,LU_PLA,,,1,2020,,,,,,1.0
VariableCost,NDC,ECU,LU_PLA,,,1,2021,,,,,,1.0
VariableCost,NDC,ECU,LU_PLA,,,1,2022,,,,,,1.0
VariableCost,NDC,ECU,LU_PLA,,,1,2023,,,,,,1.0
VariableCost,NDC,ECU,LU_PLA,,,1,2024,,,,,,1.0
VariableCost,NDC,ECU,LU_PLA,,,1,2025,,,,,,1.0
VariableCost,NDC,ECU,LU_PLA,,,1,2026,,,,,,1.0
VariableCost,NDC,ECU,LU_PLA,,,1,2027,,,,,,1.0
VariableCost,NDC,ECU,LU_PLA,,,1,2028,,,,,,1.0
VariableCost,NDC,ECU,LU_PLA,,,1,2029,,,,,,1.0
VariableCost,NDC,ECU,LU_PLA,,,1,2030,,,,,,1.0
VariableCost,NDC,ECU,LU_PLA,,,1,2031,,,,,,1.0
VariableCost,NDC,ECU,LU_PLA,,,1,2032,,,,,,1.0
VariableCost,NDC,ECU,LU_PLA,,,1,2033,,,,,,1.0
VariableCost,NDC,ECU,LU_PLA,,,1,2034,,,,,,1.0
VariableCost,NDC,ECU,LU_PLA,,,1,2035,,,,,,1.0
VariableCost,NDC,ECU,T5ELEAGR,,,1,2010,,,,,,1.0
VariableCost,NDC,ECU,T5ELEAGR,,,1,2011,,,,,,1.0
VariableCost,NDC,ECU,T5ELEAGR,,,1,2012,,,,,,1.0
VariableCost,NDC,ECU,T5ELEAGR,,,1,2013,,,,,,1.0
VariableCost,NDC,ECU,T5ELEAGR,,,1,2014,,,,,,1.0
VariableCost,NDC,ECU,T5ELEAGR,,,1,2015,,,,,,1.0
VariableCost,NDC,ECU,T5ELEAGR,,,1,2016,,,,,,1.0
VariableCost,NDC,ECU,T5ELEAGR,,,1,2017,,,,,,1.0
VariableCost,NDC,ECU,T5ELEAGR,,,1,2018,,,,,,1.0
VariableCost,NDC,ECU,T5ELEAGR,,,1,2019,,,,,,1.0
VariableCost,NDC,ECU,T5ELEAGR,,,1,2020,,,,,,1.0
VariableCost,NDC,ECU,T5ELEAGR,,,1,2021,,,,,,1.0
VariableCost,NDC,ECU,T5ELEAGR,,,1,2022,,,,,,1.0
VariableCost,NDC,ECU,T5ELEAGR,,,1,2023,,,,,,1.0
VariableCost,NDC,ECU,T5ELEAGR,,,1,2024,,,,,,1.0
VariableCost,NDC,ECU,T5ELEAGR,,,1,2025,,,,,,1.0
VariableCost,NDC,ECU,T5ELEAGR,,,1,2026,,,,,,1.0
VariableCost,NDC,ECU,T5ELEAGR,,,1,2027,,,,,,1.0
VariableCost,NDC,ECU,T5ELEAGR,,,1,2028,,,,,,1.0
VariableCost,NDC,ECU,T5ELEAGR,,,1,2029,,,,,,1.0
VariableCost,NDC,ECU,T5ELEAGR,,,1,2030,,,,,,1.0
VariableCost,NDC,ECU,T5ELEAGR,,,1,2031,,,,,,1.0
VariableCost,NDC,ECU,T5ELEAGR,,,1,2032,,,,,,1.0
VariableCost,NDC,ECU,T5ELEAGR,,,1,2033,,,,,,1.0
VariableCost,NDC,ECU,T5ELEAGR,,,1,2034,,,,,,1.0
VariableCost,NDC,ECU,T5ELEAGR,,,1,2035,,,,,,1.0
VariableCost,NDC,ECU,T5WETCOB,,,1,2010,,,,,,1.0
VariableCost,NDC,ECU,T5WETCOB,,,1,2011,,,,,,1.0
VariableCost,NDC,ECU,T5WETCOB,,,1,2012,,,,,,1.0
VariableCost,NDC,ECU,T5WETCOB,,,1,2013,,,,,,1.0
VariableCost,NDC,ECU,T5WETCOB,,,1,2014,,,,,,1.0
VariableCost,NDC,ECU,T5WETCOB,,,1,2015,,,,,,1.0
VariableCost,NDC,ECU,T5WETCOB,,,1,2016,,,,,,1.0
VariableCost,NDC,ECU,T5WETCOB,,,1,2017,,,,,,1.0
VariableCost,NDC,ECU,T5WETCOB,,,1,2018,,,,,,1.0
VariableCost,NDC,ECU,T5WETCOB,,,1,2019,,,,,,1.0
VariableCost,NDC,ECU,T5WETCOB,,,1,2020,,,,,,1.0
VariableCost,NDC,ECU,T5WETCOB,,,1,2021,,,,,,1.0
VariableCost,NDC,ECU,T5WETCOB,,,1,2022,,,,,,1.0
VariableCost,NDC,ECU,T5WETCOB,,,1,2023,,,,,,1.0
VariableCost,NDC,ECU,T5WETCOB,,,1,2024,,,,,,1.0
VariableCost,NDC,ECU,T5WETCOB,,,1,2025,,,,,,1.0
VariableCost,NDC,ECU,T5WETCOB,,,1,2026,,,,,,1.0
VariableCost,NDC,ECU,T5WETCOB,,,1,2027,,,,,,1.0
VariableCost,NDC,ECU,T5WETCOB,,,1,2028,,,,,,1.0
VariableCost,NDC,ECU,T5WETCOB,,,1,2029,,,,,,1.0
VariableCost,NDC,ECU,T5WETCOB,,,1,2030,,,,,,1.0
VariableCost,NDC,ECU,T5WETCOB,,,1,2031,,,,,,1.0
VariableCost,NDC,ECU,T5WETCOB,,,1,2032,,,,,,1.0
VariableCost,NDC,ECU,T5WETCOB,,,1,2033,,,,,,1.0
VariableCost,NDC,ECU,T5WETCOB,,,1,2034,,,,,,1.0
VariableCost,NDC,ECU,T5WETCOB,,,1,2035,,,,,,1.0
VariableCost,NDC,ECU,T5SETCOB,,,1,2010,,,,,,1.0
VariableCost,NDC,ECU,T5SETCOB,,,1,2011,,,,,,1.0
VariableCost,NDC,ECU,T5SETCOB,,,1,2012,,,,,,1.0
VariableCost,NDC,ECU,T5SETCOB,,,1,2013,,,,,,1.0
VariableCost,NDC,ECU,T5SETCOB,,,1,2014,,,,,,1.0
VariableCost,NDC,ECU,T5SETCOB,,,1,2015,,,,,,1.0
VariableCost,NDC,ECU,T5SETCOB,,,1,2016,,,,,,1.0
VariableCost,NDC,ECU,T5SETCOB,,,1,2017,,,,,,1.0
VariableCost,NDC,ECU,T5SETCOB,,,1,2018,,,,,,1.0
VariableCost,NDC,ECU,T5SETCOB,,,1,2019,,,,,,1.0
VariableCost,NDC,ECU,T5SETCOB,,,1,2020,,,,,,1.0
VariableCost,NDC,ECU,T5SETCOB,,,1,2021,,,,,,1.0
VariableCost,NDC,ECU,T5SETCOB,,,1,2022,,,,,,1.0
VariableCost,NDC,ECU,T5SETCOB,,,1,2023,,,,,,1.0
VariableCost,NDC,ECU,T5SETCOB,,,1,2024,,,,,,1.0
VariableCost,NDC,ECU,T5SETCOB,,,1,2025,,,,,,1.0
VariableCost,NDC,ECU,T5SETCOB,,,1,2026,,,,,,1.0
VariableCost,NDC,ECU,T5SETCOB,,,1,2027,,,,,,1.0
VariableCost,NDC,ECU,T5SETCOB,,,1,2028,,,,,,1.0
VariableCost,NDC,ECU,T5SETCOB,,,1,2029,,,,,,1.0
VariableCost,NDC,ECU,T5SETCOB,,,1,2030,,,,,,1.0
VariableCost,NDC,ECU,T5SETCOB,,,1,2031,,,,,,1.0
VariableCost,NDC,ECU,T5SETCOB,,,1,2032,,,,,,1.0
VariableCost,NDC,ECU,T5SETCOB,,,1,2033,,,,,,1.0
VariableCost,NDC,ECU,T5SETCOB,,,1,2034,,,,,,1.0
VariableCost,NDC,ECU,T5SETCOB,,,1,2035,,,,,,1.0
VariableCost,NDC,ECU,T5BURCOB,,,1,2010,,,,,,1.0
VariableCost,NDC,ECU,T5BURCOB,,,1,2011,,,,,,1.0
VariableCost,NDC,ECU,T5BURCOB,,,1,2012,,,,,,1.0
VariableCost,NDC,ECU,T5BURCOB,,,1,2013,,,,,,1.0
VariableCost,NDC,ECU,T5BURCOB,,,1,2014,,,,,,1.0
VariableCost,NDC,ECU,T5BURCOB,,,1,2015,,,,,,1.0
VariableCost,NDC,ECU,T5BURCOB,,,1,2016,,,,,,1.0
VariableCost,NDC,ECU,T5BURCOB,,,1,2017,,,,,,1.0
VariableCost,NDC,ECU,T5BURCOB,,,1,2018,,,,,,1.0
VariableCost,NDC,ECU,T5BURCOB,,,1,2019,,,,,,1.0
VariableCost,NDC,ECU,T5BURCOB,,,1,2020,,,,,,1.0
VariableCost,NDC,ECU,T5BURCOB,,,1,2021,,,,,,1.0
VariableCost,NDC,ECU,T5BURCOB,,,1,2022,,,,,,1.0
VariableCost,NDC,ECU,T5BURCOB,,,1,2023,,,,,,1.0
VariableCost,NDC,ECU,T5BURCOB,,,1,2024,,,,,,1.0
VariableCost,NDC,ECU,T5BURCOB,,,1,2025,,,,,,1.0
VariableCost,NDC,ECU,T5BURCOB,,,1,2026,,,,,,1.0
VariableCost,NDC,ECU,T5BURCOB,,,1,2027,,,,,,1.0
VariableCost,NDC,ECU,T5BURCOB,,,1,2028,,,,,,1.0
VariableCost,NDC,ECU,T5BURCOB,,,1,2029,,,,,,1.0
VariableCost,NDC,ECU,T5BURCOB,,,1,2030,,,,,,1.0
VariableCost,NDC,ECU,T5BURCOB,,,1,2031,,,,,,1.0
VariableCost,NDC,ECU,T5BURCOB,,,1,2032,,,,,,1.0
VariableCost,NDC,ECU,T5BURCOB,,,1,2033,,,,,,1.0
VariableCost,NDC,ECU,T5BURCOB,,,1,2034,,,,,,1.0
VariableCost,NDC,ECU,T5BURCOB,,,1,2035,,,,,,1.0
VariableCost,NDC,ECU,T5OTLCOB,,,1,2010,,,,,,1.0
VariableCost,NDC,ECU,T5OTLCOB,,,1,2011,,,,,,1.0
VariableCost,NDC,ECU,T5OTLCOB,,,1,2012,,,,,,1.0
VariableCost,NDC,ECU,T5OTLCOB,,,1,2013,,,,,,1.0
VariableCost,NDC,ECU,T5OTLCOB,,,1,2014,,,,,,1.0
VariableCost,NDC,ECU,T5OTLCOB,,,1,2015,,,,,,1.0
VariableCost,NDC,ECU,T5OTLCOB,,,1,2016,,,,,,1.0
VariableCost,NDC,ECU,T5OTLCOB,,,1,2017,,,,,,1.0
VariableCost,NDC,ECU,T5OTLCOB,,,1,2018,,,,,,1.0
VariableCost,NDC,ECU,T5OTLCOB,,,1,2019,,,,,,1.0
VariableCost,NDC,ECU,T5OTLCOB,,,1,2020,,,,,,1.0
VariableCost,NDC,ECU,T5OTLCOB,,,1,2021,,,,,,1.0
VariableCost,NDC,ECU,T5OTLCOB,,,1,2022,,,,,,1.0
VariableCost,NDC,ECU,T5OTLCOB,,,1,2023,,,,,,1.0
VariableCost,NDC,ECU,T5OTLCOB,,,1,2024,,,,,,1.0
VariableCost,NDC,ECU,T5OTLCOB,,,1,2025,,,,,,1.0
VariableCost,NDC,ECU,T5OTLCOB,,,1,2026,,,,,,1.0
VariableCost,NDC,ECU,T5OTLCOB,,,1,2027,,,,,,1.0
VariableCost,NDC,ECU,T5OTLCOB,,,1,2028,,,,,,1.0
VariableCost,NDC,ECU,T5OTLCOB,,,1,2029,,,,,,1.0
VariableCost,NDC,ECU,T5OTLCOB,,,1,2030,,,,,,1.0
VariableCost,NDC,ECU,T5OTLCOB,,,1,2031,,,,,,1.0
VariableCost,NDC,ECU,T5OTLCOB,,,1,2032,,,,,,1.0
VariableCost,NDC,ECU,T5OTLCOB,,,1,2033,,,,,,1.0
VariableCost,NDC,ECU,T5OTLCOB,,,1,2034,,,,,,1.0
VariableCost,NDC,ECU,T5OTLCOB,,,1,2035,,,,,,1.0
VariableCost,NDC,ECU,T5RARBOS,,,1,2010,,,,,,1.0
VariableCost,NDC,ECU,T5RARBOS,,,1,2011,,,,,,1.0
VariableCost,NDC,ECU,T5RARBOS,,,1,2012,,,,,,1.0
VariableCost,NDC,ECU,T5RARBOS,,,1,2013,,,,,,1.0
VariableCost,NDC,ECU,T5RARBOS,,,1,2014,,,,,,1.0
VariableCost,NDC,ECU,T5RARBOS,,,1,2015,,,,,,1.0
VariableCost,NDC,ECU,T5RARBOS,,,1,2016,,,,,,1.0
VariableCost,NDC,ECU,T5RARBOS,,,1,2017,,,,,,1.0
VariableCost,NDC,ECU,T5RARBOS,,,1,2018,,,,,,1.0
VariableCost,NDC,ECU,T5RARBOS,,,1,2019,,,,,,1.0
VariableCost,NDC,ECU,T5RARBOS,,,1,2020,,,,,,1.0
VariableCost,NDC,ECU,T5RARBOS,,,1,2021,,,,,,1.0
VariableCost,NDC,ECU,T5RARBOS,,,1,2022,,,,,,1.0
VariableCost,NDC,ECU,T5RARBOS,,,1,2023,,,,,,1.0
VariableCost,NDC,ECU,T5RARBOS,,,1,2024,,,,,,1.0
VariableCost,NDC,ECU,T5RARBOS,,,1,2025,,,,,,1.0
VariableCost,NDC,ECU,T5RARBOS,,,1,2026,,,,,,1.0
VariableCost,NDC,ECU,T5RARBOS,,,1,2027,,,,,,1.0
VariableCost,NDC,ECU,T5RARBOS,,,1,2028,,,,,,1.0
VariableCost,NDC,ECU,T5RARBOS,,,1,2029,,,,,,1.0
VariableCost,NDC,ECU,T5RARBOS,,,1,2030,,,,,,1.0
VariableCost,NDC,ECU,T5RARBOS,,,1,2031,,,,,,1.0
VariableCost,NDC,ECU,T5RARBOS,,,1,2032,,,,,,1.0
VariableCost,NDC,ECU,T5RARBOS,,,1,2033,,,,,,1.0
VariableCost,NDC,ECU,T5RARBOS,,,1,2034,,,,,,1.0
VariableCost,NDC,ECU,T5RARBOS,,,1,2035,,,,,,1.0
VariableCost,NDC,ECU,T5PLABOS,,,1,2010,,,,,,1.0
VariableCost,NDC,ECU,T5PLABOS,,,1,2011,,,,,,1.0
VariableCost,NDC,ECU,T5PLABOS,,,1,2012,,,,,,1.0
VariableCost,NDC,ECU,T5PLABOS,,,1,2013,,,,,,1.0
VariableCost,NDC,ECU,T5PLABOS,,,1,2014,,,,,,1.0
VariableCost,NDC,ECU,T5PLABOS,,,1,2015,,,,,,1.0
VariableCost,NDC,ECU,T5PLABOS,,,1,2016,,,,,,1.0
VariableCost,NDC,ECU,T5PLABOS,,,1,2017,,,,,,1.0
VariableCost,NDC,ECU,T5PLABOS,,,1,2018,,,,,,1.0
VariableCost,NDC,ECU,T5PLABOS,,,1,2019,,,,,,1.0
VariableCost,NDC,ECU,T5PLABOS,,,1,2020,,,,,,1.0
VariableCost,NDC,ECU,T5PLABOS,,,1,2021,,,,,,1.0
VariableCost,NDC,ECU,T5PLABOS,,,1,2022,,,,,,1.0
VariableCost,NDC,ECU,T5PLABOS,,,1,2023,,,,,,1.0
VariableCost,NDC,ECU,T5PLABOS,,,1,2024,,,,,,1.0
VariableCost,NDC,ECU,T5PLABOS,,,1,2025,,,,,,1.0
VariableCost,NDC,ECU,T5PLABOS,,,1,2026,,,,,,1.0
VariableCost,NDC,ECU,T5PLABOS,,,1,2027,,,,,,1.0
VariableCost,NDC,ECU,T5PLABOS,,,1,2028,,,,,,1.0
VariableCost,NDC,ECU,T5PLABOS,,,1,2029,,,,,,1.0
VariableCost,NDC,ECU,T5PLABOS,,,1,2030,,,,,,1.0
VariableCost,NDC,ECU,T5PLABOS,,,1,2031,,,,,,1.0
VariableCost,NDC,ECU,T5PLABOS,,,1,2032,,,,,,1.0
VariableCost,NDC,ECU,T5PLABOS,,,1,2033,,,,,,1.0
VariableCost,NDC,ECU,T5PLABOS,,,1,2034,,,,,,1.0
VariableCost,NDC,ECU,T5PLABOS,,,1,2035,,,,,,1.0
VariableCost,NDC,ECU,T5NPRAMA,,,1,2010,,,,,,1.0
VariableCost,NDC,ECU,T5NPRAMA,,,1,2011,,,,,,1.0
VariableCost,NDC,ECU,T5NPRAMA,,,1,2012,,,,,,1.0
VariableCost,NDC,ECU,T5NPRAMA,,,1,2013,,,,,,1.0
VariableCost,NDC,ECU,T5NPRAMA,,,1,2014,,,,,,1.0
VariableCost,NDC,ECU,T5NPRAMA,,,1,2015,,,,,,1.0
VariableCost,NDC,ECU,T5NPRAMA,,,1,2016,,,,,,1.0
VariableCost,NDC,ECU,T5NPRAMA,,,1,2017,,,,,,1.0
VariableCost,NDC,ECU,T5NPRAMA,,,1,2018,,,,,,1.0
VariableCost,NDC,ECU,T5NPRAMA,,,1,2019,,,,,,1.0
VariableCost,NDC,ECU,T5NPRAMA,,,1,2020,,,,,,1.0
VariableCost,NDC,ECU,T5NPRAMA,,,1,2021,,,,,,1.0
VariableCost,NDC,ECU,T5NPRAMA,,,1,2022,,,,,,1.0
VariableCost,NDC,ECU,T5NPRAMA,,,1,2023,,,,,,1.0
VariableCost,NDC,ECU,T5NPRAMA,,,1,2024,,,,,,1.0
VariableCost,NDC,ECU,T5NPRAMA,,,1,2025,,,,,,1.0
VariableCost,NDC,ECU,T5NPRAMA,,,1,2026,,,,,,1.0
VariableCost,NDC,ECU,T5NPRAMA,,,1,2027,,,,,,1.0
VariableCost,NDC,ECU,T5NPRAMA,,,1,2028,,,,,,1.0
VariableCost,NDC,ECU,T5NPRAMA,,,1,2029,,,,,,1.0
VariableCost,NDC,ECU,T5NPRAMA,,,1,2030,,,,,,1.0
VariableCost,NDC,ECU,T5NPRAMA,,,1,2031,,,,,,1.0
VariableCost,NDC,ECU,T5NPRAMA,,,1,2032,,,,,,1.0
VariableCost,NDC,ECU,T5NPRAMA,,,1,2033,,,,,,1.0
VariableCost,NDC,ECU,T5NPRAMA,,,1,2034,,,,,,1.0
VariableCost,NDC,ECU,T5NPRAMA,,,1,2035,,,,,,1.0
VariableCost,NDC,ECU,T5NPRAND,,,1,2010,,,,,,1.0
VariableCost,NDC,ECU,T5NPRAND,,,1,2011,,,,,,1.0
VariableCost,NDC,ECU,T5NPRAND,,,1,2012,,,,,,1.0
VariableCost,NDC,ECU,T5NPRAND,,,1,2013,,,,,,1.0
VariableCost,NDC,ECU,T5NPRAND,,,1,2014,,,,,,1.0
VariableCost,NDC,ECU,T5NPRAND,,,1,2015,,,,,,1.0
VariableCost,NDC,ECU,T5NPRAND,,,1,2016,,,,,,1.0
VariableCost,NDC,ECU,T5NPRAND,,,1,2017,,,,,,1.0
VariableCost,NDC,ECU,T5NPRAND,,,1,2018,,,,,,1.0
VariableCost,NDC,ECU,T5NPRAND,,,1,2019,,,,,,1.0
VariableCost,NDC,ECU,T5NPRAND,,,1,2020,,,,,,1.0
VariableCost,NDC,ECU,T5NPRAND,,,1,2021,,,,,,1.0
VariableCost,NDC,ECU,T5NPRAND,,,1,2022,,,,,,1.0
VariableCost,NDC,ECU,T5NPRAND,,,1,2023,,,,,,1.0
VariableCost,NDC,ECU,T5NPRAND,,,1,2024,,,,,,1.0
VariableCost,NDC,ECU,T5NPRAND,,,1,2025,,,,,,1.0
VariableCost,NDC,ECU,T5NPRAND,,,1,2026,,,,,,1.0
VariableCost,NDC,ECU,T5NPRAND,,,1,2027,,,,,,1.0
VariableCost,NDC,ECU,T5NPRAND,,,1,2028,,,,,,1.0
VariableCost,NDC,ECU,T5NPRAND,,,1,2029,,,,,,1.0
VariableCost,NDC,ECU,T5NPRAND,,,1,2030,,,,,,1.0
VariableCost,NDC,ECU,T5NPRAND,,,1,2031,,,,,,1.0
VariableCost,NDC,ECU,T5NPRAND,,,1,2032,,,,,,1.0
VariableCost,NDC,ECU,T5NPRAND,,,1,2033,,,,,,1.0
VariableCost,NDC,ECU,T5NPRAND,,,1,2034,,,,,,1.0
VariableCost,NDC,ECU,T5NPRAND,,,1,2035,,,,,,1.0
VariableCost,NDC,ECU,T5NPRCEJ,,,1,2010,,,,,,1.0
VariableCost,NDC,ECU,T5NPRCEJ,,,1,2011,,,,,,1.0
VariableCost,NDC,ECU,T5NPRCEJ,,,1,2012,,,,,,1.0
VariableCost,NDC,ECU,T5NPRCEJ,,,1,2013,,,,,,1.0
VariableCost,NDC,ECU,T5NPRCEJ,,,1,2014,,,,,,1.0
VariableCost,NDC,ECU,T5NPRCEJ,,,1,2015,,,,,,1.0
VariableCost,NDC,ECU,T5NPRCEJ,,,1,2016,,,,,,1.0
VariableCost,NDC,ECU,T5NPRCEJ,,,1,2017,,,,,,1.0
VariableCost,NDC,ECU,T5NPRCEJ,,,1,2018,,,,,,1.0
VariableCost,NDC,ECU,T5NPRCEJ,,,1,2019,,,,,,1.0
VariableCost,NDC,ECU,T5NPRCEJ,,,1,2020,,,,,,1.0
VariableCost,NDC,ECU,T5NPRCEJ,,,1,2021,,,,,,1.0
VariableCost,NDC,ECU,T5NPRCEJ,,,1,2022,,,,,,1.0
VariableCost,NDC,ECU,T5NPRCEJ,,,1,2023,,,,,,1.0
VariableCost,NDC,ECU,T5NPRCEJ,,,1,2024,,,,,,1.0
VariableCost,NDC,ECU,T5NPRCEJ,,,1,2025,,,,,,1.0
VariableCost,NDC,ECU,T5NPRCEJ,,,1,2026,,,,,,1.0
VariableCost,NDC,ECU,T5NPRCEJ,,,1,2027,,,,,,1.0
VariableCost,NDC,ECU,T5NPRCEJ,,,1,2028,,,,,,1.0
VariableCost,NDC,ECU,T5NPRCEJ,,,1,2029,,,,,,1.0
VariableCost,NDC,ECU,T5NPRCEJ,,,1,2030,,,,,,1.0
VariableCost,NDC,ECU,T5NPRCEJ,,,1,2031,,,,,,1.0
VariableCost,NDC,ECU,T5NPRCEJ,,,1,2032,,,,,,1.0
VariableCost,NDC,ECU,T5NPRCEJ,,,1,2033,,,,,,1.0
VariableCost,NDC,ECU,T5NPRCEJ,,,1,2034,,,,,,1.0
VariableCost,NDC,ECU,T5NPRCEJ,,,1,2035,,,,,,1.0
VariableCost,NDC,ECU,T5NPRCHO,,,1,2010,,,,,,1.0
VariableCost,NDC,ECU,T5NPRCHO,,,1,2011,,,,,,1.0
VariableCost,NDC,ECU,T5NPRCHO,,,1,2012,,,,,,1.0
VariableCost,NDC,ECU,T5NPRCHO,,,1,2013,,,,,,1.0
VariableCost,NDC,ECU,T5NPRCHO,,,1,2014,,,,,,1.0
VariableCost,NDC,ECU,T5NPRCHO,,,1,2015,,,,,,1.0
VariableCost,NDC,ECU,T5NPRCHO,,,1,2016,,,,,,1.0
VariableCost,NDC,ECU,T5NPRCHO,,,1,2017,,,,,,1.0
VariableCost,NDC,ECU,T5NPRCHO,,,1,2018,,,,,,1.0
VariableCost,NDC,ECU,T5NPRCHO,,,1,2019,,,,,,1.0
VariableCost,NDC,ECU,T5NPRCHO,,,1,2020,,,,,,1.0
VariableCost,NDC,ECU,T5NPRCHO,,,1,2021,,,,,,1.0
VariableCost,NDC,ECU,T5NPRCHO,,,1,2022,,,,,,1.0
VariableCost,NDC,ECU,T5NPRCHO,,,1,2023,,,,,,1.0
VariableCost,NDC,ECU,T5NPRCHO,,,1,2024,,,,,,1.0
VariableCost,NDC,ECU,T5NPRCHO,,,1,2025,,,,,,1.0
VariableCost,NDC,ECU,T5NPRCHO,,,1,2026,,,,,,1.0
VariableCost,NDC,ECU,T5NPRCHO,,,1,2027,,,,,,1.0
VariableCost,NDC,ECU,T5NPRCHO,,,1,2028,,,,,,1.0
VariableCost,NDC,ECU,T5NPRCHO,,,1,2029,,,,,,1.0
VariableCost,NDC,ECU,T5NPRCHO,,,1,2030,,,,,,1.0
VariableCost,NDC,ECU,T5NPRCHO,,,1,2031,,,,,,1.0
VariableCost,NDC,ECU,T5NPRCHO,,,1,2032,,,,,,1.0
VariableCost,NDC,ECU,T5NPRCHO,,,1,2033,,,,,,1.0
VariableCost,NDC,ECU,T5NPRCHO,,,1,2034,,,,,,1.0
VariableCost,NDC,ECU,T5NPRCHO,,,1,2035,,,,,,1.0
VariableCost,NDC,ECU,T5NPRMAN,,,1,2010,,,,,,1.0
VariableCost,NDC,ECU,T5NPRMAN,,,1,2011,,,,,,1.0
VariableCost,NDC,ECU,T5NPRMAN,,,1,2012,,,,,,1.0
VariableCost,NDC,ECU,T5NPRMAN,,,1,2013,,,,,,1.0
VariableCost,NDC,ECU,T5NPRMAN,,,1,2014,,,,,,1.0
VariableCost,NDC,ECU,T5NPRMAN,,,1,2015,,,,,,1.0
VariableCost,NDC,ECU,T5NPRMAN,,,1,2016,,,,,,1.0
VariableCost,NDC,ECU,T5NPRMAN,,,1,2017,,,,,,1.0
VariableCost,NDC,ECU,T5NPRMAN,,,1,2018,,,,,,1.0
VariableCost,NDC,ECU,T5NPRMAN,,,1,2019,,,,,,1.0
VariableCost,NDC,ECU,T5NPRMAN,,,1,2020,,,,,,1.0
VariableCost,NDC,ECU,T5NPRMAN,,,1,2021,,,,,,1.0
VariableCost,NDC,ECU,T5NPRMAN,,,1,2022,,,,,,1.0
VariableCost,NDC,ECU,T5NPRMAN,,,1,2023,,,,,,1.0
VariableCost,NDC,ECU,T5NPRMAN,,,1,2024,,,,,,1.0
VariableCost,NDC,ECU,T5NPRMAN,,,1,2025,,,,,,1.0
VariableCost,NDC,ECU,T5NPRMAN,,,1,2026,,,,,,1.0
VariableCost,NDC,ECU,T5NPRMAN,,,1,2027,,,,,,1.0
VariableCost,NDC,ECU,T5NPRMAN,,,1,2028,,,,,,1.0
VariableCost,NDC,ECU,T5NPRMAN,,,1,2029,,,,,,1.0
VariableCost,NDC,ECU,T5NPRMAN,,,1,2030,,,,,,1.0
VariableCost,NDC,ECU,T5NPRMAN,,,1,2031,,,,,,1.0
VariableCost,NDC,ECU,T5NPRMAN,,,1,2032,,,,,,1.0
VariableCost,NDC,ECU,T5NPRMAN,,,1,2033,,,,,,1.0
VariableCost,NDC,ECU,T5NPRMAN,,,1,2034,,,,,,1.0
VariableCost,NDC,ECU,T5NPRMAN,,,1,2035,,,,,,1.0
VariableCost,NDC,ECU,T5NPRMON,,,1,2010,,,,,,1.0
VariableCost,NDC,ECU,T5NPRMON,,,1,2011,,,,,,1.0
VariableCost,NDC,ECU,T5NPRMON,,,1,2012,,,,,,1.0
VariableCost,NDC,ECU,T5NPRMON,,,1,2013,,,,,,1.0
VariableCost,NDC,ECU,T5NPRMON,,,1,2014,,,,,,1.0
VariableCost,NDC,ECU,T5NPRMON,,,1,2015,,,,,,1.0
VariableCost,NDC,ECU,T5NPRMON,,,1,2016,,,,,,1.0
VariableCost,NDC,ECU,T5NPRMON,,,1,2017,,,,,,1.0
VariableCost,NDC,ECU,T5NPRMON,,,1,2018,,,,,,1.0
VariableCost,NDC,ECU,T5NPRMON,,,1,2019,,,,,,1.0
VariableCost,NDC,ECU,T5NPRMON,,,1,2020,,,,,,1.0
VariableCost,NDC,ECU,T5NPRMON,,,1,2021,,,,,,1.0
VariableCost,NDC,ECU,T5NPRMON,,,1,2022,,,,,,1.0
VariableCost,NDC,ECU,T5NPRMON,,,1,2023,,,,,,1.0
VariableCost,NDC,ECU,T5NPRMON,,,1,2024,,,,,,1.0
VariableCost,NDC,ECU,T5NPRMON,,,1,2025,,,,,,1.0
VariableCost,NDC,ECU,T5NPRMON,,,1,2026,,,,,,1.0
VariableCost,NDC,ECU,T5NPRMON,,,1,2027,,,,,,1.0
VariableCost,NDC,ECU,T5NPRMON,,,1,2028,,,,,,1.0
VariableCost,NDC,ECU,T5NPRMON,,,1,2029,,,,,,1.0
VariableCost,NDC,ECU,T5NPRMON,,,1,2030,,,,,,1.0
VariableCost,NDC,ECU,T5NPRMON,,,1,2031,,,,,,1.0
VariableCost,NDC,ECU,T5NPRMON,,,1,2032,,,,,,1.0
VariableCost,NDC,ECU,T5NPRMON,,,1,2033,,,,,,1.0
VariableCost,NDC,ECU,T5NPRMON,,,1,2034,,,,,,1.0
VariableCost,NDC,ECU,T5NPRMON,,,1,2035,,,,,,1.0
VariableCost,NDC,ECU,T5NPRMOR,,,1,2010,,,,,,1.0
VariableCost,NDC,ECU,T5NPRMOR,,,1,2011,,,,,,1.0
VariableCost,NDC,ECU,T5NPRMOR,,,1,2012,,,,,,1.0
VariableCost,NDC,ECU,T5NPRMOR,,,1,2013,,,,,,1.0
VariableCost,NDC,ECU,T5NPRMOR,,,1,2014,,,,,,1.0
VariableCost,NDC,ECU,T5NPRMOR,,,1,2015,,,,,,1.0
VariableCost,NDC,ECU,T5NPRMOR,,,1,2016,,,,,,1.0
VariableCost,NDC,ECU,T5NPRMOR,,,1,2017,,,,,,1.0
VariableCost,NDC,ECU,T5NPRMOR,,,1,2018,,,,,,1.0
VariableCost,NDC,ECU,T5NPRMOR,,,1,2019,,,,,,1.0
VariableCost,NDC,ECU,T5NPRMOR,,,1,2020,,,,,,1.0
VariableCost,NDC,ECU,T5NPRMOR,,,1,2021,,,,,,1.0
VariableCost,NDC,ECU,T5NPRMOR,,,1,2022,,,,,,1.0
VariableCost,NDC,ECU,T5NPRMOR,,,1,2023,,,,,,1.0
VariableCost,NDC,ECU,T5NPRMOR,,,1,2024,,,,,,1.0
VariableCost,NDC,ECU,T5NPRMOR,,,1,2025,,,,,,1.0
VariableCost,NDC,ECU,T5NPRMOR,,,1,2026,,,,,,1.0
VariableCost,NDC,ECU,T5NPRMOR,,,1,2027,,,,,,1.0
VariableCost,NDC,ECU,T5NPRMOR,,,1,2028,,,,,,1.0
VariableCost,NDC,ECU,T5NPRMOR,,,1,2029,,,,,,1.0
VariableCost,NDC,ECU,T5NPRMOR,,,1,2030,,,,,,1.0
VariableCost,NDC,ECU,T5NPRMOR,,,1,2031,,,,,,1.0
VariableCost,NDC,ECU,T5NPRMOR,,,1,2032,,,,,,1.0
VariableCost,NDC,ECU,T5NPRMOR,,,1,2033,,,,,,1.0
VariableCost,NDC,ECU,T5NPRMOR,,,1,2034,,,,,,1.0
VariableCost,NDC,ECU,T5NPRMOR,,,1,2035,,,,,,1.0
VariableCost,NDC,ECU,T5NPRPIE,,,1,2010,,,,,,1.0
VariableCost,NDC,ECU,T5NPRPIE,,,1,2011,,,,,,1.0
VariableCost,NDC,ECU,T5NPRPIE,,,1,2012,,,,,,1.0
VariableCost,NDC,ECU,T5NPRPIE,,,1,2013,,,,,,1.0
VariableCost,NDC,ECU,T5NPRPIE,,,1,2014,,,,,,1.0
VariableCost,NDC,ECU,T5NPRPIE,,,1,2015,,,,,,1.0
VariableCost,NDC,ECU,T5NPRPIE,,,1,2016,,,,,,1.0
VariableCost,NDC,ECU,T5NPRPIE,,,1,2017,,,,,,1.0
VariableCost,NDC,ECU,T5NPRPIE,,,1,2018,,,,,,1.0
VariableCost,NDC,ECU,T5NPRPIE,,,1,2019,,,,,,1.0
VariableCost,NDC,ECU,T5NPRPIE,,,1,2020,,,,,,1.0
VariableCost,NDC,ECU,T5NPRPIE,,,1,2021,,,,,,1.0
VariableCost,NDC,ECU,T5NPRPIE,,,1,2022,,,,,,1.0
VariableCost,NDC,ECU,T5NPRPIE,,,1,2023,,,,,,1.0
VariableCost,NDC,ECU,T5NPRPIE,,,1,2024,,,,,,1.0
VariableCost,NDC,ECU,T5NPRPIE,,,1,2025,,,,,,1.0
VariableCost,NDC,ECU,T5NPRPIE,,,1,2026,,,,,,1.0
VariableCost,NDC,ECU,T5NPRPIE,,,1,2027,,,,,,1.0
VariableCost,NDC,ECU,T5NPRPIE,,,1,2028,,,,,,1.0
VariableCost,NDC,ECU,T5NPRPIE,,,1,2029,,,,,,1.0
VariableCost,NDC,ECU,T5NPRPIE,,,1,2030,,,,,,1.0
VariableCost,NDC,ECU,T5NPRPIE,,,1,2031,,,,,,1.0
VariableCost,NDC,ECU,T5NPRPIE,,,1,2032,,,,,,1.0
VariableCost,NDC,ECU,T5NPRPIE,,,1,2033,,,,,,1.0
VariableCost,NDC,ECU,T5NPRPIE,,,1,2034,,,,,,1.0
VariableCost,NDC,ECU,T5NPRPIE,,,1,2035,,,,,,1.0
VariableCost,NDC,ECU,T5NPRPLU,,,1,2010,,,,,,1.0
VariableCost,NDC,ECU,T5NPRPLU,,,1,2011,,,,,,1.0
VariableCost,NDC,ECU,T5NPRPLU,,,1,2012,,,,,,1.0
VariableCost,NDC,ECU,T5NPRPLU,,,1,2013,,,,,,1.0
VariableCost,NDC,ECU,T5NPRPLU,,,1,2014,,,,,,1.0
VariableCost,NDC,ECU,T5NPRPLU,,,1,2015,,,,,,1.0
VariableCost,NDC,ECU,T5NPRPLU,,,1,2016,,,,,,1.0
VariableCost,NDC,ECU,T5NPRPLU,,,1,2017,,,,,,1.0
VariableCost,NDC,ECU,T5NPRPLU,,,1,2018,,,,,,1.0
VariableCost,NDC,ECU,T5NPRPLU,,,1,2019,,,,,,1.0
VariableCost,NDC,ECU,T5NPRPLU,,,1,2020,,,,,,1.0
VariableCost,NDC,ECU,T5NPRPLU,,,1,2021,,,,,,1.0
VariableCost,NDC,ECU,T5NPRPLU,,,1,2022,,,,,,1.0
VariableCost,NDC,ECU,T5NPRPLU,,,1,2023,,,,,,1.0
VariableCost,NDC,ECU,T5NPRPLU,,,1,2024,,,,,,1.0
VariableCost,NDC,ECU,T5NPRPLU,,,1,2025,,,,,,1.0
VariableCost,NDC,ECU,T5NPRPLU,,,1,2026,,,,,,1.0
VariableCost,NDC,ECU,T5NPRPLU,,,1,2027,,,,,,1.0
VariableCost,NDC,ECU,T5NPRPLU,,,1,2028,,,,,,1.0
VariableCost,NDC,ECU,T5NPRPLU,,,1,2029,,,,,,1.0
VariableCost,NDC,ECU,T5NPRPLU,,,1,2030,,,,,,1.0
VariableCost,NDC,ECU,T5NPRPLU,,,1,2031,,,,,,1.0
VariableCost,NDC,ECU,T5NPRPLU,,,1,2032,,,,,,1.0
VariableCost,NDC,ECU,T5NPRPLU,,,1,2033,,,,,,1.0
VariableCost,NDC,ECU,T5NPRPLU,,,1,2034,,,,,,1.0
VariableCost,NDC,ECU,T5NPRPLU,,,1,2035,,,,,,1.0
VariableCost,NDC,ECU,T5NUNAMA,,,1,2010,,,,,,1.0
VariableCost,NDC,ECU,T5NUNAMA,,,1,2011,,,,,,1.0
VariableCost,NDC,ECU,T5NUNAMA,,,1,2012,,,,,,1.0
VariableCost,NDC,ECU,T5NUNAMA,,,1,2013,,,,,,1.0
VariableCost,NDC,ECU,T5NUNAMA,,,1,2014,,,,,,1.0
VariableCost,NDC,ECU,T5NUNAMA,,,1,2015,,,,,,1.0
VariableCost,NDC,ECU,T5NUNAMA,,,1,2016,,,,,,1.0
VariableCost,NDC,ECU,T5NUNAMA,,,1,2017,,,,,,1.0
VariableCost,NDC,ECU,T5NUNAMA,,,1,2018,,,,,,1.0
VariableCost,NDC,ECU,T5NUNAMA,,,1,2019,,,,,,1.0
VariableCost,NDC,ECU,T5NUNAMA,,,1,2020,,,,,,1.0
VariableCost,NDC,ECU,T5NUNAMA,,,1,2021,,,,,,1.0
VariableCost,NDC,ECU,T5NUNAMA,,,1,2022,,,,,,1.0
VariableCost,NDC,ECU,T5NUNAMA,,,1,2023,,,,,,1.0
VariableCost,NDC,ECU,T5NUNAMA,,,1,2024,,,,,,1.0
VariableCost,NDC,ECU,T5NUNAMA,,,1,2025,,,,,,1.0
VariableCost,NDC,ECU,T5NUNAMA,,,1,2026,,,,,,1.0
VariableCost,NDC,ECU,T5NUNAMA,,,1,2027,,,,,,1.0
VariableCost,NDC,ECU,T5NUNAMA,,,1,2028,,,,,,1.0
VariableCost,NDC,ECU,T5NUNAMA,,,1,2029,,,,,,1.0
VariableCost,NDC,ECU,T5NUNAMA,,,1,2030,,,,,,1.0
VariableCost,NDC,ECU,T5NUNAMA,,,1,2031,,,,,,1.0
VariableCost,NDC,ECU,T5NUNAMA,,,1,2032,,,,,,1.0
VariableCost,NDC,ECU,T5NUNAMA,,,1,2033,,,,,,1.0
VariableCost,NDC,ECU,T5NUNAMA,,,1,2034,,,,,,1.0
VariableCost,NDC,ECU,T5NUNAMA,,,1,2035,,,,,,1.0
VariableCost,NDC,ECU,T5NUNAND,,,1,2010,,,,,,1.0
VariableCost,NDC,ECU,T5NUNAND,,,1,2011,,,,,,1.0
VariableCost,NDC,ECU,T5NUNAND,,,1,2012,,,,,,1.0
VariableCost,NDC,ECU,T5NUNAND,,,1,2013,,,,,,1.0
VariableCost,NDC,ECU,T5NUNAND,,,1,2014,,,,,,1.0
VariableCost,NDC,ECU,T5NUNAND,,,1,2015,,,,,,1.0
VariableCost,NDC,ECU,T5NUNAND,,,1,2016,,,,,,1.0
VariableCost,NDC,ECU,T5NUNAND,,,1,2017,,,,,,1.0
VariableCost,NDC,ECU,T5NUNAND,,,1,2018,,,,,,1.0
VariableCost,NDC,ECU,T5NUNAND,,,1,2019,,,,,,1.0
VariableCost,NDC,ECU,T5NUNAND,,,1,2020,,,,,,1.0
VariableCost,NDC,ECU,T5NUNAND,,,1,2021,,,,,,1.0
VariableCost,NDC,ECU,T5NUNAND,,,1,2022,,,,,,1.0
VariableCost,NDC,ECU,T5NUNAND,,,1,2023,,,,,,1.0
VariableCost,NDC,ECU,T5NUNAND,,,1,2024,,,,,,1.0
VariableCost,NDC,ECU,T5NUNAND,,,1,2025,,,,,,1.0
VariableCost,NDC,ECU,T5NUNAND,,,1,2026,,,,,,1.0
VariableCost,NDC,ECU,T5NUNAND,,,1,2027,,,,,,1.0
VariableCost,NDC,ECU,T5NUNAND,,,1,2028,,,,,,1.0
VariableCost,NDC,ECU,T5NUNAND,,,1,2029,,,,,,1.0
VariableCost,NDC,ECU,T5NUNAND,,,1,2030,,,,,,1.0
VariableCost,NDC,ECU,T5NUNAND,,,1,2031,,,,,,1.0
VariableCost,NDC,ECU,T5NUNAND,,,1,2032,,,,,,1.0
VariableCost,NDC,ECU,T5NUNAND,,,1,2033,,,,,,1.0
VariableCost,NDC,ECU,T5NUNAND,,,1,2034,,,,,,1.0
VariableCost,NDC,ECU,T5NUNAND,,,1,2035,,,,,,1.0
VariableCost,NDC,ECU,T5NUNCEJ,,,1,2010,,,,,,1.0
VariableCost,NDC,ECU,T5NUNCEJ,,,1,2011,,,,,,1.0
VariableCost,NDC,ECU,T5NUNCEJ,,,1,2012,,,,,,1.0
VariableCost,NDC,ECU,T5NUNCEJ,,,1,2013,,,,,,1.0
VariableCost,NDC,ECU,T5NUNCEJ,,,1,2014,,,,,,1.0
VariableCost,NDC,ECU,T5NUNCEJ,,,1,2015,,,,,,1.0
VariableCost,NDC,ECU,T5NUNCEJ,,,1,2016,,,,,,1.0
VariableCost,NDC,ECU,T5NUNCEJ,,,1,2017,,,,,,1.0
VariableCost,NDC,ECU,T5NUNCEJ,,,1,2018,,,,,,1.0
VariableCost,NDC,ECU,T5NUNCEJ,,,1,2019,,,,,,1.0
VariableCost,NDC,ECU,T5NUNCEJ,,,1,2020,,,,,,1.0
VariableCost,NDC,ECU,T5NUNCEJ,,,1,2021,,,,,,1.0
VariableCost,NDC,ECU,T5NUNCEJ,,,1,2022,,,,,,1.0
VariableCost,NDC,ECU,T5NUNCEJ,,,1,2023,,,,,,1.0
VariableCost,NDC,ECU,T5NUNCEJ,,,1,2024,,,,,,1.0
VariableCost,NDC,ECU,T5NUNCEJ,,,1,2025,,,,,,1.0
VariableCost,NDC,ECU,T5NUNCEJ,,,1,2026,,,,,,1.0
VariableCost,NDC,ECU,T5NUNCEJ,,,1,2027,,,,,,1.0
VariableCost,NDC,ECU,T5NUNCEJ,,,1,2028,,,,,,1.0
VariableCost,NDC,ECU,T5NUNCEJ,,,1,2029,,,,,,1.0
VariableCost,NDC,ECU,T5NUNCEJ,,,1,2030,,,,,,1.0
VariableCost,NDC,ECU,T5NUNCEJ,,,1,2031,,,,,,1.0
VariableCost,NDC,ECU,T5NUNCEJ,,,1,2032,,,,,,1.0
VariableCost,NDC,ECU,T5NUNCEJ,,,1,2033,,,,,,1.0
VariableCost,NDC,ECU,T5NUNCEJ,,,1,2034,,,,,,1.0
VariableCost,NDC,ECU,T5NUNCEJ,,,1,2035,,,,,,1.0
VariableCost,NDC,ECU,T5NUNCHO,,,1,2010,,,,,,1.0
VariableCost,NDC,ECU,T5NUNCHO,,,1,2011,,,,,,1.0
VariableCost,NDC,ECU,T5NUNCHO,,,1,2012,,,,,,1.0
VariableCost,NDC,ECU,T5NUNCHO,,,1,2013,,,,,,1.0
VariableCost,NDC,ECU,T5NUNCHO,,,1,2014,,,,,,1.0
VariableCost,NDC,ECU,T5NUNCHO,,,1,2015,,,,,,1.0
VariableCost,NDC,ECU,T5NUNCHO,,,1,2016,,,,,,1.0
VariableCost,NDC,ECU,T5NUNCHO,,,1,2017,,,,,,1.0
VariableCost,NDC,ECU,T5NUNCHO,,,1,2018,,,,,,1.0
VariableCost,NDC,ECU,T5NUNCHO,,,1,2019,,,,,,1.0
VariableCost,NDC,ECU,T5NUNCHO,,,1,2020,,,,,,1.0
VariableCost,NDC,ECU,T5NUNCHO,,,1,2021,,,,,,1.0
VariableCost,NDC,ECU,T5NUNCHO,,,1,2022,,,,,,1.0
VariableCost,NDC,ECU,T5NUNCHO,,,1,2023,,,,,,1.0
VariableCost,NDC,ECU,T5NUNCHO,,,1,2024,,,,,,1.0
VariableCost,NDC,ECU,T5NUNCHO,,,1,2025,,,,,,1.0
VariableCost,NDC,ECU,T5NUNCHO,,,1,2026,,,,,,1.0
VariableCost,NDC,ECU,T5NUNCHO,,,1,2027,,,,,,1.0
VariableCost,NDC,ECU,T5NUNCHO,,,1,2028,,,,,,1.0
VariableCost,NDC,ECU,T5NUNCHO,,,1,2029,,,,,,1.0
VariableCost,NDC,ECU,T5NUNCHO,,,1,2030,,,,,,1.0
VariableCost,NDC,ECU,T5NUNCHO,,,1,2031,,,,,,1.0
VariableCost,NDC,ECU,T5NUNCHO,,,1,2032,,,,,,1.0
VariableCost,NDC,ECU,T5NUNCHO,,,1,2033,,,,,,1.0
VariableCost,NDC,ECU,T5NUNCHO,,,1,2034,,,,,,1.0
VariableCost,NDC,ECU,T5NUNCHO,,,1,2035,,,,,,1.0
VariableCost,NDC,ECU,T5NUNMAN,,,1,2010,,,,,,1.0
VariableCost,NDC,ECU,T5NUNMAN,,,1,2011,,,,,,1.0
VariableCost,NDC,ECU,T5NUNMAN,,,1,2012,,,,,,1.0
VariableCost,NDC,ECU,T5NUNMAN,,,1,2013,,,,,,1.0
VariableCost,NDC,ECU,T5NUNMAN,,,1,2014,,,,,,1.0
VariableCost,NDC,ECU,T5NUNMAN,,,1,2015,,,,,,1.0
VariableCost,NDC,ECU,T5NUNMAN,,,1,2016,,,,,,1.0
VariableCost,NDC,ECU,T5NUNMAN,,,1,2017,,,,,,1.0
VariableCost,NDC,ECU,T5NUNMAN,,,1,2018,,,,,,1.0
VariableCost,NDC,ECU,T5NUNMAN,,,1,2019,,,,,,1.0
VariableCost,NDC,ECU,T5NUNMAN,,,1,2020,,,,,,1.0
VariableCost,NDC,ECU,T5NUNMAN,,,1,2021,,,,,,1.0
VariableCost,NDC,ECU,T5NUNMAN,,,1,2022,,,,,,1.0
VariableCost,NDC,ECU,T5NUNMAN,,,1,2023,,,,,,1.0
VariableCost,NDC,ECU,T5NUNMAN,,,1,2024,,,,,,1.0
VariableCost,NDC,ECU,T5NUNMAN,,,1,2025,,,,,,1.0
VariableCost,NDC,ECU,T5NUNMAN,,,1,2026,,,,,,1.0
VariableCost,NDC,ECU,T5NUNMAN,,,1,2027,,,,,,1.0
VariableCost,NDC,ECU,T5NUNMAN,,,1,2028,,,,,,1.0
VariableCost,NDC,ECU,T5NUNMAN,,,1,2029,,,,,,1.0
VariableCost,NDC,ECU,T5NUNMAN,,,1,2030,,,,,,1.0
VariableCost,NDC,ECU,T5NUNMAN,,,1,2031,,,,,,1.0
VariableCost,NDC,ECU,T5NUNMAN,,,1,2032,,,,,,1.0
VariableCost,NDC,ECU,T5NUNMAN,,,1,2033,,,,,,1.0
VariableCost,NDC,ECU,T5NUNMAN,,,1,2034,,,,,,1.0
VariableCost,NDC,ECU,T5NUNMAN,,,1,2035,,,,,,1.0
VariableCost,NDC,ECU,T5NUNMON,,,1,2010,,,,,,1.0
VariableCost,NDC,ECU,T5NUNMON,,,1,2011,,,,,,1.0
VariableCost,NDC,ECU,T5NUNMON,,,1,2012,,,,,,1.0
VariableCost,NDC,ECU,T5NUNMON,,,1,2013,,,,,,1.0
VariableCost,NDC,ECU,T5NUNMON,,,1,2014,,,,,,1.0
VariableCost,NDC,ECU,T5NUNMON,,,1,2015,,,,,,1.0
VariableCost,NDC,ECU,T5NUNMON,,,1,2016,,,,,,1.0
VariableCost,NDC,ECU,T5NUNMON,,,1,2017,,,,,,1.0
VariableCost,NDC,ECU,T5NUNMON,,,1,2018,,,,,,1.0
VariableCost,NDC,ECU,T5NUNMON,,,1,2019,,,,,,1.0
VariableCost,NDC,ECU,T5NUNMON,,,1,2020,,,,,,1.0
VariableCost,NDC,ECU,T5NUNMON,,,1,2021,,,,,,1.0
VariableCost,NDC,ECU,T5NUNMON,,,1,2022,,,,,,1.0
VariableCost,NDC,ECU,T5NUNMON,,,1,2023,,,,,,1.0
VariableCost,NDC,ECU,T5NUNMON,,,1,2024,,,,,,1.0
VariableCost,NDC,ECU,T5NUNMON,,,1,2025,,,,,,1.0
VariableCost,NDC,ECU,T5NUNMON,,,1,2026,,,,,,1.0
VariableCost,NDC,ECU,T5NUNMON,,,1,2027,,,,,,1.0
VariableCost,NDC,ECU,T5NUNMON,,,1,2028,,,,,,1.0
VariableCost,NDC,ECU,T5NUNMON,,,1,2029,,,,,,1.0
VariableCost,NDC,ECU,T5NUNMON,,,1,2030,,,,,,1.0
VariableCost,NDC,ECU,T5NUNMON,,,1,2031,,,,,,1.0
VariableCost,NDC,ECU,T5NUNMON,,,1,2032,,,,,,1.0
VariableCost,NDC,ECU,T5NUNMON,,,1,2033,,,,,,1.0
VariableCost,NDC,ECU,T5NUNMON,,,1,2034,,,,,,1.0
VariableCost,NDC,ECU,T5NUNMON,,,1,2035,,,,,,1.0
VariableCost,NDC,ECU,T5NUNMOR,,,1,2010,,,,,,1.0
VariableCost,NDC,ECU,T5NUNMOR,,,1,2011,,,,,,1.0
VariableCost,NDC,ECU,T5NUNMOR,,,1,2012,,,,,,1.0
VariableCost,NDC,ECU,T5NUNMOR,,,1,2013,,,,,,1.0
VariableCost,NDC,ECU,T5NUNMOR,,,1,2014,,,,,,1.0
VariableCost,NDC,ECU,T5NUNMOR,,,1,2015,,,,,,1.0
VariableCost,NDC,ECU,T5NUNMOR,,,1,2016,,,,,,1.0
VariableCost,NDC,ECU,T5NUNMOR,,,1,2017,,,,,,1.0
VariableCost,NDC,ECU,T5NUNMOR,,,1,2018,,,,,,1.0
VariableCost,NDC,ECU,T5NUNMOR,,,1,2019,,,,,,1.0
VariableCost,NDC,ECU,T5NUNMOR,,,1,2020,,,,,,1.0
VariableCost,NDC,ECU,T5NUNMOR,,,1,2021,,,,,,1.0
VariableCost,NDC,ECU,T5NUNMOR,,,1,2022,,,,,,1.0
VariableCost,NDC,ECU,T5NUNMOR,,,1,2023,,,,,,1.0
VariableCost,NDC,ECU,T5NUNMOR,,,1,2024,,,,,,1.0
VariableCost,NDC,ECU,T5NUNMOR,,,1,2025,,,,,,1.0
VariableCost,NDC,ECU,T5NUNMOR,,,1,2026,,,,,,1.0
VariableCost,NDC,ECU,T5NUNMOR,,,1,2027,,,,,,1.0
VariableCost,NDC,ECU,T5NUNMOR,,,1,2028,,,,,,1.0
VariableCost,NDC,ECU,T5NUNMOR,,,1,2029,,,,,,1.0
VariableCost,NDC,ECU,T5NUNMOR,,,1,2030,,,,,,1.0
VariableCost,NDC,ECU,T5NUNMOR,,,1,2031,,,,,,1.0
VariableCost,NDC,ECU,T5NUNMOR,,,1,2032,,,,,,1.0
VariableCost,NDC,ECU,T5NUNMOR,,,1,2033,,,,,,1.0
VariableCost,NDC,ECU,T5NUNMOR,,,1,2034,,,,,,1.0
VariableCost,NDC,ECU,T5NUNMOR,,,1,2035,,,,,,1.0
VariableCost,NDC,ECU,T5NUNPIE,,,1,2010,,,,,,1.0
VariableCost,NDC,ECU,T5NUNPIE,,,1,2011,,,,,,1.0
VariableCost,NDC,ECU,T5NUNPIE,,,1,2012,,,,,,1.0
VariableCost,NDC,ECU,T5NUNPIE,,,1,2013,,,,,,1.0
VariableCost,NDC,ECU,T5NUNPIE,,,1,2014,,,,,,1.0
VariableCost,NDC,ECU,T5NUNPIE,,,1,2015,,,,,,1.0
VariableCost,NDC,ECU,T5NUNPIE,,,1,2016,,,,,,1.0
VariableCost,NDC,ECU,T5NUNPIE,,,1,2017,,,,,,1.0
VariableCost,NDC,ECU,T5NUNPIE,,,1,2018,,,,,,1.0
VariableCost,NDC,ECU,T5NUNPIE,,,1,2019,,,,,,1.0
VariableCost,NDC,ECU,T5NUNPIE,,,1,2020,,,,,,1.0
VariableCost,NDC,ECU,T5NUNPIE,,,1,2021,,,,,,1.0
VariableCost,NDC,ECU,T5NUNPIE,,,1,2022,,,,,,1.0
VariableCost,NDC,ECU,T5NUNPIE,,,1,2023,,,,,,1.0
VariableCost,NDC,ECU,T5NUNPIE,,,1,2024,,,,,,1.0
VariableCost,NDC,ECU,T5NUNPIE,,,1,2025,,,,,,1.0
VariableCost,NDC,ECU,T5NUNPIE,,,1,2026,,,,,,1.0
VariableCost,NDC,ECU,T5NUNPIE,,,1,2027,,,,,,1.0
VariableCost,NDC,ECU,T5NUNPIE,,,1,2028,,,,,,1.0
VariableCost,NDC,ECU,T5NUNPIE,,,1,2029,,,,,,1.0
VariableCost,NDC,ECU,T5NUNPIE,,,1,2030,,,,,,1.0
VariableCost,NDC,ECU,T5NUNPIE,,,1,2031,,,,,,1.0
VariableCost,NDC,ECU,T5NUNPIE,,,1,2032,,,,,,1.0
VariableCost,NDC,ECU,T5NUNPIE,,,1,2033,,,,,,1.0
VariableCost,NDC,ECU,T5NUNPIE,,,1,2034,,,,,,1.0
VariableCost,NDC,ECU,T5NUNPIE,,,1,2035,,,,,,1.0
VariableCost,NDC,ECU,T5NUNPLU,,,1,2010,,,,,,1.0
VariableCost,NDC,ECU,T5NUNPLU,,,1,2011,,,,,,1.0
VariableCost,NDC,ECU,T5NUNPLU,,,1,2012,,,,,,1.0
VariableCost,NDC,ECU,T5NUNPLU,,,1,2013,,,,,,1.0
VariableCost,NDC,ECU,T5NUNPLU,,,1,2014,,,,,,1.0
VariableCost,NDC,ECU,T5NUNPLU,,,1,2015,,,,,,1.0
VariableCost,NDC,ECU,T5NUNPLU,,,1,2016,,,,,,1.0
VariableCost,NDC,ECU,T5NUNPLU,,,1,2017,,,,,,1.0
VariableCost,NDC,ECU,T5NUNPLU,,,1,2018,,,,,,1.0
VariableCost,NDC,ECU,T5NUNPLU,,,1,2019,,,,,,1.0
VariableCost,NDC,ECU,T5NUNPLU,,,1,2020,,,,,,1.0
VariableCost,NDC,ECU,T5NUNPLU,,,1,2021,,,,,,1.0
VariableCost,NDC,ECU,T5NUNPLU,,,1,2022,,,,,,1.0
VariableCost,NDC,ECU,T5NUNPLU,,,1,2023,,,,,,1.0
VariableCost,NDC,ECU,T5NUNPLU,,,1,2024,,,,,,1.0
VariableCost,NDC,ECU,T5NUNPLU,,,1,2025,,,,,,1.0
VariableCost,NDC,ECU,T5NUNPLU,,,1,2026,,,,,,1.0
VariableCost,NDC,ECU,T5NUNPLU,,,1,2027,,,,,,1.0
VariableCost,NDC,ECU,T5NUNPLU,,,1,2028,,,,,,1.0
VariableCost,NDC,ECU,T5NUNPLU,,,1,2029,,,,,,1.0
VariableCost,NDC,ECU,T5NUNPLU,,,1,2030,,,,,,1.0
VariableCost,NDC,ECU,T5NUNPLU,,,1,2031,,,,,,1.0
VariableCost,NDC,ECU,T5NUNPLU,,,1,2032,,,,,,1.0
VariableCost,NDC,ECU,T5NUNPLU,,,1,2033,,,,,,1.0
VariableCost,NDC,ECU,T5NUNPLU,,,1,2034,,,,,,1.0
VariableCost,NDC,ECU,T5NUNPLU,,,1,2035,,,,,,1.0
VariableCost,NDC,ECU,T5NPRPFO,,,1,2010,,,,,,1.0
VariableCost,NDC,ECU,T5NPRPFO,,,1,2011,,,,,,1.0
VariableCost,NDC,ECU,T5NPRPFO,,,1,2012,,,,,,1.0
VariableCost,NDC,ECU,T5NPRPFO,,,1,2013,,,,,,1.0
VariableCost,NDC,ECU,T5NPRPFO,,,1,2014,,,,,,1.0
VariableCost,NDC,ECU,T5NPRPFO,,,1,2015,,,,,,1.0
VariableCost,NDC,ECU,T5NPRPFO,,,1,2016,,,,,,1.0
VariableCost,NDC,ECU,T5NPRPFO,,,1,2017,,,,,,1.0
VariableCost,NDC,ECU,T5NPRPFO,,,1,2018,,,,,,1.0
VariableCost,NDC,ECU,T5NPRPFO,,,1,2019,,,,,,1.0
VariableCost,NDC,ECU,T5NPRPFO,,,1,2020,,,,,,1.0
VariableCost,NDC,ECU,T5NPRPFO,,,1,2021,,,,,,1.0
VariableCost,NDC,ECU,T5NPRPFO,,,1,2022,,,,,,1.0
VariableCost,NDC,ECU,T5NPRPFO,,,1,2023,,,,,,1.0
VariableCost,NDC,ECU,T5NPRPFO,,,1,2024,,,,,,1.0
VariableCost,NDC,ECU,T5NPRPFO,,,1,2025,,,,,,1.0
VariableCost,NDC,ECU,T5NPRPFO,,,1,2026,,,,,,1.0
VariableCost,NDC,ECU,T5NPRPFO,,,1,2027,,,,,,1.0
VariableCost,NDC,ECU,T5NPRPFO,,,1,2028,,,,,,1.0
VariableCost,NDC,ECU,T5NPRPFO,,,1,2029,,,,,,1.0
VariableCost,NDC,ECU,T5NPRPFO,,,1,2030,,,,,,1.0
VariableCost,NDC,ECU,T5NPRPFO,,,1,2031,,,,,,1.0
VariableCost,NDC,ECU,T5NPRPFO,,,1,2032,,,,,,1.0
VariableCost,NDC,ECU,T5NPRPFO,,,1,2033,,,,,,1.0
VariableCost,NDC,ECU,T5NPRPFO,,,1,2034,,,,,,1.0
VariableCost,NDC,ECU,T5NPRPFO,,,1,2035,,,,,,1.0
VariableCost,NDC,ECU,T5NUNPFO,,,1,2010,,,,,,1.0
VariableCost,NDC,ECU,T5NUNPFO,,,1,2011,,,,,,1.0
VariableCost,NDC,ECU,T5NUNPFO,,,1,2012,,,,,,1.0
VariableCost,NDC,ECU,T5NUNPFO,,,1,2013,,,,,,1.0
VariableCost,NDC,ECU,T5NUNPFO,,,1,2014,,,,,,1.0
VariableCost,NDC,ECU,T5NUNPFO,,,1,2015,,,,,,1.0
VariableCost,NDC,ECU,T5NUNPFO,,,1,2016,,,,,,1.0
VariableCost,NDC,ECU,T5NUNPFO,,,1,2017,,,,,,1.0
VariableCost,NDC,ECU,T5NUNPFO,,,1,2018,,,,,,1.0
VariableCost,NDC,ECU,T5NUNPFO,,,1,2019,,,,,,1.0
VariableCost,NDC,ECU,T5NUNPFO,,,1,2020,,,,,,1.0
VariableCost,NDC,ECU,T5NUNPFO,,,1,2021,,,,,,1.0
VariableCost,NDC,ECU,T5NUNPFO,,,1,2022,,,,,,1.0
VariableCost,NDC,ECU,T5NUNPFO,,,1,2023,,,,,,1.0
VariableCost,NDC,ECU,T5NUNPFO,,,1,2024,,,,,,1.0
VariableCost,NDC,ECU,T5NUNPFO,,,1,2025,,,,,,1.0
VariableCost,NDC,ECU,T5NUNPFO,,,1,2026,,,,,,1.0
VariableCost,NDC,ECU,T5NUNPFO,,,1,2027,,,,,,1.0
VariableCost,NDC,ECU,T5NUNPFO,,,1,2028,,,,,,1.0
VariableCost,NDC,ECU,T5NUNPFO,,,1,2029,,,,,,1.0
VariableCost,NDC,ECU,T5NUNPFO,,,1,2030,,,,,,1.0
VariableCost,NDC,ECU,T5NUNPFO,,,1,2031,,,,,,1.0
VariableCost,NDC,ECU,T5NUNPFO,,,1,2032,,,,,,1.0
VariableCost,NDC,ECU,T5NUNPFO,,,1,2033,,,,,,1.0
VariableCost,NDC,ECU,T5NUNPFO,,,1,2034,,,,,,1.0
VariableCost,NDC,ECU,T5NUNPFO,,,1,2035,,,,,,1.0
