PARAMETER,Scenario,REGION,TECHNOLOGY,FUEL,EMISSION,MODE_OF_OPERATION,YEAR,TIMESLICE,SEASON,DAYTYPE,DAILYTIMEBRACKET,STORAGE,Value
OutputActivityRatio,NDC,ECU,IMP_ELE,E1ELE,,1,2010,,,,,,1.0
OutputActivityRatio,NDC,ECU,IMP_ELE,E1ELE,,1,2011,,,,,,1.0
OutputActivityRatio,NDC,ECU,IMP_ELE,E1ELE,,1,2012,,,,,,1.0
OutputActivityRatio,NDC,ECU,IMP_ELE,E1ELE,,1,2013,,,,,,1.0
OutputActivityRatio,NDC,ECU,IMP_ELE,E1ELE,,1,2014,,,,,,1.0
OutputActivityRatio,NDC,ECU,IMP_ELE,E1ELE,,1,2015,,,,,,1.0
OutputActivityRatio,NDC,ECU,IMP_ELE,E1ELE,,1,2016,,,,,,1.0
OutputActivityRatio,NDC,ECU,IMP_ELE,E1ELE,,1,2017,,,,,,1.0
OutputActivityRatio,NDC,ECU,IMP_ELE,E1ELE,,1,2018,,,,,,1.0
OutputActivityRatio,NDC,ECU,IMP_ELE,E1ELE,,1,2019,,,,,,1.0
OutputActivityRatio,NDC,ECU,IMP_ELE,E1ELE,,1,2020,,,,,,1.0
OutputActivityRatio,NDC,ECU,IMP_ELE,E1ELE,,1,2021,,,,,,1.0
OutputActivityRatio,NDC,ECU,IMP_ELE,E1ELE,,1,2022,,,,,,1.0
OutputActivityRatio,NDC,ECU,IMP_ELE,E1ELE,,1,2023,,,,,,1.0
OutputActivityRatio,NDC,ECU,IMP_ELE,E1ELE,,1,2024,,,,,,1.0
OutputActivityRatio,NDC,ECU,IMP_ELE,E1ELE,,1,2025,,,,,,1.0
OutputActivityRatio,NDC,ECU,IMP_ELE,E1ELE,,1,2026,,,,,,1.0
OutputActivityRatio,NDC,ECU,IMP_ELE,E1ELE,,1,2027,,,,,,1.0
OutputActivityRatio,NDC,ECU,IMP_ELE,E1ELE,,1,2028,,,,,,1.0
OutputActivityRatio,NDC,ECU,IMP_ELE,E1ELE,,1,2029,,,,,,1.0
OutputActivityRatio,NDC,ECU,IMP_ELE,E1ELE,,1,2030,,,,,,1.0
OutputActivityRatio,NDC,ECU,IMP_ELE,E1ELE,,1,2031,,,,,,1.0
OutputActivityRatio,NDC,ECU,IMP_ELE,E1ELE,,1,2032,,,,,,1.0
OutputActivityRatio,NDC,ECU,IMP_ELE,E1ELE,,1,2033,,,,,,1.0
OutputActivityRatio,NDC,ECU,IMP_ELE,E1ELE,,1,2034,,,,,,1.0
OutputActivityRatio,NDC,ECU,IMP_ELE,E1ELE,,1,2035,,,,,,1.0
OutputActivityRatio,NDC,ECU,SOIALL,E1_SOI,,1,2010,,,,,,1.0
OutputActivityRatio,NDC,ECU,SOIALL,E1_SOI,,1,2011,,,,,,1.0
OutputActivityRatio,NDC,ECU,SOIALL,E1_SOI,,1,2012,,,,,,1.0
OutputActivityRatio,NDC,ECU,SOIALL,E1_SOI,,1,2013,,,,,,1.0
OutputActivityRatio,NDC,ECU,SOIALL,E1_SOI,,1,2014,,,,,,1.0
OutputActivityRatio,NDC,ECU,SOIALL,E1_SOI,,1,2015,,,,,,1.0
OutputActivityRatio,NDC,ECU,SOIALL,E1_SOI,,1,2016,,,,,,1.0
OutputActivityRatio,NDC,ECU,SOIALL,E1_SOI,,1,2017,,,,,,1.0
OutputActivityRatio,NDC,ECU,SOIALL,E1_SOI,,1,2018,,,,,,1.0
OutputActivityRatio,NDC,ECU,SOIALL,E1_SOI,,1,2019,,,,,,1.0
OutputActivityRatio,NDC,ECU,SOIALL,E1_SOI,,1,2020,,,,,,1.0
OutputActivityRatio,NDC,ECU,SOIALL,E1_SOI,,1,2021,,,,,,1.0
OutputActivityRatio,NDC,ECU,SOIALL,E1_SOI,,1,2022,,,,,,1.0
OutputActivityRatio,NDC,ECU,SOIALL,E1_SOI,,1,2023,,,,,,1.0
OutputActivityRatio,NDC,ECU,SOIALL,E1_SOI,,1,2024,,,,,,1.0
OutputActivityRatio,NDC,ECU,SOIALL,E1_SOI,,1,2025,,,,,,1.0
OutputActivityRatio,NDC,ECU,SOIALL,E1_SOI,,1,2026,,,,,,1.0
OutputActivityRatio,NDC,ECU,SOIALL,E1_SOI,,1,2027,,,,,,1.0
OutputActivityRatio,NDC,ECU,SOIALL,E1_SOI,,1,2028,,,,,,1.0
OutputActivityRatio,NDC,ECU,SOIALL,E1_SOI,,1,2029,,,,,,1.0
OutputActivityRatio,NDC,ECU,SOIALL,E1_SOI,,1,2030,,,,,,1.0
OutputActivityRatio,NDC,ECU,SOIALL,E1_SOI,,1,2031,,,,,,1.0
OutputActivityRatio,NDC,ECU,SOIALL,E1_SOI,,1,2032,,,,,,1.0
OutputActivityRatio,NDC,ECU,SOIALL,E1_SOI,,1,2033,,,,,,1.0
OutputActivityRatio,NDC,ECU,SOIALL,E1_SOI,,1,2034,,,,,,1.0
OutputActivityRatio,NDC,ECU,SOIALL,E1_SOI,,1,2035,,,,,,1.0
OutputActivityRatio,NDC,ECU,FORBUR,E1_BUR,,1,2010,,,,,,1.0
OutputActivityRatio,NDC,ECU,FORBUR,E1_BUR,,1,2011,,,,,,1.0
OutputActivityRatio,NDC,ECU,FORBUR,E1_BUR,,1,2012,,,,,,1.0
OutputActivityRatio,NDC,ECU,FORBUR,E1_BUR,,1,2013,,,,,,1.0
OutputActivityRatio,NDC,ECU,FORBUR,E1_BUR,,1,2014,,,,,,1.0
OutputActivityRatio,NDC,ECU,FORBUR,E1_BUR,,1,2015,,,,,,1.0
OutputActivityRatio,NDC,ECU,FORBUR,E1_BUR,,1,2016,,,,,,1.0
OutputActivityRatio,NDC,ECU,FORBUR,E1_BUR,,1,2017,,,,,,1.0
OutputActivityRatio,NDC,ECU,FORBUR,E1_BUR,,1,2018,,,,,,1.0
OutputActivityRatio,NDC,ECU,FORBUR,E1_BUR,,1,2019,,,,,,1.0
OutputActivityRatio,NDC,ECU,FORBUR,E1_BUR,,1,2020,,,,,,1.0
OutputActivityRatio,NDC,ECU,FORBUR,E1_BUR,,1,2021,,,,,,1.0
OutputActivityRatio,NDC,ECU,FORBUR,E1_BUR,,1,2022,,,,,,1.0
OutputActivityRatio,NDC,ECU,FORBUR,E1_BUR,,1,2023,,,,,,1.0
OutputActivityRatio,NDC,ECU,FORBUR,E1_BUR,,1,2024,,,,,,1.0
OutputActivityRatio,NDC,ECU,FORBUR,E1_BUR,,1,2025,,,,,,1.0
OutputActivityRatio,NDC,ECU,FORBUR,E1_BUR,,1,2026,,,,,,1.0
OutputActivityRatio,NDC,ECU,FORBUR,E1_BUR,,1,2027,,,,,,1.0
OutputActivityRatio,NDC,ECU,FORBUR,E1_BUR,,1,2028,,,,,,1.0
OutputActivityRatio,NDC,ECU,FORBUR,E1_BUR,,1,2029,,,,,,1.0
OutputActivityRatio,NDC,ECU,FORBUR,E1_BUR,,1,2030,,,,,,1.0
OutputActivityRatio,NDC,ECU,FORBUR,E1_BUR,,1,2031,,,,,,1.0
OutputActivityRatio,NDC,ECU,FORBUR,E1_BUR,,1,2032,,,,,,1.0
OutputActivityRatio,NDC,ECU,FORBUR,E1_BUR,,1,2033,,,,,,1.0
OutputActivityRatio,NDC,ECU,FORBUR,E1_BUR,,1,2034,,,,,,1.0
OutputActivityRatio,NDC,ECU,FORBUR,E1_BUR,,1,2035,,,,,,1.0
OutputActivityRatio,NDC,ECU,SUPCAMCROAND,E5CAMCROAND,,1,2010,,,,,,1.0
OutputActivityRatio,NDC,ECU,SUPCAMCROAND,E5CAMCROAND,,1,2011,,,,,,1.0
OutputActivityRatio,NDC,ECU,SUPCAMCROAND,E5CAMCROAND,,1,2012,,,,,,1.0
OutputActivityRatio,NDC,ECU,SUPCAMCROAND,E5CAMCROAND,,1,2013,,,,,,1.0
OutputActivityRatio,NDC,ECU,SUPCAMCROAND,E5CAMCROAND,,1,2014,,,,,,1.0
OutputActivityRatio,NDC,ECU,SUPCAMCROAND,E5CAMCROAND,,1,2015,,,,,,1.0
OutputActivityRatio,NDC,ECU,SUPCAMCROAND,E5CAMCROAND,,1,2016,,,,,,1.0
OutputActivityRatio,NDC,ECU,SUPCAMCROAND,E5CAMCROAND,,1,2017,,,,,,1.0
OutputActivityRatio,NDC,ECU,SUPCAMCROAND,E5CAMCROAND,,1,2018,,,,,,1.0
OutputActivityRatio,NDC,ECU,SUPCAMCROAND,E5CAMCROAND,,1,2019,,,,,,1.0
OutputActivityRatio,NDC,ECU,SUPCAMCROAND,E5CAMCROAND,,1,2020,,,,,,1.0
OutputActivityRatio,NDC,ECU,SUPCAMCROAND,E5CAMCROAND,,1,2021,,,,,,1.0
OutputActivityRatio,NDC,ECU,SUPCAMCROAND,E5CAMCROAND,,1,2022,,,,,,1.0
OutputActivityRatio,NDC,ECU,SUPCAMCROAND,E5CAMCROAND,,1,2023,,,,,,1.0
OutputActivityRatio,NDC,ECU,SUPCAMCROAND,E5CAMCROAND,,1,2024,,,,,,1.0
OutputActivityRatio,NDC,ECU,SUPCAMCROAND,E5CAMCROAND,,1,2025,,,,,,1.0
OutputActivityRatio,NDC,ECU,SUPCAMCROAND,E5CAMCROAND,,1,2026,,,,,,1.0
OutputActivityRatio,NDC,ECU,SUPCAMCROAND,E5CAMCROAND,,1,2027,,,,,,1.0
OutputActivityRatio,NDC,ECU,SUPCAMCROAND,E5CAMCROAND,,1,2028,,,,,,1.0
OutputActivityRatio,NDC,ECU,SUPCAMCROAND,E5CAMCROAND,,1,2029,,,,,,1.0
OutputActivityRatio,NDC,ECU,SUPCAMCROAND,E5CAMCROAND,,1,2030,,,,,,1.0
OutputActivityRatio,NDC,ECU,SUPCAMCROAND,E5CAMCROAND,,1,2031,,,,,,1.0
OutputActivityRatio,NDC,ECU,SUPCAMCROAND,E5CAMCROAND,,1,2032,,,,,,1.0
OutputActivityRatio,NDC,ECU,SUPCAMCROAND,E5CAMCROAND,,1,2033,,,,,,1.0
OutputActivityRatio,NDC,ECU,SUPCAMCROAND,E5CAMCROAND,,1,2034,,,,,,1.0
OutputActivityRatio,NDC,ECU,SUPCAMCROAND,E5CAMCROAND,,1,2035,,,,,,1.0
OutputActivityRatio,NDC,ECU,SUPCAMCROPLU,E5CAMCROPLU,,1,2010,,,,,,1.0
OutputActivityRatio,NDC,ECU,SUPCAMCROPLU,E5CAMCROPLU,,1,2011,,,,,,1.0
OutputActivityRatio,NDC,ECU,SUPCAMCROPLU,E5CAMCROPLU,,1,2012,,,,,,1.0
OutputActivityRatio,NDC,ECU,SUPCAMCROPLU,E5CAMCROPLU,,1,2013,,,,,,1.0
OutputActivityRatio,NDC,ECU,SUPCAMCROPLU,E5CAMCROPLU,,1,2014,,,,,,1.0
OutputActivityRatio,NDC,ECU,SUPCAMCROPLU,E5CAMCROPLU,,1,2015,,,,,,1.0
OutputActivityRatio,NDC,ECU,SUPCAMCROPLU,E5CAMCROPLU,,1,2016,,,,,,1.0
OutputActivityRatio,NDC,ECU,SUPCAMCROPLU,E5CAMCROPLU,,1,2017,,,,,,1.0
OutputActivityRatio,NDC,ECU,SUPCAMCROPLU,E5CAMCROPLU,,1,2018,,,,,,1.0
OutputActivityRatio,NDC,ECU,SUPCAMCROPLU,E5CAMCROPLU,,1,2019,,,,,,1.0
OutputActivityRatio,NDC,ECU,SUPCAMCROPLU,E5CAMCROPLU,,1,2020,,,,,,1.0
OutputActivityRatio,NDC,ECU,SUPCAMCROPLU,E5CAMCROPLU,,1,2021,,,,,,1.0
OutputActivityRatio,NDC,ECU,SUPCAMCROPLU,E5CAMCROPLU,,1,2022,,,,,,1.0
OutputActivityRatio,NDC,ECU,SUPCAMCROPLU,E5CAMCROPLU,,1,2023,,,,,,1.0
OutputActivityRatio,NDC,ECU,SUPCAMCROPLU,E5CAMCROPLU,,1,2024,,,,,,1.0
OutputActivityRatio,NDC,ECU,SUPCAMCROPLU,E5CAMCROPLU,,1,2025,,,,,,1.0
OutputActivityRatio,NDC,ECU,SUPCAMCROPLU,E5CAMCROPLU,,1,2026,,,,,,1.0
OutputActivityRatio,NDC,ECU,SUPCAMCROPLU,E5CAMCROPLU,,1,2027,,,,,,1.0
OutputActivityRatio,NDC,ECU,SUPCAMCROPLU,E5CAMCROPLU,,1,2028,,,,,,1.0
OutputActivityRatio,NDC,ECU,SUPCAMCROPLU,E5CAMCROPLU,,1,2029,,,,,,1.0
OutputActivityRatio,NDC,ECU,SUPCAMCROPLU,E5CAMCROPLU,,1,2030,,,,,,1.0
OutputActivityRatio,NDC,ECU,SUPCAMCROPLU,E5CAMCROPLU,,1,2031,,,,,,1.0
OutputActivityRatio,NDC,ECU,SUPCAMCROPLU,E5CAMCROPLU,,1,2032,,,,,,1.0
OutputActivityRatio,NDC,ECU,SUPCAMCROPLU,E5CAMCROPLU,,1,2033,,,,,,1.0
OutputActivityRatio,NDC,ECU,SUPCAMCROPLU,E5CAMCROPLU,,1,2034,,,,,,1.0
OutputActivityRatio,NDC,ECU,SUPCAMCROPLU,E5CAMCROPLU,,1,2035,,,,,,1.0
OutputActivityRatio,NDC,ECU,SUPCAMCROMON,E5CAMCROMON,,1,2010,,,,,,1.0
OutputActivityRatio,NDC,ECU,SUPCAMCROMON,E5CAMCROMON,,1,2011,,,,,,1.0
OutputActivityRatio,NDC,ECU,SUPCAMCROMON,E5CAMCROMON,,1,2012,,,,,,1.0
OutputActivityRatio,NDC,ECU,SUPCAMCROMON,E5CAMCROMON,,1,2013,,,,,,1.0
OutputActivityRatio,NDC,ECU,SUPCAMCROMON,E5CAMCROMON,,1,2014,,,,,,1.0
OutputActivityRatio,NDC,ECU,SUPCAMCROMON,E5CAMCROMON,,1,2015,,,,,,1.0
OutputActivityRatio,NDC,ECU,SUPCAMCROMON,E5CAMCROMON,,1,2016,,,,,,1.0
OutputActivityRatio,NDC,ECU,SUPCAMCROMON,E5CAMCROMON,,1,2017,,,,,,1.0
OutputActivityRatio,NDC,ECU,SUPCAMCROMON,E5CAMCROMON,,1,2018,,,,,,1.0
OutputActivityRatio,NDC,ECU,SUPCAMCROMON,E5CAMCROMON,,1,2019,,,,,,1.0
OutputActivityRatio,NDC,ECU,SUPCAMCROMON,E5CAMCROMON,,1,2020,,,,,,1.0
OutputActivityRatio,NDC,ECU,SUPCAMCROMON,E5CAMCROMON,,1,2021,,,,,,1.0
OutputActivityRatio,NDC,ECU,SUPCAMCROMON,E5CAMCROMON,,1,2022,,,,,,1.0
OutputActivityRatio,NDC,ECU,SUPCAMCROMON,E5CAMCROMON,,1,2023,,,,,,1.0
OutputActivityRatio,NDC,ECU,SUPCAMCROMON,E5CAMCROMON,,1,2024,,,,,,1.0
OutputActivityRatio,NDC,ECU,SUPCAMCROMON,E5CAMCROMON,,1,2025,,,,,,1.0
OutputActivityRatio,NDC,ECU,SUPCAMCROMON,E5CAMCROMON,,1,2026,,,,,,1.0
OutputActivityRatio,NDC,ECU,SUPCAMCROMON,E5CAMCROMON,,1,2027,,,,,,1.0
OutputActivityRatio,NDC,ECU,SUPCAMCROMON,E5CAMCROMON,,1,2028,,,,,,1.0
OutputActivityRatio,NDC,ECU,SUPCAMCROMON,E5CAMCROMON,,1,2029,,,,,,1.0
OutputActivityRatio,NDC,ECU,SUPCAMCROMON,E5CAMCROMON,,1,2030,,,,,,1.0
OutputActivityRatio,NDC,ECU,SUPCAMCROMON,E5CAMCROMON,,1,2031,,,,,,1.0
OutputActivityRatio,NDC,ECU,SUPCAMCROMON,E5CAMCROMON,,1,2032,,,,,,1.0
OutputActivityRatio,NDC,ECU,SUPCAMCROMON,E5CAMCROMON,,1,2033,,,,,,1.0
OutputActivityRatio,NDC,ECU,SUPCAMCROMON,E5CAMCROMON,,1,2034,,,,,,1.0
OutputActivityRatio,NDC,ECU,SUPCAMCROMON,E5CAMCROMON,,1,2035,,,,,,1.0
OutputActivityRatio,NDC,ECU,SUPCAMCROPIE,E5CAMCROPIE,,1,2010,,,,,,1.0
OutputActivityRatio,NDC,ECU,SUPCAMCROPIE,E5CAMCROPIE,,1,2011,,,,,,1.0
OutputActivityRatio,NDC,ECU,SUPCAMCROPIE,E5CAMCROPIE,,1,2012,,,,,,1.0
OutputActivityRatio,NDC,ECU,SUPCAMCROPIE,E5CAMCROPIE,,1,2013,,,,,,1.0
OutputActivityRatio,NDC,ECU,SUPCAMCROPIE,E5CAMCROPIE,,1,2014,,,,,,1.0
OutputActivityRatio,NDC,ECU,SUPCAMCROPIE,E5CAMCROPIE,,1,2015,,,,,,1.0
OutputActivityRatio,NDC,ECU,SUPCAMCROPIE,E5CAMCROPIE,,1,2016,,,,,,1.0
OutputActivityRatio,NDC,ECU,SUPCAMCROPIE,E5CAMCROPIE,,1,2017,,,,,,1.0
OutputActivityRatio,NDC,ECU,SUPCAMCROPIE,E5CAMCROPIE,,1,2018,,,,,,1.0
OutputActivityRatio,NDC,ECU,SUPCAMCROPIE,E5CAMCROPIE,,1,2019,,,,,,1.0
OutputActivityRatio,NDC,ECU,SUPCAMCROPIE,E5CAMCROPIE,,1,2020,,,,,,1.0
OutputActivityRatio,NDC,ECU,SUPCAMCROPIE,E5CAMCROPIE,,1,2021,,,,,,1.0
OutputActivityRatio,NDC,ECU,SUPCAMCROPIE,E5CAMCROPIE,,1,2022,,,,,,1.0
OutputActivityRatio,NDC,ECU,SUPCAMCROPIE,E5CAMCROPIE,,1,2023,,,,,,1.0
OutputActivityRatio,NDC,ECU,SUPCAMCROPIE,E5CAMCROPIE,,1,2024,,,,,,1.0
OutputActivityRatio,NDC,ECU,SUPCAMCROPIE,E5CAMCROPIE,,1,2025,,,,,,1.0
OutputActivityRatio,NDC,ECU,SUPCAMCROPIE,E5CAMCROPIE,,1,2026,,,,,,1.0
OutputActivityRatio,NDC,ECU,SUPCAMCROPIE,E5CAMCROPIE,,1,2027,,,,,,1.0
OutputActivityRatio,NDC,ECU,SUPCAMCROPIE,E5CAMCROPIE,,1,2028,,,,,,1.0
OutputActivityRatio,NDC,ECU,SUPCAMCROPIE,E5CAMCROPIE,,1,2029,,,,,,1.0
OutputActivityRatio,NDC,ECU,SUPCAMCROPIE,E5CAMCROPIE,,1,2030,,,,,,1.0
OutputActivityRatio,NDC,ECU,SUPCAMCROPIE,E5CAMCROPIE,,1,2031,,,,,,1.0
OutputActivityRatio,NDC,ECU,SUPCAMCROPIE,E5CAMCROPIE,,1,2032,,,,,,1.0
OutputActivityRatio,NDC,ECU,SUPCAMCROPIE,E5CAMCROPIE,,1,2033,,,,,,1.0
OutputActivityRatio,NDC,ECU,SUPCAMCROPIE,E5CAMCROPIE,,1,2034,,,,,,1.0
OutputActivityRatio,NDC,ECU,SUPCAMCROPIE,E5CAMCROPIE,,1,2035,,,,,,1.0
OutputActivityRatio,NDC,ECU,SUPCAMCROCEJ,E5CAMCROCEJ,,1,2010,,,,,,1.0
OutputActivityRatio,NDC,ECU,SUPCAMCROCEJ,E5CAMCROCEJ,,1,2011,,,,,,1.0
OutputActivityRatio,NDC,ECU,SUPCAMCROCEJ,E5CAMCROCEJ,,1,2012,,,,,,1.0
OutputActivityRatio,NDC,ECU,SUPCAMCROCEJ,E5CAMCROCEJ,,1,2013,,,,,,1.0
OutputActivityRatio,NDC,ECU,SUPCAMCROCEJ,E5CAMCROCEJ,,1,2014,,,,,,1.0
OutputActivityRatio,NDC,ECU,SUPCAMCROCEJ,E5CAMCROCEJ,,1,2015,,,,,,1.0
OutputActivityRatio,NDC,ECU,SUPCAMCROCEJ,E5CAMCROCEJ,,1,2016,,,,,,1.0
OutputActivityRatio,NDC,ECU,SUPCAMCROCEJ,E5CAMCROCEJ,,1,2017,,,,,,1.0
OutputActivityRatio,NDC,ECU,SUPCAMCROCEJ,E5CAMCROCEJ,,1,2018,,,,,,1.0
OutputActivityRatio,NDC,ECU,SUPCAMCROCEJ,E5CAMCROCEJ,,1,2019,,,,,,1.0
OutputActivityRatio,NDC,ECU,SUPCAMCROCEJ,E5CAMCROCEJ,,1,2020,,,,,,1.0
OutputActivityRatio,NDC,ECU,SUPCAMCROCEJ,E5CAMCROCEJ,,1,2021,,,,,,1.0
OutputActivityRatio,NDC,ECU,SUPCAMCROCEJ,E5CAMCROCEJ,,1,2022,,,,,,1.0
OutputActivityRatio,NDC,ECU,SUPCAMCROCEJ,E5CAMCROCEJ,,1,2023,,,,,,1.0
OutputActivityRatio,NDC,ECU,SUPCAMCROCEJ,E5CAMCROCEJ,,1,2024,,,,,,1.0
OutputActivityRatio,NDC,ECU,SUPCAMCROCEJ,E5CAMCROCEJ,,1,2025,,,,,,1.0
OutputActivityRatio,NDC,ECU,SUPCAMCROCEJ,E5CAMCROCEJ,,1,2026,,,,,,1.0
OutputActivityRatio,NDC,ECU,SUPCAMCROCEJ,E5CAMCROCEJ,,1,2027,,,,,,1.0
OutputActivityRatio,NDC,ECU,SUPCAMCROCEJ,E5CAMCROCEJ,,1,2028,,,,,,1.0
OutputActivityRatio,NDC,ECU,SUPCAMCROCEJ,E5CAMCROCEJ,,1,2029,,,,,,1.0
OutputActivityRatio,NDC,ECU,SUPCAMCROCEJ,E5CAMCROCEJ,,1,2030,,,,,,1.0
OutputActivityRatio,NDC,ECU,SUPCAMCROCEJ,E5CAMCROCEJ,,1,2031,,,,,,1.0
OutputActivityRatio,NDC,ECU,SUPCAMCROCEJ,E5CAMCROCEJ,,1,2032,,,,,,1.0
OutputActivityRatio,NDC,ECU,SUPCAMCROCEJ,E5CAMCROCEJ,,1,2033,,,,,,1.0
OutputActivityRatio,NDC,ECU,SUPCAMCROCEJ,E5CAMCROCEJ,,1,2034,,,,,,1.0
OutputActivityRatio,NDC,ECU,SUPCAMCROCEJ,E5CAMCROCEJ,,1,2035,,,,,,1.0
OutputActivityRatio,NDC,ECU,SUPCAMCROAMA,E5CAMCROAMA,,1,2010,,,,,,1.0
OutputActivityRatio,NDC,ECU,SUPCAMCROAMA,E5CAMCROAMA,,1,2011,,,,,,1.0
OutputActivityRatio,NDC,ECU,SUPCAMCROAMA,E5CAMCROAMA,,1,2012,,,,,,1.0
OutputActivityRatio,NDC,ECU,SUPCAMCROAMA,E5CAMCROAMA,,1,2013,,,,,,1.0
OutputActivityRatio,NDC,ECU,SUPCAMCROAMA,E5CAMCROAMA,,1,2014,,,,,,1.0
OutputActivityRatio,NDC,ECU,SUPCAMCROAMA,E5CAMCROAMA,,1,2015,,,,,,1.0
OutputActivityRatio,NDC,ECU,SUPCAMCROAMA,E5CAMCROAMA,,1,2016,,,,,,1.0
OutputActivityRatio,NDC,ECU,SUPCAMCROAMA,E5CAMCROAMA,,1,2017,,,,,,1.0
OutputActivityRatio,NDC,ECU,SUPCAMCROAMA,E5CAMCROAMA,,1,2018,,,,,,1.0
OutputActivityRatio,NDC,ECU,SUPCAMCROAMA,E5CAMCROAMA,,1,2019,,,,,,1.0
OutputActivityRatio,NDC,ECU,SUPCAMCROAMA,E5CAMCROAMA,,1,2020,,,,,,1.0
OutputActivityRatio,NDC,ECU,SUPCAMCROAMA,E5CAMCROAMA,,1,2021,,,,,,1.0
OutputActivityRatio,NDC,ECU,SUPCAMCROAMA,E5CAMCROAMA,,1,2022,,,,,,1.0
OutputActivityRatio,NDC,ECU,SUPCAMCROAMA,E5CAMCROAMA,,1,2023,,,,,,1.0
OutputActivityRatio,NDC,ECU,SUPCAMCROAMA,E5CAMCROAMA,,1,2024,,,,,,1.0
OutputActivityRatio,NDC,ECU,SUPCAMCROAMA,E5CAMCROAMA,,1,2025,,,,,,1.0
OutputActivityRatio,NDC,ECU,SUPCAMCROAMA,E5CAMCROAMA,,1,2026,,,,,,1.0
OutputActivityRatio,NDC,ECU,SUPCAMCROAMA,E5CAMCROAMA,,1,2027,,,,,,1.0
OutputActivityRatio,NDC,ECU,SUPCAMCROAMA,E5CAMCROAMA,,1,2028,,,,,,1.0
OutputActivityRatio,NDC,ECU,SUPCAMCROAMA,E5CAMCROAMA,,1,2029,,,,,,1.0
OutputActivityRatio,NDC,ECU,SUPCAMCROAMA,E5CAMCROAMA,,1,2030,,,,,,1.0
OutputActivityRatio,NDC,ECU,SUPCAMCROAMA,E5CAMCROAMA,,1,2031,,,,,,1.0
OutputActivityRatio,NDC,ECU,SUPCAMCROAMA,E5CAMCROAMA,,1,2032,,,,,,1.0
OutputActivityRatio,NDC,ECU,SUPCAMCROAMA,E5CAMCROAMA,,1,2033,,,,,,1.0
OutputActivityRatio,NDC,ECU,SUPCAMCROAMA,E5CAMCROAMA,,1,2034,,,,,,1.0
OutputActivityRatio,NDC,ECU,SUPCAMCROAMA,E5CAMCROAMA,,1,2035,,,,,,1.0
OutputActivityRatio,NDC,ECU,SUPCAMCROCHO,E5CAMCROCHO,,1,2010,,,,,,1.0
OutputActivityRatio,NDC,ECU,SUPCAMCROCHO,E5CAMCROCHO,,1,2011,,,,,,1.0
OutputActivityRatio,NDC,ECU,SUPCAMCROCHO,E5CAMCROCHO,,1,2012,,,,,,1.0
OutputActivityRatio,NDC,ECU,SUPCAMCROCHO,E5CAMCROCHO,,1,2013,,,,,,1.0
OutputActivityRatio,NDC,ECU,SUPCAMCROCHO,E5CAMCROCHO,,1,2014,,,,,,1.0
OutputActivityRatio,NDC,ECU,SUPCAMCROCHO,E5CAMCROCHO,,1,2015,,,,,,1.0
OutputActivityRatio,NDC,ECU,SUPCAMCROCHO,E5CAMCROCHO,,1,2016,,,,,,1.0
OutputActivityRatio,NDC,ECU,SUPCAMCROCHO,E5CAMCROCHO,,1,2017,,,,,,1.0
OutputActivityRatio,NDC,ECU,SUPCAMCROCHO,E5CAMCROCHO,,1,2018,,,,,,1.0
OutputActivityRatio,NDC,ECU,SUPCAMCROCHO,E5CAMCROCHO,,1,2019,,,,,,1.0
OutputActivityRatio,NDC,ECU,SUPCAMCROCHO,E5CAMCROCHO,,1,2020,,,,,,1.0
OutputActivityRatio,NDC,ECU,SUPCAMCROCHO,E5CAMCROCHO,,1,2021,,,,,,1.0
OutputActivityRatio,NDC,ECU,SUPCAMCROCHO,E5CAMCROCHO,,1,2022,,,,,,1.0
OutputActivityRatio,NDC,ECU,SUPCAMCROCHO,E5CAMCROCHO,,1,2023,,,,,,1.0
OutputActivityRatio,NDC,ECU,SUPCAMCROCHO,E5CAMCROCHO,,1,2024,,,,,,1.0
OutputActivityRatio,NDC,ECU,SUPCAMCROCHO,E5CAMCROCHO,,1,2025,,,,,,1.0
OutputActivityRatio,NDC,ECU,SUPCAMCROCHO,E5CAMCROCHO,,1,2026,,,,,,1.0
OutputActivityRatio,NDC,ECU,SUPCAMCROCHO,E5CAMCROCHO,,1,2027,,,,,,1.0
OutputActivityRatio,NDC,ECU,SUPCAMCROCHO,E5CAMCROCHO,,1,2028,,,,,,1.0
OutputActivityRatio,NDC,ECU,SUPCAMCROCHO,E5CAMCROCHO,,1,2029,,,,,,1.0
OutputActivityRatio,NDC,ECU,SUPCAMCROCHO,E5CAMCROCHO,,1,2030,,,,,,1.0
OutputActivityRatio,NDC,ECU,SUPCAMCROCHO,E5CAMCROCHO,,1,2031,,,,,,1.0
OutputActivityRatio,NDC,ECU,SUPCAMCROCHO,E5CAMCROCHO,,1,2032,,,,,,1.0
OutputActivityRatio,NDC,ECU,SUPCAMCROCHO,E5CAMCROCHO,,1,2033,,,,,,1.0
OutputActivityRatio,NDC,ECU,SUPCAMCROCHO,E5CAMCROCHO,,1,2034,,,,,,1.0
OutputActivityRatio,NDC,ECU,SUPCAMCROCHO,E5CAMCROCHO,,1,2035,,,,,,1.0
OutputActivityRatio,NDC,ECU,SUPCAMCROMAN,E5CAMCROMAN,,1,2010,,,,,,1.0
OutputActivityRatio,NDC,ECU,SUPCAMCROMAN,E5CAMCROMAN,,1,2011,,,,,,1.0
OutputActivityRatio,NDC,ECU,SUPCAMCROMAN,E5CAMCROMAN,,1,2012,,,,,,1.0
OutputActivityRatio,NDC,ECU,SUPCAMCROMAN,E5CAMCROMAN,,1,2013,,,,,,1.0
OutputActivityRatio,NDC,ECU,SUPCAMCROMAN,E5CAMCROMAN,,1,2014,,,,,,1.0
OutputActivityRatio,NDC,ECU,SUPCAMCROMAN,E5CAMCROMAN,,1,2015,,,,,,1.0
OutputActivityRatio,NDC,ECU,SUPCAMCROMAN,E5CAMCROMAN,,1,2016,,,,,,1.0
OutputActivityRatio,NDC,ECU,SUPCAMCROMAN,E5CAMCROMAN,,1,2017,,,,,,1.0
OutputActivityRatio,NDC,ECU,SUPCAMCROMAN,E5CAMCROMAN,,1,2018,,,,,,1.0
OutputActivityRatio,NDC,ECU,SUPCAMCROMAN,E5CAMCROMAN,,1,2019,,,,,,1.0
OutputActivityRatio,NDC,ECU,SUPCAMCROMAN,E5CAMCROMAN,,1,2020,,,,,,1.0
OutputActivityRatio,NDC,ECU,SUPCAMCROMAN,E5CAMCROMAN,,1,2021,,,,,,1.0
OutputActivityRatio,NDC,ECU,SUPCAMCROMAN,E5CAMCROMAN,,1,2022,,,,,,1.0
OutputActivityRatio,NDC,ECU,SUPCAMCROMAN,E5CAMCROMAN,,1,2023,,,,,,1.0
OutputActivityRatio,NDC,ECU,SUPCAMCROMAN,E5CAMCROMAN,,1,2024,,,,,,1.0
OutputActivityRatio,NDC,ECU,SUPCAMCROMAN,E5CAMCROMAN,,1,2025,,,,,,1.0
OutputActivityRatio,NDC,ECU,SUPCAMCROMAN,E5CAMCROMAN,,1,2026,,,,,,1.0
OutputActivityRatio,NDC,ECU,SUPCAMCROMAN,E5CAMCROMAN,,1,2027,,,,,,1.0
OutputActivityRatio,NDC,ECU,SUPCAMCROMAN,E5CAMCROMAN,,1,2028,,,,,,1.0
OutputActivityRatio,NDC,ECU,SUPCAMCROMAN,E5CAMCROMAN,,1,2029,,,,,,1.0
OutputActivityRatio,NDC,ECU,SUPCAMCROMAN,E5CAMCROMAN,,1,2030,,,,,,1.0
OutputActivityRatio,NDC,ECU,SUPCAMCROMAN,E5CAMCROMAN,,1,2031,,,,,,1.0
OutputActivityRatio,NDC,ECU,SUPCAMCROMAN,E5CAMCROMAN,,1,2032,,,,,,1.0
OutputActivityRatio,NDC,ECU,SUPCAMCROMAN,E5CAMCROMAN,,1,2033,,,,,,1.0
OutputActivityRatio,NDC,ECU,SUPCAMCROMAN,E5CAMCROMAN,,1,2034,,,,,,1.0
OutputActivityRatio,NDC,ECU,SUPCAMCROMAN,E5CAMCROMAN,,1,2035,,,,,,1.0
OutputActivityRatio,NDC,ECU,SUPCAMCROMOR,E5CAMCROMOR,,1,2010,,,,,,1.0
OutputActivityRatio,NDC,ECU,SUPCAMCROMOR,E5CAMCROMOR,,1,2011,,,,,,1.0
OutputActivityRatio,NDC,ECU,SUPCAMCROMOR,E5CAMCROMOR,,1,2012,,,,,,1.0
OutputActivityRatio,NDC,ECU,SUPCAMCROMOR,E5CAMCROMOR,,1,2013,,,,,,1.0
OutputActivityRatio,NDC,ECU,SUPCAMCROMOR,E5CAMCROMOR,,1,2014,,,,,,1.0
OutputActivityRatio,NDC,ECU,SUPCAMCROMOR,E5CAMCROMOR,,1,2015,,,,,,1.0
OutputActivityRatio,NDC,ECU,SUPCAMCROMOR,E5CAMCROMOR,,1,2016,,,,,,1.0
OutputActivityRatio,NDC,ECU,SUPCAMCROMOR,E5CAMCROMOR,,1,2017,,,,,,1.0
OutputActivityRatio,NDC,ECU,SUPCAMCROMOR,E5CAMCROMOR,,1,2018,,,,,,1.0
OutputActivityRatio,NDC,ECU,SUPCAMCROMOR,E5CAMCROMOR,,1,2019,,,,,,1.0
OutputActivityRatio,NDC,ECU,SUPCAMCROMOR,E5CAMCROMOR,,1,2020,,,,,,1.0
OutputActivityRatio,NDC,ECU,SUPCAMCROMOR,E5CAMCROMOR,,1,2021,,,,,,1.0
OutputActivityRatio,NDC,ECU,SUPCAMCROMOR,E5CAMCROMOR,,1,2022,,,,,,1.0
OutputActivityRatio,NDC,ECU,SUPCAMCROMOR,E5CAMCROMOR,,1,2023,,,,,,1.0
OutputActivityRatio,NDC,ECU,SUPCAMCROMOR,E5CAMCROMOR,,1,2024,,,,,,1.0
OutputActivityRatio,NDC,ECU,SUPCAMCROMOR,E5CAMCROMOR,,1,2025,,,,,,1.0
OutputActivityRatio,NDC,ECU,SUPCAMCROMOR,E5CAMCROMOR,,1,2026,,,,,,1.0
OutputActivityRatio,NDC,ECU,SUPCAMCROMOR,E5CAMCROMOR,,1,2027,,,,,,1.0
OutputActivityRatio,NDC,ECU,SUPCAMCROMOR,E5CAMCROMOR,,1,2028,,,,,,1.0
OutputActivityRatio,NDC,ECU,SUPCAMCROMOR,E5CAMCROMOR,,1,2029,,,,,,1.0
OutputActivityRatio,NDC,ECU,SUPCAMCROMOR,E5CAMCROMOR,,1,2030,,,,,,1.0
OutputActivityRatio,NDC,ECU,SUPCAMCROMOR,E5CAMCROMOR,,1,2031,,,,,,1.0
OutputActivityRatio,NDC,ECU,SUPCAMCROMOR,E5CAMCROMOR,,1,2032,,,,,,1.0
OutputActivityRatio,NDC,ECU,SUPCAMCROMOR,E5CAMCROMOR,,1,2033,,,,,,1.0
OutputActivityRatio,NDC,ECU,SUPCAMCROMOR,E5CAMCROMOR,,1,2034,,,,,,1.0
OutputActivityRatio,NDC,ECU,SUPCAMCROMOR,E5CAMCROMOR,,1,2035,,,,,,1.0
OutputActivityRatio,NDC,ECU,SUPCAMCROPFO,E5CAMCROPFO,,1,2010,,,,,,1.0
OutputActivityRatio,NDC,ECU,SUPCAMCROPFO,E5CAMCROPFO,,1,2011,,,,,,1.0
OutputActivityRatio,NDC,ECU,SUPCAMCROPFO,E5CAMCROPFO,,1,2012,,,,,,1.0
OutputActivityRatio,NDC,ECU,SUPCAMCROPFO,E5CAMCROPFO,,1,2013,,,,,,1.0
OutputActivityRatio,NDC,ECU,SUPCAMCROPFO,E5CAMCROPFO,,1,2014,,,,,,1.0
OutputActivityRatio,NDC,ECU,SUPCAMCROPFO,E5CAMCROPFO,,1,2015,,,,,,1.0
OutputActivityRatio,NDC,ECU,SUPCAMCROPFO,E5CAMCROPFO,,1,2016,,,,,,1.0
OutputActivityRatio,NDC,ECU,SUPCAMCROPFO,E5CAMCROPFO,,1,2017,,,,,,1.0
OutputActivityRatio,NDC,ECU,SUPCAMCROPFO,E5CAMCROPFO,,1,2018,,,,,,1.0
OutputActivityRatio,NDC,ECU,SUPCAMCROPFO,E5CAMCROPFO,,1,2019,,,,,,1.0
OutputActivityRatio,NDC,ECU,SUPCAMCROPFO,E5CAMCROPFO,,1,2020,,,,,,1.0
OutputActivityRatio,NDC,ECU,SUPCAMCROPFO,E5CAMCROPFO,,1,2021,,,,,,1.0
OutputActivityRatio,NDC,ECU,SUPCAMCROPFO,E5CAMCROPFO,,1,2022,,,,,,1.0
OutputActivityRatio,NDC,ECU,SUPCAMCROPFO,E5CAMCROPFO,,1,2023,,,,,,1.0
OutputActivityRatio,NDC,ECU,SUPCAMCROPFO,E5CAMCROPFO,,1,2024,,,,,,1.0
OutputActivityRatio,NDC,ECU,SUPCAMCROPFO,E5CAMCROPFO,,1,2025,,,,,,1.0
OutputActivityRatio,NDC,ECU,SUPCAMCROPFO,E5CAMCROPFO,,1,2026,,,,,,1.0
OutputActivityRatio,NDC,ECU,SUPCAMCROPFO,E5CAMCROPFO,,1,2027,,,,,,1.0
OutputActivityRatio,NDC,ECU,SUPCAMCROPFO,E5CAMCROPFO,,1,2028,,,,,,1.0
OutputActivityRatio,NDC,ECU,SUPCAMCROPFO,E5CAMCROPFO,,1,2029,,,,,,1.0
OutputActivityRatio,NDC,ECU,SUPCAMCROPFO,E5CAMCROPFO,,1,2030,,,,,,1.0
OutputActivityRatio,NDC,ECU,SUPCAMCROPFO,E5CAMCROPFO,,1,2031,,,,,,1.0
OutputActivityRatio,NDC,ECU,SUPCAMCROPFO,E5CAMCROPFO,,1,2032,,,,,,1.0
OutputActivityRatio,NDC,ECU,SUPCAMCROPFO,E5CAMCROPFO,,1,2033,,,,,,1.0
OutputActivityRatio,NDC,ECU,SUPCAMCROPFO,E5CAMCROPFO,,1,2034,,,,,,1.0
OutputActivityRatio,NDC,ECU,SUPCAMCROPFO,E5CAMCROPFO,,1,2035,,,,,,1.0
OutputActivityRatio,NDC,ECU,SUPCAMGRAAND,E5CAMGRAAND,,1,2010,,,,,,1.0
OutputActivityRatio,NDC,ECU,SUPCAMGRAAND,E5CAMGRAAND,,1,2011,,,,,,1.0
OutputActivityRatio,NDC,ECU,SUPCAMGRAAND,E5CAMGRAAND,,1,2012,,,,,,1.0
OutputActivityRatio,NDC,ECU,SUPCAMGRAAND,E5CAMGRAAND,,1,2013,,,,,,1.0
OutputActivityRatio,NDC,ECU,SUPCAMGRAAND,E5CAMGRAAND,,1,2014,,,,,,1.0
OutputActivityRatio,NDC,ECU,SUPCAMGRAAND,E5CAMGRAAND,,1,2015,,,,,,1.0
OutputActivityRatio,NDC,ECU,SUPCAMGRAAND,E5CAMGRAAND,,1,2016,,,,,,1.0
OutputActivityRatio,NDC,ECU,SUPCAMGRAAND,E5CAMGRAAND,,1,2017,,,,,,1.0
OutputActivityRatio,NDC,ECU,SUPCAMGRAAND,E5CAMGRAAND,,1,2018,,,,,,1.0
OutputActivityRatio,NDC,ECU,SUPCAMGRAAND,E5CAMGRAAND,,1,2019,,,,,,1.0
OutputActivityRatio,NDC,ECU,SUPCAMGRAAND,E5CAMGRAAND,,1,2020,,,,,,1.0
OutputActivityRatio,NDC,ECU,SUPCAMGRAAND,E5CAMGRAAND,,1,2021,,,,,,1.0
OutputActivityRatio,NDC,ECU,SUPCAMGRAAND,E5CAMGRAAND,,1,2022,,,,,,1.0
OutputActivityRatio,NDC,ECU,SUPCAMGRAAND,E5CAMGRAAND,,1,2023,,,,,,1.0
OutputActivityRatio,NDC,ECU,SUPCAMGRAAND,E5CAMGRAAND,,1,2024,,,,,,1.0
OutputActivityRatio,NDC,ECU,SUPCAMGRAAND,E5CAMGRAAND,,1,2025,,,,,,1.0
OutputActivityRatio,NDC,ECU,SUPCAMGRAAND,E5CAMGRAAND,,1,2026,,,,,,1.0
OutputActivityRatio,NDC,ECU,SUPCAMGRAAND,E5CAMGRAAND,,1,2027,,,,,,1.0
OutputActivityRatio,NDC,ECU,SUPCAMGRAAND,E5CAMGRAAND,,1,2028,,,,,,1.0
OutputActivityRatio,NDC,ECU,SUPCAMGRAAND,E5CAMGRAAND,,1,2029,,,,,,1.0
OutputActivityRatio,NDC,ECU,SUPCAMGRAAND,E5CAMGRAAND,,1,2030,,,,,,1.0
OutputActivityRatio,NDC,ECU,SUPCAMGRAAND,E5CAMGRAAND,,1,2031,,,,,,1.0
OutputActivityRatio,NDC,ECU,SUPCAMGRAAND,E5CAMGRAAND,,1,2032,,,,,,1.0
OutputActivityRatio,NDC,ECU,SUPCAMGRAAND,E5CAMGRAAND,,1,2033,,,,,,1.0
OutputActivityRatio,NDC,ECU,SUPCAMGRAAND,E5CAMGRAAND,,1,2034,,,,,,1.0
OutputActivityRatio,NDC,ECU,SUPCAMGRAAND,E5CAMGRAAND,,1,2035,,,,,,1.0
OutputActivityRatio,NDC,ECU,SUPCAMGRAPLU,E5CAMGRAPLU,,1,2010,,,,,,1.0
OutputActivityRatio,NDC,ECU,SUPCAMGRAPLU,E5CAMGRAPLU,,1,2011,,,,,,1.0
OutputActivityRatio,NDC,ECU,SUPCAMGRAPLU,E5CAMGRAPLU,,1,2012,,,,,,1.0
OutputActivityRatio,NDC,ECU,SUPCAMGRAPLU,E5CAMGRAPLU,,1,2013,,,,,,1.0
OutputActivityRatio,NDC,ECU,SUPCAMGRAPLU,E5CAMGRAPLU,,1,2014,,,,,,1.0
OutputActivityRatio,NDC,ECU,SUPCAMGRAPLU,E5CAMGRAPLU,,1,2015,,,,,,1.0
OutputActivityRatio,NDC,ECU,SUPCAMGRAPLU,E5CAMGRAPLU,,1,2016,,,,,,1.0
OutputActivityRatio,NDC,ECU,SUPCAMGRAPLU,E5CAMGRAPLU,,1,2017,,,,,,1.0
OutputActivityRatio,NDC,ECU,SUPCAMGRAPLU,E5CAMGRAPLU,,1,2018,,,,,,1.0
OutputActivityRatio,NDC,ECU,SUPCAMGRAPLU,E5CAMGRAPLU,,1,2019,,,,,,1.0
OutputActivityRatio,NDC,ECU,SUPCAMGRAPLU,E5CAMGRAPLU,,1,2020,,,,,,1.0
OutputActivityRatio,NDC,ECU,SUPCAMGRAPLU,E5CAMGRAPLU,,1,2021,,,,,,1.0
OutputActivityRatio,NDC,ECU,SUPCAMGRAPLU,E5CAMGRAPLU,,1,2022,,,,,,1.0
OutputActivityRatio,NDC,ECU,SUPCAMGRAPLU,E5CAMGRAPLU,,1,2023,,,,,,1.0
OutputActivityRatio,NDC,ECU,SUPCAMGRAPLU,E5CAMGRAPLU,,1,2024,,,,,,1.0
OutputActivityRatio,NDC,ECU,SUPCAMGRAPLU,E5CAMGRAPLU,,1,2025,,,,,,1.0
OutputActivityRatio,NDC,ECU,SUPCAMGRAPLU,E5CAMGRAPLU,,1,2026,,,,,,1.0
OutputActivityRatio,NDC,ECU,SUPCAMGRAPLU,E5CAMGRAPLU,,1,2027,,,,,,1.0
OutputActivityRatio,NDC,ECU,SUPCAMGRAPLU,E5CAMGRAPLU,,1,2028,,,,,,1.0
OutputActivityRatio,NDC,ECU,SUPCAMGRAPLU,E5CAMGRAPLU,,1,2029,,,,,,1.0
OutputActivityRatio,NDC,ECU,SUPCAMGRAPLU,E5CAMGRAPLU,,1,2030,,,,,,1.0
OutputActivityRatio,NDC,ECU,SUPCAMGRAPLU,E5CAMGRAPLU,,1,2031,,,,,,1.0
OutputActivityRatio,NDC,ECU,SUPCAMGRAPLU,E5CAMGRAPLU,,1,2032,,,,,,1.0
OutputActivityRatio,NDC,ECU,SUPCAMGRAPLU,E5CAMGRAPLU,,1,2033,,,,,,1.0
OutputActivityRatio,NDC,ECU,SUPCAMGRAPLU,E5CAMGRAPLU,,1,2034,,,,,,1.0
OutputActivityRatio,NDC,ECU,SUPCAMGRAPLU,E5CAMGRAPLU,,1,2035,,,,,,1.0
OutputActivityRatio,NDC,ECU,SUPCAMGRAMON,E5CAMGRAMON,,1,2010,,,,,,1.0
OutputActivityRatio,NDC,ECU,SUPCAMGRAMON,E5CAMGRAMON,,1,2011,,,,,,1.0
OutputActivityRatio,NDC,ECU,SUPCAMGRAMON,E5CAMGRAMON,,1,2012,,,,,,1.0
OutputActivityRatio,NDC,ECU,SUPCAMGRAMON,E5CAMGRAMON,,1,2013,,,,,,1.0
OutputActivityRatio,NDC,ECU,SUPCAMGRAMON,E5CAMGRAMON,,1,2014,,,,,,1.0
OutputActivityRatio,NDC,ECU,SUPCAMGRAMON,E5CAMGRAMON,,1,2015,,,,,,1.0
OutputActivityRatio,NDC,ECU,SUPCAMGRAMON,E5CAMGRAMON,,1,2016,,,,,,1.0
OutputActivityRatio,NDC,ECU,SUPCAMGRAMON,E5CAMGRAMON,,1,2017,,,,,,1.0
OutputActivityRatio,NDC,ECU,SUPCAMGRAMON,E5CAMGRAMON,,1,2018,,,,,,1.0
OutputActivityRatio,NDC,ECU,SUPCAMGRAMON,E5CAMGRAMON,,1,2019,,,,,,1.0
OutputActivityRatio,NDC,ECU,SUPCAMGRAMON,E5CAMGRAMON,,1,2020,,,,,,1.0
OutputActivityRatio,NDC,ECU,SUPCAMGRAMON,E5CAMGRAMON,,1,2021,,,,,,1.0
OutputActivityRatio,NDC,ECU,SUPCAMGRAMON,E5CAMGRAMON,,1,2022,,,,,,1.0
OutputActivityRatio,NDC,ECU,SUPCAMGRAMON,E5CAMGRAMON,,1,2023,,,,,,1.0
OutputActivityRatio,NDC,ECU,SUPCAMGRAMON,E5CAMGRAMON,,1,2024,,,,,,1.0
OutputActivityRatio,NDC,ECU,SUPCAMGRAMON,E5CAMGRAMON,,1,2025,,,,,,1.0
OutputActivityRatio,NDC,ECU,SUPCAMGRAMON,E5CAMGRAMON,,1,2026,,,,,,1.0
OutputActivityRatio,NDC,ECU,SUPCAMGRAMON,E5CAMGRAMON,,1,2027,,,,,,1.0
OutputActivityRatio,NDC,ECU,SUPCAMGRAMON,E5CAMGRAMON,,1,2028,,,,,,1.0
OutputActivityRatio,NDC,ECU,SUPCAMGRAMON,E5CAMGRAMON,,1,2029,,,,,,1.0
OutputActivityRatio,NDC,ECU,SUPCAMGRAMON,E5CAMGRAMON,,1,2030,,,,,,1.0
OutputActivityRatio,NDC,ECU,SUPCAMGRAMON,E5CAMGRAMON,,1,2031,,,,,,1.0
OutputActivityRatio,NDC,ECU,SUPCAMGRAMON,E5CAMGRAMON,,1,2032,,,,,,1.0
OutputActivityRatio,NDC,ECU,SUPCAMGRAMON,E5CAMGRAMON,,1,2033,,,,,,1.0
OutputActivityRatio,NDC,ECU,SUPCAMGRAMON,E5CAMGRAMON,,1,2034,,,,,,1.0
OutputActivityRatio,NDC,ECU,SUPCAMGRAMON,E5CAMGRAMON,,1,2035,,,,,,1.0
OutputActivityRatio,NDC,ECU,SUPCAMGRAPIE,E5CAMGRAPIE,,1,2010,,,,,,1.0
OutputActivityRatio,NDC,ECU,SUPCAMGRAPIE,E5CAMGRAPIE,,1,2011,,,,,,1.0
OutputActivityRatio,NDC,ECU,SUPCAMGRAPIE,E5CAMGRAPIE,,1,2012,,,,,,1.0
OutputActivityRatio,NDC,ECU,SUPCAMGRAPIE,E5CAMGRAPIE,,1,2013,,,,,,1.0
OutputActivityRatio,NDC,ECU,SUPCAMGRAPIE,E5CAMGRAPIE,,1,2014,,,,,,1.0
OutputActivityRatio,NDC,ECU,SUPCAMGRAPIE,E5CAMGRAPIE,,1,2015,,,,,,1.0
OutputActivityRatio,NDC,ECU,SUPCAMGRAPIE,E5CAMGRAPIE,,1,2016,,,,,,1.0
OutputActivityRatio,NDC,ECU,SUPCAMGRAPIE,E5CAMGRAPIE,,1,2017,,,,,,1.0
OutputActivityRatio,NDC,ECU,SUPCAMGRAPIE,E5CAMGRAPIE,,1,2018,,,,,,1.0
OutputActivityRatio,NDC,ECU,SUPCAMGRAPIE,E5CAMGRAPIE,,1,2019,,,,,,1.0
OutputActivityRatio,NDC,ECU,SUPCAMGRAPIE,E5CAMGRAPIE,,1,2020,,,,,,1.0
OutputActivityRatio,NDC,ECU,SUPCAMGRAPIE,E5CAMGRAPIE,,1,2021,,,,,,1.0
OutputActivityRatio,NDC,ECU,SUPCAMGRAPIE,E5CAMGRAPIE,,1,2022,,,,,,1.0
OutputActivityRatio,NDC,ECU,SUPCAMGRAPIE,E5CAMGRAPIE,,1,2023,,,,,,1.0
OutputActivityRatio,NDC,ECU,SUPCAMGRAPIE,E5CAMGRAPIE,,1,2024,,,,,,1.0
OutputActivityRatio,NDC,ECU,SUPCAMGRAPIE,E5CAMGRAPIE,,1,2025,,,,,,1.0
OutputActivityRatio,NDC,ECU,SUPCAMGRAPIE,E5CAMGRAPIE,,1,2026,,,,,,1.0
OutputActivityRatio,NDC,ECU,SUPCAMGRAPIE,E5CAMGRAPIE,,1,2027,,,,,,1.0
OutputActivityRatio,NDC,ECU,SUPCAMGRAPIE,E5CAMGRAPIE,,1,2028,,,,,,1.0
OutputActivityRatio,NDC,ECU,SUPCAMGRAPIE,E5CAMGRAPIE,,1,2029,,,,,,1.0
OutputActivityRatio,NDC,ECU,SUPCAMGRAPIE,E5CAMGRAPIE,,1,2030,,,,,,1.0
OutputActivityRatio,NDC,ECU,SUPCAMGRAPIE,E5CAMGRAPIE,,1,2031,,,,,,1.0
OutputActivityRatio,NDC,ECU,SUPCAMGRAPIE,E5CAMGRAPIE,,1,2032,,,,,,1.0
OutputActivityRatio,NDC,ECU,SUPCAMGRAPIE,E5CAMGRAPIE,,1,2033,,,,,,1.0
OutputActivityRatio,NDC,ECU,SUPCAMGRAPIE,E5CAMGRAPIE,,1,2034,,,,,,1.0
OutputActivityRatio,NDC,ECU,SUPCAMGRAPIE,E5CAMGRAPIE,,1,2035,,,,,,1.0
OutputActivityRatio,NDC,ECU,SUPCAMGRACEJ,E5CAMGRACEJ,,1,2010,,,,,,1.0
OutputActivityRatio,NDC,ECU,SUPCAMGRACEJ,E5CAMGRACEJ,,1,2011,,,,,,1.0
OutputActivityRatio,NDC,ECU,SUPCAMGRACEJ,E5CAMGRACEJ,,1,2012,,,,,,1.0
OutputActivityRatio,NDC,ECU,SUPCAMGRACEJ,E5CAMGRACEJ,,1,2013,,,,,,1.0
OutputActivityRatio,NDC,ECU,SUPCAMGRACEJ,E5CAMGRACEJ,,1,2014,,,,,,1.0
OutputActivityRatio,NDC,ECU,SUPCAMGRACEJ,E5CAMGRACEJ,,1,2015,,,,,,1.0
OutputActivityRatio,NDC,ECU,SUPCAMGRACEJ,E5CAMGRACEJ,,1,2016,,,,,,1.0
OutputActivityRatio,NDC,ECU,SUPCAMGRACEJ,E5CAMGRACEJ,,1,2017,,,,,,1.0
OutputActivityRatio,NDC,ECU,SUPCAMGRACEJ,E5CAMGRACEJ,,1,2018,,,,,,1.0
OutputActivityRatio,NDC,ECU,SUPCAMGRACEJ,E5CAMGRACEJ,,1,2019,,,,,,1.0
OutputActivityRatio,NDC,ECU,SUPCAMGRACEJ,E5CAMGRACEJ,,1,2020,,,,,,1.0
OutputActivityRatio,NDC,ECU,SUPCAMGRACEJ,E5CAMGRACEJ,,1,2021,,,,,,1.0
OutputActivityRatio,NDC,ECU,SUPCAMGRACEJ,E5CAMGRACEJ,,1,2022,,,,,,1.0
OutputActivityRatio,NDC,ECU,SUPCAMGRACEJ,E5CAMGRACEJ,,1,2023,,,,,,1.0
OutputActivityRatio,NDC,ECU,SUPCAMGRACEJ,E5CAMGRACEJ,,1,2024,,,,,,1.0
OutputActivityRatio,NDC,ECU,SUPCAMGRACEJ,E5CAMGRACEJ,,1,2025,,,,,,1.0
OutputActivityRatio,NDC,ECU,SUPCAMGRACEJ,E5CAMGRACEJ,,1,2026,,,,,,1.0
OutputActivityRatio,NDC,ECU,SUPCAMGRACEJ,E5CAMGRACEJ,,1,2027,,,,,,1.0
OutputActivityRatio,NDC,ECU,SUPCAMGRACEJ,E5CAMGRACEJ,,1,2028,,,,,,1.0
OutputActivityRatio,NDC,ECU,SUPCAMGRACEJ,E5CAMGRACEJ,,1,2029,,,,,,1.0
OutputActivityRatio,NDC,ECU,SUPCAMGRACEJ,E5CAMGRACEJ,,1,2030,,,,,,1.0
OutputActivityRatio,NDC,ECU,SUPCAMGRACEJ,E5CAMGRACEJ,,1,2031,,,,,,1.0
OutputActivityRatio,NDC,ECU,SUPCAMGRACEJ,E5CAMGRACEJ,,1,2032,,,,,,1.0
OutputActivityRatio,NDC,ECU,SUPCAMGRACEJ,E5CAMGRACEJ,,1,2033,,,,,,1.0
OutputActivityRatio,NDC,ECU,SUPCAMGRACEJ,E5CAMGRACEJ,,1,2034,,,,,,1.0
OutputActivityRatio,NDC,ECU,SUPCAMGRACEJ,E5CAMGRACEJ,,1,2035,,,,,,1.0
OutputActivityRatio,NDC,ECU,SUPCAMGRAAMA,E5CAMGRAAMA,,1,2010,,,,,,1.0
OutputActivityRatio,NDC,ECU,SUPCAMGRAAMA,E5CAMGRAAMA,,1,2011,,,,,,1.0
OutputActivityRatio,NDC,ECU,SUPCAMGRAAMA,E5CAMGRAAMA,,1,2012,,,,,,1.0
OutputActivityRatio,NDC,ECU,SUPCAMGRAAMA,E5CAMGRAAMA,,1,2013,,,,,,1.0
OutputActivityRatio,NDC,ECU,SUPCAMGRAAMA,E5CAMGRAAMA,,1,2014,,,,,,1.0
OutputActivityRatio,NDC,ECU,SUPCAMGRAAMA,E5CAMGRAAMA,,1,2015,,,,,,1.0
OutputActivityRatio,NDC,ECU,SUPCAMGRAAMA,E5CAMGRAAMA,,1,2016,,,,,,1.0
OutputActivityRatio,NDC,ECU,SUPCAMGRAAMA,E5CAMGRAAMA,,1,2017,,,,,,1.0
OutputActivityRatio,NDC,ECU,SUPCAMGRAAMA,E5CAMGRAAMA,,1,2018,,,,,,1.0
OutputActivityRatio,NDC,ECU,SUPCAMGRAAMA,E5CAMGRAAMA,,1,2019,,,,,,1.0
OutputActivityRatio,NDC,ECU,SUPCAMGRAAMA,E5CAMGRAAMA,,1,2020,,,,,,1.0
OutputActivityRatio,NDC,ECU,SUPCAMGRAAMA,E5CAMGRAAMA,,1,2021,,,,,,1.0
OutputActivityRatio,NDC,ECU,SUPCAMGRAAMA,E5CAMGRAAMA,,1,2022,,,,,,1.0
OutputActivityRatio,NDC,ECU,SUPCAMGRAAMA,E5CAMGRAAMA,,1,2023,,,,,,1.0
OutputActivityRatio,NDC,ECU,SUPCAMGRAAMA,E5CAMGRAAMA,,1,2024,,,,,,1.0
OutputActivityRatio,NDC,ECU,SUPCAMGRAAMA,E5CAMGRAAMA,,1,2025,,,,,,1.0
OutputActivityRatio,NDC,ECU,SUPCAMGRAAMA,E5CAMGRAAMA,,1,2026,,,,,,1.0
OutputActivityRatio,NDC,ECU,SUPCAMGRAAMA,E5CAMGRAAMA,,1,2027,,,,,,1.0
OutputActivityRatio,NDC,ECU,SUPCAMGRAAMA,E5CAMGRAAMA,,1,2028,,,,,,1.0
OutputActivityRatio,NDC,ECU,SUPCAMGRAAMA,E5CAMGRAAMA,,1,2029,,,,,,1.0
OutputActivityRatio,NDC,ECU,SUPCAMGRAAMA,E5CAMGRAAMA,,1,2030,,,,,,1.0
OutputActivityRatio,NDC,ECU,SUPCAMGRAAMA,E5CAMGRAAMA,,1,2031,,,,,,1.0
OutputActivityRatio,NDC,ECU,SUPCAMGRAAMA,E5CAMGRAAMA,,1,2032,,,,,,1.0
OutputActivityRatio,NDC,ECU,SUPCAMGRAAMA,E5CAMGRAAMA,,1,2033,,,,,,1.0
OutputActivityRatio,NDC,ECU,SUPCAMGRAAMA,E5CAMGRAAMA,,1,2034,,,,,,1.0
OutputActivityRatio,NDC,ECU,SUPCAMGRAAMA,E5CAMGRAAMA,,1,2035,,,,,,1.0
OutputActivityRatio,NDC,ECU,SUPCAMGRACHO,E5CAMGRACHO,,1,2010,,,,,,1.0
OutputActivityRatio,NDC,ECU,SUPCAMGRACHO,E5CAMGRACHO,,1,2011,,,,,,1.0
OutputActivityRatio,NDC,ECU,SUPCAMGRACHO,E5CAMGRACHO,,1,2012,,,,,,1.0
OutputActivityRatio,NDC,ECU,SUPCAMGRACHO,E5CAMGRACHO,,1,2013,,,,,,1.0
OutputActivityRatio,NDC,ECU,SUPCAMGRACHO,E5CAMGRACHO,,1,2014,,,,,,1.0
OutputActivityRatio,NDC,ECU,SUPCAMGRACHO,E5CAMGRACHO,,1,2015,,,,,,1.0
OutputActivityRatio,NDC,ECU,SUPCAMGRACHO,E5CAMGRACHO,,1,2016,,,,,,1.0
OutputActivityRatio,NDC,ECU,SUPCAMGRACHO,E5CAMGRACHO,,1,2017,,,,,,1.0
OutputActivityRatio,NDC,ECU,SUPCAMGRACHO,E5CAMGRACHO,,1,2018,,,,,,1.0
OutputActivityRatio,NDC,ECU,SUPCAMGRACHO,E5CAMGRACHO,,1,2019,,,,,,1.0
OutputActivityRatio,NDC,ECU,SUPCAMGRACHO,E5CAMGRACHO,,1,2020,,,,,,1.0
OutputActivityRatio,NDC,ECU,SUPCAMGRACHO,E5CAMGRACHO,,1,2021,,,,,,1.0
OutputActivityRatio,NDC,ECU,SUPCAMGRACHO,E5CAMGRACHO,,1,2022,,,,,,1.0
OutputActivityRatio,NDC,ECU,SUPCAMGRACHO,E5CAMGRACHO,,1,2023,,,,,,1.0
OutputActivityRatio,NDC,ECU,SUPCAMGRACHO,E5CAMGRACHO,,1,2024,,,,,,1.0
OutputActivityRatio,NDC,ECU,SUPCAMGRACHO,E5CAMGRACHO,,1,2025,,,,,,1.0
OutputActivityRatio,NDC,ECU,SUPCAMGRACHO,E5CAMGRACHO,,1,2026,,,,,,1.0
OutputActivityRatio,NDC,ECU,SUPCAMGRACHO,E5CAMGRACHO,,1,2027,,,,,,1.0
OutputActivityRatio,NDC,ECU,SUPCAMGRACHO,E5CAMGRACHO,,1,2028,,,,,,1.0
OutputActivityRatio,NDC,ECU,SUPCAMGRACHO,E5CAMGRACHO,,1,2029,,,,,,1.0
OutputActivityRatio,NDC,ECU,SUPCAMGRACHO,E5CAMGRACHO,,1,2030,,,,,,1.0
OutputActivityRatio,NDC,ECU,SUPCAMGRACHO,E5CAMGRACHO,,1,2031,,,,,,1.0
OutputActivityRatio,NDC,ECU,SUPCAMGRACHO,E5CAMGRACHO,,1,2032,,,,,,1.0
OutputActivityRatio,NDC,ECU,SUPCAMGRACHO,E5CAMGRACHO,,1,2033,,,,,,1.0
OutputActivityRatio,NDC,ECU,SUPCAMGRACHO,E5CAMGRACHO,,1,2034,,,,,,1.0
OutputActivityRatio,NDC,ECU,SUPCAMGRACHO,E5CAMGRACHO,,1,2035,,,,,,1.0
OutputActivityRatio,NDC,ECU,SUPCAMGRAMAN,E5CAMGRAMAN,,1,2010,,,,,,1.0
OutputActivityRatio,NDC,ECU,SUPCAMGRAMAN,E5CAMGRAMAN,,1,2011,,,,,,1.0
OutputActivityRatio,NDC,ECU,SUPCAMGRAMAN,E5CAMGRAMAN,,1,2012,,,,,,1.0
OutputActivityRatio,NDC,ECU,SUPCAMGRAMAN,E5CAMGRAMAN,,1,2013,,,,,,1.0
OutputActivityRatio,NDC,ECU,SUPCAMGRAMAN,E5CAMGRAMAN,,1,2014,,,,,,1.0
OutputActivityRatio,NDC,ECU,SUPCAMGRAMAN,E5CAMGRAMAN,,1,2015,,,,,,1.0
OutputActivityRatio,NDC,ECU,SUPCAMGRAMAN,E5CAMGRAMAN,,1,2016,,,,,,1.0
OutputActivityRatio,NDC,ECU,SUPCAMGRAMAN,E5CAMGRAMAN,,1,2017,,,,,,1.0
OutputActivityRatio,NDC,ECU,SUPCAMGRAMAN,E5CAMGRAMAN,,1,2018,,,,,,1.0
OutputActivityRatio,NDC,ECU,SUPCAMGRAMAN,E5CAMGRAMAN,,1,2019,,,,,,1.0
OutputActivityRatio,NDC,ECU,SUPCAMGRAMAN,E5CAMGRAMAN,,1,2020,,,,,,1.0
OutputActivityRatio,NDC,ECU,SUPCAMGRAMAN,E5CAMGRAMAN,,1,2021,,,,,,1.0
OutputActivityRatio,NDC,ECU,SUPCAMGRAMAN,E5CAMGRAMAN,,1,2022,,,,,,1.0
OutputActivityRatio,NDC,ECU,SUPCAMGRAMAN,E5CAMGRAMAN,,1,2023,,,,,,1.0
OutputActivityRatio,NDC,ECU,SUPCAMGRAMAN,E5CAMGRAMAN,,1,2024,,,,,,1.0
OutputActivityRatio,NDC,ECU,SUPCAMGRAMAN,E5CAMGRAMAN,,1,2025,,,,,,1.0
OutputActivityRatio,NDC,ECU,SUPCAMGRAMAN,E5CAMGRAMAN,,1,2026,,,,,,1.0
OutputActivityRatio,NDC,ECU,SUPCAMGRAMAN,E5CAMGRAMAN,,1,2027,,,,,,1.0
OutputActivityRatio,NDC,ECU,SUPCAMGRAMAN,E5CAMGRAMAN,,1,2028,,,,,,1.0
OutputActivityRatio,NDC,ECU,SUPCAMGRAMAN,E5CAMGRAMAN,,1,2029,,,,,,1.0
OutputActivityRatio,NDC,ECU,SUPCAMGRAMAN,E5CAMGRAMAN,,1,2030,,,,,,1.0
OutputActivityRatio,NDC,ECU,SUPCAMGRAMAN,E5CAMGRAMAN,,1,2031,,,,,,1.0
OutputActivityRatio,NDC,ECU,SUPCAMGRAMAN,E5CAMGRAMAN,,1,2032,,,,,,1.0
OutputActivityRatio,NDC,ECU,SUPCAMGRAMAN,E5CAMGRAMAN,,1,2033,,,,,,1.0
OutputActivityRatio,NDC,ECU,SUPCAMGRAMAN,E5CAMGRAMAN,,1,2034,,,,,,1.0
OutputActivityRatio,NDC,ECU,SUPCAMGRAMAN,E5CAMGRAMAN,,1,2035,,,,,,1.0
OutputActivityRatio,NDC,ECU,SUPCAMGRAMOR,E5CAMGRAMOR,,1,2010,,,,,,1.0
OutputActivityRatio,NDC,ECU,SUPCAMGRAMOR,E5CAMGRAMOR,,1,2011,,,,,,1.0
OutputActivityRatio,NDC,ECU,SUPCAMGRAMOR,E5CAMGRAMOR,,1,2012,,,,,,1.0
OutputActivityRatio,NDC,ECU,SUPCAMGRAMOR,E5CAMGRAMOR,,1,2013,,,,,,1.0
OutputActivityRatio,NDC,ECU,SUPCAMGRAMOR,E5CAMGRAMOR,,1,2014,,,,,,1.0
OutputActivityRatio,NDC,ECU,SUPCAMGRAMOR,E5CAMGRAMOR,,1,2015,,,,,,1.0
OutputActivityRatio,NDC,ECU,SUPCAMGRAMOR,E5CAMGRAMOR,,1,2016,,,,,,1.0
OutputActivityRatio,NDC,ECU,SUPCAMGRAMOR,E5CAMGRAMOR,,1,2017,,,,,,1.0
OutputActivityRatio,NDC,ECU,SUPCAMGRAMOR,E5CAMGRAMOR,,1,2018,,,,,,1.0
OutputActivityRatio,NDC,ECU,SUPCAMGRAMOR,E5CAMGRAMOR,,1,2019,,,,,,1.0
OutputActivityRatio,NDC,ECU,SUPCAMGRAMOR,E5CAMGRAMOR,,1,2020,,,,,,1.0
OutputActivityRatio,NDC,ECU,SUPCAMGRAMOR,E5CAMGRAMOR,,1,2021,,,,,,1.0
OutputActivityRatio,NDC,ECU,SUPCAMGRAMOR,E5CAMGRAMOR,,1,2022,,,,,,1.0
OutputActivityRatio,NDC,ECU,SUPCAMGRAMOR,E5CAMGRAMOR,,1,2023,,,,,,1.0
OutputActivityRatio,NDC,ECU,SUPCAMGRAMOR,E5CAMGRAMOR,,1,2024,,,,,,1.0
OutputActivityRatio,NDC,ECU,SUPCAMGRAMOR,E5CAMGRAMOR,,1,2025,,,,,,1.0
OutputActivityRatio,NDC,ECU,SUPCAMGRAMOR,E5CAMGRAMOR,,1,2026,,,,,,1.0
OutputActivityRatio,NDC,ECU,SUPCAMGRAMOR,E5CAMGRAMOR,,1,2027,,,,,,1.0
OutputActivityRatio,NDC,ECU,SUPCAMGRAMOR,E5CAMGRAMOR,,1,2028,,,,,,1.0
OutputActivityRatio,NDC,ECU,SUPCAMGRAMOR,E5CAMGRAMOR,,1,2029,,,,,,1.0
OutputActivityRatio,NDC,ECU,SUPCAMGRAMOR,E5CAMGRAMOR,,1,2030,,,,,,1.0
OutputActivityRatio,NDC,ECU,SUPCAMGRAMOR,E5CAMGRAMOR,,1,2031,,,,,,1.0
OutputActivityRatio,NDC,ECU,SUPCAMGRAMOR,E5CAMGRAMOR,,1,2032,,,,,,1.0
OutputActivityRatio,NDC,ECU,SUPCAMGRAMOR,E5CAMGRAMOR,,1,2033,,,,,,1.0
OutputActivityRatio,NDC,ECU,SUPCAMGRAMOR,E5CAMGRAMOR,,1,2034,,,,,,1.0
OutputActivityRatio,NDC,ECU,SUPCAMGRAMOR,E5CAMGRAMOR,,1,2035,,,,,,1.0
OutputActivityRatio,NDC,ECU,SUPCAMGRAPFO,E5CAMGRAPFO,,1,2010,,,,,,1.0
OutputActivityRatio,NDC,ECU,SUPCAMGRAPFO,E5CAMGRAPFO,,1,2011,,,,,,1.0
OutputActivityRatio,NDC,ECU,SUPCAMGRAPFO,E5CAMGRAPFO,,1,2012,,,,,,1.0
OutputActivityRatio,NDC,ECU,SUPCAMGRAPFO,E5CAMGRAPFO,,1,2013,,,,,,1.0
OutputActivityRatio,NDC,ECU,SUPCAMGRAPFO,E5CAMGRAPFO,,1,2014,,,,,,1.0
OutputActivityRatio,NDC,ECU,SUPCAMGRAPFO,E5CAMGRAPFO,,1,2015,,,,,,1.0
OutputActivityRatio,NDC,ECU,SUPCAMGRAPFO,E5CAMGRAPFO,,1,2016,,,,,,1.0
OutputActivityRatio,NDC,ECU,SUPCAMGRAPFO,E5CAMGRAPFO,,1,2017,,,,,,1.0
OutputActivityRatio,NDC,ECU,SUPCAMGRAPFO,E5CAMGRAPFO,,1,2018,,,,,,1.0
OutputActivityRatio,NDC,ECU,SUPCAMGRAPFO,E5CAMGRAPFO,,1,2019,,,,,,1.0
OutputActivityRatio,NDC,ECU,SUPCAMGRAPFO,E5CAMGRAPFO,,1,2020,,,,,,1.0
OutputActivityRatio,NDC,ECU,SUPCAMGRAPFO,E5CAMGRAPFO,,1,2021,,,,,,1.0
OutputActivityRatio,NDC,ECU,SUPCAMGRAPFO,E5CAMGRAPFO,,1,2022,,,,,,1.0
OutputActivityRatio,NDC,ECU,SUPCAMGRAPFO,E5CAMGRAPFO,,1,2023,,,,,,1.0
OutputActivityRatio,NDC,ECU,SUPCAMGRAPFO,E5CAMGRAPFO,,1,2024,,,,,,1.0
OutputActivityRatio,NDC,ECU,SUPCAMGRAPFO,E5CAMGRAPFO,,1,2025,,,,,,1.0
OutputActivityRatio,NDC,ECU,SUPCAMGRAPFO,E5CAMGRAPFO,,1,2026,,,,,,1.0
OutputActivityRatio,NDC,ECU,SUPCAMGRAPFO,E5CAMGRAPFO,,1,2027,,,,,,1.0
OutputActivityRatio,NDC,ECU,SUPCAMGRAPFO,E5CAMGRAPFO,,1,2028,,,,,,1.0
OutputActivityRatio,NDC,ECU,SUPCAMGRAPFO,E5CAMGRAPFO,,1,2029,,,,,,1.0
OutputActivityRatio,NDC,ECU,SUPCAMGRAPFO,E5CAMGRAPFO,,1,2030,,,,,,1.0
OutputActivityRatio,NDC,ECU,SUPCAMGRAPFO,E5CAMGRAPFO,,1,2031,,,,,,1.0
OutputActivityRatio,NDC,ECU,SUPCAMGRAPFO,E5CAMGRAPFO,,1,2032,,,,,,1.0
OutputActivityRatio,NDC,ECU,SUPCAMGRAPFO,E5CAMGRAPFO,,1,2033,,,,,,1.0
OutputActivityRatio,NDC,ECU,SUPCAMGRAPFO,E5CAMGRAPFO,,1,2034,,,,,,1.0
OutputActivityRatio,NDC,ECU,SUPCAMGRAPFO,E5CAMGRAPFO,,1,2035,,,,,,1.0
OutputActivityRatio,NDC,ECU,SUPCAMHUMAND,E5CAMHUMAND,,1,2010,,,,,,1.0
OutputActivityRatio,NDC,ECU,SUPCAMHUMAND,E5CAMHUMAND,,1,2011,,,,,,1.0
OutputActivityRatio,NDC,ECU,SUPCAMHUMAND,E5CAMHUMAND,,1,2012,,,,,,1.0
OutputActivityRatio,NDC,ECU,SUPCAMHUMAND,E5CAMHUMAND,,1,2013,,,,,,1.0
OutputActivityRatio,NDC,ECU,SUPCAMHUMAND,E5CAMHUMAND,,1,2014,,,,,,1.0
OutputActivityRatio,NDC,ECU,SUPCAMHUMAND,E5CAMHUMAND,,1,2015,,,,,,1.0
OutputActivityRatio,NDC,ECU,SUPCAMHUMAND,E5CAMHUMAND,,1,2016,,,,,,1.0
OutputActivityRatio,NDC,ECU,SUPCAMHUMAND,E5CAMHUMAND,,1,2017,,,,,,1.0
OutputActivityRatio,NDC,ECU,SUPCAMHUMAND,E5CAMHUMAND,,1,2018,,,,,,1.0
OutputActivityRatio,NDC,ECU,SUPCAMHUMAND,E5CAMHUMAND,,1,2019,,,,,,1.0
OutputActivityRatio,NDC,ECU,SUPCAMHUMAND,E5CAMHUMAND,,1,2020,,,,,,1.0
OutputActivityRatio,NDC,ECU,SUPCAMHUMAND,E5CAMHUMAND,,1,2021,,,,,,1.0
OutputActivityRatio,NDC,ECU,SUPCAMHUMAND,E5CAMHUMAND,,1,2022,,,,,,1.0
OutputActivityRatio,NDC,ECU,SUPCAMHUMAND,E5CAMHUMAND,,1,2023,,,,,,1.0
OutputActivityRatio,NDC,ECU,SUPCAMHUMAND,E5CAMHUMAND,,1,2024,,,,,,1.0
OutputActivityRatio,NDC,ECU,SUPCAMHUMAND,E5CAMHUMAND,,1,2025,,,,,,1.0
OutputActivityRatio,NDC,ECU,SUPCAMHUMAND,E5CAMHUMAND,,1,2026,,,,,,1.0
OutputActivityRatio,NDC,ECU,SUPCAMHUMAND,E5CAMHUMAND,,1,2027,,,,,,1.0
OutputActivityRatio,NDC,ECU,SUPCAMHUMAND,E5CAMHUMAND,,1,2028,,,,,,1.0
OutputActivityRatio,NDC,ECU,SUPCAMHUMAND,E5CAMHUMAND,,1,2029,,,,,,1.0
OutputActivityRatio,NDC,ECU,SUPCAMHUMAND,E5CAMHUMAND,,1,2030,,,,,,1.0
OutputActivityRatio,NDC,ECU,SUPCAMHUMAND,E5CAMHUMAND,,1,2031,,,,,,1.0
OutputActivityRatio,NDC,ECU,SUPCAMHUMAND,E5CAMHUMAND,,1,2032,,,,,,1.0
OutputActivityRatio,NDC,ECU,SUPCAMHUMAND,E5CAMHUMAND,,1,2033,,,,,,1.0
OutputActivityRatio,NDC,ECU,SUPCAMHUMAND,E5CAMHUMAND,,1,2034,,,,,,1.0
OutputActivityRatio,NDC,ECU,SUPCAMHUMAND,E5CAMHUMAND,,1,2035,,,,,,1.0
OutputActivityRatio,NDC,ECU,SUPCAMHUMPLU,E5CAMHUMPLU,,1,2010,,,,,,1.0
OutputActivityRatio,NDC,ECU,SUPCAMHUMPLU,E5CAMHUMPLU,,1,2011,,,,,,1.0
OutputActivityRatio,NDC,ECU,SUPCAMHUMPLU,E5CAMHUMPLU,,1,2012,,,,,,1.0
OutputActivityRatio,NDC,ECU,SUPCAMHUMPLU,E5CAMHUMPLU,,1,2013,,,,,,1.0
OutputActivityRatio,NDC,ECU,SUPCAMHUMPLU,E5CAMHUMPLU,,1,2014,,,,,,1.0
OutputActivityRatio,NDC,ECU,SUPCAMHUMPLU,E5CAMHUMPLU,,1,2015,,,,,,1.0
OutputActivityRatio,NDC,ECU,SUPCAMHUMPLU,E5CAMHUMPLU,,1,2016,,,,,,1.0
OutputActivityRatio,NDC,ECU,SUPCAMHUMPLU,E5CAMHUMPLU,,1,2017,,,,,,1.0
OutputActivityRatio,NDC,ECU,SUPCAMHUMPLU,E5CAMHUMPLU,,1,2018,,,,,,1.0
OutputActivityRatio,NDC,ECU,SUPCAMHUMPLU,E5CAMHUMPLU,,1,2019,,,,,,1.0
OutputActivityRatio,NDC,ECU,SUPCAMHUMPLU,E5CAMHUMPLU,,1,2020,,,,,,1.0
OutputActivityRatio,NDC,ECU,SUPCAMHUMPLU,E5CAMHUMPLU,,1,2021,,,,,,1.0
OutputActivityRatio,NDC,ECU,SUPCAMHUMPLU,E5CAMHUMPLU,,1,2022,,,,,,1.0
OutputActivityRatio,NDC,ECU,SUPCAMHUMPLU,E5CAMHUMPLU,,1,2023,,,,,,1.0
OutputActivityRatio,NDC,ECU,SUPCAMHUMPLU,E5CAMHUMPLU,,1,2024,,,,,,1.0
OutputActivityRatio,NDC,ECU,SUPCAMHUMPLU,E5CAMHUMPLU,,1,2025,,,,,,1.0
OutputActivityRatio,NDC,ECU,SUPCAMHUMPLU,E5CAMHUMPLU,,1,2026,,,,,,1.0
OutputActivityRatio,NDC,ECU,SUPCAMHUMPLU,E5CAMHUMPLU,,1,2027,,,,,,1.0
OutputActivityRatio,NDC,ECU,SUPCAMHUMPLU,E5CAMHUMPLU,,1,2028,,,,,,1.0
OutputActivityRatio,NDC,ECU,SUPCAMHUMPLU,E5CAMHUMPLU,,1,2029,,,,,,1.0
OutputActivityRatio,NDC,ECU,SUPCAMHUMPLU,E5CAMHUMPLU,,1,2030,,,,,,1.0
OutputActivityRatio,NDC,ECU,SUPCAMHUMPLU,E5CAMHUMPLU,,1,2031,,,,,,1.0
OutputActivityRatio,NDC,ECU,SUPCAMHUMPLU,E5CAMHUMPLU,,1,2032,,,,,,1.0
OutputActivityRatio,NDC,ECU,SUPCAMHUMPLU,E5CAMHUMPLU,,1,2033,,,,,,1.0
OutputActivityRatio,NDC,ECU,SUPCAMHUMPLU,E5CAMHUMPLU,,1,2034,,,,,,1.0
OutputActivityRatio,NDC,ECU,SUPCAMHUMPLU,E5CAMHUMPLU,,1,2035,,,,,,1.0
OutputActivityRatio,NDC,ECU,SUPCAMHUMMON,E5CAMHUMMON,,1,2010,,,,,,1.0
OutputActivityRatio,NDC,ECU,SUPCAMHUMMON,E5CAMHUMMON,,1,2011,,,,,,1.0
OutputActivityRatio,NDC,ECU,SUPCAMHUMMON,E5CAMHUMMON,,1,2012,,,,,,1.0
OutputActivityRatio,NDC,ECU,SUPCAMHUMMON,E5CAMHUMMON,,1,2013,,,,,,1.0
OutputActivityRatio,NDC,ECU,SUPCAMHUMMON,E5CAMHUMMON,,1,2014,,,,,,1.0
OutputActivityRatio,NDC,ECU,SUPCAMHUMMON,E5CAMHUMMON,,1,2015,,,,,,1.0
OutputActivityRatio,NDC,ECU,SUPCAMHUMMON,E5CAMHUMMON,,1,2016,,,,,,1.0
OutputActivityRatio,NDC,ECU,SUPCAMHUMMON,E5CAMHUMMON,,1,2017,,,,,,1.0
OutputActivityRatio,NDC,ECU,SUPCAMHUMMON,E5CAMHUMMON,,1,2018,,,,,,1.0
OutputActivityRatio,NDC,ECU,SUPCAMHUMMON,E5CAMHUMMON,,1,2019,,,,,,1.0
OutputActivityRatio,NDC,ECU,SUPCAMHUMMON,E5CAMHUMMON,,1,2020,,,,,,1.0
OutputActivityRatio,NDC,ECU,SUPCAMHUMMON,E5CAMHUMMON,,1,2021,,,,,,1.0
OutputActivityRatio,NDC,ECU,SUPCAMHUMMON,E5CAMHUMMON,,1,2022,,,,,,1.0
OutputActivityRatio,NDC,ECU,SUPCAMHUMMON,E5CAMHUMMON,,1,2023,,,,,,1.0
OutputActivityRatio,NDC,ECU,SUPCAMHUMMON,E5CAMHUMMON,,1,2024,,,,,,1.0
OutputActivityRatio,NDC,ECU,SUPCAMHUMMON,E5CAMHUMMON,,1,2025,,,,,,1.0
OutputActivityRatio,NDC,ECU,SUPCAMHUMMON,E5CAMHUMMON,,1,2026,,,,,,1.0
OutputActivityRatio,NDC,ECU,SUPCAMHUMMON,E5CAMHUMMON,,1,2027,,,,,,1.0
OutputActivityRatio,NDC,ECU,SUPCAMHUMMON,E5CAMHUMMON,,1,2028,,,,,,1.0
OutputActivityRatio,NDC,ECU,SUPCAMHUMMON,E5CAMHUMMON,,1,2029,,,,,,1.0
OutputActivityRatio,NDC,ECU,SUPCAMHUMMON,E5CAMHUMMON,,1,2030,,,,,,1.0
OutputActivityRatio,NDC,ECU,SUPCAMHUMMON,E5CAMHUMMON,,1,2031,,,,,,1.0
OutputActivityRatio,NDC,ECU,SUPCAMHUMMON,E5CAMHUMMON,,1,2032,,,,,,1.0
OutputActivityRatio,NDC,ECU,SUPCAMHUMMON,E5CAMHUMMON,,1,2033,,,,,,1.0
OutputActivityRatio,NDC,ECU,SUPCAMHUMMON,E5CAMHUMMON,,1,2034,,,,,,1.0
OutputActivityRatio,NDC,ECU,SUPCAMHUMMON,E5CAMHUMMON,,1,2035,,,,,,1.0
OutputActivityRatio,NDC,ECU,SUPCAMHUMPIE,E5CAMHUMPIE,,1,2010,,,,,,1.0
OutputActivityRatio,NDC,ECU,SUPCAMHUMPIE,E5CAMHUMPIE,,1,2011,,,,,,1.0
OutputActivityRatio,NDC,ECU,SUPCAMHUMPIE,E5CAMHUMPIE,,1,2012,,,,,,1.0
OutputActivityRatio,NDC,ECU,SUPCAMHUMPIE,E5CAMHUMPIE,,1,2013,,,,,,1.0
OutputActivityRatio,NDC,ECU,SUPCAMHUMPIE,E5CAMHUMPIE,,1,2014,,,,,,1.0
OutputActivityRatio,NDC,ECU,SUPCAMHUMPIE,E5CAMHUMPIE,,1,2015,,,,,,1.0
OutputActivityRatio,NDC,ECU,SUPCAMHUMPIE,E5CAMHUMPIE,,1,2016,,,,,,1.0
OutputActivityRatio,NDC,ECU,SUPCAMHUMPIE,E5CAMHUMPIE,,1,2017,,,,,,1.0
OutputActivityRatio,NDC,ECU,SUPCAMHUMPIE,E5CAMHUMPIE,,1,2018,,,,,,1.0
OutputActivityRatio,NDC,ECU,SUPCAMHUMPIE,E5CAMHUMPIE,,1,2019,,,,,,1.0
OutputActivityRatio,NDC,ECU,SUPCAMHUMPIE,E5CAMHUMPIE,,1,2020,,,,,,1.0
OutputActivityRatio,NDC,ECU,SUPCAMHUMPIE,E5CAMHUMPIE,,1,2021,,,,,,1.0
OutputActivityRatio,NDC,ECU,SUPCAMHUMPIE,E5CAMHUMPIE,,1,2022,,,,,,1.0
OutputActivityRatio,NDC,ECU,SUPCAMHUMPIE,E5CAMHUMPIE,,1,2023,,,,,,1.0
OutputActivityRatio,NDC,ECU,SUPCAMHUMPIE,E5CAMHUMPIE,,1,2024,,,,,,1.0
OutputActivityRatio,NDC,ECU,SUPCAMHUMPIE,E5CAMHUMPIE,,1,2025,,,,,,1.0
OutputActivityRatio,NDC,ECU,SUPCAMHUMPIE,E5CAMHUMPIE,,1,2026,,,,,,1.0
OutputActivityRatio,NDC,ECU,SUPCAMHUMPIE,E5CAMHUMPIE,,1,2027,,,,,,1.0
OutputActivityRatio,NDC,ECU,SUPCAMHUMPIE,E5CAMHUMPIE,,1,2028,,,,,,1.0
OutputActivityRatio,NDC,ECU,SUPCAMHUMPIE,E5CAMHUMPIE,,1,2029,,,,,,1.0
OutputActivityRatio,NDC,ECU,SUPCAMHUMPIE,E5CAMHUMPIE,,1,2030,,,,,,1.0
OutputActivityRatio,NDC,ECU,SUPCAMHUMPIE,E5CAMHUMPIE,,1,2031,,,,,,1.0
OutputActivityRatio,NDC,ECU,SUPCAMHUMPIE,E5CAMHUMPIE,,1,2032,,,,,,1.0
OutputActivityRatio,NDC,ECU,SUPCAMHUMPIE,E5CAMHUMPIE,,1,2033,,,,,,1.0
OutputActivityRatio,NDC,ECU,SUPCAMHUMPIE,E5CAMHUMPIE,,1,2034,,,,,,1.0
OutputActivityRatio,NDC,ECU,SUPCAMHUMPIE,E5CAMHUMPIE,,1,2035,,,,,,1.0
OutputActivityRatio,NDC,ECU,SUPCAMHUMCEJ,E5CAMHUMCEJ,,1,2010,,,,,,1.0
OutputActivityRatio,NDC,ECU,SUPCAMHUMCEJ,E5CAMHUMCEJ,,1,2011,,,,,,1.0
OutputActivityRatio,NDC,ECU,SUPCAMHUMCEJ,E5CAMHUMCEJ,,1,2012,,,,,,1.0
OutputActivityRatio,NDC,ECU,SUPCAMHUMCEJ,E5CAMHUMCEJ,,1,2013,,,,,,1.0
OutputActivityRatio,NDC,ECU,SUPCAMHUMCEJ,E5CAMHUMCEJ,,1,2014,,,,,,1.0
OutputActivityRatio,NDC,ECU,SUPCAMHUMCEJ,E5CAMHUMCEJ,,1,2015,,,,,,1.0
OutputActivityRatio,NDC,ECU,SUPCAMHUMCEJ,E5CAMHUMCEJ,,1,2016,,,,,,1.0
OutputActivityRatio,NDC,ECU,SUPCAMHUMCEJ,E5CAMHUMCEJ,,1,2017,,,,,,1.0
OutputActivityRatio,NDC,ECU,SUPCAMHUMCEJ,E5CAMHUMCEJ,,1,2018,,,,,,1.0
OutputActivityRatio,NDC,ECU,SUPCAMHUMCEJ,E5CAMHUMCEJ,,1,2019,,,,,,1.0
OutputActivityRatio,NDC,ECU,SUPCAMHUMCEJ,E5CAMHUMCEJ,,1,2020,,,,,,1.0
OutputActivityRatio,NDC,ECU,SUPCAMHUMCEJ,E5CAMHUMCEJ,,1,2021,,,,,,1.0
OutputActivityRatio,NDC,ECU,SUPCAMHUMCEJ,E5CAMHUMCEJ,,1,2022,,,,,,1.0
OutputActivityRatio,NDC,ECU,SUPCAMHUMCEJ,E5CAMHUMCEJ,,1,2023,,,,,,1.0
OutputActivityRatio,NDC,ECU,SUPCAMHUMCEJ,E5CAMHUMCEJ,,1,2024,,,,,,1.0
OutputActivityRatio,NDC,ECU,SUPCAMHUMCEJ,E5CAMHUMCEJ,,1,2025,,,,,,1.0
OutputActivityRatio,NDC,ECU,SUPCAMHUMCEJ,E5CAMHUMCEJ,,1,2026,,,,,,1.0
OutputActivityRatio,NDC,ECU,SUPCAMHUMCEJ,E5CAMHUMCEJ,,1,2027,,,,,,1.0
OutputActivityRatio,NDC,ECU,SUPCAMHUMCEJ,E5CAMHUMCEJ,,1,2028,,,,,,1.0
OutputActivityRatio,NDC,ECU,SUPCAMHUMCEJ,E5CAMHUMCEJ,,1,2029,,,,,,1.0
OutputActivityRatio,NDC,ECU,SUPCAMHUMCEJ,E5CAMHUMCEJ,,1,2030,,,,,,1.0
OutputActivityRatio,NDC,ECU,SUPCAMHUMCEJ,E5CAMHUMCEJ,,1,2031,,,,,,1.0
OutputActivityRatio,NDC,ECU,SUPCAMHUMCEJ,E5CAMHUMCEJ,,1,2032,,,,,,1.0
OutputActivityRatio,NDC,ECU,SUPCAMHUMCEJ,E5CAMHUMCEJ,,1,2033,,,,,,1.0
OutputActivityRatio,NDC,ECU,SUPCAMHUMCEJ,E5CAMHUMCEJ,,1,2034,,,,,,1.0
OutputActivityRatio,NDC,ECU,SUPCAMHUMCEJ,E5CAMHUMCEJ,,1,2035,,,,,,1.0
OutputActivityRatio,NDC,ECU,SUPCAMHUMAMA,E5CAMHUMAMA,,1,2010,,,,,,1.0
OutputActivityRatio,NDC,ECU,SUPCAMHUMAMA,E5CAMHUMAMA,,1,2011,,,,,,1.0
OutputActivityRatio,NDC,ECU,SUPCAMHUMAMA,E5CAMHUMAMA,,1,2012,,,,,,1.0
OutputActivityRatio,NDC,ECU,SUPCAMHUMAMA,E5CAMHUMAMA,,1,2013,,,,,,1.0
OutputActivityRatio,NDC,ECU,SUPCAMHUMAMA,E5CAMHUMAMA,,1,2014,,,,,,1.0
OutputActivityRatio,NDC,ECU,SUPCAMHUMAMA,E5CAMHUMAMA,,1,2015,,,,,,1.0
OutputActivityRatio,NDC,ECU,SUPCAMHUMAMA,E5CAMHUMAMA,,1,2016,,,,,,1.0
OutputActivityRatio,NDC,ECU,SUPCAMHUMAMA,E5CAMHUMAMA,,1,2017,,,,,,1.0
OutputActivityRatio,NDC,ECU,SUPCAMHUMAMA,E5CAMHUMAMA,,1,2018,,,,,,1.0
OutputActivityRatio,NDC,ECU,SUPCAMHUMAMA,E5CAMHUMAMA,,1,2019,,,,,,1.0
OutputActivityRatio,NDC,ECU,SUPCAMHUMAMA,E5CAMHUMAMA,,1,2020,,,,,,1.0
OutputActivityRatio,NDC,ECU,SUPCAMHUMAMA,E5CAMHUMAMA,,1,2021,,,,,,1.0
OutputActivityRatio,NDC,ECU,SUPCAMHUMAMA,E5CAMHUMAMA,,1,2022,,,,,,1.0
OutputActivityRatio,NDC,ECU,SUPCAMHUMAMA,E5CAMHUMAMA,,1,2023,,,,,,1.0
OutputActivityRatio,NDC,ECU,SUPCAMHUMAMA,E5CAMHUMAMA,,1,2024,,,,,,1.0
OutputActivityRatio,NDC,ECU,SUPCAMHUMAMA,E5CAMHUMAMA,,1,2025,,,,,,1.0
OutputActivityRatio,NDC,ECU,SUPCAMHUMAMA,E5CAMHUMAMA,,1,2026,,,,,,1.0
OutputActivityRatio,NDC,ECU,SUPCAMHUMAMA,E5CAMHUMAMA,,1,2027,,,,,,1.0
OutputActivityRatio,NDC,ECU,SUPCAMHUMAMA,E5CAMHUMAMA,,1,2028,,,,,,1.0
OutputActivityRatio,NDC,ECU,SUPCAMHUMAMA,E5CAMHUMAMA,,1,2029,,,,,,1.0
OutputActivityRatio,NDC,ECU,SUPCAMHUMAMA,E5CAMHUMAMA,,1,2030,,,,,,1.0
OutputActivityRatio,NDC,ECU,SUPCAMHUMAMA,E5CAMHUMAMA,,1,2031,,,,,,1.0
OutputActivityRatio,NDC,ECU,SUPCAMHUMAMA,E5CAMHUMAMA,,1,2032,,,,,,1.0
OutputActivityRatio,NDC,ECU,SUPCAMHUMAMA,E5CAMHUMAMA,,1,2033,,,,,,1.0
OutputActivityRatio,NDC,ECU,SUPCAMHUMAMA,E5CAMHUMAMA,,1,2034,,,,,,1.0
OutputActivityRatio,NDC,ECU,SUPCAMHUMAMA,E5CAMHUMAMA,,1,2035,,,,,,1.0
OutputActivityRatio,NDC,ECU,SUPCAMHUMCHO,E5CAMHUMCHO,,1,2010,,,,,,1.0
OutputActivityRatio,NDC,ECU,SUPCAMHUMCHO,E5CAMHUMCHO,,1,2011,,,,,,1.0
OutputActivityRatio,NDC,ECU,SUPCAMHUMCHO,E5CAMHUMCHO,,1,2012,,,,,,1.0
OutputActivityRatio,NDC,ECU,SUPCAMHUMCHO,E5CAMHUMCHO,,1,2013,,,,,,1.0
OutputActivityRatio,NDC,ECU,SUPCAMHUMCHO,E5CAMHUMCHO,,1,2014,,,,,,1.0
OutputActivityRatio,NDC,ECU,SUPCAMHUMCHO,E5CAMHUMCHO,,1,2015,,,,,,1.0
OutputActivityRatio,NDC,ECU,SUPCAMHUMCHO,E5CAMHUMCHO,,1,2016,,,,,,1.0
OutputActivityRatio,NDC,ECU,SUPCAMHUMCHO,E5CAMHUMCHO,,1,2017,,,,,,1.0
OutputActivityRatio,NDC,ECU,SUPCAMHUMCHO,E5CAMHUMCHO,,1,2018,,,,,,1.0
OutputActivityRatio,NDC,ECU,SUPCAMHUMCHO,E5CAMHUMCHO,,1,2019,,,,,,1.0
OutputActivityRatio,NDC,ECU,SUPCAMHUMCHO,E5CAMHUMCHO,,1,2020,,,,,,1.0
OutputActivityRatio,NDC,ECU,SUPCAMHUMCHO,E5CAMHUMCHO,,1,2021,,,,,,1.0
OutputActivityRatio,NDC,ECU,SUPCAMHUMCHO,E5CAMHUMCHO,,1,2022,,,,,,1.0
OutputActivityRatio,NDC,ECU,SUPCAMHUMCHO,E5CAMHUMCHO,,1,2023,,,,,,1.0
OutputActivityRatio,NDC,ECU,SUPCAMHUMCHO,E5CAMHUMCHO,,1,2024,,,,,,1.0
OutputActivityRatio,NDC,ECU,SUPCAMHUMCHO,E5CAMHUMCHO,,1,2025,,,,,,1.0
OutputActivityRatio,NDC,ECU,SUPCAMHUMCHO,E5CAMHUMCHO,,1,2026,,,,,,1.0
OutputActivityRatio,NDC,ECU,SUPCAMHUMCHO,E5CAMHUMCHO,,1,2027,,,,,,1.0
OutputActivityRatio,NDC,ECU,SUPCAMHUMCHO,E5CAMHUMCHO,,1,2028,,,,,,1.0
OutputActivityRatio,NDC,ECU,SUPCAMHUMCHO,E5CAMHUMCHO,,1,2029,,,,,,1.0
OutputActivityRatio,NDC,ECU,SUPCAMHUMCHO,E5CAMHUMCHO,,1,2030,,,,,,1.0
OutputActivityRatio,NDC,ECU,SUPCAMHUMCHO,E5CAMHUMCHO,,1,2031,,,,,,1.0
OutputActivityRatio,NDC,ECU,SUPCAMHUMCHO,E5CAMHUMCHO,,1,2032,,,,,,1.0
OutputActivityRatio,NDC,ECU,SUPCAMHUMCHO,E5CAMHUMCHO,,1,2033,,,,,,1.0
OutputActivityRatio,NDC,ECU,SUPCAMHUMCHO,E5CAMHUMCHO,,1,2034,,,,,,1.0
OutputActivityRatio,NDC,ECU,SUPCAMHUMCHO,E5CAMHUMCHO,,1,2035,,,,,,1.0
OutputActivityRatio,NDC,ECU,SUPCAMHUMMAN,E5CAMHUMMAN,,1,2010,,,,,,1.0
OutputActivityRatio,NDC,ECU,SUPCAMHUMMAN,E5CAMHUMMAN,,1,2011,,,,,,1.0
OutputActivityRatio,NDC,ECU,SUPCAMHUMMAN,E5CAMHUMMAN,,1,2012,,,,,,1.0
OutputActivityRatio,NDC,ECU,SUPCAMHUMMAN,E5CAMHUMMAN,,1,2013,,,,,,1.0
OutputActivityRatio,NDC,ECU,SUPCAMHUMMAN,E5CAMHUMMAN,,1,2014,,,,,,1.0
OutputActivityRatio,NDC,ECU,SUPCAMHUMMAN,E5CAMHUMMAN,,1,2015,,,,,,1.0
OutputActivityRatio,NDC,ECU,SUPCAMHUMMAN,E5CAMHUMMAN,,1,2016,,,,,,1.0
OutputActivityRatio,NDC,ECU,SUPCAMHUMMAN,E5CAMHUMMAN,,1,2017,,,,,,1.0
OutputActivityRatio,NDC,ECU,SUPCAMHUMMAN,E5CAMHUMMAN,,1,2018,,,,,,1.0
OutputActivityRatio,NDC,ECU,SUPCAMHUMMAN,E5CAMHUMMAN,,1,2019,,,,,,1.0
OutputActivityRatio,NDC,ECU,SUPCAMHUMMAN,E5CAMHUMMAN,,1,2020,,,,,,1.0
OutputActivityRatio,NDC,ECU,SUPCAMHUMMAN,E5CAMHUMMAN,,1,2021,,,,,,1.0
OutputActivityRatio,NDC,ECU,SUPCAMHUMMAN,E5CAMHUMMAN,,1,2022,,,,,,1.0
OutputActivityRatio,NDC,ECU,SUPCAMHUMMAN,E5CAMHUMMAN,,1,2023,,,,,,1.0
OutputActivityRatio,NDC,ECU,SUPCAMHUMMAN,E5CAMHUMMAN,,1,2024,,,,,,1.0
OutputActivityRatio,NDC,ECU,SUPCAMHUMMAN,E5CAMHUMMAN,,1,2025,,,,,,1.0
OutputActivityRatio,NDC,ECU,SUPCAMHUMMAN,E5CAMHUMMAN,,1,2026,,,,,,1.0
OutputActivityRatio,NDC,ECU,SUPCAMHUMMAN,E5CAMHUMMAN,,1,2027,,,,,,1.0
OutputActivityRatio,NDC,ECU,SUPCAMHUMMAN,E5CAMHUMMAN,,1,2028,,,,,,1.0
OutputActivityRatio,NDC,ECU,SUPCAMHUMMAN,E5CAMHUMMAN,,1,2029,,,,,,1.0
OutputActivityRatio,NDC,ECU,SUPCAMHUMMAN,E5CAMHUMMAN,,1,2030,,,,,,1.0
OutputActivityRatio,NDC,ECU,SUPCAMHUMMAN,E5CAMHUMMAN,,1,2031,,,,,,1.0
OutputActivityRatio,NDC,ECU,SUPCAMHUMMAN,E5CAMHUMMAN,,1,2032,,,,,,1.0
OutputActivityRatio,NDC,ECU,SUPCAMHUMMAN,E5CAMHUMMAN,,1,2033,,,,,,1.0
OutputActivityRatio,NDC,ECU,SUPCAMHUMMAN,E5CAMHUMMAN,,1,2034,,,,,,1.0
OutputActivityRatio,NDC,ECU,SUPCAMHUMMAN,E5CAMHUMMAN,,1,2035,,,,,,1.0
OutputActivityRatio,NDC,ECU,SUPCAMHUMMOR,E5CAMHUMMOR,,1,2010,,,,,,1.0
OutputActivityRatio,NDC,ECU,SUPCAMHUMMOR,E5CAMHUMMOR,,1,2011,,,,,,1.0
OutputActivityRatio,NDC,ECU,SUPCAMHUMMOR,E5CAMHUMMOR,,1,2012,,,,,,1.0
OutputActivityRatio,NDC,ECU,SUPCAMHUMMOR,E5CAMHUMMOR,,1,2013,,,,,,1.0
OutputActivityRatio,NDC,ECU,SUPCAMHUMMOR,E5CAMHUMMOR,,1,2014,,,,,,1.0
OutputActivityRatio,NDC,ECU,SUPCAMHUMMOR,E5CAMHUMMOR,,1,2015,,,,,,1.0
OutputActivityRatio,NDC,ECU,SUPCAMHUMMOR,E5CAMHUMMOR,,1,2016,,,,,,1.0
OutputActivityRatio,NDC,ECU,SUPCAMHUMMOR,E5CAMHUMMOR,,1,2017,,,,,,1.0
OutputActivityRatio,NDC,ECU,SUPCAMHUMMOR,E5CAMHUMMOR,,1,2018,,,,,,1.0
OutputActivityRatio,NDC,ECU,SUPCAMHUMMOR,E5CAMHUMMOR,,1,2019,,,,,,1.0
OutputActivityRatio,NDC,ECU,SUPCAMHUMMOR,E5CAMHUMMOR,,1,2020,,,,,,1.0
OutputActivityRatio,NDC,ECU,SUPCAMHUMMOR,E5CAMHUMMOR,,1,2021,,,,,,1.0
OutputActivityRatio,NDC,ECU,SUPCAMHUMMOR,E5CAMHUMMOR,,1,2022,,,,,,1.0
OutputActivityRatio,NDC,ECU,SUPCAMHUMMOR,E5CAMHUMMOR,,1,2023,,,,,,1.0
OutputActivityRatio,NDC,ECU,SUPCAMHUMMOR,E5CAMHUMMOR,,1,2024,,,,,,1.0
OutputActivityRatio,NDC,ECU,SUPCAMHUMMOR,E5CAMHUMMOR,,1,2025,,,,,,1.0
OutputActivityRatio,NDC,ECU,SUPCAMHUMMOR,E5CAMHUMMOR,,1,2026,,,,,,1.0
OutputActivityRatio,NDC,ECU,SUPCAMHUMMOR,E5CAMHUMMOR,,1,2027,,,,,,1.0
OutputActivityRatio,NDC,ECU,SUPCAMHUMMOR,E5CAMHUMMOR,,1,2028,,,,,,1.0
OutputActivityRatio,NDC,ECU,SUPCAMHUMMOR,E5CAMHUMMOR,,1,2029,,,,,,1.0
OutputActivityRatio,NDC,ECU,SUPCAMHUMMOR,E5CAMHUMMOR,,1,2030,,,,,,1.0
OutputActivityRatio,NDC,ECU,SUPCAMHUMMOR,E5CAMHUMMOR,,1,2031,,,,,,1.0
OutputActivityRatio,NDC,ECU,SUPCAMHUMMOR,E5CAMHUMMOR,,1,2032,,,,,,1.0
OutputActivityRatio,NDC,ECU,SUPCAMHUMMOR,E5CAMHUMMOR,,1,2033,,,,,,1.0
OutputActivityRatio,NDC,ECU,SUPCAMHUMMOR,E5CAMHUMMOR,,1,2034,,,,,,1.0
OutputActivityRatio,NDC,ECU,SUPCAMHUMMOR,E5CAMHUMMOR,,1,2035,,,,,,1.0
OutputActivityRatio,NDC,ECU,SUPCAMHUMPFO,E5CAMHUMPFO,,1,2010,,,,,,1.0
OutputActivityRatio,NDC,ECU,SUPCAMHUMPFO,E5CAMHUMPFO,,1,2011,,,,,,1.0
OutputActivityRatio,NDC,ECU,SUPCAMHUMPFO,E5CAMHUMPFO,,1,2012,,,,,,1.0
OutputActivityRatio,NDC,ECU,SUPCAMHUMPFO,E5CAMHUMPFO,,1,2013,,,,,,1.0
OutputActivityRatio,NDC,ECU,SUPCAMHUMPFO,E5CAMHUMPFO,,1,2014,,,,,,1.0
OutputActivityRatio,NDC,ECU,SUPCAMHUMPFO,E5CAMHUMPFO,,1,2015,,,,,,1.0
OutputActivityRatio,NDC,ECU,SUPCAMHUMPFO,E5CAMHUMPFO,,1,2016,,,,,,1.0
OutputActivityRatio,NDC,ECU,SUPCAMHUMPFO,E5CAMHUMPFO,,1,2017,,,,,,1.0
OutputActivityRatio,NDC,ECU,SUPCAMHUMPFO,E5CAMHUMPFO,,1,2018,,,,,,1.0
OutputActivityRatio,NDC,ECU,SUPCAMHUMPFO,E5CAMHUMPFO,,1,2019,,,,,,1.0
OutputActivityRatio,NDC,ECU,SUPCAMHUMPFO,E5CAMHUMPFO,,1,2020,,,,,,1.0
OutputActivityRatio,NDC,ECU,SUPCAMHUMPFO,E5CAMHUMPFO,,1,2021,,,,,,1.0
OutputActivityRatio,NDC,ECU,SUPCAMHUMPFO,E5CAMHUMPFO,,1,2022,,,,,,1.0
OutputActivityRatio,NDC,ECU,SUPCAMHUMPFO,E5CAMHUMPFO,,1,2023,,,,,,1.0
OutputActivityRatio,NDC,ECU,SUPCAMHUMPFO,E5CAMHUMPFO,,1,2024,,,,,,1.0
OutputActivityRatio,NDC,ECU,SUPCAMHUMPFO,E5CAMHUMPFO,,1,2025,,,,,,1.0
OutputActivityRatio,NDC,ECU,SUPCAMHUMPFO,E5CAMHUMPFO,,1,2026,,,,,,1.0
OutputActivityRatio,NDC,ECU,SUPCAMHUMPFO,E5CAMHUMPFO,,1,2027,,,,,,1.0
OutputActivityRatio,NDC,ECU,SUPCAMHUMPFO,E5CAMHUMPFO,,1,2028,,,,,,1.0
OutputActivityRatio,NDC,ECU,SUPCAMHUMPFO,E5CAMHUMPFO,,1,2029,,,,,,1.0
OutputActivityRatio,NDC,ECU,SUPCAMHUMPFO,E5CAMHUMPFO,,1,2030,,,,,,1.0
OutputActivityRatio,NDC,ECU,SUPCAMHUMPFO,E5CAMHUMPFO,,1,2031,,,,,,1.0
OutputActivityRatio,NDC,ECU,SUPCAMHUMPFO,E5CAMHUMPFO,,1,2032,,,,,,1.0
OutputActivityRatio,NDC,ECU,SUPCAMHUMPFO,E5CAMHUMPFO,,1,2033,,,,,,1.0
OutputActivityRatio,NDC,ECU,SUPCAMHUMPFO,E5CAMHUMPFO,,1,2034,,,,,,1.0
OutputActivityRatio,NDC,ECU,SUPCAMHUMPFO,E5CAMHUMPFO,,1,2035,,,,,,1.0
OutputActivityRatio,NDC,ECU,SUPCAMOTIAND,E5CAMOTIAND,,1,2010,,,,,,1.0
OutputActivityRatio,NDC,ECU,SUPCAMOTIAND,E5CAMOTIAND,,1,2011,,,,,,1.0
OutputActivityRatio,NDC,ECU,SUPCAMOTIAND,E5CAMOTIAND,,1,2012,,,,,,1.0
OutputActivityRatio,NDC,ECU,SUPCAMOTIAND,E5CAMOTIAND,,1,2013,,,,,,1.0
OutputActivityRatio,NDC,ECU,SUPCAMOTIAND,E5CAMOTIAND,,1,2014,,,,,,1.0
OutputActivityRatio,NDC,ECU,SUPCAMOTIAND,E5CAMOTIAND,,1,2015,,,,,,1.0
OutputActivityRatio,NDC,ECU,SUPCAMOTIAND,E5CAMOTIAND,,1,2016,,,,,,1.0
OutputActivityRatio,NDC,ECU,SUPCAMOTIAND,E5CAMOTIAND,,1,2017,,,,,,1.0
OutputActivityRatio,NDC,ECU,SUPCAMOTIAND,E5CAMOTIAND,,1,2018,,,,,,1.0
OutputActivityRatio,NDC,ECU,SUPCAMOTIAND,E5CAMOTIAND,,1,2019,,,,,,1.0
OutputActivityRatio,NDC,ECU,SUPCAMOTIAND,E5CAMOTIAND,,1,2020,,,,,,1.0
OutputActivityRatio,NDC,ECU,SUPCAMOTIAND,E5CAMOTIAND,,1,2021,,,,,,1.0
OutputActivityRatio,NDC,ECU,SUPCAMOTIAND,E5CAMOTIAND,,1,2022,,,,,,1.0
OutputActivityRatio,NDC,ECU,SUPCAMOTIAND,E5CAMOTIAND,,1,2023,,,,,,1.0
OutputActivityRatio,NDC,ECU,SUPCAMOTIAND,E5CAMOTIAND,,1,2024,,,,,,1.0
OutputActivityRatio,NDC,ECU,SUPCAMOTIAND,E5CAMOTIAND,,1,2025,,,,,,1.0
OutputActivityRatio,NDC,ECU,SUPCAMOTIAND,E5CAMOTIAND,,1,2026,,,,,,1.0
OutputActivityRatio,NDC,ECU,SUPCAMOTIAND,E5CAMOTIAND,,1,2027,,,,,,1.0
OutputActivityRatio,NDC,ECU,SUPCAMOTIAND,E5CAMOTIAND,,1,2028,,,,,,1.0
OutputActivityRatio,NDC,ECU,SUPCAMOTIAND,E5CAMOTIAND,,1,2029,,,,,,1.0
OutputActivityRatio,NDC,ECU,SUPCAMOTIAND,E5CAMOTIAND,,1,2030,,,,,,1.0
OutputActivityRatio,NDC,ECU,SUPCAMOTIAND,E5CAMOTIAND,,1,2031,,,,,,1.0
OutputActivityRatio,NDC,ECU,SUPCAMOTIAND,E5CAMOTIAND,,1,2032,,,,,,1.0
OutputActivityRatio,NDC,ECU,SUPCAMOTIAND,E5CAMOTIAND,,1,2033,,,,,,1.0
OutputActivityRatio,NDC,ECU,SUPCAMOTIAND,E5CAMOTIAND,,1,2034,,,,,,1.0
OutputActivityRatio,NDC,ECU,SUPCAMOTIAND,E5CAMOTIAND,,1,2035,,,,,,1.0
OutputActivityRatio,NDC,ECU,SUPCAMOTIPLU,E5CAMOTIPLU,,1,2010,,,,,,1.0
OutputActivityRatio,NDC,ECU,SUPCAMOTIPLU,E5CAMOTIPLU,,1,2011,,,,,,1.0
OutputActivityRatio,NDC,ECU,SUPCAMOTIPLU,E5CAMOTIPLU,,1,2012,,,,,,1.0
OutputActivityRatio,NDC,ECU,SUPCAMOTIPLU,E5CAMOTIPLU,,1,2013,,,,,,1.0
OutputActivityRatio,NDC,ECU,SUPCAMOTIPLU,E5CAMOTIPLU,,1,2014,,,,,,1.0
OutputActivityRatio,NDC,ECU,SUPCAMOTIPLU,E5CAMOTIPLU,,1,2015,,,,,,1.0
OutputActivityRatio,NDC,ECU,SUPCAMOTIPLU,E5CAMOTIPLU,,1,2016,,,,,,1.0
OutputActivityRatio,NDC,ECU,SUPCAMOTIPLU,E5CAMOTIPLU,,1,2017,,,,,,1.0
OutputActivityRatio,NDC,ECU,SUPCAMOTIPLU,E5CAMOTIPLU,,1,2018,,,,,,1.0
OutputActivityRatio,NDC,ECU,SUPCAMOTIPLU,E5CAMOTIPLU,,1,2019,,,,,,1.0
OutputActivityRatio,NDC,ECU,SUPCAMOTIPLU,E5CAMOTIPLU,,1,2020,,,,,,1.0
OutputActivityRatio,NDC,ECU,SUPCAMOTIPLU,E5CAMOTIPLU,,1,2021,,,,,,1.0
OutputActivityRatio,NDC,ECU,SUPCAMOTIPLU,E5CAMOTIPLU,,1,2022,,,,,,1.0
OutputActivityRatio,NDC,ECU,SUPCAMOTIPLU,E5CAMOTIPLU,,1,2023,,,,,,1.0
OutputActivityRatio,NDC,ECU,SUPCAMOTIPLU,E5CAMOTIPLU,,1,2024,,,,,,1.0
OutputActivityRatio,NDC,ECU,SUPCAMOTIPLU,E5CAMOTIPLU,,1,2025,,,,,,1.0
OutputActivityRatio,NDC,ECU,SUPCAMOTIPLU,E5CAMOTIPLU,,1,2026,,,,,,1.0
OutputActivityRatio,NDC,ECU,SUPCAMOTIPLU,E5CAMOTIPLU,,1,2027,,,,,,1.0
OutputActivityRatio,NDC,ECU,SUPCAMOTIPLU,E5CAMOTIPLU,,1,2028,,,,,,1.0
OutputActivityRatio,NDC,ECU,SUPCAMOTIPLU,E5CAMOTIPLU,,1,2029,,,,,,1.0
OutputActivityRatio,NDC,ECU,SUPCAMOTIPLU,E5CAMOTIPLU,,1,2030,,,,,,1.0
OutputActivityRatio,NDC,ECU,SUPCAMOTIPLU,E5CAMOTIPLU,,1,2031,,,,,,1.0
OutputActivityRatio,NDC,ECU,SUPCAMOTIPLU,E5CAMOTIPLU,,1,2032,,,,,,1.0
OutputActivityRatio,NDC,ECU,SUPCAMOTIPLU,E5CAMOTIPLU,,1,2033,,,,,,1.0
OutputActivityRatio,NDC,ECU,SUPCAMOTIPLU,E5CAMOTIPLU,,1,2034,,,,,,1.0
OutputActivityRatio,NDC,ECU,SUPCAMOTIPLU,E5CAMOTIPLU,,1,2035,,,,,,1.0
OutputActivityRatio,NDC,ECU,SUPCAMOTIMON,E5CAMOTIMON,,1,2010,,,,,,1.0
OutputActivityRatio,NDC,ECU,SUPCAMOTIMON,E5CAMOTIMON,,1,2011,,,,,,1.0
OutputActivityRatio,NDC,ECU,SUPCAMOTIMON,E5CAMOTIMON,,1,2012,,,,,,1.0
OutputActivityRatio,NDC,ECU,SUPCAMOTIMON,E5CAMOTIMON,,1,2013,,,,,,1.0
OutputActivityRatio,NDC,ECU,SUPCAMOTIMON,E5CAMOTIMON,,1,2014,,,,,,1.0
OutputActivityRatio,NDC,ECU,SUPCAMOTIMON,E5CAMOTIMON,,1,2015,,,,,,1.0
OutputActivityRatio,NDC,ECU,SUPCAMOTIMON,E5CAMOTIMON,,1,2016,,,,,,1.0
OutputActivityRatio,NDC,ECU,SUPCAMOTIMON,E5CAMOTIMON,,1,2017,,,,,,1.0
OutputActivityRatio,NDC,ECU,SUPCAMOTIMON,E5CAMOTIMON,,1,2018,,,,,,1.0
OutputActivityRatio,NDC,ECU,SUPCAMOTIMON,E5CAMOTIMON,,1,2019,,,,,,1.0
OutputActivityRatio,NDC,ECU,SUPCAMOTIMON,E5CAMOTIMON,,1,2020,,,,,,1.0
OutputActivityRatio,NDC,ECU,SUPCAMOTIMON,E5CAMOTIMON,,1,2021,,,,,,1.0
OutputActivityRatio,NDC,ECU,SUPCAMOTIMON,E5CAMOTIMON,,1,2022,,,,,,1.0
OutputActivityRatio,NDC,ECU,SUPCAMOTIMON,E5CAMOTIMON,,1,2023,,,,,,1.0
OutputActivityRatio,NDC,ECU,SUPCAMOTIMON,E5CAMOTIMON,,1,2024,,,,,,1.0
OutputActivityRatio,NDC,ECU,SUPCAMOTIMON,E5CAMOTIMON,,1,2025,,,,,,1.0
OutputActivityRatio,NDC,ECU,SUPCAMOTIMON,E5CAMOTIMON,,1,2026,,,,,,1.0
OutputActivityRatio,NDC,ECU,SUPCAMOTIMON,E5CAMOTIMON,,1,2027,,,,,,1.0
OutputActivityRatio,NDC,ECU,SUPCAMOTIMON,E5CAMOTIMON,,1,2028,,,,,,1.0
OutputActivityRatio,NDC,ECU,SUPCAMOTIMON,E5CAMOTIMON,,1,2029,,,,,,1.0
OutputActivityRatio,NDC,ECU,SUPCAMOTIMON,E5CAMOTIMON,,1,2030,,,,,,1.0
OutputActivityRatio,NDC,ECU,SUPCAMOTIMON,E5CAMOTIMON,,1,2031,,,,,,1.0
OutputActivityRatio,NDC,ECU,SUPCAMOTIMON,E5CAMOTIMON,,1,2032,,,,,,1.0
OutputActivityRatio,NDC,ECU,SUPCAMOTIMON,E5CAMOTIMON,,1,2033,,,,,,1.0
OutputActivityRatio,NDC,ECU,SUPCAMOTIMON,E5CAMOTIMON,,1,2034,,,,,,1.0
OutputActivityRatio,NDC,ECU,SUPCAMOTIMON,E5CAMOTIMON,,1,2035,,,,,,1.0
OutputActivityRatio,NDC,ECU,SUPCAMOTIPIE,E5CAMOTIPIE,,1,2010,,,,,,1.0
OutputActivityRatio,NDC,ECU,SUPCAMOTIPIE,E5CAMOTIPIE,,1,2011,,,,,,1.0
OutputActivityRatio,NDC,ECU,SUPCAMOTIPIE,E5CAMOTIPIE,,1,2012,,,,,,1.0
OutputActivityRatio,NDC,ECU,SUPCAMOTIPIE,E5CAMOTIPIE,,1,2013,,,,,,1.0
OutputActivityRatio,NDC,ECU,SUPCAMOTIPIE,E5CAMOTIPIE,,1,2014,,,,,,1.0
OutputActivityRatio,NDC,ECU,SUPCAMOTIPIE,E5CAMOTIPIE,,1,2015,,,,,,1.0
OutputActivityRatio,NDC,ECU,SUPCAMOTIPIE,E5CAMOTIPIE,,1,2016,,,,,,1.0
OutputActivityRatio,NDC,ECU,SUPCAMOTIPIE,E5CAMOTIPIE,,1,2017,,,,,,1.0
OutputActivityRatio,NDC,ECU,SUPCAMOTIPIE,E5CAMOTIPIE,,1,2018,,,,,,1.0
OutputActivityRatio,NDC,ECU,SUPCAMOTIPIE,E5CAMOTIPIE,,1,2019,,,,,,1.0
OutputActivityRatio,NDC,ECU,SUPCAMOTIPIE,E5CAMOTIPIE,,1,2020,,,,,,1.0
OutputActivityRatio,NDC,ECU,SUPCAMOTIPIE,E5CAMOTIPIE,,1,2021,,,,,,1.0
OutputActivityRatio,NDC,ECU,SUPCAMOTIPIE,E5CAMOTIPIE,,1,2022,,,,,,1.0
OutputActivityRatio,NDC,ECU,SUPCAMOTIPIE,E5CAMOTIPIE,,1,2023,,,,,,1.0
OutputActivityRatio,NDC,ECU,SUPCAMOTIPIE,E5CAMOTIPIE,,1,2024,,,,,,1.0
OutputActivityRatio,NDC,ECU,SUPCAMOTIPIE,E5CAMOTIPIE,,1,2025,,,,,,1.0
OutputActivityRatio,NDC,ECU,SUPCAMOTIPIE,E5CAMOTIPIE,,1,2026,,,,,,1.0
OutputActivityRatio,NDC,ECU,SUPCAMOTIPIE,E5CAMOTIPIE,,1,2027,,,,,,1.0
OutputActivityRatio,NDC,ECU,SUPCAMOTIPIE,E5CAMOTIPIE,,1,2028,,,,,,1.0
OutputActivityRatio,NDC,ECU,SUPCAMOTIPIE,E5CAMOTIPIE,,1,2029,,,,,,1.0
OutputActivityRatio,NDC,ECU,SUPCAMOTIPIE,E5CAMOTIPIE,,1,2030,,,,,,1.0
OutputActivityRatio,NDC,ECU,SUPCAMOTIPIE,E5CAMOTIPIE,,1,2031,,,,,,1.0
OutputActivityRatio,NDC,ECU,SUPCAMOTIPIE,E5CAMOTIPIE,,1,2032,,,,,,1.0
OutputActivityRatio,NDC,ECU,SUPCAMOTIPIE,E5CAMOTIPIE,,1,2033,,,,,,1.0
OutputActivityRatio,NDC,ECU,SUPCAMOTIPIE,E5CAMOTIPIE,,1,2034,,,,,,1.0
OutputActivityRatio,NDC,ECU,SUPCAMOTIPIE,E5CAMOTIPIE,,1,2035,,,,,,1.0
OutputActivityRatio,NDC,ECU,SUPCAMOTICEJ,E5CAMOTICEJ,,1,2010,,,,,,1.0
OutputActivityRatio,NDC,ECU,SUPCAMOTICEJ,E5CAMOTICEJ,,1,2011,,,,,,1.0
OutputActivityRatio,NDC,ECU,SUPCAMOTICEJ,E5CAMOTICEJ,,1,2012,,,,,,1.0
OutputActivityRatio,NDC,ECU,SUPCAMOTICEJ,E5CAMOTICEJ,,1,2013,,,,,,1.0
OutputActivityRatio,NDC,ECU,SUPCAMOTICEJ,E5CAMOTICEJ,,1,2014,,,,,,1.0
OutputActivityRatio,NDC,ECU,SUPCAMOTICEJ,E5CAMOTICEJ,,1,2015,,,,,,1.0
OutputActivityRatio,NDC,ECU,SUPCAMOTICEJ,E5CAMOTICEJ,,1,2016,,,,,,1.0
OutputActivityRatio,NDC,ECU,SUPCAMOTICEJ,E5CAMOTICEJ,,1,2017,,,,,,1.0
OutputActivityRatio,NDC,ECU,SUPCAMOTICEJ,E5CAMOTICEJ,,1,2018,,,,,,1.0
OutputActivityRatio,NDC,ECU,SUPCAMOTICEJ,E5CAMOTICEJ,,1,2019,,,,,,1.0
OutputActivityRatio,NDC,ECU,SUPCAMOTICEJ,E5CAMOTICEJ,,1,2020,,,,,,1.0
OutputActivityRatio,NDC,ECU,SUPCAMOTICEJ,E5CAMOTICEJ,,1,2021,,,,,,1.0
OutputActivityRatio,NDC,ECU,SUPCAMOTICEJ,E5CAMOTICEJ,,1,2022,,,,,,1.0
OutputActivityRatio,NDC,ECU,SUPCAMOTICEJ,E5CAMOTICEJ,,1,2023,,,,,,1.0
OutputActivityRatio,NDC,ECU,SUPCAMOTICEJ,E5CAMOTICEJ,,1,2024,,,,,,1.0
OutputActivityRatio,NDC,ECU,SUPCAMOTICEJ,E5CAMOTICEJ,,1,2025,,,,,,1.0
OutputActivityRatio,NDC,ECU,SUPCAMOTICEJ,E5CAMOTICEJ,,1,2026,,,,,,1.0
OutputActivityRatio,NDC,ECU,SUPCAMOTICEJ,E5CAMOTICEJ,,1,2027,,,,,,1.0
OutputActivityRatio,NDC,ECU,SUPCAMOTICEJ,E5CAMOTICEJ,,1,2028,,,,,,1.0
OutputActivityRatio,NDC,ECU,SUPCAMOTICEJ,E5CAMOTICEJ,,1,2029,,,,,,1.0
OutputActivityRatio,NDC,ECU,SUPCAMOTICEJ,E5CAMOTICEJ,,1,2030,,,,,,1.0
OutputActivityRatio,NDC,ECU,SUPCAMOTICEJ,E5CAMOTICEJ,,1,2031,,,,,,1.0
OutputActivityRatio,NDC,ECU,SUPCAMOTICEJ,E5CAMOTICEJ,,1,2032,,,,,,1.0
OutputActivityRatio,NDC,ECU,SUPCAMOTICEJ,E5CAMOTICEJ,,1,2033,,,,,,1.0
OutputActivityRatio,NDC,ECU,SUPCAMOTICEJ,E5CAMOTICEJ,,1,2034,,,,,,1.0
OutputActivityRatio,NDC,ECU,SUPCAMOTICEJ,E5CAMOTICEJ,,1,2035,,,,,,1.0
OutputActivityRatio,NDC,ECU,SUPCAMOTIAMA,E5CAMOTIAMA,,1,2010,,,,,,1.0
OutputActivityRatio,NDC,ECU,SUPCAMOTIAMA,E5CAMOTIAMA,,1,2011,,,,,,1.0
OutputActivityRatio,NDC,ECU,SUPCAMOTIAMA,E5CAMOTIAMA,,1,2012,,,,,,1.0
OutputActivityRatio,NDC,ECU,SUPCAMOTIAMA,E5CAMOTIAMA,,1,2013,,,,,,1.0
OutputActivityRatio,NDC,ECU,SUPCAMOTIAMA,E5CAMOTIAMA,,1,2014,,,,,,1.0
OutputActivityRatio,NDC,ECU,SUPCAMOTIAMA,E5CAMOTIAMA,,1,2015,,,,,,1.0
OutputActivityRatio,NDC,ECU,SUPCAMOTIAMA,E5CAMOTIAMA,,1,2016,,,,,,1.0
OutputActivityRatio,NDC,ECU,SUPCAMOTIAMA,E5CAMOTIAMA,,1,2017,,,,,,1.0
OutputActivityRatio,NDC,ECU,SUPCAMOTIAMA,E5CAMOTIAMA,,1,2018,,,,,,1.0
OutputActivityRatio,NDC,ECU,SUPCAMOTIAMA,E5CAMOTIAMA,,1,2019,,,,,,1.0
OutputActivityRatio,NDC,ECU,SUPCAMOTIAMA,E5CAMOTIAMA,,1,2020,,,,,,1.0
OutputActivityRatio,NDC,ECU,SUPCAMOTIAMA,E5CAMOTIAMA,,1,2021,,,,,,1.0
OutputActivityRatio,NDC,ECU,SUPCAMOTIAMA,E5CAMOTIAMA,,1,2022,,,,,,1.0
OutputActivityRatio,NDC,ECU,SUPCAMOTIAMA,E5CAMOTIAMA,,1,2023,,,,,,1.0
OutputActivityRatio,NDC,ECU,SUPCAMOTIAMA,E5CAMOTIAMA,,1,2024,,,,,,1.0
OutputActivityRatio,NDC,ECU,SUPCAMOTIAMA,E5CAMOTIAMA,,1,2025,,,,,,1.0
OutputActivityRatio,NDC,ECU,SUPCAMOTIAMA,E5CAMOTIAMA,,1,2026,,,,,,1.0
OutputActivityRatio,NDC,ECU,SUPCAMOTIAMA,E5CAMOTIAMA,,1,2027,,,,,,1.0
OutputActivityRatio,NDC,ECU,SUPCAMOTIAMA,E5CAMOTIAMA,,1,2028,,,,,,1.0
OutputActivityRatio,NDC,ECU,SUPCAMOTIAMA,E5CAMOTIAMA,,1,2029,,,,,,1.0
OutputActivityRatio,NDC,ECU,SUPCAMOTIAMA,E5CAMOTIAMA,,1,2030,,,,,,1.0
OutputActivityRatio,NDC,ECU,SUPCAMOTIAMA,E5CAMOTIAMA,,1,2031,,,,,,1.0
OutputActivityRatio,NDC,ECU,SUPCAMOTIAMA,E5CAMOTIAMA,,1,2032,,,,,,1.0
OutputActivityRatio,NDC,ECU,SUPCAMOTIAMA,E5CAMOTIAMA,,1,2033,,,,,,1.0
OutputActivityRatio,NDC,ECU,SUPCAMOTIAMA,E5CAMOTIAMA,,1,2034,,,,,,1.0
OutputActivityRatio,NDC,ECU,SUPCAMOTIAMA,E5CAMOTIAMA,,1,2035,,,,,,1.0
OutputActivityRatio,NDC,ECU,SUPCAMOTICHO,E5CAMOTICHO,,1,2010,,,,,,1.0
OutputActivityRatio,NDC,ECU,SUPCAMOTICHO,E5CAMOTICHO,,1,2011,,,,,,1.0
OutputActivityRatio,NDC,ECU,SUPCAMOTICHO,E5CAMOTICHO,,1,2012,,,,,,1.0
OutputActivityRatio,NDC,ECU,SUPCAMOTICHO,E5CAMOTICHO,,1,2013,,,,,,1.0
OutputActivityRatio,NDC,ECU,SUPCAMOTICHO,E5CAMOTICHO,,1,2014,,,,,,1.0
OutputActivityRatio,NDC,ECU,SUPCAMOTICHO,E5CAMOTICHO,,1,2015,,,,,,1.0
OutputActivityRatio,NDC,ECU,SUPCAMOTICHO,E5CAMOTICHO,,1,2016,,,,,,1.0
OutputActivityRatio,NDC,ECU,SUPCAMOTICHO,E5CAMOTICHO,,1,2017,,,,,,1.0
OutputActivityRatio,NDC,ECU,SUPCAMOTICHO,E5CAMOTICHO,,1,2018,,,,,,1.0
OutputActivityRatio,NDC,ECU,SUPCAMOTICHO,E5CAMOTICHO,,1,2019,,,,,,1.0
OutputActivityRatio,NDC,ECU,SUPCAMOTICHO,E5CAMOTICHO,,1,2020,,,,,,1.0
OutputActivityRatio,NDC,ECU,SUPCAMOTICHO,E5CAMOTICHO,,1,2021,,,,,,1.0
OutputActivityRatio,NDC,ECU,SUPCAMOTICHO,E5CAMOTICHO,,1,2022,,,,,,1.0
OutputActivityRatio,NDC,ECU,SUPCAMOTICHO,E5CAMOTICHO,,1,2023,,,,,,1.0
OutputActivityRatio,NDC,ECU,SUPCAMOTICHO,E5CAMOTICHO,,1,2024,,,,,,1.0
OutputActivityRatio,NDC,ECU,SUPCAMOTICHO,E5CAMOTICHO,,1,2025,,,,,,1.0
OutputActivityRatio,NDC,ECU,SUPCAMOTICHO,E5CAMOTICHO,,1,2026,,,,,,1.0
OutputActivityRatio,NDC,ECU,SUPCAMOTICHO,E5CAMOTICHO,,1,2027,,,,,,1.0
OutputActivityRatio,NDC,ECU,SUPCAMOTICHO,E5CAMOTICHO,,1,2028,,,,,,1.0
OutputActivityRatio,NDC,ECU,SUPCAMOTICHO,E5CAMOTICHO,,1,2029,,,,,,1.0
OutputActivityRatio,NDC,ECU,SUPCAMOTICHO,E5CAMOTICHO,,1,2030,,,,,,1.0
OutputActivityRatio,NDC,ECU,SUPCAMOTICHO,E5CAMOTICHO,,1,2031,,,,,,1.0
OutputActivityRatio,NDC,ECU,SUPCAMOTICHO,E5CAMOTICHO,,1,2032,,,,,,1.0
OutputActivityRatio,NDC,ECU,SUPCAMOTICHO,E5CAMOTICHO,,1,2033,,,,,,1.0
OutputActivityRatio,NDC,ECU,SUPCAMOTICHO,E5CAMOTICHO,,1,2034,,,,,,1.0
OutputActivityRatio,NDC,ECU,SUPCAMOTICHO,E5CAMOTICHO,,1,2035,,,,,,1.0
OutputActivityRatio,NDC,ECU,SUPCAMOTIMAN,E5CAMOTIMAN,,1,2010,,,,,,1.0
OutputActivityRatio,NDC,ECU,SUPCAMOTIMAN,E5CAMOTIMAN,,1,2011,,,,,,1.0
OutputActivityRatio,NDC,ECU,SUPCAMOTIMAN,E5CAMOTIMAN,,1,2012,,,,,,1.0
OutputActivityRatio,NDC,ECU,SUPCAMOTIMAN,E5CAMOTIMAN,,1,2013,,,,,,1.0
OutputActivityRatio,NDC,ECU,SUPCAMOTIMAN,E5CAMOTIMAN,,1,2014,,,,,,1.0
OutputActivityRatio,NDC,ECU,SUPCAMOTIMAN,E5CAMOTIMAN,,1,2015,,,,,,1.0
OutputActivityRatio,NDC,ECU,SUPCAMOTIMAN,E5CAMOTIMAN,,1,2016,,,,,,1.0
OutputActivityRatio,NDC,ECU,SUPCAMOTIMAN,E5CAMOTIMAN,,1,2017,,,,,,1.0
OutputActivityRatio,NDC,ECU,SUPCAMOTIMAN,E5CAMOTIMAN,,1,2018,,,,,,1.0
OutputActivityRatio,NDC,ECU,SUPCAMOTIMAN,E5CAMOTIMAN,,1,2019,,,,,,1.0
OutputActivityRatio,NDC,ECU,SUPCAMOTIMAN,E5CAMOTIMAN,,1,2020,,,,,,1.0
OutputActivityRatio,NDC,ECU,SUPCAMOTIMAN,E5CAMOTIMAN,,1,2021,,,,,,1.0
OutputActivityRatio,NDC,ECU,SUPCAMOTIMAN,E5CAMOTIMAN,,1,2022,,,,,,1.0
OutputActivityRatio,NDC,ECU,SUPCAMOTIMAN,E5CAMOTIMAN,,1,2023,,,,,,1.0
OutputActivityRatio,NDC,ECU,SUPCAMOTIMAN,E5CAMOTIMAN,,1,2024,,,,,,1.0
OutputActivityRatio,NDC,ECU,SUPCAMOTIMAN,E5CAMOTIMAN,,1,2025,,,,,,1.0
OutputActivityRatio,NDC,ECU,SUPCAMOTIMAN,E5CAMOTIMAN,,1,2026,,,,,,1.0
OutputActivityRatio,NDC,ECU,SUPCAMOTIMAN,E5CAMOTIMAN,,1,2027,,,,,,1.0
OutputActivityRatio,NDC,ECU,SUPCAMOTIMAN,E5CAMOTIMAN,,1,2028,,,,,,1.0
OutputActivityRatio,NDC,ECU,SUPCAMOTIMAN,E5CAMOTIMAN,,1,2029,,,,,,1.0
OutputActivityRatio,NDC,ECU,SUPCAMOTIMAN,E5CAMOTIMAN,,1,2030,,,,,,1.0
OutputActivityRatio,NDC,ECU,SUPCAMOTIMAN,E5CAMOTIMAN,,1,2031,,,,,,1.0
OutputActivityRatio,NDC,ECU,SUPCAMOTIMAN,E5CAMOTIMAN,,1,2032,,,,,,1.0
OutputActivityRatio,NDC,ECU,SUPCAMOTIMAN,E5CAMOTIMAN,,1,2033,,,,,,1.0
OutputActivityRatio,NDC,ECU,SUPCAMOTIMAN,E5CAMOTIMAN,,1,2034,,,,,,1.0
OutputActivityRatio,NDC,ECU,SUPCAMOTIMAN,E5CAMOTIMAN,,1,2035,,,,,,1.0
OutputActivityRatio,NDC,ECU,SUPCAMOTIMOR,E5CAMOTIMOR,,1,2010,,,,,,1.0
OutputActivityRatio,NDC,ECU,SUPCAMOTIMOR,E5CAMOTIMOR,,1,2011,,,,,,1.0
OutputActivityRatio,NDC,ECU,SUPCAMOTIMOR,E5CAMOTIMOR,,1,2012,,,,,,1.0
OutputActivityRatio,NDC,ECU,SUPCAMOTIMOR,E5CAMOTIMOR,,1,2013,,,,,,1.0
OutputActivityRatio,NDC,ECU,SUPCAMOTIMOR,E5CAMOTIMOR,,1,2014,,,,,,1.0
OutputActivityRatio,NDC,ECU,SUPCAMOTIMOR,E5CAMOTIMOR,,1,2015,,,,,,1.0
OutputActivityRatio,NDC,ECU,SUPCAMOTIMOR,E5CAMOTIMOR,,1,2016,,,,,,1.0
OutputActivityRatio,NDC,ECU,SUPCAMOTIMOR,E5CAMOTIMOR,,1,2017,,,,,,1.0
OutputActivityRatio,NDC,ECU,SUPCAMOTIMOR,E5CAMOTIMOR,,1,2018,,,,,,1.0
OutputActivityRatio,NDC,ECU,SUPCAMOTIMOR,E5CAMOTIMOR,,1,2019,,,,,,1.0
OutputActivityRatio,NDC,ECU,SUPCAMOTIMOR,E5CAMOTIMOR,,1,2020,,,,,,1.0
OutputActivityRatio,NDC,ECU,SUPCAMOTIMOR,E5CAMOTIMOR,,1,2021,,,,,,1.0
OutputActivityRatio,NDC,ECU,SUPCAMOTIMOR,E5CAMOTIMOR,,1,2022,,,,,,1.0
OutputActivityRatio,NDC,ECU,SUPCAMOTIMOR,E5CAMOTIMOR,,1,2023,,,,,,1.0
OutputActivityRatio,NDC,ECU,SUPCAMOTIMOR,E5CAMOTIMOR,,1,2024,,,,,,1.0
OutputActivityRatio,NDC,ECU,SUPCAMOTIMOR,E5CAMOTIMOR,,1,2025,,,,,,1.0
OutputActivityRatio,NDC,ECU,SUPCAMOTIMOR,E5CAMOTIMOR,,1,2026,,,,,,1.0
OutputActivityRatio,NDC,ECU,SUPCAMOTIMOR,E5CAMOTIMOR,,1,2027,,,,,,1.0
OutputActivityRatio,NDC,ECU,SUPCAMOTIMOR,E5CAMOTIMOR,,1,2028,,,,,,1.0
OutputActivityRatio,NDC,ECU,SUPCAMOTIMOR,E5CAMOTIMOR,,1,2029,,,,,,1.0
OutputActivityRatio,NDC,ECU,SUPCAMOTIMOR,E5CAMOTIMOR,,1,2030,,,,,,1.0
OutputActivityRatio,NDC,ECU,SUPCAMOTIMOR,E5CAMOTIMOR,,1,2031,,,,,,1.0
OutputActivityRatio,NDC,ECU,SUPCAMOTIMOR,E5CAMOTIMOR,,1,2032,,,,,,1.0
OutputActivityRatio,NDC,ECU,SUPCAMOTIMOR,E5CAMOTIMOR,,1,2033,,,,,,1.0
OutputActivityRatio,NDC,ECU,SUPCAMOTIMOR,E5CAMOTIMOR,,1,2034,,,,,,1.0
OutputActivityRatio,NDC,ECU,SUPCAMOTIMOR,E5CAMOTIMOR,,1,2035,,,,,,1.0
OutputActivityRatio,NDC,ECU,SUPCAMOTIPFO,E5CAMOTIPFO,,1,2010,,,,,,1.0
OutputActivityRatio,NDC,ECU,SUPCAMOTIPFO,E5CAMOTIPFO,,1,2011,,,,,,1.0
OutputActivityRatio,NDC,ECU,SUPCAMOTIPFO,E5CAMOTIPFO,,1,2012,,,,,,1.0
OutputActivityRatio,NDC,ECU,SUPCAMOTIPFO,E5CAMOTIPFO,,1,2013,,,,,,1.0
OutputActivityRatio,NDC,ECU,SUPCAMOTIPFO,E5CAMOTIPFO,,1,2014,,,,,,1.0
OutputActivityRatio,NDC,ECU,SUPCAMOTIPFO,E5CAMOTIPFO,,1,2015,,,,,,1.0
OutputActivityRatio,NDC,ECU,SUPCAMOTIPFO,E5CAMOTIPFO,,1,2016,,,,,,1.0
OutputActivityRatio,NDC,ECU,SUPCAMOTIPFO,E5CAMOTIPFO,,1,2017,,,,,,1.0
OutputActivityRatio,NDC,ECU,SUPCAMOTIPFO,E5CAMOTIPFO,,1,2018,,,,,,1.0
OutputActivityRatio,NDC,ECU,SUPCAMOTIPFO,E5CAMOTIPFO,,1,2019,,,,,,1.0
OutputActivityRatio,NDC,ECU,SUPCAMOTIPFO,E5CAMOTIPFO,,1,2020,,,,,,1.0
OutputActivityRatio,NDC,ECU,SUPCAMOTIPFO,E5CAMOTIPFO,,1,2021,,,,,,1.0
OutputActivityRatio,NDC,ECU,SUPCAMOTIPFO,E5CAMOTIPFO,,1,2022,,,,,,1.0
OutputActivityRatio,NDC,ECU,SUPCAMOTIPFO,E5CAMOTIPFO,,1,2023,,,,,,1.0
OutputActivityRatio,NDC,ECU,SUPCAMOTIPFO,E5CAMOTIPFO,,1,2024,,,,,,1.0
OutputActivityRatio,NDC,ECU,SUPCAMOTIPFO,E5CAMOTIPFO,,1,2025,,,,,,1.0
OutputActivityRatio,NDC,ECU,SUPCAMOTIPFO,E5CAMOTIPFO,,1,2026,,,,,,1.0
OutputActivityRatio,NDC,ECU,SUPCAMOTIPFO,E5CAMOTIPFO,,1,2027,,,,,,1.0
OutputActivityRatio,NDC,ECU,SUPCAMOTIPFO,E5CAMOTIPFO,,1,2028,,,,,,1.0
OutputActivityRatio,NDC,ECU,SUPCAMOTIPFO,E5CAMOTIPFO,,1,2029,,,,,,1.0
OutputActivityRatio,NDC,ECU,SUPCAMOTIPFO,E5CAMOTIPFO,,1,2030,,,,,,1.0
OutputActivityRatio,NDC,ECU,SUPCAMOTIPFO,E5CAMOTIPFO,,1,2031,,,,,,1.0
OutputActivityRatio,NDC,ECU,SUPCAMOTIPFO,E5CAMOTIPFO,,1,2032,,,,,,1.0
OutputActivityRatio,NDC,ECU,SUPCAMOTIPFO,E5CAMOTIPFO,,1,2033,,,,,,1.0
OutputActivityRatio,NDC,ECU,SUPCAMOTIPFO,E5CAMOTIPFO,,1,2034,,,,,,1.0
OutputActivityRatio,NDC,ECU,SUPCAMOTIPFO,E5CAMOTIPFO,,1,2035,,,,,,1.0
OutputActivityRatio,NDC,ECU,SUPCAMANDCRO,E5CAMANDCRO,,1,2010,,,,,,1.0
OutputActivityRatio,NDC,ECU,SUPCAMANDCRO,E5CAMANDCRO,,1,2011,,,,,,1.0
OutputActivityRatio,NDC,ECU,SUPCAMANDCRO,E5CAMANDCRO,,1,2012,,,,,,1.0
OutputActivityRatio,NDC,ECU,SUPCAMANDCRO,E5CAMANDCRO,,1,2013,,,,,,1.0
OutputActivityRatio,NDC,ECU,SUPCAMANDCRO,E5CAMANDCRO,,1,2014,,,,,,1.0
OutputActivityRatio,NDC,ECU,SUPCAMANDCRO,E5CAMANDCRO,,1,2015,,,,,,1.0
OutputActivityRatio,NDC,ECU,SUPCAMANDCRO,E5CAMANDCRO,,1,2016,,,,,,1.0
OutputActivityRatio,NDC,ECU,SUPCAMANDCRO,E5CAMANDCRO,,1,2017,,,,,,1.0
OutputActivityRatio,NDC,ECU,SUPCAMANDCRO,E5CAMANDCRO,,1,2018,,,,,,1.0
OutputActivityRatio,NDC,ECU,SUPCAMANDCRO,E5CAMANDCRO,,1,2019,,,,,,1.0
OutputActivityRatio,NDC,ECU,SUPCAMANDCRO,E5CAMANDCRO,,1,2020,,,,,,1.0
OutputActivityRatio,NDC,ECU,SUPCAMANDCRO,E5CAMANDCRO,,1,2021,,,,,,1.0
OutputActivityRatio,NDC,ECU,SUPCAMANDCRO,E5CAMANDCRO,,1,2022,,,,,,1.0
OutputActivityRatio,NDC,ECU,SUPCAMANDCRO,E5CAMANDCRO,,1,2023,,,,,,1.0
OutputActivityRatio,NDC,ECU,SUPCAMANDCRO,E5CAMANDCRO,,1,2024,,,,,,1.0
OutputActivityRatio,NDC,ECU,SUPCAMANDCRO,E5CAMANDCRO,,1,2025,,,,,,1.0
OutputActivityRatio,NDC,ECU,SUPCAMANDCRO,E5CAMANDCRO,,1,2026,,,,,,1.0
OutputActivityRatio,NDC,ECU,SUPCAMANDCRO,E5CAMANDCRO,,1,2027,,,,,,1.0
OutputActivityRatio,NDC,ECU,SUPCAMANDCRO,E5CAMANDCRO,,1,2028,,,,,,1.0
OutputActivityRatio,NDC,ECU,SUPCAMANDCRO,E5CAMANDCRO,,1,2029,,,,,,1.0
OutputActivityRatio,NDC,ECU,SUPCAMANDCRO,E5CAMANDCRO,,1,2030,,,,,,1.0
OutputActivityRatio,NDC,ECU,SUPCAMANDCRO,E5CAMANDCRO,,1,2031,,,,,,1.0
OutputActivityRatio,NDC,ECU,SUPCAMANDCRO,E5CAMANDCRO,,1,2032,,,,,,1.0
OutputActivityRatio,NDC,ECU,SUPCAMANDCRO,E5CAMANDCRO,,1,2033,,,,,,1.0
OutputActivityRatio,NDC,ECU,SUPCAMANDCRO,E5CAMANDCRO,,1,2034,,,,,,1.0
OutputActivityRatio,NDC,ECU,SUPCAMANDCRO,E5CAMANDCRO,,1,2035,,,,,,1.0
OutputActivityRatio,NDC,ECU,SUPCAMPLUCRO,E5CAMPLUCRO,,1,2010,,,,,,1.0
OutputActivityRatio,NDC,ECU,SUPCAMPLUCRO,E5CAMPLUCRO,,1,2011,,,,,,1.0
OutputActivityRatio,NDC,ECU,SUPCAMPLUCRO,E5CAMPLUCRO,,1,2012,,,,,,1.0
OutputActivityRatio,NDC,ECU,SUPCAMPLUCRO,E5CAMPLUCRO,,1,2013,,,,,,1.0
OutputActivityRatio,NDC,ECU,SUPCAMPLUCRO,E5CAMPLUCRO,,1,2014,,,,,,1.0
OutputActivityRatio,NDC,ECU,SUPCAMPLUCRO,E5CAMPLUCRO,,1,2015,,,,,,1.0
OutputActivityRatio,NDC,ECU,SUPCAMPLUCRO,E5CAMPLUCRO,,1,2016,,,,,,1.0
OutputActivityRatio,NDC,ECU,SUPCAMPLUCRO,E5CAMPLUCRO,,1,2017,,,,,,1.0
OutputActivityRatio,NDC,ECU,SUPCAMPLUCRO,E5CAMPLUCRO,,1,2018,,,,,,1.0
OutputActivityRatio,NDC,ECU,SUPCAMPLUCRO,E5CAMPLUCRO,,1,2019,,,,,,1.0
OutputActivityRatio,NDC,ECU,SUPCAMPLUCRO,E5CAMPLUCRO,,1,2020,,,,,,1.0
OutputActivityRatio,NDC,ECU,SUPCAMPLUCRO,E5CAMPLUCRO,,1,2021,,,,,,1.0
OutputActivityRatio,NDC,ECU,SUPCAMPLUCRO,E5CAMPLUCRO,,1,2022,,,,,,1.0
OutputActivityRatio,NDC,ECU,SUPCAMPLUCRO,E5CAMPLUCRO,,1,2023,,,,,,1.0
OutputActivityRatio,NDC,ECU,SUPCAMPLUCRO,E5CAMPLUCRO,,1,2024,,,,,,1.0
OutputActivityRatio,NDC,ECU,SUPCAMPLUCRO,E5CAMPLUCRO,,1,2025,,,,,,1.0
OutputActivityRatio,NDC,ECU,SUPCAMPLUCRO,E5CAMPLUCRO,,1,2026,,,,,,1.0
OutputActivityRatio,NDC,ECU,SUPCAMPLUCRO,E5CAMPLUCRO,,1,2027,,,,,,1.0
OutputActivityRatio,NDC,ECU,SUPCAMPLUCRO,E5CAMPLUCRO,,1,2028,,,,,,1.0
OutputActivityRatio,NDC,ECU,SUPCAMPLUCRO,E5CAMPLUCRO,,1,2029,,,,,,1.0
OutputActivityRatio,NDC,ECU,SUPCAMPLUCRO,E5CAMPLUCRO,,1,2030,,,,,,1.0
OutputActivityRatio,NDC,ECU,SUPCAMPLUCRO,E5CAMPLUCRO,,1,2031,,,,,,1.0
OutputActivityRatio,NDC,ECU,SUPCAMPLUCRO,E5CAMPLUCRO,,1,2032,,,,,,1.0
OutputActivityRatio,NDC,ECU,SUPCAMPLUCRO,E5CAMPLUCRO,,1,2033,,,,,,1.0
OutputActivityRatio,NDC,ECU,SUPCAMPLUCRO,E5CAMPLUCRO,,1,2034,,,,,,1.0
OutputActivityRatio,NDC,ECU,SUPCAMPLUCRO,E5CAMPLUCRO,,1,2035,,,,,,1.0
OutputActivityRatio,NDC,ECU,SUPCAMMONCRO,E5CAMMONCRO,,1,2010,,,,,,1.0
OutputActivityRatio,NDC,ECU,SUPCAMMONCRO,E5CAMMONCRO,,1,2011,,,,,,1.0
OutputActivityRatio,NDC,ECU,SUPCAMMONCRO,E5CAMMONCRO,,1,2012,,,,,,1.0
OutputActivityRatio,NDC,ECU,SUPCAMMONCRO,E5CAMMONCRO,,1,2013,,,,,,1.0
OutputActivityRatio,NDC,ECU,SUPCAMMONCRO,E5CAMMONCRO,,1,2014,,,,,,1.0
OutputActivityRatio,NDC,ECU,SUPCAMMONCRO,E5CAMMONCRO,,1,2015,,,,,,1.0
OutputActivityRatio,NDC,ECU,SUPCAMMONCRO,E5CAMMONCRO,,1,2016,,,,,,1.0
OutputActivityRatio,NDC,ECU,SUPCAMMONCRO,E5CAMMONCRO,,1,2017,,,,,,1.0
OutputActivityRatio,NDC,ECU,SUPCAMMONCRO,E5CAMMONCRO,,1,2018,,,,,,1.0
OutputActivityRatio,NDC,ECU,SUPCAMMONCRO,E5CAMMONCRO,,1,2019,,,,,,1.0
OutputActivityRatio,NDC,ECU,SUPCAMMONCRO,E5CAMMONCRO,,1,2020,,,,,,1.0
OutputActivityRatio,NDC,ECU,SUPCAMMONCRO,E5CAMMONCRO,,1,2021,,,,,,1.0
OutputActivityRatio,NDC,ECU,SUPCAMMONCRO,E5CAMMONCRO,,1,2022,,,,,,1.0
OutputActivityRatio,NDC,ECU,SUPCAMMONCRO,E5CAMMONCRO,,1,2023,,,,,,1.0
OutputActivityRatio,NDC,ECU,SUPCAMMONCRO,E5CAMMONCRO,,1,2024,,,,,,1.0
OutputActivityRatio,NDC,ECU,SUPCAMMONCRO,E5CAMMONCRO,,1,2025,,,,,,1.0
OutputActivityRatio,NDC,ECU,SUPCAMMONCRO,E5CAMMONCRO,,1,2026,,,,,,1.0
OutputActivityRatio,NDC,ECU,SUPCAMMONCRO,E5CAMMONCRO,,1,2027,,,,,,1.0
OutputActivityRatio,NDC,ECU,SUPCAMMONCRO,E5CAMMONCRO,,1,2028,,,,,,1.0
OutputActivityRatio,NDC,ECU,SUPCAMMONCRO,E5CAMMONCRO,,1,2029,,,,,,1.0
OutputActivityRatio,NDC,ECU,SUPCAMMONCRO,E5CAMMONCRO,,1,2030,,,,,,1.0
OutputActivityRatio,NDC,ECU,SUPCAMMONCRO,E5CAMMONCRO,,1,2031,,,,,,1.0
OutputActivityRatio,NDC,ECU,SUPCAMMONCRO,E5CAMMONCRO,,1,2032,,,,,,1.0
OutputActivityRatio,NDC,ECU,SUPCAMMONCRO,E5CAMMONCRO,,1,2033,,,,,,1.0
OutputActivityRatio,NDC,ECU,SUPCAMMONCRO,E5CAMMONCRO,,1,2034,,,,,,1.0
OutputActivityRatio,NDC,ECU,SUPCAMMONCRO,E5CAMMONCRO,,1,2035,,,,,,1.0
OutputActivityRatio,NDC,ECU,SUPCAMPIECRO,E5CAMPIECRO,,1,2010,,,,,,1.0
OutputActivityRatio,NDC,ECU,SUPCAMPIECRO,E5CAMPIECRO,,1,2011,,,,,,1.0
OutputActivityRatio,NDC,ECU,SUPCAMPIECRO,E5CAMPIECRO,,1,2012,,,,,,1.0
OutputActivityRatio,NDC,ECU,SUPCAMPIECRO,E5CAMPIECRO,,1,2013,,,,,,1.0
OutputActivityRatio,NDC,ECU,SUPCAMPIECRO,E5CAMPIECRO,,1,2014,,,,,,1.0
OutputActivityRatio,NDC,ECU,SUPCAMPIECRO,E5CAMPIECRO,,1,2015,,,,,,1.0
OutputActivityRatio,NDC,ECU,SUPCAMPIECRO,E5CAMPIECRO,,1,2016,,,,,,1.0
OutputActivityRatio,NDC,ECU,SUPCAMPIECRO,E5CAMPIECRO,,1,2017,,,,,,1.0
OutputActivityRatio,NDC,ECU,SUPCAMPIECRO,E5CAMPIECRO,,1,2018,,,,,,1.0
OutputActivityRatio,NDC,ECU,SUPCAMPIECRO,E5CAMPIECRO,,1,2019,,,,,,1.0
OutputActivityRatio,NDC,ECU,SUPCAMPIECRO,E5CAMPIECRO,,1,2020,,,,,,1.0
OutputActivityRatio,NDC,ECU,SUPCAMPIECRO,E5CAMPIECRO,,1,2021,,,,,,1.0
OutputActivityRatio,NDC,ECU,SUPCAMPIECRO,E5CAMPIECRO,,1,2022,,,,,,1.0
OutputActivityRatio,NDC,ECU,SUPCAMPIECRO,E5CAMPIECRO,,1,2023,,,,,,1.0
OutputActivityRatio,NDC,ECU,SUPCAMPIECRO,E5CAMPIECRO,,1,2024,,,,,,1.0
OutputActivityRatio,NDC,ECU,SUPCAMPIECRO,E5CAMPIECRO,,1,2025,,,,,,1.0
OutputActivityRatio,NDC,ECU,SUPCAMPIECRO,E5CAMPIECRO,,1,2026,,,,,,1.0
OutputActivityRatio,NDC,ECU,SUPCAMPIECRO,E5CAMPIECRO,,1,2027,,,,,,1.0
OutputActivityRatio,NDC,ECU,SUPCAMPIECRO,E5CAMPIECRO,,1,2028,,,,,,1.0
OutputActivityRatio,NDC,ECU,SUPCAMPIECRO,E5CAMPIECRO,,1,2029,,,,,,1.0
OutputActivityRatio,NDC,ECU,SUPCAMPIECRO,E5CAMPIECRO,,1,2030,,,,,,1.0
OutputActivityRatio,NDC,ECU,SUPCAMPIECRO,E5CAMPIECRO,,1,2031,,,,,,1.0
OutputActivityRatio,NDC,ECU,SUPCAMPIECRO,E5CAMPIECRO,,1,2032,,,,,,1.0
OutputActivityRatio,NDC,ECU,SUPCAMPIECRO,E5CAMPIECRO,,1,2033,,,,,,1.0
OutputActivityRatio,NDC,ECU,SUPCAMPIECRO,E5CAMPIECRO,,1,2034,,,,,,1.0
OutputActivityRatio,NDC,ECU,SUPCAMPIECRO,E5CAMPIECRO,,1,2035,,,,,,1.0
OutputActivityRatio,NDC,ECU,SUPCAMCEJCRO,E5CAMCEJCRO,,1,2010,,,,,,1.0
OutputActivityRatio,NDC,ECU,SUPCAMCEJCRO,E5CAMCEJCRO,,1,2011,,,,,,1.0
OutputActivityRatio,NDC,ECU,SUPCAMCEJCRO,E5CAMCEJCRO,,1,2012,,,,,,1.0
OutputActivityRatio,NDC,ECU,SUPCAMCEJCRO,E5CAMCEJCRO,,1,2013,,,,,,1.0
OutputActivityRatio,NDC,ECU,SUPCAMCEJCRO,E5CAMCEJCRO,,1,2014,,,,,,1.0
OutputActivityRatio,NDC,ECU,SUPCAMCEJCRO,E5CAMCEJCRO,,1,2015,,,,,,1.0
OutputActivityRatio,NDC,ECU,SUPCAMCEJCRO,E5CAMCEJCRO,,1,2016,,,,,,1.0
OutputActivityRatio,NDC,ECU,SUPCAMCEJCRO,E5CAMCEJCRO,,1,2017,,,,,,1.0
OutputActivityRatio,NDC,ECU,SUPCAMCEJCRO,E5CAMCEJCRO,,1,2018,,,,,,1.0
OutputActivityRatio,NDC,ECU,SUPCAMCEJCRO,E5CAMCEJCRO,,1,2019,,,,,,1.0
OutputActivityRatio,NDC,ECU,SUPCAMCEJCRO,E5CAMCEJCRO,,1,2020,,,,,,1.0
OutputActivityRatio,NDC,ECU,SUPCAMCEJCRO,E5CAMCEJCRO,,1,2021,,,,,,1.0
OutputActivityRatio,NDC,ECU,SUPCAMCEJCRO,E5CAMCEJCRO,,1,2022,,,,,,1.0
OutputActivityRatio,NDC,ECU,SUPCAMCEJCRO,E5CAMCEJCRO,,1,2023,,,,,,1.0
OutputActivityRatio,NDC,ECU,SUPCAMCEJCRO,E5CAMCEJCRO,,1,2024,,,,,,1.0
OutputActivityRatio,NDC,ECU,SUPCAMCEJCRO,E5CAMCEJCRO,,1,2025,,,,,,1.0
OutputActivityRatio,NDC,ECU,SUPCAMCEJCRO,E5CAMCEJCRO,,1,2026,,,,,,1.0
OutputActivityRatio,NDC,ECU,SUPCAMCEJCRO,E5CAMCEJCRO,,1,2027,,,,,,1.0
OutputActivityRatio,NDC,ECU,SUPCAMCEJCRO,E5CAMCEJCRO,,1,2028,,,,,,1.0
OutputActivityRatio,NDC,ECU,SUPCAMCEJCRO,E5CAMCEJCRO,,1,2029,,,,,,1.0
OutputActivityRatio,NDC,ECU,SUPCAMCEJCRO,E5CAMCEJCRO,,1,2030,,,,,,1.0
OutputActivityRatio,NDC,ECU,SUPCAMCEJCRO,E5CAMCEJCRO,,1,2031,,,,,,1.0
OutputActivityRatio,NDC,ECU,SUPCAMCEJCRO,E5CAMCEJCRO,,1,2032,,,,,,1.0
OutputActivityRatio,NDC,ECU,SUPCAMCEJCRO,E5CAMCEJCRO,,1,2033,,,,,,1.0
OutputActivityRatio,NDC,ECU,SUPCAMCEJCRO,E5CAMCEJCRO,,1,2034,,,,,,1.0
OutputActivityRatio,NDC,ECU,SUPCAMCEJCRO,E5CAMCEJCRO,,1,2035,,,,,,1.0
OutputActivityRatio,NDC,ECU,SUPCAMAMACRO,E5CAMAMACRO,,1,2010,,,,,,1.0
OutputActivityRatio,NDC,ECU,SUPCAMAMACRO,E5CAMAMACRO,,1,2011,,,,,,1.0
OutputActivityRatio,NDC,ECU,SUPCAMAMACRO,E5CAMAMACRO,,1,2012,,,,,,1.0
OutputActivityRatio,NDC,ECU,SUPCAMAMACRO,E5CAMAMACRO,,1,2013,,,,,,1.0
OutputActivityRatio,NDC,ECU,SUPCAMAMACRO,E5CAMAMACRO,,1,2014,,,,,,1.0
OutputActivityRatio,NDC,ECU,SUPCAMAMACRO,E5CAMAMACRO,,1,2015,,,,,,1.0
OutputActivityRatio,NDC,ECU,SUPCAMAMACRO,E5CAMAMACRO,,1,2016,,,,,,1.0
OutputActivityRatio,NDC,ECU,SUPCAMAMACRO,E5CAMAMACRO,,1,2017,,,,,,1.0
OutputActivityRatio,NDC,ECU,SUPCAMAMACRO,E5CAMAMACRO,,1,2018,,,,,,1.0
OutputActivityRatio,NDC,ECU,SUPCAMAMACRO,E5CAMAMACRO,,1,2019,,,,,,1.0
OutputActivityRatio,NDC,ECU,SUPCAMAMACRO,E5CAMAMACRO,,1,2020,,,,,,1.0
OutputActivityRatio,NDC,ECU,SUPCAMAMACRO,E5CAMAMACRO,,1,2021,,,,,,1.0
OutputActivityRatio,NDC,ECU,SUPCAMAMACRO,E5CAMAMACRO,,1,2022,,,,,,1.0
OutputActivityRatio,NDC,ECU,SUPCAMAMACRO,E5CAMAMACRO,,1,2023,,,,,,1.0
OutputActivityRatio,NDC,ECU,SUPCAMAMACRO,E5CAMAMACRO,,1,2024,,,,,,1.0
OutputActivityRatio,NDC,ECU,SUPCAMAMACRO,E5CAMAMACRO,,1,2025,,,,,,1.0
OutputActivityRatio,NDC,ECU,SUPCAMAMACRO,E5CAMAMACRO,,1,2026,,,,,,1.0
OutputActivityRatio,NDC,ECU,SUPCAMAMACRO,E5CAMAMACRO,,1,2027,,,,,,1.0
OutputActivityRatio,NDC,ECU,SUPCAMAMACRO,E5CAMAMACRO,,1,2028,,,,,,1.0
OutputActivityRatio,NDC,ECU,SUPCAMAMACRO,E5CAMAMACRO,,1,2029,,,,,,1.0
OutputActivityRatio,NDC,ECU,SUPCAMAMACRO,E5CAMAMACRO,,1,2030,,,,,,1.0
OutputActivityRatio,NDC,ECU,SUPCAMAMACRO,E5CAMAMACRO,,1,2031,,,,,,1.0
OutputActivityRatio,NDC,ECU,SUPCAMAMACRO,E5CAMAMACRO,,1,2032,,,,,,1.0
OutputActivityRatio,NDC,ECU,SUPCAMAMACRO,E5CAMAMACRO,,1,2033,,,,,,1.0
OutputActivityRatio,NDC,ECU,SUPCAMAMACRO,E5CAMAMACRO,,1,2034,,,,,,1.0
OutputActivityRatio,NDC,ECU,SUPCAMAMACRO,E5CAMAMACRO,,1,2035,,,,,,1.0
OutputActivityRatio,NDC,ECU,SUPCAMCHOCRO,E5CAMCHOCRO,,1,2010,,,,,,1.0
OutputActivityRatio,NDC,ECU,SUPCAMCHOCRO,E5CAMCHOCRO,,1,2011,,,,,,1.0
OutputActivityRatio,NDC,ECU,SUPCAMCHOCRO,E5CAMCHOCRO,,1,2012,,,,,,1.0
OutputActivityRatio,NDC,ECU,SUPCAMCHOCRO,E5CAMCHOCRO,,1,2013,,,,,,1.0
OutputActivityRatio,NDC,ECU,SUPCAMCHOCRO,E5CAMCHOCRO,,1,2014,,,,,,1.0
OutputActivityRatio,NDC,ECU,SUPCAMCHOCRO,E5CAMCHOCRO,,1,2015,,,,,,1.0
OutputActivityRatio,NDC,ECU,SUPCAMCHOCRO,E5CAMCHOCRO,,1,2016,,,,,,1.0
OutputActivityRatio,NDC,ECU,SUPCAMCHOCRO,E5CAMCHOCRO,,1,2017,,,,,,1.0
OutputActivityRatio,NDC,ECU,SUPCAMCHOCRO,E5CAMCHOCRO,,1,2018,,,,,,1.0
OutputActivityRatio,NDC,ECU,SUPCAMCHOCRO,E5CAMCHOCRO,,1,2019,,,,,,1.0
OutputActivityRatio,NDC,ECU,SUPCAMCHOCRO,E5CAMCHOCRO,,1,2020,,,,,,1.0
OutputActivityRatio,NDC,ECU,SUPCAMCHOCRO,E5CAMCHOCRO,,1,2021,,,,,,1.0
OutputActivityRatio,NDC,ECU,SUPCAMCHOCRO,E5CAMCHOCRO,,1,2022,,,,,,1.0
OutputActivityRatio,NDC,ECU,SUPCAMCHOCRO,E5CAMCHOCRO,,1,2023,,,,,,1.0
OutputActivityRatio,NDC,ECU,SUPCAMCHOCRO,E5CAMCHOCRO,,1,2024,,,,,,1.0
OutputActivityRatio,NDC,ECU,SUPCAMCHOCRO,E5CAMCHOCRO,,1,2025,,,,,,1.0
OutputActivityRatio,NDC,ECU,SUPCAMCHOCRO,E5CAMCHOCRO,,1,2026,,,,,,1.0
OutputActivityRatio,NDC,ECU,SUPCAMCHOCRO,E5CAMCHOCRO,,1,2027,,,,,,1.0
OutputActivityRatio,NDC,ECU,SUPCAMCHOCRO,E5CAMCHOCRO,,1,2028,,,,,,1.0
OutputActivityRatio,NDC,ECU,SUPCAMCHOCRO,E5CAMCHOCRO,,1,2029,,,,,,1.0
OutputActivityRatio,NDC,ECU,SUPCAMCHOCRO,E5CAMCHOCRO,,1,2030,,,,,,1.0
OutputActivityRatio,NDC,ECU,SUPCAMCHOCRO,E5CAMCHOCRO,,1,2031,,,,,,1.0
OutputActivityRatio,NDC,ECU,SUPCAMCHOCRO,E5CAMCHOCRO,,1,2032,,,,,,1.0
OutputActivityRatio,NDC,ECU,SUPCAMCHOCRO,E5CAMCHOCRO,,1,2033,,,,,,1.0
OutputActivityRatio,NDC,ECU,SUPCAMCHOCRO,E5CAMCHOCRO,,1,2034,,,,,,1.0
OutputActivityRatio,NDC,ECU,SUPCAMCHOCRO,E5CAMCHOCRO,,1,2035,,,,,,1.0
OutputActivityRatio,NDC,ECU,SUPCAMMANCRO,E5CAMMANCRO,,1,2010,,,,,,1.0
OutputActivityRatio,NDC,ECU,SUPCAMMANCRO,E5CAMMANCRO,,1,2011,,,,,,1.0
OutputActivityRatio,NDC,ECU,SUPCAMMANCRO,E5CAMMANCRO,,1,2012,,,,,,1.0
OutputActivityRatio,NDC,ECU,SUPCAMMANCRO,E5CAMMANCRO,,1,2013,,,,,,1.0
OutputActivityRatio,NDC,ECU,SUPCAMMANCRO,E5CAMMANCRO,,1,2014,,,,,,1.0
OutputActivityRatio,NDC,ECU,SUPCAMMANCRO,E5CAMMANCRO,,1,2015,,,,,,1.0
OutputActivityRatio,NDC,ECU,SUPCAMMANCRO,E5CAMMANCRO,,1,2016,,,,,,1.0
OutputActivityRatio,NDC,ECU,SUPCAMMANCRO,E5CAMMANCRO,,1,2017,,,,,,1.0
OutputActivityRatio,NDC,ECU,SUPCAMMANCRO,E5CAMMANCRO,,1,2018,,,,,,1.0
OutputActivityRatio,NDC,ECU,SUPCAMMANCRO,E5CAMMANCRO,,1,2019,,,,,,1.0
OutputActivityRatio,NDC,ECU,SUPCAMMANCRO,E5CAMMANCRO,,1,2020,,,,,,1.0
OutputActivityRatio,NDC,ECU,SUPCAMMANCRO,E5CAMMANCRO,,1,2021,,,,,,1.0
OutputActivityRatio,NDC,ECU,SUPCAMMANCRO,E5CAMMANCRO,,1,2022,,,,,,1.0
OutputActivityRatio,NDC,ECU,SUPCAMMANCRO,E5CAMMANCRO,,1,2023,,,,,,1.0
OutputActivityRatio,NDC,ECU,SUPCAMMANCRO,E5CAMMANCRO,,1,2024,,,,,,1.0
OutputActivityRatio,NDC,ECU,SUPCAMMANCRO,E5CAMMANCRO,,1,2025,,,,,,1.0
OutputActivityRatio,NDC,ECU,SUPCAMMANCRO,E5CAMMANCRO,,1,2026,,,,,,1.0
OutputActivityRatio,NDC,ECU,SUPCAMMANCRO,E5CAMMANCRO,,1,2027,,,,,,1.0
OutputActivityRatio,NDC,ECU,SUPCAMMANCRO,E5CAMMANCRO,,1,2028,,,,,,1.0
OutputActivityRatio,NDC,ECU,SUPCAMMANCRO,E5CAMMANCRO,,1,2029,,,,,,1.0
OutputActivityRatio,NDC,ECU,SUPCAMMANCRO,E5CAMMANCRO,,1,2030,,,,,,1.0
OutputActivityRatio,NDC,ECU,SUPCAMMANCRO,E5CAMMANCRO,,1,2031,,,,,,1.0
OutputActivityRatio,NDC,ECU,SUPCAMMANCRO,E5CAMMANCRO,,1,2032,,,,,,1.0
OutputActivityRatio,NDC,ECU,SUPCAMMANCRO,E5CAMMANCRO,,1,2033,,,,,,1.0
OutputActivityRatio,NDC,ECU,SUPCAMMANCRO,E5CAMMANCRO,,1,2034,,,,,,1.0
OutputActivityRatio,NDC,ECU,SUPCAMMANCRO,E5CAMMANCRO,,1,2035,,,,,,1.0
OutputActivityRatio,NDC,ECU,SUPCAMMORCRO,E5CAMMORCRO,,1,2010,,,,,,1.0
OutputActivityRatio,NDC,ECU,SUPCAMMORCRO,E5CAMMORCRO,,1,2011,,,,,,1.0
OutputActivityRatio,NDC,ECU,SUPCAMMORCRO,E5CAMMORCRO,,1,2012,,,,,,1.0
OutputActivityRatio,NDC,ECU,SUPCAMMORCRO,E5CAMMORCRO,,1,2013,,,,,,1.0
OutputActivityRatio,NDC,ECU,SUPCAMMORCRO,E5CAMMORCRO,,1,2014,,,,,,1.0
OutputActivityRatio,NDC,ECU,SUPCAMMORCRO,E5CAMMORCRO,,1,2015,,,,,,1.0
OutputActivityRatio,NDC,ECU,SUPCAMMORCRO,E5CAMMORCRO,,1,2016,,,,,,1.0
OutputActivityRatio,NDC,ECU,SUPCAMMORCRO,E5CAMMORCRO,,1,2017,,,,,,1.0
OutputActivityRatio,NDC,ECU,SUPCAMMORCRO,E5CAMMORCRO,,1,2018,,,,,,1.0
OutputActivityRatio,NDC,ECU,SUPCAMMORCRO,E5CAMMORCRO,,1,2019,,,,,,1.0
OutputActivityRatio,NDC,ECU,SUPCAMMORCRO,E5CAMMORCRO,,1,2020,,,,,,1.0
OutputActivityRatio,NDC,ECU,SUPCAMMORCRO,E5CAMMORCRO,,1,2021,,,,,,1.0
OutputActivityRatio,NDC,ECU,SUPCAMMORCRO,E5CAMMORCRO,,1,2022,,,,,,1.0
OutputActivityRatio,NDC,ECU,SUPCAMMORCRO,E5CAMMORCRO,,1,2023,,,,,,1.0
OutputActivityRatio,NDC,ECU,SUPCAMMORCRO,E5CAMMORCRO,,1,2024,,,,,,1.0
OutputActivityRatio,NDC,ECU,SUPCAMMORCRO,E5CAMMORCRO,,1,2025,,,,,,1.0
OutputActivityRatio,NDC,ECU,SUPCAMMORCRO,E5CAMMORCRO,,1,2026,,,,,,1.0
OutputActivityRatio,NDC,ECU,SUPCAMMORCRO,E5CAMMORCRO,,1,2027,,,,,,1.0
OutputActivityRatio,NDC,ECU,SUPCAMMORCRO,E5CAMMORCRO,,1,2028,,,,,,1.0
OutputActivityRatio,NDC,ECU,SUPCAMMORCRO,E5CAMMORCRO,,1,2029,,,,,,1.0
OutputActivityRatio,NDC,ECU,SUPCAMMORCRO,E5CAMMORCRO,,1,2030,,,,,,1.0
OutputActivityRatio,NDC,ECU,SUPCAMMORCRO,E5CAMMORCRO,,1,2031,,,,,,1.0
OutputActivityRatio,NDC,ECU,SUPCAMMORCRO,E5CAMMORCRO,,1,2032,,,,,,1.0
OutputActivityRatio,NDC,ECU,SUPCAMMORCRO,E5CAMMORCRO,,1,2033,,,,,,1.0
OutputActivityRatio,NDC,ECU,SUPCAMMORCRO,E5CAMMORCRO,,1,2034,,,,,,1.0
OutputActivityRatio,NDC,ECU,SUPCAMMORCRO,E5CAMMORCRO,,1,2035,,,,,,1.0
OutputActivityRatio,NDC,ECU,SUPCAMPFOCRO,E5CAMPFOCRO,,1,2010,,,,,,1.0
OutputActivityRatio,NDC,ECU,SUPCAMPFOCRO,E5CAMPFOCRO,,1,2011,,,,,,1.0
OutputActivityRatio,NDC,ECU,SUPCAMPFOCRO,E5CAMPFOCRO,,1,2012,,,,,,1.0
OutputActivityRatio,NDC,ECU,SUPCAMPFOCRO,E5CAMPFOCRO,,1,2013,,,,,,1.0
OutputActivityRatio,NDC,ECU,SUPCAMPFOCRO,E5CAMPFOCRO,,1,2014,,,,,,1.0
OutputActivityRatio,NDC,ECU,SUPCAMPFOCRO,E5CAMPFOCRO,,1,2015,,,,,,1.0
OutputActivityRatio,NDC,ECU,SUPCAMPFOCRO,E5CAMPFOCRO,,1,2016,,,,,,1.0
OutputActivityRatio,NDC,ECU,SUPCAMPFOCRO,E5CAMPFOCRO,,1,2017,,,,,,1.0
OutputActivityRatio,NDC,ECU,SUPCAMPFOCRO,E5CAMPFOCRO,,1,2018,,,,,,1.0
OutputActivityRatio,NDC,ECU,SUPCAMPFOCRO,E5CAMPFOCRO,,1,2019,,,,,,1.0
OutputActivityRatio,NDC,ECU,SUPCAMPFOCRO,E5CAMPFOCRO,,1,2020,,,,,,1.0
OutputActivityRatio,NDC,ECU,SUPCAMPFOCRO,E5CAMPFOCRO,,1,2021,,,,,,1.0
OutputActivityRatio,NDC,ECU,SUPCAMPFOCRO,E5CAMPFOCRO,,1,2022,,,,,,1.0
OutputActivityRatio,NDC,ECU,SUPCAMPFOCRO,E5CAMPFOCRO,,1,2023,,,,,,1.0
OutputActivityRatio,NDC,ECU,SUPCAMPFOCRO,E5CAMPFOCRO,,1,2024,,,,,,1.0
OutputActivityRatio,NDC,ECU,SUPCAMPFOCRO,E5CAMPFOCRO,,1,2025,,,,,,1.0
OutputActivityRatio,NDC,ECU,SUPCAMPFOCRO,E5CAMPFOCRO,,1,2026,,,,,,1.0
OutputActivityRatio,NDC,ECU,SUPCAMPFOCRO,E5CAMPFOCRO,,1,2027,,,,,,1.0
OutputActivityRatio,NDC,ECU,SUPCAMPFOCRO,E5CAMPFOCRO,,1,2028,,,,,,1.0
OutputActivityRatio,NDC,ECU,SUPCAMPFOCRO,E5CAMPFOCRO,,1,2029,,,,,,1.0
OutputActivityRatio,NDC,ECU,SUPCAMPFOCRO,E5CAMPFOCRO,,1,2030,,,,,,1.0
OutputActivityRatio,NDC,ECU,SUPCAMPFOCRO,E5CAMPFOCRO,,1,2031,,,,,,1.0
OutputActivityRatio,NDC,ECU,SUPCAMPFOCRO,E5CAMPFOCRO,,1,2032,,,,,,1.0
OutputActivityRatio,NDC,ECU,SUPCAMPFOCRO,E5CAMPFOCRO,,1,2033,,,,,,1.0
OutputActivityRatio,NDC,ECU,SUPCAMPFOCRO,E5CAMPFOCRO,,1,2034,,,,,,1.0
OutputActivityRatio,NDC,ECU,SUPCAMPFOCRO,E5CAMPFOCRO,,1,2035,,,,,,1.0
OutputActivityRatio,NDC,ECU,SUPCAMGRACRO,E5CAMGRACRO,,1,2010,,,,,,1.0
OutputActivityRatio,NDC,ECU,SUPCAMGRACRO,E5CAMGRACRO,,1,2011,,,,,,1.0
OutputActivityRatio,NDC,ECU,SUPCAMGRACRO,E5CAMGRACRO,,1,2012,,,,,,1.0
OutputActivityRatio,NDC,ECU,SUPCAMGRACRO,E5CAMGRACRO,,1,2013,,,,,,1.0
OutputActivityRatio,NDC,ECU,SUPCAMGRACRO,E5CAMGRACRO,,1,2014,,,,,,1.0
OutputActivityRatio,NDC,ECU,SUPCAMGRACRO,E5CAMGRACRO,,1,2015,,,,,,1.0
OutputActivityRatio,NDC,ECU,SUPCAMGRACRO,E5CAMGRACRO,,1,2016,,,,,,1.0
OutputActivityRatio,NDC,ECU,SUPCAMGRACRO,E5CAMGRACRO,,1,2017,,,,,,1.0
OutputActivityRatio,NDC,ECU,SUPCAMGRACRO,E5CAMGRACRO,,1,2018,,,,,,1.0
OutputActivityRatio,NDC,ECU,SUPCAMGRACRO,E5CAMGRACRO,,1,2019,,,,,,1.0
OutputActivityRatio,NDC,ECU,SUPCAMGRACRO,E5CAMGRACRO,,1,2020,,,,,,1.0
OutputActivityRatio,NDC,ECU,SUPCAMGRACRO,E5CAMGRACRO,,1,2021,,,,,,1.0
OutputActivityRatio,NDC,ECU,SUPCAMGRACRO,E5CAMGRACRO,,1,2022,,,,,,1.0
OutputActivityRatio,NDC,ECU,SUPCAMGRACRO,E5CAMGRACRO,,1,2023,,,,,,1.0
OutputActivityRatio,NDC,ECU,SUPCAMGRACRO,E5CAMGRACRO,,1,2024,,,,,,1.0
OutputActivityRatio,NDC,ECU,SUPCAMGRACRO,E5CAMGRACRO,,1,2025,,,,,,1.0
OutputActivityRatio,NDC,ECU,SUPCAMGRACRO,E5CAMGRACRO,,1,2026,,,,,,1.0
OutputActivityRatio,NDC,ECU,SUPCAMGRACRO,E5CAMGRACRO,,1,2027,,,,,,1.0
OutputActivityRatio,NDC,ECU,SUPCAMGRACRO,E5CAMGRACRO,,1,2028,,,,,,1.0
OutputActivityRatio,NDC,ECU,SUPCAMGRACRO,E5CAMGRACRO,,1,2029,,,,,,1.0
OutputActivityRatio,NDC,ECU,SUPCAMGRACRO,E5CAMGRACRO,,1,2030,,,,,,1.0
OutputActivityRatio,NDC,ECU,SUPCAMGRACRO,E5CAMGRACRO,,1,2031,,,,,,1.0
OutputActivityRatio,NDC,ECU,SUPCAMGRACRO,E5CAMGRACRO,,1,2032,,,,,,1.0
OutputActivityRatio,NDC,ECU,SUPCAMGRACRO,E5CAMGRACRO,,1,2033,,,,,,1.0
OutputActivityRatio,NDC,ECU,SUPCAMGRACRO,E5CAMGRACRO,,1,2034,,,,,,1.0
OutputActivityRatio,NDC,ECU,SUPCAMGRACRO,E5CAMGRACRO,,1,2035,,,,,,1.0
OutputActivityRatio,NDC,ECU,SUPCAMHUMCRO,E5CAMHUMCRO,,1,2010,,,,,,1.0
OutputActivityRatio,NDC,ECU,SUPCAMHUMCRO,E5CAMHUMCRO,,1,2011,,,,,,1.0
OutputActivityRatio,NDC,ECU,SUPCAMHUMCRO,E5CAMHUMCRO,,1,2012,,,,,,1.0
OutputActivityRatio,NDC,ECU,SUPCAMHUMCRO,E5CAMHUMCRO,,1,2013,,,,,,1.0
OutputActivityRatio,NDC,ECU,SUPCAMHUMCRO,E5CAMHUMCRO,,1,2014,,,,,,1.0
OutputActivityRatio,NDC,ECU,SUPCAMHUMCRO,E5CAMHUMCRO,,1,2015,,,,,,1.0
OutputActivityRatio,NDC,ECU,SUPCAMHUMCRO,E5CAMHUMCRO,,1,2016,,,,,,1.0
OutputActivityRatio,NDC,ECU,SUPCAMHUMCRO,E5CAMHUMCRO,,1,2017,,,,,,1.0
OutputActivityRatio,NDC,ECU,SUPCAMHUMCRO,E5CAMHUMCRO,,1,2018,,,,,,1.0
OutputActivityRatio,NDC,ECU,SUPCAMHUMCRO,E5CAMHUMCRO,,1,2019,,,,,,1.0
OutputActivityRatio,NDC,ECU,SUPCAMHUMCRO,E5CAMHUMCRO,,1,2020,,,,,,1.0
OutputActivityRatio,NDC,ECU,SUPCAMHUMCRO,E5CAMHUMCRO,,1,2021,,,,,,1.0
OutputActivityRatio,NDC,ECU,SUPCAMHUMCRO,E5CAMHUMCRO,,1,2022,,,,,,1.0
OutputActivityRatio,NDC,ECU,SUPCAMHUMCRO,E5CAMHUMCRO,,1,2023,,,,,,1.0
OutputActivityRatio,NDC,ECU,SUPCAMHUMCRO,E5CAMHUMCRO,,1,2024,,,,,,1.0
OutputActivityRatio,NDC,ECU,SUPCAMHUMCRO,E5CAMHUMCRO,,1,2025,,,,,,1.0
OutputActivityRatio,NDC,ECU,SUPCAMHUMCRO,E5CAMHUMCRO,,1,2026,,,,,,1.0
OutputActivityRatio,NDC,ECU,SUPCAMHUMCRO,E5CAMHUMCRO,,1,2027,,,,,,1.0
OutputActivityRatio,NDC,ECU,SUPCAMHUMCRO,E5CAMHUMCRO,,1,2028,,,,,,1.0
OutputActivityRatio,NDC,ECU,SUPCAMHUMCRO,E5CAMHUMCRO,,1,2029,,,,,,1.0
OutputActivityRatio,NDC,ECU,SUPCAMHUMCRO,E5CAMHUMCRO,,1,2030,,,,,,1.0
OutputActivityRatio,NDC,ECU,SUPCAMHUMCRO,E5CAMHUMCRO,,1,2031,,,,,,1.0
OutputActivityRatio,NDC,ECU,SUPCAMHUMCRO,E5CAMHUMCRO,,1,2032,,,,,,1.0
OutputActivityRatio,NDC,ECU,SUPCAMHUMCRO,E5CAMHUMCRO,,1,2033,,,,,,1.0
OutputActivityRatio,NDC,ECU,SUPCAMHUMCRO,E5CAMHUMCRO,,1,2034,,,,,,1.0
OutputActivityRatio,NDC,ECU,SUPCAMHUMCRO,E5CAMHUMCRO,,1,2035,,,,,,1.0
OutputActivityRatio,NDC,ECU,SUPCAMASECRO,E5CAMASECRO,,1,2010,,,,,,1.0
OutputActivityRatio,NDC,ECU,SUPCAMASECRO,E5CAMASECRO,,1,2011,,,,,,1.0
OutputActivityRatio,NDC,ECU,SUPCAMASECRO,E5CAMASECRO,,1,2012,,,,,,1.0
OutputActivityRatio,NDC,ECU,SUPCAMASECRO,E5CAMASECRO,,1,2013,,,,,,1.0
OutputActivityRatio,NDC,ECU,SUPCAMASECRO,E5CAMASECRO,,1,2014,,,,,,1.0
OutputActivityRatio,NDC,ECU,SUPCAMASECRO,E5CAMASECRO,,1,2015,,,,,,1.0
OutputActivityRatio,NDC,ECU,SUPCAMASECRO,E5CAMASECRO,,1,2016,,,,,,1.0
OutputActivityRatio,NDC,ECU,SUPCAMASECRO,E5CAMASECRO,,1,2017,,,,,,1.0
OutputActivityRatio,NDC,ECU,SUPCAMASECRO,E5CAMASECRO,,1,2018,,,,,,1.0
OutputActivityRatio,NDC,ECU,SUPCAMASECRO,E5CAMASECRO,,1,2019,,,,,,1.0
OutputActivityRatio,NDC,ECU,SUPCAMASECRO,E5CAMASECRO,,1,2020,,,,,,1.0
OutputActivityRatio,NDC,ECU,SUPCAMASECRO,E5CAMASECRO,,1,2021,,,,,,1.0
OutputActivityRatio,NDC,ECU,SUPCAMASECRO,E5CAMASECRO,,1,2022,,,,,,1.0
OutputActivityRatio,NDC,ECU,SUPCAMASECRO,E5CAMASECRO,,1,2023,,,,,,1.0
OutputActivityRatio,NDC,ECU,SUPCAMASECRO,E5CAMASECRO,,1,2024,,,,,,1.0
OutputActivityRatio,NDC,ECU,SUPCAMASECRO,E5CAMASECRO,,1,2025,,,,,,1.0
OutputActivityRatio,NDC,ECU,SUPCAMASECRO,E5CAMASECRO,,1,2026,,,,,,1.0
OutputActivityRatio,NDC,ECU,SUPCAMASECRO,E5CAMASECRO,,1,2027,,,,,,1.0
OutputActivityRatio,NDC,ECU,SUPCAMASECRO,E5CAMASECRO,,1,2028,,,,,,1.0
OutputActivityRatio,NDC,ECU,SUPCAMASECRO,E5CAMASECRO,,1,2029,,,,,,1.0
OutputActivityRatio,NDC,ECU,SUPCAMASECRO,E5CAMASECRO,,1,2030,,,,,,1.0
OutputActivityRatio,NDC,ECU,SUPCAMASECRO,E5CAMASECRO,,1,2031,,,,,,1.0
OutputActivityRatio,NDC,ECU,SUPCAMASECRO,E5CAMASECRO,,1,2032,,,,,,1.0
OutputActivityRatio,NDC,ECU,SUPCAMASECRO,E5CAMASECRO,,1,2033,,,,,,1.0
OutputActivityRatio,NDC,ECU,SUPCAMASECRO,E5CAMASECRO,,1,2034,,,,,,1.0
OutputActivityRatio,NDC,ECU,SUPCAMASECRO,E5CAMASECRO,,1,2035,,,,,,1.0
OutputActivityRatio,NDC,ECU,SUPCAMOTICRO,E5CAMOTICRO,,1,2010,,,,,,1.0
OutputActivityRatio,NDC,ECU,SUPCAMOTICRO,E5CAMOTICRO,,1,2011,,,,,,1.0
OutputActivityRatio,NDC,ECU,SUPCAMOTICRO,E5CAMOTICRO,,1,2012,,,,,,1.0
OutputActivityRatio,NDC,ECU,SUPCAMOTICRO,E5CAMOTICRO,,1,2013,,,,,,1.0
OutputActivityRatio,NDC,ECU,SUPCAMOTICRO,E5CAMOTICRO,,1,2014,,,,,,1.0
OutputActivityRatio,NDC,ECU,SUPCAMOTICRO,E5CAMOTICRO,,1,2015,,,,,,1.0
OutputActivityRatio,NDC,ECU,SUPCAMOTICRO,E5CAMOTICRO,,1,2016,,,,,,1.0
OutputActivityRatio,NDC,ECU,SUPCAMOTICRO,E5CAMOTICRO,,1,2017,,,,,,1.0
OutputActivityRatio,NDC,ECU,SUPCAMOTICRO,E5CAMOTICRO,,1,2018,,,,,,1.0
OutputActivityRatio,NDC,ECU,SUPCAMOTICRO,E5CAMOTICRO,,1,2019,,,,,,1.0
OutputActivityRatio,NDC,ECU,SUPCAMOTICRO,E5CAMOTICRO,,1,2020,,,,,,1.0
OutputActivityRatio,NDC,ECU,SUPCAMOTICRO,E5CAMOTICRO,,1,2021,,,,,,1.0
OutputActivityRatio,NDC,ECU,SUPCAMOTICRO,E5CAMOTICRO,,1,2022,,,,,,1.0
OutputActivityRatio,NDC,ECU,SUPCAMOTICRO,E5CAMOTICRO,,1,2023,,,,,,1.0
OutputActivityRatio,NDC,ECU,SUPCAMOTICRO,E5CAMOTICRO,,1,2024,,,,,,1.0
OutputActivityRatio,NDC,ECU,SUPCAMOTICRO,E5CAMOTICRO,,1,2025,,,,,,1.0
OutputActivityRatio,NDC,ECU,SUPCAMOTICRO,E5CAMOTICRO,,1,2026,,,,,,1.0
OutputActivityRatio,NDC,ECU,SUPCAMOTICRO,E5CAMOTICRO,,1,2027,,,,,,1.0
OutputActivityRatio,NDC,ECU,SUPCAMOTICRO,E5CAMOTICRO,,1,2028,,,,,,1.0
OutputActivityRatio,NDC,ECU,SUPCAMOTICRO,E5CAMOTICRO,,1,2029,,,,,,1.0
OutputActivityRatio,NDC,ECU,SUPCAMOTICRO,E5CAMOTICRO,,1,2030,,,,,,1.0
OutputActivityRatio,NDC,ECU,SUPCAMOTICRO,E5CAMOTICRO,,1,2031,,,,,,1.0
OutputActivityRatio,NDC,ECU,SUPCAMOTICRO,E5CAMOTICRO,,1,2032,,,,,,1.0
OutputActivityRatio,NDC,ECU,SUPCAMOTICRO,E5CAMOTICRO,,1,2033,,,,,,1.0
OutputActivityRatio,NDC,ECU,SUPCAMOTICRO,E5CAMOTICRO,,1,2034,,,,,,1.0
OutputActivityRatio,NDC,ECU,SUPCAMOTICRO,E5CAMOTICRO,,1,2035,,,,,,1.0
OutputActivityRatio,NDC,ECU,SUPCAMANDGRA,E5CAMANDGRA,,1,2010,,,,,,1.0
OutputActivityRatio,NDC,ECU,SUPCAMANDGRA,E5CAMANDGRA,,1,2011,,,,,,1.0
OutputActivityRatio,NDC,ECU,SUPCAMANDGRA,E5CAMANDGRA,,1,2012,,,,,,1.0
OutputActivityRatio,NDC,ECU,SUPCAMANDGRA,E5CAMANDGRA,,1,2013,,,,,,1.0
OutputActivityRatio,NDC,ECU,SUPCAMANDGRA,E5CAMANDGRA,,1,2014,,,,,,1.0
OutputActivityRatio,NDC,ECU,SUPCAMANDGRA,E5CAMANDGRA,,1,2015,,,,,,1.0
OutputActivityRatio,NDC,ECU,SUPCAMANDGRA,E5CAMANDGRA,,1,2016,,,,,,1.0
OutputActivityRatio,NDC,ECU,SUPCAMANDGRA,E5CAMANDGRA,,1,2017,,,,,,1.0
OutputActivityRatio,NDC,ECU,SUPCAMANDGRA,E5CAMANDGRA,,1,2018,,,,,,1.0
OutputActivityRatio,NDC,ECU,SUPCAMANDGRA,E5CAMANDGRA,,1,2019,,,,,,1.0
OutputActivityRatio,NDC,ECU,SUPCAMANDGRA,E5CAMANDGRA,,1,2020,,,,,,1.0
OutputActivityRatio,NDC,ECU,SUPCAMANDGRA,E5CAMANDGRA,,1,2021,,,,,,1.0
OutputActivityRatio,NDC,ECU,SUPCAMANDGRA,E5CAMANDGRA,,1,2022,,,,,,1.0
OutputActivityRatio,NDC,ECU,SUPCAMANDGRA,E5CAMANDGRA,,1,2023,,,,,,1.0
OutputActivityRatio,NDC,ECU,SUPCAMANDGRA,E5CAMANDGRA,,1,2024,,,,,,1.0
OutputActivityRatio,NDC,ECU,SUPCAMANDGRA,E5CAMANDGRA,,1,2025,,,,,,1.0
OutputActivityRatio,NDC,ECU,SUPCAMANDGRA,E5CAMANDGRA,,1,2026,,,,,,1.0
OutputActivityRatio,NDC,ECU,SUPCAMANDGRA,E5CAMANDGRA,,1,2027,,,,,,1.0
OutputActivityRatio,NDC,ECU,SUPCAMANDGRA,E5CAMANDGRA,,1,2028,,,,,,1.0
OutputActivityRatio,NDC,ECU,SUPCAMANDGRA,E5CAMANDGRA,,1,2029,,,,,,1.0
OutputActivityRatio,NDC,ECU,SUPCAMANDGRA,E5CAMANDGRA,,1,2030,,,,,,1.0
OutputActivityRatio,NDC,ECU,SUPCAMANDGRA,E5CAMANDGRA,,1,2031,,,,,,1.0
OutputActivityRatio,NDC,ECU,SUPCAMANDGRA,E5CAMANDGRA,,1,2032,,,,,,1.0
OutputActivityRatio,NDC,ECU,SUPCAMANDGRA,E5CAMANDGRA,,1,2033,,,,,,1.0
OutputActivityRatio,NDC,ECU,SUPCAMANDGRA,E5CAMANDGRA,,1,2034,,,,,,1.0
OutputActivityRatio,NDC,ECU,SUPCAMANDGRA,E5CAMANDGRA,,1,2035,,,,,,1.0
OutputActivityRatio,NDC,ECU,SUPCAMPLUGRA,E5CAMPLUGRA,,1,2010,,,,,,1.0
OutputActivityRatio,NDC,ECU,SUPCAMPLUGRA,E5CAMPLUGRA,,1,2011,,,,,,1.0
OutputActivityRatio,NDC,ECU,SUPCAMPLUGRA,E5CAMPLUGRA,,1,2012,,,,,,1.0
OutputActivityRatio,NDC,ECU,SUPCAMPLUGRA,E5CAMPLUGRA,,1,2013,,,,,,1.0
OutputActivityRatio,NDC,ECU,SUPCAMPLUGRA,E5CAMPLUGRA,,1,2014,,,,,,1.0
OutputActivityRatio,NDC,ECU,SUPCAMPLUGRA,E5CAMPLUGRA,,1,2015,,,,,,1.0
OutputActivityRatio,NDC,ECU,SUPCAMPLUGRA,E5CAMPLUGRA,,1,2016,,,,,,1.0
OutputActivityRatio,NDC,ECU,SUPCAMPLUGRA,E5CAMPLUGRA,,1,2017,,,,,,1.0
OutputActivityRatio,NDC,ECU,SUPCAMPLUGRA,E5CAMPLUGRA,,1,2018,,,,,,1.0
OutputActivityRatio,NDC,ECU,SUPCAMPLUGRA,E5CAMPLUGRA,,1,2019,,,,,,1.0
OutputActivityRatio,NDC,ECU,SUPCAMPLUGRA,E5CAMPLUGRA,,1,2020,,,,,,1.0
OutputActivityRatio,NDC,ECU,SUPCAMPLUGRA,E5CAMPLUGRA,,1,2021,,,,,,1.0
OutputActivityRatio,NDC,ECU,SUPCAMPLUGRA,E5CAMPLUGRA,,1,2022,,,,,,1.0
OutputActivityRatio,NDC,ECU,SUPCAMPLUGRA,E5CAMPLUGRA,,1,2023,,,,,,1.0
OutputActivityRatio,NDC,ECU,SUPCAMPLUGRA,E5CAMPLUGRA,,1,2024,,,,,,1.0
OutputActivityRatio,NDC,ECU,SUPCAMPLUGRA,E5CAMPLUGRA,,1,2025,,,,,,1.0
OutputActivityRatio,NDC,ECU,SUPCAMPLUGRA,E5CAMPLUGRA,,1,2026,,,,,,1.0
OutputActivityRatio,NDC,ECU,SUPCAMPLUGRA,E5CAMPLUGRA,,1,2027,,,,,,1.0
OutputActivityRatio,NDC,ECU,SUPCAMPLUGRA,E5CAMPLUGRA,,1,2028,,,,,,1.0
OutputActivityRatio,NDC,ECU,SUPCAMPLUGRA,E5CAMPLUGRA,,1,2029,,,,,,1.0
OutputActivityRatio,NDC,ECU,SUPCAMPLUGRA,E5CAMPLUGRA,,1,2030,,,,,,1.0
OutputActivityRatio,NDC,ECU,SUPCAMPLUGRA,E5CAMPLUGRA,,1,2031,,,,,,1.0
OutputActivityRatio,NDC,ECU,SUPCAMPLUGRA,E5CAMPLUGRA,,1,2032,,,,,,1.0
OutputActivityRatio,NDC,ECU,SUPCAMPLUGRA,E5CAMPLUGRA,,1,2033,,,,,,1.0
OutputActivityRatio,NDC,ECU,SUPCAMPLUGRA,E5CAMPLUGRA,,1,2034,,,,,,1.0
OutputActivityRatio,NDC,ECU,SUPCAMPLUGRA,E5CAMPLUGRA,,1,2035,,,,,,1.0
OutputActivityRatio,NDC,ECU,SUPCAMMONGRA,E5CAMMONGRA,,1,2010,,,,,,1.0
OutputActivityRatio,NDC,ECU,SUPCAMMONGRA,E5CAMMONGRA,,1,2011,,,,,,1.0
OutputActivityRatio,NDC,ECU,SUPCAMMONGRA,E5CAMMONGRA,,1,2012,,,,,,1.0
OutputActivityRatio,NDC,ECU,SUPCAMMONGRA,E5CAMMONGRA,,1,2013,,,,,,1.0
OutputActivityRatio,NDC,ECU,SUPCAMMONGRA,E5CAMMONGRA,,1,2014,,,,,,1.0
OutputActivityRatio,NDC,ECU,SUPCAMMONGRA,E5CAMMONGRA,,1,2015,,,,,,1.0
OutputActivityRatio,NDC,ECU,SUPCAMMONGRA,E5CAMMONGRA,,1,2016,,,,,,1.0
OutputActivityRatio,NDC,ECU,SUPCAMMONGRA,E5CAMMONGRA,,1,2017,,,,,,1.0
OutputActivityRatio,NDC,ECU,SUPCAMMONGRA,E5CAMMONGRA,,1,2018,,,,,,1.0
OutputActivityRatio,NDC,ECU,SUPCAMMONGRA,E5CAMMONGRA,,1,2019,,,,,,1.0
OutputActivityRatio,NDC,ECU,SUPCAMMONGRA,E5CAMMONGRA,,1,2020,,,,,,1.0
OutputActivityRatio,NDC,ECU,SUPCAMMONGRA,E5CAMMONGRA,,1,2021,,,,,,1.0
OutputActivityRatio,NDC,ECU,SUPCAMMONGRA,E5CAMMONGRA,,1,2022,,,,,,1.0
OutputActivityRatio,NDC,ECU,SUPCAMMONGRA,E5CAMMONGRA,,1,2023,,,,,,1.0
OutputActivityRatio,NDC,ECU,SUPCAMMONGRA,E5CAMMONGRA,,1,2024,,,,,,1.0
OutputActivityRatio,NDC,ECU,SUPCAMMONGRA,E5CAMMONGRA,,1,2025,,,,,,1.0
OutputActivityRatio,NDC,ECU,SUPCAMMONGRA,E5CAMMONGRA,,1,2026,,,,,,1.0
OutputActivityRatio,NDC,ECU,SUPCAMMONGRA,E5CAMMONGRA,,1,2027,,,,,,1.0
OutputActivityRatio,NDC,ECU,SUPCAMMONGRA,E5CAMMONGRA,,1,2028,,,,,,1.0
OutputActivityRatio,NDC,ECU,SUPCAMMONGRA,E5CAMMONGRA,,1,2029,,,,,,1.0
OutputActivityRatio,NDC,ECU,SUPCAMMONGRA,E5CAMMONGRA,,1,2030,,,,,,1.0
OutputActivityRatio,NDC,ECU,SUPCAMMONGRA,E5CAMMONGRA,,1,2031,,,,,,1.0
OutputActivityRatio,NDC,ECU,SUPCAMMONGRA,E5CAMMONGRA,,1,2032,,,,,,1.0
OutputActivityRatio,NDC,ECU,SUPCAMMONGRA,E5CAMMONGRA,,1,2033,,,,,,1.0
OutputActivityRatio,NDC,ECU,SUPCAMMONGRA,E5CAMMONGRA,,1,2034,,,,,,1.0
OutputActivityRatio,NDC,ECU,SUPCAMMONGRA,E5CAMMONGRA,,1,2035,,,,,,1.0
OutputActivityRatio,NDC,ECU,SUPCAMPIEGRA,E5CAMPIEGRA,,1,2010,,,,,,1.0
OutputActivityRatio,NDC,ECU,SUPCAMPIEGRA,E5CAMPIEGRA,,1,2011,,,,,,1.0
OutputActivityRatio,NDC,ECU,SUPCAMPIEGRA,E5CAMPIEGRA,,1,2012,,,,,,1.0
OutputActivityRatio,NDC,ECU,SUPCAMPIEGRA,E5CAMPIEGRA,,1,2013,,,,,,1.0
OutputActivityRatio,NDC,ECU,SUPCAMPIEGRA,E5CAMPIEGRA,,1,2014,,,,,,1.0
OutputActivityRatio,NDC,ECU,SUPCAMPIEGRA,E5CAMPIEGRA,,1,2015,,,,,,1.0
OutputActivityRatio,NDC,ECU,SUPCAMPIEGRA,E5CAMPIEGRA,,1,2016,,,,,,1.0
OutputActivityRatio,NDC,ECU,SUPCAMPIEGRA,E5CAMPIEGRA,,1,2017,,,,,,1.0
OutputActivityRatio,NDC,ECU,SUPCAMPIEGRA,E5CAMPIEGRA,,1,2018,,,,,,1.0
OutputActivityRatio,NDC,ECU,SUPCAMPIEGRA,E5CAMPIEGRA,,1,2019,,,,,,1.0
OutputActivityRatio,NDC,ECU,SUPCAMPIEGRA,E5CAMPIEGRA,,1,2020,,,,,,1.0
OutputActivityRatio,NDC,ECU,SUPCAMPIEGRA,E5CAMPIEGRA,,1,2021,,,,,,1.0
OutputActivityRatio,NDC,ECU,SUPCAMPIEGRA,E5CAMPIEGRA,,1,2022,,,,,,1.0
OutputActivityRatio,NDC,ECU,SUPCAMPIEGRA,E5CAMPIEGRA,,1,2023,,,,,,1.0
OutputActivityRatio,NDC,ECU,SUPCAMPIEGRA,E5CAMPIEGRA,,1,2024,,,,,,1.0
OutputActivityRatio,NDC,ECU,SUPCAMPIEGRA,E5CAMPIEGRA,,1,2025,,,,,,1.0
OutputActivityRatio,NDC,ECU,SUPCAMPIEGRA,E5CAMPIEGRA,,1,2026,,,,,,1.0
OutputActivityRatio,NDC,ECU,SUPCAMPIEGRA,E5CAMPIEGRA,,1,2027,,,,,,1.0
OutputActivityRatio,NDC,ECU,SUPCAMPIEGRA,E5CAMPIEGRA,,1,2028,,,,,,1.0
OutputActivityRatio,NDC,ECU,SUPCAMPIEGRA,E5CAMPIEGRA,,1,2029,,,,,,1.0
OutputActivityRatio,NDC,ECU,SUPCAMPIEGRA,E5CAMPIEGRA,,1,2030,,,,,,1.0
OutputActivityRatio,NDC,ECU,SUPCAMPIEGRA,E5CAMPIEGRA,,1,2031,,,,,,1.0
OutputActivityRatio,NDC,ECU,SUPCAMPIEGRA,E5CAMPIEGRA,,1,2032,,,,,,1.0
OutputActivityRatio,NDC,ECU,SUPCAMPIEGRA,E5CAMPIEGRA,,1,2033,,,,,,1.0
OutputActivityRatio,NDC,ECU,SUPCAMPIEGRA,E5CAMPIEGRA,,1,2034,,,,,,1.0
OutputActivityRatio,NDC,ECU,SUPCAMPIEGRA,E5CAMPIEGRA,,1,2035,,,,,,1.0
OutputActivityRatio,NDC,ECU,SUPCAMCEJGRA,E5CAMCEJGRA,,1,2010,,,,,,1.0
OutputActivityRatio,NDC,ECU,SUPCAMCEJGRA,E5CAMCEJGRA,,1,2011,,,,,,1.0
OutputActivityRatio,NDC,ECU,SUPCAMCEJGRA,E5CAMCEJGRA,,1,2012,,,,,,1.0
OutputActivityRatio,NDC,ECU,SUPCAMCEJGRA,E5CAMCEJGRA,,1,2013,,,,,,1.0
OutputActivityRatio,NDC,ECU,SUPCAMCEJGRA,E5CAMCEJGRA,,1,2014,,,,,,1.0
OutputActivityRatio,NDC,ECU,SUPCAMCEJGRA,E5CAMCEJGRA,,1,2015,,,,,,1.0
OutputActivityRatio,NDC,ECU,SUPCAMCEJGRA,E5CAMCEJGRA,,1,2016,,,,,,1.0
OutputActivityRatio,NDC,ECU,SUPCAMCEJGRA,E5CAMCEJGRA,,1,2017,,,,,,1.0
OutputActivityRatio,NDC,ECU,SUPCAMCEJGRA,E5CAMCEJGRA,,1,2018,,,,,,1.0
OutputActivityRatio,NDC,ECU,SUPCAMCEJGRA,E5CAMCEJGRA,,1,2019,,,,,,1.0
OutputActivityRatio,NDC,ECU,SUPCAMCEJGRA,E5CAMCEJGRA,,1,2020,,,,,,1.0
OutputActivityRatio,NDC,ECU,SUPCAMCEJGRA,E5CAMCEJGRA,,1,2021,,,,,,1.0
OutputActivityRatio,NDC,ECU,SUPCAMCEJGRA,E5CAMCEJGRA,,1,2022,,,,,,1.0
OutputActivityRatio,NDC,ECU,SUPCAMCEJGRA,E5CAMCEJGRA,,1,2023,,,,,,1.0
OutputActivityRatio,NDC,ECU,SUPCAMCEJGRA,E5CAMCEJGRA,,1,2024,,,,,,1.0
OutputActivityRatio,NDC,ECU,SUPCAMCEJGRA,E5CAMCEJGRA,,1,2025,,,,,,1.0
OutputActivityRatio,NDC,ECU,SUPCAMCEJGRA,E5CAMCEJGRA,,1,2026,,,,,,1.0
OutputActivityRatio,NDC,ECU,SUPCAMCEJGRA,E5CAMCEJGRA,,1,2027,,,,,,1.0
OutputActivityRatio,NDC,ECU,SUPCAMCEJGRA,E5CAMCEJGRA,,1,2028,,,,,,1.0
OutputActivityRatio,NDC,ECU,SUPCAMCEJGRA,E5CAMCEJGRA,,1,2029,,,,,,1.0
OutputActivityRatio,NDC,ECU,SUPCAMCEJGRA,E5CAMCEJGRA,,1,2030,,,,,,1.0
OutputActivityRatio,NDC,ECU,SUPCAMCEJGRA,E5CAMCEJGRA,,1,2031,,,,,,1.0
OutputActivityRatio,NDC,ECU,SUPCAMCEJGRA,E5CAMCEJGRA,,1,2032,,,,,,1.0
OutputActivityRatio,NDC,ECU,SUPCAMCEJGRA,E5CAMCEJGRA,,1,2033,,,,,,1.0
OutputActivityRatio,NDC,ECU,SUPCAMCEJGRA,E5CAMCEJGRA,,1,2034,,,,,,1.0
OutputActivityRatio,NDC,ECU,SUPCAMCEJGRA,E5CAMCEJGRA,,1,2035,,,,,,1.0
OutputActivityRatio,NDC,ECU,SUPCAMAMAGRA,E5CAMAMAGRA,,1,2010,,,,,,1.0
OutputActivityRatio,NDC,ECU,SUPCAMAMAGRA,E5CAMAMAGRA,,1,2011,,,,,,1.0
OutputActivityRatio,NDC,ECU,SUPCAMAMAGRA,E5CAMAMAGRA,,1,2012,,,,,,1.0
OutputActivityRatio,NDC,ECU,SUPCAMAMAGRA,E5CAMAMAGRA,,1,2013,,,,,,1.0
OutputActivityRatio,NDC,ECU,SUPCAMAMAGRA,E5CAMAMAGRA,,1,2014,,,,,,1.0
OutputActivityRatio,NDC,ECU,SUPCAMAMAGRA,E5CAMAMAGRA,,1,2015,,,,,,1.0
OutputActivityRatio,NDC,ECU,SUPCAMAMAGRA,E5CAMAMAGRA,,1,2016,,,,,,1.0
OutputActivityRatio,NDC,ECU,SUPCAMAMAGRA,E5CAMAMAGRA,,1,2017,,,,,,1.0
OutputActivityRatio,NDC,ECU,SUPCAMAMAGRA,E5CAMAMAGRA,,1,2018,,,,,,1.0
OutputActivityRatio,NDC,ECU,SUPCAMAMAGRA,E5CAMAMAGRA,,1,2019,,,,,,1.0
OutputActivityRatio,NDC,ECU,SUPCAMAMAGRA,E5CAMAMAGRA,,1,2020,,,,,,1.0
OutputActivityRatio,NDC,ECU,SUPCAMAMAGRA,E5CAMAMAGRA,,1,2021,,,,,,1.0
OutputActivityRatio,NDC,ECU,SUPCAMAMAGRA,E5CAMAMAGRA,,1,2022,,,,,,1.0
OutputActivityRatio,NDC,ECU,SUPCAMAMAGRA,E5CAMAMAGRA,,1,2023,,,,,,1.0
OutputActivityRatio,NDC,ECU,SUPCAMAMAGRA,E5CAMAMAGRA,,1,2024,,,,,,1.0
OutputActivityRatio,NDC,ECU,SUPCAMAMAGRA,E5CAMAMAGRA,,1,2025,,,,,,1.0
OutputActivityRatio,NDC,ECU,SUPCAMAMAGRA,E5CAMAMAGRA,,1,2026,,,,,,1.0
OutputActivityRatio,NDC,ECU,SUPCAMAMAGRA,E5CAMAMAGRA,,1,2027,,,,,,1.0
OutputActivityRatio,NDC,ECU,SUPCAMAMAGRA,E5CAMAMAGRA,,1,2028,,,,,,1.0
OutputActivityRatio,NDC,ECU,SUPCAMAMAGRA,E5CAMAMAGRA,,1,2029,,,,,,1.0
OutputActivityRatio,NDC,ECU,SUPCAMAMAGRA,E5CAMAMAGRA,,1,2030,,,,,,1.0
OutputActivityRatio,NDC,ECU,SUPCAMAMAGRA,E5CAMAMAGRA,,1,2031,,,,,,1.0
OutputActivityRatio,NDC,ECU,SUPCAMAMAGRA,E5CAMAMAGRA,,1,2032,,,,,,1.0
OutputActivityRatio,NDC,ECU,SUPCAMAMAGRA,E5CAMAMAGRA,,1,2033,,,,,,1.0
OutputActivityRatio,NDC,ECU,SUPCAMAMAGRA,E5CAMAMAGRA,,1,2034,,,,,,1.0
OutputActivityRatio,NDC,ECU,SUPCAMAMAGRA,E5CAMAMAGRA,,1,2035,,,,,,1.0
OutputActivityRatio,NDC,ECU,SUPCAMCHOGRA,E5CAMCHOGRA,,1,2010,,,,,,1.0
OutputActivityRatio,NDC,ECU,SUPCAMCHOGRA,E5CAMCHOGRA,,1,2011,,,,,,1.0
OutputActivityRatio,NDC,ECU,SUPCAMCHOGRA,E5CAMCHOGRA,,1,2012,,,,,,1.0
OutputActivityRatio,NDC,ECU,SUPCAMCHOGRA,E5CAMCHOGRA,,1,2013,,,,,,1.0
OutputActivityRatio,NDC,ECU,SUPCAMCHOGRA,E5CAMCHOGRA,,1,2014,,,,,,1.0
OutputActivityRatio,NDC,ECU,SUPCAMCHOGRA,E5CAMCHOGRA,,1,2015,,,,,,1.0
OutputActivityRatio,NDC,ECU,SUPCAMCHOGRA,E5CAMCHOGRA,,1,2016,,,,,,1.0
OutputActivityRatio,NDC,ECU,SUPCAMCHOGRA,E5CAMCHOGRA,,1,2017,,,,,,1.0
OutputActivityRatio,NDC,ECU,SUPCAMCHOGRA,E5CAMCHOGRA,,1,2018,,,,,,1.0
OutputActivityRatio,NDC,ECU,SUPCAMCHOGRA,E5CAMCHOGRA,,1,2019,,,,,,1.0
OutputActivityRatio,NDC,ECU,SUPCAMCHOGRA,E5CAMCHOGRA,,1,2020,,,,,,1.0
OutputActivityRatio,NDC,ECU,SUPCAMCHOGRA,E5CAMCHOGRA,,1,2021,,,,,,1.0
OutputActivityRatio,NDC,ECU,SUPCAMCHOGRA,E5CAMCHOGRA,,1,2022,,,,,,1.0
OutputActivityRatio,NDC,ECU,SUPCAMCHOGRA,E5CAMCHOGRA,,1,2023,,,,,,1.0
OutputActivityRatio,NDC,ECU,SUPCAMCHOGRA,E5CAMCHOGRA,,1,2024,,,,,,1.0
OutputActivityRatio,NDC,ECU,SUPCAMCHOGRA,E5CAMCHOGRA,,1,2025,,,,,,1.0
OutputActivityRatio,NDC,ECU,SUPCAMCHOGRA,E5CAMCHOGRA,,1,2026,,,,,,1.0
OutputActivityRatio,NDC,ECU,SUPCAMCHOGRA,E5CAMCHOGRA,,1,2027,,,,,,1.0
OutputActivityRatio,NDC,ECU,SUPCAMCHOGRA,E5CAMCHOGRA,,1,2028,,,,,,1.0
OutputActivityRatio,NDC,ECU,SUPCAMCHOGRA,E5CAMCHOGRA,,1,2029,,,,,,1.0
OutputActivityRatio,NDC,ECU,SUPCAMCHOGRA,E5CAMCHOGRA,,1,2030,,,,,,1.0
OutputActivityRatio,NDC,ECU,SUPCAMCHOGRA,E5CAMCHOGRA,,1,2031,,,,,,1.0
OutputActivityRatio,NDC,ECU,SUPCAMCHOGRA,E5CAMCHOGRA,,1,2032,,,,,,1.0
OutputActivityRatio,NDC,ECU,SUPCAMCHOGRA,E5CAMCHOGRA,,1,2033,,,,,,1.0
OutputActivityRatio,NDC,ECU,SUPCAMCHOGRA,E5CAMCHOGRA,,1,2034,,,,,,1.0
OutputActivityRatio,NDC,ECU,SUPCAMCHOGRA,E5CAMCHOGRA,,1,2035,,,,,,1.0
OutputActivityRatio,NDC,ECU,SUPCAMMANGRA,E5CAMMANGRA,,1,2010,,,,,,1.0
OutputActivityRatio,NDC,ECU,SUPCAMMANGRA,E5CAMMANGRA,,1,2011,,,,,,1.0
OutputActivityRatio,NDC,ECU,SUPCAMMANGRA,E5CAMMANGRA,,1,2012,,,,,,1.0
OutputActivityRatio,NDC,ECU,SUPCAMMANGRA,E5CAMMANGRA,,1,2013,,,,,,1.0
OutputActivityRatio,NDC,ECU,SUPCAMMANGRA,E5CAMMANGRA,,1,2014,,,,,,1.0
OutputActivityRatio,NDC,ECU,SUPCAMMANGRA,E5CAMMANGRA,,1,2015,,,,,,1.0
OutputActivityRatio,NDC,ECU,SUPCAMMANGRA,E5CAMMANGRA,,1,2016,,,,,,1.0
OutputActivityRatio,NDC,ECU,SUPCAMMANGRA,E5CAMMANGRA,,1,2017,,,,,,1.0
OutputActivityRatio,NDC,ECU,SUPCAMMANGRA,E5CAMMANGRA,,1,2018,,,,,,1.0
OutputActivityRatio,NDC,ECU,SUPCAMMANGRA,E5CAMMANGRA,,1,2019,,,,,,1.0
OutputActivityRatio,NDC,ECU,SUPCAMMANGRA,E5CAMMANGRA,,1,2020,,,,,,1.0
OutputActivityRatio,NDC,ECU,SUPCAMMANGRA,E5CAMMANGRA,,1,2021,,,,,,1.0
OutputActivityRatio,NDC,ECU,SUPCAMMANGRA,E5CAMMANGRA,,1,2022,,,,,,1.0
OutputActivityRatio,NDC,ECU,SUPCAMMANGRA,E5CAMMANGRA,,1,2023,,,,,,1.0
OutputActivityRatio,NDC,ECU,SUPCAMMANGRA,E5CAMMANGRA,,1,2024,,,,,,1.0
OutputActivityRatio,NDC,ECU,SUPCAMMANGRA,E5CAMMANGRA,,1,2025,,,,,,1.0
OutputActivityRatio,NDC,ECU,SUPCAMMANGRA,E5CAMMANGRA,,1,2026,,,,,,1.0
OutputActivityRatio,NDC,ECU,SUPCAMMANGRA,E5CAMMANGRA,,1,2027,,,,,,1.0
OutputActivityRatio,NDC,ECU,SUPCAMMANGRA,E5CAMMANGRA,,1,2028,,,,,,1.0
OutputActivityRatio,NDC,ECU,SUPCAMMANGRA,E5CAMMANGRA,,1,2029,,,,,,1.0
OutputActivityRatio,NDC,ECU,SUPCAMMANGRA,E5CAMMANGRA,,1,2030,,,,,,1.0
OutputActivityRatio,NDC,ECU,SUPCAMMANGRA,E5CAMMANGRA,,1,2031,,,,,,1.0
OutputActivityRatio,NDC,ECU,SUPCAMMANGRA,E5CAMMANGRA,,1,2032,,,,,,1.0
OutputActivityRatio,NDC,ECU,SUPCAMMANGRA,E5CAMMANGRA,,1,2033,,,,,,1.0
OutputActivityRatio,NDC,ECU,SUPCAMMANGRA,E5CAMMANGRA,,1,2034,,,,,,1.0
OutputActivityRatio,NDC,ECU,SUPCAMMANGRA,E5CAMMANGRA,,1,2035,,,,,,1.0
OutputActivityRatio,NDC,ECU,SUPCAMMORGRA,E5CAMMORGRA,,1,2010,,,,,,1.0
OutputActivityRatio,NDC,ECU,SUPCAMMORGRA,E5CAMMORGRA,,1,2011,,,,,,1.0
OutputActivityRatio,NDC,ECU,SUPCAMMORGRA,E5CAMMORGRA,,1,2012,,,,,,1.0
OutputActivityRatio,NDC,ECU,SUPCAMMORGRA,E5CAMMORGRA,,1,2013,,,,,,1.0
OutputActivityRatio,NDC,ECU,SUPCAMMORGRA,E5CAMMORGRA,,1,2014,,,,,,1.0
OutputActivityRatio,NDC,ECU,SUPCAMMORGRA,E5CAMMORGRA,,1,2015,,,,,,1.0
OutputActivityRatio,NDC,ECU,SUPCAMMORGRA,E5CAMMORGRA,,1,2016,,,,,,1.0
OutputActivityRatio,NDC,ECU,SUPCAMMORGRA,E5CAMMORGRA,,1,2017,,,,,,1.0
OutputActivityRatio,NDC,ECU,SUPCAMMORGRA,E5CAMMORGRA,,1,2018,,,,,,1.0
OutputActivityRatio,NDC,ECU,SUPCAMMORGRA,E5CAMMORGRA,,1,2019,,,,,,1.0
OutputActivityRatio,NDC,ECU,SUPCAMMORGRA,E5CAMMORGRA,,1,2020,,,,,,1.0
OutputActivityRatio,NDC,ECU,SUPCAMMORGRA,E5CAMMORGRA,,1,2021,,,,,,1.0
OutputActivityRatio,NDC,ECU,SUPCAMMORGRA,E5CAMMORGRA,,1,2022,,,,,,1.0
OutputActivityRatio,NDC,ECU,SUPCAMMORGRA,E5CAMMORGRA,,1,2023,,,,,,1.0
OutputActivityRatio,NDC,ECU,SUPCAMMORGRA,E5CAMMORGRA,,1,2024,,,,,,1.0
OutputActivityRatio,NDC,ECU,SUPCAMMORGRA,E5CAMMORGRA,,1,2025,,,,,,1.0
OutputActivityRatio,NDC,ECU,SUPCAMMORGRA,E5CAMMORGRA,,1,2026,,,,,,1.0
OutputActivityRatio,NDC,ECU,SUPCAMMORGRA,E5CAMMORGRA,,1,2027,,,,,,1.0
OutputActivityRatio,NDC,ECU,SUPCAMMORGRA,E5CAMMORGRA,,1,2028,,,,,,1.0
OutputActivityRatio,NDC,ECU,SUPCAMMORGRA,E5CAMMORGRA,,1,2029,,,,,,1.0
OutputActivityRatio,NDC,ECU,SUPCAMMORGRA,E5CAMMORGRA,,1,2030,,,,,,1.0
OutputActivityRatio,NDC,ECU,SUPCAMMORGRA,E5CAMMORGRA,,1,2031,,,,,,1.0
OutputActivityRatio,NDC,ECU,SUPCAMMORGRA,E5CAMMORGRA,,1,2032,,,,,,1.0
OutputActivityRatio,NDC,ECU,SUPCAMMORGRA,E5CAMMORGRA,,1,2033,,,,,,1.0
OutputActivityRatio,NDC,ECU,SUPCAMMORGRA,E5CAMMORGRA,,1,2034,,,,,,1.0
OutputActivityRatio,NDC,ECU,SUPCAMMORGRA,E5CAMMORGRA,,1,2035,,,,,,1.0
OutputActivityRatio,NDC,ECU,SUPCAMPFOGRA,E5CAMPFOGRA,,1,2010,,,,,,1.0
OutputActivityRatio,NDC,ECU,SUPCAMPFOGRA,E5CAMPFOGRA,,1,2011,,,,,,1.0
OutputActivityRatio,NDC,ECU,SUPCAMPFOGRA,E5CAMPFOGRA,,1,2012,,,,,,1.0
OutputActivityRatio,NDC,ECU,SUPCAMPFOGRA,E5CAMPFOGRA,,1,2013,,,,,,1.0
OutputActivityRatio,NDC,ECU,SUPCAMPFOGRA,E5CAMPFOGRA,,1,2014,,,,,,1.0
OutputActivityRatio,NDC,ECU,SUPCAMPFOGRA,E5CAMPFOGRA,,1,2015,,,,,,1.0
OutputActivityRatio,NDC,ECU,SUPCAMPFOGRA,E5CAMPFOGRA,,1,2016,,,,,,1.0
OutputActivityRatio,NDC,ECU,SUPCAMPFOGRA,E5CAMPFOGRA,,1,2017,,,,,,1.0
OutputActivityRatio,NDC,ECU,SUPCAMPFOGRA,E5CAMPFOGRA,,1,2018,,,,,,1.0
OutputActivityRatio,NDC,ECU,SUPCAMPFOGRA,E5CAMPFOGRA,,1,2019,,,,,,1.0
OutputActivityRatio,NDC,ECU,SUPCAMPFOGRA,E5CAMPFOGRA,,1,2020,,,,,,1.0
OutputActivityRatio,NDC,ECU,SUPCAMPFOGRA,E5CAMPFOGRA,,1,2021,,,,,,1.0
OutputActivityRatio,NDC,ECU,SUPCAMPFOGRA,E5CAMPFOGRA,,1,2022,,,,,,1.0
OutputActivityRatio,NDC,ECU,SUPCAMPFOGRA,E5CAMPFOGRA,,1,2023,,,,,,1.0
OutputActivityRatio,NDC,ECU,SUPCAMPFOGRA,E5CAMPFOGRA,,1,2024,,,,,,1.0
OutputActivityRatio,NDC,ECU,SUPCAMPFOGRA,E5CAMPFOGRA,,1,2025,,,,,,1.0
OutputActivityRatio,NDC,ECU,SUPCAMPFOGRA,E5CAMPFOGRA,,1,2026,,,,,,1.0
OutputActivityRatio,NDC,ECU,SUPCAMPFOGRA,E5CAMPFOGRA,,1,2027,,,,,,1.0
OutputActivityRatio,NDC,ECU,SUPCAMPFOGRA,E5CAMPFOGRA,,1,2028,,,,,,1.0
OutputActivityRatio,NDC,ECU,SUPCAMPFOGRA,E5CAMPFOGRA,,1,2029,,,,,,1.0
OutputActivityRatio,NDC,ECU,SUPCAMPFOGRA,E5CAMPFOGRA,,1,2030,,,,,,1.0
OutputActivityRatio,NDC,ECU,SUPCAMPFOGRA,E5CAMPFOGRA,,1,2031,,,,,,1.0
OutputActivityRatio,NDC,ECU,SUPCAMPFOGRA,E5CAMPFOGRA,,1,2032,,,,,,1.0
OutputActivityRatio,NDC,ECU,SUPCAMPFOGRA,E5CAMPFOGRA,,1,2033,,,,,,1.0
OutputActivityRatio,NDC,ECU,SUPCAMPFOGRA,E5CAMPFOGRA,,1,2034,,,,,,1.0
OutputActivityRatio,NDC,ECU,SUPCAMPFOGRA,E5CAMPFOGRA,,1,2035,,,,,,1.0
OutputActivityRatio,NDC,ECU,SUPCAMCROGRA,E5CAMCROGRA,,1,2010,,,,,,1.0
OutputActivityRatio,NDC,ECU,SUPCAMCROGRA,E5CAMCROGRA,,1,2011,,,,,,1.0
OutputActivityRatio,NDC,ECU,SUPCAMCROGRA,E5CAMCROGRA,,1,2012,,,,,,1.0
OutputActivityRatio,NDC,ECU,SUPCAMCROGRA,E5CAMCROGRA,,1,2013,,,,,,1.0
OutputActivityRatio,NDC,ECU,SUPCAMCROGRA,E5CAMCROGRA,,1,2014,,,,,,1.0
OutputActivityRatio,NDC,ECU,SUPCAMCROGRA,E5CAMCROGRA,,1,2015,,,,,,1.0
OutputActivityRatio,NDC,ECU,SUPCAMCROGRA,E5CAMCROGRA,,1,2016,,,,,,1.0
OutputActivityRatio,NDC,ECU,SUPCAMCROGRA,E5CAMCROGRA,,1,2017,,,,,,1.0
OutputActivityRatio,NDC,ECU,SUPCAMCROGRA,E5CAMCROGRA,,1,2018,,,,,,1.0
OutputActivityRatio,NDC,ECU,SUPCAMCROGRA,E5CAMCROGRA,,1,2019,,,,,,1.0
OutputActivityRatio,NDC,ECU,SUPCAMCROGRA,E5CAMCROGRA,,1,2020,,,,,,1.0
OutputActivityRatio,NDC,ECU,SUPCAMCROGRA,E5CAMCROGRA,,1,2021,,,,,,1.0
OutputActivityRatio,NDC,ECU,SUPCAMCROGRA,E5CAMCROGRA,,1,2022,,,,,,1.0
OutputActivityRatio,NDC,ECU,SUPCAMCROGRA,E5CAMCROGRA,,1,2023,,,,,,1.0
OutputActivityRatio,NDC,ECU,SUPCAMCROGRA,E5CAMCROGRA,,1,2024,,,,,,1.0
OutputActivityRatio,NDC,ECU,SUPCAMCROGRA,E5CAMCROGRA,,1,2025,,,,,,1.0
OutputActivityRatio,NDC,ECU,SUPCAMCROGRA,E5CAMCROGRA,,1,2026,,,,,,1.0
OutputActivityRatio,NDC,ECU,SUPCAMCROGRA,E5CAMCROGRA,,1,2027,,,,,,1.0
OutputActivityRatio,NDC,ECU,SUPCAMCROGRA,E5CAMCROGRA,,1,2028,,,,,,1.0
OutputActivityRatio,NDC,ECU,SUPCAMCROGRA,E5CAMCROGRA,,1,2029,,,,,,1.0
OutputActivityRatio,NDC,ECU,SUPCAMCROGRA,E5CAMCROGRA,,1,2030,,,,,,1.0
OutputActivityRatio,NDC,ECU,SUPCAMCROGRA,E5CAMCROGRA,,1,2031,,,,,,1.0
OutputActivityRatio,NDC,ECU,SUPCAMCROGRA,E5CAMCROGRA,,1,2032,,,,,,1.0
OutputActivityRatio,NDC,ECU,SUPCAMCROGRA,E5CAMCROGRA,,1,2033,,,,,,1.0
OutputActivityRatio,NDC,ECU,SUPCAMCROGRA,E5CAMCROGRA,,1,2034,,,,,,1.0
OutputActivityRatio,NDC,ECU,SUPCAMCROGRA,E5CAMCROGRA,,1,2035,,,,,,1.0
OutputActivityRatio,NDC,ECU,SUPCAMHUMGRA,E5CAMHUMGRA,,1,2010,,,,,,1.0
OutputActivityRatio,NDC,ECU,SUPCAMHUMGRA,E5CAMHUMGRA,,1,2011,,,,,,1.0
OutputActivityRatio,NDC,ECU,SUPCAMHUMGRA,E5CAMHUMGRA,,1,2012,,,,,,1.0
OutputActivityRatio,NDC,ECU,SUPCAMHUMGRA,E5CAMHUMGRA,,1,2013,,,,,,1.0
OutputActivityRatio,NDC,ECU,SUPCAMHUMGRA,E5CAMHUMGRA,,1,2014,,,,,,1.0
OutputActivityRatio,NDC,ECU,SUPCAMHUMGRA,E5CAMHUMGRA,,1,2015,,,,,,1.0
OutputActivityRatio,NDC,ECU,SUPCAMHUMGRA,E5CAMHUMGRA,,1,2016,,,,,,1.0
OutputActivityRatio,NDC,ECU,SUPCAMHUMGRA,E5CAMHUMGRA,,1,2017,,,,,,1.0
OutputActivityRatio,NDC,ECU,SUPCAMHUMGRA,E5CAMHUMGRA,,1,2018,,,,,,1.0
OutputActivityRatio,NDC,ECU,SUPCAMHUMGRA,E5CAMHUMGRA,,1,2019,,,,,,1.0
OutputActivityRatio,NDC,ECU,SUPCAMHUMGRA,E5CAMHUMGRA,,1,2020,,,,,,1.0
OutputActivityRatio,NDC,ECU,SUPCAMHUMGRA,E5CAMHUMGRA,,1,2021,,,,,,1.0
OutputActivityRatio,NDC,ECU,SUPCAMHUMGRA,E5CAMHUMGRA,,1,2022,,,,,,1.0
OutputActivityRatio,NDC,ECU,SUPCAMHUMGRA,E5CAMHUMGRA,,1,2023,,,,,,1.0
OutputActivityRatio,NDC,ECU,SUPCAMHUMGRA,E5CAMHUMGRA,,1,2024,,,,,,1.0
OutputActivityRatio,NDC,ECU,SUPCAMHUMGRA,E5CAMHUMGRA,,1,2025,,,,,,1.0
OutputActivityRatio,NDC,ECU,SUPCAMHUMGRA,E5CAMHUMGRA,,1,2026,,,,,,1.0
OutputActivityRatio,NDC,ECU,SUPCAMHUMGRA,E5CAMHUMGRA,,1,2027,,,,,,1.0
OutputActivityRatio,NDC,ECU,SUPCAMHUMGRA,E5CAMHUMGRA,,1,2028,,,,,,1.0
OutputActivityRatio,NDC,ECU,SUPCAMHUMGRA,E5CAMHUMGRA,,1,2029,,,,,,1.0
OutputActivityRatio,NDC,ECU,SUPCAMHUMGRA,E5CAMHUMGRA,,1,2030,,,,,,1.0
OutputActivityRatio,NDC,ECU,SUPCAMHUMGRA,E5CAMHUMGRA,,1,2031,,,,,,1.0
OutputActivityRatio,NDC,ECU,SUPCAMHUMGRA,E5CAMHUMGRA,,1,2032,,,,,,1.0
OutputActivityRatio,NDC,ECU,SUPCAMHUMGRA,E5CAMHUMGRA,,1,2033,,,,,,1.0
OutputActivityRatio,NDC,ECU,SUPCAMHUMGRA,E5CAMHUMGRA,,1,2034,,,,,,1.0
OutputActivityRatio,NDC,ECU,SUPCAMHUMGRA,E5CAMHUMGRA,,1,2035,,,,,,1.0
OutputActivityRatio,NDC,ECU,SUPCAMOTIGRA,E5CAMOTIGRA,,1,2010,,,,,,1.0
OutputActivityRatio,NDC,ECU,SUPCAMOTIGRA,E5CAMOTIGRA,,1,2011,,,,,,1.0
OutputActivityRatio,NDC,ECU,SUPCAMOTIGRA,E5CAMOTIGRA,,1,2012,,,,,,1.0
OutputActivityRatio,NDC,ECU,SUPCAMOTIGRA,E5CAMOTIGRA,,1,2013,,,,,,1.0
OutputActivityRatio,NDC,ECU,SUPCAMOTIGRA,E5CAMOTIGRA,,1,2014,,,,,,1.0
OutputActivityRatio,NDC,ECU,SUPCAMOTIGRA,E5CAMOTIGRA,,1,2015,,,,,,1.0
OutputActivityRatio,NDC,ECU,SUPCAMOTIGRA,E5CAMOTIGRA,,1,2016,,,,,,1.0
OutputActivityRatio,NDC,ECU,SUPCAMOTIGRA,E5CAMOTIGRA,,1,2017,,,,,,1.0
OutputActivityRatio,NDC,ECU,SUPCAMOTIGRA,E5CAMOTIGRA,,1,2018,,,,,,1.0
OutputActivityRatio,NDC,ECU,SUPCAMOTIGRA,E5CAMOTIGRA,,1,2019,,,,,,1.0
OutputActivityRatio,NDC,ECU,SUPCAMOTIGRA,E5CAMOTIGRA,,1,2020,,,,,,1.0
OutputActivityRatio,NDC,ECU,SUPCAMOTIGRA,E5CAMOTIGRA,,1,2021,,,,,,1.0
OutputActivityRatio,NDC,ECU,SUPCAMOTIGRA,E5CAMOTIGRA,,1,2022,,,,,,1.0
OutputActivityRatio,NDC,ECU,SUPCAMOTIGRA,E5CAMOTIGRA,,1,2023,,,,,,1.0
OutputActivityRatio,NDC,ECU,SUPCAMOTIGRA,E5CAMOTIGRA,,1,2024,,,,,,1.0
OutputActivityRatio,NDC,ECU,SUPCAMOTIGRA,E5CAMOTIGRA,,1,2025,,,,,,1.0
OutputActivityRatio,NDC,ECU,SUPCAMOTIGRA,E5CAMOTIGRA,,1,2026,,,,,,1.0
OutputActivityRatio,NDC,ECU,SUPCAMOTIGRA,E5CAMOTIGRA,,1,2027,,,,,,1.0
OutputActivityRatio,NDC,ECU,SUPCAMOTIGRA,E5CAMOTIGRA,,1,2028,,,,,,1.0
OutputActivityRatio,NDC,ECU,SUPCAMOTIGRA,E5CAMOTIGRA,,1,2029,,,,,,1.0
OutputActivityRatio,NDC,ECU,SUPCAMOTIGRA,E5CAMOTIGRA,,1,2030,,,,,,1.0
OutputActivityRatio,NDC,ECU,SUPCAMOTIGRA,E5CAMOTIGRA,,1,2031,,,,,,1.0
OutputActivityRatio,NDC,ECU,SUPCAMOTIGRA,E5CAMOTIGRA,,1,2032,,,,,,1.0
OutputActivityRatio,NDC,ECU,SUPCAMOTIGRA,E5CAMOTIGRA,,1,2033,,,,,,1.0
OutputActivityRatio,NDC,ECU,SUPCAMOTIGRA,E5CAMOTIGRA,,1,2034,,,,,,1.0
OutputActivityRatio,NDC,ECU,SUPCAMOTIGRA,E5CAMOTIGRA,,1,2035,,,,,,1.0
OutputActivityRatio,NDC,ECU,SUPCAMANDHUM,E5CAMANDHUM,,1,2010,,,,,,1.0
OutputActivityRatio,NDC,ECU,SUPCAMANDHUM,E5CAMANDHUM,,1,2011,,,,,,1.0
OutputActivityRatio,NDC,ECU,SUPCAMANDHUM,E5CAMANDHUM,,1,2012,,,,,,1.0
OutputActivityRatio,NDC,ECU,SUPCAMANDHUM,E5CAMANDHUM,,1,2013,,,,,,1.0
OutputActivityRatio,NDC,ECU,SUPCAMANDHUM,E5CAMANDHUM,,1,2014,,,,,,1.0
OutputActivityRatio,NDC,ECU,SUPCAMANDHUM,E5CAMANDHUM,,1,2015,,,,,,1.0
OutputActivityRatio,NDC,ECU,SUPCAMANDHUM,E5CAMANDHUM,,1,2016,,,,,,1.0
OutputActivityRatio,NDC,ECU,SUPCAMANDHUM,E5CAMANDHUM,,1,2017,,,,,,1.0
OutputActivityRatio,NDC,ECU,SUPCAMANDHUM,E5CAMANDHUM,,1,2018,,,,,,1.0
OutputActivityRatio,NDC,ECU,SUPCAMANDHUM,E5CAMANDHUM,,1,2019,,,,,,1.0
OutputActivityRatio,NDC,ECU,SUPCAMANDHUM,E5CAMANDHUM,,1,2020,,,,,,1.0
OutputActivityRatio,NDC,ECU,SUPCAMANDHUM,E5CAMANDHUM,,1,2021,,,,,,1.0
OutputActivityRatio,NDC,ECU,SUPCAMANDHUM,E5CAMANDHUM,,1,2022,,,,,,1.0
OutputActivityRatio,NDC,ECU,SUPCAMANDHUM,E5CAMANDHUM,,1,2023,,,,,,1.0
OutputActivityRatio,NDC,ECU,SUPCAMANDHUM,E5CAMANDHUM,,1,2024,,,,,,1.0
OutputActivityRatio,NDC,ECU,SUPCAMANDHUM,E5CAMANDHUM,,1,2025,,,,,,1.0
OutputActivityRatio,NDC,ECU,SUPCAMANDHUM,E5CAMANDHUM,,1,2026,,,,,,1.0
OutputActivityRatio,NDC,ECU,SUPCAMANDHUM,E5CAMANDHUM,,1,2027,,,,,,1.0
OutputActivityRatio,NDC,ECU,SUPCAMANDHUM,E5CAMANDHUM,,1,2028,,,,,,1.0
OutputActivityRatio,NDC,ECU,SUPCAMANDHUM,E5CAMANDHUM,,1,2029,,,,,,1.0
OutputActivityRatio,NDC,ECU,SUPCAMANDHUM,E5CAMANDHUM,,1,2030,,,,,,1.0
OutputActivityRatio,NDC,ECU,SUPCAMANDHUM,E5CAMANDHUM,,1,2031,,,,,,1.0
OutputActivityRatio,NDC,ECU,SUPCAMANDHUM,E5CAMANDHUM,,1,2032,,,,,,1.0
OutputActivityRatio,NDC,ECU,SUPCAMANDHUM,E5CAMANDHUM,,1,2033,,,,,,1.0
OutputActivityRatio,NDC,ECU,SUPCAMANDHUM,E5CAMANDHUM,,1,2034,,,,,,1.0
OutputActivityRatio,NDC,ECU,SUPCAMANDHUM,E5CAMANDHUM,,1,2035,,,,,,1.0
OutputActivityRatio,NDC,ECU,SUPCAMPLUHUM,E5CAMPLUHUM,,1,2010,,,,,,1.0
OutputActivityRatio,NDC,ECU,SUPCAMPLUHUM,E5CAMPLUHUM,,1,2011,,,,,,1.0
OutputActivityRatio,NDC,ECU,SUPCAMPLUHUM,E5CAMPLUHUM,,1,2012,,,,,,1.0
OutputActivityRatio,NDC,ECU,SUPCAMPLUHUM,E5CAMPLUHUM,,1,2013,,,,,,1.0
OutputActivityRatio,NDC,ECU,SUPCAMPLUHUM,E5CAMPLUHUM,,1,2014,,,,,,1.0
OutputActivityRatio,NDC,ECU,SUPCAMPLUHUM,E5CAMPLUHUM,,1,2015,,,,,,1.0
OutputActivityRatio,NDC,ECU,SUPCAMPLUHUM,E5CAMPLUHUM,,1,2016,,,,,,1.0
OutputActivityRatio,NDC,ECU,SUPCAMPLUHUM,E5CAMPLUHUM,,1,2017,,,,,,1.0
OutputActivityRatio,NDC,ECU,SUPCAMPLUHUM,E5CAMPLUHUM,,1,2018,,,,,,1.0
OutputActivityRatio,NDC,ECU,SUPCAMPLUHUM,E5CAMPLUHUM,,1,2019,,,,,,1.0
OutputActivityRatio,NDC,ECU,SUPCAMPLUHUM,E5CAMPLUHUM,,1,2020,,,,,,1.0
OutputActivityRatio,NDC,ECU,SUPCAMPLUHUM,E5CAMPLUHUM,,1,2021,,,,,,1.0
OutputActivityRatio,NDC,ECU,SUPCAMPLUHUM,E5CAMPLUHUM,,1,2022,,,,,,1.0
OutputActivityRatio,NDC,ECU,SUPCAMPLUHUM,E5CAMPLUHUM,,1,2023,,,,,,1.0
OutputActivityRatio,NDC,ECU,SUPCAMPLUHUM,E5CAMPLUHUM,,1,2024,,,,,,1.0
OutputActivityRatio,NDC,ECU,SUPCAMPLUHUM,E5CAMPLUHUM,,1,2025,,,,,,1.0
OutputActivityRatio,NDC,ECU,SUPCAMPLUHUM,E5CAMPLUHUM,,1,2026,,,,,,1.0
OutputActivityRatio,NDC,ECU,SUPCAMPLUHUM,E5CAMPLUHUM,,1,2027,,,,,,1.0
OutputActivityRatio,NDC,ECU,SUPCAMPLUHUM,E5CAMPLUHUM,,1,2028,,,,,,1.0
OutputActivityRatio,NDC,ECU,SUPCAMPLUHUM,E5CAMPLUHUM,,1,2029,,,,,,1.0
OutputActivityRatio,NDC,ECU,SUPCAMPLUHUM,E5CAMPLUHUM,,1,2030,,,,,,1.0
OutputActivityRatio,NDC,ECU,SUPCAMPLUHUM,E5CAMPLUHUM,,1,2031,,,,,,1.0
OutputActivityRatio,NDC,ECU,SUPCAMPLUHUM,E5CAMPLUHUM,,1,2032,,,,,,1.0
OutputActivityRatio,NDC,ECU,SUPCAMPLUHUM,E5CAMPLUHUM,,1,2033,,,,,,1.0
OutputActivityRatio,NDC,ECU,SUPCAMPLUHUM,E5CAMPLUHUM,,1,2034,,,,,,1.0
OutputActivityRatio,NDC,ECU,SUPCAMPLUHUM,E5CAMPLUHUM,,1,2035,,,,,,1.0
OutputActivityRatio,NDC,ECU,SUPCAMMONHUM,E5CAMMONHUM,,1,2010,,,,,,1.0
OutputActivityRatio,NDC,ECU,SUPCAMMONHUM,E5CAMMONHUM,,1,2011,,,,,,1.0
OutputActivityRatio,NDC,ECU,SUPCAMMONHUM,E5CAMMONHUM,,1,2012,,,,,,1.0
OutputActivityRatio,NDC,ECU,SUPCAMMONHUM,E5CAMMONHUM,,1,2013,,,,,,1.0
OutputActivityRatio,NDC,ECU,SUPCAMMONHUM,E5CAMMONHUM,,1,2014,,,,,,1.0
OutputActivityRatio,NDC,ECU,SUPCAMMONHUM,E5CAMMONHUM,,1,2015,,,,,,1.0
OutputActivityRatio,NDC,ECU,SUPCAMMONHUM,E5CAMMONHUM,,1,2016,,,,,,1.0
OutputActivityRatio,NDC,ECU,SUPCAMMONHUM,E5CAMMONHUM,,1,2017,,,,,,1.0
OutputActivityRatio,NDC,ECU,SUPCAMMONHUM,E5CAMMONHUM,,1,2018,,,,,,1.0
OutputActivityRatio,NDC,ECU,SUPCAMMONHUM,E5CAMMONHUM,,1,2019,,,,,,1.0
OutputActivityRatio,NDC,ECU,SUPCAMMONHUM,E5CAMMONHUM,,1,2020,,,,,,1.0
OutputActivityRatio,NDC,ECU,SUPCAMMONHUM,E5CAMMONHUM,,1,2021,,,,,,1.0
OutputActivityRatio,NDC,ECU,SUPCAMMONHUM,E5CAMMONHUM,,1,2022,,,,,,1.0
OutputActivityRatio,NDC,ECU,SUPCAMMONHUM,E5CAMMONHUM,,1,2023,,,,,,1.0
OutputActivityRatio,NDC,ECU,SUPCAMMONHUM,E5CAMMONHUM,,1,2024,,,,,,1.0
OutputActivityRatio,NDC,ECU,SUPCAMMONHUM,E5CAMMONHUM,,1,2025,,,,,,1.0
OutputActivityRatio,NDC,ECU,SUPCAMMONHUM,E5CAMMONHUM,,1,2026,,,,,,1.0
OutputActivityRatio,NDC,ECU,SUPCAMMONHUM,E5CAMMONHUM,,1,2027,,,,,,1.0
OutputActivityRatio,NDC,ECU,SUPCAMMONHUM,E5CAMMONHUM,,1,2028,,,,,,1.0
OutputActivityRatio,NDC,ECU,SUPCAMMONHUM,E5CAMMONHUM,,1,2029,,,,,,1.0
OutputActivityRatio,NDC,ECU,SUPCAMMONHUM,E5CAMMONHUM,,1,2030,,,,,,1.0
OutputActivityRatio,NDC,ECU,SUPCAMMONHUM,E5CAMMONHUM,,1,2031,,,,,,1.0
OutputActivityRatio,NDC,ECU,SUPCAMMONHUM,E5CAMMONHUM,,1,2032,,,,,,1.0
OutputActivityRatio,NDC,ECU,SUPCAMMONHUM,E5CAMMONHUM,,1,2033,,,,,,1.0
OutputActivityRatio,NDC,ECU,SUPCAMMONHUM,E5CAMMONHUM,,1,2034,,,,,,1.0
OutputActivityRatio,NDC,ECU,SUPCAMMONHUM,E5CAMMONHUM,,1,2035,,,,,,1.0
OutputActivityRatio,NDC,ECU,SUPCAMPIEHUM,E5CAMPIEHUM,,1,2010,,,,,,1.0
OutputActivityRatio,NDC,ECU,SUPCAMPIEHUM,E5CAMPIEHUM,,1,2011,,,,,,1.0
OutputActivityRatio,NDC,ECU,SUPCAMPIEHUM,E5CAMPIEHUM,,1,2012,,,,,,1.0
OutputActivityRatio,NDC,ECU,SUPCAMPIEHUM,E5CAMPIEHUM,,1,2013,,,,,,1.0
OutputActivityRatio,NDC,ECU,SUPCAMPIEHUM,E5CAMPIEHUM,,1,2014,,,,,,1.0
OutputActivityRatio,NDC,ECU,SUPCAMPIEHUM,E5CAMPIEHUM,,1,2015,,,,,,1.0
OutputActivityRatio,NDC,ECU,SUPCAMPIEHUM,E5CAMPIEHUM,,1,2016,,,,,,1.0
OutputActivityRatio,NDC,ECU,SUPCAMPIEHUM,E5CAMPIEHUM,,1,2017,,,,,,1.0
OutputActivityRatio,NDC,ECU,SUPCAMPIEHUM,E5CAMPIEHUM,,1,2018,,,,,,1.0
OutputActivityRatio,NDC,ECU,SUPCAMPIEHUM,E5CAMPIEHUM,,1,2019,,,,,,1.0
OutputActivityRatio,NDC,ECU,SUPCAMPIEHUM,E5CAMPIEHUM,,1,2020,,,,,,1.0
OutputActivityRatio,NDC,ECU,SUPCAMPIEHUM,E5CAMPIEHUM,,1,2021,,,,,,1.0
OutputActivityRatio,NDC,ECU,SUPCAMPIEHUM,E5CAMPIEHUM,,1,2022,,,,,,1.0
OutputActivityRatio,NDC,ECU,SUPCAMPIEHUM,E5CAMPIEHUM,,1,2023,,,,,,1.0
OutputActivityRatio,NDC,ECU,SUPCAMPIEHUM,E5CAMPIEHUM,,1,2024,,,,,,1.0
OutputActivityRatio,NDC,ECU,SUPCAMPIEHUM,E5CAMPIEHUM,,1,2025,,,,,,1.0
OutputActivityRatio,NDC,ECU,SUPCAMPIEHUM,E5CAMPIEHUM,,1,2026,,,,,,1.0
OutputActivityRatio,NDC,ECU,SUPCAMPIEHUM,E5CAMPIEHUM,,1,2027,,,,,,1.0
OutputActivityRatio,NDC,ECU,SUPCAMPIEHUM,E5CAMPIEHUM,,1,2028,,,,,,1.0
OutputActivityRatio,NDC,ECU,SUPCAMPIEHUM,E5CAMPIEHUM,,1,2029,,,,,,1.0
OutputActivityRatio,NDC,ECU,SUPCAMPIEHUM,E5CAMPIEHUM,,1,2030,,,,,,1.0
OutputActivityRatio,NDC,ECU,SUPCAMPIEHUM,E5CAMPIEHUM,,1,2031,,,,,,1.0
OutputActivityRatio,NDC,ECU,SUPCAMPIEHUM,E5CAMPIEHUM,,1,2032,,,,,,1.0
OutputActivityRatio,NDC,ECU,SUPCAMPIEHUM,E5CAMPIEHUM,,1,2033,,,,,,1.0
OutputActivityRatio,NDC,ECU,SUPCAMPIEHUM,E5CAMPIEHUM,,1,2034,,,,,,1.0
OutputActivityRatio,NDC,ECU,SUPCAMPIEHUM,E5CAMPIEHUM,,1,2035,,,,,,1.0
OutputActivityRatio,NDC,ECU,SUPCAMCEJHUM,E5CAMCEJHUM,,1,2010,,,,,,1.0
OutputActivityRatio,NDC,ECU,SUPCAMCEJHUM,E5CAMCEJHUM,,1,2011,,,,,,1.0
OutputActivityRatio,NDC,ECU,SUPCAMCEJHUM,E5CAMCEJHUM,,1,2012,,,,,,1.0
OutputActivityRatio,NDC,ECU,SUPCAMCEJHUM,E5CAMCEJHUM,,1,2013,,,,,,1.0
OutputActivityRatio,NDC,ECU,SUPCAMCEJHUM,E5CAMCEJHUM,,1,2014,,,,,,1.0
OutputActivityRatio,NDC,ECU,SUPCAMCEJHUM,E5CAMCEJHUM,,1,2015,,,,,,1.0
OutputActivityRatio,NDC,ECU,SUPCAMCEJHUM,E5CAMCEJHUM,,1,2016,,,,,,1.0
OutputActivityRatio,NDC,ECU,SUPCAMCEJHUM,E5CAMCEJHUM,,1,2017,,,,,,1.0
OutputActivityRatio,NDC,ECU,SUPCAMCEJHUM,E5CAMCEJHUM,,1,2018,,,,,,1.0
OutputActivityRatio,NDC,ECU,SUPCAMCEJHUM,E5CAMCEJHUM,,1,2019,,,,,,1.0
OutputActivityRatio,NDC,ECU,SUPCAMCEJHUM,E5CAMCEJHUM,,1,2020,,,,,,1.0
OutputActivityRatio,NDC,ECU,SUPCAMCEJHUM,E5CAMCEJHUM,,1,2021,,,,,,1.0
OutputActivityRatio,NDC,ECU,SUPCAMCEJHUM,E5CAMCEJHUM,,1,2022,,,,,,1.0
OutputActivityRatio,NDC,ECU,SUPCAMCEJHUM,E5CAMCEJHUM,,1,2023,,,,,,1.0
OutputActivityRatio,NDC,ECU,SUPCAMCEJHUM,E5CAMCEJHUM,,1,2024,,,,,,1.0
OutputActivityRatio,NDC,ECU,SUPCAMCEJHUM,E5CAMCEJHUM,,1,2025,,,,,,1.0
OutputActivityRatio,NDC,ECU,SUPCAMCEJHUM,E5CAMCEJHUM,,1,2026,,,,,,1.0
OutputActivityRatio,NDC,ECU,SUPCAMCEJHUM,E5CAMCEJHUM,,1,2027,,,,,,1.0
OutputActivityRatio,NDC,ECU,SUPCAMCEJHUM,E5CAMCEJHUM,,1,2028,,,,,,1.0
OutputActivityRatio,NDC,ECU,SUPCAMCEJHUM,E5CAMCEJHUM,,1,2029,,,,,,1.0
OutputActivityRatio,NDC,ECU,SUPCAMCEJHUM,E5CAMCEJHUM,,1,2030,,,,,,1.0
OutputActivityRatio,NDC,ECU,SUPCAMCEJHUM,E5CAMCEJHUM,,1,2031,,,,,,1.0
OutputActivityRatio,NDC,ECU,SUPCAMCEJHUM,E5CAMCEJHUM,,1,2032,,,,,,1.0
OutputActivityRatio,NDC,ECU,SUPCAMCEJHUM,E5CAMCEJHUM,,1,2033,,,,,,1.0
OutputActivityRatio,NDC,ECU,SUPCAMCEJHUM,E5CAMCEJHUM,,1,2034,,,,,,1.0
OutputActivityRatio,NDC,ECU,SUPCAMCEJHUM,E5CAMCEJHUM,,1,2035,,,,,,1.0
OutputActivityRatio,NDC,ECU,SUPCAMAMAHUM,E5CAMAMAHUM,,1,2010,,,,,,1.0
OutputActivityRatio,NDC,ECU,SUPCAMAMAHUM,E5CAMAMAHUM,,1,2011,,,,,,1.0
OutputActivityRatio,NDC,ECU,SUPCAMAMAHUM,E5CAMAMAHUM,,1,2012,,,,,,1.0
OutputActivityRatio,NDC,ECU,SUPCAMAMAHUM,E5CAMAMAHUM,,1,2013,,,,,,1.0
OutputActivityRatio,NDC,ECU,SUPCAMAMAHUM,E5CAMAMAHUM,,1,2014,,,,,,1.0
OutputActivityRatio,NDC,ECU,SUPCAMAMAHUM,E5CAMAMAHUM,,1,2015,,,,,,1.0
OutputActivityRatio,NDC,ECU,SUPCAMAMAHUM,E5CAMAMAHUM,,1,2016,,,,,,1.0
OutputActivityRatio,NDC,ECU,SUPCAMAMAHUM,E5CAMAMAHUM,,1,2017,,,,,,1.0
OutputActivityRatio,NDC,ECU,SUPCAMAMAHUM,E5CAMAMAHUM,,1,2018,,,,,,1.0
OutputActivityRatio,NDC,ECU,SUPCAMAMAHUM,E5CAMAMAHUM,,1,2019,,,,,,1.0
OutputActivityRatio,NDC,ECU,SUPCAMAMAHUM,E5CAMAMAHUM,,1,2020,,,,,,1.0
OutputActivityRatio,NDC,ECU,SUPCAMAMAHUM,E5CAMAMAHUM,,1,2021,,,,,,1.0
OutputActivityRatio,NDC,ECU,SUPCAMAMAHUM,E5CAMAMAHUM,,1,2022,,,,,,1.0
OutputActivityRatio,NDC,ECU,SUPCAMAMAHUM,E5CAMAMAHUM,,1,2023,,,,,,1.0
OutputActivityRatio,NDC,ECU,SUPCAMAMAHUM,E5CAMAMAHUM,,1,2024,,,,,,1.0
OutputActivityRatio,NDC,ECU,SUPCAMAMAHUM,E5CAMAMAHUM,,1,2025,,,,,,1.0
OutputActivityRatio,NDC,ECU,SUPCAMAMAHUM,E5CAMAMAHUM,,1,2026,,,,,,1.0
OutputActivityRatio,NDC,ECU,SUPCAMAMAHUM,E5CAMAMAHUM,,1,2027,,,,,,1.0
OutputActivityRatio,NDC,ECU,SUPCAMAMAHUM,E5CAMAMAHUM,,1,2028,,,,,,1.0
OutputActivityRatio,NDC,ECU,SUPCAMAMAHUM,E5CAMAMAHUM,,1,2029,,,,,,1.0
OutputActivityRatio,NDC,ECU,SUPCAMAMAHUM,E5CAMAMAHUM,,1,2030,,,,,,1.0
OutputActivityRatio,NDC,ECU,SUPCAMAMAHUM,E5CAMAMAHUM,,1,2031,,,,,,1.0
OutputActivityRatio,NDC,ECU,SUPCAMAMAHUM,E5CAMAMAHUM,,1,2032,,,,,,1.0
OutputActivityRatio,NDC,ECU,SUPCAMAMAHUM,E5CAMAMAHUM,,1,2033,,,,,,1.0
OutputActivityRatio,NDC,ECU,SUPCAMAMAHUM,E5CAMAMAHUM,,1,2034,,,,,,1.0
OutputActivityRatio,NDC,ECU,SUPCAMAMAHUM,E5CAMAMAHUM,,1,2035,,,,,,1.0
OutputActivityRatio,NDC,ECU,SUPCAMCHOHUM,E5CAMCHOHUM,,1,2010,,,,,,1.0
OutputActivityRatio,NDC,ECU,SUPCAMCHOHUM,E5CAMCHOHUM,,1,2011,,,,,,1.0
OutputActivityRatio,NDC,ECU,SUPCAMCHOHUM,E5CAMCHOHUM,,1,2012,,,,,,1.0
OutputActivityRatio,NDC,ECU,SUPCAMCHOHUM,E5CAMCHOHUM,,1,2013,,,,,,1.0
OutputActivityRatio,NDC,ECU,SUPCAMCHOHUM,E5CAMCHOHUM,,1,2014,,,,,,1.0
OutputActivityRatio,NDC,ECU,SUPCAMCHOHUM,E5CAMCHOHUM,,1,2015,,,,,,1.0
OutputActivityRatio,NDC,ECU,SUPCAMCHOHUM,E5CAMCHOHUM,,1,2016,,,,,,1.0
OutputActivityRatio,NDC,ECU,SUPCAMCHOHUM,E5CAMCHOHUM,,1,2017,,,,,,1.0
OutputActivityRatio,NDC,ECU,SUPCAMCHOHUM,E5CAMCHOHUM,,1,2018,,,,,,1.0
OutputActivityRatio,NDC,ECU,SUPCAMCHOHUM,E5CAMCHOHUM,,1,2019,,,,,,1.0
OutputActivityRatio,NDC,ECU,SUPCAMCHOHUM,E5CAMCHOHUM,,1,2020,,,,,,1.0
OutputActivityRatio,NDC,ECU,SUPCAMCHOHUM,E5CAMCHOHUM,,1,2021,,,,,,1.0
OutputActivityRatio,NDC,ECU,SUPCAMCHOHUM,E5CAMCHOHUM,,1,2022,,,,,,1.0
OutputActivityRatio,NDC,ECU,SUPCAMCHOHUM,E5CAMCHOHUM,,1,2023,,,,,,1.0
OutputActivityRatio,NDC,ECU,SUPCAMCHOHUM,E5CAMCHOHUM,,1,2024,,,,,,1.0
OutputActivityRatio,NDC,ECU,SUPCAMCHOHUM,E5CAMCHOHUM,,1,2025,,,,,,1.0
OutputActivityRatio,NDC,ECU,SUPCAMCHOHUM,E5CAMCHOHUM,,1,2026,,,,,,1.0
OutputActivityRatio,NDC,ECU,SUPCAMCHOHUM,E5CAMCHOHUM,,1,2027,,,,,,1.0
OutputActivityRatio,NDC,ECU,SUPCAMCHOHUM,E5CAMCHOHUM,,1,2028,,,,,,1.0
OutputActivityRatio,NDC,ECU,SUPCAMCHOHUM,E5CAMCHOHUM,,1,2029,,,,,,1.0
OutputActivityRatio,NDC,ECU,SUPCAMCHOHUM,E5CAMCHOHUM,,1,2030,,,,,,1.0
OutputActivityRatio,NDC,ECU,SUPCAMCHOHUM,E5CAMCHOHUM,,1,2031,,,,,,1.0
OutputActivityRatio,NDC,ECU,SUPCAMCHOHUM,E5CAMCHOHUM,,1,2032,,,,,,1.0
OutputActivityRatio,NDC,ECU,SUPCAMCHOHUM,E5CAMCHOHUM,,1,2033,,,,,,1.0
OutputActivityRatio,NDC,ECU,SUPCAMCHOHUM,E5CAMCHOHUM,,1,2034,,,,,,1.0
OutputActivityRatio,NDC,ECU,SUPCAMCHOHUM,E5CAMCHOHUM,,1,2035,,,,,,1.0
OutputActivityRatio,NDC,ECU,SUPCAMMANHUM,E5CAMMANHUM,,1,2010,,,,,,1.0
OutputActivityRatio,NDC,ECU,SUPCAMMANHUM,E5CAMMANHUM,,1,2011,,,,,,1.0
OutputActivityRatio,NDC,ECU,SUPCAMMANHUM,E5CAMMANHUM,,1,2012,,,,,,1.0
OutputActivityRatio,NDC,ECU,SUPCAMMANHUM,E5CAMMANHUM,,1,2013,,,,,,1.0
OutputActivityRatio,NDC,ECU,SUPCAMMANHUM,E5CAMMANHUM,,1,2014,,,,,,1.0
OutputActivityRatio,NDC,ECU,SUPCAMMANHUM,E5CAMMANHUM,,1,2015,,,,,,1.0
OutputActivityRatio,NDC,ECU,SUPCAMMANHUM,E5CAMMANHUM,,1,2016,,,,,,1.0
OutputActivityRatio,NDC,ECU,SUPCAMMANHUM,E5CAMMANHUM,,1,2017,,,,,,1.0
OutputActivityRatio,NDC,ECU,SUPCAMMANHUM,E5CAMMANHUM,,1,2018,,,,,,1.0
OutputActivityRatio,NDC,ECU,SUPCAMMANHUM,E5CAMMANHUM,,1,2019,,,,,,1.0
OutputActivityRatio,NDC,ECU,SUPCAMMANHUM,E5CAMMANHUM,,1,2020,,,,,,1.0
OutputActivityRatio,NDC,ECU,SUPCAMMANHUM,E5CAMMANHUM,,1,2021,,,,,,1.0
OutputActivityRatio,NDC,ECU,SUPCAMMANHUM,E5CAMMANHUM,,1,2022,,,,,,1.0
OutputActivityRatio,NDC,ECU,SUPCAMMANHUM,E5CAMMANHUM,,1,2023,,,,,,1.0
OutputActivityRatio,NDC,ECU,SUPCAMMANHUM,E5CAMMANHUM,,1,2024,,,,,,1.0
OutputActivityRatio,NDC,ECU,SUPCAMMANHUM,E5CAMMANHUM,,1,2025,,,,,,1.0
OutputActivityRatio,NDC,ECU,SUPCAMMANHUM,E5CAMMANHUM,,1,2026,,,,,,1.0
OutputActivityRatio,NDC,ECU,SUPCAMMANHUM,E5CAMMANHUM,,1,2027,,,,,,1.0
OutputActivityRatio,NDC,ECU,SUPCAMMANHUM,E5CAMMANHUM,,1,2028,,,,,,1.0
OutputActivityRatio,NDC,ECU,SUPCAMMANHUM,E5CAMMANHUM,,1,2029,,,,,,1.0
OutputActivityRatio,NDC,ECU,SUPCAMMANHUM,E5CAMMANHUM,,1,2030,,,,,,1.0
OutputActivityRatio,NDC,ECU,SUPCAMMANHUM,E5CAMMANHUM,,1,2031,,,,,,1.0
OutputActivityRatio,NDC,ECU,SUPCAMMANHUM,E5CAMMANHUM,,1,2032,,,,,,1.0
OutputActivityRatio,NDC,ECU,SUPCAMMANHUM,E5CAMMANHUM,,1,2033,,,,,,1.0
OutputActivityRatio,NDC,ECU,SUPCAMMANHUM,E5CAMMANHUM,,1,2034,,,,,,1.0
OutputActivityRatio,NDC,ECU,SUPCAMMANHUM,E5CAMMANHUM,,1,2035,,,,,,1.0
OutputActivityRatio,NDC,ECU,SUPCAMMORHUM,E5CAMMORHUM,,1,2010,,,,,,1.0
OutputActivityRatio,NDC,ECU,SUPCAMMORHUM,E5CAMMORHUM,,1,2011,,,,,,1.0
OutputActivityRatio,NDC,ECU,SUPCAMMORHUM,E5CAMMORHUM,,1,2012,,,,,,1.0
OutputActivityRatio,NDC,ECU,SUPCAMMORHUM,E5CAMMORHUM,,1,2013,,,,,,1.0
OutputActivityRatio,NDC,ECU,SUPCAMMORHUM,E5CAMMORHUM,,1,2014,,,,,,1.0
OutputActivityRatio,NDC,ECU,SUPCAMMORHUM,E5CAMMORHUM,,1,2015,,,,,,1.0
OutputActivityRatio,NDC,ECU,SUPCAMMORHUM,E5CAMMORHUM,,1,2016,,,,,,1.0
OutputActivityRatio,NDC,ECU,SUPCAMMORHUM,E5CAMMORHUM,,1,2017,,,,,,1.0
OutputActivityRatio,NDC,ECU,SUPCAMMORHUM,E5CAMMORHUM,,1,2018,,,,,,1.0
OutputActivityRatio,NDC,ECU,SUPCAMMORHUM,E5CAMMORHUM,,1,2019,,,,,,1.0
OutputActivityRatio,NDC,ECU,SUPCAMMORHUM,E5CAMMORHUM,,1,2020,,,,,,1.0
OutputActivityRatio,NDC,ECU,SUPCAMMORHUM,E5CAMMORHUM,,1,2021,,,,,,1.0
OutputActivityRatio,NDC,ECU,SUPCAMMORHUM,E5CAMMORHUM,,1,2022,,,,,,1.0
OutputActivityRatio,NDC,ECU,SUPCAMMORHUM,E5CAMMORHUM,,1,2023,,,,,,1.0
OutputActivityRatio,NDC,ECU,SUPCAMMORHUM,E5CAMMORHUM,,1,2024,,,,,,1.0
OutputActivityRatio,NDC,ECU,SUPCAMMORHUM,E5CAMMORHUM,,1,2025,,,,,,1.0
OutputActivityRatio,NDC,ECU,SUPCAMMORHUM,E5CAMMORHUM,,1,2026,,,,,,1.0
OutputActivityRatio,NDC,ECU,SUPCAMMORHUM,E5CAMMORHUM,,1,2027,,,,,,1.0
OutputActivityRatio,NDC,ECU,SUPCAMMORHUM,E5CAMMORHUM,,1,2028,,,,,,1.0
OutputActivityRatio,NDC,ECU,SUPCAMMORHUM,E5CAMMORHUM,,1,2029,,,,,,1.0
OutputActivityRatio,NDC,ECU,SUPCAMMORHUM,E5CAMMORHUM,,1,2030,,,,,,1.0
OutputActivityRatio,NDC,ECU,SUPCAMMORHUM,E5CAMMORHUM,,1,2031,,,,,,1.0
OutputActivityRatio,NDC,ECU,SUPCAMMORHUM,E5CAMMORHUM,,1,2032,,,,,,1.0
OutputActivityRatio,NDC,ECU,SUPCAMMORHUM,E5CAMMORHUM,,1,2033,,,,,,1.0
OutputActivityRatio,NDC,ECU,SUPCAMMORHUM,E5CAMMORHUM,,1,2034,,,,,,1.0
OutputActivityRatio,NDC,ECU,SUPCAMMORHUM,E5CAMMORHUM,,1,2035,,,,,,1.0
OutputActivityRatio,NDC,ECU,SUPCAMPFOHUM,E5CAMPFOHUM,,1,2010,,,,,,1.0
OutputActivityRatio,NDC,ECU,SUPCAMPFOHUM,E5CAMPFOHUM,,1,2011,,,,,,1.0
OutputActivityRatio,NDC,ECU,SUPCAMPFOHUM,E5CAMPFOHUM,,1,2012,,,,,,1.0
OutputActivityRatio,NDC,ECU,SUPCAMPFOHUM,E5CAMPFOHUM,,1,2013,,,,,,1.0
OutputActivityRatio,NDC,ECU,SUPCAMPFOHUM,E5CAMPFOHUM,,1,2014,,,,,,1.0
OutputActivityRatio,NDC,ECU,SUPCAMPFOHUM,E5CAMPFOHUM,,1,2015,,,,,,1.0
OutputActivityRatio,NDC,ECU,SUPCAMPFOHUM,E5CAMPFOHUM,,1,2016,,,,,,1.0
OutputActivityRatio,NDC,ECU,SUPCAMPFOHUM,E5CAMPFOHUM,,1,2017,,,,,,1.0
OutputActivityRatio,NDC,ECU,SUPCAMPFOHUM,E5CAMPFOHUM,,1,2018,,,,,,1.0
OutputActivityRatio,NDC,ECU,SUPCAMPFOHUM,E5CAMPFOHUM,,1,2019,,,,,,1.0
OutputActivityRatio,NDC,ECU,SUPCAMPFOHUM,E5CAMPFOHUM,,1,2020,,,,,,1.0
OutputActivityRatio,NDC,ECU,SUPCAMPFOHUM,E5CAMPFOHUM,,1,2021,,,,,,1.0
OutputActivityRatio,NDC,ECU,SUPCAMPFOHUM,E5CAMPFOHUM,,1,2022,,,,,,1.0
OutputActivityRatio,NDC,ECU,SUPCAMPFOHUM,E5CAMPFOHUM,,1,2023,,,,,,1.0
OutputActivityRatio,NDC,ECU,SUPCAMPFOHUM,E5CAMPFOHUM,,1,2024,,,,,,1.0
OutputActivityRatio,NDC,ECU,SUPCAMPFOHUM,E5CAMPFOHUM,,1,2025,,,,,,1.0
OutputActivityRatio,NDC,ECU,SUPCAMPFOHUM,E5CAMPFOHUM,,1,2026,,,,,,1.0
OutputActivityRatio,NDC,ECU,SUPCAMPFOHUM,E5CAMPFOHUM,,1,2027,,,,,,1.0
OutputActivityRatio,NDC,ECU,SUPCAMPFOHUM,E5CAMPFOHUM,,1,2028,,,,,,1.0
OutputActivityRatio,NDC,ECU,SUPCAMPFOHUM,E5CAMPFOHUM,,1,2029,,,,,,1.0
OutputActivityRatio,NDC,ECU,SUPCAMPFOHUM,E5CAMPFOHUM,,1,2030,,,,,,1.0
OutputActivityRatio,NDC,ECU,SUPCAMPFOHUM,E5CAMPFOHUM,,1,2031,,,,,,1.0
OutputActivityRatio,NDC,ECU,SUPCAMPFOHUM,E5CAMPFOHUM,,1,2032,,,,,,1.0
OutputActivityRatio,NDC,ECU,SUPCAMPFOHUM,E5CAMPFOHUM,,1,2033,,,,,,1.0
OutputActivityRatio,NDC,ECU,SUPCAMPFOHUM,E5CAMPFOHUM,,1,2034,,,,,,1.0
OutputActivityRatio,NDC,ECU,SUPCAMPFOHUM,E5CAMPFOHUM,,1,2035,,,,,,1.0
OutputActivityRatio,NDC,ECU,SUPCAMCROHUM,E5CAMCROHUM,,1,2010,,,,,,1.0
OutputActivityRatio,NDC,ECU,SUPCAMCROHUM,E5CAMCROHUM,,1,2011,,,,,,1.0
OutputActivityRatio,NDC,ECU,SUPCAMCROHUM,E5CAMCROHUM,,1,2012,,,,,,1.0
OutputActivityRatio,NDC,ECU,SUPCAMCROHUM,E5CAMCROHUM,,1,2013,,,,,,1.0
OutputActivityRatio,NDC,ECU,SUPCAMCROHUM,E5CAMCROHUM,,1,2014,,,,,,1.0
OutputActivityRatio,NDC,ECU,SUPCAMCROHUM,E5CAMCROHUM,,1,2015,,,,,,1.0
OutputActivityRatio,NDC,ECU,SUPCAMCROHUM,E5CAMCROHUM,,1,2016,,,,,,1.0
OutputActivityRatio,NDC,ECU,SUPCAMCROHUM,E5CAMCROHUM,,1,2017,,,,,,1.0
OutputActivityRatio,NDC,ECU,SUPCAMCROHUM,E5CAMCROHUM,,1,2018,,,,,,1.0
OutputActivityRatio,NDC,ECU,SUPCAMCROHUM,E5CAMCROHUM,,1,2019,,,,,,1.0
OutputActivityRatio,NDC,ECU,SUPCAMCROHUM,E5CAMCROHUM,,1,2020,,,,,,1.0
OutputActivityRatio,NDC,ECU,SUPCAMCROHUM,E5CAMCROHUM,,1,2021,,,,,,1.0
OutputActivityRatio,NDC,ECU,SUPCAMCROHUM,E5CAMCROHUM,,1,2022,,,,,,1.0
OutputActivityRatio,NDC,ECU,SUPCAMCROHUM,E5CAMCROHUM,,1,2023,,,,,,1.0
OutputActivityRatio,NDC,ECU,SUPCAMCROHUM,E5CAMCROHUM,,1,2024,,,,,,1.0
OutputActivityRatio,NDC,ECU,SUPCAMCROHUM,E5CAMCROHUM,,1,2025,,,,,,1.0
OutputActivityRatio,NDC,ECU,SUPCAMCROHUM,E5CAMCROHUM,,1,2026,,,,,,1.0
OutputActivityRatio,NDC,ECU,SUPCAMCROHUM,E5CAMCROHUM,,1,2027,,,,,,1.0
OutputActivityRatio,NDC,ECU,SUPCAMCROHUM,E5CAMCROHUM,,1,2028,,,,,,1.0
OutputActivityRatio,NDC,ECU,SUPCAMCROHUM,E5CAMCROHUM,,1,2029,,,,,,1.0
OutputActivityRatio,NDC,ECU,SUPCAMCROHUM,E5CAMCROHUM,,1,2030,,,,,,1.0
OutputActivityRatio,NDC,ECU,SUPCAMCROHUM,E5CAMCROHUM,,1,2031,,,,,,1.0
OutputActivityRatio,NDC,ECU,SUPCAMCROHUM,E5CAMCROHUM,,1,2032,,,,,,1.0
OutputActivityRatio,NDC,ECU,SUPCAMCROHUM,E5CAMCROHUM,,1,2033,,,,,,1.0
OutputActivityRatio,NDC,ECU,SUPCAMCROHUM,E5CAMCROHUM,,1,2034,,,,,,1.0
OutputActivityRatio,NDC,ECU,SUPCAMCROHUM,E5CAMCROHUM,,1,2035,,,,,,1.0
OutputActivityRatio,NDC,ECU,SUPCAMGRAHUM,E5CAMGRAHUM,,1,2010,,,,,,1.0
OutputActivityRatio,NDC,ECU,SUPCAMGRAHUM,E5CAMGRAHUM,,1,2011,,,,,,1.0
OutputActivityRatio,NDC,ECU,SUPCAMGRAHUM,E5CAMGRAHUM,,1,2012,,,,,,1.0
OutputActivityRatio,NDC,ECU,SUPCAMGRAHUM,E5CAMGRAHUM,,1,2013,,,,,,1.0
OutputActivityRatio,NDC,ECU,SUPCAMGRAHUM,E5CAMGRAHUM,,1,2014,,,,,,1.0
OutputActivityRatio,NDC,ECU,SUPCAMGRAHUM,E5CAMGRAHUM,,1,2015,,,,,,1.0
OutputActivityRatio,NDC,ECU,SUPCAMGRAHUM,E5CAMGRAHUM,,1,2016,,,,,,1.0
OutputActivityRatio,NDC,ECU,SUPCAMGRAHUM,E5CAMGRAHUM,,1,2017,,,,,,1.0
OutputActivityRatio,NDC,ECU,SUPCAMGRAHUM,E5CAMGRAHUM,,1,2018,,,,,,1.0
OutputActivityRatio,NDC,ECU,SUPCAMGRAHUM,E5CAMGRAHUM,,1,2019,,,,,,1.0
OutputActivityRatio,NDC,ECU,SUPCAMGRAHUM,E5CAMGRAHUM,,1,2020,,,,,,1.0
OutputActivityRatio,NDC,ECU,SUPCAMGRAHUM,E5CAMGRAHUM,,1,2021,,,,,,1.0
OutputActivityRatio,NDC,ECU,SUPCAMGRAHUM,E5CAMGRAHUM,,1,2022,,,,,,1.0
OutputActivityRatio,NDC,ECU,SUPCAMGRAHUM,E5CAMGRAHUM,,1,2023,,,,,,1.0
OutputActivityRatio,NDC,ECU,SUPCAMGRAHUM,E5CAMGRAHUM,,1,2024,,,,,,1.0
OutputActivityRatio,NDC,ECU,SUPCAMGRAHUM,E5CAMGRAHUM,,1,2025,,,,,,1.0
OutputActivityRatio,NDC,ECU,SUPCAMGRAHUM,E5CAMGRAHUM,,1,2026,,,,,,1.0
OutputActivityRatio,NDC,ECU,SUPCAMGRAHUM,E5CAMGRAHUM,,1,2027,,,,,,1.0
OutputActivityRatio,NDC,ECU,SUPCAMGRAHUM,E5CAMGRAHUM,,1,2028,,,,,,1.0
OutputActivityRatio,NDC,ECU,SUPCAMGRAHUM,E5CAMGRAHUM,,1,2029,,,,,,1.0
OutputActivityRatio,NDC,ECU,SUPCAMGRAHUM,E5CAMGRAHUM,,1,2030,,,,,,1.0
OutputActivityRatio,NDC,ECU,SUPCAMGRAHUM,E5CAMGRAHUM,,1,2031,,,,,,1.0
OutputActivityRatio,NDC,ECU,SUPCAMGRAHUM,E5CAMGRAHUM,,1,2032,,,,,,1.0
OutputActivityRatio,NDC,ECU,SUPCAMGRAHUM,E5CAMGRAHUM,,1,2033,,,,,,1.0
OutputActivityRatio,NDC,ECU,SUPCAMGRAHUM,E5CAMGRAHUM,,1,2034,,,,,,1.0
OutputActivityRatio,NDC,ECU,SUPCAMGRAHUM,E5CAMGRAHUM,,1,2035,,,,,,1.0
OutputActivityRatio,NDC,ECU,SUPCAMANDASE,E5CAMANDASE,,1,2010,,,,,,1.0
OutputActivityRatio,NDC,ECU,SUPCAMANDASE,E5CAMANDASE,,1,2011,,,,,,1.0
OutputActivityRatio,NDC,ECU,SUPCAMANDASE,E5CAMANDASE,,1,2012,,,,,,1.0
OutputActivityRatio,NDC,ECU,SUPCAMANDASE,E5CAMANDASE,,1,2013,,,,,,1.0
OutputActivityRatio,NDC,ECU,SUPCAMANDASE,E5CAMANDASE,,1,2014,,,,,,1.0
OutputActivityRatio,NDC,ECU,SUPCAMANDASE,E5CAMANDASE,,1,2015,,,,,,1.0
OutputActivityRatio,NDC,ECU,SUPCAMANDASE,E5CAMANDASE,,1,2016,,,,,,1.0
OutputActivityRatio,NDC,ECU,SUPCAMANDASE,E5CAMANDASE,,1,2017,,,,,,1.0
OutputActivityRatio,NDC,ECU,SUPCAMANDASE,E5CAMANDASE,,1,2018,,,,,,1.0
OutputActivityRatio,NDC,ECU,SUPCAMANDASE,E5CAMANDASE,,1,2019,,,,,,1.0
OutputActivityRatio,NDC,ECU,SUPCAMANDASE,E5CAMANDASE,,1,2020,,,,,,1.0
OutputActivityRatio,NDC,ECU,SUPCAMANDASE,E5CAMANDASE,,1,2021,,,,,,1.0
OutputActivityRatio,NDC,ECU,SUPCAMANDASE,E5CAMANDASE,,1,2022,,,,,,1.0
OutputActivityRatio,NDC,ECU,SUPCAMANDASE,E5CAMANDASE,,1,2023,,,,,,1.0
OutputActivityRatio,NDC,ECU,SUPCAMANDASE,E5CAMANDASE,,1,2024,,,,,,1.0
OutputActivityRatio,NDC,ECU,SUPCAMANDASE,E5CAMANDASE,,1,2025,,,,,,1.0
OutputActivityRatio,NDC,ECU,SUPCAMANDASE,E5CAMANDASE,,1,2026,,,,,,1.0
OutputActivityRatio,NDC,ECU,SUPCAMANDASE,E5CAMANDASE,,1,2027,,,,,,1.0
OutputActivityRatio,NDC,ECU,SUPCAMANDASE,E5CAMANDASE,,1,2028,,,,,,1.0
OutputActivityRatio,NDC,ECU,SUPCAMANDASE,E5CAMANDASE,,1,2029,,,,,,1.0
OutputActivityRatio,NDC,ECU,SUPCAMANDASE,E5CAMANDASE,,1,2030,,,,,,1.0
OutputActivityRatio,NDC,ECU,SUPCAMANDASE,E5CAMANDASE,,1,2031,,,,,,1.0
OutputActivityRatio,NDC,ECU,SUPCAMANDASE,E5CAMANDASE,,1,2032,,,,,,1.0
OutputActivityRatio,NDC,ECU,SUPCAMANDASE,E5CAMANDASE,,1,2033,,,,,,1.0
OutputActivityRatio,NDC,ECU,SUPCAMANDASE,E5CAMANDASE,,1,2034,,,,,,1.0
OutputActivityRatio,NDC,ECU,SUPCAMANDASE,E5CAMANDASE,,1,2035,,,,,,1.0
OutputActivityRatio,NDC,ECU,SUPCAMPLUASE,E5CAMPLUASE,,1,2010,,,,,,1.0
OutputActivityRatio,NDC,ECU,SUPCAMPLUASE,E5CAMPLUASE,,1,2011,,,,,,1.0
OutputActivityRatio,NDC,ECU,SUPCAMPLUASE,E5CAMPLUASE,,1,2012,,,,,,1.0
OutputActivityRatio,NDC,ECU,SUPCAMPLUASE,E5CAMPLUASE,,1,2013,,,,,,1.0
OutputActivityRatio,NDC,ECU,SUPCAMPLUASE,E5CAMPLUASE,,1,2014,,,,,,1.0
OutputActivityRatio,NDC,ECU,SUPCAMPLUASE,E5CAMPLUASE,,1,2015,,,,,,1.0
OutputActivityRatio,NDC,ECU,SUPCAMPLUASE,E5CAMPLUASE,,1,2016,,,,,,1.0
OutputActivityRatio,NDC,ECU,SUPCAMPLUASE,E5CAMPLUASE,,1,2017,,,,,,1.0
OutputActivityRatio,NDC,ECU,SUPCAMPLUASE,E5CAMPLUASE,,1,2018,,,,,,1.0
OutputActivityRatio,NDC,ECU,SUPCAMPLUASE,E5CAMPLUASE,,1,2019,,,,,,1.0
OutputActivityRatio,NDC,ECU,SUPCAMPLUASE,E5CAMPLUASE,,1,2020,,,,,,1.0
OutputActivityRatio,NDC,ECU,SUPCAMPLUASE,E5CAMPLUASE,,1,2021,,,,,,1.0
OutputActivityRatio,NDC,ECU,SUPCAMPLUASE,E5CAMPLUASE,,1,2022,,,,,,1.0
OutputActivityRatio,NDC,ECU,SUPCAMPLUASE,E5CAMPLUASE,,1,2023,,,,,,1.0
OutputActivityRatio,NDC,ECU,SUPCAMPLUASE,E5CAMPLUASE,,1,2024,,,,,,1.0
OutputActivityRatio,NDC,ECU,SUPCAMPLUASE,E5CAMPLUASE,,1,2025,,,,,,1.0
OutputActivityRatio,NDC,ECU,SUPCAMPLUASE,E5CAMPLUASE,,1,2026,,,,,,1.0
OutputActivityRatio,NDC,ECU,SUPCAMPLUASE,E5CAMPLUASE,,1,2027,,,,,,1.0
OutputActivityRatio,NDC,ECU,SUPCAMPLUASE,E5CAMPLUASE,,1,2028,,,,,,1.0
OutputActivityRatio,NDC,ECU,SUPCAMPLUASE,E5CAMPLUASE,,1,2029,,,,,,1.0
OutputActivityRatio,NDC,ECU,SUPCAMPLUASE,E5CAMPLUASE,,1,2030,,,,,,1.0
OutputActivityRatio,NDC,ECU,SUPCAMPLUASE,E5CAMPLUASE,,1,2031,,,,,,1.0
OutputActivityRatio,NDC,ECU,SUPCAMPLUASE,E5CAMPLUASE,,1,2032,,,,,,1.0
OutputActivityRatio,NDC,ECU,SUPCAMPLUASE,E5CAMPLUASE,,1,2033,,,,,,1.0
OutputActivityRatio,NDC,ECU,SUPCAMPLUASE,E5CAMPLUASE,,1,2034,,,,,,1.0
OutputActivityRatio,NDC,ECU,SUPCAMPLUASE,E5CAMPLUASE,,1,2035,,,,,,1.0
OutputActivityRatio,NDC,ECU,SUPCAMMONASE,E5CAMMONASE,,1,2010,,,,,,1.0
OutputActivityRatio,NDC,ECU,SUPCAMMONASE,E5CAMMONASE,,1,2011,,,,,,1.0
OutputActivityRatio,NDC,ECU,SUPCAMMONASE,E5CAMMONASE,,1,2012,,,,,,1.0
OutputActivityRatio,NDC,ECU,SUPCAMMONASE,E5CAMMONASE,,1,2013,,,,,,1.0
OutputActivityRatio,NDC,ECU,SUPCAMMONASE,E5CAMMONASE,,1,2014,,,,,,1.0
OutputActivityRatio,NDC,ECU,SUPCAMMONASE,E5CAMMONASE,,1,2015,,,,,,1.0
OutputActivityRatio,NDC,ECU,SUPCAMMONASE,E5CAMMONASE,,1,2016,,,,,,1.0
OutputActivityRatio,NDC,ECU,SUPCAMMONASE,E5CAMMONASE,,1,2017,,,,,,1.0
OutputActivityRatio,NDC,ECU,SUPCAMMONASE,E5CAMMONASE,,1,2018,,,,,,1.0
OutputActivityRatio,NDC,ECU,SUPCAMMONASE,E5CAMMONASE,,1,2019,,,,,,1.0
OutputActivityRatio,NDC,ECU,SUPCAMMONASE,E5CAMMONASE,,1,2020,,,,,,1.0
OutputActivityRatio,NDC,ECU,SUPCAMMONASE,E5CAMMONASE,,1,2021,,,,,,1.0
OutputActivityRatio,NDC,ECU,SUPCAMMONASE,E5CAMMONASE,,1,2022,,,,,,1.0
OutputActivityRatio,NDC,ECU,SUPCAMMONASE,E5CAMMONASE,,1,2023,,,,,,1.0
OutputActivityRatio,NDC,ECU,SUPCAMMONASE,E5CAMMONASE,,1,2024,,,,,,1.0
OutputActivityRatio,NDC,ECU,SUPCAMMONASE,E5CAMMONASE,,1,2025,,,,,,1.0
OutputActivityRatio,NDC,ECU,SUPCAMMONASE,E5CAMMONASE,,1,2026,,,,,,1.0
OutputActivityRatio,NDC,ECU,SUPCAMMONASE,E5CAMMONASE,,1,2027,,,,,,1.0
OutputActivityRatio,NDC,ECU,SUPCAMMONASE,E5CAMMONASE,,1,2028,,,,,,1.0
OutputActivityRatio,NDC,ECU,SUPCAMMONASE,E5CAMMONASE,,1,2029,,,,,,1.0
OutputActivityRatio,NDC,ECU,SUPCAMMONASE,E5CAMMONASE,,1,2030,,,,,,1.0
OutputActivityRatio,NDC,ECU,SUPCAMMONASE,E5CAMMONASE,,1,2031,,,,,,1.0
OutputActivityRatio,NDC,ECU,SUPCAMMONASE,E5CAMMONASE,,1,2032,,,,,,1.0
OutputActivityRatio,NDC,ECU,SUPCAMMONASE,E5CAMMONASE,,1,2033,,,,,,1.0
OutputActivityRatio,NDC,ECU,SUPCAMMONASE,E5CAMMONASE,,1,2034,,,,,,1.0
OutputActivityRatio,NDC,ECU,SUPCAMMONASE,E5CAMMONASE,,1,2035,,,,,,1.0
OutputActivityRatio,NDC,ECU,SUPCAMPIEASE,E5CAMPIEASE,,1,2010,,,,,,1.0
OutputActivityRatio,NDC,ECU,SUPCAMPIEASE,E5CAMPIEASE,,1,2011,,,,,,1.0
OutputActivityRatio,NDC,ECU,SUPCAMPIEASE,E5CAMPIEASE,,1,2012,,,,,,1.0
OutputActivityRatio,NDC,ECU,SUPCAMPIEASE,E5CAMPIEASE,,1,2013,,,,,,1.0
OutputActivityRatio,NDC,ECU,SUPCAMPIEASE,E5CAMPIEASE,,1,2014,,,,,,1.0
OutputActivityRatio,NDC,ECU,SUPCAMPIEASE,E5CAMPIEASE,,1,2015,,,,,,1.0
OutputActivityRatio,NDC,ECU,SUPCAMPIEASE,E5CAMPIEASE,,1,2016,,,,,,1.0
OutputActivityRatio,NDC,ECU,SUPCAMPIEASE,E5CAMPIEASE,,1,2017,,,,,,1.0
OutputActivityRatio,NDC,ECU,SUPCAMPIEASE,E5CAMPIEASE,,1,2018,,,,,,1.0
OutputActivityRatio,NDC,ECU,SUPCAMPIEASE,E5CAMPIEASE,,1,2019,,,,,,1.0
OutputActivityRatio,NDC,ECU,SUPCAMPIEASE,E5CAMPIEASE,,1,2020,,,,,,1.0
OutputActivityRatio,NDC,ECU,SUPCAMPIEASE,E5CAMPIEASE,,1,2021,,,,,,1.0
OutputActivityRatio,NDC,ECU,SUPCAMPIEASE,E5CAMPIEASE,,1,2022,,,,,,1.0
OutputActivityRatio,NDC,ECU,SUPCAMPIEASE,E5CAMPIEASE,,1,2023,,,,,,1.0
OutputActivityRatio,NDC,ECU,SUPCAMPIEASE,E5CAMPIEASE,,1,2024,,,,,,1.0
OutputActivityRatio,NDC,ECU,SUPCAMPIEASE,E5CAMPIEASE,,1,2025,,,,,,1.0
OutputActivityRatio,NDC,ECU,SUPCAMPIEASE,E5CAMPIEASE,,1,2026,,,,,,1.0
OutputActivityRatio,NDC,ECU,SUPCAMPIEASE,E5CAMPIEASE,,1,2027,,,,,,1.0
OutputActivityRatio,NDC,ECU,SUPCAMPIEASE,E5CAMPIEASE,,1,2028,,,,,,1.0
OutputActivityRatio,NDC,ECU,SUPCAMPIEASE,E5CAMPIEASE,,1,2029,,,,,,1.0
OutputActivityRatio,NDC,ECU,SUPCAMPIEASE,E5CAMPIEASE,,1,2030,,,,,,1.0
OutputActivityRatio,NDC,ECU,SUPCAMPIEASE,E5CAMPIEASE,,1,2031,,,,,,1.0
OutputActivityRatio,NDC,ECU,SUPCAMPIEASE,E5CAMPIEASE,,1,2032,,,,,,1.0
OutputActivityRatio,NDC,ECU,SUPCAMPIEASE,E5CAMPIEASE,,1,2033,,,,,,1.0
OutputActivityRatio,NDC,ECU,SUPCAMPIEASE,E5CAMPIEASE,,1,2034,,,,,,1.0
OutputActivityRatio,NDC,ECU,SUPCAMPIEASE,E5CAMPIEASE,,1,2035,,,,,,1.0
OutputActivityRatio,NDC,ECU,SUPCAMCEJASE,E5CAMCEJASE,,1,2010,,,,,,1.0
OutputActivityRatio,NDC,ECU,SUPCAMCEJASE,E5CAMCEJASE,,1,2011,,,,,,1.0
OutputActivityRatio,NDC,ECU,SUPCAMCEJASE,E5CAMCEJASE,,1,2012,,,,,,1.0
OutputActivityRatio,NDC,ECU,SUPCAMCEJASE,E5CAMCEJASE,,1,2013,,,,,,1.0
OutputActivityRatio,NDC,ECU,SUPCAMCEJASE,E5CAMCEJASE,,1,2014,,,,,,1.0
OutputActivityRatio,NDC,ECU,SUPCAMCEJASE,E5CAMCEJASE,,1,2015,,,,,,1.0
OutputActivityRatio,NDC,ECU,SUPCAMCEJASE,E5CAMCEJASE,,1,2016,,,,,,1.0
OutputActivityRatio,NDC,ECU,SUPCAMCEJASE,E5CAMCEJASE,,1,2017,,,,,,1.0
OutputActivityRatio,NDC,ECU,SUPCAMCEJASE,E5CAMCEJASE,,1,2018,,,,,,1.0
OutputActivityRatio,NDC,ECU,SUPCAMCEJASE,E5CAMCEJASE,,1,2019,,,,,,1.0
OutputActivityRatio,NDC,ECU,SUPCAMCEJASE,E5CAMCEJASE,,1,2020,,,,,,1.0
OutputActivityRatio,NDC,ECU,SUPCAMCEJASE,E5CAMCEJASE,,1,2021,,,,,,1.0
OutputActivityRatio,NDC,ECU,SUPCAMCEJASE,E5CAMCEJASE,,1,2022,,,,,,1.0
OutputActivityRatio,NDC,ECU,SUPCAMCEJASE,E5CAMCEJASE,,1,2023,,,,,,1.0
OutputActivityRatio,NDC,ECU,SUPCAMCEJASE,E5CAMCEJASE,,1,2024,,,,,,1.0
OutputActivityRatio,NDC,ECU,SUPCAMCEJASE,E5CAMCEJASE,,1,2025,,,,,,1.0
OutputActivityRatio,NDC,ECU,SUPCAMCEJASE,E5CAMCEJASE,,1,2026,,,,,,1.0
OutputActivityRatio,NDC,ECU,SUPCAMCEJASE,E5CAMCEJASE,,1,2027,,,,,,1.0
OutputActivityRatio,NDC,ECU,SUPCAMCEJASE,E5CAMCEJASE,,1,2028,,,,,,1.0
OutputActivityRatio,NDC,ECU,SUPCAMCEJASE,E5CAMCEJASE,,1,2029,,,,,,1.0
OutputActivityRatio,NDC,ECU,SUPCAMCEJASE,E5CAMCEJASE,,1,2030,,,,,,1.0
OutputActivityRatio,NDC,ECU,SUPCAMCEJASE,E5CAMCEJASE,,1,2031,,,,,,1.0
OutputActivityRatio,NDC,ECU,SUPCAMCEJASE,E5CAMCEJASE,,1,2032,,,,,,1.0
OutputActivityRatio,NDC,ECU,SUPCAMCEJASE,E5CAMCEJASE,,1,2033,,,,,,1.0
OutputActivityRatio,NDC,ECU,SUPCAMCEJASE,E5CAMCEJASE,,1,2034,,,,,,1.0
OutputActivityRatio,NDC,ECU,SUPCAMCEJASE,E5CAMCEJASE,,1,2035,,,,,,1.0
OutputActivityRatio,NDC,ECU,SUPCAMAMAASE,E5CAMAMAASE,,1,2010,,,,,,1.0
OutputActivityRatio,NDC,ECU,SUPCAMAMAASE,E5CAMAMAASE,,1,2011,,,,,,1.0
OutputActivityRatio,NDC,ECU,SUPCAMAMAASE,E5CAMAMAASE,,1,2012,,,,,,1.0
OutputActivityRatio,NDC,ECU,SUPCAMAMAASE,E5CAMAMAASE,,1,2013,,,,,,1.0
OutputActivityRatio,NDC,ECU,SUPCAMAMAASE,E5CAMAMAASE,,1,2014,,,,,,1.0
OutputActivityRatio,NDC,ECU,SUPCAMAMAASE,E5CAMAMAASE,,1,2015,,,,,,1.0
OutputActivityRatio,NDC,ECU,SUPCAMAMAASE,E5CAMAMAASE,,1,2016,,,,,,1.0
OutputActivityRatio,NDC,ECU,SUPCAMAMAASE,E5CAMAMAASE,,1,2017,,,,,,1.0
OutputActivityRatio,NDC,ECU,SUPCAMAMAASE,E5CAMAMAASE,,1,2018,,,,,,1.0
OutputActivityRatio,NDC,ECU,SUPCAMAMAASE,E5CAMAMAASE,,1,2019,,,,,,1.0
OutputActivityRatio,NDC,ECU,SUPCAMAMAASE,E5CAMAMAASE,,1,2020,,,,,,1.0
OutputActivityRatio,NDC,ECU,SUPCAMAMAASE,E5CAMAMAASE,,1,2021,,,,,,1.0
OutputActivityRatio,NDC,ECU,SUPCAMAMAASE,E5CAMAMAASE,,1,2022,,,,,,1.0
OutputActivityRatio,NDC,ECU,SUPCAMAMAASE,E5CAMAMAASE,,1,2023,,,,,,1.0
OutputActivityRatio,NDC,ECU,SUPCAMAMAASE,E5CAMAMAASE,,1,2024,,,,,,1.0
OutputActivityRatio,NDC,ECU,SUPCAMAMAASE,E5CAMAMAASE,,1,2025,,,,,,1.0
OutputActivityRatio,NDC,ECU,SUPCAMAMAASE,E5CAMAMAASE,,1,2026,,,,,,1.0
OutputActivityRatio,NDC,ECU,SUPCAMAMAASE,E5CAMAMAASE,,1,2027,,,,,,1.0
OutputActivityRatio,NDC,ECU,SUPCAMAMAASE,E5CAMAMAASE,,1,2028,,,,,,1.0
OutputActivityRatio,NDC,ECU,SUPCAMAMAASE,E5CAMAMAASE,,1,2029,,,,,,1.0
OutputActivityRatio,NDC,ECU,SUPCAMAMAASE,E5CAMAMAASE,,1,2030,,,,,,1.0
OutputActivityRatio,NDC,ECU,SUPCAMAMAASE,E5CAMAMAASE,,1,2031,,,,,,1.0
OutputActivityRatio,NDC,ECU,SUPCAMAMAASE,E5CAMAMAASE,,1,2032,,,,,,1.0
OutputActivityRatio,NDC,ECU,SUPCAMAMAASE,E5CAMAMAASE,,1,2033,,,,,,1.0
OutputActivityRatio,NDC,ECU,SUPCAMAMAASE,E5CAMAMAASE,,1,2034,,,,,,1.0
OutputActivityRatio,NDC,ECU,SUPCAMAMAASE,E5CAMAMAASE,,1,2035,,,,,,1.0
OutputActivityRatio,NDC,ECU,SUPCAMCHOASE,E5CAMCHOASE,,1,2010,,,,,,1.0
OutputActivityRatio,NDC,ECU,SUPCAMCHOASE,E5CAMCHOASE,,1,2011,,,,,,1.0
OutputActivityRatio,NDC,ECU,SUPCAMCHOASE,E5CAMCHOASE,,1,2012,,,,,,1.0
OutputActivityRatio,NDC,ECU,SUPCAMCHOASE,E5CAMCHOASE,,1,2013,,,,,,1.0
OutputActivityRatio,NDC,ECU,SUPCAMCHOASE,E5CAMCHOASE,,1,2014,,,,,,1.0
OutputActivityRatio,NDC,ECU,SUPCAMCHOASE,E5CAMCHOASE,,1,2015,,,,,,1.0
OutputActivityRatio,NDC,ECU,SUPCAMCHOASE,E5CAMCHOASE,,1,2016,,,,,,1.0
OutputActivityRatio,NDC,ECU,SUPCAMCHOASE,E5CAMCHOASE,,1,2017,,,,,,1.0
OutputActivityRatio,NDC,ECU,SUPCAMCHOASE,E5CAMCHOASE,,1,2018,,,,,,1.0
OutputActivityRatio,NDC,ECU,SUPCAMCHOASE,E5CAMCHOASE,,1,2019,,,,,,1.0
OutputActivityRatio,NDC,ECU,SUPCAMCHOASE,E5CAMCHOASE,,1,2020,,,,,,1.0
OutputActivityRatio,NDC,ECU,SUPCAMCHOASE,E5CAMCHOASE,,1,2021,,,,,,1.0
OutputActivityRatio,NDC,ECU,SUPCAMCHOASE,E5CAMCHOASE,,1,2022,,,,,,1.0
OutputActivityRatio,NDC,ECU,SUPCAMCHOASE,E5CAMCHOASE,,1,2023,,,,,,1.0
OutputActivityRatio,NDC,ECU,SUPCAMCHOASE,E5CAMCHOASE,,1,2024,,,,,,1.0
OutputActivityRatio,NDC,ECU,SUPCAMCHOASE,E5CAMCHOASE,,1,2025,,,,,,1.0
OutputActivityRatio,NDC,ECU,SUPCAMCHOASE,E5CAMCHOASE,,1,2026,,,,,,1.0
OutputActivityRatio,NDC,ECU,SUPCAMCHOASE,E5CAMCHOASE,,1,2027,,,,,,1.0
OutputActivityRatio,NDC,ECU,SUPCAMCHOASE,E5CAMCHOASE,,1,2028,,,,,,1.0
OutputActivityRatio,NDC,ECU,SUPCAMCHOASE,E5CAMCHOASE,,1,2029,,,,,,1.0
OutputActivityRatio,NDC,ECU,SUPCAMCHOASE,E5CAMCHOASE,,1,2030,,,,,,1.0
OutputActivityRatio,NDC,ECU,SUPCAMCHOASE,E5CAMCHOASE,,1,2031,,,,,,1.0
OutputActivityRatio,NDC,ECU,SUPCAMCHOASE,E5CAMCHOASE,,1,2032,,,,,,1.0
OutputActivityRatio,NDC,ECU,SUPCAMCHOASE,E5CAMCHOASE,,1,2033,,,,,,1.0
OutputActivityRatio,NDC,ECU,SUPCAMCHOASE,E5CAMCHOASE,,1,2034,,,,,,1.0
OutputActivityRatio,NDC,ECU,SUPCAMCHOASE,E5CAMCHOASE,,1,2035,,,,,,1.0
OutputActivityRatio,NDC,ECU,SUPCAMMANASE,E5CAMMANASE,,1,2010,,,,,,1.0
OutputActivityRatio,NDC,ECU,SUPCAMMANASE,E5CAMMANASE,,1,2011,,,,,,1.0
OutputActivityRatio,NDC,ECU,SUPCAMMANASE,E5CAMMANASE,,1,2012,,,,,,1.0
OutputActivityRatio,NDC,ECU,SUPCAMMANASE,E5CAMMANASE,,1,2013,,,,,,1.0
OutputActivityRatio,NDC,ECU,SUPCAMMANASE,E5CAMMANASE,,1,2014,,,,,,1.0
OutputActivityRatio,NDC,ECU,SUPCAMMANASE,E5CAMMANASE,,1,2015,,,,,,1.0
OutputActivityRatio,NDC,ECU,SUPCAMMANASE,E5CAMMANASE,,1,2016,,,,,,1.0
OutputActivityRatio,NDC,ECU,SUPCAMMANASE,E5CAMMANASE,,1,2017,,,,,,1.0
OutputActivityRatio,NDC,ECU,SUPCAMMANASE,E5CAMMANASE,,1,2018,,,,,,1.0
OutputActivityRatio,NDC,ECU,SUPCAMMANASE,E5CAMMANASE,,1,2019,,,,,,1.0
OutputActivityRatio,NDC,ECU,SUPCAMMANASE,E5CAMMANASE,,1,2020,,,,,,1.0
OutputActivityRatio,NDC,ECU,SUPCAMMANASE,E5CAMMANASE,,1,2021,,,,,,1.0
OutputActivityRatio,NDC,ECU,SUPCAMMANASE,E5CAMMANASE,,1,2022,,,,,,1.0
OutputActivityRatio,NDC,ECU,SUPCAMMANASE,E5CAMMANASE,,1,2023,,,,,,1.0
OutputActivityRatio,NDC,ECU,SUPCAMMANASE,E5CAMMANASE,,1,2024,,,,,,1.0
OutputActivityRatio,NDC,ECU,SUPCAMMANASE,E5CAMMANASE,,1,2025,,,,,,1.0
OutputActivityRatio,NDC,ECU,SUPCAMMANASE,E5CAMMANASE,,1,2026,,,,,,1.0
OutputActivityRatio,NDC,ECU,SUPCAMMANASE,E5CAMMANASE,,1,2027,,,,,,1.0
OutputActivityRatio,NDC,ECU,SUPCAMMANASE,E5CAMMANASE,,1,2028,,,,,,1.0
OutputActivityRatio,NDC,ECU,SUPCAMMANASE,E5CAMMANASE,,1,2029,,,,,,1.0
OutputActivityRatio,NDC,ECU,SUPCAMMANASE,E5CAMMANASE,,1,2030,,,,,,1.0
OutputActivityRatio,NDC,ECU,SUPCAMMANASE,E5CAMMANASE,,1,2031,,,,,,1.0
OutputActivityRatio,NDC,ECU,SUPCAMMANASE,E5CAMMANASE,,1,2032,,,,,,1.0
OutputActivityRatio,NDC,ECU,SUPCAMMANASE,E5CAMMANASE,,1,2033,,,,,,1.0
OutputActivityRatio,NDC,ECU,SUPCAMMANASE,E5CAMMANASE,,1,2034,,,,,,1.0
OutputActivityRatio,NDC,ECU,SUPCAMMANASE,E5CAMMANASE,,1,2035,,,,,,1.0
OutputActivityRatio,NDC,ECU,SUPCAMMORASE,E5CAMMORASE,,1,2010,,,,,,1.0
OutputActivityRatio,NDC,ECU,SUPCAMMORASE,E5CAMMORASE,,1,2011,,,,,,1.0
OutputActivityRatio,NDC,ECU,SUPCAMMORASE,E5CAMMORASE,,1,2012,,,,,,1.0
OutputActivityRatio,NDC,ECU,SUPCAMMORASE,E5CAMMORASE,,1,2013,,,,,,1.0
OutputActivityRatio,NDC,ECU,SUPCAMMORASE,E5CAMMORASE,,1,2014,,,,,,1.0
OutputActivityRatio,NDC,ECU,SUPCAMMORASE,E5CAMMORASE,,1,2015,,,,,,1.0
OutputActivityRatio,NDC,ECU,SUPCAMMORASE,E5CAMMORASE,,1,2016,,,,,,1.0
OutputActivityRatio,NDC,ECU,SUPCAMMORASE,E5CAMMORASE,,1,2017,,,,,,1.0
OutputActivityRatio,NDC,ECU,SUPCAMMORASE,E5CAMMORASE,,1,2018,,,,,,1.0
OutputActivityRatio,NDC,ECU,SUPCAMMORASE,E5CAMMORASE,,1,2019,,,,,,1.0
OutputActivityRatio,NDC,ECU,SUPCAMMORASE,E5CAMMORASE,,1,2020,,,,,,1.0
OutputActivityRatio,NDC,ECU,SUPCAMMORASE,E5CAMMORASE,,1,2021,,,,,,1.0
OutputActivityRatio,NDC,ECU,SUPCAMMORASE,E5CAMMORASE,,1,2022,,,,,,1.0
OutputActivityRatio,NDC,ECU,SUPCAMMORASE,E5CAMMORASE,,1,2023,,,,,,1.0
OutputActivityRatio,NDC,ECU,SUPCAMMORASE,E5CAMMORASE,,1,2024,,,,,,1.0
OutputActivityRatio,NDC,ECU,SUPCAMMORASE,E5CAMMORASE,,1,2025,,,,,,1.0
OutputActivityRatio,NDC,ECU,SUPCAMMORASE,E5CAMMORASE,,1,2026,,,,,,1.0
OutputActivityRatio,NDC,ECU,SUPCAMMORASE,E5CAMMORASE,,1,2027,,,,,,1.0
OutputActivityRatio,NDC,ECU,SUPCAMMORASE,E5CAMMORASE,,1,2028,,,,,,1.0
OutputActivityRatio,NDC,ECU,SUPCAMMORASE,E5CAMMORASE,,1,2029,,,,,,1.0
OutputActivityRatio,NDC,ECU,SUPCAMMORASE,E5CAMMORASE,,1,2030,,,,,,1.0
OutputActivityRatio,NDC,ECU,SUPCAMMORASE,E5CAMMORASE,,1,2031,,,,,,1.0
OutputActivityRatio,NDC,ECU,SUPCAMMORASE,E5CAMMORASE,,1,2032,,,,,,1.0
OutputActivityRatio,NDC,ECU,SUPCAMMORASE,E5CAMMORASE,,1,2033,,,,,,1.0
OutputActivityRatio,NDC,ECU,SUPCAMMORASE,E5CAMMORASE,,1,2034,,,,,,1.0
OutputActivityRatio,NDC,ECU,SUPCAMMORASE,E5CAMMORASE,,1,2035,,,,,,1.0
OutputActivityRatio,NDC,ECU,SUPCAMPFOASE,E5CAMPFOASE,,1,2010,,,,,,1.0
OutputActivityRatio,NDC,ECU,SUPCAMPFOASE,E5CAMPFOASE,,1,2011,,,,,,1.0
OutputActivityRatio,NDC,ECU,SUPCAMPFOASE,E5CAMPFOASE,,1,2012,,,,,,1.0
OutputActivityRatio,NDC,ECU,SUPCAMPFOASE,E5CAMPFOASE,,1,2013,,,,,,1.0
OutputActivityRatio,NDC,ECU,SUPCAMPFOASE,E5CAMPFOASE,,1,2014,,,,,,1.0
OutputActivityRatio,NDC,ECU,SUPCAMPFOASE,E5CAMPFOASE,,1,2015,,,,,,1.0
OutputActivityRatio,NDC,ECU,SUPCAMPFOASE,E5CAMPFOASE,,1,2016,,,,,,1.0
OutputActivityRatio,NDC,ECU,SUPCAMPFOASE,E5CAMPFOASE,,1,2017,,,,,,1.0
OutputActivityRatio,NDC,ECU,SUPCAMPFOASE,E5CAMPFOASE,,1,2018,,,,,,1.0
OutputActivityRatio,NDC,ECU,SUPCAMPFOASE,E5CAMPFOASE,,1,2019,,,,,,1.0
OutputActivityRatio,NDC,ECU,SUPCAMPFOASE,E5CAMPFOASE,,1,2020,,,,,,1.0
OutputActivityRatio,NDC,ECU,SUPCAMPFOASE,E5CAMPFOASE,,1,2021,,,,,,1.0
OutputActivityRatio,NDC,ECU,SUPCAMPFOASE,E5CAMPFOASE,,1,2022,,,,,,1.0
OutputActivityRatio,NDC,ECU,SUPCAMPFOASE,E5CAMPFOASE,,1,2023,,,,,,1.0
OutputActivityRatio,NDC,ECU,SUPCAMPFOASE,E5CAMPFOASE,,1,2024,,,,,,1.0
OutputActivityRatio,NDC,ECU,SUPCAMPFOASE,E5CAMPFOASE,,1,2025,,,,,,1.0
OutputActivityRatio,NDC,ECU,SUPCAMPFOASE,E5CAMPFOASE,,1,2026,,,,,,1.0
OutputActivityRatio,NDC,ECU,SUPCAMPFOASE,E5CAMPFOASE,,1,2027,,,,,,1.0
OutputActivityRatio,NDC,ECU,SUPCAMPFOASE,E5CAMPFOASE,,1,2028,,,,,,1.0
OutputActivityRatio,NDC,ECU,SUPCAMPFOASE,E5CAMPFOASE,,1,2029,,,,,,1.0
OutputActivityRatio,NDC,ECU,SUPCAMPFOASE,E5CAMPFOASE,,1,2030,,,,,,1.0
OutputActivityRatio,NDC,ECU,SUPCAMPFOASE,E5CAMPFOASE,,1,2031,,,,,,1.0
OutputActivityRatio,NDC,ECU,SUPCAMPFOASE,E5CAMPFOASE,,1,2032,,,,,,1.0
OutputActivityRatio,NDC,ECU,SUPCAMPFOASE,E5CAMPFOASE,,1,2033,,,,,,1.0
OutputActivityRatio,NDC,ECU,SUPCAMPFOASE,E5CAMPFOASE,,1,2034,,,,,,1.0
OutputActivityRatio,NDC,ECU,SUPCAMPFOASE,E5CAMPFOASE,,1,2035,,,,,,1.0
OutputActivityRatio,NDC,ECU,SUPCAMCROASE,E5CAMCROASE,,1,2010,,,,,,1.0
OutputActivityRatio,NDC,ECU,SUPCAMCROASE,E5CAMCROASE,,1,2011,,,,,,1.0
OutputActivityRatio,NDC,ECU,SUPCAMCROASE,E5CAMCROASE,,1,2012,,,,,,1.0
OutputActivityRatio,NDC,ECU,SUPCAMCROASE,E5CAMCROASE,,1,2013,,,,,,1.0
OutputActivityRatio,NDC,ECU,SUPCAMCROASE,E5CAMCROASE,,1,2014,,,,,,1.0
OutputActivityRatio,NDC,ECU,SUPCAMCROASE,E5CAMCROASE,,1,2015,,,,,,1.0
OutputActivityRatio,NDC,ECU,SUPCAMCROASE,E5CAMCROASE,,1,2016,,,,,,1.0
OutputActivityRatio,NDC,ECU,SUPCAMCROASE,E5CAMCROASE,,1,2017,,,,,,1.0
OutputActivityRatio,NDC,ECU,SUPCAMCROASE,E5CAMCROASE,,1,2018,,,,,,1.0
OutputActivityRatio,NDC,ECU,SUPCAMCROASE,E5CAMCROASE,,1,2019,,,,,,1.0
OutputActivityRatio,NDC,ECU,SUPCAMCROASE,E5CAMCROASE,,1,2020,,,,,,1.0
OutputActivityRatio,NDC,ECU,SUPCAMCROASE,E5CAMCROASE,,1,2021,,,,,,1.0
OutputActivityRatio,NDC,ECU,SUPCAMCROASE,E5CAMCROASE,,1,2022,,,,,,1.0
OutputActivityRatio,NDC,ECU,SUPCAMCROASE,E5CAMCROASE,,1,2023,,,,,,1.0
OutputActivityRatio,NDC,ECU,SUPCAMCROASE,E5CAMCROASE,,1,2024,,,,,,1.0
OutputActivityRatio,NDC,ECU,SUPCAMCROASE,E5CAMCROASE,,1,2025,,,,,,1.0
OutputActivityRatio,NDC,ECU,SUPCAMCROASE,E5CAMCROASE,,1,2026,,,,,,1.0
OutputActivityRatio,NDC,ECU,SUPCAMCROASE,E5CAMCROASE,,1,2027,,,,,,1.0
OutputActivityRatio,NDC,ECU,SUPCAMCROASE,E5CAMCROASE,,1,2028,,,,,,1.0
OutputActivityRatio,NDC,ECU,SUPCAMCROASE,E5CAMCROASE,,1,2029,,,,,,1.0
OutputActivityRatio,NDC,ECU,SUPCAMCROASE,E5CAMCROASE,,1,2030,,,,,,1.0
OutputActivityRatio,NDC,ECU,SUPCAMCROASE,E5CAMCROASE,,1,2031,,,,,,1.0
OutputActivityRatio,NDC,ECU,SUPCAMCROASE,E5CAMCROASE,,1,2032,,,,,,1.0
OutputActivityRatio,NDC,ECU,SUPCAMCROASE,E5CAMCROASE,,1,2033,,,,,,1.0
OutputActivityRatio,NDC,ECU,SUPCAMCROASE,E5CAMCROASE,,1,2034,,,,,,1.0
OutputActivityRatio,NDC,ECU,SUPCAMCROASE,E5CAMCROASE,,1,2035,,,,,,1.0
OutputActivityRatio,NDC,ECU,SUPCAMGRAASE,E5CAMGRAASE,,1,2010,,,,,,1.0
OutputActivityRatio,NDC,ECU,SUPCAMGRAASE,E5CAMGRAASE,,1,2011,,,,,,1.0
OutputActivityRatio,NDC,ECU,SUPCAMGRAASE,E5CAMGRAASE,,1,2012,,,,,,1.0
OutputActivityRatio,NDC,ECU,SUPCAMGRAASE,E5CAMGRAASE,,1,2013,,,,,,1.0
OutputActivityRatio,NDC,ECU,SUPCAMGRAASE,E5CAMGRAASE,,1,2014,,,,,,1.0
OutputActivityRatio,NDC,ECU,SUPCAMGRAASE,E5CAMGRAASE,,1,2015,,,,,,1.0
OutputActivityRatio,NDC,ECU,SUPCAMGRAASE,E5CAMGRAASE,,1,2016,,,,,,1.0
OutputActivityRatio,NDC,ECU,SUPCAMGRAASE,E5CAMGRAASE,,1,2017,,,,,,1.0
OutputActivityRatio,NDC,ECU,SUPCAMGRAASE,E5CAMGRAASE,,1,2018,,,,,,1.0
OutputActivityRatio,NDC,ECU,SUPCAMGRAASE,E5CAMGRAASE,,1,2019,,,,,,1.0
OutputActivityRatio,NDC,ECU,SUPCAMGRAASE,E5CAMGRAASE,,1,2020,,,,,,1.0
OutputActivityRatio,NDC,ECU,SUPCAMGRAASE,E5CAMGRAASE,,1,2021,,,,,,1.0
OutputActivityRatio,NDC,ECU,SUPCAMGRAASE,E5CAMGRAASE,,1,2022,,,,,,1.0
OutputActivityRatio,NDC,ECU,SUPCAMGRAASE,E5CAMGRAASE,,1,2023,,,,,,1.0
OutputActivityRatio,NDC,ECU,SUPCAMGRAASE,E5CAMGRAASE,,1,2024,,,,,,1.0
OutputActivityRatio,NDC,ECU,SUPCAMGRAASE,E5CAMGRAASE,,1,2025,,,,,,1.0
OutputActivityRatio,NDC,ECU,SUPCAMGRAASE,E5CAMGRAASE,,1,2026,,,,,,1.0
OutputActivityRatio,NDC,ECU,SUPCAMGRAASE,E5CAMGRAASE,,1,2027,,,,,,1.0
OutputActivityRatio,NDC,ECU,SUPCAMGRAASE,E5CAMGRAASE,,1,2028,,,,,,1.0
OutputActivityRatio,NDC,ECU,SUPCAMGRAASE,E5CAMGRAASE,,1,2029,,,,,,1.0
OutputActivityRatio,NDC,ECU,SUPCAMGRAASE,E5CAMGRAASE,,1,2030,,,,,,1.0
OutputActivityRatio,NDC,ECU,SUPCAMGRAASE,E5CAMGRAASE,,1,2031,,,,,,1.0
OutputActivityRatio,NDC,ECU,SUPCAMGRAASE,E5CAMGRAASE,,1,2032,,,,,,1.0
OutputActivityRatio,NDC,ECU,SUPCAMGRAASE,E5CAMGRAASE,,1,2033,,,,,,1.0
OutputActivityRatio,NDC,ECU,SUPCAMGRAASE,E5CAMGRAASE,,1,2034,,,,,,1.0
OutputActivityRatio,NDC,ECU,SUPCAMGRAASE,E5CAMGRAASE,,1,2035,,,,,,1.0
OutputActivityRatio,NDC,ECU,SUPCAMANDOTI,E5CAMANDOTI,,1,2010,,,,,,1.0
OutputActivityRatio,NDC,ECU,SUPCAMANDOTI,E5CAMANDOTI,,1,2011,,,,,,1.0
OutputActivityRatio,NDC,ECU,SUPCAMANDOTI,E5CAMANDOTI,,1,2012,,,,,,1.0
OutputActivityRatio,NDC,ECU,SUPCAMANDOTI,E5CAMANDOTI,,1,2013,,,,,,1.0
OutputActivityRatio,NDC,ECU,SUPCAMANDOTI,E5CAMANDOTI,,1,2014,,,,,,1.0
OutputActivityRatio,NDC,ECU,SUPCAMANDOTI,E5CAMANDOTI,,1,2015,,,,,,1.0
OutputActivityRatio,NDC,ECU,SUPCAMANDOTI,E5CAMANDOTI,,1,2016,,,,,,1.0
OutputActivityRatio,NDC,ECU,SUPCAMANDOTI,E5CAMANDOTI,,1,2017,,,,,,1.0
OutputActivityRatio,NDC,ECU,SUPCAMANDOTI,E5CAMANDOTI,,1,2018,,,,,,1.0
OutputActivityRatio,NDC,ECU,SUPCAMANDOTI,E5CAMANDOTI,,1,2019,,,,,,1.0
OutputActivityRatio,NDC,ECU,SUPCAMANDOTI,E5CAMANDOTI,,1,2020,,,,,,1.0
OutputActivityRatio,NDC,ECU,SUPCAMANDOTI,E5CAMANDOTI,,1,2021,,,,,,1.0
OutputActivityRatio,NDC,ECU,SUPCAMANDOTI,E5CAMANDOTI,,1,2022,,,,,,1.0
OutputActivityRatio,NDC,ECU,SUPCAMANDOTI,E5CAMANDOTI,,1,2023,,,,,,1.0
OutputActivityRatio,NDC,ECU,SUPCAMANDOTI,E5CAMANDOTI,,1,2024,,,,,,1.0
OutputActivityRatio,NDC,ECU,SUPCAMANDOTI,E5CAMANDOTI,,1,2025,,,,,,1.0
OutputActivityRatio,NDC,ECU,SUPCAMANDOTI,E5CAMANDOTI,,1,2026,,,,,,1.0
OutputActivityRatio,NDC,ECU,SUPCAMANDOTI,E5CAMANDOTI,,1,2027,,,,,,1.0
OutputActivityRatio,NDC,ECU,SUPCAMANDOTI,E5CAMANDOTI,,1,2028,,,,,,1.0
OutputActivityRatio,NDC,ECU,SUPCAMANDOTI,E5CAMANDOTI,,1,2029,,,,,,1.0
OutputActivityRatio,NDC,ECU,SUPCAMANDOTI,E5CAMANDOTI,,1,2030,,,,,,1.0
OutputActivityRatio,NDC,ECU,SUPCAMANDOTI,E5CAMANDOTI,,1,2031,,,,,,1.0
OutputActivityRatio,NDC,ECU,SUPCAMANDOTI,E5CAMANDOTI,,1,2032,,,,,,1.0
OutputActivityRatio,NDC,ECU,SUPCAMANDOTI,E5CAMANDOTI,,1,2033,,,,,,1.0
OutputActivityRatio,NDC,ECU,SUPCAMANDOTI,E5CAMANDOTI,,1,2034,,,,,,1.0
OutputActivityRatio,NDC,ECU,SUPCAMANDOTI,E5CAMANDOTI,,1,2035,,,,,,1.0
OutputActivityRatio,NDC,ECU,SUPCAMPLUOTI,E5CAMPLUOTI,,1,2010,,,,,,1.0
OutputActivityRatio,NDC,ECU,SUPCAMPLUOTI,E5CAMPLUOTI,,1,2011,,,,,,1.0
OutputActivityRatio,NDC,ECU,SUPCAMPLUOTI,E5CAMPLUOTI,,1,2012,,,,,,1.0
OutputActivityRatio,NDC,ECU,SUPCAMPLUOTI,E5CAMPLUOTI,,1,2013,,,,,,1.0
OutputActivityRatio,NDC,ECU,SUPCAMPLUOTI,E5CAMPLUOTI,,1,2014,,,,,,1.0
OutputActivityRatio,NDC,ECU,SUPCAMPLUOTI,E5CAMPLUOTI,,1,2015,,,,,,1.0
OutputActivityRatio,NDC,ECU,SUPCAMPLUOTI,E5CAMPLUOTI,,1,2016,,,,,,1.0
OutputActivityRatio,NDC,ECU,SUPCAMPLUOTI,E5CAMPLUOTI,,1,2017,,,,,,1.0
OutputActivityRatio,NDC,ECU,SUPCAMPLUOTI,E5CAMPLUOTI,,1,2018,,,,,,1.0
OutputActivityRatio,NDC,ECU,SUPCAMPLUOTI,E5CAMPLUOTI,,1,2019,,,,,,1.0
OutputActivityRatio,NDC,ECU,SUPCAMPLUOTI,E5CAMPLUOTI,,1,2020,,,,,,1.0
OutputActivityRatio,NDC,ECU,SUPCAMPLUOTI,E5CAMPLUOTI,,1,2021,,,,,,1.0
OutputActivityRatio,NDC,ECU,SUPCAMPLUOTI,E5CAMPLUOTI,,1,2022,,,,,,1.0
OutputActivityRatio,NDC,ECU,SUPCAMPLUOTI,E5CAMPLUOTI,,1,2023,,,,,,1.0
OutputActivityRatio,NDC,ECU,SUPCAMPLUOTI,E5CAMPLUOTI,,1,2024,,,,,,1.0
OutputActivityRatio,NDC,ECU,SUPCAMPLUOTI,E5CAMPLUOTI,,1,2025,,,,,,1.0
OutputActivityRatio,NDC,ECU,SUPCAMPLUOTI,E5CAMPLUOTI,,1,2026,,,,,,1.0
OutputActivityRatio,NDC,ECU,SUPCAMPLUOTI,E5CAMPLUOTI,,1,2027,,,,,,1.0
OutputActivityRatio,NDC,ECU,SUPCAMPLUOTI,E5CAMPLUOTI,,1,2028,,,,,,1.0
OutputActivityRatio,NDC,ECU,SUPCAMPLUOTI,E5CAMPLUOTI,,1,2029,,,,,,1.0
OutputActivityRatio,NDC,ECU,SUPCAMPLUOTI,E5CAMPLUOTI,,1,2030,,,,,,1.0
OutputActivityRatio,NDC,ECU,SUPCAMPLUOTI,E5CAMPLUOTI,,1,2031,,,,,,1.0
OutputActivityRatio,NDC,ECU,SUPCAMPLUOTI,E5CAMPLUOTI,,1,2032,,,,,,1.0
OutputActivityRatio,NDC,ECU,SUPCAMPLUOTI,E5CAMPLUOTI,,1,2033,,,,,,1.0
OutputActivityRatio,NDC,ECU,SUPCAMPLUOTI,E5CAMPLUOTI,,1,2034,,,,,,1.0
OutputActivityRatio,NDC,ECU,SUPCAMPLUOTI,E5CAMPLUOTI,,1,2035,,,,,,1.0
OutputActivityRatio,NDC,ECU,SUPCAMMONOTI,E5CAMMONOTI,,1,2010,,,,,,1.0
OutputActivityRatio,NDC,ECU,SUPCAMMONOTI,E5CAMMONOTI,,1,2011,,,,,,1.0
OutputActivityRatio,NDC,ECU,SUPCAMMONOTI,E5CAMMONOTI,,1,2012,,,,,,1.0
OutputActivityRatio,NDC,ECU,SUPCAMMONOTI,E5CAMMONOTI,,1,2013,,,,,,1.0
OutputActivityRatio,NDC,ECU,SUPCAMMONOTI,E5CAMMONOTI,,1,2014,,,,,,1.0
OutputActivityRatio,NDC,ECU,SUPCAMMONOTI,E5CAMMONOTI,,1,2015,,,,,,1.0
OutputActivityRatio,NDC,ECU,SUPCAMMONOTI,E5CAMMONOTI,,1,2016,,,,,,1.0
OutputActivityRatio,NDC,ECU,SUPCAMMONOTI,E5CAMMONOTI,,1,2017,,,,,,1.0
OutputActivityRatio,NDC,ECU,SUPCAMMONOTI,E5CAMMONOTI,,1,2018,,,,,,1.0
OutputActivityRatio,NDC,ECU,SUPCAMMONOTI,E5CAMMONOTI,,1,2019,,,,,,1.0
OutputActivityRatio,NDC,ECU,SUPCAMMONOTI,E5CAMMONOTI,,1,2020,,,,,,1.0
OutputActivityRatio,NDC,ECU,SUPCAMMONOTI,E5CAMMONOTI,,1,2021,,,,,,1.0
OutputActivityRatio,NDC,ECU,SUPCAMMONOTI,E5CAMMONOTI,,1,2022,,,,,,1.0
OutputActivityRatio,NDC,ECU,SUPCAMMONOTI,E5CAMMONOTI,,1,2023,,,,,,1.0
OutputActivityRatio,NDC,ECU,SUPCAMMONOTI,E5CAMMONOTI,,1,2024,,,,,,1.0
OutputActivityRatio,NDC,ECU,SUPCAMMONOTI,E5CAMMONOTI,,1,2025,,,,,,1.0
OutputActivityRatio,NDC,ECU,SUPCAMMONOTI,E5CAMMONOTI,,1,2026,,,,,,1.0
OutputActivityRatio,NDC,ECU,SUPCAMMONOTI,E5CAMMONOTI,,1,2027,,,,,,1.0
OutputActivityRatio,NDC,ECU,SUPCAMMONOTI,E5CAMMONOTI,,1,2028,,,,,,1.0
OutputActivityRatio,NDC,ECU,SUPCAMMONOTI,E5CAMMONOTI,,1,2029,,,,,,1.0
OutputActivityRatio,NDC,ECU,SUPCAMMONOTI,E5CAMMONOTI,,1,2030,,,,,,1.0
OutputActivityRatio,NDC,ECU,SUPCAMMONOTI,E5CAMMONOTI,,1,2031,,,,,,1.0
OutputActivityRatio,NDC,ECU,SUPCAMMONOTI,E5CAMMONOTI,,1,2032,,,,,,1.0
OutputActivityRatio,NDC,ECU,SUPCAMMONOTI,E5CAMMONOTI,,1,2033,,,,,,1.0
OutputActivityRatio,NDC,ECU,SUPCAMMONOTI,E5CAMMONOTI,,1,2034,,,,,,1.0
OutputActivityRatio,NDC,ECU,SUPCAMMONOTI,E5CAMMONOTI,,1,2035,,,,,,1.0
OutputActivityRatio,NDC,ECU,SUPCAMPIEOTI,E5CAMPIEOTI,,1,2010,,,,,,1.0
OutputActivityRatio,NDC,ECU,SUPCAMPIEOTI,E5CAMPIEOTI,,1,2011,,,,,,1.0
OutputActivityRatio,NDC,ECU,SUPCAMPIEOTI,E5CAMPIEOTI,,1,2012,,,,,,1.0
OutputActivityRatio,NDC,ECU,SUPCAMPIEOTI,E5CAMPIEOTI,,1,2013,,,,,,1.0
OutputActivityRatio,NDC,ECU,SUPCAMPIEOTI,E5CAMPIEOTI,,1,2014,,,,,,1.0
OutputActivityRatio,NDC,ECU,SUPCAMPIEOTI,E5CAMPIEOTI,,1,2015,,,,,,1.0
OutputActivityRatio,NDC,ECU,SUPCAMPIEOTI,E5CAMPIEOTI,,1,2016,,,,,,1.0
OutputActivityRatio,NDC,ECU,SUPCAMPIEOTI,E5CAMPIEOTI,,1,2017,,,,,,1.0
OutputActivityRatio,NDC,ECU,SUPCAMPIEOTI,E5CAMPIEOTI,,1,2018,,,,,,1.0
OutputActivityRatio,NDC,ECU,SUPCAMPIEOTI,E5CAMPIEOTI,,1,2019,,,,,,1.0
OutputActivityRatio,NDC,ECU,SUPCAMPIEOTI,E5CAMPIEOTI,,1,2020,,,,,,1.0
OutputActivityRatio,NDC,ECU,SUPCAMPIEOTI,E5CAMPIEOTI,,1,2021,,,,,,1.0
OutputActivityRatio,NDC,ECU,SUPCAMPIEOTI,E5CAMPIEOTI,,1,2022,,,,,,1.0
OutputActivityRatio,NDC,ECU,SUPCAMPIEOTI,E5CAMPIEOTI,,1,2023,,,,,,1.0
OutputActivityRatio,NDC,ECU,SUPCAMPIEOTI,E5CAMPIEOTI,,1,2024,,,,,,1.0
OutputActivityRatio,NDC,ECU,SUPCAMPIEOTI,E5CAMPIEOTI,,1,2025,,,,,,1.0
OutputActivityRatio,NDC,ECU,SUPCAMPIEOTI,E5CAMPIEOTI,,1,2026,,,,,,1.0
OutputActivityRatio,NDC,ECU,SUPCAMPIEOTI,E5CAMPIEOTI,,1,2027,,,,,,1.0
OutputActivityRatio,NDC,ECU,SUPCAMPIEOTI,E5CAMPIEOTI,,1,2028,,,,,,1.0
OutputActivityRatio,NDC,ECU,SUPCAMPIEOTI,E5CAMPIEOTI,,1,2029,,,,,,1.0
OutputActivityRatio,NDC,ECU,SUPCAMPIEOTI,E5CAMPIEOTI,,1,2030,,,,,,1.0
OutputActivityRatio,NDC,ECU,SUPCAMPIEOTI,E5CAMPIEOTI,,1,2031,,,,,,1.0
OutputActivityRatio,NDC,ECU,SUPCAMPIEOTI,E5CAMPIEOTI,,1,2032,,,,,,1.0
OutputActivityRatio,NDC,ECU,SUPCAMPIEOTI,E5CAMPIEOTI,,1,2033,,,,,,1.0
OutputActivityRatio,NDC,ECU,SUPCAMPIEOTI,E5CAMPIEOTI,,1,2034,,,,,,1.0
OutputActivityRatio,NDC,ECU,SUPCAMPIEOTI,E5CAMPIEOTI,,1,2035,,,,,,1.0
OutputActivityRatio,NDC,ECU,SUPCAMCEJOTI,E5CAMCEJOTI,,1,2010,,,,,,1.0
OutputActivityRatio,NDC,ECU,SUPCAMCEJOTI,E5CAMCEJOTI,,1,2011,,,,,,1.0
OutputActivityRatio,NDC,ECU,SUPCAMCEJOTI,E5CAMCEJOTI,,1,2012,,,,,,1.0
OutputActivityRatio,NDC,ECU,SUPCAMCEJOTI,E5CAMCEJOTI,,1,2013,,,,,,1.0
OutputActivityRatio,NDC,ECU,SUPCAMCEJOTI,E5CAMCEJOTI,,1,2014,,,,,,1.0
OutputActivityRatio,NDC,ECU,SUPCAMCEJOTI,E5CAMCEJOTI,,1,2015,,,,,,1.0
OutputActivityRatio,NDC,ECU,SUPCAMCEJOTI,E5CAMCEJOTI,,1,2016,,,,,,1.0
OutputActivityRatio,NDC,ECU,SUPCAMCEJOTI,E5CAMCEJOTI,,1,2017,,,,,,1.0
OutputActivityRatio,NDC,ECU,SUPCAMCEJOTI,E5CAMCEJOTI,,1,2018,,,,,,1.0
OutputActivityRatio,NDC,ECU,SUPCAMCEJOTI,E5CAMCEJOTI,,1,2019,,,,,,1.0
OutputActivityRatio,NDC,ECU,SUPCAMCEJOTI,E5CAMCEJOTI,,1,2020,,,,,,1.0
OutputActivityRatio,NDC,ECU,SUPCAMCEJOTI,E5CAMCEJOTI,,1,2021,,,,,,1.0
OutputActivityRatio,NDC,ECU,SUPCAMCEJOTI,E5CAMCEJOTI,,1,2022,,,,,,1.0
OutputActivityRatio,NDC,ECU,SUPCAMCEJOTI,E5CAMCEJOTI,,1,2023,,,,,,1.0
OutputActivityRatio,NDC,ECU,SUPCAMCEJOTI,E5CAMCEJOTI,,1,2024,,,,,,1.0
OutputActivityRatio,NDC,ECU,SUPCAMCEJOTI,E5CAMCEJOTI,,1,2025,,,,,,1.0
OutputActivityRatio,NDC,ECU,SUPCAMCEJOTI,E5CAMCEJOTI,,1,2026,,,,,,1.0
OutputActivityRatio,NDC,ECU,SUPCAMCEJOTI,E5CAMCEJOTI,,1,2027,,,,,,1.0
OutputActivityRatio,NDC,ECU,SUPCAMCEJOTI,E5CAMCEJOTI,,1,2028,,,,,,1.0
OutputActivityRatio,NDC,ECU,SUPCAMCEJOTI,E5CAMCEJOTI,,1,2029,,,,,,1.0
OutputActivityRatio,NDC,ECU,SUPCAMCEJOTI,E5CAMCEJOTI,,1,2030,,,,,,1.0
OutputActivityRatio,NDC,ECU,SUPCAMCEJOTI,E5CAMCEJOTI,,1,2031,,,,,,1.0
OutputActivityRatio,NDC,ECU,SUPCAMCEJOTI,E5CAMCEJOTI,,1,2032,,,,,,1.0
OutputActivityRatio,NDC,ECU,SUPCAMCEJOTI,E5CAMCEJOTI,,1,2033,,,,,,1.0
OutputActivityRatio,NDC,ECU,SUPCAMCEJOTI,E5CAMCEJOTI,,1,2034,,,,,,1.0
OutputActivityRatio,NDC,ECU,SUPCAMCEJOTI,E5CAMCEJOTI,,1,2035,,,,,,1.0
OutputActivityRatio,NDC,ECU,SUPCAMAMAOTI,E5CAMAMAOTI,,1,2010,,,,,,1.0
OutputActivityRatio,NDC,ECU,SUPCAMAMAOTI,E5CAMAMAOTI,,1,2011,,,,,,1.0
OutputActivityRatio,NDC,ECU,SUPCAMAMAOTI,E5CAMAMAOTI,,1,2012,,,,,,1.0
OutputActivityRatio,NDC,ECU,SUPCAMAMAOTI,E5CAMAMAOTI,,1,2013,,,,,,1.0
OutputActivityRatio,NDC,ECU,SUPCAMAMAOTI,E5CAMAMAOTI,,1,2014,,,,,,1.0
OutputActivityRatio,NDC,ECU,SUPCAMAMAOTI,E5CAMAMAOTI,,1,2015,,,,,,1.0
OutputActivityRatio,NDC,ECU,SUPCAMAMAOTI,E5CAMAMAOTI,,1,2016,,,,,,1.0
OutputActivityRatio,NDC,ECU,SUPCAMAMAOTI,E5CAMAMAOTI,,1,2017,,,,,,1.0
OutputActivityRatio,NDC,ECU,SUPCAMAMAOTI,E5CAMAMAOTI,,1,2018,,,,,,1.0
OutputActivityRatio,NDC,ECU,SUPCAMAMAOTI,E5CAMAMAOTI,,1,2019,,,,,,1.0
OutputActivityRatio,NDC,ECU,SUPCAMAMAOTI,E5CAMAMAOTI,,1,2020,,,,,,1.0
OutputActivityRatio,NDC,ECU,SUPCAMAMAOTI,E5CAMAMAOTI,,1,2021,,,,,,1.0
OutputActivityRatio,NDC,ECU,SUPCAMAMAOTI,E5CAMAMAOTI,,1,2022,,,,,,1.0
OutputActivityRatio,NDC,ECU,SUPCAMAMAOTI,E5CAMAMAOTI,,1,2023,,,,,,1.0
OutputActivityRatio,NDC,ECU,SUPCAMAMAOTI,E5CAMAMAOTI,,1,2024,,,,,,1.0
OutputActivityRatio,NDC,ECU,SUPCAMAMAOTI,E5CAMAMAOTI,,1,2025,,,,,,1.0
OutputActivityRatio,NDC,ECU,SUPCAMAMAOTI,E5CAMAMAOTI,,1,2026,,,,,,1.0
OutputActivityRatio,NDC,ECU,SUPCAMAMAOTI,E5CAMAMAOTI,,1,2027,,,,,,1.0
OutputActivityRatio,NDC,ECU,SUPCAMAMAOTI,E5CAMAMAOTI,,1,2028,,,,,,1.0
OutputActivityRatio,NDC,ECU,SUPCAMAMAOTI,E5CAMAMAOTI,,1,2029,,,,,,1.0
OutputActivityRatio,NDC,ECU,SUPCAMAMAOTI,E5CAMAMAOTI,,1,2030,,,,,,1.0
OutputActivityRatio,NDC,ECU,SUPCAMAMAOTI,E5CAMAMAOTI,,1,2031,,,,,,1.0
OutputActivityRatio,NDC,ECU,SUPCAMAMAOTI,E5CAMAMAOTI,,1,2032,,,,,,1.0
OutputActivityRatio,NDC,ECU,SUPCAMAMAOTI,E5CAMAMAOTI,,1,2033,,,,,,1.0
OutputActivityRatio,NDC,ECU,SUPCAMAMAOTI,E5CAMAMAOTI,,1,2034,,,,,,1.0
OutputActivityRatio,NDC,ECU,SUPCAMAMAOTI,E5CAMAMAOTI,,1,2035,,,,,,1.0
OutputActivityRatio,NDC,ECU,SUPCAMCHOOTI,E5CAMCHOOTI,,1,2010,,,,,,1.0
OutputActivityRatio,NDC,ECU,SUPCAMCHOOTI,E5CAMCHOOTI,,1,2011,,,,,,1.0
OutputActivityRatio,NDC,ECU,SUPCAMCHOOTI,E5CAMCHOOTI,,1,2012,,,,,,1.0
OutputActivityRatio,NDC,ECU,SUPCAMCHOOTI,E5CAMCHOOTI,,1,2013,,,,,,1.0
OutputActivityRatio,NDC,ECU,SUPCAMCHOOTI,E5CAMCHOOTI,,1,2014,,,,,,1.0
OutputActivityRatio,NDC,ECU,SUPCAMCHOOTI,E5CAMCHOOTI,,1,2015,,,,,,1.0
OutputActivityRatio,NDC,ECU,SUPCAMCHOOTI,E5CAMCHOOTI,,1,2016,,,,,,1.0
OutputActivityRatio,NDC,ECU,SUPCAMCHOOTI,E5CAMCHOOTI,,1,2017,,,,,,1.0
OutputActivityRatio,NDC,ECU,SUPCAMCHOOTI,E5CAMCHOOTI,,1,2018,,,,,,1.0
OutputActivityRatio,NDC,ECU,SUPCAMCHOOTI,E5CAMCHOOTI,,1,2019,,,,,,1.0
OutputActivityRatio,NDC,ECU,SUPCAMCHOOTI,E5CAMCHOOTI,,1,2020,,,,,,1.0
OutputActivityRatio,NDC,ECU,SUPCAMCHOOTI,E5CAMCHOOTI,,1,2021,,,,,,1.0
OutputActivityRatio,NDC,ECU,SUPCAMCHOOTI,E5CAMCHOOTI,,1,2022,,,,,,1.0
OutputActivityRatio,NDC,ECU,SUPCAMCHOOTI,E5CAMCHOOTI,,1,2023,,,,,,1.0
OutputActivityRatio,NDC,ECU,SUPCAMCHOOTI,E5CAMCHOOTI,,1,2024,,,,,,1.0
OutputActivityRatio,NDC,ECU,SUPCAMCHOOTI,E5CAMCHOOTI,,1,2025,,,,,,1.0
OutputActivityRatio,NDC,ECU,SUPCAMCHOOTI,E5CAMCHOOTI,,1,2026,,,,,,1.0
OutputActivityRatio,NDC,ECU,SUPCAMCHOOTI,E5CAMCHOOTI,,1,2027,,,,,,1.0
OutputActivityRatio,NDC,ECU,SUPCAMCHOOTI,E5CAMCHOOTI,,1,2028,,,,,,1.0
OutputActivityRatio,NDC,ECU,SUPCAMCHOOTI,E5CAMCHOOTI,,1,2029,,,,,,1.0
OutputActivityRatio,NDC,ECU,SUPCAMCHOOTI,E5CAMCHOOTI,,1,2030,,,,,,1.0
OutputActivityRatio,NDC,ECU,SUPCAMCHOOTI,E5CAMCHOOTI,,1,2031,,,,,,1.0
OutputActivityRatio,NDC,ECU,SUPCAMCHOOTI,E5CAMCHOOTI,,1,2032,,,,,,1.0
OutputActivityRatio,NDC,ECU,SUPCAMCHOOTI,E5CAMCHOOTI,,1,2033,,,,,,1.0
OutputActivityRatio,NDC,ECU,SUPCAMCHOOTI,E5CAMCHOOTI,,1,2034,,,,,,1.0
OutputActivityRatio,NDC,ECU,SUPCAMCHOOTI,E5CAMCHOOTI,,1,2035,,,,,,1.0
OutputActivityRatio,NDC,ECU,SUPCAMMANOTI,E5CAMMANOTI,,1,2010,,,,,,1.0
OutputActivityRatio,NDC,ECU,SUPCAMMANOTI,E5CAMMANOTI,,1,2011,,,,,,1.0
OutputActivityRatio,NDC,ECU,SUPCAMMANOTI,E5CAMMANOTI,,1,2012,,,,,,1.0
OutputActivityRatio,NDC,ECU,SUPCAMMANOTI,E5CAMMANOTI,,1,2013,,,,,,1.0
OutputActivityRatio,NDC,ECU,SUPCAMMANOTI,E5CAMMANOTI,,1,2014,,,,,,1.0
OutputActivityRatio,NDC,ECU,SUPCAMMANOTI,E5CAMMANOTI,,1,2015,,,,,,1.0
OutputActivityRatio,NDC,ECU,SUPCAMMANOTI,E5CAMMANOTI,,1,2016,,,,,,1.0
OutputActivityRatio,NDC,ECU,SUPCAMMANOTI,E5CAMMANOTI,,1,2017,,,,,,1.0
OutputActivityRatio,NDC,ECU,SUPCAMMANOTI,E5CAMMANOTI,,1,2018,,,,,,1.0
OutputActivityRatio,NDC,ECU,SUPCAMMANOTI,E5CAMMANOTI,,1,2019,,,,,,1.0
OutputActivityRatio,NDC,ECU,SUPCAMMANOTI,E5CAMMANOTI,,1,2020,,,,,,1.0
OutputActivityRatio,NDC,ECU,SUPCAMMANOTI,E5CAMMANOTI,,1,2021,,,,,,1.0
OutputActivityRatio,NDC,ECU,SUPCAMMANOTI,E5CAMMANOTI,,1,2022,,,,,,1.0
OutputActivityRatio,NDC,ECU,SUPCAMMANOTI,E5CAMMANOTI,,1,2023,,,,,,1.0
OutputActivityRatio,NDC,ECU,SUPCAMMANOTI,E5CAMMANOTI,,1,2024,,,,,,1.0
OutputActivityRatio,NDC,ECU,SUPCAMMANOTI,E5CAMMANOTI,,1,2025,,,,,,1.0
OutputActivityRatio,NDC,ECU,SUPCAMMANOTI,E5CAMMANOTI,,1,2026,,,,,,1.0
OutputActivityRatio,NDC,ECU,SUPCAMMANOTI,E5CAMMANOTI,,1,2027,,,,,,1.0
OutputActivityRatio,NDC,ECU,SUPCAMMANOTI,E5CAMMANOTI,,1,2028,,,,,,1.0
OutputActivityRatio,NDC,ECU,SUPCAMMANOTI,E5CAMMANOTI,,1,2029,,,,,,1.0
OutputActivityRatio,NDC,ECU,SUPCAMMANOTI,E5CAMMANOTI,,1,2030,,,,,,1.0
OutputActivityRatio,NDC,ECU,SUPCAMMANOTI,E5CAMMANOTI,,1,2031,,,,,,1.0
OutputActivityRatio,NDC,ECU,SUPCAMMANOTI,E5CAMMANOTI,,1,2032,,,,,,1.0
OutputActivityRatio,NDC,ECU,SUPCAMMANOTI,E5CAMMANOTI,,1,2033,,,,,,1.0
OutputActivityRatio,NDC,ECU,SUPCAMMANOTI,E5CAMMANOTI,,1,2034,,,,,,1.0
OutputActivityRatio,NDC,ECU,SUPCAMMANOTI,E5CAMMANOTI,,1,2035,,,,,,1.0
OutputActivityRatio,NDC,ECU,SUPCAMMOROTI,E5CAMMOROTI,,1,2010,,,,,,1.0
OutputActivityRatio,NDC,ECU,SUPCAMMOROTI,E5CAMMOROTI,,1,2011,,,,,,1.0
OutputActivityRatio,NDC,ECU,SUPCAMMOROTI,E5CAMMOROTI,,1,2012,,,,,,1.0
OutputActivityRatio,NDC,ECU,SUPCAMMOROTI,E5CAMMOROTI,,1,2013,,,,,,1.0
OutputActivityRatio,NDC,ECU,SUPCAMMOROTI,E5CAMMOROTI,,1,2014,,,,,,1.0
OutputActivityRatio,NDC,ECU,SUPCAMMOROTI,E5CAMMOROTI,,1,2015,,,,,,1.0
OutputActivityRatio,NDC,ECU,SUPCAMMOROTI,E5CAMMOROTI,,1,2016,,,,,,1.0
OutputActivityRatio,NDC,ECU,SUPCAMMOROTI,E5CAMMOROTI,,1,2017,,,,,,1.0
OutputActivityRatio,NDC,ECU,SUPCAMMOROTI,E5CAMMOROTI,,1,2018,,,,,,1.0
OutputActivityRatio,NDC,ECU,SUPCAMMOROTI,E5CAMMOROTI,,1,2019,,,,,,1.0
OutputActivityRatio,NDC,ECU,SUPCAMMOROTI,E5CAMMOROTI,,1,2020,,,,,,1.0
OutputActivityRatio,NDC,ECU,SUPCAMMOROTI,E5CAMMOROTI,,1,2021,,,,,,1.0
OutputActivityRatio,NDC,ECU,SUPCAMMOROTI,E5CAMMOROTI,,1,2022,,,,,,1.0
OutputActivityRatio,NDC,ECU,SUPCAMMOROTI,E5CAMMOROTI,,1,2023,,,,,,1.0
OutputActivityRatio,NDC,ECU,SUPCAMMOROTI,E5CAMMOROTI,,1,2024,,,,,,1.0
OutputActivityRatio,NDC,ECU,SUPCAMMOROTI,E5CAMMOROTI,,1,2025,,,,,,1.0
OutputActivityRatio,NDC,ECU,SUPCAMMOROTI,E5CAMMOROTI,,1,2026,,,,,,1.0
OutputActivityRatio,NDC,ECU,SUPCAMMOROTI,E5CAMMOROTI,,1,2027,,,,,,1.0
OutputActivityRatio,NDC,ECU,SUPCAMMOROTI,E5CAMMOROTI,,1,2028,,,,,,1.0
OutputActivityRatio,NDC,ECU,SUPCAMMOROTI,E5CAMMOROTI,,1,2029,,,,,,1.0
OutputActivityRatio,NDC,ECU,SUPCAMMOROTI,E5CAMMOROTI,,1,2030,,,,,,1.0
OutputActivityRatio,NDC,ECU,SUPCAMMOROTI,E5CAMMOROTI,,1,2031,,,,,,1.0
OutputActivityRatio,NDC,ECU,SUPCAMMOROTI,E5CAMMOROTI,,1,2032,,,,,,1.0
OutputActivityRatio,NDC,ECU,SUPCAMMOROTI,E5CAMMOROTI,,1,2033,,,,,,1.0
OutputActivityRatio,NDC,ECU,SUPCAMMOROTI,E5CAMMOROTI,,1,2034,,,,,,1.0
OutputActivityRatio,NDC,ECU,SUPCAMMOROTI,E5CAMMOROTI,,1,2035,,,,,,1.0
OutputActivityRatio,NDC,ECU,SUPCAMPFOOTI,E5CAMPFOOTI,,1,2010,,,,,,1.0
OutputActivityRatio,NDC,ECU,SUPCAMPFOOTI,E5CAMPFOOTI,,1,2011,,,,,,1.0
OutputActivityRatio,NDC,ECU,SUPCAMPFOOTI,E5CAMPFOOTI,,1,2012,,,,,,1.0
OutputActivityRatio,NDC,ECU,SUPCAMPFOOTI,E5CAMPFOOTI,,1,2013,,,,,,1.0
OutputActivityRatio,NDC,ECU,SUPCAMPFOOTI,E5CAMPFOOTI,,1,2014,,,,,,1.0
OutputActivityRatio,NDC,ECU,SUPCAMPFOOTI,E5CAMPFOOTI,,1,2015,,,,,,1.0
OutputActivityRatio,NDC,ECU,SUPCAMPFOOTI,E5CAMPFOOTI,,1,2016,,,,,,1.0
OutputActivityRatio,NDC,ECU,SUPCAMPFOOTI,E5CAMPFOOTI,,1,2017,,,,,,1.0
OutputActivityRatio,NDC,ECU,SUPCAMPFOOTI,E5CAMPFOOTI,,1,2018,,,,,,1.0
OutputActivityRatio,NDC,ECU,SUPCAMPFOOTI,E5CAMPFOOTI,,1,2019,,,,,,1.0
OutputActivityRatio,NDC,ECU,SUPCAMPFOOTI,E5CAMPFOOTI,,1,2020,,,,,,1.0
OutputActivityRatio,NDC,ECU,SUPCAMPFOOTI,E5CAMPFOOTI,,1,2021,,,,,,1.0
OutputActivityRatio,NDC,ECU,SUPCAMPFOOTI,E5CAMPFOOTI,,1,2022,,,,,,1.0
OutputActivityRatio,NDC,ECU,SUPCAMPFOOTI,E5CAMPFOOTI,,1,2023,,,,,,1.0
OutputActivityRatio,NDC,ECU,SUPCAMPFOOTI,E5CAMPFOOTI,,1,2024,,,,,,1.0
OutputActivityRatio,NDC,ECU,SUPCAMPFOOTI,E5CAMPFOOTI,,1,2025,,,,,,1.0
OutputActivityRatio,NDC,ECU,SUPCAMPFOOTI,E5CAMPFOOTI,,1,2026,,,,,,1.0
OutputActivityRatio,NDC,ECU,SUPCAMPFOOTI,E5CAMPFOOTI,,1,2027,,,,,,1.0
OutputActivityRatio,NDC,ECU,SUPCAMPFOOTI,E5CAMPFOOTI,,1,2028,,,,,,1.0
OutputActivityRatio,NDC,ECU,SUPCAMPFOOTI,E5CAMPFOOTI,,1,2029,,,,,,1.0
OutputActivityRatio,NDC,ECU,SUPCAMPFOOTI,E5CAMPFOOTI,,1,2030,,,,,,1.0
OutputActivityRatio,NDC,ECU,SUPCAMPFOOTI,E5CAMPFOOTI,,1,2031,,,,,,1.0
OutputActivityRatio,NDC,ECU,SUPCAMPFOOTI,E5CAMPFOOTI,,1,2032,,,,,,1.0
OutputActivityRatio,NDC,ECU,SUPCAMPFOOTI,E5CAMPFOOTI,,1,2033,,,,,,1.0
OutputActivityRatio,NDC,ECU,SUPCAMPFOOTI,E5CAMPFOOTI,,1,2034,,,,,,1.0
OutputActivityRatio,NDC,ECU,SUPCAMPFOOTI,E5CAMPFOOTI,,1,2035,,,,,,1.0
OutputActivityRatio,NDC,ECU,SUPCAMCROOTI,E5CAMCROOTI,,1,2010,,,,,,1.0
OutputActivityRatio,NDC,ECU,SUPCAMCROOTI,E5CAMCROOTI,,1,2011,,,,,,1.0
OutputActivityRatio,NDC,ECU,SUPCAMCROOTI,E5CAMCROOTI,,1,2012,,,,,,1.0
OutputActivityRatio,NDC,ECU,SUPCAMCROOTI,E5CAMCROOTI,,1,2013,,,,,,1.0
OutputActivityRatio,NDC,ECU,SUPCAMCROOTI,E5CAMCROOTI,,1,2014,,,,,,1.0
OutputActivityRatio,NDC,ECU,SUPCAMCROOTI,E5CAMCROOTI,,1,2015,,,,,,1.0
OutputActivityRatio,NDC,ECU,SUPCAMCROOTI,E5CAMCROOTI,,1,2016,,,,,,1.0
OutputActivityRatio,NDC,ECU,SUPCAMCROOTI,E5CAMCROOTI,,1,2017,,,,,,1.0
OutputActivityRatio,NDC,ECU,SUPCAMCROOTI,E5CAMCROOTI,,1,2018,,,,,,1.0
OutputActivityRatio,NDC,ECU,SUPCAMCROOTI,E5CAMCROOTI,,1,2019,,,,,,1.0
OutputActivityRatio,NDC,ECU,SUPCAMCROOTI,E5CAMCROOTI,,1,2020,,,,,,1.0
OutputActivityRatio,NDC,ECU,SUPCAMCROOTI,E5CAMCROOTI,,1,2021,,,,,,1.0
OutputActivityRatio,NDC,ECU,SUPCAMCROOTI,E5CAMCROOTI,,1,2022,,,,,,1.0
OutputActivityRatio,NDC,ECU,SUPCAMCROOTI,E5CAMCROOTI,,1,2023,,,,,,1.0
OutputActivityRatio,NDC,ECU,SUPCAMCROOTI,E5CAMCROOTI,,1,2024,,,,,,1.0
OutputActivityRatio,NDC,ECU,SUPCAMCROOTI,E5CAMCROOTI,,1,2025,,,,,,1.0
OutputActivityRatio,NDC,ECU,SUPCAMCROOTI,E5CAMCROOTI,,1,2026,,,,,,1.0
OutputActivityRatio,NDC,ECU,SUPCAMCROOTI,E5CAMCROOTI,,1,2027,,,,,,1.0
OutputActivityRatio,NDC,ECU,SUPCAMCROOTI,E5CAMCROOTI,,1,2028,,,,,,1.0
OutputActivityRatio,NDC,ECU,SUPCAMCROOTI,E5CAMCROOTI,,1,2029,,,,,,1.0
OutputActivityRatio,NDC,ECU,SUPCAMCROOTI,E5CAMCROOTI,,1,2030,,,,,,1.0
OutputActivityRatio,NDC,ECU,SUPCAMCROOTI,E5CAMCROOTI,,1,2031,,,,,,1.0
OutputActivityRatio,NDC,ECU,SUPCAMCROOTI,E5CAMCROOTI,,1,2032,,,,,,1.0
OutputActivityRatio,NDC,ECU,SUPCAMCROOTI,E5CAMCROOTI,,1,2033,,,,,,1.0
OutputActivityRatio,NDC,ECU,SUPCAMCROOTI,E5CAMCROOTI,,1,2034,,,,,,1.0
OutputActivityRatio,NDC,ECU,SUPCAMCROOTI,E5CAMCROOTI,,1,2035,,,,,,1.0
OutputActivityRatio,NDC,ECU,SUPCAMGRAOTI,E5CAMGRAOTI,,1,2010,,,,,,1.0
OutputActivityRatio,NDC,ECU,SUPCAMGRAOTI,E5CAMGRAOTI,,1,2011,,,,,,1.0
OutputActivityRatio,NDC,ECU,SUPCAMGRAOTI,E5CAMGRAOTI,,1,2012,,,,,,1.0
OutputActivityRatio,NDC,ECU,SUPCAMGRAOTI,E5CAMGRAOTI,,1,2013,,,,,,1.0
OutputActivityRatio,NDC,ECU,SUPCAMGRAOTI,E5CAMGRAOTI,,1,2014,,,,,,1.0
OutputActivityRatio,NDC,ECU,SUPCAMGRAOTI,E5CAMGRAOTI,,1,2015,,,,,,1.0
OutputActivityRatio,NDC,ECU,SUPCAMGRAOTI,E5CAMGRAOTI,,1,2016,,,,,,1.0
OutputActivityRatio,NDC,ECU,SUPCAMGRAOTI,E5CAMGRAOTI,,1,2017,,,,,,1.0
OutputActivityRatio,NDC,ECU,SUPCAMGRAOTI,E5CAMGRAOTI,,1,2018,,,,,,1.0
OutputActivityRatio,NDC,ECU,SUPCAMGRAOTI,E5CAMGRAOTI,,1,2019,,,,,,1.0
OutputActivityRatio,NDC,ECU,SUPCAMGRAOTI,E5CAMGRAOTI,,1,2020,,,,,,1.0
OutputActivityRatio,NDC,ECU,SUPCAMGRAOTI,E5CAMGRAOTI,,1,2021,,,,,,1.0
OutputActivityRatio,NDC,ECU,SUPCAMGRAOTI,E5CAMGRAOTI,,1,2022,,,,,,1.0
OutputActivityRatio,NDC,ECU,SUPCAMGRAOTI,E5CAMGRAOTI,,1,2023,,,,,,1.0
OutputActivityRatio,NDC,ECU,SUPCAMGRAOTI,E5CAMGRAOTI,,1,2024,,,,,,1.0
OutputActivityRatio,NDC,ECU,SUPCAMGRAOTI,E5CAMGRAOTI,,1,2025,,,,,,1.0
OutputActivityRatio,NDC,ECU,SUPCAMGRAOTI,E5CAMGRAOTI,,1,2026,,,,,,1.0
OutputActivityRatio,NDC,ECU,SUPCAMGRAOTI,E5CAMGRAOTI,,1,2027,,,,,,1.0
OutputActivityRatio,NDC,ECU,SUPCAMGRAOTI,E5CAMGRAOTI,,1,2028,,,,,,1.0
OutputActivityRatio,NDC,ECU,SUPCAMGRAOTI,E5CAMGRAOTI,,1,2029,,,,,,1.0
OutputActivityRatio,NDC,ECU,SUPCAMGRAOTI,E5CAMGRAOTI,,1,2030,,,,,,1.0
OutputActivityRatio,NDC,ECU,SUPCAMGRAOTI,E5CAMGRAOTI,,1,2031,,,,,,1.0
OutputActivityRatio,NDC,ECU,SUPCAMGRAOTI,E5CAMGRAOTI,,1,2032,,,,,,1.0
OutputActivityRatio,NDC,ECU,SUPCAMGRAOTI,E5CAMGRAOTI,,1,2033,,,,,,1.0
OutputActivityRatio,NDC,ECU,SUPCAMGRAOTI,E5CAMGRAOTI,,1,2034,,,,,,1.0
OutputActivityRatio,NDC,ECU,SUPCAMGRAOTI,E5CAMGRAOTI,,1,2035,,,,,,1.0
OutputActivityRatio,NDC,ECU,SUPMEDREST,E5MEDREST,,1,2010,,,,,,1.0
OutputActivityRatio,NDC,ECU,SUPMEDREST,E5MEDREST,,1,2011,,,,,,1.0
OutputActivityRatio,NDC,ECU,SUPMEDREST,E5MEDREST,,1,2012,,,,,,1.0
OutputActivityRatio,NDC,ECU,SUPMEDREST,E5MEDREST,,1,2013,,,,,,1.0
OutputActivityRatio,NDC,ECU,SUPMEDREST,E5MEDREST,,1,2014,,,,,,1.0
OutputActivityRatio,NDC,ECU,SUPMEDREST,E5MEDREST,,1,2015,,,,,,1.0
OutputActivityRatio,NDC,ECU,SUPMEDREST,E5MEDREST,,1,2016,,,,,,1.0
OutputActivityRatio,NDC,ECU,SUPMEDREST,E5MEDREST,,1,2017,,,,,,1.0
OutputActivityRatio,NDC,ECU,SUPMEDREST,E5MEDREST,,1,2018,,,,,,1.0
OutputActivityRatio,NDC,ECU,SUPMEDREST,E5MEDREST,,1,2019,,,,,,1.0
OutputActivityRatio,NDC,ECU,SUPMEDREST,E5MEDREST,,1,2020,,,,,,1.0
OutputActivityRatio,NDC,ECU,SUPMEDREST,E5MEDREST,,1,2021,,,,,,1.0
OutputActivityRatio,NDC,ECU,SUPMEDREST,E5MEDREST,,1,2022,,,,,,1.0
OutputActivityRatio,NDC,ECU,SUPMEDREST,E5MEDREST,,1,2023,,,,,,1.0
OutputActivityRatio,NDC,ECU,SUPMEDREST,E5MEDREST,,1,2024,,,,,,1.0
OutputActivityRatio,NDC,ECU,SUPMEDREST,E5MEDREST,,1,2025,,,,,,1.0
OutputActivityRatio,NDC,ECU,SUPMEDREST,E5MEDREST,,1,2026,,,,,,1.0
OutputActivityRatio,NDC,ECU,SUPMEDREST,E5MEDREST,,1,2027,,,,,,1.0
OutputActivityRatio,NDC,ECU,SUPMEDREST,E5MEDREST,,1,2028,,,,,,1.0
OutputActivityRatio,NDC,ECU,SUPMEDREST,E5MEDREST,,1,2029,,,,,,1.0
OutputActivityRatio,NDC,ECU,SUPMEDREST,E5MEDREST,,1,2030,,,,,,1.0
OutputActivityRatio,NDC,ECU,SUPMEDREST,E5MEDREST,,1,2031,,,,,,1.0
OutputActivityRatio,NDC,ECU,SUPMEDREST,E5MEDREST,,1,2032,,,,,,1.0
OutputActivityRatio,NDC,ECU,SUPMEDREST,E5MEDREST,,1,2033,,,,,,1.0
OutputActivityRatio,NDC,ECU,SUPMEDREST,E5MEDREST,,1,2034,,,,,,1.0
OutputActivityRatio,NDC,ECU,SUPMEDREST,E5MEDREST,,1,2035,,,,,,1.0
OutputActivityRatio,NDC,ECU,SUPMEDRESTMAN,E5MEDRESTMAN,,1,2010,,,,,,1.0
OutputActivityRatio,NDC,ECU,SUPMEDRESTMAN,E5MEDRESTMAN,,1,2011,,,,,,1.0
OutputActivityRatio,NDC,ECU,SUPMEDRESTMAN,E5MEDRESTMAN,,1,2012,,,,,,1.0
OutputActivityRatio,NDC,ECU,SUPMEDRESTMAN,E5MEDRESTMAN,,1,2013,,,,,,1.0
OutputActivityRatio,NDC,ECU,SUPMEDRESTMAN,E5MEDRESTMAN,,1,2014,,,,,,1.0
OutputActivityRatio,NDC,ECU,SUPMEDRESTMAN,E5MEDRESTMAN,,1,2015,,,,,,1.0
OutputActivityRatio,NDC,ECU,SUPMEDRESTMAN,E5MEDRESTMAN,,1,2016,,,,,,1.0
OutputActivityRatio,NDC,ECU,SUPMEDRESTMAN,E5MEDRESTMAN,,1,2017,,,,,,1.0
OutputActivityRatio,NDC,ECU,SUPMEDRESTMAN,E5MEDRESTMAN,,1,2018,,,,,,1.0
OutputActivityRatio,NDC,ECU,SUPMEDRESTMAN,E5MEDRESTMAN,,1,2019,,,,,,1.0
OutputActivityRatio,NDC,ECU,SUPMEDRESTMAN,E5MEDRESTMAN,,1,2020,,,,,,1.0
OutputActivityRatio,NDC,ECU,SUPMEDRESTMAN,E5MEDRESTMAN,,1,2021,,,,,,1.0
OutputActivityRatio,NDC,ECU,SUPMEDRESTMAN,E5MEDRESTMAN,,1,2022,,,,,,1.0
OutputActivityRatio,NDC,ECU,SUPMEDRESTMAN,E5MEDRESTMAN,,1,2023,,,,,,1.0
OutputActivityRatio,NDC,ECU,SUPMEDRESTMAN,E5MEDRESTMAN,,1,2024,,,,,,1.0
OutputActivityRatio,NDC,ECU,SUPMEDRESTMAN,E5MEDRESTMAN,,1,2025,,,,,,1.0
OutputActivityRatio,NDC,ECU,SUPMEDRESTMAN,E5MEDRESTMAN,,1,2026,,,,,,1.0
OutputActivityRatio,NDC,ECU,SUPMEDRESTMAN,E5MEDRESTMAN,,1,2027,,,,,,1.0
OutputActivityRatio,NDC,ECU,SUPMEDRESTMAN,E5MEDRESTMAN,,1,2028,,,,,,1.0
OutputActivityRatio,NDC,ECU,SUPMEDRESTMAN,E5MEDRESTMAN,,1,2029,,,,,,1.0
OutputActivityRatio,NDC,ECU,SUPMEDRESTMAN,E5MEDRESTMAN,,1,2030,,,,,,1.0
OutputActivityRatio,NDC,ECU,SUPMEDRESTMAN,E5MEDRESTMAN,,1,2031,,,,,,1.0
OutputActivityRatio,NDC,ECU,SUPMEDRESTMAN,E5MEDRESTMAN,,1,2032,,,,,,1.0
OutputActivityRatio,NDC,ECU,SUPMEDRESTMAN,E5MEDRESTMAN,,1,2033,,,,,,1.0
OutputActivityRatio,NDC,ECU,SUPMEDRESTMAN,E5MEDRESTMAN,,1,2034,,,,,,1.0
OutputActivityRatio,NDC,ECU,SUPMEDRESTMAN,E5MEDRESTMAN,,1,2035,,,,,,1.0
OutputActivityRatio,NDC,ECU,SUPMEDABAMA,E5MEDABAMA,,1,2010,,,,,,1.0
OutputActivityRatio,NDC,ECU,SUPMEDABAMA,E5MEDABAMA,,1,2011,,,,,,1.0
OutputActivityRatio,NDC,ECU,SUPMEDABAMA,E5MEDABAMA,,1,2012,,,,,,1.0
OutputActivityRatio,NDC,ECU,SUPMEDABAMA,E5MEDABAMA,,1,2013,,,,,,1.0
OutputActivityRatio,NDC,ECU,SUPMEDABAMA,E5MEDABAMA,,1,2014,,,,,,1.0
OutputActivityRatio,NDC,ECU,SUPMEDABAMA,E5MEDABAMA,,1,2015,,,,,,1.0
OutputActivityRatio,NDC,ECU,SUPMEDABAMA,E5MEDABAMA,,1,2016,,,,,,1.0
OutputActivityRatio,NDC,ECU,SUPMEDABAMA,E5MEDABAMA,,1,2017,,,,,,1.0
OutputActivityRatio,NDC,ECU,SUPMEDABAMA,E5MEDABAMA,,1,2018,,,,,,1.0
OutputActivityRatio,NDC,ECU,SUPMEDABAMA,E5MEDABAMA,,1,2019,,,,,,1.0
OutputActivityRatio,NDC,ECU,SUPMEDABAMA,E5MEDABAMA,,1,2020,,,,,,1.0
OutputActivityRatio,NDC,ECU,SUPMEDABAMA,E5MEDABAMA,,1,2021,,,,,,1.0
OutputActivityRatio,NDC,ECU,SUPMEDABAMA,E5MEDABAMA,,1,2022,,,,,,1.0
OutputActivityRatio,NDC,ECU,SUPMEDABAMA,E5MEDABAMA,,1,2023,,,,,,1.0
OutputActivityRatio,NDC,ECU,SUPMEDABAMA,E5MEDABAMA,,1,2024,,,,,,1.0
OutputActivityRatio,NDC,ECU,SUPMEDABAMA,E5MEDABAMA,,1,2025,,,,,,1.0
OutputActivityRatio,NDC,ECU,SUPMEDABAMA,E5MEDABAMA,,1,2026,,,,,,1.0
OutputActivityRatio,NDC,ECU,SUPMEDABAMA,E5MEDABAMA,,1,2027,,,,,,1.0
OutputActivityRatio,NDC,ECU,SUPMEDABAMA,E5MEDABAMA,,1,2028,,,,,,1.0
OutputActivityRatio,NDC,ECU,SUPMEDABAMA,E5MEDABAMA,,1,2029,,,,,,1.0
OutputActivityRatio,NDC,ECU,SUPMEDABAMA,E5MEDABAMA,,1,2030,,,,,,1.0
OutputActivityRatio,NDC,ECU,SUPMEDABAMA,E5MEDABAMA,,1,2031,,,,,,1.0
OutputActivityRatio,NDC,ECU,SUPMEDABAMA,E5MEDABAMA,,1,2032,,,,,,1.0
OutputActivityRatio,NDC,ECU,SUPMEDABAMA,E5MEDABAMA,,1,2033,,,,,,1.0
OutputActivityRatio,NDC,ECU,SUPMEDABAMA,E5MEDABAMA,,1,2034,,,,,,1.0
OutputActivityRatio,NDC,ECU,SUPMEDABAMA,E5MEDABAMA,,1,2035,,,,,,1.0
OutputActivityRatio,NDC,ECU,SUPMEDABMOR,E5MEDABMOR,,1,2010,,,,,,1.0
OutputActivityRatio,NDC,ECU,SUPMEDABMOR,E5MEDABMOR,,1,2011,,,,,,1.0
OutputActivityRatio,NDC,ECU,SUPMEDABMOR,E5MEDABMOR,,1,2012,,,,,,1.0
OutputActivityRatio,NDC,ECU,SUPMEDABMOR,E5MEDABMOR,,1,2013,,,,,,1.0
OutputActivityRatio,NDC,ECU,SUPMEDABMOR,E5MEDABMOR,,1,2014,,,,,,1.0
OutputActivityRatio,NDC,ECU,SUPMEDABMOR,E5MEDABMOR,,1,2015,,,,,,1.0
OutputActivityRatio,NDC,ECU,SUPMEDABMOR,E5MEDABMOR,,1,2016,,,,,,1.0
OutputActivityRatio,NDC,ECU,SUPMEDABMOR,E5MEDABMOR,,1,2017,,,,,,1.0
OutputActivityRatio,NDC,ECU,SUPMEDABMOR,E5MEDABMOR,,1,2018,,,,,,1.0
OutputActivityRatio,NDC,ECU,SUPMEDABMOR,E5MEDABMOR,,1,2019,,,,,,1.0
OutputActivityRatio,NDC,ECU,SUPMEDABMOR,E5MEDABMOR,,1,2020,,,,,,1.0
OutputActivityRatio,NDC,ECU,SUPMEDABMOR,E5MEDABMOR,,1,2021,,,,,,1.0
OutputActivityRatio,NDC,ECU,SUPMEDABMOR,E5MEDABMOR,,1,2022,,,,,,1.0
OutputActivityRatio,NDC,ECU,SUPMEDABMOR,E5MEDABMOR,,1,2023,,,,,,1.0
OutputActivityRatio,NDC,ECU,SUPMEDABMOR,E5MEDABMOR,,1,2024,,,,,,1.0
OutputActivityRatio,NDC,ECU,SUPMEDABMOR,E5MEDABMOR,,1,2025,,,,,,1.0
OutputActivityRatio,NDC,ECU,SUPMEDABMOR,E5MEDABMOR,,1,2026,,,,,,1.0
OutputActivityRatio,NDC,ECU,SUPMEDABMOR,E5MEDABMOR,,1,2027,,,,,,1.0
OutputActivityRatio,NDC,ECU,SUPMEDABMOR,E5MEDABMOR,,1,2028,,,,,,1.0
OutputActivityRatio,NDC,ECU,SUPMEDABMOR,E5MEDABMOR,,1,2029,,,,,,1.0
OutputActivityRatio,NDC,ECU,SUPMEDABMOR,E5MEDABMOR,,1,2030,,,,,,1.0
OutputActivityRatio,NDC,ECU,SUPMEDABMOR,E5MEDABMOR,,1,2031,,,,,,1.0
OutputActivityRatio,NDC,ECU,SUPMEDABMOR,E5MEDABMOR,,1,2032,,,,,,1.0
OutputActivityRatio,NDC,ECU,SUPMEDABMOR,E5MEDABMOR,,1,2033,,,,,,1.0
OutputActivityRatio,NDC,ECU,SUPMEDABMOR,E5MEDABMOR,,1,2034,,,,,,1.0
OutputActivityRatio,NDC,ECU,SUPMEDABMOR,E5MEDABMOR,,1,2035,,,,,,1.0
OutputActivityRatio,NDC,ECU,SUPMEDABPIE,E5MEDABPIE,,1,2010,,,,,,1.0
OutputActivityRatio,NDC,ECU,SUPMEDABPIE,E5MEDABPIE,,1,2011,,,,,,1.0
OutputActivityRatio,NDC,ECU,SUPMEDABPIE,E5MEDABPIE,,1,2012,,,,,,1.0
OutputActivityRatio,NDC,ECU,SUPMEDABPIE,E5MEDABPIE,,1,2013,,,,,,1.0
OutputActivityRatio,NDC,ECU,SUPMEDABPIE,E5MEDABPIE,,1,2014,,,,,,1.0
OutputActivityRatio,NDC,ECU,SUPMEDABPIE,E5MEDABPIE,,1,2015,,,,,,1.0
OutputActivityRatio,NDC,ECU,SUPMEDABPIE,E5MEDABPIE,,1,2016,,,,,,1.0
OutputActivityRatio,NDC,ECU,SUPMEDABPIE,E5MEDABPIE,,1,2017,,,,,,1.0
OutputActivityRatio,NDC,ECU,SUPMEDABPIE,E5MEDABPIE,,1,2018,,,,,,1.0
OutputActivityRatio,NDC,ECU,SUPMEDABPIE,E5MEDABPIE,,1,2019,,,,,,1.0
OutputActivityRatio,NDC,ECU,SUPMEDABPIE,E5MEDABPIE,,1,2020,,,,,,1.0
OutputActivityRatio,NDC,ECU,SUPMEDABPIE,E5MEDABPIE,,1,2021,,,,,,1.0
OutputActivityRatio,NDC,ECU,SUPMEDABPIE,E5MEDABPIE,,1,2022,,,,,,1.0
OutputActivityRatio,NDC,ECU,SUPMEDABPIE,E5MEDABPIE,,1,2023,,,,,,1.0
OutputActivityRatio,NDC,ECU,SUPMEDABPIE,E5MEDABPIE,,1,2024,,,,,,1.0
OutputActivityRatio,NDC,ECU,SUPMEDABPIE,E5MEDABPIE,,1,2025,,,,,,1.0
OutputActivityRatio,NDC,ECU,SUPMEDABPIE,E5MEDABPIE,,1,2026,,,,,,1.0
OutputActivityRatio,NDC,ECU,SUPMEDABPIE,E5MEDABPIE,,1,2027,,,,,,1.0
OutputActivityRatio,NDC,ECU,SUPMEDABPIE,E5MEDABPIE,,1,2028,,,,,,1.0
OutputActivityRatio,NDC,ECU,SUPMEDABPIE,E5MEDABPIE,,1,2029,,,,,,1.0
OutputActivityRatio,NDC,ECU,SUPMEDABPIE,E5MEDABPIE,,1,2030,,,,,,1.0
OutputActivityRatio,NDC,ECU,SUPMEDABPIE,E5MEDABPIE,,1,2031,,,,,,1.0
OutputActivityRatio,NDC,ECU,SUPMEDABPIE,E5MEDABPIE,,1,2032,,,,,,1.0
OutputActivityRatio,NDC,ECU,SUPMEDABPIE,E5MEDABPIE,,1,2033,,,,,,1.0
OutputActivityRatio,NDC,ECU,SUPMEDABPIE,E5MEDABPIE,,1,2034,,,,,,1.0
OutputActivityRatio,NDC,ECU,SUPMEDABPIE,E5MEDABPIE,,1,2035,,,,,,1.0
OutputActivityRatio,NDC,ECU,SUPMEDABCHO,E5MEDABCHO,,1,2010,,,,,,1.0
OutputActivityRatio,NDC,ECU,SUPMEDABCHO,E5MEDABCHO,,1,2011,,,,,,1.0
OutputActivityRatio,NDC,ECU,SUPMEDABCHO,E5MEDABCHO,,1,2012,,,,,,1.0
OutputActivityRatio,NDC,ECU,SUPMEDABCHO,E5MEDABCHO,,1,2013,,,,,,1.0
OutputActivityRatio,NDC,ECU,SUPMEDABCHO,E5MEDABCHO,,1,2014,,,,,,1.0
OutputActivityRatio,NDC,ECU,SUPMEDABCHO,E5MEDABCHO,,1,2015,,,,,,1.0
OutputActivityRatio,NDC,ECU,SUPMEDABCHO,E5MEDABCHO,,1,2016,,,,,,1.0
OutputActivityRatio,NDC,ECU,SUPMEDABCHO,E5MEDABCHO,,1,2017,,,,,,1.0
OutputActivityRatio,NDC,ECU,SUPMEDABCHO,E5MEDABCHO,,1,2018,,,,,,1.0
OutputActivityRatio,NDC,ECU,SUPMEDABCHO,E5MEDABCHO,,1,2019,,,,,,1.0
OutputActivityRatio,NDC,ECU,SUPMEDABCHO,E5MEDABCHO,,1,2020,,,,,,1.0
OutputActivityRatio,NDC,ECU,SUPMEDABCHO,E5MEDABCHO,,1,2021,,,,,,1.0
OutputActivityRatio,NDC,ECU,SUPMEDABCHO,E5MEDABCHO,,1,2022,,,,,,1.0
OutputActivityRatio,NDC,ECU,SUPMEDABCHO,E5MEDABCHO,,1,2023,,,,,,1.0
OutputActivityRatio,NDC,ECU,SUPMEDABCHO,E5MEDABCHO,,1,2024,,,,,,1.0
OutputActivityRatio,NDC,ECU,SUPMEDABCHO,E5MEDABCHO,,1,2025,,,,,,1.0
OutputActivityRatio,NDC,ECU,SUPMEDABCHO,E5MEDABCHO,,1,2026,,,,,,1.0
OutputActivityRatio,NDC,ECU,SUPMEDABCHO,E5MEDABCHO,,1,2027,,,,,,1.0
OutputActivityRatio,NDC,ECU,SUPMEDABCHO,E5MEDABCHO,,1,2028,,,,,,1.0
OutputActivityRatio,NDC,ECU,SUPMEDABCHO,E5MEDABCHO,,1,2029,,,,,,1.0
OutputActivityRatio,NDC,ECU,SUPMEDABCHO,E5MEDABCHO,,1,2030,,,,,,1.0
OutputActivityRatio,NDC,ECU,SUPMEDABCHO,E5MEDABCHO,,1,2031,,,,,,1.0
OutputActivityRatio,NDC,ECU,SUPMEDABCHO,E5MEDABCHO,,1,2032,,,,,,1.0
OutputActivityRatio,NDC,ECU,SUPMEDABCHO,E5MEDABCHO,,1,2033,,,,,,1.0
OutputActivityRatio,NDC,ECU,SUPMEDABCHO,E5MEDABCHO,,1,2034,,,,,,1.0
OutputActivityRatio,NDC,ECU,SUPMEDABCHO,E5MEDABCHO,,1,2035,,,,,,1.0
OutputActivityRatio,NDC,ECU,SUPMEDABMON,E5MEDABMON,,1,2010,,,,,,1.0
OutputActivityRatio,NDC,ECU,SUPMEDABMON,E5MEDABMON,,1,2011,,,,,,1.0
OutputActivityRatio,NDC,ECU,SUPMEDABMON,E5MEDABMON,,1,2012,,,,,,1.0
OutputActivityRatio,NDC,ECU,SUPMEDABMON,E5MEDABMON,,1,2013,,,,,,1.0
OutputActivityRatio,NDC,ECU,SUPMEDABMON,E5MEDABMON,,1,2014,,,,,,1.0
OutputActivityRatio,NDC,ECU,SUPMEDABMON,E5MEDABMON,,1,2015,,,,,,1.0
OutputActivityRatio,NDC,ECU,SUPMEDABMON,E5MEDABMON,,1,2016,,,,,,1.0
OutputActivityRatio,NDC,ECU,SUPMEDABMON,E5MEDABMON,,1,2017,,,,,,1.0
OutputActivityRatio,NDC,ECU,SUPMEDABMON,E5MEDABMON,,1,2018,,,,,,1.0
OutputActivityRatio,NDC,ECU,SUPMEDABMON,E5MEDABMON,,1,2019,,,,,,1.0
OutputActivityRatio,NDC,ECU,SUPMEDABMON,E5MEDABMON,,1,2020,,,,,,1.0
OutputActivityRatio,NDC,ECU,SUPMEDABMON,E5MEDABMON,,1,2021,,,,,,1.0
OutputActivityRatio,NDC,ECU,SUPMEDABMON,E5MEDABMON,,1,2022,,,,,,1.0
OutputActivityRatio,NDC,ECU,SUPMEDABMON,E5MEDABMON,,1,2023,,,,,,1.0
OutputActivityRatio,NDC,ECU,SUPMEDABMON,E5MEDABMON,,1,2024,,,,,,1.0
OutputActivityRatio,NDC,ECU,SUPMEDABMON,E5MEDABMON,,1,2025,,,,,,1.0
OutputActivityRatio,NDC,ECU,SUPMEDABMON,E5MEDABMON,,1,2026,,,,,,1.0
OutputActivityRatio,NDC,ECU,SUPMEDABMON,E5MEDABMON,,1,2027,,,,,,1.0
OutputActivityRatio,NDC,ECU,SUPMEDABMON,E5MEDABMON,,1,2028,,,,,,1.0
OutputActivityRatio,NDC,ECU,SUPMEDABMON,E5MEDABMON,,1,2029,,,,,,1.0
OutputActivityRatio,NDC,ECU,SUPMEDABMON,E5MEDABMON,,1,2030,,,,,,1.0
OutputActivityRatio,NDC,ECU,SUPMEDABMON,E5MEDABMON,,1,2031,,,,,,1.0
OutputActivityRatio,NDC,ECU,SUPMEDABMON,E5MEDABMON,,1,2032,,,,,,1.0
OutputActivityRatio,NDC,ECU,SUPMEDABMON,E5MEDABMON,,1,2033,,,,,,1.0
OutputActivityRatio,NDC,ECU,SUPMEDABMON,E5MEDABMON,,1,2034,,,,,,1.0
OutputActivityRatio,NDC,ECU,SUPMEDABMON,E5MEDABMON,,1,2035,,,,,,1.0
OutputActivityRatio,NDC,ECU,SUPMEDABPIE2,E5MEDABPIE2,,1,2010,,,,,,1.0
OutputActivityRatio,NDC,ECU,SUPMEDABPIE2,E5MEDABPIE2,,1,2011,,,,,,1.0
OutputActivityRatio,NDC,ECU,SUPMEDABPIE2,E5MEDABPIE2,,1,2012,,,,,,1.0
OutputActivityRatio,NDC,ECU,SUPMEDABPIE2,E5MEDABPIE2,,1,2013,,,,,,1.0
OutputActivityRatio,NDC,ECU,SUPMEDABPIE2,E5MEDABPIE2,,1,2014,,,,,,1.0
OutputActivityRatio,NDC,ECU,SUPMEDABPIE2,E5MEDABPIE2,,1,2015,,,,,,1.0
OutputActivityRatio,NDC,ECU,SUPMEDABPIE2,E5MEDABPIE2,,1,2016,,,,,,1.0
OutputActivityRatio,NDC,ECU,SUPMEDABPIE2,E5MEDABPIE2,,1,2017,,,,,,1.0
OutputActivityRatio,NDC,ECU,SUPMEDABPIE2,E5MEDABPIE2,,1,2018,,,,,,1.0
OutputActivityRatio,NDC,ECU,SUPMEDABPIE2,E5MEDABPIE2,,1,2019,,,,,,1.0
OutputActivityRatio,NDC,ECU,SUPMEDABPIE2,E5MEDABPIE2,,1,2020,,,,,,1.0
OutputActivityRatio,NDC,ECU,SUPMEDABPIE2,E5MEDABPIE2,,1,2021,,,,,,1.0
OutputActivityRatio,NDC,ECU,SUPMEDABPIE2,E5MEDABPIE2,,1,2022,,,,,,1.0
OutputActivityRatio,NDC,ECU,SUPMEDABPIE2,E5MEDABPIE2,,1,2023,,,,,,1.0
OutputActivityRatio,NDC,ECU,SUPMEDABPIE2,E5MEDABPIE2,,1,2024,,,,,,1.0
OutputActivityRatio,NDC,ECU,SUPMEDABPIE2,E5MEDABPIE2,,1,2025,,,,,,1.0
OutputActivityRatio,NDC,ECU,SUPMEDABPIE2,E5MEDABPIE2,,1,2026,,,,,,1.0
OutputActivityRatio,NDC,ECU,SUPMEDABPIE2,E5MEDABPIE2,,1,2027,,,,,,1.0
OutputActivityRatio,NDC,ECU,SUPMEDABPIE2,E5MEDABPIE2,,1,2028,,,,,,1.0
OutputActivityRatio,NDC,ECU,SUPMEDABPIE2,E5MEDABPIE2,,1,2029,,,,,,1.0
OutputActivityRatio,NDC,ECU,SUPMEDABPIE2,E5MEDABPIE2,,1,2030,,,,,,1.0
OutputActivityRatio,NDC,ECU,SUPMEDABPIE2,E5MEDABPIE2,,1,2031,,,,,,1.0
OutputActivityRatio,NDC,ECU,SUPMEDABPIE2,E5MEDABPIE2,,1,2032,,,,,,1.0
OutputActivityRatio,NDC,ECU,SUPMEDABPIE2,E5MEDABPIE2,,1,2033,,,,,,1.0
OutputActivityRatio,NDC,ECU,SUPMEDABPIE2,E5MEDABPIE2,,1,2034,,,,,,1.0
OutputActivityRatio,NDC,ECU,SUPMEDABPIE2,E5MEDABPIE2,,1,2035,,,,,,1.0
OutputActivityRatio,NDC,ECU,SUPMEDDEFAMA,E5MEDDEFAMA,,1,2010,,,,,,1.0
OutputActivityRatio,NDC,ECU,SUPMEDDEFAMA,E5MEDDEFAMA,,1,2011,,,,,,1.0
OutputActivityRatio,NDC,ECU,SUPMEDDEFAMA,E5MEDDEFAMA,,1,2012,,,,,,1.0
OutputActivityRatio,NDC,ECU,SUPMEDDEFAMA,E5MEDDEFAMA,,1,2013,,,,,,1.0
OutputActivityRatio,NDC,ECU,SUPMEDDEFAMA,E5MEDDEFAMA,,1,2014,,,,,,1.0
OutputActivityRatio,NDC,ECU,SUPMEDDEFAMA,E5MEDDEFAMA,,1,2015,,,,,,1.0
OutputActivityRatio,NDC,ECU,SUPMEDDEFAMA,E5MEDDEFAMA,,1,2016,,,,,,1.0
OutputActivityRatio,NDC,ECU,SUPMEDDEFAMA,E5MEDDEFAMA,,1,2017,,,,,,1.0
OutputActivityRatio,NDC,ECU,SUPMEDDEFAMA,E5MEDDEFAMA,,1,2018,,,,,,1.0
OutputActivityRatio,NDC,ECU,SUPMEDDEFAMA,E5MEDDEFAMA,,1,2019,,,,,,1.0
OutputActivityRatio,NDC,ECU,SUPMEDDEFAMA,E5MEDDEFAMA,,1,2020,,,,,,1.0
OutputActivityRatio,NDC,ECU,SUPMEDDEFAMA,E5MEDDEFAMA,,1,2021,,,,,,1.0
OutputActivityRatio,NDC,ECU,SUPMEDDEFAMA,E5MEDDEFAMA,,1,2022,,,,,,1.0
OutputActivityRatio,NDC,ECU,SUPMEDDEFAMA,E5MEDDEFAMA,,1,2023,,,,,,1.0
OutputActivityRatio,NDC,ECU,SUPMEDDEFAMA,E5MEDDEFAMA,,1,2024,,,,,,1.0
OutputActivityRatio,NDC,ECU,SUPMEDDEFAMA,E5MEDDEFAMA,,1,2025,,,,,,1.0
OutputActivityRatio,NDC,ECU,SUPMEDDEFAMA,E5MEDDEFAMA,,1,2026,,,,,,1.0
OutputActivityRatio,NDC,ECU,SUPMEDDEFAMA,E5MEDDEFAMA,,1,2027,,,,,,1.0
OutputActivityRatio,NDC,ECU,SUPMEDDEFAMA,E5MEDDEFAMA,,1,2028,,,,,,1.0
OutputActivityRatio,NDC,ECU,SUPMEDDEFAMA,E5MEDDEFAMA,,1,2029,,,,,,1.0
OutputActivityRatio,NDC,ECU,SUPMEDDEFAMA,E5MEDDEFAMA,,1,2030,,,,,,1.0
OutputActivityRatio,NDC,ECU,SUPMEDDEFAMA,E5MEDDEFAMA,,1,2031,,,,,,1.0
OutputActivityRatio,NDC,ECU,SUPMEDDEFAMA,E5MEDDEFAMA,,1,2032,,,,,,1.0
OutputActivityRatio,NDC,ECU,SUPMEDDEFAMA,E5MEDDEFAMA,,1,2033,,,,,,1.0
OutputActivityRatio,NDC,ECU,SUPMEDDEFAMA,E5MEDDEFAMA,,1,2034,,,,,,1.0
OutputActivityRatio,NDC,ECU,SUPMEDDEFAMA,E5MEDDEFAMA,,1,2035,,,,,,1.0
OutputActivityRatio,NDC,ECU,SUPMEDDEFMOR,E5MEDDEFMOR,,1,2010,,,,,,1.0
OutputActivityRatio,NDC,ECU,SUPMEDDEFMOR,E5MEDDEFMOR,,1,2011,,,,,,1.0
OutputActivityRatio,NDC,ECU,SUPMEDDEFMOR,E5MEDDEFMOR,,1,2012,,,,,,1.0
OutputActivityRatio,NDC,ECU,SUPMEDDEFMOR,E5MEDDEFMOR,,1,2013,,,,,,1.0
OutputActivityRatio,NDC,ECU,SUPMEDDEFMOR,E5MEDDEFMOR,,1,2014,,,,,,1.0
OutputActivityRatio,NDC,ECU,SUPMEDDEFMOR,E5MEDDEFMOR,,1,2015,,,,,,1.0
OutputActivityRatio,NDC,ECU,SUPMEDDEFMOR,E5MEDDEFMOR,,1,2016,,,,,,1.0
OutputActivityRatio,NDC,ECU,SUPMEDDEFMOR,E5MEDDEFMOR,,1,2017,,,,,,1.0
OutputActivityRatio,NDC,ECU,SUPMEDDEFMOR,E5MEDDEFMOR,,1,2018,,,,,,1.0
OutputActivityRatio,NDC,ECU,SUPMEDDEFMOR,E5MEDDEFMOR,,1,2019,,,,,,1.0
OutputActivityRatio,NDC,ECU,SUPMEDDEFMOR,E5MEDDEFMOR,,1,2020,,,,,,1.0
OutputActivityRatio,NDC,ECU,SUPMEDDEFMOR,E5MEDDEFMOR,,1,2021,,,,,,1.0
OutputActivityRatio,NDC,ECU,SUPMEDDEFMOR,E5MEDDEFMOR,,1,2022,,,,,,1.0
OutputActivityRatio,NDC,ECU,SUPMEDDEFMOR,E5MEDDEFMOR,,1,2023,,,,,,1.0
OutputActivityRatio,NDC,ECU,SUPMEDDEFMOR,E5MEDDEFMOR,,1,2024,,,,,,1.0
OutputActivityRatio,NDC,ECU,SUPMEDDEFMOR,E5MEDDEFMOR,,1,2025,,,,,,1.0
OutputActivityRatio,NDC,ECU,SUPMEDDEFMOR,E5MEDDEFMOR,,1,2026,,,,,,1.0
OutputActivityRatio,NDC,ECU,SUPMEDDEFMOR,E5MEDDEFMOR,,1,2027,,,,,,1.0
OutputActivityRatio,NDC,ECU,SUPMEDDEFMOR,E5MEDDEFMOR,,1,2028,,,,,,1.0
OutputActivityRatio,NDC,ECU,SUPMEDDEFMOR,E5MEDDEFMOR,,1,2029,,,,,,1.0
OutputActivityRatio,NDC,ECU,SUPMEDDEFMOR,E5MEDDEFMOR,,1,2030,,,,,,1.0
OutputActivityRatio,NDC,ECU,SUPMEDDEFMOR,E5MEDDEFMOR,,1,2031,,,,,,1.0
OutputActivityRatio,NDC,ECU,SUPMEDDEFMOR,E5MEDDEFMOR,,1,2032,,,,,,1.0
OutputActivityRatio,NDC,ECU,SUPMEDDEFMOR,E5MEDDEFMOR,,1,2033,,,,,,1.0
OutputActivityRatio,NDC,ECU,SUPMEDDEFMOR,E5MEDDEFMOR,,1,2034,,,,,,1.0
OutputActivityRatio,NDC,ECU,SUPMEDDEFMOR,E5MEDDEFMOR,,1,2035,,,,,,1.0
OutputActivityRatio,NDC,ECU,SUPMEDDEFPIE,E5MEDDEFPIE,,1,2010,,,,,,1.0
OutputActivityRatio,NDC,ECU,SUPMEDDEFPIE,E5MEDDEFPIE,,1,2011,,,,,,1.0
OutputActivityRatio,NDC,ECU,SUPMEDDEFPIE,E5MEDDEFPIE,,1,2012,,,,,,1.0
OutputActivityRatio,NDC,ECU,SUPMEDDEFPIE,E5MEDDEFPIE,,1,2013,,,,,,1.0
OutputActivityRatio,NDC,ECU,SUPMEDDEFPIE,E5MEDDEFPIE,,1,2014,,,,,,1.0
OutputActivityRatio,NDC,ECU,SUPMEDDEFPIE,E5MEDDEFPIE,,1,2015,,,,,,1.0
OutputActivityRatio,NDC,ECU,SUPMEDDEFPIE,E5MEDDEFPIE,,1,2016,,,,,,1.0
OutputActivityRatio,NDC,ECU,SUPMEDDEFPIE,E5MEDDEFPIE,,1,2017,,,,,,1.0
OutputActivityRatio,NDC,ECU,SUPMEDDEFPIE,E5MEDDEFPIE,,1,2018,,,,,,1.0
OutputActivityRatio,NDC,ECU,SUPMEDDEFPIE,E5MEDDEFPIE,,1,2019,,,,,,1.0
OutputActivityRatio,NDC,ECU,SUPMEDDEFPIE,E5MEDDEFPIE,,1,2020,,,,,,1.0
OutputActivityRatio,NDC,ECU,SUPMEDDEFPIE,E5MEDDEFPIE,,1,2021,,,,,,1.0
OutputActivityRatio,NDC,ECU,SUPMEDDEFPIE,E5MEDDEFPIE,,1,2022,,,,,,1.0
OutputActivityRatio,NDC,ECU,SUPMEDDEFPIE,E5MEDDEFPIE,,1,2023,,,,,,1.0
OutputActivityRatio,NDC,ECU,SUPMEDDEFPIE,E5MEDDEFPIE,,1,2024,,,,,,1.0
OutputActivityRatio,NDC,ECU,SUPMEDDEFPIE,E5MEDDEFPIE,,1,2025,,,,,,1.0
OutputActivityRatio,NDC,ECU,SUPMEDDEFPIE,E5MEDDEFPIE,,1,2026,,,,,,1.0
OutputActivityRatio,NDC,ECU,SUPMEDDEFPIE,E5MEDDEFPIE,,1,2027,,,,,,1.0
OutputActivityRatio,NDC,ECU,SUPMEDDEFPIE,E5MEDDEFPIE,,1,2028,,,,,,1.0
OutputActivityRatio,NDC,ECU,SUPMEDDEFPIE,E5MEDDEFPIE,,1,2029,,,,,,1.0
OutputActivityRatio,NDC,ECU,SUPMEDDEFPIE,E5MEDDEFPIE,,1,2030,,,,,,1.0
OutputActivityRatio,NDC,ECU,SUPMEDDEFPIE,E5MEDDEFPIE,,1,2031,,,,,,1.0
OutputActivityRatio,NDC,ECU,SUPMEDDEFPIE,E5MEDDEFPIE,,1,2032,,,,,,1.0
OutputActivityRatio,NDC,ECU,SUPMEDDEFPIE,E5MEDDEFPIE,,1,2033,,,,,,1.0
OutputActivityRatio,NDC,ECU,SUPMEDDEFPIE,E5MEDDEFPIE,,1,2034,,,,,,1.0
OutputActivityRatio,NDC,ECU,SUPMEDDEFPIE,E5MEDDEFPIE,,1,2035,,,,,,1.0
OutputActivityRatio,NDC,ECU,SUPMEDDEFCHO,E5MEDDEFCHO,,1,2010,,,,,,1.0
OutputActivityRatio,NDC,ECU,SUPMEDDEFCHO,E5MEDDEFCHO,,1,2011,,,,,,1.0
OutputActivityRatio,NDC,ECU,SUPMEDDEFCHO,E5MEDDEFCHO,,1,2012,,,,,,1.0
OutputActivityRatio,NDC,ECU,SUPMEDDEFCHO,E5MEDDEFCHO,,1,2013,,,,,,1.0
OutputActivityRatio,NDC,ECU,SUPMEDDEFCHO,E5MEDDEFCHO,,1,2014,,,,,,1.0
OutputActivityRatio,NDC,ECU,SUPMEDDEFCHO,E5MEDDEFCHO,,1,2015,,,,,,1.0
OutputActivityRatio,NDC,ECU,SUPMEDDEFCHO,E5MEDDEFCHO,,1,2016,,,,,,1.0
OutputActivityRatio,NDC,ECU,SUPMEDDEFCHO,E5MEDDEFCHO,,1,2017,,,,,,1.0
OutputActivityRatio,NDC,ECU,SUPMEDDEFCHO,E5MEDDEFCHO,,1,2018,,,,,,1.0
OutputActivityRatio,NDC,ECU,SUPMEDDEFCHO,E5MEDDEFCHO,,1,2019,,,,,,1.0
OutputActivityRatio,NDC,ECU,SUPMEDDEFCHO,E5MEDDEFCHO,,1,2020,,,,,,1.0
OutputActivityRatio,NDC,ECU,SUPMEDDEFCHO,E5MEDDEFCHO,,1,2021,,,,,,1.0
OutputActivityRatio,NDC,ECU,SUPMEDDEFCHO,E5MEDDEFCHO,,1,2022,,,,,,1.0
OutputActivityRatio,NDC,ECU,SUPMEDDEFCHO,E5MEDDEFCHO,,1,2023,,,,,,1.0
OutputActivityRatio,NDC,ECU,SUPMEDDEFCHO,E5MEDDEFCHO,,1,2024,,,,,,1.0
OutputActivityRatio,NDC,ECU,SUPMEDDEFCHO,E5MEDDEFCHO,,1,2025,,,,,,1.0
OutputActivityRatio,NDC,ECU,SUPMEDDEFCHO,E5MEDDEFCHO,,1,2026,,,,,,1.0
OutputActivityRatio,NDC,ECU,SUPMEDDEFCHO,E5MEDDEFCHO,,1,2027,,,,,,1.0
OutputActivityRatio,NDC,ECU,SUPMEDDEFCHO,E5MEDDEFCHO,,1,2028,,,,,,1.0
OutputActivityRatio,NDC,ECU,SUPMEDDEFCHO,E5MEDDEFCHO,,1,2029,,,,,,1.0
OutputActivityRatio,NDC,ECU,SUPMEDDEFCHO,E5MEDDEFCHO,,1,2030,,,,,,1.0
OutputActivityRatio,NDC,ECU,SUPMEDDEFCHO,E5MEDDEFCHO,,1,2031,,,,,,1.0
OutputActivityRatio,NDC,ECU,SUPMEDDEFCHO,E5MEDDEFCHO,,1,2032,,,,,,1.0
OutputActivityRatio,NDC,ECU,SUPMEDDEFCHO,E5MEDDEFCHO,,1,2033,,,,,,1.0
OutputActivityRatio,NDC,ECU,SUPMEDDEFCHO,E5MEDDEFCHO,,1,2034,,,,,,1.0
OutputActivityRatio,NDC,ECU,SUPMEDDEFCHO,E5MEDDEFCHO,,1,2035,,,,,,1.0
OutputActivityRatio,NDC,ECU,SUPMEDDEFMON,E5MEDDEFMON,,1,2010,,,,,,1.0
OutputActivityRatio,NDC,ECU,SUPMEDDEFMON,E5MEDDEFMON,,1,2011,,,,,,1.0
OutputActivityRatio,NDC,ECU,SUPMEDDEFMON,E5MEDDEFMON,,1,2012,,,,,,1.0
OutputActivityRatio,NDC,ECU,SUPMEDDEFMON,E5MEDDEFMON,,1,2013,,,,,,1.0
OutputActivityRatio,NDC,ECU,SUPMEDDEFMON,E5MEDDEFMON,,1,2014,,,,,,1.0
OutputActivityRatio,NDC,ECU,SUPMEDDEFMON,E5MEDDEFMON,,1,2015,,,,,,1.0
OutputActivityRatio,NDC,ECU,SUPMEDDEFMON,E5MEDDEFMON,,1,2016,,,,,,1.0
OutputActivityRatio,NDC,ECU,SUPMEDDEFMON,E5MEDDEFMON,,1,2017,,,,,,1.0
OutputActivityRatio,NDC,ECU,SUPMEDDEFMON,E5MEDDEFMON,,1,2018,,,,,,1.0
OutputActivityRatio,NDC,ECU,SUPMEDDEFMON,E5MEDDEFMON,,1,2019,,,,,,1.0
OutputActivityRatio,NDC,ECU,SUPMEDDEFMON,E5MEDDEFMON,,1,2020,,,,,,1.0
OutputActivityRatio,NDC,ECU,SUPMEDDEFMON,E5MEDDEFMON,,1,2021,,,,,,1.0
OutputActivityRatio,NDC,ECU,SUPMEDDEFMON,E5MEDDEFMON,,1,2022,,,,,,1.0
OutputActivityRatio,NDC,ECU,SUPMEDDEFMON,E5MEDDEFMON,,1,2023,,,,,,1.0
OutputActivityRatio,NDC,ECU,SUPMEDDEFMON,E5MEDDEFMON,,1,2024,,,,,,1.0
OutputActivityRatio,NDC,ECU,SUPMEDDEFMON,E5MEDDEFMON,,1,2025,,,,,,1.0
OutputActivityRatio,NDC,ECU,SUPMEDDEFMON,E5MEDDEFMON,,1,2026,,,,,,1.0
OutputActivityRatio,NDC,ECU,SUPMEDDEFMON,E5MEDDEFMON,,1,2027,,,,,,1.0
OutputActivityRatio,NDC,ECU,SUPMEDDEFMON,E5MEDDEFMON,,1,2028,,,,,,1.0
OutputActivityRatio,NDC,ECU,SUPMEDDEFMON,E5MEDDEFMON,,1,2029,,,,,,1.0
OutputActivityRatio,NDC,ECU,SUPMEDDEFMON,E5MEDDEFMON,,1,2030,,,,,,1.0
OutputActivityRatio,NDC,ECU,SUPMEDDEFMON,E5MEDDEFMON,,1,2031,,,,,,1.0
OutputActivityRatio,NDC,ECU,SUPMEDDEFMON,E5MEDDEFMON,,1,2032,,,,,,1.0
OutputActivityRatio,NDC,ECU,SUPMEDDEFMON,E5MEDDEFMON,,1,2033,,,,,,1.0
OutputActivityRatio,NDC,ECU,SUPMEDDEFMON,E5MEDDEFMON,,1,2034,,,,,,1.0
OutputActivityRatio,NDC,ECU,SUPMEDDEFMON,E5MEDDEFMON,,1,2035,,,,,,1.0
OutputActivityRatio,NDC,ECU,SUPMEDDEFPIE2,E5MEDDEFPIE2,,1,2010,,,,,,1.0
OutputActivityRatio,NDC,ECU,SUPMEDDEFPIE2,E5MEDDEFPIE2,,1,2011,,,,,,1.0
OutputActivityRatio,NDC,ECU,SUPMEDDEFPIE2,E5MEDDEFPIE2,,1,2012,,,,,,1.0
OutputActivityRatio,NDC,ECU,SUPMEDDEFPIE2,E5MEDDEFPIE2,,1,2013,,,,,,1.0
OutputActivityRatio,NDC,ECU,SUPMEDDEFPIE2,E5MEDDEFPIE2,,1,2014,,,,,,1.0
OutputActivityRatio,NDC,ECU,SUPMEDDEFPIE2,E5MEDDEFPIE2,,1,2015,,,,,,1.0
OutputActivityRatio,NDC,ECU,SUPMEDDEFPIE2,E5MEDDEFPIE2,,1,2016,,,,,,1.0
OutputActivityRatio,NDC,ECU,SUPMEDDEFPIE2,E5MEDDEFPIE2,,1,2017,,,,,,1.0
OutputActivityRatio,NDC,ECU,SUPMEDDEFPIE2,E5MEDDEFPIE2,,1,2018,,,,,,1.0
OutputActivityRatio,NDC,ECU,SUPMEDDEFPIE2,E5MEDDEFPIE2,,1,2019,,,,,,1.0
OutputActivityRatio,NDC,ECU,SUPMEDDEFPIE2,E5MEDDEFPIE2,,1,2020,,,,,,1.0
OutputActivityRatio,NDC,ECU,SUPMEDDEFPIE2,E5MEDDEFPIE2,,1,2021,,,,,,1.0
OutputActivityRatio,NDC,ECU,SUPMEDDEFPIE2,E5MEDDEFPIE2,,1,2022,,,,,,1.0
OutputActivityRatio,NDC,ECU,SUPMEDDEFPIE2,E5MEDDEFPIE2,,1,2023,,,,,,1.0
OutputActivityRatio,NDC,ECU,SUPMEDDEFPIE2,E5MEDDEFPIE2,,1,2024,,,,,,1.0
OutputActivityRatio,NDC,ECU,SUPMEDDEFPIE2,E5MEDDEFPIE2,,1,2025,,,,,,1.0
OutputActivityRatio,NDC,ECU,SUPMEDDEFPIE2,E5MEDDEFPIE2,,1,2026,,,,,,1.0
OutputActivityRatio,NDC,ECU,SUPMEDDEFPIE2,E5MEDDEFPIE2,,1,2027,,,,,,1.0
OutputActivityRatio,NDC,ECU,SUPMEDDEFPIE2,E5MEDDEFPIE2,,1,2028,,,,,,1.0
OutputActivityRatio,NDC,ECU,SUPMEDDEFPIE2,E5MEDDEFPIE2,,1,2029,,,,,,1.0
OutputActivityRatio,NDC,ECU,SUPMEDDEFPIE2,E5MEDDEFPIE2,,1,2030,,,,,,1.0
OutputActivityRatio,NDC,ECU,SUPMEDDEFPIE2,E5MEDDEFPIE2,,1,2031,,,,,,1.0
OutputActivityRatio,NDC,ECU,SUPMEDDEFPIE2,E5MEDDEFPIE2,,1,2032,,,,,,1.0
OutputActivityRatio,NDC,ECU,SUPMEDDEFPIE2,E5MEDDEFPIE2,,1,2033,,,,,,1.0
OutputActivityRatio,NDC,ECU,SUPMEDDEFPIE2,E5MEDDEFPIE2,,1,2034,,,,,,1.0
OutputActivityRatio,NDC,ECU,SUPMEDDEFPIE2,E5MEDDEFPIE2,,1,2035,,,,,,1.0
OutputActivityRatio,NDC,ECU,SUPMED5DEFAND,E5MED5DEFAND,,1,2010,,,,,,1.0
OutputActivityRatio,NDC,ECU,SUPMED5DEFAND,E5MED5DEFAND,,1,2011,,,,,,1.0
OutputActivityRatio,NDC,ECU,SUPMED5DEFAND,E5MED5DEFAND,,1,2012,,,,,,1.0
OutputActivityRatio,NDC,ECU,SUPMED5DEFAND,E5MED5DEFAND,,1,2013,,,,,,1.0
OutputActivityRatio,NDC,ECU,SUPMED5DEFAND,E5MED5DEFAND,,1,2014,,,,,,1.0
OutputActivityRatio,NDC,ECU,SUPMED5DEFAND,E5MED5DEFAND,,1,2015,,,,,,1.0
OutputActivityRatio,NDC,ECU,SUPMED5DEFAND,E5MED5DEFAND,,1,2016,,,,,,1.0
OutputActivityRatio,NDC,ECU,SUPMED5DEFAND,E5MED5DEFAND,,1,2017,,,,,,1.0
OutputActivityRatio,NDC,ECU,SUPMED5DEFAND,E5MED5DEFAND,,1,2018,,,,,,1.0
OutputActivityRatio,NDC,ECU,SUPMED5DEFAND,E5MED5DEFAND,,1,2019,,,,,,1.0
OutputActivityRatio,NDC,ECU,SUPMED5DEFAND,E5MED5DEFAND,,1,2020,,,,,,1.0
OutputActivityRatio,NDC,ECU,SUPMED5DEFAND,E5MED5DEFAND,,1,2021,,,,,,1.0
OutputActivityRatio,NDC,ECU,SUPMED5DEFAND,E5MED5DEFAND,,1,2022,,,,,,1.0
OutputActivityRatio,NDC,ECU,SUPMED5DEFAND,E5MED5DEFAND,,1,2023,,,,,,1.0
OutputActivityRatio,NDC,ECU,SUPMED5DEFAND,E5MED5DEFAND,,1,2024,,,,,,1.0
OutputActivityRatio,NDC,ECU,SUPMED5DEFAND,E5MED5DEFAND,,1,2025,,,,,,1.0
OutputActivityRatio,NDC,ECU,SUPMED5DEFAND,E5MED5DEFAND,,1,2026,,,,,,1.0
OutputActivityRatio,NDC,ECU,SUPMED5DEFAND,E5MED5DEFAND,,1,2027,,,,,,1.0
OutputActivityRatio,NDC,ECU,SUPMED5DEFAND,E5MED5DEFAND,,1,2028,,,,,,1.0
OutputActivityRatio,NDC,ECU,SUPMED5DEFAND,E5MED5DEFAND,,1,2029,,,,,,1.0
OutputActivityRatio,NDC,ECU,SUPMED5DEFAND,E5MED5DEFAND,,1,2030,,,,,,1.0
OutputActivityRatio,NDC,ECU,SUPMED5DEFAND,E5MED5DEFAND,,1,2031,,,,,,1.0
OutputActivityRatio,NDC,ECU,SUPMED5DEFAND,E5MED5DEFAND,,1,2032,,,,,,1.0
OutputActivityRatio,NDC,ECU,SUPMED5DEFAND,E5MED5DEFAND,,1,2033,,,,,,1.0
OutputActivityRatio,NDC,ECU,SUPMED5DEFAND,E5MED5DEFAND,,1,2034,,,,,,1.0
OutputActivityRatio,NDC,ECU,SUPMED5DEFAND,E5MED5DEFAND,,1,2035,,,,,,1.0
OutputActivityRatio,NDC,ECU,SUPMED5DEFPLU,E5MED5DEFPLU,,1,2010,,,,,,1.0
OutputActivityRatio,NDC,ECU,SUPMED5DEFPLU,E5MED5DEFPLU,,1,2011,,,,,,1.0
OutputActivityRatio,NDC,ECU,SUPMED5DEFPLU,E5MED5DEFPLU,,1,2012,,,,,,1.0
OutputActivityRatio,NDC,ECU,SUPMED5DEFPLU,E5MED5DEFPLU,,1,2013,,,,,,1.0
OutputActivityRatio,NDC,ECU,SUPMED5DEFPLU,E5MED5DEFPLU,,1,2014,,,,,,1.0
OutputActivityRatio,NDC,ECU,SUPMED5DEFPLU,E5MED5DEFPLU,,1,2015,,,,,,1.0
OutputActivityRatio,NDC,ECU,SUPMED5DEFPLU,E5MED5DEFPLU,,1,2016,,,,,,1.0
OutputActivityRatio,NDC,ECU,SUPMED5DEFPLU,E5MED5DEFPLU,,1,2017,,,,,,1.0
OutputActivityRatio,NDC,ECU,SUPMED5DEFPLU,E5MED5DEFPLU,,1,2018,,,,,,1.0
OutputActivityRatio,NDC,ECU,SUPMED5DEFPLU,E5MED5DEFPLU,,1,2019,,,,,,1.0
OutputActivityRatio,NDC,ECU,SUPMED5DEFPLU,E5MED5DEFPLU,,1,2020,,,,,,1.0
OutputActivityRatio,NDC,ECU,SUPMED5DEFPLU,E5MED5DEFPLU,,1,2021,,,,,,1.0
OutputActivityRatio,NDC,ECU,SUPMED5DEFPLU,E5MED5DEFPLU,,1,2022,,,,,,1.0
OutputActivityRatio,NDC,ECU,SUPMED5DEFPLU,E5MED5DEFPLU,,1,2023,,,,,,1.0
OutputActivityRatio,NDC,ECU,SUPMED5DEFPLU,E5MED5DEFPLU,,1,2024,,,,,,1.0
OutputActivityRatio,NDC,ECU,SUPMED5DEFPLU,E5MED5DEFPLU,,1,2025,,,,,,1.0
OutputActivityRatio,NDC,ECU,SUPMED5DEFPLU,E5MED5DEFPLU,,1,2026,,,,,,1.0
OutputActivityRatio,NDC,ECU,SUPMED5DEFPLU,E5MED5DEFPLU,,1,2027,,,,,,1.0
OutputActivityRatio,NDC,ECU,SUPMED5DEFPLU,E5MED5DEFPLU,,1,2028,,,,,,1.0
OutputActivityRatio,NDC,ECU,SUPMED5DEFPLU,E5MED5DEFPLU,,1,2029,,,,,,1.0
OutputActivityRatio,NDC,ECU,SUPMED5DEFPLU,E5MED5DEFPLU,,1,2030,,,,,,1.0
OutputActivityRatio,NDC,ECU,SUPMED5DEFPLU,E5MED5DEFPLU,,1,2031,,,,,,1.0
OutputActivityRatio,NDC,ECU,SUPMED5DEFPLU,E5MED5DEFPLU,,1,2032,,,,,,1.0
OutputActivityRatio,NDC,ECU,SUPMED5DEFPLU,E5MED5DEFPLU,,1,2033,,,,,,1.0
OutputActivityRatio,NDC,ECU,SUPMED5DEFPLU,E5MED5DEFPLU,,1,2034,,,,,,1.0
OutputActivityRatio,NDC,ECU,SUPMED5DEFPLU,E5MED5DEFPLU,,1,2035,,,,,,1.0
OutputActivityRatio,NDC,ECU,SUPMED5DEFMON,E5MED5DEFMON,,1,2010,,,,,,1.0
OutputActivityRatio,NDC,ECU,SUPMED5DEFMON,E5MED5DEFMON,,1,2011,,,,,,1.0
OutputActivityRatio,NDC,ECU,SUPMED5DEFMON,E5MED5DEFMON,,1,2012,,,,,,1.0
OutputActivityRatio,NDC,ECU,SUPMED5DEFMON,E5MED5DEFMON,,1,2013,,,,,,1.0
OutputActivityRatio,NDC,ECU,SUPMED5DEFMON,E5MED5DEFMON,,1,2014,,,,,,1.0
OutputActivityRatio,NDC,ECU,SUPMED5DEFMON,E5MED5DEFMON,,1,2015,,,,,,1.0
OutputActivityRatio,NDC,ECU,SUPMED5DEFMON,E5MED5DEFMON,,1,2016,,,,,,1.0
OutputActivityRatio,NDC,ECU,SUPMED5DEFMON,E5MED5DEFMON,,1,2017,,,,,,1.0
OutputActivityRatio,NDC,ECU,SUPMED5DEFMON,E5MED5DEFMON,,1,2018,,,,,,1.0
OutputActivityRatio,NDC,ECU,SUPMED5DEFMON,E5MED5DEFMON,,1,2019,,,,,,1.0
OutputActivityRatio,NDC,ECU,SUPMED5DEFMON,E5MED5DEFMON,,1,2020,,,,,,1.0
OutputActivityRatio,NDC,ECU,SUPMED5DEFMON,E5MED5DEFMON,,1,2021,,,,,,1.0
OutputActivityRatio,NDC,ECU,SUPMED5DEFMON,E5MED5DEFMON,,1,2022,,,,,,1.0
OutputActivityRatio,NDC,ECU,SUPMED5DEFMON,E5MED5DEFMON,,1,2023,,,,,,1.0
OutputActivityRatio,NDC,ECU,SUPMED5DEFMON,E5MED5DEFMON,,1,2024,,,,,,1.0
OutputActivityRatio,NDC,ECU,SUPMED5DEFMON,E5MED5DEFMON,,1,2025,,,,,,1.0
OutputActivityRatio,NDC,ECU,SUPMED5DEFMON,E5MED5DEFMON,,1,2026,,,,,,1.0
OutputActivityRatio,NDC,ECU,SUPMED5DEFMON,E5MED5DEFMON,,1,2027,,,,,,1.0
OutputActivityRatio,NDC,ECU,SUPMED5DEFMON,E5MED5DEFMON,,1,2028,,,,,,1.0
OutputActivityRatio,NDC,ECU,SUPMED5DEFMON,E5MED5DEFMON,,1,2029,,,,,,1.0
OutputActivityRatio,NDC,ECU,SUPMED5DEFMON,E5MED5DEFMON,,1,2030,,,,,,1.0
OutputActivityRatio,NDC,ECU,SUPMED5DEFMON,E5MED5DEFMON,,1,2031,,,,,,1.0
OutputActivityRatio,NDC,ECU,SUPMED5DEFMON,E5MED5DEFMON,,1,2032,,,,,,1.0
OutputActivityRatio,NDC,ECU,SUPMED5DEFMON,E5MED5DEFMON,,1,2033,,,,,,1.0
OutputActivityRatio,NDC,ECU,SUPMED5DEFMON,E5MED5DEFMON,,1,2034,,,,,,1.0
OutputActivityRatio,NDC,ECU,SUPMED5DEFMON,E5MED5DEFMON,,1,2035,,,,,,1.0
OutputActivityRatio,NDC,ECU,SUPMED5DEFPIE,E5MED5DEFPIE,,1,2010,,,,,,1.0
OutputActivityRatio,NDC,ECU,SUPMED5DEFPIE,E5MED5DEFPIE,,1,2011,,,,,,1.0
OutputActivityRatio,NDC,ECU,SUPMED5DEFPIE,E5MED5DEFPIE,,1,2012,,,,,,1.0
OutputActivityRatio,NDC,ECU,SUPMED5DEFPIE,E5MED5DEFPIE,,1,2013,,,,,,1.0
OutputActivityRatio,NDC,ECU,SUPMED5DEFPIE,E5MED5DEFPIE,,1,2014,,,,,,1.0
OutputActivityRatio,NDC,ECU,SUPMED5DEFPIE,E5MED5DEFPIE,,1,2015,,,,,,1.0
OutputActivityRatio,NDC,ECU,SUPMED5DEFPIE,E5MED5DEFPIE,,1,2016,,,,,,1.0
OutputActivityRatio,NDC,ECU,SUPMED5DEFPIE,E5MED5DEFPIE,,1,2017,,,,,,1.0
OutputActivityRatio,NDC,ECU,SUPMED5DEFPIE,E5MED5DEFPIE,,1,2018,,,,,,1.0
OutputActivityRatio,NDC,ECU,SUPMED5DEFPIE,E5MED5DEFPIE,,1,2019,,,,,,1.0
OutputActivityRatio,NDC,ECU,SUPMED5DEFPIE,E5MED5DEFPIE,,1,2020,,,,,,1.0
OutputActivityRatio,NDC,ECU,SUPMED5DEFPIE,E5MED5DEFPIE,,1,2021,,,,,,1.0
OutputActivityRatio,NDC,ECU,SUPMED5DEFPIE,E5MED5DEFPIE,,1,2022,,,,,,1.0
OutputActivityRatio,NDC,ECU,SUPMED5DEFPIE,E5MED5DEFPIE,,1,2023,,,,,,1.0
OutputActivityRatio,NDC,ECU,SUPMED5DEFPIE,E5MED5DEFPIE,,1,2024,,,,,,1.0
OutputActivityRatio,NDC,ECU,SUPMED5DEFPIE,E5MED5DEFPIE,,1,2025,,,,,,1.0
OutputActivityRatio,NDC,ECU,SUPMED5DEFPIE,E5MED5DEFPIE,,1,2026,,,,,,1.0
OutputActivityRatio,NDC,ECU,SUPMED5DEFPIE,E5MED5DEFPIE,,1,2027,,,,,,1.0
OutputActivityRatio,NDC,ECU,SUPMED5DEFPIE,E5MED5DEFPIE,,1,2028,,,,,,1.0
OutputActivityRatio,NDC,ECU,SUPMED5DEFPIE,E5MED5DEFPIE,,1,2029,,,,,,1.0
OutputActivityRatio,NDC,ECU,SUPMED5DEFPIE,E5MED5DEFPIE,,1,2030,,,,,,1.0
OutputActivityRatio,NDC,ECU,SUPMED5DEFPIE,E5MED5DEFPIE,,1,2031,,,,,,1.0
OutputActivityRatio,NDC,ECU,SUPMED5DEFPIE,E5MED5DEFPIE,,1,2032,,,,,,1.0
OutputActivityRatio,NDC,ECU,SUPMED5DEFPIE,E5MED5DEFPIE,,1,2033,,,,,,1.0
OutputActivityRatio,NDC,ECU,SUPMED5DEFPIE,E5MED5DEFPIE,,1,2034,,,,,,1.0
OutputActivityRatio,NDC,ECU,SUPMED5DEFPIE,E5MED5DEFPIE,,1,2035,,,,,,1.0
OutputActivityRatio,NDC,ECU,SUPMED5DEFCEJ,E5MED5DEFCEJ,,1,2010,,,,,,1.0
OutputActivityRatio,NDC,ECU,SUPMED5DEFCEJ,E5MED5DEFCEJ,,1,2011,,,,,,1.0
OutputActivityRatio,NDC,ECU,SUPMED5DEFCEJ,E5MED5DEFCEJ,,1,2012,,,,,,1.0
OutputActivityRatio,NDC,ECU,SUPMED5DEFCEJ,E5MED5DEFCEJ,,1,2013,,,,,,1.0
OutputActivityRatio,NDC,ECU,SUPMED5DEFCEJ,E5MED5DEFCEJ,,1,2014,,,,,,1.0
OutputActivityRatio,NDC,ECU,SUPMED5DEFCEJ,E5MED5DEFCEJ,,1,2015,,,,,,1.0
OutputActivityRatio,NDC,ECU,SUPMED5DEFCEJ,E5MED5DEFCEJ,,1,2016,,,,,,1.0
OutputActivityRatio,NDC,ECU,SUPMED5DEFCEJ,E5MED5DEFCEJ,,1,2017,,,,,,1.0
OutputActivityRatio,NDC,ECU,SUPMED5DEFCEJ,E5MED5DEFCEJ,,1,2018,,,,,,1.0
OutputActivityRatio,NDC,ECU,SUPMED5DEFCEJ,E5MED5DEFCEJ,,1,2019,,,,,,1.0
OutputActivityRatio,NDC,ECU,SUPMED5DEFCEJ,E5MED5DEFCEJ,,1,2020,,,,,,1.0
OutputActivityRatio,NDC,ECU,SUPMED5DEFCEJ,E5MED5DEFCEJ,,1,2021,,,,,,1.0
OutputActivityRatio,NDC,ECU,SUPMED5DEFCEJ,E5MED5DEFCEJ,,1,2022,,,,,,1.0
OutputActivityRatio,NDC,ECU,SUPMED5DEFCEJ,E5MED5DEFCEJ,,1,2023,,,,,,1.0
OutputActivityRatio,NDC,ECU,SUPMED5DEFCEJ,E5MED5DEFCEJ,,1,2024,,,,,,1.0
OutputActivityRatio,NDC,ECU,SUPMED5DEFCEJ,E5MED5DEFCEJ,,1,2025,,,,,,1.0
OutputActivityRatio,NDC,ECU,SUPMED5DEFCEJ,E5MED5DEFCEJ,,1,2026,,,,,,1.0
OutputActivityRatio,NDC,ECU,SUPMED5DEFCEJ,E5MED5DEFCEJ,,1,2027,,,,,,1.0
OutputActivityRatio,NDC,ECU,SUPMED5DEFCEJ,E5MED5DEFCEJ,,1,2028,,,,,,1.0
OutputActivityRatio,NDC,ECU,SUPMED5DEFCEJ,E5MED5DEFCEJ,,1,2029,,,,,,1.0
OutputActivityRatio,NDC,ECU,SUPMED5DEFCEJ,E5MED5DEFCEJ,,1,2030,,,,,,1.0
OutputActivityRatio,NDC,ECU,SUPMED5DEFCEJ,E5MED5DEFCEJ,,1,2031,,,,,,1.0
OutputActivityRatio,NDC,ECU,SUPMED5DEFCEJ,E5MED5DEFCEJ,,1,2032,,,,,,1.0
OutputActivityRatio,NDC,ECU,SUPMED5DEFCEJ,E5MED5DEFCEJ,,1,2033,,,,,,1.0
OutputActivityRatio,NDC,ECU,SUPMED5DEFCEJ,E5MED5DEFCEJ,,1,2034,,,,,,1.0
OutputActivityRatio,NDC,ECU,SUPMED5DEFCEJ,E5MED5DEFCEJ,,1,2035,,,,,,1.0
OutputActivityRatio,NDC,ECU,SUPMED5DEFAMA,E5MED5DEFAMA,,1,2010,,,,,,1.0
OutputActivityRatio,NDC,ECU,SUPMED5DEFAMA,E5MED5DEFAMA,,1,2011,,,,,,1.0
OutputActivityRatio,NDC,ECU,SUPMED5DEFAMA,E5MED5DEFAMA,,1,2012,,,,,,1.0
OutputActivityRatio,NDC,ECU,SUPMED5DEFAMA,E5MED5DEFAMA,,1,2013,,,,,,1.0
OutputActivityRatio,NDC,ECU,SUPMED5DEFAMA,E5MED5DEFAMA,,1,2014,,,,,,1.0
OutputActivityRatio,NDC,ECU,SUPMED5DEFAMA,E5MED5DEFAMA,,1,2015,,,,,,1.0
OutputActivityRatio,NDC,ECU,SUPMED5DEFAMA,E5MED5DEFAMA,,1,2016,,,,,,1.0
OutputActivityRatio,NDC,ECU,SUPMED5DEFAMA,E5MED5DEFAMA,,1,2017,,,,,,1.0
OutputActivityRatio,NDC,ECU,SUPMED5DEFAMA,E5MED5DEFAMA,,1,2018,,,,,,1.0
OutputActivityRatio,NDC,ECU,SUPMED5DEFAMA,E5MED5DEFAMA,,1,2019,,,,,,1.0
OutputActivityRatio,NDC,ECU,SUPMED5DEFAMA,E5MED5DEFAMA,,1,2020,,,,,,1.0
OutputActivityRatio,NDC,ECU,SUPMED5DEFAMA,E5MED5DEFAMA,,1,2021,,,,,,1.0
OutputActivityRatio,NDC,ECU,SUPMED5DEFAMA,E5MED5DEFAMA,,1,2022,,,,,,1.0
OutputActivityRatio,NDC,ECU,SUPMED5DEFAMA,E5MED5DEFAMA,,1,2023,,,,,,1.0
OutputActivityRatio,NDC,ECU,SUPMED5DEFAMA,E5MED5DEFAMA,,1,2024,,,,,,1.0
OutputActivityRatio,NDC,ECU,SUPMED5DEFAMA,E5MED5DEFAMA,,1,2025,,,,,,1.0
OutputActivityRatio,NDC,ECU,SUPMED5DEFAMA,E5MED5DEFAMA,,1,2026,,,,,,1.0
OutputActivityRatio,NDC,ECU,SUPMED5DEFAMA,E5MED5DEFAMA,,1,2027,,,,,,1.0
OutputActivityRatio,NDC,ECU,SUPMED5DEFAMA,E5MED5DEFAMA,,1,2028,,,,,,1.0
OutputActivityRatio,NDC,ECU,SUPMED5DEFAMA,E5MED5DEFAMA,,1,2029,,,,,,1.0
OutputActivityRatio,NDC,ECU,SUPMED5DEFAMA,E5MED5DEFAMA,,1,2030,,,,,,1.0
OutputActivityRatio,NDC,ECU,SUPMED5DEFAMA,E5MED5DEFAMA,,1,2031,,,,,,1.0
OutputActivityRatio,NDC,ECU,SUPMED5DEFAMA,E5MED5DEFAMA,,1,2032,,,,,,1.0
OutputActivityRatio,NDC,ECU,SUPMED5DEFAMA,E5MED5DEFAMA,,1,2033,,,,,,1.0
OutputActivityRatio,NDC,ECU,SUPMED5DEFAMA,E5MED5DEFAMA,,1,2034,,,,,,1.0
OutputActivityRatio,NDC,ECU,SUPMED5DEFAMA,E5MED5DEFAMA,,1,2035,,,,,,1.0
OutputActivityRatio,NDC,ECU,SUPMED5DEFCHO,E5MED5DEFCHO,,1,2010,,,,,,1.0
OutputActivityRatio,NDC,ECU,SUPMED5DEFCHO,E5MED5DEFCHO,,1,2011,,,,,,1.0
OutputActivityRatio,NDC,ECU,SUPMED5DEFCHO,E5MED5DEFCHO,,1,2012,,,,,,1.0
OutputActivityRatio,NDC,ECU,SUPMED5DEFCHO,E5MED5DEFCHO,,1,2013,,,,,,1.0
OutputActivityRatio,NDC,ECU,SUPMED5DEFCHO,E5MED5DEFCHO,,1,2014,,,,,,1.0
OutputActivityRatio,NDC,ECU,SUPMED5DEFCHO,E5MED5DEFCHO,,1,2015,,,,,,1.0
OutputActivityRatio,NDC,ECU,SUPMED5DEFCHO,E5MED5DEFCHO,,1,2016,,,,,,1.0
OutputActivityRatio,NDC,ECU,SUPMED5DEFCHO,E5MED5DEFCHO,,1,2017,,,,,,1.0
OutputActivityRatio,NDC,ECU,SUPMED5DEFCHO,E5MED5DEFCHO,,1,2018,,,,,,1.0
OutputActivityRatio,NDC,ECU,SUPMED5DEFCHO,E5MED5DEFCHO,,1,2019,,,,,,1.0
OutputActivityRatio,NDC,ECU,SUPMED5DEFCHO,E5MED5DEFCHO,,1,2020,,,,,,1.0
OutputActivityRatio,NDC,ECU,SUPMED5DEFCHO,E5MED5DEFCHO,,1,2021,,,,,,1.0
OutputActivityRatio,NDC,ECU,SUPMED5DEFCHO,E5MED5DEFCHO,,1,2022,,,,,,1.0
OutputActivityRatio,NDC,ECU,SUPMED5DEFCHO,E5MED5DEFCHO,,1,2023,,,,,,1.0
OutputActivityRatio,NDC,ECU,SUPMED5DEFCHO,E5MED5DEFCHO,,1,2024,,,,,,1.0
OutputActivityRatio,NDC,ECU,SUPMED5DEFCHO,E5MED5DEFCHO,,1,2025,,,,,,1.0
OutputActivityRatio,NDC,ECU,SUPMED5DEFCHO,E5MED5DEFCHO,,1,2026,,,,,,1.0
OutputActivityRatio,NDC,ECU,SUPMED5DEFCHO,E5MED5DEFCHO,,1,2027,,,,,,1.0
OutputActivityRatio,NDC,ECU,SUPMED5DEFCHO,E5MED5DEFCHO,,1,2028,,,,,,1.0
OutputActivityRatio,NDC,ECU,SUPMED5DEFCHO,E5MED5DEFCHO,,1,2029,,,,,,1.0
OutputActivityRatio,NDC,ECU,SUPMED5DEFCHO,E5MED5DEFCHO,,1,2030,,,,,,1.0
OutputActivityRatio,NDC,ECU,SUPMED5DEFCHO,E5MED5DEFCHO,,1,2031,,,,,,1.0
OutputActivityRatio,NDC,ECU,SUPMED5DEFCHO,E5MED5DEFCHO,,1,2032,,,,,,1.0
OutputActivityRatio,NDC,ECU,SUPMED5DEFCHO,E5MED5DEFCHO,,1,2033,,,,,,1.0
OutputActivityRatio,NDC,ECU,SUPMED5DEFCHO,E5MED5DEFCHO,,1,2034,,,,,,1.0
OutputActivityRatio,NDC,ECU,SUPMED5DEFCHO,E5MED5DEFCHO,,1,2035,,,,,,1.0
OutputActivityRatio,NDC,ECU,SUPMED5DEFMAN,E5MED5DEFMAN,,1,2010,,,,,,1.0
OutputActivityRatio,NDC,ECU,SUPMED5DEFMAN,E5MED5DEFMAN,,1,2011,,,,,,1.0
OutputActivityRatio,NDC,ECU,SUPMED5DEFMAN,E5MED5DEFMAN,,1,2012,,,,,,1.0
OutputActivityRatio,NDC,ECU,SUPMED5DEFMAN,E5MED5DEFMAN,,1,2013,,,,,,1.0
OutputActivityRatio,NDC,ECU,SUPMED5DEFMAN,E5MED5DEFMAN,,1,2014,,,,,,1.0
OutputActivityRatio,NDC,ECU,SUPMED5DEFMAN,E5MED5DEFMAN,,1,2015,,,,,,1.0
OutputActivityRatio,NDC,ECU,SUPMED5DEFMAN,E5MED5DEFMAN,,1,2016,,,,,,1.0
OutputActivityRatio,NDC,ECU,SUPMED5DEFMAN,E5MED5DEFMAN,,1,2017,,,,,,1.0
OutputActivityRatio,NDC,ECU,SUPMED5DEFMAN,E5MED5DEFMAN,,1,2018,,,,,,1.0
OutputActivityRatio,NDC,ECU,SUPMED5DEFMAN,E5MED5DEFMAN,,1,2019,,,,,,1.0
OutputActivityRatio,NDC,ECU,SUPMED5DEFMAN,E5MED5DEFMAN,,1,2020,,,,,,1.0
OutputActivityRatio,NDC,ECU,SUPMED5DEFMAN,E5MED5DEFMAN,,1,2021,,,,,,1.0
OutputActivityRatio,NDC,ECU,SUPMED5DEFMAN,E5MED5DEFMAN,,1,2022,,,,,,1.0
OutputActivityRatio,NDC,ECU,SUPMED5DEFMAN,E5MED5DEFMAN,,1,2023,,,,,,1.0
OutputActivityRatio,NDC,ECU,SUPMED5DEFMAN,E5MED5DEFMAN,,1,2024,,,,,,1.0
OutputActivityRatio,NDC,ECU,SUPMED5DEFMAN,E5MED5DEFMAN,,1,2025,,,,,,1.0
OutputActivityRatio,NDC,ECU,SUPMED5DEFMAN,E5MED5DEFMAN,,1,2026,,,,,,1.0
OutputActivityRatio,NDC,ECU,SUPMED5DEFMAN,E5MED5DEFMAN,,1,2027,,,,,,1.0
OutputActivityRatio,NDC,ECU,SUPMED5DEFMAN,E5MED5DEFMAN,,1,2028,,,,,,1.0
OutputActivityRatio,NDC,ECU,SUPMED5DEFMAN,E5MED5DEFMAN,,1,2029,,,,,,1.0
OutputActivityRatio,NDC,ECU,SUPMED5DEFMAN,E5MED5DEFMAN,,1,2030,,,,,,1.0
OutputActivityRatio,NDC,ECU,SUPMED5DEFMAN,E5MED5DEFMAN,,1,2031,,,,,,1.0
OutputActivityRatio,NDC,ECU,SUPMED5DEFMAN,E5MED5DEFMAN,,1,2032,,,,,,1.0
OutputActivityRatio,NDC,ECU,SUPMED5DEFMAN,E5MED5DEFMAN,,1,2033,,,,,,1.0
OutputActivityRatio,NDC,ECU,SUPMED5DEFMAN,E5MED5DEFMAN,,1,2034,,,,,,1.0
OutputActivityRatio,NDC,ECU,SUPMED5DEFMAN,E5MED5DEFMAN,,1,2035,,,,,,1.0
OutputActivityRatio,NDC,ECU,SUPMED5ABAND,E5MED5ABAND,,1,2010,,,,,,1.0
OutputActivityRatio,NDC,ECU,SUPMED5ABAND,E5MED5ABAND,,1,2011,,,,,,1.0
OutputActivityRatio,NDC,ECU,SUPMED5ABAND,E5MED5ABAND,,1,2012,,,,,,1.0
OutputActivityRatio,NDC,ECU,SUPMED5ABAND,E5MED5ABAND,,1,2013,,,,,,1.0
OutputActivityRatio,NDC,ECU,SUPMED5ABAND,E5MED5ABAND,,1,2014,,,,,,1.0
OutputActivityRatio,NDC,ECU,SUPMED5ABAND,E5MED5ABAND,,1,2015,,,,,,1.0
OutputActivityRatio,NDC,ECU,SUPMED5ABAND,E5MED5ABAND,,1,2016,,,,,,1.0
OutputActivityRatio,NDC,ECU,SUPMED5ABAND,E5MED5ABAND,,1,2017,,,,,,1.0
OutputActivityRatio,NDC,ECU,SUPMED5ABAND,E5MED5ABAND,,1,2018,,,,,,1.0
OutputActivityRatio,NDC,ECU,SUPMED5ABAND,E5MED5ABAND,,1,2019,,,,,,1.0
OutputActivityRatio,NDC,ECU,SUPMED5ABAND,E5MED5ABAND,,1,2020,,,,,,1.0
OutputActivityRatio,NDC,ECU,SUPMED5ABAND,E5MED5ABAND,,1,2021,,,,,,1.0
OutputActivityRatio,NDC,ECU,SUPMED5ABAND,E5MED5ABAND,,1,2022,,,,,,1.0
OutputActivityRatio,NDC,ECU,SUPMED5ABAND,E5MED5ABAND,,1,2023,,,,,,1.0
OutputActivityRatio,NDC,ECU,SUPMED5ABAND,E5MED5ABAND,,1,2024,,,,,,1.0
OutputActivityRatio,NDC,ECU,SUPMED5ABAND,E5MED5ABAND,,1,2025,,,,,,1.0
OutputActivityRatio,NDC,ECU,SUPMED5ABAND,E5MED5ABAND,,1,2026,,,,,,1.0
OutputActivityRatio,NDC,ECU,SUPMED5ABAND,E5MED5ABAND,,1,2027,,,,,,1.0
OutputActivityRatio,NDC,ECU,SUPMED5ABAND,E5MED5ABAND,,1,2028,,,,,,1.0
OutputActivityRatio,NDC,ECU,SUPMED5ABAND,E5MED5ABAND,,1,2029,,,,,,1.0
OutputActivityRatio,NDC,ECU,SUPMED5ABAND,E5MED5ABAND,,1,2030,,,,,,1.0
OutputActivityRatio,NDC,ECU,SUPMED5ABAND,E5MED5ABAND,,1,2031,,,,,,1.0
OutputActivityRatio,NDC,ECU,SUPMED5ABAND,E5MED5ABAND,,1,2032,,,,,,1.0
OutputActivityRatio,NDC,ECU,SUPMED5ABAND,E5MED5ABAND,,1,2033,,,,,,1.0
OutputActivityRatio,NDC,ECU,SUPMED5ABAND,E5MED5ABAND,,1,2034,,,,,,1.0
OutputActivityRatio,NDC,ECU,SUPMED5ABAND,E5MED5ABAND,,1,2035,,,,,,1.0
OutputActivityRatio,NDC,ECU,SUPMED5ABPLU,E5MED5ABPLU,,1,2010,,,,,,1.0
OutputActivityRatio,NDC,ECU,SUPMED5ABPLU,E5MED5ABPLU,,1,2011,,,,,,1.0
OutputActivityRatio,NDC,ECU,SUPMED5ABPLU,E5MED5ABPLU,,1,2012,,,,,,1.0
OutputActivityRatio,NDC,ECU,SUPMED5ABPLU,E5MED5ABPLU,,1,2013,,,,,,1.0
OutputActivityRatio,NDC,ECU,SUPMED5ABPLU,E5MED5ABPLU,,1,2014,,,,,,1.0
OutputActivityRatio,NDC,ECU,SUPMED5ABPLU,E5MED5ABPLU,,1,2015,,,,,,1.0
OutputActivityRatio,NDC,ECU,SUPMED5ABPLU,E5MED5ABPLU,,1,2016,,,,,,1.0
OutputActivityRatio,NDC,ECU,SUPMED5ABPLU,E5MED5ABPLU,,1,2017,,,,,,1.0
OutputActivityRatio,NDC,ECU,SUPMED5ABPLU,E5MED5ABPLU,,1,2018,,,,,,1.0
OutputActivityRatio,NDC,ECU,SUPMED5ABPLU,E5MED5ABPLU,,1,2019,,,,,,1.0
OutputActivityRatio,NDC,ECU,SUPMED5ABPLU,E5MED5ABPLU,,1,2020,,,,,,1.0
OutputActivityRatio,NDC,ECU,SUPMED5ABPLU,E5MED5ABPLU,,1,2021,,,,,,1.0
OutputActivityRatio,NDC,ECU,SUPMED5ABPLU,E5MED5ABPLU,,1,2022,,,,,,1.0
OutputActivityRatio,NDC,ECU,SUPMED5ABPLU,E5MED5ABPLU,,1,2023,,,,,,1.0
OutputActivityRatio,NDC,ECU,SUPMED5ABPLU,E5MED5ABPLU,,1,2024,,,,,,1.0
OutputActivityRatio,NDC,ECU,SUPMED5ABPLU,E5MED5ABPLU,,1,2025,,,,,,1.0
OutputActivityRatio,NDC,ECU,SUPMED5ABPLU,E5MED5ABPLU,,1,2026,,,,,,1.0
OutputActivityRatio,NDC,ECU,SUPMED5ABPLU,E5MED5ABPLU,,1,2027,,,,,,1.0
OutputActivityRatio,NDC,ECU,SUPMED5ABPLU,E5MED5ABPLU,,1,2028,,,,,,1.0
OutputActivityRatio,NDC,ECU,SUPMED5ABPLU,E5MED5ABPLU,,1,2029,,,,,,1.0
OutputActivityRatio,NDC,ECU,SUPMED5ABPLU,E5MED5ABPLU,,1,2030,,,,,,1.0
OutputActivityRatio,NDC,ECU,SUPMED5ABPLU,E5MED5ABPLU,,1,2031,,,,,,1.0
OutputActivityRatio,NDC,ECU,SUPMED5ABPLU,E5MED5ABPLU,,1,2032,,,,,,1.0
OutputActivityRatio,NDC,ECU,SUPMED5ABPLU,E5MED5ABPLU,,1,2033,,,,,,1.0
OutputActivityRatio,NDC,ECU,SUPMED5ABPLU,E5MED5ABPLU,,1,2034,,,,,,1.0
OutputActivityRatio,NDC,ECU,SUPMED5ABPLU,E5MED5ABPLU,,1,2035,,,,,,1.0
OutputActivityRatio,NDC,ECU,SUPMED5ABMON,E5MED5ABMON,,1,2010,,,,,,1.0
OutputActivityRatio,NDC,ECU,SUPMED5ABMON,E5MED5ABMON,,1,2011,,,,,,1.0
OutputActivityRatio,NDC,ECU,SUPMED5ABMON,E5MED5ABMON,,1,2012,,,,,,1.0
OutputActivityRatio,NDC,ECU,SUPMED5ABMON,E5MED5ABMON,,1,2013,,,,,,1.0
OutputActivityRatio,NDC,ECU,SUPMED5ABMON,E5MED5ABMON,,1,2014,,,,,,1.0
OutputActivityRatio,NDC,ECU,SUPMED5ABMON,E5MED5ABMON,,1,2015,,,,,,1.0
OutputActivityRatio,NDC,ECU,SUPMED5ABMON,E5MED5ABMON,,1,2016,,,,,,1.0
OutputActivityRatio,NDC,ECU,SUPMED5ABMON,E5MED5ABMON,,1,2017,,,,,,1.0
OutputActivityRatio,NDC,ECU,SUPMED5ABMON,E5MED5ABMON,,1,2018,,,,,,1.0
OutputActivityRatio,NDC,ECU,SUPMED5ABMON,E5MED5ABMON,,1,2019,,,,,,1.0
OutputActivityRatio,NDC,ECU,SUPMED5ABMON,E5MED5ABMON,,1,2020,,,,,,1.0
OutputActivityRatio,NDC,ECU,SUPMED5ABMON,E5MED5ABMON,,1,2021,,,,,,1.0
OutputActivityRatio,NDC,ECU,SUPMED5ABMON,E5MED5ABMON,,1,2022,,,,,,1.0
OutputActivityRatio,NDC,ECU,SUPMED5ABMON,E5MED5ABMON,,1,2023,,,,,,1.0
OutputActivityRatio,NDC,ECU,SUPMED5ABMON,E5MED5ABMON,,1,2024,,,,,,1.0
OutputActivityRatio,NDC,ECU,SUPMED5ABMON,E5MED5ABMON,,1,2025,,,,,,1.0
OutputActivityRatio,NDC,ECU,SUPMED5ABMON,E5MED5ABMON,,1,2026,,,,,,1.0
OutputActivityRatio,NDC,ECU,SUPMED5ABMON,E5MED5ABMON,,1,2027,,,,,,1.0
OutputActivityRatio,NDC,ECU,SUPMED5ABMON,E5MED5ABMON,,1,2028,,,,,,1.0
OutputActivityRatio,NDC,ECU,SUPMED5ABMON,E5MED5ABMON,,1,2029,,,,,,1.0
OutputActivityRatio,NDC,ECU,SUPMED5ABMON,E5MED5ABMON,,1,2030,,,,,,1.0
OutputActivityRatio,NDC,ECU,SUPMED5ABMON,E5MED5ABMON,,1,2031,,,,,,1.0
OutputActivityRatio,NDC,ECU,SUPMED5ABMON,E5MED5ABMON,,1,2032,,,,,,1.0
OutputActivityRatio,NDC,ECU,SUPMED5ABMON,E5MED5ABMON,,1,2033,,,,,,1.0
OutputActivityRatio,NDC,ECU,SUPMED5ABMON,E5MED5ABMON,,1,2034,,,,,,1.0
OutputActivityRatio,NDC,ECU,SUPMED5ABMON,E5MED5ABMON,,1,2035,,,,,,1.0
OutputActivityRatio,NDC,ECU,SUPMED5ABPIE,E5MED5ABPIE,,1,2010,,,,,,1.0
OutputActivityRatio,NDC,ECU,SUPMED5ABPIE,E5MED5ABPIE,,1,2011,,,,,,1.0
OutputActivityRatio,NDC,ECU,SUPMED5ABPIE,E5MED5ABPIE,,1,2012,,,,,,1.0
OutputActivityRatio,NDC,ECU,SUPMED5ABPIE,E5MED5ABPIE,,1,2013,,,,,,1.0
OutputActivityRatio,NDC,ECU,SUPMED5ABPIE,E5MED5ABPIE,,1,2014,,,,,,1.0
OutputActivityRatio,NDC,ECU,SUPMED5ABPIE,E5MED5ABPIE,,1,2015,,,,,,1.0
OutputActivityRatio,NDC,ECU,SUPMED5ABPIE,E5MED5ABPIE,,1,2016,,,,,,1.0
OutputActivityRatio,NDC,ECU,SUPMED5ABPIE,E5MED5ABPIE,,1,2017,,,,,,1.0
OutputActivityRatio,NDC,ECU,SUPMED5ABPIE,E5MED5ABPIE,,1,2018,,,,,,1.0
OutputActivityRatio,NDC,ECU,SUPMED5ABPIE,E5MED5ABPIE,,1,2019,,,,,,1.0
OutputActivityRatio,NDC,ECU,SUPMED5ABPIE,E5MED5ABPIE,,1,2020,,,,,,1.0
OutputActivityRatio,NDC,ECU,SUPMED5ABPIE,E5MED5ABPIE,,1,2021,,,,,,1.0
OutputActivityRatio,NDC,ECU,SUPMED5ABPIE,E5MED5ABPIE,,1,2022,,,,,,1.0
OutputActivityRatio,NDC,ECU,SUPMED5ABPIE,E5MED5ABPIE,,1,2023,,,,,,1.0
OutputActivityRatio,NDC,ECU,SUPMED5ABPIE,E5MED5ABPIE,,1,2024,,,,,,1.0
OutputActivityRatio,NDC,ECU,SUPMED5ABPIE,E5MED5ABPIE,,1,2025,,,,,,1.0
OutputActivityRatio,NDC,ECU,SUPMED5ABPIE,E5MED5ABPIE,,1,2026,,,,,,1.0
OutputActivityRatio,NDC,ECU,SUPMED5ABPIE,E5MED5ABPIE,,1,2027,,,,,,1.0
OutputActivityRatio,NDC,ECU,SUPMED5ABPIE,E5MED5ABPIE,,1,2028,,,,,,1.0
OutputActivityRatio,NDC,ECU,SUPMED5ABPIE,E5MED5ABPIE,,1,2029,,,,,,1.0
OutputActivityRatio,NDC,ECU,SUPMED5ABPIE,E5MED5ABPIE,,1,2030,,,,,,1.0
OutputActivityRatio,NDC,ECU,SUPMED5ABPIE,E5MED5ABPIE,,1,2031,,,,,,1.0
OutputActivityRatio,NDC,ECU,SUPMED5ABPIE,E5MED5ABPIE,,1,2032,,,,,,1.0
OutputActivityRatio,NDC,ECU,SUPMED5ABPIE,E5MED5ABPIE,,1,2033,,,,,,1.0
OutputActivityRatio,NDC,ECU,SUPMED5ABPIE,E5MED5ABPIE,,1,2034,,,,,,1.0
OutputActivityRatio,NDC,ECU,SUPMED5ABPIE,E5MED5ABPIE,,1,2035,,,,,,1.0
OutputActivityRatio,NDC,ECU,SUPMED5ABCEJ,E5MED5ABCEJ,,1,2010,,,,,,1.0
OutputActivityRatio,NDC,ECU,SUPMED5ABCEJ,E5MED5ABCEJ,,1,2011,,,,,,1.0
OutputActivityRatio,NDC,ECU,SUPMED5ABCEJ,E5MED5ABCEJ,,1,2012,,,,,,1.0
OutputActivityRatio,NDC,ECU,SUPMED5ABCEJ,E5MED5ABCEJ,,1,2013,,,,,,1.0
OutputActivityRatio,NDC,ECU,SUPMED5ABCEJ,E5MED5ABCEJ,,1,2014,,,,,,1.0
OutputActivityRatio,NDC,ECU,SUPMED5ABCEJ,E5MED5ABCEJ,,1,2015,,,,,,1.0
OutputActivityRatio,NDC,ECU,SUPMED5ABCEJ,E5MED5ABCEJ,,1,2016,,,,,,1.0
OutputActivityRatio,NDC,ECU,SUPMED5ABCEJ,E5MED5ABCEJ,,1,2017,,,,,,1.0
OutputActivityRatio,NDC,ECU,SUPMED5ABCEJ,E5MED5ABCEJ,,1,2018,,,,,,1.0
OutputActivityRatio,NDC,ECU,SUPMED5ABCEJ,E5MED5ABCEJ,,1,2019,,,,,,1.0
OutputActivityRatio,NDC,ECU,SUPMED5ABCEJ,E5MED5ABCEJ,,1,2020,,,,,,1.0
OutputActivityRatio,NDC,ECU,SUPMED5ABCEJ,E5MED5ABCEJ,,1,2021,,,,,,1.0
OutputActivityRatio,NDC,ECU,SUPMED5ABCEJ,E5MED5ABCEJ,,1,2022,,,,,,1.0
OutputActivityRatio,NDC,ECU,SUPMED5ABCEJ,E5MED5ABCEJ,,1,2023,,,,,,1.0
OutputActivityRatio,NDC,ECU,SUPMED5ABCEJ,E5MED5ABCEJ,,1,2024,,,,,,1.0
OutputActivityRatio,NDC,ECU,SUPMED5ABCEJ,E5MED5ABCEJ,,1,2025,,,,,,1.0
OutputActivityRatio,NDC,ECU,SUPMED5ABCEJ,E5MED5ABCEJ,,1,2026,,,,,,1.0
OutputActivityRatio,NDC,ECU,SUPMED5ABCEJ,E5MED5ABCEJ,,1,2027,,,,,,1.0
OutputActivityRatio,NDC,ECU,SUPMED5ABCEJ,E5MED5ABCEJ,,1,2028,,,,,,1.0
OutputActivityRatio,NDC,ECU,SUPMED5ABCEJ,E5MED5ABCEJ,,1,2029,,,,,,1.0
OutputActivityRatio,NDC,ECU,SUPMED5ABCEJ,E5MED5ABCEJ,,1,2030,,,,,,1.0
OutputActivityRatio,NDC,ECU,SUPMED5ABCEJ,E5MED5ABCEJ,,1,2031,,,,,,1.0
OutputActivityRatio,NDC,ECU,SUPMED5ABCEJ,E5MED5ABCEJ,,1,2032,,,,,,1.0
OutputActivityRatio,NDC,ECU,SUPMED5ABCEJ,E5MED5ABCEJ,,1,2033,,,,,,1.0
OutputActivityRatio,NDC,ECU,SUPMED5ABCEJ,E5MED5ABCEJ,,1,2034,,,,,,1.0
OutputActivityRatio,NDC,ECU,SUPMED5ABCEJ,E5MED5ABCEJ,,1,2035,,,,,,1.0
OutputActivityRatio,NDC,ECU,SUPMED5ABAMA,E5MED5ABAMA,,1,2010,,,,,,1.0
OutputActivityRatio,NDC,ECU,SUPMED5ABAMA,E5MED5ABAMA,,1,2011,,,,,,1.0
OutputActivityRatio,NDC,ECU,SUPMED5ABAMA,E5MED5ABAMA,,1,2012,,,,,,1.0
OutputActivityRatio,NDC,ECU,SUPMED5ABAMA,E5MED5ABAMA,,1,2013,,,,,,1.0
OutputActivityRatio,NDC,ECU,SUPMED5ABAMA,E5MED5ABAMA,,1,2014,,,,,,1.0
OutputActivityRatio,NDC,ECU,SUPMED5ABAMA,E5MED5ABAMA,,1,2015,,,,,,1.0
OutputActivityRatio,NDC,ECU,SUPMED5ABAMA,E5MED5ABAMA,,1,2016,,,,,,1.0
OutputActivityRatio,NDC,ECU,SUPMED5ABAMA,E5MED5ABAMA,,1,2017,,,,,,1.0
OutputActivityRatio,NDC,ECU,SUPMED5ABAMA,E5MED5ABAMA,,1,2018,,,,,,1.0
OutputActivityRatio,NDC,ECU,SUPMED5ABAMA,E5MED5ABAMA,,1,2019,,,,,,1.0
OutputActivityRatio,NDC,ECU,SUPMED5ABAMA,E5MED5ABAMA,,1,2020,,,,,,1.0
OutputActivityRatio,NDC,ECU,SUPMED5ABAMA,E5MED5ABAMA,,1,2021,,,,,,1.0
OutputActivityRatio,NDC,ECU,SUPMED5ABAMA,E5MED5ABAMA,,1,2022,,,,,,1.0
OutputActivityRatio,NDC,ECU,SUPMED5ABAMA,E5MED5ABAMA,,1,2023,,,,,,1.0
OutputActivityRatio,NDC,ECU,SUPMED5ABAMA,E5MED5ABAMA,,1,2024,,,,,,1.0
OutputActivityRatio,NDC,ECU,SUPMED5ABAMA,E5MED5ABAMA,,1,2025,,,,,,1.0
OutputActivityRatio,NDC,ECU,SUPMED5ABAMA,E5MED5ABAMA,,1,2026,,,,,,1.0
OutputActivityRatio,NDC,ECU,SUPMED5ABAMA,E5MED5ABAMA,,1,2027,,,,,,1.0
OutputActivityRatio,NDC,ECU,SUPMED5ABAMA,E5MED5ABAMA,,1,2028,,,,,,1.0
OutputActivityRatio,NDC,ECU,SUPMED5ABAMA,E5MED5ABAMA,,1,2029,,,,,,1.0
OutputActivityRatio,NDC,ECU,SUPMED5ABAMA,E5MED5ABAMA,,1,2030,,,,,,1.0
OutputActivityRatio,NDC,ECU,SUPMED5ABAMA,E5MED5ABAMA,,1,2031,,,,,,1.0
OutputActivityRatio,NDC,ECU,SUPMED5ABAMA,E5MED5ABAMA,,1,2032,,,,,,1.0
OutputActivityRatio,NDC,ECU,SUPMED5ABAMA,E5MED5ABAMA,,1,2033,,,,,,1.0
OutputActivityRatio,NDC,ECU,SUPMED5ABAMA,E5MED5ABAMA,,1,2034,,,,,,1.0
OutputActivityRatio,NDC,ECU,SUPMED5ABAMA,E5MED5ABAMA,,1,2035,,,,,,1.0
OutputActivityRatio,NDC,ECU,SUPMED5ABCHO,E5MED5ABCHO,,1,2010,,,,,,1.0
OutputActivityRatio,NDC,ECU,SUPMED5ABCHO,E5MED5ABCHO,,1,2011,,,,,,1.0
OutputActivityRatio,NDC,ECU,SUPMED5ABCHO,E5MED5ABCHO,,1,2012,,,,,,1.0
OutputActivityRatio,NDC,ECU,SUPMED5ABCHO,E5MED5ABCHO,,1,2013,,,,,,1.0
OutputActivityRatio,NDC,ECU,SUPMED5ABCHO,E5MED5ABCHO,,1,2014,,,,,,1.0
OutputActivityRatio,NDC,ECU,SUPMED5ABCHO,E5MED5ABCHO,,1,2015,,,,,,1.0
OutputActivityRatio,NDC,ECU,SUPMED5ABCHO,E5MED5ABCHO,,1,2016,,,,,,1.0
OutputActivityRatio,NDC,ECU,SUPMED5ABCHO,E5MED5ABCHO,,1,2017,,,,,,1.0
OutputActivityRatio,NDC,ECU,SUPMED5ABCHO,E5MED5ABCHO,,1,2018,,,,,,1.0
OutputActivityRatio,NDC,ECU,SUPMED5ABCHO,E5MED5ABCHO,,1,2019,,,,,,1.0
OutputActivityRatio,NDC,ECU,SUPMED5ABCHO,E5MED5ABCHO,,1,2020,,,,,,1.0
OutputActivityRatio,NDC,ECU,SUPMED5ABCHO,E5MED5ABCHO,,1,2021,,,,,,1.0
OutputActivityRatio,NDC,ECU,SUPMED5ABCHO,E5MED5ABCHO,,1,2022,,,,,,1.0
OutputActivityRatio,NDC,ECU,SUPMED5ABCHO,E5MED5ABCHO,,1,2023,,,,,,1.0
OutputActivityRatio,NDC,ECU,SUPMED5ABCHO,E5MED5ABCHO,,1,2024,,,,,,1.0
OutputActivityRatio,NDC,ECU,SUPMED5ABCHO,E5MED5ABCHO,,1,2025,,,,,,1.0
OutputActivityRatio,NDC,ECU,SUPMED5ABCHO,E5MED5ABCHO,,1,2026,,,,,,1.0
OutputActivityRatio,NDC,ECU,SUPMED5ABCHO,E5MED5ABCHO,,1,2027,,,,,,1.0
OutputActivityRatio,NDC,ECU,SUPMED5ABCHO,E5MED5ABCHO,,1,2028,,,,,,1.0
OutputActivityRatio,NDC,ECU,SUPMED5ABCHO,E5MED5ABCHO,,1,2029,,,,,,1.0
OutputActivityRatio,NDC,ECU,SUPMED5ABCHO,E5MED5ABCHO,,1,2030,,,,,,1.0
OutputActivityRatio,NDC,ECU,SUPMED5ABCHO,E5MED5ABCHO,,1,2031,,,,,,1.0
OutputActivityRatio,NDC,ECU,SUPMED5ABCHO,E5MED5ABCHO,,1,2032,,,,,,1.0
OutputActivityRatio,NDC,ECU,SUPMED5ABCHO,E5MED5ABCHO,,1,2033,,,,,,1.0
OutputActivityRatio,NDC,ECU,SUPMED5ABCHO,E5MED5ABCHO,,1,2034,,,,,,1.0
OutputActivityRatio,NDC,ECU,SUPMED5ABCHO,E5MED5ABCHO,,1,2035,,,,,,1.0
OutputActivityRatio,NDC,ECU,SUPMED5ABMAN,E5MED5ABMAN,,1,2010,,,,,,1.0
OutputActivityRatio,NDC,ECU,SUPMED5ABMAN,E5MED5ABMAN,,1,2011,,,,,,1.0
OutputActivityRatio,NDC,ECU,SUPMED5ABMAN,E5MED5ABMAN,,1,2012,,,,,,1.0
OutputActivityRatio,NDC,ECU,SUPMED5ABMAN,E5MED5ABMAN,,1,2013,,,,,,1.0
OutputActivityRatio,NDC,ECU,SUPMED5ABMAN,E5MED5ABMAN,,1,2014,,,,,,1.0
OutputActivityRatio,NDC,ECU,SUPMED5ABMAN,E5MED5ABMAN,,1,2015,,,,,,1.0
OutputActivityRatio,NDC,ECU,SUPMED5ABMAN,E5MED5ABMAN,,1,2016,,,,,,1.0
OutputActivityRatio,NDC,ECU,SUPMED5ABMAN,E5MED5ABMAN,,1,2017,,,,,,1.0
OutputActivityRatio,NDC,ECU,SUPMED5ABMAN,E5MED5ABMAN,,1,2018,,,,,,1.0
OutputActivityRatio,NDC,ECU,SUPMED5ABMAN,E5MED5ABMAN,,1,2019,,,,,,1.0
OutputActivityRatio,NDC,ECU,SUPMED5ABMAN,E5MED5ABMAN,,1,2020,,,,,,1.0
OutputActivityRatio,NDC,ECU,SUPMED5ABMAN,E5MED5ABMAN,,1,2021,,,,,,1.0
OutputActivityRatio,NDC,ECU,SUPMED5ABMAN,E5MED5ABMAN,,1,2022,,,,,,1.0
OutputActivityRatio,NDC,ECU,SUPMED5ABMAN,E5MED5ABMAN,,1,2023,,,,,,1.0
OutputActivityRatio,NDC,ECU,SUPMED5ABMAN,E5MED5ABMAN,,1,2024,,,,,,1.0
OutputActivityRatio,NDC,ECU,SUPMED5ABMAN,E5MED5ABMAN,,1,2025,,,,,,1.0
OutputActivityRatio,NDC,ECU,SUPMED5ABMAN,E5MED5ABMAN,,1,2026,,,,,,1.0
OutputActivityRatio,NDC,ECU,SUPMED5ABMAN,E5MED5ABMAN,,1,2027,,,,,,1.0
OutputActivityRatio,NDC,ECU,SUPMED5ABMAN,E5MED5ABMAN,,1,2028,,,,,,1.0
OutputActivityRatio,NDC,ECU,SUPMED5ABMAN,E5MED5ABMAN,,1,2029,,,,,,1.0
OutputActivityRatio,NDC,ECU,SUPMED5ABMAN,E5MED5ABMAN,,1,2030,,,,,,1.0
OutputActivityRatio,NDC,ECU,SUPMED5ABMAN,E5MED5ABMAN,,1,2031,,,,,,1.0
OutputActivityRatio,NDC,ECU,SUPMED5ABMAN,E5MED5ABMAN,,1,2032,,,,,,1.0
OutputActivityRatio,NDC,ECU,SUPMED5ABMAN,E5MED5ABMAN,,1,2033,,,,,,1.0
OutputActivityRatio,NDC,ECU,SUPMED5ABMAN,E5MED5ABMAN,,1,2034,,,,,,1.0
OutputActivityRatio,NDC,ECU,SUPMED5ABMAN,E5MED5ABMAN,,1,2035,,,,,,1.0
OutputActivityRatio,NDC,ECU,SUPMED3ABCEJ,E5MED3ABCEJ,,1,2010,,,,,,1.0
OutputActivityRatio,NDC,ECU,SUPMED3ABCEJ,E5MED3ABCEJ,,1,2011,,,,,,1.0
OutputActivityRatio,NDC,ECU,SUPMED3ABCEJ,E5MED3ABCEJ,,1,2012,,,,,,1.0
OutputActivityRatio,NDC,ECU,SUPMED3ABCEJ,E5MED3ABCEJ,,1,2013,,,,,,1.0
OutputActivityRatio,NDC,ECU,SUPMED3ABCEJ,E5MED3ABCEJ,,1,2014,,,,,,1.0
OutputActivityRatio,NDC,ECU,SUPMED3ABCEJ,E5MED3ABCEJ,,1,2015,,,,,,1.0
OutputActivityRatio,NDC,ECU,SUPMED3ABCEJ,E5MED3ABCEJ,,1,2016,,,,,,1.0
OutputActivityRatio,NDC,ECU,SUPMED3ABCEJ,E5MED3ABCEJ,,1,2017,,,,,,1.0
OutputActivityRatio,NDC,ECU,SUPMED3ABCEJ,E5MED3ABCEJ,,1,2018,,,,,,1.0
OutputActivityRatio,NDC,ECU,SUPMED3ABCEJ,E5MED3ABCEJ,,1,2019,,,,,,1.0
OutputActivityRatio,NDC,ECU,SUPMED3ABCEJ,E5MED3ABCEJ,,1,2020,,,,,,1.0
OutputActivityRatio,NDC,ECU,SUPMED3ABCEJ,E5MED3ABCEJ,,1,2021,,,,,,1.0
OutputActivityRatio,NDC,ECU,SUPMED3ABCEJ,E5MED3ABCEJ,,1,2022,,,,,,1.0
OutputActivityRatio,NDC,ECU,SUPMED3ABCEJ,E5MED3ABCEJ,,1,2023,,,,,,1.0
OutputActivityRatio,NDC,ECU,SUPMED3ABCEJ,E5MED3ABCEJ,,1,2024,,,,,,1.0
OutputActivityRatio,NDC,ECU,SUPMED3ABCEJ,E5MED3ABCEJ,,1,2025,,,,,,1.0
OutputActivityRatio,NDC,ECU,SUPMED3ABCEJ,E5MED3ABCEJ,,1,2026,,,,,,1.0
OutputActivityRatio,NDC,ECU,SUPMED3ABCEJ,E5MED3ABCEJ,,1,2027,,,,,,1.0
OutputActivityRatio,NDC,ECU,SUPMED3ABCEJ,E5MED3ABCEJ,,1,2028,,,,,,1.0
OutputActivityRatio,NDC,ECU,SUPMED3ABCEJ,E5MED3ABCEJ,,1,2029,,,,,,1.0
OutputActivityRatio,NDC,ECU,SUPMED3ABCEJ,E5MED3ABCEJ,,1,2030,,,,,,1.0
OutputActivityRatio,NDC,ECU,SUPMED3ABCEJ,E5MED3ABCEJ,,1,2031,,,,,,1.0
OutputActivityRatio,NDC,ECU,SUPMED3ABCEJ,E5MED3ABCEJ,,1,2032,,,,,,1.0
OutputActivityRatio,NDC,ECU,SUPMED3ABCEJ,E5MED3ABCEJ,,1,2033,,,,,,1.0
OutputActivityRatio,NDC,ECU,SUPMED3ABCEJ,E5MED3ABCEJ,,1,2034,,,,,,1.0
OutputActivityRatio,NDC,ECU,SUPMED3ABCEJ,E5MED3ABCEJ,,1,2035,,,,,,1.0
OutputActivityRatio,NDC,ECU,SUPMED3ABMON,E5MED3ABMON,,1,2010,,,,,,1.0
OutputActivityRatio,NDC,ECU,SUPMED3ABMON,E5MED3ABMON,,1,2011,,,,,,1.0
OutputActivityRatio,NDC,ECU,SUPMED3ABMON,E5MED3ABMON,,1,2012,,,,,,1.0
OutputActivityRatio,NDC,ECU,SUPMED3ABMON,E5MED3ABMON,,1,2013,,,,,,1.0
OutputActivityRatio,NDC,ECU,SUPMED3ABMON,E5MED3ABMON,,1,2014,,,,,,1.0
OutputActivityRatio,NDC,ECU,SUPMED3ABMON,E5MED3ABMON,,1,2015,,,,,,1.0
OutputActivityRatio,NDC,ECU,SUPMED3ABMON,E5MED3ABMON,,1,2016,,,,,,1.0
OutputActivityRatio,NDC,ECU,SUPMED3ABMON,E5MED3ABMON,,1,2017,,,,,,1.0
OutputActivityRatio,NDC,ECU,SUPMED3ABMON,E5MED3ABMON,,1,2018,,,,,,1.0
OutputActivityRatio,NDC,ECU,SUPMED3ABMON,E5MED3ABMON,,1,2019,,,,,,1.0
OutputActivityRatio,NDC,ECU,SUPMED3ABMON,E5MED3ABMON,,1,2020,,,,,,1.0
OutputActivityRatio,NDC,ECU,SUPMED3ABMON,E5MED3ABMON,,1,2021,,,,,,1.0
OutputActivityRatio,NDC,ECU,SUPMED3ABMON,E5MED3ABMON,,1,2022,,,,,,1.0
OutputActivityRatio,NDC,ECU,SUPMED3ABMON,E5MED3ABMON,,1,2023,,,,,,1.0
OutputActivityRatio,NDC,ECU,SUPMED3ABMON,E5MED3ABMON,,1,2024,,,,,,1.0
OutputActivityRatio,NDC,ECU,SUPMED3ABMON,E5MED3ABMON,,1,2025,,,,,,1.0
OutputActivityRatio,NDC,ECU,SUPMED3ABMON,E5MED3ABMON,,1,2026,,,,,,1.0
OutputActivityRatio,NDC,ECU,SUPMED3ABMON,E5MED3ABMON,,1,2027,,,,,,1.0
OutputActivityRatio,NDC,ECU,SUPMED3ABMON,E5MED3ABMON,,1,2028,,,,,,1.0
OutputActivityRatio,NDC,ECU,SUPMED3ABMON,E5MED3ABMON,,1,2029,,,,,,1.0
OutputActivityRatio,NDC,ECU,SUPMED3ABMON,E5MED3ABMON,,1,2030,,,,,,1.0
OutputActivityRatio,NDC,ECU,SUPMED3ABMON,E5MED3ABMON,,1,2031,,,,,,1.0
OutputActivityRatio,NDC,ECU,SUPMED3ABMON,E5MED3ABMON,,1,2032,,,,,,1.0
OutputActivityRatio,NDC,ECU,SUPMED3ABMON,E5MED3ABMON,,1,2033,,,,,,1.0
OutputActivityRatio,NDC,ECU,SUPMED3ABMON,E5MED3ABMON,,1,2034,,,,,,1.0
OutputActivityRatio,NDC,ECU,SUPMED3ABMON,E5MED3ABMON,,1,2035,,,,,,1.0
OutputActivityRatio,NDC,ECU,SUPMED3ABCEJA,E5MED3ABCEJA,,1,2010,,,,,,1.0
OutputActivityRatio,NDC,ECU,SUPMED3ABCEJA,E5MED3ABCEJA,,1,2011,,,,,,1.0
OutputActivityRatio,NDC,ECU,SUPMED3ABCEJA,E5MED3ABCEJA,,1,2012,,,,,,1.0
OutputActivityRatio,NDC,ECU,SUPMED3ABCEJA,E5MED3ABCEJA,,1,2013,,,,,,1.0
OutputActivityRatio,NDC,ECU,SUPMED3ABCEJA,E5MED3ABCEJA,,1,2014,,,,,,1.0
OutputActivityRatio,NDC,ECU,SUPMED3ABCEJA,E5MED3ABCEJA,,1,2015,,,,,,1.0
OutputActivityRatio,NDC,ECU,SUPMED3ABCEJA,E5MED3ABCEJA,,1,2016,,,,,,1.0
OutputActivityRatio,NDC,ECU,SUPMED3ABCEJA,E5MED3ABCEJA,,1,2017,,,,,,1.0
OutputActivityRatio,NDC,ECU,SUPMED3ABCEJA,E5MED3ABCEJA,,1,2018,,,,,,1.0
OutputActivityRatio,NDC,ECU,SUPMED3ABCEJA,E5MED3ABCEJA,,1,2019,,,,,,1.0
OutputActivityRatio,NDC,ECU,SUPMED3ABCEJA,E5MED3ABCEJA,,1,2020,,,,,,1.0
OutputActivityRatio,NDC,ECU,SUPMED3ABCEJA,E5MED3ABCEJA,,1,2021,,,,,,1.0
OutputActivityRatio,NDC,ECU,SUPMED3ABCEJA,E5MED3ABCEJA,,1,2022,,,,,,1.0
OutputActivityRatio,NDC,ECU,SUPMED3ABCEJA,E5MED3ABCEJA,,1,2023,,,,,,1.0
OutputActivityRatio,NDC,ECU,SUPMED3ABCEJA,E5MED3ABCEJA,,1,2024,,,,,,1.0
OutputActivityRatio,NDC,ECU,SUPMED3ABCEJA,E5MED3ABCEJA,,1,2025,,,,,,1.0
OutputActivityRatio,NDC,ECU,SUPMED3ABCEJA,E5MED3ABCEJA,,1,2026,,,,,,1.0
OutputActivityRatio,NDC,ECU,SUPMED3ABCEJA,E5MED3ABCEJA,,1,2027,,,,,,1.0
OutputActivityRatio,NDC,ECU,SUPMED3ABCEJA,E5MED3ABCEJA,,1,2028,,,,,,1.0
OutputActivityRatio,NDC,ECU,SUPMED3ABCEJA,E5MED3ABCEJA,,1,2029,,,,,,1.0
OutputActivityRatio,NDC,ECU,SUPMED3ABCEJA,E5MED3ABCEJA,,1,2030,,,,,,1.0
OutputActivityRatio,NDC,ECU,SUPMED3ABCEJA,E5MED3ABCEJA,,1,2031,,,,,,1.0
OutputActivityRatio,NDC,ECU,SUPMED3ABCEJA,E5MED3ABCEJA,,1,2032,,,,,,1.0
OutputActivityRatio,NDC,ECU,SUPMED3ABCEJA,E5MED3ABCEJA,,1,2033,,,,,,1.0
OutputActivityRatio,NDC,ECU,SUPMED3ABCEJA,E5MED3ABCEJA,,1,2034,,,,,,1.0
OutputActivityRatio,NDC,ECU,SUPMED3ABCEJA,E5MED3ABCEJA,,1,2035,,,,,,1.0
OutputActivityRatio,NDC,ECU,SUPMED3DEFCEJ,E5MED3DEFCEJ,,1,2010,,,,,,1.0
OutputActivityRatio,NDC,ECU,SUPMED3DEFCEJ,E5MED3DEFCEJ,,1,2011,,,,,,1.0
OutputActivityRatio,NDC,ECU,SUPMED3DEFCEJ,E5MED3DEFCEJ,,1,2012,,,,,,1.0
OutputActivityRatio,NDC,ECU,SUPMED3DEFCEJ,E5MED3DEFCEJ,,1,2013,,,,,,1.0
OutputActivityRatio,NDC,ECU,SUPMED3DEFCEJ,E5MED3DEFCEJ,,1,2014,,,,,,1.0
OutputActivityRatio,NDC,ECU,SUPMED3DEFCEJ,E5MED3DEFCEJ,,1,2015,,,,,,1.0
OutputActivityRatio,NDC,ECU,SUPMED3DEFCEJ,E5MED3DEFCEJ,,1,2016,,,,,,1.0
OutputActivityRatio,NDC,ECU,SUPMED3DEFCEJ,E5MED3DEFCEJ,,1,2017,,,,,,1.0
OutputActivityRatio,NDC,ECU,SUPMED3DEFCEJ,E5MED3DEFCEJ,,1,2018,,,,,,1.0
OutputActivityRatio,NDC,ECU,SUPMED3DEFCEJ,E5MED3DEFCEJ,,1,2019,,,,,,1.0
OutputActivityRatio,NDC,ECU,SUPMED3DEFCEJ,E5MED3DEFCEJ,,1,2020,,,,,,1.0
OutputActivityRatio,NDC,ECU,SUPMED3DEFCEJ,E5MED3DEFCEJ,,1,2021,,,,,,1.0
OutputActivityRatio,NDC,ECU,SUPMED3DEFCEJ,E5MED3DEFCEJ,,1,2022,,,,,,1.0
OutputActivityRatio,NDC,ECU,SUPMED3DEFCEJ,E5MED3DEFCEJ,,1,2023,,,,,,1.0
OutputActivityRatio,NDC,ECU,SUPMED3DEFCEJ,E5MED3DEFCEJ,,1,2024,,,,,,1.0
OutputActivityRatio,NDC,ECU,SUPMED3DEFCEJ,E5MED3DEFCEJ,,1,2025,,,,,,1.0
OutputActivityRatio,NDC,ECU,SUPMED3DEFCEJ,E5MED3DEFCEJ,,1,2026,,,,,,1.0
OutputActivityRatio,NDC,ECU,SUPMED3DEFCEJ,E5MED3DEFCEJ,,1,2027,,,,,,1.0
OutputActivityRatio,NDC,ECU,SUPMED3DEFCEJ,E5MED3DEFCEJ,,1,2028,,,,,,1.0
OutputActivityRatio,NDC,ECU,SUPMED3DEFCEJ,E5MED3DEFCEJ,,1,2029,,,,,,1.0
OutputActivityRatio,NDC,ECU,SUPMED3DEFCEJ,E5MED3DEFCEJ,,1,2030,,,,,,1.0
OutputActivityRatio,NDC,ECU,SUPMED3DEFCEJ,E5MED3DEFCEJ,,1,2031,,,,,,1.0
OutputActivityRatio,NDC,ECU,SUPMED3DEFCEJ,E5MED3DEFCEJ,,1,2032,,,,,,1.0
OutputActivityRatio,NDC,ECU,SUPMED3DEFCEJ,E5MED3DEFCEJ,,1,2033,,,,,,1.0
OutputActivityRatio,NDC,ECU,SUPMED3DEFCEJ,E5MED3DEFCEJ,,1,2034,,,,,,1.0
OutputActivityRatio,NDC,ECU,SUPMED3DEFCEJ,E5MED3DEFCEJ,,1,2035,,,,,,1.0
OutputActivityRatio,NDC,ECU,SUPMED3DEFMON,E5MED3DEFMON,,1,2010,,,,,,1.0
OutputActivityRatio,NDC,ECU,SUPMED3DEFMON,E5MED3DEFMON,,1,2011,,,,,,1.0
OutputActivityRatio,NDC,ECU,SUPMED3DEFMON,E5MED3DEFMON,,1,2012,,,,,,1.0
OutputActivityRatio,NDC,ECU,SUPMED3DEFMON,E5MED3DEFMON,,1,2013,,,,,,1.0
OutputActivityRatio,NDC,ECU,SUPMED3DEFMON,E5MED3DEFMON,,1,2014,,,,,,1.0
OutputActivityRatio,NDC,ECU,SUPMED3DEFMON,E5MED3DEFMON,,1,2015,,,,,,1.0
OutputActivityRatio,NDC,ECU,SUPMED3DEFMON,E5MED3DEFMON,,1,2016,,,,,,1.0
OutputActivityRatio,NDC,ECU,SUPMED3DEFMON,E5MED3DEFMON,,1,2017,,,,,,1.0
OutputActivityRatio,NDC,ECU,SUPMED3DEFMON,E5MED3DEFMON,,1,2018,,,,,,1.0
OutputActivityRatio,NDC,ECU,SUPMED3DEFMON,E5MED3DEFMON,,1,2019,,,,,,1.0
OutputActivityRatio,NDC,ECU,SUPMED3DEFMON,E5MED3DEFMON,,1,2020,,,,,,1.0
OutputActivityRatio,NDC,ECU,SUPMED3DEFMON,E5MED3DEFMON,,1,2021,,,,,,1.0
OutputActivityRatio,NDC,ECU,SUPMED3DEFMON,E5MED3DEFMON,,1,2022,,,,,,1.0
OutputActivityRatio,NDC,ECU,SUPMED3DEFMON,E5MED3DEFMON,,1,2023,,,,,,1.0
OutputActivityRatio,NDC,ECU,SUPMED3DEFMON,E5MED3DEFMON,,1,2024,,,,,,1.0
OutputActivityRatio,NDC,ECU,SUPMED3DEFMON,E5MED3DEFMON,,1,2025,,,,,,1.0
OutputActivityRatio,NDC,ECU,SUPMED3DEFMON,E5MED3DEFMON,,1,2026,,,,,,1.0
OutputActivityRatio,NDC,ECU,SUPMED3DEFMON,E5MED3DEFMON,,1,2027,,,,,,1.0
OutputActivityRatio,NDC,ECU,SUPMED3DEFMON,E5MED3DEFMON,,1,2028,,,,,,1.0
OutputActivityRatio,NDC,ECU,SUPMED3DEFMON,E5MED3DEFMON,,1,2029,,,,,,1.0
OutputActivityRatio,NDC,ECU,SUPMED3DEFMON,E5MED3DEFMON,,1,2030,,,,,,1.0
OutputActivityRatio,NDC,ECU,SUPMED3DEFMON,E5MED3DEFMON,,1,2031,,,,,,1.0
OutputActivityRatio,NDC,ECU,SUPMED3DEFMON,E5MED3DEFMON,,1,2032,,,,,,1.0
OutputActivityRatio,NDC,ECU,SUPMED3DEFMON,E5MED3DEFMON,,1,2033,,,,,,1.0
OutputActivityRatio,NDC,ECU,SUPMED3DEFMON,E5MED3DEFMON,,1,2034,,,,,,1.0
OutputActivityRatio,NDC,ECU,SUPMED3DEFMON,E5MED3DEFMON,,1,2035,,,,,,1.0
OutputActivityRatio,NDC,ECU,SUPMED3DEFCEJA,E5MED3DEFCEJA,,1,2010,,,,,,1.0
OutputActivityRatio,NDC,ECU,SUPMED3DEFCEJA,E5MED3DEFCEJA,,1,2011,,,,,,1.0
OutputActivityRatio,NDC,ECU,SUPMED3DEFCEJA,E5MED3DEFCEJA,,1,2012,,,,,,1.0
OutputActivityRatio,NDC,ECU,SUPMED3DEFCEJA,E5MED3DEFCEJA,,1,2013,,,,,,1.0
OutputActivityRatio,NDC,ECU,SUPMED3DEFCEJA,E5MED3DEFCEJA,,1,2014,,,,,,1.0
OutputActivityRatio,NDC,ECU,SUPMED3DEFCEJA,E5MED3DEFCEJA,,1,2015,,,,,,1.0
OutputActivityRatio,NDC,ECU,SUPMED3DEFCEJA,E5MED3DEFCEJA,,1,2016,,,,,,1.0
OutputActivityRatio,NDC,ECU,SUPMED3DEFCEJA,E5MED3DEFCEJA,,1,2017,,,,,,1.0
OutputActivityRatio,NDC,ECU,SUPMED3DEFCEJA,E5MED3DEFCEJA,,1,2018,,,,,,1.0
OutputActivityRatio,NDC,ECU,SUPMED3DEFCEJA,E5MED3DEFCEJA,,1,2019,,,,,,1.0
OutputActivityRatio,NDC,ECU,SUPMED3DEFCEJA,E5MED3DEFCEJA,,1,2020,,,,,,1.0
OutputActivityRatio,NDC,ECU,SUPMED3DEFCEJA,E5MED3DEFCEJA,,1,2021,,,,,,1.0
OutputActivityRatio,NDC,ECU,SUPMED3DEFCEJA,E5MED3DEFCEJA,,1,2022,,,,,,1.0
OutputActivityRatio,NDC,ECU,SUPMED3DEFCEJA,E5MED3DEFCEJA,,1,2023,,,,,,1.0
OutputActivityRatio,NDC,ECU,SUPMED3DEFCEJA,E5MED3DEFCEJA,,1,2024,,,,,,1.0
OutputActivityRatio,NDC,ECU,SUPMED3DEFCEJA,E5MED3DEFCEJA,,1,2025,,,,,,1.0
OutputActivityRatio,NDC,ECU,SUPMED3DEFCEJA,E5MED3DEFCEJA,,1,2026,,,,,,1.0
OutputActivityRatio,NDC,ECU,SUPMED3DEFCEJA,E5MED3DEFCEJA,,1,2027,,,,,,1.0
OutputActivityRatio,NDC,ECU,SUPMED3DEFCEJA,E5MED3DEFCEJA,,1,2028,,,,,,1.0
OutputActivityRatio,NDC,ECU,SUPMED3DEFCEJA,E5MED3DEFCEJA,,1,2029,,,,,,1.0
OutputActivityRatio,NDC,ECU,SUPMED3DEFCEJA,E5MED3DEFCEJA,,1,2030,,,,,,1.0
OutputActivityRatio,NDC,ECU,SUPMED3DEFCEJA,E5MED3DEFCEJA,,1,2031,,,,,,1.0
OutputActivityRatio,NDC,ECU,SUPMED3DEFCEJA,E5MED3DEFCEJA,,1,2032,,,,,,1.0
OutputActivityRatio,NDC,ECU,SUPMED3DEFCEJA,E5MED3DEFCEJA,,1,2033,,,,,,1.0
OutputActivityRatio,NDC,ECU,SUPMED3DEFCEJA,E5MED3DEFCEJA,,1,2034,,,,,,1.0
OutputActivityRatio,NDC,ECU,SUPMED3DEFCEJA,E5MED3DEFCEJA,,1,2035,,,,,,1.0
OutputActivityRatio,NDC,ECU,SUPMED6DABAMA,E5MED6DABAMA,,1,2010,,,,,,1.0
OutputActivityRatio,NDC,ECU,SUPMED6DABAMA,E5MED6DABAMA,,1,2011,,,,,,1.0
OutputActivityRatio,NDC,ECU,SUPMED6DABAMA,E5MED6DABAMA,,1,2012,,,,,,1.0
OutputActivityRatio,NDC,ECU,SUPMED6DABAMA,E5MED6DABAMA,,1,2013,,,,,,1.0
OutputActivityRatio,NDC,ECU,SUPMED6DABAMA,E5MED6DABAMA,,1,2014,,,,,,1.0
OutputActivityRatio,NDC,ECU,SUPMED6DABAMA,E5MED6DABAMA,,1,2015,,,,,,1.0
OutputActivityRatio,NDC,ECU,SUPMED6DABAMA,E5MED6DABAMA,,1,2016,,,,,,1.0
OutputActivityRatio,NDC,ECU,SUPMED6DABAMA,E5MED6DABAMA,,1,2017,,,,,,1.0
OutputActivityRatio,NDC,ECU,SUPMED6DABAMA,E5MED6DABAMA,,1,2018,,,,,,1.0
OutputActivityRatio,NDC,ECU,SUPMED6DABAMA,E5MED6DABAMA,,1,2019,,,,,,1.0
OutputActivityRatio,NDC,ECU,SUPMED6DABAMA,E5MED6DABAMA,,1,2020,,,,,,1.0
OutputActivityRatio,NDC,ECU,SUPMED6DABAMA,E5MED6DABAMA,,1,2021,,,,,,1.0
OutputActivityRatio,NDC,ECU,SUPMED6DABAMA,E5MED6DABAMA,,1,2022,,,,,,1.0
OutputActivityRatio,NDC,ECU,SUPMED6DABAMA,E5MED6DABAMA,,1,2023,,,,,,1.0
OutputActivityRatio,NDC,ECU,SUPMED6DABAMA,E5MED6DABAMA,,1,2024,,,,,,1.0
OutputActivityRatio,NDC,ECU,SUPMED6DABAMA,E5MED6DABAMA,,1,2025,,,,,,1.0
OutputActivityRatio,NDC,ECU,SUPMED6DABAMA,E5MED6DABAMA,,1,2026,,,,,,1.0
OutputActivityRatio,NDC,ECU,SUPMED6DABAMA,E5MED6DABAMA,,1,2027,,,,,,1.0
OutputActivityRatio,NDC,ECU,SUPMED6DABAMA,E5MED6DABAMA,,1,2028,,,,,,1.0
OutputActivityRatio,NDC,ECU,SUPMED6DABAMA,E5MED6DABAMA,,1,2029,,,,,,1.0
OutputActivityRatio,NDC,ECU,SUPMED6DABAMA,E5MED6DABAMA,,1,2030,,,,,,1.0
OutputActivityRatio,NDC,ECU,SUPMED6DABAMA,E5MED6DABAMA,,1,2031,,,,,,1.0
OutputActivityRatio,NDC,ECU,SUPMED6DABAMA,E5MED6DABAMA,,1,2032,,,,,,1.0
OutputActivityRatio,NDC,ECU,SUPMED6DABAMA,E5MED6DABAMA,,1,2033,,,,,,1.0
OutputActivityRatio,NDC,ECU,SUPMED6DABAMA,E5MED6DABAMA,,1,2034,,,,,,1.0
OutputActivityRatio,NDC,ECU,SUPMED6DABAMA,E5MED6DABAMA,,1,2035,,,,,,1.0
OutputActivityRatio,NDC,ECU,SUPMED6DEFAMA,E5MED6DEFAMA,,1,2010,,,,,,1.0
OutputActivityRatio,NDC,ECU,SUPMED6DEFAMA,E5MED6DEFAMA,,1,2011,,,,,,1.0
OutputActivityRatio,NDC,ECU,SUPMED6DEFAMA,E5MED6DEFAMA,,1,2012,,,,,,1.0
OutputActivityRatio,NDC,ECU,SUPMED6DEFAMA,E5MED6DEFAMA,,1,2013,,,,,,1.0
OutputActivityRatio,NDC,ECU,SUPMED6DEFAMA,E5MED6DEFAMA,,1,2014,,,,,,1.0
OutputActivityRatio,NDC,ECU,SUPMED6DEFAMA,E5MED6DEFAMA,,1,2015,,,,,,1.0
OutputActivityRatio,NDC,ECU,SUPMED6DEFAMA,E5MED6DEFAMA,,1,2016,,,,,,1.0
OutputActivityRatio,NDC,ECU,SUPMED6DEFAMA,E5MED6DEFAMA,,1,2017,,,,,,1.0
OutputActivityRatio,NDC,ECU,SUPMED6DEFAMA,E5MED6DEFAMA,,1,2018,,,,,,1.0
OutputActivityRatio,NDC,ECU,SUPMED6DEFAMA,E5MED6DEFAMA,,1,2019,,,,,,1.0
OutputActivityRatio,NDC,ECU,SUPMED6DEFAMA,E5MED6DEFAMA,,1,2020,,,,,,1.0
OutputActivityRatio,NDC,ECU,SUPMED6DEFAMA,E5MED6DEFAMA,,1,2021,,,,,,1.0
OutputActivityRatio,NDC,ECU,SUPMED6DEFAMA,E5MED6DEFAMA,,1,2022,,,,,,1.0
OutputActivityRatio,NDC,ECU,SUPMED6DEFAMA,E5MED6DEFAMA,,1,2023,,,,,,1.0
OutputActivityRatio,NDC,ECU,SUPMED6DEFAMA,E5MED6DEFAMA,,1,2024,,,,,,1.0
OutputActivityRatio,NDC,ECU,SUPMED6DEFAMA,E5MED6DEFAMA,,1,2025,,,,,,1.0
OutputActivityRatio,NDC,ECU,SUPMED6DEFAMA,E5MED6DEFAMA,,1,2026,,,,,,1.0
OutputActivityRatio,NDC,ECU,SUPMED6DEFAMA,E5MED6DEFAMA,,1,2027,,,,,,1.0
OutputActivityRatio,NDC,ECU,SUPMED6DEFAMA,E5MED6DEFAMA,,1,2028,,,,,,1.0
OutputActivityRatio,NDC,ECU,SUPMED6DEFAMA,E5MED6DEFAMA,,1,2029,,,,,,1.0
OutputActivityRatio,NDC,ECU,SUPMED6DEFAMA,E5MED6DEFAMA,,1,2030,,,,,,1.0
OutputActivityRatio,NDC,ECU,SUPMED6DEFAMA,E5MED6DEFAMA,,1,2031,,,,,,1.0
OutputActivityRatio,NDC,ECU,SUPMED6DEFAMA,E5MED6DEFAMA,,1,2032,,,,,,1.0
OutputActivityRatio,NDC,ECU,SUPMED6DEFAMA,E5MED6DEFAMA,,1,2033,,,,,,1.0
OutputActivityRatio,NDC,ECU,SUPMED6DEFAMA,E5MED6DEFAMA,,1,2034,,,,,,1.0
OutputActivityRatio,NDC,ECU,SUPMED6DEFAMA,E5MED6DEFAMA,,1,2035,,,,,,1.0
OutputActivityRatio,NDC,ECU,LU_FOR,E2_FOR,,1,2010,,,,,,1.0
OutputActivityRatio,NDC,ECU,LU_FOR,E2_FOR,,1,2011,,,,,,1.0
OutputActivityRatio,NDC,ECU,LU_FOR,E2_FOR,,1,2012,,,,,,1.0
OutputActivityRatio,NDC,ECU,LU_FOR,E2_FOR,,1,2013,,,,,,1.0
OutputActivityRatio,NDC,ECU,LU_FOR,E2_FOR,,1,2014,,,,,,1.0
OutputActivityRatio,NDC,ECU,LU_FOR,E2_FOR,,1,2015,,,,,,1.0
OutputActivityRatio,NDC,ECU,LU_FOR,E2_FOR,,1,2016,,,,,,1.0
OutputActivityRatio,NDC,ECU,LU_FOR,E2_FOR,,1,2017,,,,,,1.0
OutputActivityRatio,NDC,ECU,LU_FOR,E2_FOR,,1,2018,,,,,,1.0
OutputActivityRatio,NDC,ECU,LU_FOR,E2_FOR,,1,2019,,,,,,1.0
OutputActivityRatio,NDC,ECU,LU_FOR,E2_FOR,,1,2020,,,,,,1.0
OutputActivityRatio,NDC,ECU,LU_FOR,E2_FOR,,1,2021,,,,,,1.0
OutputActivityRatio,NDC,ECU,LU_FOR,E2_FOR,,1,2022,,,,,,1.0
OutputActivityRatio,NDC,ECU,LU_FOR,E2_FOR,,1,2023,,,,,,1.0
OutputActivityRatio,NDC,ECU,LU_FOR,E2_FOR,,1,2024,,,,,,1.0
OutputActivityRatio,NDC,ECU,LU_FOR,E2_FOR,,1,2025,,,,,,1.0
OutputActivityRatio,NDC,ECU,LU_FOR,E2_FOR,,1,2026,,,,,,1.0
OutputActivityRatio,NDC,ECU,LU_FOR,E2_FOR,,1,2027,,,,,,1.0
OutputActivityRatio,NDC,ECU,LU_FOR,E2_FOR,,1,2028,,,,,,1.0
OutputActivityRatio,NDC,ECU,LU_FOR,E2_FOR,,1,2029,,,,,,1.0
OutputActivityRatio,NDC,ECU,LU_FOR,E2_FOR,,1,2030,,,,,,1.0
OutputActivityRatio,NDC,ECU,LU_FOR,E2_FOR,,1,2031,,,,,,1.0
OutputActivityRatio,NDC,ECU,LU_FOR,E2_FOR,,1,2032,,,,,,1.0
OutputActivityRatio,NDC,ECU,LU_FOR,E2_FOR,,1,2033,,,,,,1.0
OutputActivityRatio,NDC,ECU,LU_FOR,E2_FOR,,1,2034,,,,,,1.0
OutputActivityRatio,NDC,ECU,LU_FOR,E2_FOR,,1,2035,,,,,,1.0
OutputActivityRatio,NDC,ECU,LU_WET,E2_WET,,1,2010,,,,,,1.0
OutputActivityRatio,NDC,ECU,LU_WET,E2_WET,,1,2011,,,,,,1.0
OutputActivityRatio,NDC,ECU,LU_WET,E2_WET,,1,2012,,,,,,1.0
OutputActivityRatio,NDC,ECU,LU_WET,E2_WET,,1,2013,,,,,,1.0
OutputActivityRatio,NDC,ECU,LU_WET,E2_WET,,1,2014,,,,,,1.0
OutputActivityRatio,NDC,ECU,LU_WET,E2_WET,,1,2015,,,,,,1.0
OutputActivityRatio,NDC,ECU,LU_WET,E2_WET,,1,2016,,,,,,1.0
OutputActivityRatio,NDC,ECU,LU_WET,E2_WET,,1,2017,,,,,,1.0
OutputActivityRatio,NDC,ECU,LU_WET,E2_WET,,1,2018,,,,,,1.0
OutputActivityRatio,NDC,ECU,LU_WET,E2_WET,,1,2019,,,,,,1.0
OutputActivityRatio,NDC,ECU,LU_WET,E2_WET,,1,2020,,,,,,1.0
OutputActivityRatio,NDC,ECU,LU_WET,E2_WET,,1,2021,,,,,,1.0
OutputActivityRatio,NDC,ECU,LU_WET,E2_WET,,1,2022,,,,,,1.0
OutputActivityRatio,NDC,ECU,LU_WET,E2_WET,,1,2023,,,,,,1.0
OutputActivityRatio,NDC,ECU,LU_WET,E2_WET,,1,2024,,,,,,1.0
OutputActivityRatio,NDC,ECU,LU_WET,E2_WET,,1,2025,,,,,,1.0
OutputActivityRatio,NDC,ECU,LU_WET,E2_WET,,1,2026,,,,,,1.0
OutputActivityRatio,NDC,ECU,LU_WET,E2_WET,,1,2027,,,,,,1.0
OutputActivityRatio,NDC,ECU,LU_WET,E2_WET,,1,2028,,,,,,1.0
OutputActivityRatio,NDC,ECU,LU_WET,E2_WET,,1,2029,,,,,,1.0
OutputActivityRatio,NDC,ECU,LU_WET,E2_WET,,1,2030,,,,,,1.0
OutputActivityRatio,NDC,ECU,LU_WET,E2_WET,,1,2031,,,,,,1.0
OutputActivityRatio,NDC,ECU,LU_WET,E2_WET,,1,2032,,,,,,1.0
OutputActivityRatio,NDC,ECU,LU_WET,E2_WET,,1,2033,,,,,,1.0
OutputActivityRatio,NDC,ECU,LU_WET,E2_WET,,1,2034,,,,,,1.0
OutputActivityRatio,NDC,ECU,LU_WET,E2_WET,,1,2035,,,,,,1.0
OutputActivityRatio,NDC,ECU,LU_CROP,E2_CRO,,1,2010,,,,,,1.0
OutputActivityRatio,NDC,ECU,LU_CROP,E2_CRO,,1,2011,,,,,,1.0
OutputActivityRatio,NDC,ECU,LU_CROP,E2_CRO,,1,2012,,,,,,1.0
OutputActivityRatio,NDC,ECU,LU_CROP,E2_CRO,,1,2013,,,,,,1.0
OutputActivityRatio,NDC,ECU,LU_CROP,E2_CRO,,1,2014,,,,,,1.0
OutputActivityRatio,NDC,ECU,LU_CROP,E2_CRO,,1,2015,,,,,,1.0
OutputActivityRatio,NDC,ECU,LU_CROP,E2_CRO,,1,2016,,,,,,1.0
OutputActivityRatio,NDC,ECU,LU_CROP,E2_CRO,,1,2017,,,,,,1.0
OutputActivityRatio,NDC,ECU,LU_CROP,E2_CRO,,1,2018,,,,,,1.0
OutputActivityRatio,NDC,ECU,LU_CROP,E2_CRO,,1,2019,,,,,,1.0
OutputActivityRatio,NDC,ECU,LU_CROP,E2_CRO,,1,2020,,,,,,1.0
OutputActivityRatio,NDC,ECU,LU_CROP,E2_CRO,,1,2021,,,,,,1.0
OutputActivityRatio,NDC,ECU,LU_CROP,E2_CRO,,1,2022,,,,,,1.0
OutputActivityRatio,NDC,ECU,LU_CROP,E2_CRO,,1,2023,,,,,,1.0
OutputActivityRatio,NDC,ECU,LU_CROP,E2_CRO,,1,2024,,,,,,1.0
OutputActivityRatio,NDC,ECU,LU_CROP,E2_CRO,,1,2025,,,,,,1.0
OutputActivityRatio,NDC,ECU,LU_CROP,E2_CRO,,1,2026,,,,,,1.0
OutputActivityRatio,NDC,ECU,LU_CROP,E2_CRO,,1,2027,,,,,,1.0
OutputActivityRatio,NDC,ECU,LU_CROP,E2_CRO,,1,2028,,,,,,1.0
OutputActivityRatio,NDC,ECU,LU_CROP,E2_CRO,,1,2029,,,,,,1.0
OutputActivityRatio,NDC,ECU,LU_CROP,E2_CRO,,1,2030,,,,,,1.0
OutputActivityRatio,NDC,ECU,LU_CROP,E2_CRO,,1,2031,,,,,,1.0
OutputActivityRatio,NDC,ECU,LU_CROP,E2_CRO,,1,2032,,,,,,1.0
OutputActivityRatio,NDC,ECU,LU_CROP,E2_CRO,,1,2033,,,,,,1.0
OutputActivityRatio,NDC,ECU,LU_CROP,E2_CRO,,1,2034,,,,,,1.0
OutputActivityRatio,NDC,ECU,LU_CROP,E2_CRO,,1,2035,,,,,,1.0
OutputActivityRatio,NDC,ECU,LU_PAS,E2_PAS,,1,2010,,,,,,1.0
OutputActivityRatio,NDC,ECU,LU_PAS,E2_PAS,,1,2011,,,,,,1.0
OutputActivityRatio,NDC,ECU,LU_PAS,E2_PAS,,1,2012,,,,,,1.0
OutputActivityRatio,NDC,ECU,LU_PAS,E2_PAS,,1,2013,,,,,,1.0
OutputActivityRatio,NDC,ECU,LU_PAS,E2_PAS,,1,2014,,,,,,1.0
OutputActivityRatio,NDC,ECU,LU_PAS,E2_PAS,,1,2015,,,,,,1.0
OutputActivityRatio,NDC,ECU,LU_PAS,E2_PAS,,1,2016,,,,,,1.0
OutputActivityRatio,NDC,ECU,LU_PAS,E2_PAS,,1,2017,,,,,,1.0
OutputActivityRatio,NDC,ECU,LU_PAS,E2_PAS,,1,2018,,,,,,1.0
OutputActivityRatio,NDC,ECU,LU_PAS,E2_PAS,,1,2019,,,,,,1.0
OutputActivityRatio,NDC,ECU,LU_PAS,E2_PAS,,1,2020,,,,,,1.0
OutputActivityRatio,NDC,ECU,LU_PAS,E2_PAS,,1,2021,,,,,,1.0
OutputActivityRatio,NDC,ECU,LU_PAS,E2_PAS,,1,2022,,,,,,1.0
OutputActivityRatio,NDC,ECU,LU_PAS,E2_PAS,,1,2023,,,,,,1.0
OutputActivityRatio,NDC,ECU,LU_PAS,E2_PAS,,1,2024,,,,,,1.0
OutputActivityRatio,NDC,ECU,LU_PAS,E2_PAS,,1,2025,,,,,,1.0
OutputActivityRatio,NDC,ECU,LU_PAS,E2_PAS,,1,2026,,,,,,1.0
OutputActivityRatio,NDC,ECU,LU_PAS,E2_PAS,,1,2027,,,,,,1.0
OutputActivityRatio,NDC,ECU,LU_PAS,E2_PAS,,1,2028,,,,,,1.0
OutputActivityRatio,NDC,ECU,LU_PAS,E2_PAS,,1,2029,,,,,,1.0
OutputActivityRatio,NDC,ECU,LU_PAS,E2_PAS,,1,2030,,,,,,1.0
OutputActivityRatio,NDC,ECU,LU_PAS,E2_PAS,,1,2031,,,,,,1.0
OutputActivityRatio,NDC,ECU,LU_PAS,E2_PAS,,1,2032,,,,,,1.0
OutputActivityRatio,NDC,ECU,LU_PAS,E2_PAS,,1,2033,,,,,,1.0
OutputActivityRatio,NDC,ECU,LU_PAS,E2_PAS,,1,2034,,,,,,1.0
OutputActivityRatio,NDC,ECU,LU_PAS,E2_PAS,,1,2035,,,,,,1.0
OutputActivityRatio,NDC,ECU,LU_SET,E2_SET,,1,2010,,,,,,1.0
OutputActivityRatio,NDC,ECU,LU_SET,E2_SET,,1,2011,,,,,,1.0
OutputActivityRatio,NDC,ECU,LU_SET,E2_SET,,1,2012,,,,,,1.0
OutputActivityRatio,NDC,ECU,LU_SET,E2_SET,,1,2013,,,,,,1.0
OutputActivityRatio,NDC,ECU,LU_SET,E2_SET,,1,2014,,,,,,1.0
OutputActivityRatio,NDC,ECU,LU_SET,E2_SET,,1,2015,,,,,,1.0
OutputActivityRatio,NDC,ECU,LU_SET,E2_SET,,1,2016,,,,,,1.0
OutputActivityRatio,NDC,ECU,LU_SET,E2_SET,,1,2017,,,,,,1.0
OutputActivityRatio,NDC,ECU,LU_SET,E2_SET,,1,2018,,,,,,1.0
OutputActivityRatio,NDC,ECU,LU_SET,E2_SET,,1,2019,,,,,,1.0
OutputActivityRatio,NDC,ECU,LU_SET,E2_SET,,1,2020,,,,,,1.0
OutputActivityRatio,NDC,ECU,LU_SET,E2_SET,,1,2021,,,,,,1.0
OutputActivityRatio,NDC,ECU,LU_SET,E2_SET,,1,2022,,,,,,1.0
OutputActivityRatio,NDC,ECU,LU_SET,E2_SET,,1,2023,,,,,,1.0
OutputActivityRatio,NDC,ECU,LU_SET,E2_SET,,1,2024,,,,,,1.0
OutputActivityRatio,NDC,ECU,LU_SET,E2_SET,,1,2025,,,,,,1.0
OutputActivityRatio,NDC,ECU,LU_SET,E2_SET,,1,2026,,,,,,1.0
OutputActivityRatio,NDC,ECU,LU_SET,E2_SET,,1,2027,,,,,,1.0
OutputActivityRatio,NDC,ECU,LU_SET,E2_SET,,1,2028,,,,,,1.0
OutputActivityRatio,NDC,ECU,LU_SET,E2_SET,,1,2029,,,,,,1.0
OutputActivityRatio,NDC,ECU,LU_SET,E2_SET,,1,2030,,,,,,1.0
OutputActivityRatio,NDC,ECU,LU_SET,E2_SET,,1,2031,,,,,,1.0
OutputActivityRatio,NDC,ECU,LU_SET,E2_SET,,1,2032,,,,,,1.0
OutputActivityRatio,NDC,ECU,LU_SET,E2_SET,,1,2033,,,,,,1.0
OutputActivityRatio,NDC,ECU,LU_SET,E2_SET,,1,2034,,,,,,1.0
OutputActivityRatio,NDC,ECU,LU_SET,E2_SET,,1,2035,,,,,,1.0
OutputActivityRatio,NDC,ECU,LU_OTL,E2_OTL,,1,2010,,,,,,1.0
OutputActivityRatio,NDC,ECU,LU_OTL,E2_OTL,,1,2011,,,,,,1.0
OutputActivityRatio,NDC,ECU,LU_OTL,E2_OTL,,1,2012,,,,,,1.0
OutputActivityRatio,NDC,ECU,LU_OTL,E2_OTL,,1,2013,,,,,,1.0
OutputActivityRatio,NDC,ECU,LU_OTL,E2_OTL,,1,2014,,,,,,1.0
OutputActivityRatio,NDC,ECU,LU_OTL,E2_OTL,,1,2015,,,,,,1.0
OutputActivityRatio,NDC,ECU,LU_OTL,E2_OTL,,1,2016,,,,,,1.0
OutputActivityRatio,NDC,ECU,LU_OTL,E2_OTL,,1,2017,,,,,,1.0
OutputActivityRatio,NDC,ECU,LU_OTL,E2_OTL,,1,2018,,,,,,1.0
OutputActivityRatio,NDC,ECU,LU_OTL,E2_OTL,,1,2019,,,,,,1.0
OutputActivityRatio,NDC,ECU,LU_OTL,E2_OTL,,1,2020,,,,,,1.0
OutputActivityRatio,NDC,ECU,LU_OTL,E2_OTL,,1,2021,,,,,,1.0
OutputActivityRatio,NDC,ECU,LU_OTL,E2_OTL,,1,2022,,,,,,1.0
OutputActivityRatio,NDC,ECU,LU_OTL,E2_OTL,,1,2023,,,,,,1.0
OutputActivityRatio,NDC,ECU,LU_OTL,E2_OTL,,1,2024,,,,,,1.0
OutputActivityRatio,NDC,ECU,LU_OTL,E2_OTL,,1,2025,,,,,,1.0
OutputActivityRatio,NDC,ECU,LU_OTL,E2_OTL,,1,2026,,,,,,1.0
OutputActivityRatio,NDC,ECU,LU_OTL,E2_OTL,,1,2027,,,,,,1.0
OutputActivityRatio,NDC,ECU,LU_OTL,E2_OTL,,1,2028,,,,,,1.0
OutputActivityRatio,NDC,ECU,LU_OTL,E2_OTL,,1,2029,,,,,,1.0
OutputActivityRatio,NDC,ECU,LU_OTL,E2_OTL,,1,2030,,,,,,1.0
OutputActivityRatio,NDC,ECU,LU_OTL,E2_OTL,,1,2031,,,,,,1.0
OutputActivityRatio,NDC,ECU,LU_OTL,E2_OTL,,1,2032,,,,,,1.0
OutputActivityRatio,NDC,ECU,LU_OTL,E2_OTL,,1,2033,,,,,,1.0
OutputActivityRatio,NDC,ECU,LU_OTL,E2_OTL,,1,2034,,,,,,1.0
OutputActivityRatio,NDC,ECU,LU_OTL,E2_OTL,,1,2035,,,,,,1.0
OutputActivityRatio,NDC,ECU,LU_NPRAND,E3_NPRAND,,1,2010,,,,,,1.0
OutputActivityRatio,NDC,ECU,LU_NPRAND,E3_NPRAND,,1,2011,,,,,,1.0
OutputActivityRatio,NDC,ECU,LU_NPRAND,E3_NPRAND,,1,2012,,,,,,1.0
OutputActivityRatio,NDC,ECU,LU_NPRAND,E3_NPRAND,,1,2013,,,,,,1.0
OutputActivityRatio,NDC,ECU,LU_NPRAND,E3_NPRAND,,1,2014,,,,,,1.0
OutputActivityRatio,NDC,ECU,LU_NPRAND,E3_NPRAND,,1,2015,,,,,,1.0
OutputActivityRatio,NDC,ECU,LU_NPRAND,E3_NPRAND,,1,2016,,,,,,1.0
OutputActivityRatio,NDC,ECU,LU_NPRAND,E3_NPRAND,,1,2017,,,,,,1.0
OutputActivityRatio,NDC,ECU,LU_NPRAND,E3_NPRAND,,1,2018,,,,,,1.0
OutputActivityRatio,NDC,ECU,LU_NPRAND,E3_NPRAND,,1,2019,,,,,,1.0
OutputActivityRatio,NDC,ECU,LU_NPRAND,E3_NPRAND,,1,2020,,,,,,1.0
OutputActivityRatio,NDC,ECU,LU_NPRAND,E3_NPRAND,,1,2021,,,,,,1.0
OutputActivityRatio,NDC,ECU,LU_NPRAND,E3_NPRAND,,1,2022,,,,,,1.0
OutputActivityRatio,NDC,ECU,LU_NPRAND,E3_NPRAND,,1,2023,,,,,,1.0
OutputActivityRatio,NDC,ECU,LU_NPRAND,E3_NPRAND,,1,2024,,,,,,1.0
OutputActivityRatio,NDC,ECU,LU_NPRAND,E3_NPRAND,,1,2025,,,,,,1.0
OutputActivityRatio,NDC,ECU,LU_NPRAND,E3_NPRAND,,1,2026,,,,,,1.0
OutputActivityRatio,NDC,ECU,LU_NPRAND,E3_NPRAND,,1,2027,,,,,,1.0
OutputActivityRatio,NDC,ECU,LU_NPRAND,E3_NPRAND,,1,2028,,,,,,1.0
OutputActivityRatio,NDC,ECU,LU_NPRAND,E3_NPRAND,,1,2029,,,,,,1.0
OutputActivityRatio,NDC,ECU,LU_NPRAND,E3_NPRAND,,1,2030,,,,,,1.0
OutputActivityRatio,NDC,ECU,LU_NPRAND,E3_NPRAND,,1,2031,,,,,,1.0
OutputActivityRatio,NDC,ECU,LU_NPRAND,E3_NPRAND,,1,2032,,,,,,1.0
OutputActivityRatio,NDC,ECU,LU_NPRAND,E3_NPRAND,,1,2033,,,,,,1.0
OutputActivityRatio,NDC,ECU,LU_NPRAND,E3_NPRAND,,1,2034,,,,,,1.0
OutputActivityRatio,NDC,ECU,LU_NPRAND,E3_NPRAND,,1,2035,,,,,,1.0
OutputActivityRatio,NDC,ECU,LU_NUNAND,E3_NUNAND,,1,2010,,,,,,1.0
OutputActivityRatio,NDC,ECU,LU_NUNAND,E3_NUNAND,,1,2011,,,,,,1.0
OutputActivityRatio,NDC,ECU,LU_NUNAND,E3_NUNAND,,1,2012,,,,,,1.0
OutputActivityRatio,NDC,ECU,LU_NUNAND,E3_NUNAND,,1,2013,,,,,,1.0
OutputActivityRatio,NDC,ECU,LU_NUNAND,E3_NUNAND,,1,2014,,,,,,1.0
OutputActivityRatio,NDC,ECU,LU_NUNAND,E3_NUNAND,,1,2015,,,,,,1.0
OutputActivityRatio,NDC,ECU,LU_NUNAND,E3_NUNAND,,1,2016,,,,,,1.0
OutputActivityRatio,NDC,ECU,LU_NUNAND,E3_NUNAND,,1,2017,,,,,,1.0
OutputActivityRatio,NDC,ECU,LU_NUNAND,E3_NUNAND,,1,2018,,,,,,1.0
OutputActivityRatio,NDC,ECU,LU_NUNAND,E3_NUNAND,,1,2019,,,,,,1.0
OutputActivityRatio,NDC,ECU,LU_NUNAND,E3_NUNAND,,1,2020,,,,,,1.0
OutputActivityRatio,NDC,ECU,LU_NUNAND,E3_NUNAND,,1,2021,,,,,,1.0
OutputActivityRatio,NDC,ECU,LU_NUNAND,E3_NUNAND,,1,2022,,,,,,1.0
OutputActivityRatio,NDC,ECU,LU_NUNAND,E3_NUNAND,,1,2023,,,,,,1.0
OutputActivityRatio,NDC,ECU,LU_NUNAND,E3_NUNAND,,1,2024,,,,,,1.0
OutputActivityRatio,NDC,ECU,LU_NUNAND,E3_NUNAND,,1,2025,,,,,,1.0
OutputActivityRatio,NDC,ECU,LU_NUNAND,E3_NUNAND,,1,2026,,,,,,1.0
OutputActivityRatio,NDC,ECU,LU_NUNAND,E3_NUNAND,,1,2027,,,,,,1.0
OutputActivityRatio,NDC,ECU,LU_NUNAND,E3_NUNAND,,1,2028,,,,,,1.0
OutputActivityRatio,NDC,ECU,LU_NUNAND,E3_NUNAND,,1,2029,,,,,,1.0
OutputActivityRatio,NDC,ECU,LU_NUNAND,E3_NUNAND,,1,2030,,,,,,1.0
OutputActivityRatio,NDC,ECU,LU_NUNAND,E3_NUNAND,,1,2031,,,,,,1.0
OutputActivityRatio,NDC,ECU,LU_NUNAND,E3_NUNAND,,1,2032,,,,,,1.0
OutputActivityRatio,NDC,ECU,LU_NUNAND,E3_NUNAND,,1,2033,,,,,,1.0
OutputActivityRatio,NDC,ECU,LU_NUNAND,E3_NUNAND,,1,2034,,,,,,1.0
OutputActivityRatio,NDC,ECU,LU_NUNAND,E3_NUNAND,,1,2035,,,,,,1.0
OutputActivityRatio,NDC,ECU,LU_NPRPLU,E3_NPRPLU,,1,2010,,,,,,1.0
OutputActivityRatio,NDC,ECU,LU_NPRPLU,E3_NPRPLU,,1,2011,,,,,,1.0
OutputActivityRatio,NDC,ECU,LU_NPRPLU,E3_NPRPLU,,1,2012,,,,,,1.0
OutputActivityRatio,NDC,ECU,LU_NPRPLU,E3_NPRPLU,,1,2013,,,,,,1.0
OutputActivityRatio,NDC,ECU,LU_NPRPLU,E3_NPRPLU,,1,2014,,,,,,1.0
OutputActivityRatio,NDC,ECU,LU_NPRPLU,E3_NPRPLU,,1,2015,,,,,,1.0
OutputActivityRatio,NDC,ECU,LU_NPRPLU,E3_NPRPLU,,1,2016,,,,,,1.0
OutputActivityRatio,NDC,ECU,LU_NPRPLU,E3_NPRPLU,,1,2017,,,,,,1.0
OutputActivityRatio,NDC,ECU,LU_NPRPLU,E3_NPRPLU,,1,2018,,,,,,1.0
OutputActivityRatio,NDC,ECU,LU_NPRPLU,E3_NPRPLU,,1,2019,,,,,,1.0
OutputActivityRatio,NDC,ECU,LU_NPRPLU,E3_NPRPLU,,1,2020,,,,,,1.0
OutputActivityRatio,NDC,ECU,LU_NPRPLU,E3_NPRPLU,,1,2021,,,,,,1.0
OutputActivityRatio,NDC,ECU,LU_NPRPLU,E3_NPRPLU,,1,2022,,,,,,1.0
OutputActivityRatio,NDC,ECU,LU_NPRPLU,E3_NPRPLU,,1,2023,,,,,,1.0
OutputActivityRatio,NDC,ECU,LU_NPRPLU,E3_NPRPLU,,1,2024,,,,,,1.0
OutputActivityRatio,NDC,ECU,LU_NPRPLU,E3_NPRPLU,,1,2025,,,,,,1.0
OutputActivityRatio,NDC,ECU,LU_NPRPLU,E3_NPRPLU,,1,2026,,,,,,1.0
OutputActivityRatio,NDC,ECU,LU_NPRPLU,E3_NPRPLU,,1,2027,,,,,,1.0
OutputActivityRatio,NDC,ECU,LU_NPRPLU,E3_NPRPLU,,1,2028,,,,,,1.0
OutputActivityRatio,NDC,ECU,LU_NPRPLU,E3_NPRPLU,,1,2029,,,,,,1.0
OutputActivityRatio,NDC,ECU,LU_NPRPLU,E3_NPRPLU,,1,2030,,,,,,1.0
OutputActivityRatio,NDC,ECU,LU_NPRPLU,E3_NPRPLU,,1,2031,,,,,,1.0
OutputActivityRatio,NDC,ECU,LU_NPRPLU,E3_NPRPLU,,1,2032,,,,,,1.0
OutputActivityRatio,NDC,ECU,LU_NPRPLU,E3_NPRPLU,,1,2033,,,,,,1.0
OutputActivityRatio,NDC,ECU,LU_NPRPLU,E3_NPRPLU,,1,2034,,,,,,1.0
OutputActivityRatio,NDC,ECU,LU_NPRPLU,E3_NPRPLU,,1,2035,,,,,,1.0
OutputActivityRatio,NDC,ECU,LU_NUNPLU,E3_NUNPLU,,1,2010,,,,,,1.0
OutputActivityRatio,NDC,ECU,LU_NUNPLU,E3_NUNPLU,,1,2011,,,,,,1.0
OutputActivityRatio,NDC,ECU,LU_NUNPLU,E3_NUNPLU,,1,2012,,,,,,1.0
OutputActivityRatio,NDC,ECU,LU_NUNPLU,E3_NUNPLU,,1,2013,,,,,,1.0
OutputActivityRatio,NDC,ECU,LU_NUNPLU,E3_NUNPLU,,1,2014,,,,,,1.0
OutputActivityRatio,NDC,ECU,LU_NUNPLU,E3_NUNPLU,,1,2015,,,,,,1.0
OutputActivityRatio,NDC,ECU,LU_NUNPLU,E3_NUNPLU,,1,2016,,,,,,1.0
OutputActivityRatio,NDC,ECU,LU_NUNPLU,E3_NUNPLU,,1,2017,,,,,,1.0
OutputActivityRatio,NDC,ECU,LU_NUNPLU,E3_NUNPLU,,1,2018,,,,,,1.0
OutputActivityRatio,NDC,ECU,LU_NUNPLU,E3_NUNPLU,,1,2019,,,,,,1.0
OutputActivityRatio,NDC,ECU,LU_NUNPLU,E3_NUNPLU,,1,2020,,,,,,1.0
OutputActivityRatio,NDC,ECU,LU_NUNPLU,E3_NUNPLU,,1,2021,,,,,,1.0
OutputActivityRatio,NDC,ECU,LU_NUNPLU,E3_NUNPLU,,1,2022,,,,,,1.0
OutputActivityRatio,NDC,ECU,LU_NUNPLU,E3_NUNPLU,,1,2023,,,,,,1.0
OutputActivityRatio,NDC,ECU,LU_NUNPLU,E3_NUNPLU,,1,2024,,,,,,1.0
OutputActivityRatio,NDC,ECU,LU_NUNPLU,E3_NUNPLU,,1,2025,,,,,,1.0
OutputActivityRatio,NDC,ECU,LU_NUNPLU,E3_NUNPLU,,1,2026,,,,,,1.0
OutputActivityRatio,NDC,ECU,LU_NUNPLU,E3_NUNPLU,,1,2027,,,,,,1.0
OutputActivityRatio,NDC,ECU,LU_NUNPLU,E3_NUNPLU,,1,2028,,,,,,1.0
OutputActivityRatio,NDC,ECU,LU_NUNPLU,E3_NUNPLU,,1,2029,,,,,,1.0
OutputActivityRatio,NDC,ECU,LU_NUNPLU,E3_NUNPLU,,1,2030,,,,,,1.0
OutputActivityRatio,NDC,ECU,LU_NUNPLU,E3_NUNPLU,,1,2031,,,,,,1.0
OutputActivityRatio,NDC,ECU,LU_NUNPLU,E3_NUNPLU,,1,2032,,,,,,1.0
OutputActivityRatio,NDC,ECU,LU_NUNPLU,E3_NUNPLU,,1,2033,,,,,,1.0
OutputActivityRatio,NDC,ECU,LU_NUNPLU,E3_NUNPLU,,1,2034,,,,,,1.0
OutputActivityRatio,NDC,ECU,LU_NUNPLU,E3_NUNPLU,,1,2035,,,,,,1.0
OutputActivityRatio,NDC,ECU,LU_NPRMON,E3_NPRMON,,1,2010,,,,,,1.0
OutputActivityRatio,NDC,ECU,LU_NPRMON,E3_NPRMON,,1,2011,,,,,,1.0
OutputActivityRatio,NDC,ECU,LU_NPRMON,E3_NPRMON,,1,2012,,,,,,1.0
OutputActivityRatio,NDC,ECU,LU_NPRMON,E3_NPRMON,,1,2013,,,,,,1.0
OutputActivityRatio,NDC,ECU,LU_NPRMON,E3_NPRMON,,1,2014,,,,,,1.0
OutputActivityRatio,NDC,ECU,LU_NPRMON,E3_NPRMON,,1,2015,,,,,,1.0
OutputActivityRatio,NDC,ECU,LU_NPRMON,E3_NPRMON,,1,2016,,,,,,1.0
OutputActivityRatio,NDC,ECU,LU_NPRMON,E3_NPRMON,,1,2017,,,,,,1.0
OutputActivityRatio,NDC,ECU,LU_NPRMON,E3_NPRMON,,1,2018,,,,,,1.0
OutputActivityRatio,NDC,ECU,LU_NPRMON,E3_NPRMON,,1,2019,,,,,,1.0
OutputActivityRatio,NDC,ECU,LU_NPRMON,E3_NPRMON,,1,2020,,,,,,1.0
OutputActivityRatio,NDC,ECU,LU_NPRMON,E3_NPRMON,,1,2021,,,,,,1.0
OutputActivityRatio,NDC,ECU,LU_NPRMON,E3_NPRMON,,1,2022,,,,,,1.0
OutputActivityRatio,NDC,ECU,LU_NPRMON,E3_NPRMON,,1,2023,,,,,,1.0
OutputActivityRatio,NDC,ECU,LU_NPRMON,E3_NPRMON,,1,2024,,,,,,1.0
OutputActivityRatio,NDC,ECU,LU_NPRMON,E3_NPRMON,,1,2025,,,,,,1.0
OutputActivityRatio,NDC,ECU,LU_NPRMON,E3_NPRMON,,1,2026,,,,,,1.0
OutputActivityRatio,NDC,ECU,LU_NPRMON,E3_NPRMON,,1,2027,,,,,,1.0
OutputActivityRatio,NDC,ECU,LU_NPRMON,E3_NPRMON,,1,2028,,,,,,1.0
OutputActivityRatio,NDC,ECU,LU_NPRMON,E3_NPRMON,,1,2029,,,,,,1.0
OutputActivityRatio,NDC,ECU,LU_NPRMON,E3_NPRMON,,1,2030,,,,,,1.0
OutputActivityRatio,NDC,ECU,LU_NPRMON,E3_NPRMON,,1,2031,,,,,,1.0
OutputActivityRatio,NDC,ECU,LU_NPRMON,E3_NPRMON,,1,2032,,,,,,1.0
OutputActivityRatio,NDC,ECU,LU_NPRMON,E3_NPRMON,,1,2033,,,,,,1.0
OutputActivityRatio,NDC,ECU,LU_NPRMON,E3_NPRMON,,1,2034,,,,,,1.0
OutputActivityRatio,NDC,ECU,LU_NPRMON,E3_NPRMON,,1,2035,,,,,,1.0
OutputActivityRatio,NDC,ECU,LU_NUNMON,E3_NUNMON,,1,2010,,,,,,1.0
OutputActivityRatio,NDC,ECU,LU_NUNMON,E3_NUNMON,,1,2011,,,,,,1.0
OutputActivityRatio,NDC,ECU,LU_NUNMON,E3_NUNMON,,1,2012,,,,,,1.0
OutputActivityRatio,NDC,ECU,LU_NUNMON,E3_NUNMON,,1,2013,,,,,,1.0
OutputActivityRatio,NDC,ECU,LU_NUNMON,E3_NUNMON,,1,2014,,,,,,1.0
OutputActivityRatio,NDC,ECU,LU_NUNMON,E3_NUNMON,,1,2015,,,,,,1.0
OutputActivityRatio,NDC,ECU,LU_NUNMON,E3_NUNMON,,1,2016,,,,,,1.0
OutputActivityRatio,NDC,ECU,LU_NUNMON,E3_NUNMON,,1,2017,,,,,,1.0
OutputActivityRatio,NDC,ECU,LU_NUNMON,E3_NUNMON,,1,2018,,,,,,1.0
OutputActivityRatio,NDC,ECU,LU_NUNMON,E3_NUNMON,,1,2019,,,,,,1.0
OutputActivityRatio,NDC,ECU,LU_NUNMON,E3_NUNMON,,1,2020,,,,,,1.0
OutputActivityRatio,NDC,ECU,LU_NUNMON,E3_NUNMON,,1,2021,,,,,,1.0
OutputActivityRatio,NDC,ECU,LU_NUNMON,E3_NUNMON,,1,2022,,,,,,1.0
OutputActivityRatio,NDC,ECU,LU_NUNMON,E3_NUNMON,,1,2023,,,,,,1.0
OutputActivityRatio,NDC,ECU,LU_NUNMON,E3_NUNMON,,1,2024,,,,,,1.0
OutputActivityRatio,NDC,ECU,LU_NUNMON,E3_NUNMON,,1,2025,,,,,,1.0
OutputActivityRatio,NDC,ECU,LU_NUNMON,E3_NUNMON,,1,2026,,,,,,1.0
OutputActivityRatio,NDC,ECU,LU_NUNMON,E3_NUNMON,,1,2027,,,,,,1.0
OutputActivityRatio,NDC,ECU,LU_NUNMON,E3_NUNMON,,1,2028,,,,,,1.0
OutputActivityRatio,NDC,ECU,LU_NUNMON,E3_NUNMON,,1,2029,,,,,,1.0
OutputActivityRatio,NDC,ECU,LU_NUNMON,E3_NUNMON,,1,2030,,,,,,1.0
OutputActivityRatio,NDC,ECU,LU_NUNMON,E3_NUNMON,,1,2031,,,,,,1.0
OutputActivityRatio,NDC,ECU,LU_NUNMON,E3_NUNMON,,1,2032,,,,,,1.0
OutputActivityRatio,NDC,ECU,LU_NUNMON,E3_NUNMON,,1,2033,,,,,,1.0
OutputActivityRatio,NDC,ECU,LU_NUNMON,E3_NUNMON,,1,2034,,,,,,1.0
OutputActivityRatio,NDC,ECU,LU_NUNMON,E3_NUNMON,,1,2035,,,,,,1.0
OutputActivityRatio,NDC,ECU,LU_NPRPIE,E3_NPRPIE,,1,2010,,,,,,1.0
OutputActivityRatio,NDC,ECU,LU_NPRPIE,E3_NPRPIE,,1,2011,,,,,,1.0
OutputActivityRatio,NDC,ECU,LU_NPRPIE,E3_NPRPIE,,1,2012,,,,,,1.0
OutputActivityRatio,NDC,ECU,LU_NPRPIE,E3_NPRPIE,,1,2013,,,,,,1.0
OutputActivityRatio,NDC,ECU,LU_NPRPIE,E3_NPRPIE,,1,2014,,,,,,1.0
OutputActivityRatio,NDC,ECU,LU_NPRPIE,E3_NPRPIE,,1,2015,,,,,,1.0
OutputActivityRatio,NDC,ECU,LU_NPRPIE,E3_NPRPIE,,1,2016,,,,,,1.0
OutputActivityRatio,NDC,ECU,LU_NPRPIE,E3_NPRPIE,,1,2017,,,,,,1.0
OutputActivityRatio,NDC,ECU,LU_NPRPIE,E3_NPRPIE,,1,2018,,,,,,1.0
OutputActivityRatio,NDC,ECU,LU_NPRPIE,E3_NPRPIE,,1,2019,,,,,,1.0
OutputActivityRatio,NDC,ECU,LU_NPRPIE,E3_NPRPIE,,1,2020,,,,,,1.0
OutputActivityRatio,NDC,ECU,LU_NPRPIE,E3_NPRPIE,,1,2021,,,,,,1.0
OutputActivityRatio,NDC,ECU,LU_NPRPIE,E3_NPRPIE,,1,2022,,,,,,1.0
OutputActivityRatio,NDC,ECU,LU_NPRPIE,E3_NPRPIE,,1,2023,,,,,,1.0
OutputActivityRatio,NDC,ECU,LU_NPRPIE,E3_NPRPIE,,1,2024,,,,,,1.0
OutputActivityRatio,NDC,ECU,LU_NPRPIE,E3_NPRPIE,,1,2025,,,,,,1.0
OutputActivityRatio,NDC,ECU,LU_NPRPIE,E3_NPRPIE,,1,2026,,,,,,1.0
OutputActivityRatio,NDC,ECU,LU_NPRPIE,E3_NPRPIE,,1,2027,,,,,,1.0
OutputActivityRatio,NDC,ECU,LU_NPRPIE,E3_NPRPIE,,1,2028,,,,,,1.0
OutputActivityRatio,NDC,ECU,LU_NPRPIE,E3_NPRPIE,,1,2029,,,,,,1.0
OutputActivityRatio,NDC,ECU,LU_NPRPIE,E3_NPRPIE,,1,2030,,,,,,1.0
OutputActivityRatio,NDC,ECU,LU_NPRPIE,E3_NPRPIE,,1,2031,,,,,,1.0
OutputActivityRatio,NDC,ECU,LU_NPRPIE,E3_NPRPIE,,1,2032,,,,,,1.0
OutputActivityRatio,NDC,ECU,LU_NPRPIE,E3_NPRPIE,,1,2033,,,,,,1.0
OutputActivityRatio,NDC,ECU,LU_NPRPIE,E3_NPRPIE,,1,2034,,,,,,1.0
OutputActivityRatio,NDC,ECU,LU_NPRPIE,E3_NPRPIE,,1,2035,,,,,,1.0
OutputActivityRatio,NDC,ECU,LU_NUNPIE,E3_NUNPIE,,1,2010,,,,,,1.0
OutputActivityRatio,NDC,ECU,LU_NUNPIE,E3_NUNPIE,,1,2011,,,,,,1.0
OutputActivityRatio,NDC,ECU,LU_NUNPIE,E3_NUNPIE,,1,2012,,,,,,1.0
OutputActivityRatio,NDC,ECU,LU_NUNPIE,E3_NUNPIE,,1,2013,,,,,,1.0
OutputActivityRatio,NDC,ECU,LU_NUNPIE,E3_NUNPIE,,1,2014,,,,,,1.0
OutputActivityRatio,NDC,ECU,LU_NUNPIE,E3_NUNPIE,,1,2015,,,,,,1.0
OutputActivityRatio,NDC,ECU,LU_NUNPIE,E3_NUNPIE,,1,2016,,,,,,1.0
OutputActivityRatio,NDC,ECU,LU_NUNPIE,E3_NUNPIE,,1,2017,,,,,,1.0
OutputActivityRatio,NDC,ECU,LU_NUNPIE,E3_NUNPIE,,1,2018,,,,,,1.0
OutputActivityRatio,NDC,ECU,LU_NUNPIE,E3_NUNPIE,,1,2019,,,,,,1.0
OutputActivityRatio,NDC,ECU,LU_NUNPIE,E3_NUNPIE,,1,2020,,,,,,1.0
OutputActivityRatio,NDC,ECU,LU_NUNPIE,E3_NUNPIE,,1,2021,,,,,,1.0
OutputActivityRatio,NDC,ECU,LU_NUNPIE,E3_NUNPIE,,1,2022,,,,,,1.0
OutputActivityRatio,NDC,ECU,LU_NUNPIE,E3_NUNPIE,,1,2023,,,,,,1.0
OutputActivityRatio,NDC,ECU,LU_NUNPIE,E3_NUNPIE,,1,2024,,,,,,1.0
OutputActivityRatio,NDC,ECU,LU_NUNPIE,E3_NUNPIE,,1,2025,,,,,,1.0
OutputActivityRatio,NDC,ECU,LU_NUNPIE,E3_NUNPIE,,1,2026,,,,,,1.0
OutputActivityRatio,NDC,ECU,LU_NUNPIE,E3_NUNPIE,,1,2027,,,,,,1.0
OutputActivityRatio,NDC,ECU,LU_NUNPIE,E3_NUNPIE,,1,2028,,,,,,1.0
OutputActivityRatio,NDC,ECU,LU_NUNPIE,E3_NUNPIE,,1,2029,,,,,,1.0
OutputActivityRatio,NDC,ECU,LU_NUNPIE,E3_NUNPIE,,1,2030,,,,,,1.0
OutputActivityRatio,NDC,ECU,LU_NUNPIE,E3_NUNPIE,,1,2031,,,,,,1.0
OutputActivityRatio,NDC,ECU,LU_NUNPIE,E3_NUNPIE,,1,2032,,,,,,1.0
OutputActivityRatio,NDC,ECU,LU_NUNPIE,E3_NUNPIE,,1,2033,,,,,,1.0
OutputActivityRatio,NDC,ECU,LU_NUNPIE,E3_NUNPIE,,1,2034,,,,,,1.0
OutputActivityRatio,NDC,ECU,LU_NUNPIE,E3_NUNPIE,,1,2035,,,,,,1.0
OutputActivityRatio,NDC,ECU,LU_NPRCEJ,E3_NPRCEJ,,1,2010,,,,,,1.0
OutputActivityRatio,NDC,ECU,LU_NPRCEJ,E3_NPRCEJ,,1,2011,,,,,,1.0
OutputActivityRatio,NDC,ECU,LU_NPRCEJ,E3_NPRCEJ,,1,2012,,,,,,1.0
OutputActivityRatio,NDC,ECU,LU_NPRCEJ,E3_NPRCEJ,,1,2013,,,,,,1.0
OutputActivityRatio,NDC,ECU,LU_NPRCEJ,E3_NPRCEJ,,1,2014,,,,,,1.0
OutputActivityRatio,NDC,ECU,LU_NPRCEJ,E3_NPRCEJ,,1,2015,,,,,,1.0
OutputActivityRatio,NDC,ECU,LU_NPRCEJ,E3_NPRCEJ,,1,2016,,,,,,1.0
OutputActivityRatio,NDC,ECU,LU_NPRCEJ,E3_NPRCEJ,,1,2017,,,,,,1.0
OutputActivityRatio,NDC,ECU,LU_NPRCEJ,E3_NPRCEJ,,1,2018,,,,,,1.0
OutputActivityRatio,NDC,ECU,LU_NPRCEJ,E3_NPRCEJ,,1,2019,,,,,,1.0
OutputActivityRatio,NDC,ECU,LU_NPRCEJ,E3_NPRCEJ,,1,2020,,,,,,1.0
OutputActivityRatio,NDC,ECU,LU_NPRCEJ,E3_NPRCEJ,,1,2021,,,,,,1.0
OutputActivityRatio,NDC,ECU,LU_NPRCEJ,E3_NPRCEJ,,1,2022,,,,,,1.0
OutputActivityRatio,NDC,ECU,LU_NPRCEJ,E3_NPRCEJ,,1,2023,,,,,,1.0
OutputActivityRatio,NDC,ECU,LU_NPRCEJ,E3_NPRCEJ,,1,2024,,,,,,1.0
OutputActivityRatio,NDC,ECU,LU_NPRCEJ,E3_NPRCEJ,,1,2025,,,,,,1.0
OutputActivityRatio,NDC,ECU,LU_NPRCEJ,E3_NPRCEJ,,1,2026,,,,,,1.0
OutputActivityRatio,NDC,ECU,LU_NPRCEJ,E3_NPRCEJ,,1,2027,,,,,,1.0
OutputActivityRatio,NDC,ECU,LU_NPRCEJ,E3_NPRCEJ,,1,2028,,,,,,1.0
OutputActivityRatio,NDC,ECU,LU_NPRCEJ,E3_NPRCEJ,,1,2029,,,,,,1.0
OutputActivityRatio,NDC,ECU,LU_NPRCEJ,E3_NPRCEJ,,1,2030,,,,,,1.0
OutputActivityRatio,NDC,ECU,LU_NPRCEJ,E3_NPRCEJ,,1,2031,,,,,,1.0
OutputActivityRatio,NDC,ECU,LU_NPRCEJ,E3_NPRCEJ,,1,2032,,,,,,1.0
OutputActivityRatio,NDC,ECU,LU_NPRCEJ,E3_NPRCEJ,,1,2033,,,,,,1.0
OutputActivityRatio,NDC,ECU,LU_NPRCEJ,E3_NPRCEJ,,1,2034,,,,,,1.0
OutputActivityRatio,NDC,ECU,LU_NPRCEJ,E3_NPRCEJ,,1,2035,,,,,,1.0
OutputActivityRatio,NDC,ECU,LU_NUNCEJ,E3_NUNCEJ,,1,2010,,,,,,1.0
OutputActivityRatio,NDC,ECU,LU_NUNCEJ,E3_NUNCEJ,,1,2011,,,,,,1.0
OutputActivityRatio,NDC,ECU,LU_NUNCEJ,E3_NUNCEJ,,1,2012,,,,,,1.0
OutputActivityRatio,NDC,ECU,LU_NUNCEJ,E3_NUNCEJ,,1,2013,,,,,,1.0
OutputActivityRatio,NDC,ECU,LU_NUNCEJ,E3_NUNCEJ,,1,2014,,,,,,1.0
OutputActivityRatio,NDC,ECU,LU_NUNCEJ,E3_NUNCEJ,,1,2015,,,,,,1.0
OutputActivityRatio,NDC,ECU,LU_NUNCEJ,E3_NUNCEJ,,1,2016,,,,,,1.0
OutputActivityRatio,NDC,ECU,LU_NUNCEJ,E3_NUNCEJ,,1,2017,,,,,,1.0
OutputActivityRatio,NDC,ECU,LU_NUNCEJ,E3_NUNCEJ,,1,2018,,,,,,1.0
OutputActivityRatio,NDC,ECU,LU_NUNCEJ,E3_NUNCEJ,,1,2019,,,,,,1.0
OutputActivityRatio,NDC,ECU,LU_NUNCEJ,E3_NUNCEJ,,1,2020,,,,,,1.0
OutputActivityRatio,NDC,ECU,LU_NUNCEJ,E3_NUNCEJ,,1,2021,,,,,,1.0
OutputActivityRatio,NDC,ECU,LU_NUNCEJ,E3_NUNCEJ,,1,2022,,,,,,1.0
OutputActivityRatio,NDC,ECU,LU_NUNCEJ,E3_NUNCEJ,,1,2023,,,,,,1.0
OutputActivityRatio,NDC,ECU,LU_NUNCEJ,E3_NUNCEJ,,1,2024,,,,,,1.0
OutputActivityRatio,NDC,ECU,LU_NUNCEJ,E3_NUNCEJ,,1,2025,,,,,,1.0
OutputActivityRatio,NDC,ECU,LU_NUNCEJ,E3_NUNCEJ,,1,2026,,,,,,1.0
OutputActivityRatio,NDC,ECU,LU_NUNCEJ,E3_NUNCEJ,,1,2027,,,,,,1.0
OutputActivityRatio,NDC,ECU,LU_NUNCEJ,E3_NUNCEJ,,1,2028,,,,,,1.0
OutputActivityRatio,NDC,ECU,LU_NUNCEJ,E3_NUNCEJ,,1,2029,,,,,,1.0
OutputActivityRatio,NDC,ECU,LU_NUNCEJ,E3_NUNCEJ,,1,2030,,,,,,1.0
OutputActivityRatio,NDC,ECU,LU_NUNCEJ,E3_NUNCEJ,,1,2031,,,,,,1.0
OutputActivityRatio,NDC,ECU,LU_NUNCEJ,E3_NUNCEJ,,1,2032,,,,,,1.0
OutputActivityRatio,NDC,ECU,LU_NUNCEJ,E3_NUNCEJ,,1,2033,,,,,,1.0
OutputActivityRatio,NDC,ECU,LU_NUNCEJ,E3_NUNCEJ,,1,2034,,,,,,1.0
OutputActivityRatio,NDC,ECU,LU_NUNCEJ,E3_NUNCEJ,,1,2035,,,,,,1.0
OutputActivityRatio,NDC,ECU,LU_NPRAMA,E3_NPRAMA,,1,2010,,,,,,1.0
OutputActivityRatio,NDC,ECU,LU_NPRAMA,E3_NPRAMA,,1,2011,,,,,,1.0
OutputActivityRatio,NDC,ECU,LU_NPRAMA,E3_NPRAMA,,1,2012,,,,,,1.0
OutputActivityRatio,NDC,ECU,LU_NPRAMA,E3_NPRAMA,,1,2013,,,,,,1.0
OutputActivityRatio,NDC,ECU,LU_NPRAMA,E3_NPRAMA,,1,2014,,,,,,1.0
OutputActivityRatio,NDC,ECU,LU_NPRAMA,E3_NPRAMA,,1,2015,,,,,,1.0
OutputActivityRatio,NDC,ECU,LU_NPRAMA,E3_NPRAMA,,1,2016,,,,,,1.0
OutputActivityRatio,NDC,ECU,LU_NPRAMA,E3_NPRAMA,,1,2017,,,,,,1.0
OutputActivityRatio,NDC,ECU,LU_NPRAMA,E3_NPRAMA,,1,2018,,,,,,1.0
OutputActivityRatio,NDC,ECU,LU_NPRAMA,E3_NPRAMA,,1,2019,,,,,,1.0
OutputActivityRatio,NDC,ECU,LU_NPRAMA,E3_NPRAMA,,1,2020,,,,,,1.0
OutputActivityRatio,NDC,ECU,LU_NPRAMA,E3_NPRAMA,,1,2021,,,,,,1.0
OutputActivityRatio,NDC,ECU,LU_NPRAMA,E3_NPRAMA,,1,2022,,,,,,1.0
OutputActivityRatio,NDC,ECU,LU_NPRAMA,E3_NPRAMA,,1,2023,,,,,,1.0
OutputActivityRatio,NDC,ECU,LU_NPRAMA,E3_NPRAMA,,1,2024,,,,,,1.0
OutputActivityRatio,NDC,ECU,LU_NPRAMA,E3_NPRAMA,,1,2025,,,,,,1.0
OutputActivityRatio,NDC,ECU,LU_NPRAMA,E3_NPRAMA,,1,2026,,,,,,1.0
OutputActivityRatio,NDC,ECU,LU_NPRAMA,E3_NPRAMA,,1,2027,,,,,,1.0
OutputActivityRatio,NDC,ECU,LU_NPRAMA,E3_NPRAMA,,1,2028,,,,,,1.0
OutputActivityRatio,NDC,ECU,LU_NPRAMA,E3_NPRAMA,,1,2029,,,,,,1.0
OutputActivityRatio,NDC,ECU,LU_NPRAMA,E3_NPRAMA,,1,2030,,,,,,1.0
OutputActivityRatio,NDC,ECU,LU_NPRAMA,E3_NPRAMA,,1,2031,,,,,,1.0
OutputActivityRatio,NDC,ECU,LU_NPRAMA,E3_NPRAMA,,1,2032,,,,,,1.0
OutputActivityRatio,NDC,ECU,LU_NPRAMA,E3_NPRAMA,,1,2033,,,,,,1.0
OutputActivityRatio,NDC,ECU,LU_NPRAMA,E3_NPRAMA,,1,2034,,,,,,1.0
OutputActivityRatio,NDC,ECU,LU_NPRAMA,E3_NPRAMA,,1,2035,,,,,,1.0
OutputActivityRatio,NDC,ECU,LU_NUNAMA,E3_NUNAMA,,1,2010,,,,,,1.0
OutputActivityRatio,NDC,ECU,LU_NUNAMA,E3_NUNAMA,,1,2011,,,,,,1.0
OutputActivityRatio,NDC,ECU,LU_NUNAMA,E3_NUNAMA,,1,2012,,,,,,1.0
OutputActivityRatio,NDC,ECU,LU_NUNAMA,E3_NUNAMA,,1,2013,,,,,,1.0
OutputActivityRatio,NDC,ECU,LU_NUNAMA,E3_NUNAMA,,1,2014,,,,,,1.0
OutputActivityRatio,NDC,ECU,LU_NUNAMA,E3_NUNAMA,,1,2015,,,,,,1.0
OutputActivityRatio,NDC,ECU,LU_NUNAMA,E3_NUNAMA,,1,2016,,,,,,1.0
OutputActivityRatio,NDC,ECU,LU_NUNAMA,E3_NUNAMA,,1,2017,,,,,,1.0
OutputActivityRatio,NDC,ECU,LU_NUNAMA,E3_NUNAMA,,1,2018,,,,,,1.0
OutputActivityRatio,NDC,ECU,LU_NUNAMA,E3_NUNAMA,,1,2019,,,,,,1.0
OutputActivityRatio,NDC,ECU,LU_NUNAMA,E3_NUNAMA,,1,2020,,,,,,1.0
OutputActivityRatio,NDC,ECU,LU_NUNAMA,E3_NUNAMA,,1,2021,,,,,,1.0
OutputActivityRatio,NDC,ECU,LU_NUNAMA,E3_NUNAMA,,1,2022,,,,,,1.0
OutputActivityRatio,NDC,ECU,LU_NUNAMA,E3_NUNAMA,,1,2023,,,,,,1.0
OutputActivityRatio,NDC,ECU,LU_NUNAMA,E3_NUNAMA,,1,2024,,,,,,1.0
OutputActivityRatio,NDC,ECU,LU_NUNAMA,E3_NUNAMA,,1,2025,,,,,,1.0
OutputActivityRatio,NDC,ECU,LU_NUNAMA,E3_NUNAMA,,1,2026,,,,,,1.0
OutputActivityRatio,NDC,ECU,LU_NUNAMA,E3_NUNAMA,,1,2027,,,,,,1.0
OutputActivityRatio,NDC,ECU,LU_NUNAMA,E3_NUNAMA,,1,2028,,,,,,1.0
OutputActivityRatio,NDC,ECU,LU_NUNAMA,E3_NUNAMA,,1,2029,,,,,,1.0
OutputActivityRatio,NDC,ECU,LU_NUNAMA,E3_NUNAMA,,1,2030,,,,,,1.0
OutputActivityRatio,NDC,ECU,LU_NUNAMA,E3_NUNAMA,,1,2031,,,,,,1.0
OutputActivityRatio,NDC,ECU,LU_NUNAMA,E3_NUNAMA,,1,2032,,,,,,1.0
OutputActivityRatio,NDC,ECU,LU_NUNAMA,E3_NUNAMA,,1,2033,,,,,,1.0
OutputActivityRatio,NDC,ECU,LU_NUNAMA,E3_NUNAMA,,1,2034,,,,,,1.0
OutputActivityRatio,NDC,ECU,LU_NUNAMA,E3_NUNAMA,,1,2035,,,,,,1.0
OutputActivityRatio,NDC,ECU,LU_NPRCHO,E3_NPRCHO,,1,2010,,,,,,1.0
OutputActivityRatio,NDC,ECU,LU_NPRCHO,E3_NPRCHO,,1,2011,,,,,,1.0
OutputActivityRatio,NDC,ECU,LU_NPRCHO,E3_NPRCHO,,1,2012,,,,,,1.0
OutputActivityRatio,NDC,ECU,LU_NPRCHO,E3_NPRCHO,,1,2013,,,,,,1.0
OutputActivityRatio,NDC,ECU,LU_NPRCHO,E3_NPRCHO,,1,2014,,,,,,1.0
OutputActivityRatio,NDC,ECU,LU_NPRCHO,E3_NPRCHO,,1,2015,,,,,,1.0
OutputActivityRatio,NDC,ECU,LU_NPRCHO,E3_NPRCHO,,1,2016,,,,,,1.0
OutputActivityRatio,NDC,ECU,LU_NPRCHO,E3_NPRCHO,,1,2017,,,,,,1.0
OutputActivityRatio,NDC,ECU,LU_NPRCHO,E3_NPRCHO,,1,2018,,,,,,1.0
OutputActivityRatio,NDC,ECU,LU_NPRCHO,E3_NPRCHO,,1,2019,,,,,,1.0
OutputActivityRatio,NDC,ECU,LU_NPRCHO,E3_NPRCHO,,1,2020,,,,,,1.0
OutputActivityRatio,NDC,ECU,LU_NPRCHO,E3_NPRCHO,,1,2021,,,,,,1.0
OutputActivityRatio,NDC,ECU,LU_NPRCHO,E3_NPRCHO,,1,2022,,,,,,1.0
OutputActivityRatio,NDC,ECU,LU_NPRCHO,E3_NPRCHO,,1,2023,,,,,,1.0
OutputActivityRatio,NDC,ECU,LU_NPRCHO,E3_NPRCHO,,1,2024,,,,,,1.0
OutputActivityRatio,NDC,ECU,LU_NPRCHO,E3_NPRCHO,,1,2025,,,,,,1.0
OutputActivityRatio,NDC,ECU,LU_NPRCHO,E3_NPRCHO,,1,2026,,,,,,1.0
OutputActivityRatio,NDC,ECU,LU_NPRCHO,E3_NPRCHO,,1,2027,,,,,,1.0
OutputActivityRatio,NDC,ECU,LU_NPRCHO,E3_NPRCHO,,1,2028,,,,,,1.0
OutputActivityRatio,NDC,ECU,LU_NPRCHO,E3_NPRCHO,,1,2029,,,,,,1.0
OutputActivityRatio,NDC,ECU,LU_NPRCHO,E3_NPRCHO,,1,2030,,,,,,1.0
OutputActivityRatio,NDC,ECU,LU_NPRCHO,E3_NPRCHO,,1,2031,,,,,,1.0
OutputActivityRatio,NDC,ECU,LU_NPRCHO,E3_NPRCHO,,1,2032,,,,,,1.0
OutputActivityRatio,NDC,ECU,LU_NPRCHO,E3_NPRCHO,,1,2033,,,,,,1.0
OutputActivityRatio,NDC,ECU,LU_NPRCHO,E3_NPRCHO,,1,2034,,,,,,1.0
OutputActivityRatio,NDC,ECU,LU_NPRCHO,E3_NPRCHO,,1,2035,,,,,,1.0
OutputActivityRatio,NDC,ECU,LU_NUNCHO,E3_NUNCHO,,1,2010,,,,,,1.0
OutputActivityRatio,NDC,ECU,LU_NUNCHO,E3_NUNCHO,,1,2011,,,,,,1.0
OutputActivityRatio,NDC,ECU,LU_NUNCHO,E3_NUNCHO,,1,2012,,,,,,1.0
OutputActivityRatio,NDC,ECU,LU_NUNCHO,E3_NUNCHO,,1,2013,,,,,,1.0
OutputActivityRatio,NDC,ECU,LU_NUNCHO,E3_NUNCHO,,1,2014,,,,,,1.0
OutputActivityRatio,NDC,ECU,LU_NUNCHO,E3_NUNCHO,,1,2015,,,,,,1.0
OutputActivityRatio,NDC,ECU,LU_NUNCHO,E3_NUNCHO,,1,2016,,,,,,1.0
OutputActivityRatio,NDC,ECU,LU_NUNCHO,E3_NUNCHO,,1,2017,,,,,,1.0
OutputActivityRatio,NDC,ECU,LU_NUNCHO,E3_NUNCHO,,1,2018,,,,,,1.0
OutputActivityRatio,NDC,ECU,LU_NUNCHO,E3_NUNCHO,,1,2019,,,,,,1.0
OutputActivityRatio,NDC,ECU,LU_NUNCHO,E3_NUNCHO,,1,2020,,,,,,1.0
OutputActivityRatio,NDC,ECU,LU_NUNCHO,E3_NUNCHO,,1,2021,,,,,,1.0
OutputActivityRatio,NDC,ECU,LU_NUNCHO,E3_NUNCHO,,1,2022,,,,,,1.0
OutputActivityRatio,NDC,ECU,LU_NUNCHO,E3_NUNCHO,,1,2023,,,,,,1.0
OutputActivityRatio,NDC,ECU,LU_NUNCHO,E3_NUNCHO,,1,2024,,,,,,1.0
OutputActivityRatio,NDC,ECU,LU_NUNCHO,E3_NUNCHO,,1,2025,,,,,,1.0
OutputActivityRatio,NDC,ECU,LU_NUNCHO,E3_NUNCHO,,1,2026,,,,,,1.0
OutputActivityRatio,NDC,ECU,LU_NUNCHO,E3_NUNCHO,,1,2027,,,,,,1.0
OutputActivityRatio,NDC,ECU,LU_NUNCHO,E3_NUNCHO,,1,2028,,,,,,1.0
OutputActivityRatio,NDC,ECU,LU_NUNCHO,E3_NUNCHO,,1,2029,,,,,,1.0
OutputActivityRatio,NDC,ECU,LU_NUNCHO,E3_NUNCHO,,1,2030,,,,,,1.0
OutputActivityRatio,NDC,ECU,LU_NUNCHO,E3_NUNCHO,,1,2031,,,,,,1.0
OutputActivityRatio,NDC,ECU,LU_NUNCHO,E3_NUNCHO,,1,2032,,,,,,1.0
OutputActivityRatio,NDC,ECU,LU_NUNCHO,E3_NUNCHO,,1,2033,,,,,,1.0
OutputActivityRatio,NDC,ECU,LU_NUNCHO,E3_NUNCHO,,1,2034,,,,,,1.0
OutputActivityRatio,NDC,ECU,LU_NUNCHO,E3_NUNCHO,,1,2035,,,,,,1.0
OutputActivityRatio,NDC,ECU,LU_RAR,E3_RAR,,1,2010,,,,,,1.0
OutputActivityRatio,NDC,ECU,LU_RAR,E3_RAR,,1,2011,,,,,,1.0
OutputActivityRatio,NDC,ECU,LU_RAR,E3_RAR,,1,2012,,,,,,1.0
OutputActivityRatio,NDC,ECU,LU_RAR,E3_RAR,,1,2013,,,,,,1.0
OutputActivityRatio,NDC,ECU,LU_RAR,E3_RAR,,1,2014,,,,,,1.0
OutputActivityRatio,NDC,ECU,LU_RAR,E3_RAR,,1,2015,,,,,,1.0
OutputActivityRatio,NDC,ECU,LU_RAR,E3_RAR,,1,2016,,,,,,1.0
OutputActivityRatio,NDC,ECU,LU_RAR,E3_RAR,,1,2017,,,,,,1.0
OutputActivityRatio,NDC,ECU,LU_RAR,E3_RAR,,1,2018,,,,,,1.0
OutputActivityRatio,NDC,ECU,LU_RAR,E3_RAR,,1,2019,,,,,,1.0
OutputActivityRatio,NDC,ECU,LU_RAR,E3_RAR,,1,2020,,,,,,1.0
OutputActivityRatio,NDC,ECU,LU_RAR,E3_RAR,,1,2021,,,,,,1.0
OutputActivityRatio,NDC,ECU,LU_RAR,E3_RAR,,1,2022,,,,,,1.0
OutputActivityRatio,NDC,ECU,LU_RAR,E3_RAR,,1,2023,,,,,,1.0
OutputActivityRatio,NDC,ECU,LU_RAR,E3_RAR,,1,2024,,,,,,1.0
OutputActivityRatio,NDC,ECU,LU_RAR,E3_RAR,,1,2025,,,,,,1.0
OutputActivityRatio,NDC,ECU,LU_RAR,E3_RAR,,1,2026,,,,,,1.0
OutputActivityRatio,NDC,ECU,LU_RAR,E3_RAR,,1,2027,,,,,,1.0
OutputActivityRatio,NDC,ECU,LU_RAR,E3_RAR,,1,2028,,,,,,1.0
OutputActivityRatio,NDC,ECU,LU_RAR,E3_RAR,,1,2029,,,,,,1.0
OutputActivityRatio,NDC,ECU,LU_RAR,E3_RAR,,1,2030,,,,,,1.0
OutputActivityRatio,NDC,ECU,LU_RAR,E3_RAR,,1,2031,,,,,,1.0
OutputActivityRatio,NDC,ECU,LU_RAR,E3_RAR,,1,2032,,,,,,1.0
OutputActivityRatio,NDC,ECU,LU_RAR,E3_RAR,,1,2033,,,,,,1.0
OutputActivityRatio,NDC,ECU,LU_RAR,E3_RAR,,1,2034,,,,,,1.0
OutputActivityRatio,NDC,ECU,LU_RAR,E3_RAR,,1,2035,,,,,,1.0
OutputActivityRatio,NDC,ECU,LU_PLA,E3_PLA,,1,2010,,,,,,1.0
OutputActivityRatio,NDC,ECU,LU_PLA,E3_PLA,,1,2011,,,,,,1.0
OutputActivityRatio,NDC,ECU,LU_PLA,E3_PLA,,1,2012,,,,,,1.0
OutputActivityRatio,NDC,ECU,LU_PLA,E3_PLA,,1,2013,,,,,,1.0
OutputActivityRatio,NDC,ECU,LU_PLA,E3_PLA,,1,2014,,,,,,1.0
OutputActivityRatio,NDC,ECU,LU_PLA,E3_PLA,,1,2015,,,,,,1.0
OutputActivityRatio,NDC,ECU,LU_PLA,E3_PLA,,1,2016,,,,,,1.0
OutputActivityRatio,NDC,ECU,LU_PLA,E3_PLA,,1,2017,,,,,,1.0
OutputActivityRatio,NDC,ECU,LU_PLA,E3_PLA,,1,2018,,,,,,1.0
OutputActivityRatio,NDC,ECU,LU_PLA,E3_PLA,,1,2019,,,,,,1.0
OutputActivityRatio,NDC,ECU,LU_PLA,E3_PLA,,1,2020,,,,,,1.0
OutputActivityRatio,NDC,ECU,LU_PLA,E3_PLA,,1,2021,,,,,,1.0
OutputActivityRatio,NDC,ECU,LU_PLA,E3_PLA,,1,2022,,,,,,1.0
OutputActivityRatio,NDC,ECU,LU_PLA,E3_PLA,,1,2023,,,,,,1.0
OutputActivityRatio,NDC,ECU,LU_PLA,E3_PLA,,1,2024,,,,,,1.0
OutputActivityRatio,NDC,ECU,LU_PLA,E3_PLA,,1,2025,,,,,,1.0
OutputActivityRatio,NDC,ECU,LU_PLA,E3_PLA,,1,2026,,,,,,1.0
OutputActivityRatio,NDC,ECU,LU_PLA,E3_PLA,,1,2027,,,,,,1.0
OutputActivityRatio,NDC,ECU,LU_PLA,E3_PLA,,1,2028,,,,,,1.0
OutputActivityRatio,NDC,ECU,LU_PLA,E3_PLA,,1,2029,,,,,,1.0
OutputActivityRatio,NDC,ECU,LU_PLA,E3_PLA,,1,2030,,,,,,1.0
OutputActivityRatio,NDC,ECU,LU_PLA,E3_PLA,,1,2031,,,,,,1.0
OutputActivityRatio,NDC,ECU,LU_PLA,E3_PLA,,1,2032,,,,,,1.0
OutputActivityRatio,NDC,ECU,LU_PLA,E3_PLA,,1,2033,,,,,,1.0
OutputActivityRatio,NDC,ECU,LU_PLA,E3_PLA,,1,2034,,,,,,1.0
OutputActivityRatio,NDC,ECU,LU_PLA,E3_PLA,,1,2035,,,,,,1.0
OutputActivityRatio,NDC,ECU,LU_NPRMAN,E3_NPRMAN,,1,2010,,,,,,1.0
OutputActivityRatio,NDC,ECU,LU_NPRMAN,E3_NPRMAN,,1,2011,,,,,,1.0
OutputActivityRatio,NDC,ECU,LU_NPRMAN,E3_NPRMAN,,1,2012,,,,,,1.0
OutputActivityRatio,NDC,ECU,LU_NPRMAN,E3_NPRMAN,,1,2013,,,,,,1.0
OutputActivityRatio,NDC,ECU,LU_NPRMAN,E3_NPRMAN,,1,2014,,,,,,1.0
OutputActivityRatio,NDC,ECU,LU_NPRMAN,E3_NPRMAN,,1,2015,,,,,,1.0
OutputActivityRatio,NDC,ECU,LU_NPRMAN,E3_NPRMAN,,1,2016,,,,,,1.0
OutputActivityRatio,NDC,ECU,LU_NPRMAN,E3_NPRMAN,,1,2017,,,,,,1.0
OutputActivityRatio,NDC,ECU,LU_NPRMAN,E3_NPRMAN,,1,2018,,,,,,1.0
OutputActivityRatio,NDC,ECU,LU_NPRMAN,E3_NPRMAN,,1,2019,,,,,,1.0
OutputActivityRatio,NDC,ECU,LU_NPRMAN,E3_NPRMAN,,1,2020,,,,,,1.0
OutputActivityRatio,NDC,ECU,LU_NPRMAN,E3_NPRMAN,,1,2021,,,,,,1.0
OutputActivityRatio,NDC,ECU,LU_NPRMAN,E3_NPRMAN,,1,2022,,,,,,1.0
OutputActivityRatio,NDC,ECU,LU_NPRMAN,E3_NPRMAN,,1,2023,,,,,,1.0
OutputActivityRatio,NDC,ECU,LU_NPRMAN,E3_NPRMAN,,1,2024,,,,,,1.0
OutputActivityRatio,NDC,ECU,LU_NPRMAN,E3_NPRMAN,,1,2025,,,,,,1.0
OutputActivityRatio,NDC,ECU,LU_NPRMAN,E3_NPRMAN,,1,2026,,,,,,1.0
OutputActivityRatio,NDC,ECU,LU_NPRMAN,E3_NPRMAN,,1,2027,,,,,,1.0
OutputActivityRatio,NDC,ECU,LU_NPRMAN,E3_NPRMAN,,1,2028,,,,,,1.0
OutputActivityRatio,NDC,ECU,LU_NPRMAN,E3_NPRMAN,,1,2029,,,,,,1.0
OutputActivityRatio,NDC,ECU,LU_NPRMAN,E3_NPRMAN,,1,2030,,,,,,1.0
OutputActivityRatio,NDC,ECU,LU_NPRMAN,E3_NPRMAN,,1,2031,,,,,,1.0
OutputActivityRatio,NDC,ECU,LU_NPRMAN,E3_NPRMAN,,1,2032,,,,,,1.0
OutputActivityRatio,NDC,ECU,LU_NPRMAN,E3_NPRMAN,,1,2033,,,,,,1.0
OutputActivityRatio,NDC,ECU,LU_NPRMAN,E3_NPRMAN,,1,2034,,,,,,1.0
OutputActivityRatio,NDC,ECU,LU_NPRMAN,E3_NPRMAN,,1,2035,,,,,,1.0
OutputActivityRatio,NDC,ECU,LU_NUNMAN,E3_NUNMAN,,1,2010,,,,,,1.0
OutputActivityRatio,NDC,ECU,LU_NUNMAN,E3_NUNMAN,,1,2011,,,,,,1.0
OutputActivityRatio,NDC,ECU,LU_NUNMAN,E3_NUNMAN,,1,2012,,,,,,1.0
OutputActivityRatio,NDC,ECU,LU_NUNMAN,E3_NUNMAN,,1,2013,,,,,,1.0
OutputActivityRatio,NDC,ECU,LU_NUNMAN,E3_NUNMAN,,1,2014,,,,,,1.0
OutputActivityRatio,NDC,ECU,LU_NUNMAN,E3_NUNMAN,,1,2015,,,,,,1.0
OutputActivityRatio,NDC,ECU,LU_NUNMAN,E3_NUNMAN,,1,2016,,,,,,1.0
OutputActivityRatio,NDC,ECU,LU_NUNMAN,E3_NUNMAN,,1,2017,,,,,,1.0
OutputActivityRatio,NDC,ECU,LU_NUNMAN,E3_NUNMAN,,1,2018,,,,,,1.0
OutputActivityRatio,NDC,ECU,LU_NUNMAN,E3_NUNMAN,,1,2019,,,,,,1.0
OutputActivityRatio,NDC,ECU,LU_NUNMAN,E3_NUNMAN,,1,2020,,,,,,1.0
OutputActivityRatio,NDC,ECU,LU_NUNMAN,E3_NUNMAN,,1,2021,,,,,,1.0
OutputActivityRatio,NDC,ECU,LU_NUNMAN,E3_NUNMAN,,1,2022,,,,,,1.0
OutputActivityRatio,NDC,ECU,LU_NUNMAN,E3_NUNMAN,,1,2023,,,,,,1.0
OutputActivityRatio,NDC,ECU,LU_NUNMAN,E3_NUNMAN,,1,2024,,,,,,1.0
OutputActivityRatio,NDC,ECU,LU_NUNMAN,E3_NUNMAN,,1,2025,,,,,,1.0
OutputActivityRatio,NDC,ECU,LU_NUNMAN,E3_NUNMAN,,1,2026,,,,,,1.0
OutputActivityRatio,NDC,ECU,LU_NUNMAN,E3_NUNMAN,,1,2027,,,,,,1.0
OutputActivityRatio,NDC,ECU,LU_NUNMAN,E3_NUNMAN,,1,2028,,,,,,1.0
OutputActivityRatio,NDC,ECU,LU_NUNMAN,E3_NUNMAN,,1,2029,,,,,,1.0
OutputActivityRatio,NDC,ECU,LU_NUNMAN,E3_NUNMAN,,1,2030,,,,,,1.0
OutputActivityRatio,NDC,ECU,LU_NUNMAN,E3_NUNMAN,,1,2031,,,,,,1.0
OutputActivityRatio,NDC,ECU,LU_NUNMAN,E3_NUNMAN,,1,2032,,,,,,1.0
OutputActivityRatio,NDC,ECU,LU_NUNMAN,E3_NUNMAN,,1,2033,,,,,,1.0
OutputActivityRatio,NDC,ECU,LU_NUNMAN,E3_NUNMAN,,1,2034,,,,,,1.0
OutputActivityRatio,NDC,ECU,LU_NUNMAN,E3_NUNMAN,,1,2035,,,,,,1.0
OutputActivityRatio,NDC,ECU,LU_NPRMOR,E3_NPRMOR,,1,2010,,,,,,1.0
OutputActivityRatio,NDC,ECU,LU_NPRMOR,E3_NPRMOR,,1,2011,,,,,,1.0
OutputActivityRatio,NDC,ECU,LU_NPRMOR,E3_NPRMOR,,1,2012,,,,,,1.0
OutputActivityRatio,NDC,ECU,LU_NPRMOR,E3_NPRMOR,,1,2013,,,,,,1.0
OutputActivityRatio,NDC,ECU,LU_NPRMOR,E3_NPRMOR,,1,2014,,,,,,1.0
OutputActivityRatio,NDC,ECU,LU_NPRMOR,E3_NPRMOR,,1,2015,,,,,,1.0
OutputActivityRatio,NDC,ECU,LU_NPRMOR,E3_NPRMOR,,1,2016,,,,,,1.0
OutputActivityRatio,NDC,ECU,LU_NPRMOR,E3_NPRMOR,,1,2017,,,,,,1.0
OutputActivityRatio,NDC,ECU,LU_NPRMOR,E3_NPRMOR,,1,2018,,,,,,1.0
OutputActivityRatio,NDC,ECU,LU_NPRMOR,E3_NPRMOR,,1,2019,,,,,,1.0
OutputActivityRatio,NDC,ECU,LU_NPRMOR,E3_NPRMOR,,1,2020,,,,,,1.0
OutputActivityRatio,NDC,ECU,LU_NPRMOR,E3_NPRMOR,,1,2021,,,,,,1.0
OutputActivityRatio,NDC,ECU,LU_NPRMOR,E3_NPRMOR,,1,2022,,,,,,1.0
OutputActivityRatio,NDC,ECU,LU_NPRMOR,E3_NPRMOR,,1,2023,,,,,,1.0
OutputActivityRatio,NDC,ECU,LU_NPRMOR,E3_NPRMOR,,1,2024,,,,,,1.0
OutputActivityRatio,NDC,ECU,LU_NPRMOR,E3_NPRMOR,,1,2025,,,,,,1.0
OutputActivityRatio,NDC,ECU,LU_NPRMOR,E3_NPRMOR,,1,2026,,,,,,1.0
OutputActivityRatio,NDC,ECU,LU_NPRMOR,E3_NPRMOR,,1,2027,,,,,,1.0
OutputActivityRatio,NDC,ECU,LU_NPRMOR,E3_NPRMOR,,1,2028,,,,,,1.0
OutputActivityRatio,NDC,ECU,LU_NPRMOR,E3_NPRMOR,,1,2029,,,,,,1.0
OutputActivityRatio,NDC,ECU,LU_NPRMOR,E3_NPRMOR,,1,2030,,,,,,1.0
OutputActivityRatio,NDC,ECU,LU_NPRMOR,E3_NPRMOR,,1,2031,,,,,,1.0
OutputActivityRatio,NDC,ECU,LU_NPRMOR,E3_NPRMOR,,1,2032,,,,,,1.0
OutputActivityRatio,NDC,ECU,LU_NPRMOR,E3_NPRMOR,,1,2033,,,,,,1.0
OutputActivityRatio,NDC,ECU,LU_NPRMOR,E3_NPRMOR,,1,2034,,,,,,1.0
OutputActivityRatio,NDC,ECU,LU_NPRMOR,E3_NPRMOR,,1,2035,,,,,,1.0
OutputActivityRatio,NDC,ECU,LU_NUNMOR,E3_NUNMOR,,1,2010,,,,,,1.0
OutputActivityRatio,NDC,ECU,LU_NUNMOR,E3_NUNMOR,,1,2011,,,,,,1.0
OutputActivityRatio,NDC,ECU,LU_NUNMOR,E3_NUNMOR,,1,2012,,,,,,1.0
OutputActivityRatio,NDC,ECU,LU_NUNMOR,E3_NUNMOR,,1,2013,,,,,,1.0
OutputActivityRatio,NDC,ECU,LU_NUNMOR,E3_NUNMOR,,1,2014,,,,,,1.0
OutputActivityRatio,NDC,ECU,LU_NUNMOR,E3_NUNMOR,,1,2015,,,,,,1.0
OutputActivityRatio,NDC,ECU,LU_NUNMOR,E3_NUNMOR,,1,2016,,,,,,1.0
OutputActivityRatio,NDC,ECU,LU_NUNMOR,E3_NUNMOR,,1,2017,,,,,,1.0
OutputActivityRatio,NDC,ECU,LU_NUNMOR,E3_NUNMOR,,1,2018,,,,,,1.0
OutputActivityRatio,NDC,ECU,LU_NUNMOR,E3_NUNMOR,,1,2019,,,,,,1.0
OutputActivityRatio,NDC,ECU,LU_NUNMOR,E3_NUNMOR,,1,2020,,,,,,1.0
OutputActivityRatio,NDC,ECU,LU_NUNMOR,E3_NUNMOR,,1,2021,,,,,,1.0
OutputActivityRatio,NDC,ECU,LU_NUNMOR,E3_NUNMOR,,1,2022,,,,,,1.0
OutputActivityRatio,NDC,ECU,LU_NUNMOR,E3_NUNMOR,,1,2023,,,,,,1.0
OutputActivityRatio,NDC,ECU,LU_NUNMOR,E3_NUNMOR,,1,2024,,,,,,1.0
OutputActivityRatio,NDC,ECU,LU_NUNMOR,E3_NUNMOR,,1,2025,,,,,,1.0
OutputActivityRatio,NDC,ECU,LU_NUNMOR,E3_NUNMOR,,1,2026,,,,,,1.0
OutputActivityRatio,NDC,ECU,LU_NUNMOR,E3_NUNMOR,,1,2027,,,,,,1.0
OutputActivityRatio,NDC,ECU,LU_NUNMOR,E3_NUNMOR,,1,2028,,,,,,1.0
OutputActivityRatio,NDC,ECU,LU_NUNMOR,E3_NUNMOR,,1,2029,,,,,,1.0
OutputActivityRatio,NDC,ECU,LU_NUNMOR,E3_NUNMOR,,1,2030,,,,,,1.0
OutputActivityRatio,NDC,ECU,LU_NUNMOR,E3_NUNMOR,,1,2031,,,,,,1.0
OutputActivityRatio,NDC,ECU,LU_NUNMOR,E3_NUNMOR,,1,2032,,,,,,1.0
OutputActivityRatio,NDC,ECU,LU_NUNMOR,E3_NUNMOR,,1,2033,,,,,,1.0
OutputActivityRatio,NDC,ECU,LU_NUNMOR,E3_NUNMOR,,1,2034,,,,,,1.0
OutputActivityRatio,NDC,ECU,LU_NUNMOR,E3_NUNMOR,,1,2035,,,,,,1.0
OutputActivityRatio,NDC,ECU,LU_NPRPFO,E3_NPRPFO,,1,2010,,,,,,1.0
OutputActivityRatio,NDC,ECU,LU_NPRPFO,E3_NPRPFO,,1,2011,,,,,,1.0
OutputActivityRatio,NDC,ECU,LU_NPRPFO,E3_NPRPFO,,1,2012,,,,,,1.0
OutputActivityRatio,NDC,ECU,LU_NPRPFO,E3_NPRPFO,,1,2013,,,,,,1.0
OutputActivityRatio,NDC,ECU,LU_NPRPFO,E3_NPRPFO,,1,2014,,,,,,1.0
OutputActivityRatio,NDC,ECU,LU_NPRPFO,E3_NPRPFO,,1,2015,,,,,,1.0
OutputActivityRatio,NDC,ECU,LU_NPRPFO,E3_NPRPFO,,1,2016,,,,,,1.0
OutputActivityRatio,NDC,ECU,LU_NPRPFO,E3_NPRPFO,,1,2017,,,,,,1.0
OutputActivityRatio,NDC,ECU,LU_NPRPFO,E3_NPRPFO,,1,2018,,,,,,1.0
OutputActivityRatio,NDC,ECU,LU_NPRPFO,E3_NPRPFO,,1,2019,,,,,,1.0
OutputActivityRatio,NDC,ECU,LU_NPRPFO,E3_NPRPFO,,1,2020,,,,,,1.0
OutputActivityRatio,NDC,ECU,LU_NPRPFO,E3_NPRPFO,,1,2021,,,,,,1.0
OutputActivityRatio,NDC,ECU,LU_NPRPFO,E3_NPRPFO,,1,2022,,,,,,1.0
OutputActivityRatio,NDC,ECU,LU_NPRPFO,E3_NPRPFO,,1,2023,,,,,,1.0
OutputActivityRatio,NDC,ECU,LU_NPRPFO,E3_NPRPFO,,1,2024,,,,,,1.0
OutputActivityRatio,NDC,ECU,LU_NPRPFO,E3_NPRPFO,,1,2025,,,,,,1.0
OutputActivityRatio,NDC,ECU,LU_NPRPFO,E3_NPRPFO,,1,2026,,,,,,1.0
OutputActivityRatio,NDC,ECU,LU_NPRPFO,E3_NPRPFO,,1,2027,,,,,,1.0
OutputActivityRatio,NDC,ECU,LU_NPRPFO,E3_NPRPFO,,1,2028,,,,,,1.0
OutputActivityRatio,NDC,ECU,LU_NPRPFO,E3_NPRPFO,,1,2029,,,,,,1.0
OutputActivityRatio,NDC,ECU,LU_NPRPFO,E3_NPRPFO,,1,2030,,,,,,1.0
OutputActivityRatio,NDC,ECU,LU_NPRPFO,E3_NPRPFO,,1,2031,,,,,,1.0
OutputActivityRatio,NDC,ECU,LU_NPRPFO,E3_NPRPFO,,1,2032,,,,,,1.0
OutputActivityRatio,NDC,ECU,LU_NPRPFO,E3_NPRPFO,,1,2033,,,,,,1.0
OutputActivityRatio,NDC,ECU,LU_NPRPFO,E3_NPRPFO,,1,2034,,,,,,1.0
OutputActivityRatio,NDC,ECU,LU_NPRPFO,E3_NPRPFO,,1,2035,,,,,,1.0
OutputActivityRatio,NDC,ECU,LU_NUNPFO,E3_NUNPFO,,1,2010,,,,,,1.0
OutputActivityRatio,NDC,ECU,LU_NUNPFO,E3_NUNPFO,,1,2011,,,,,,1.0
OutputActivityRatio,NDC,ECU,LU_NUNPFO,E3_NUNPFO,,1,2012,,,,,,1.0
OutputActivityRatio,NDC,ECU,LU_NUNPFO,E3_NUNPFO,,1,2013,,,,,,1.0
OutputActivityRatio,NDC,ECU,LU_NUNPFO,E3_NUNPFO,,1,2014,,,,,,1.0
OutputActivityRatio,NDC,ECU,LU_NUNPFO,E3_NUNPFO,,1,2015,,,,,,1.0
OutputActivityRatio,NDC,ECU,LU_NUNPFO,E3_NUNPFO,,1,2016,,,,,,1.0
OutputActivityRatio,NDC,ECU,LU_NUNPFO,E3_NUNPFO,,1,2017,,,,,,1.0
OutputActivityRatio,NDC,ECU,LU_NUNPFO,E3_NUNPFO,,1,2018,,,,,,1.0
OutputActivityRatio,NDC,ECU,LU_NUNPFO,E3_NUNPFO,,1,2019,,,,,,1.0
OutputActivityRatio,NDC,ECU,LU_NUNPFO,E3_NUNPFO,,1,2020,,,,,,1.0
OutputActivityRatio,NDC,ECU,LU_NUNPFO,E3_NUNPFO,,1,2021,,,,,,1.0
OutputActivityRatio,NDC,ECU,LU_NUNPFO,E3_NUNPFO,,1,2022,,,,,,1.0
OutputActivityRatio,NDC,ECU,LU_NUNPFO,E3_NUNPFO,,1,2023,,,,,,1.0
OutputActivityRatio,NDC,ECU,LU_NUNPFO,E3_NUNPFO,,1,2024,,,,,,1.0
OutputActivityRatio,NDC,ECU,LU_NUNPFO,E3_NUNPFO,,1,2025,,,,,,1.0
OutputActivityRatio,NDC,ECU,LU_NUNPFO,E3_NUNPFO,,1,2026,,,,,,1.0
OutputActivityRatio,NDC,ECU,LU_NUNPFO,E3_NUNPFO,,1,2027,,,,,,1.0
OutputActivityRatio,NDC,ECU,LU_NUNPFO,E3_NUNPFO,,1,2028,,,,,,1.0
OutputActivityRatio,NDC,ECU,LU_NUNPFO,E3_NUNPFO,,1,2029,,,,,,1.0
OutputActivityRatio,NDC,ECU,LU_NUNPFO,E3_NUNPFO,,1,2030,,,,,,1.0
OutputActivityRatio,NDC,ECU,LU_NUNPFO,E3_NUNPFO,,1,2031,,,,,,1.0
OutputActivityRatio,NDC,ECU,LU_NUNPFO,E3_NUNPFO,,1,2032,,,,,,1.0
OutputActivityRatio,NDC,ECU,LU_NUNPFO,E3_NUNPFO,,1,2033,,,,,,1.0
OutputActivityRatio,NDC,ECU,LU_NUNPFO,E3_NUNPFO,,1,2034,,,,,,1.0
OutputActivityRatio,NDC,ECU,LU_NUNPFO,E3_NUNPFO,,1,2035,,,,,,1.0
OutputActivityRatio,NDC,ECU,T5ELEAGR,E5AGRELE,,1,2010,,,,,,1.0
OutputActivityRatio,NDC,ECU,T5ELEAGR,E5AGRELE,,1,2011,,,,,,1.0
OutputActivityRatio,NDC,ECU,T5ELEAGR,E5AGRELE,,1,2012,,,,,,1.0
OutputActivityRatio,NDC,ECU,T5ELEAGR,E5AGRELE,,1,2013,,,,,,1.0
OutputActivityRatio,NDC,ECU,T5ELEAGR,E5AGRELE,,1,2014,,,,,,1.0
OutputActivityRatio,NDC,ECU,T5ELEAGR,E5AGRELE,,1,2015,,,,,,1.0
OutputActivityRatio,NDC,ECU,T5ELEAGR,E5AGRELE,,1,2016,,,,,,1.0
OutputActivityRatio,NDC,ECU,T5ELEAGR,E5AGRELE,,1,2017,,,,,,1.0
OutputActivityRatio,NDC,ECU,T5ELEAGR,E5AGRELE,,1,2018,,,,,,1.0
OutputActivityRatio,NDC,ECU,T5ELEAGR,E5AGRELE,,1,2019,,,,,,1.0
OutputActivityRatio,NDC,ECU,T5ELEAGR,E5AGRELE,,1,2020,,,,,,1.0
OutputActivityRatio,NDC,ECU,T5ELEAGR,E5AGRELE,,1,2021,,,,,,1.0
OutputActivityRatio,NDC,ECU,T5ELEAGR,E5AGRELE,,1,2022,,,,,,1.0
OutputActivityRatio,NDC,ECU,T5ELEAGR,E5AGRELE,,1,2023,,,,,,1.0
OutputActivityRatio,NDC,ECU,T5ELEAGR,E5AGRELE,,1,2024,,,,,,1.0
OutputActivityRatio,NDC,ECU,T5ELEAGR,E5AGRELE,,1,2025,,,,,,1.0
OutputActivityRatio,NDC,ECU,T5ELEAGR,E5AGRELE,,1,2026,,,,,,1.0
OutputActivityRatio,NDC,ECU,T5ELEAGR,E5AGRELE,,1,2027,,,,,,1.0
OutputActivityRatio,NDC,ECU,T5ELEAGR,E5AGRELE,,1,2028,,,,,,1.0
OutputActivityRatio,NDC,ECU,T5ELEAGR,E5AGRELE,,1,2029,,,,,,1.0
OutputActivityRatio,NDC,ECU,T5ELEAGR,E5AGRELE,,1,2030,,,,,,1.0
OutputActivityRatio,NDC,ECU,T5ELEAGR,E5AGRELE,,1,2031,,,,,,1.0
OutputActivityRatio,NDC,ECU,T5ELEAGR,E5AGRELE,,1,2032,,,,,,1.0
OutputActivityRatio,NDC,ECU,T5ELEAGR,E5AGRELE,,1,2033,,,,,,1.0
OutputActivityRatio,NDC,ECU,T5ELEAGR,E5AGRELE,,1,2034,,,,,,1.0
OutputActivityRatio,NDC,ECU,T5ELEAGR,E5AGRELE,,1,2035,,,,,,1.0
OutputActivityRatio,NDC,ECU,T5WETCOB,E5COBWET,,1,2010,,,,,,1.0
OutputActivityRatio,NDC,ECU,T5WETCOB,E5COBWET,,1,2011,,,,,,1.0
OutputActivityRatio,NDC,ECU,T5WETCOB,E5COBWET,,1,2012,,,,,,1.0
OutputActivityRatio,NDC,ECU,T5WETCOB,E5COBWET,,1,2013,,,,,,1.0
OutputActivityRatio,NDC,ECU,T5WETCOB,E5COBWET,,1,2014,,,,,,1.0
OutputActivityRatio,NDC,ECU,T5WETCOB,E5COBWET,,1,2015,,,,,,1.0
OutputActivityRatio,NDC,ECU,T5WETCOB,E5COBWET,,1,2016,,,,,,1.0
OutputActivityRatio,NDC,ECU,T5WETCOB,E5COBWET,,1,2017,,,,,,1.0
OutputActivityRatio,NDC,ECU,T5WETCOB,E5COBWET,,1,2018,,,,,,1.0
OutputActivityRatio,NDC,ECU,T5WETCOB,E5COBWET,,1,2019,,,,,,1.0
OutputActivityRatio,NDC,ECU,T5WETCOB,E5COBWET,,1,2020,,,,,,1.0
OutputActivityRatio,NDC,ECU,T5WETCOB,E5COBWET,,1,2021,,,,,,1.0
OutputActivityRatio,NDC,ECU,T5WETCOB,E5COBWET,,1,2022,,,,,,1.0
OutputActivityRatio,NDC,ECU,T5WETCOB,E5COBWET,,1,2023,,,,,,1.0
OutputActivityRatio,NDC,ECU,T5WETCOB,E5COBWET,,1,2024,,,,,,1.0
OutputActivityRatio,NDC,ECU,T5WETCOB,E5COBWET,,1,2025,,,,,,1.0
OutputActivityRatio,NDC,ECU,T5WETCOB,E5COBWET,,1,2026,,,,,,1.0
OutputActivityRatio,NDC,ECU,T5WETCOB,E5COBWET,,1,2027,,,,,,1.0
OutputActivityRatio,NDC,ECU,T5WETCOB,E5COBWET,,1,2028,,,,,,1.0
OutputActivityRatio,NDC,ECU,T5WETCOB,E5COBWET,,1,2029,,,,,,1.0
OutputActivityRatio,NDC,ECU,T5WETCOB,E5COBWET,,1,2030,,,,,,1.0
OutputActivityRatio,NDC,ECU,T5WETCOB,E5COBWET,,1,2031,,,,,,1.0
OutputActivityRatio,NDC,ECU,T5WETCOB,E5COBWET,,1,2032,,,,,,1.0
OutputActivityRatio,NDC,ECU,T5WETCOB,E5COBWET,,1,2033,,,,,,1.0
OutputActivityRatio,NDC,ECU,T5WETCOB,E5COBWET,,1,2034,,,,,,1.0
OutputActivityRatio,NDC,ECU,T5WETCOB,E5COBWET,,1,2035,,,,,,1.0
OutputActivityRatio,NDC,ECU,T5SETCOB,E5COBSET,,1,2010,,,,,,1.0
OutputActivityRatio,NDC,ECU,T5SETCOB,E5COBSET,,1,2011,,,,,,1.0
OutputActivityRatio,NDC,ECU,T5SETCOB,E5COBSET,,1,2012,,,,,,1.0
OutputActivityRatio,NDC,ECU,T5SETCOB,E5COBSET,,1,2013,,,,,,1.0
OutputActivityRatio,NDC,ECU,T5SETCOB,E5COBSET,,1,2014,,,,,,1.0
OutputActivityRatio,NDC,ECU,T5SETCOB,E5COBSET,,1,2015,,,,,,1.0
OutputActivityRatio,NDC,ECU,T5SETCOB,E5COBSET,,1,2016,,,,,,1.0
OutputActivityRatio,NDC,ECU,T5SETCOB,E5COBSET,,1,2017,,,,,,1.0
OutputActivityRatio,NDC,ECU,T5SETCOB,E5COBSET,,1,2018,,,,,,1.0
OutputActivityRatio,NDC,ECU,T5SETCOB,E5COBSET,,1,2019,,,,,,1.0
OutputActivityRatio,NDC,ECU,T5SETCOB,E5COBSET,,1,2020,,,,,,1.0
OutputActivityRatio,NDC,ECU,T5SETCOB,E5COBSET,,1,2021,,,,,,1.0
OutputActivityRatio,NDC,ECU,T5SETCOB,E5COBSET,,1,2022,,,,,,1.0
OutputActivityRatio,NDC,ECU,T5SETCOB,E5COBSET,,1,2023,,,,,,1.0
OutputActivityRatio,NDC,ECU,T5SETCOB,E5COBSET,,1,2024,,,,,,1.0
OutputActivityRatio,NDC,ECU,T5SETCOB,E5COBSET,,1,2025,,,,,,1.0
OutputActivityRatio,NDC,ECU,T5SETCOB,E5COBSET,,1,2026,,,,,,1.0
OutputActivityRatio,NDC,ECU,T5SETCOB,E5COBSET,,1,2027,,,,,,1.0
OutputActivityRatio,NDC,ECU,T5SETCOB,E5COBSET,,1,2028,,,,,,1.0
OutputActivityRatio,NDC,ECU,T5SETCOB,E5COBSET,,1,2029,,,,,,1.0
OutputActivityRatio,NDC,ECU,T5SETCOB,E5COBSET,,1,2030,,,,,,1.0
OutputActivityRatio,NDC,ECU,T5SETCOB,E5COBSET,,1,2031,,,,,,1.0
OutputActivityRatio,NDC,ECU,T5SETCOB,E5COBSET,,1,2032,,,,,,1.0
OutputActivityRatio,NDC,ECU,T5SETCOB,E5COBSET,,1,2033,,,,,,1.0
OutputActivityRatio,NDC,ECU,T5SETCOB,E5COBSET,,1,2034,,,,,,1.0
OutputActivityRatio,NDC,ECU,T5SETCOB,E5COBSET,,1,2035,,,,,,1.0
OutputActivityRatio,NDC,ECU,T5BURCOB,E5COBBUR,,1,2010,,,,,,1.0
OutputActivityRatio,NDC,ECU,T5BURCOB,E5COBBUR,,1,2011,,,,,,1.0
OutputActivityRatio,NDC,ECU,T5BURCOB,E5COBBUR,,1,2012,,,,,,1.0
OutputActivityRatio,NDC,ECU,T5BURCOB,E5COBBUR,,1,2013,,,,,,1.0
OutputActivityRatio,NDC,ECU,T5BURCOB,E5COBBUR,,1,2014,,,,,,1.0
OutputActivityRatio,NDC,ECU,T5BURCOB,E5COBBUR,,1,2015,,,,,,1.0
OutputActivityRatio,NDC,ECU,T5BURCOB,E5COBBUR,,1,2016,,,,,,1.0
OutputActivityRatio,NDC,ECU,T5BURCOB,E5COBBUR,,1,2017,,,,,,1.0
OutputActivityRatio,NDC,ECU,T5BURCOB,E5COBBUR,,1,2018,,,,,,1.0
OutputActivityRatio,NDC,ECU,T5BURCOB,E5COBBUR,,1,2019,,,,,,1.0
OutputActivityRatio,NDC,ECU,T5BURCOB,E5COBBUR,,1,2020,,,,,,1.0
OutputActivityRatio,NDC,ECU,T5BURCOB,E5COBBUR,,1,2021,,,,,,1.0
OutputActivityRatio,NDC,ECU,T5BURCOB,E5COBBUR,,1,2022,,,,,,1.0
OutputActivityRatio,NDC,ECU,T5BURCOB,E5COBBUR,,1,2023,,,,,,1.0
OutputActivityRatio,NDC,ECU,T5BURCOB,E5COBBUR,,1,2024,,,,,,1.0
OutputActivityRatio,NDC,ECU,T5BURCOB,E5COBBUR,,1,2025,,,,,,1.0
OutputActivityRatio,NDC,ECU,T5BURCOB,E5COBBUR,,1,2026,,,,,,1.0
OutputActivityRatio,NDC,ECU,T5BURCOB,E5COBBUR,,1,2027,,,,,,1.0
OutputActivityRatio,NDC,ECU,T5BURCOB,E5COBBUR,,1,2028,,,,,,1.0
OutputActivityRatio,NDC,ECU,T5BURCOB,E5COBBUR,,1,2029,,,,,,1.0
OutputActivityRatio,NDC,ECU,T5BURCOB,E5COBBUR,,1,2030,,,,,,1.0
OutputActivityRatio,NDC,ECU,T5BURCOB,E5COBBUR,,1,2031,,,,,,1.0
OutputActivityRatio,NDC,ECU,T5BURCOB,E5COBBUR,,1,2032,,,,,,1.0
OutputActivityRatio,NDC,ECU,T5BURCOB,E5COBBUR,,1,2033,,,,,,1.0
OutputActivityRatio,NDC,ECU,T5BURCOB,E5COBBUR,,1,2034,,,,,,1.0
OutputActivityRatio,NDC,ECU,T5BURCOB,E5COBBUR,,1,2035,,,,,,1.0
OutputActivityRatio,NDC,ECU,T5OTLCOB,E5COBOTL,,1,2010,,,,,,1.0
OutputActivityRatio,NDC,ECU,T5OTLCOB,E5COBOTL,,1,2011,,,,,,1.0
OutputActivityRatio,NDC,ECU,T5OTLCOB,E5COBOTL,,1,2012,,,,,,1.0
OutputActivityRatio,NDC,ECU,T5OTLCOB,E5COBOTL,,1,2013,,,,,,1.0
OutputActivityRatio,NDC,ECU,T5OTLCOB,E5COBOTL,,1,2014,,,,,,1.0
OutputActivityRatio,NDC,ECU,T5OTLCOB,E5COBOTL,,1,2015,,,,,,1.0
OutputActivityRatio,NDC,ECU,T5OTLCOB,E5COBOTL,,1,2016,,,,,,1.0
OutputActivityRatio,NDC,ECU,T5OTLCOB,E5COBOTL,,1,2017,,,,,,1.0
OutputActivityRatio,NDC,ECU,T5OTLCOB,E5COBOTL,,1,2018,,,,,,1.0
OutputActivityRatio,NDC,ECU,T5OTLCOB,E5COBOTL,,1,2019,,,,,,1.0
OutputActivityRatio,NDC,ECU,T5OTLCOB,E5COBOTL,,1,2020,,,,,,1.0
OutputActivityRatio,NDC,ECU,T5OTLCOB,E5COBOTL,,1,2021,,,,,,1.0
OutputActivityRatio,NDC,ECU,T5OTLCOB,E5COBOTL,,1,2022,,,,,,1.0
OutputActivityRatio,NDC,ECU,T5OTLCOB,E5COBOTL,,1,2023,,,,,,1.0
OutputActivityRatio,NDC,ECU,T5OTLCOB,E5COBOTL,,1,2024,,,,,,1.0
OutputActivityRatio,NDC,ECU,T5OTLCOB,E5COBOTL,,1,2025,,,,,,1.0
OutputActivityRatio,NDC,ECU,T5OTLCOB,E5COBOTL,,1,2026,,,,,,1.0
OutputActivityRatio,NDC,ECU,T5OTLCOB,E5COBOTL,,1,2027,,,,,,1.0
OutputActivityRatio,NDC,ECU,T5OTLCOB,E5COBOTL,,1,2028,,,,,,1.0
OutputActivityRatio,NDC,ECU,T5OTLCOB,E5COBOTL,,1,2029,,,,,,1.0
OutputActivityRatio,NDC,ECU,T5OTLCOB,E5COBOTL,,1,2030,,,,,,1.0
OutputActivityRatio,NDC,ECU,T5OTLCOB,E5COBOTL,,1,2031,,,,,,1.0
OutputActivityRatio,NDC,ECU,T5OTLCOB,E5COBOTL,,1,2032,,,,,,1.0
OutputActivityRatio,NDC,ECU,T5OTLCOB,E5COBOTL,,1,2033,,,,,,1.0
OutputActivityRatio,NDC,ECU,T5OTLCOB,E5COBOTL,,1,2034,,,,,,1.0
OutputActivityRatio,NDC,ECU,T5OTLCOB,E5COBOTL,,1,2035,,,,,,1.0
OutputActivityRatio,NDC,ECU,T5NPRAND,E5NPRAND,,1,2010,,,,,,1.0
OutputActivityRatio,NDC,ECU,T5NPRAND,E5NPRAND,,1,2011,,,,,,1.0
OutputActivityRatio,NDC,ECU,T5NPRAND,E5NPRAND,,1,2012,,,,,,1.0
OutputActivityRatio,NDC,ECU,T5NPRAND,E5NPRAND,,1,2013,,,,,,1.0
OutputActivityRatio,NDC,ECU,T5NPRAND,E5NPRAND,,1,2014,,,,,,1.0
OutputActivityRatio,NDC,ECU,T5NPRAND,E5NPRAND,,1,2015,,,,,,1.0
OutputActivityRatio,NDC,ECU,T5NPRAND,E5NPRAND,,1,2016,,,,,,1.0
OutputActivityRatio,NDC,ECU,T5NPRAND,E5NPRAND,,1,2017,,,,,,1.0
OutputActivityRatio,NDC,ECU,T5NPRAND,E5NPRAND,,1,2018,,,,,,1.0
OutputActivityRatio,NDC,ECU,T5NPRAND,E5NPRAND,,1,2019,,,,,,1.0
OutputActivityRatio,NDC,ECU,T5NPRAND,E5NPRAND,,1,2020,,,,,,1.0
OutputActivityRatio,NDC,ECU,T5NPRAND,E5NPRAND,,1,2021,,,,,,1.0
OutputActivityRatio,NDC,ECU,T5NPRAND,E5NPRAND,,1,2022,,,,,,1.0
OutputActivityRatio,NDC,ECU,T5NPRAND,E5NPRAND,,1,2023,,,,,,1.0
OutputActivityRatio,NDC,ECU,T5NPRAND,E5NPRAND,,1,2024,,,,,,1.0
OutputActivityRatio,NDC,ECU,T5NPRAND,E5NPRAND,,1,2025,,,,,,1.0
OutputActivityRatio,NDC,ECU,T5NPRAND,E5NPRAND,,1,2026,,,,,,1.0
OutputActivityRatio,NDC,ECU,T5NPRAND,E5NPRAND,,1,2027,,,,,,1.0
OutputActivityRatio,NDC,ECU,T5NPRAND,E5NPRAND,,1,2028,,,,,,1.0
OutputActivityRatio,NDC,ECU,T5NPRAND,E5NPRAND,,1,2029,,,,,,1.0
OutputActivityRatio,NDC,ECU,T5NPRAND,E5NPRAND,,1,2030,,,,,,1.0
OutputActivityRatio,NDC,ECU,T5NPRAND,E5NPRAND,,1,2031,,,,,,1.0
OutputActivityRatio,NDC,ECU,T5NPRAND,E5NPRAND,,1,2032,,,,,,1.0
OutputActivityRatio,NDC,ECU,T5NPRAND,E5NPRAND,,1,2033,,,,,,1.0
OutputActivityRatio,NDC,ECU,T5NPRAND,E5NPRAND,,1,2034,,,,,,1.0
OutputActivityRatio,NDC,ECU,T5NPRAND,E5NPRAND,,1,2035,,,,,,1.0
OutputActivityRatio,NDC,ECU,T5NUNAND,E5NUNAND,,1,2010,,,,,,1.0
OutputActivityRatio,NDC,ECU,T5NUNAND,E5NUNAND,,1,2011,,,,,,1.0
OutputActivityRatio,NDC,ECU,T5NUNAND,E5NUNAND,,1,2012,,,,,,1.0
OutputActivityRatio,NDC,ECU,T5NUNAND,E5NUNAND,,1,2013,,,,,,1.0
OutputActivityRatio,NDC,ECU,T5NUNAND,E5NUNAND,,1,2014,,,,,,1.0
OutputActivityRatio,NDC,ECU,T5NUNAND,E5NUNAND,,1,2015,,,,,,1.0
OutputActivityRatio,NDC,ECU,T5NUNAND,E5NUNAND,,1,2016,,,,,,1.0
OutputActivityRatio,NDC,ECU,T5NUNAND,E5NUNAND,,1,2017,,,,,,1.0
OutputActivityRatio,NDC,ECU,T5NUNAND,E5NUNAND,,1,2018,,,,,,1.0
OutputActivityRatio,NDC,ECU,T5NUNAND,E5NUNAND,,1,2019,,,,,,1.0
OutputActivityRatio,NDC,ECU,T5NUNAND,E5NUNAND,,1,2020,,,,,,1.0
OutputActivityRatio,NDC,ECU,T5NUNAND,E5NUNAND,,1,2021,,,,,,1.0
OutputActivityRatio,NDC,ECU,T5NUNAND,E5NUNAND,,1,2022,,,,,,1.0
OutputActivityRatio,NDC,ECU,T5NUNAND,E5NUNAND,,1,2023,,,,,,1.0
OutputActivityRatio,NDC,ECU,T5NUNAND,E5NUNAND,,1,2024,,,,,,1.0
OutputActivityRatio,NDC,ECU,T5NUNAND,E5NUNAND,,1,2025,,,,,,1.0
OutputActivityRatio,NDC,ECU,T5NUNAND,E5NUNAND,,1,2026,,,,,,1.0
OutputActivityRatio,NDC,ECU,T5NUNAND,E5NUNAND,,1,2027,,,,,,1.0
OutputActivityRatio,NDC,ECU,T5NUNAND,E5NUNAND,,1,2028,,,,,,1.0
OutputActivityRatio,NDC,ECU,T5NUNAND,E5NUNAND,,1,2029,,,,,,1.0
OutputActivityRatio,NDC,ECU,T5NUNAND,E5NUNAND,,1,2030,,,,,,1.0
OutputActivityRatio,NDC,ECU,T5NUNAND,E5NUNAND,,1,2031,,,,,,1.0
OutputActivityRatio,NDC,ECU,T5NUNAND,E5NUNAND,,1,2032,,,,,,1.0
OutputActivityRatio,NDC,ECU,T5NUNAND,E5NUNAND,,1,2033,,,,,,1.0
OutputActivityRatio,NDC,ECU,T5NUNAND,E5NUNAND,,1,2034,,,,,,1.0
OutputActivityRatio,NDC,ECU,T5NUNAND,E5NUNAND,,1,2035,,,,,,1.0
OutputActivityRatio,NDC,ECU,T5NPRPLU,E5NPRPLU,,1,2010,,,,,,1.0
OutputActivityRatio,NDC,ECU,T5NPRPLU,E5NPRPLU,,1,2011,,,,,,1.0
OutputActivityRatio,NDC,ECU,T5NPRPLU,E5NPRPLU,,1,2012,,,,,,1.0
OutputActivityRatio,NDC,ECU,T5NPRPLU,E5NPRPLU,,1,2013,,,,,,1.0
OutputActivityRatio,NDC,ECU,T5NPRPLU,E5NPRPLU,,1,2014,,,,,,1.0
OutputActivityRatio,NDC,ECU,T5NPRPLU,E5NPRPLU,,1,2015,,,,,,1.0
OutputActivityRatio,NDC,ECU,T5NPRPLU,E5NPRPLU,,1,2016,,,,,,1.0
OutputActivityRatio,NDC,ECU,T5NPRPLU,E5NPRPLU,,1,2017,,,,,,1.0
OutputActivityRatio,NDC,ECU,T5NPRPLU,E5NPRPLU,,1,2018,,,,,,1.0
OutputActivityRatio,NDC,ECU,T5NPRPLU,E5NPRPLU,,1,2019,,,,,,1.0
OutputActivityRatio,NDC,ECU,T5NPRPLU,E5NPRPLU,,1,2020,,,,,,1.0
OutputActivityRatio,NDC,ECU,T5NPRPLU,E5NPRPLU,,1,2021,,,,,,1.0
OutputActivityRatio,NDC,ECU,T5NPRPLU,E5NPRPLU,,1,2022,,,,,,1.0
OutputActivityRatio,NDC,ECU,T5NPRPLU,E5NPRPLU,,1,2023,,,,,,1.0
OutputActivityRatio,NDC,ECU,T5NPRPLU,E5NPRPLU,,1,2024,,,,,,1.0
OutputActivityRatio,NDC,ECU,T5NPRPLU,E5NPRPLU,,1,2025,,,,,,1.0
OutputActivityRatio,NDC,ECU,T5NPRPLU,E5NPRPLU,,1,2026,,,,,,1.0
OutputActivityRatio,NDC,ECU,T5NPRPLU,E5NPRPLU,,1,2027,,,,,,1.0
OutputActivityRatio,NDC,ECU,T5NPRPLU,E5NPRPLU,,1,2028,,,,,,1.0
OutputActivityRatio,NDC,ECU,T5NPRPLU,E5NPRPLU,,1,2029,,,,,,1.0
OutputActivityRatio,NDC,ECU,T5NPRPLU,E5NPRPLU,,1,2030,,,,,,1.0
OutputActivityRatio,NDC,ECU,T5NPRPLU,E5NPRPLU,,1,2031,,,,,,1.0
OutputActivityRatio,NDC,ECU,T5NPRPLU,E5NPRPLU,,1,2032,,,,,,1.0
OutputActivityRatio,NDC,ECU,T5NPRPLU,E5NPRPLU,,1,2033,,,,,,1.0
OutputActivityRatio,NDC,ECU,T5NPRPLU,E5NPRPLU,,1,2034,,,,,,1.0
OutputActivityRatio,NDC,ECU,T5NPRPLU,E5NPRPLU,,1,2035,,,,,,1.0
OutputActivityRatio,NDC,ECU,T5NUNPLU,E5NUNPLU,,1,2010,,,,,,1.0
OutputActivityRatio,NDC,ECU,T5NUNPLU,E5NUNPLU,,1,2011,,,,,,1.0
OutputActivityRatio,NDC,ECU,T5NUNPLU,E5NUNPLU,,1,2012,,,,,,1.0
OutputActivityRatio,NDC,ECU,T5NUNPLU,E5NUNPLU,,1,2013,,,,,,1.0
OutputActivityRatio,NDC,ECU,T5NUNPLU,E5NUNPLU,,1,2014,,,,,,1.0
OutputActivityRatio,NDC,ECU,T5NUNPLU,E5NUNPLU,,1,2015,,,,,,1.0
OutputActivityRatio,NDC,ECU,T5NUNPLU,E5NUNPLU,,1,2016,,,,,,1.0
OutputActivityRatio,NDC,ECU,T5NUNPLU,E5NUNPLU,,1,2017,,,,,,1.0
OutputActivityRatio,NDC,ECU,T5NUNPLU,E5NUNPLU,,1,2018,,,,,,1.0
OutputActivityRatio,NDC,ECU,T5NUNPLU,E5NUNPLU,,1,2019,,,,,,1.0
OutputActivityRatio,NDC,ECU,T5NUNPLU,E5NUNPLU,,1,2020,,,,,,1.0
OutputActivityRatio,NDC,ECU,T5NUNPLU,E5NUNPLU,,1,2021,,,,,,1.0
OutputActivityRatio,NDC,ECU,T5NUNPLU,E5NUNPLU,,1,2022,,,,,,1.0
OutputActivityRatio,NDC,ECU,T5NUNPLU,E5NUNPLU,,1,2023,,,,,,1.0
OutputActivityRatio,NDC,ECU,T5NUNPLU,E5NUNPLU,,1,2024,,,,,,1.0
OutputActivityRatio,NDC,ECU,T5NUNPLU,E5NUNPLU,,1,2025,,,,,,1.0
OutputActivityRatio,NDC,ECU,T5NUNPLU,E5NUNPLU,,1,2026,,,,,,1.0
OutputActivityRatio,NDC,ECU,T5NUNPLU,E5NUNPLU,,1,2027,,,,,,1.0
OutputActivityRatio,NDC,ECU,T5NUNPLU,E5NUNPLU,,1,2028,,,,,,1.0
OutputActivityRatio,NDC,ECU,T5NUNPLU,E5NUNPLU,,1,2029,,,,,,1.0
OutputActivityRatio,NDC,ECU,T5NUNPLU,E5NUNPLU,,1,2030,,,,,,1.0
OutputActivityRatio,NDC,ECU,T5NUNPLU,E5NUNPLU,,1,2031,,,,,,1.0
OutputActivityRatio,NDC,ECU,T5NUNPLU,E5NUNPLU,,1,2032,,,,,,1.0
OutputActivityRatio,NDC,ECU,T5NUNPLU,E5NUNPLU,,1,2033,,,,,,1.0
OutputActivityRatio,NDC,ECU,T5NUNPLU,E5NUNPLU,,1,2034,,,,,,1.0
OutputActivityRatio,NDC,ECU,T5NUNPLU,E5NUNPLU,,1,2035,,,,,,1.0
OutputActivityRatio,NDC,ECU,T5NPRMON,E5NPRMON,,1,2010,,,,,,1.0
OutputActivityRatio,NDC,ECU,T5NPRMON,E5NPRMON,,1,2011,,,,,,1.0
OutputActivityRatio,NDC,ECU,T5NPRMON,E5NPRMON,,1,2012,,,,,,1.0
OutputActivityRatio,NDC,ECU,T5NPRMON,E5NPRMON,,1,2013,,,,,,1.0
OutputActivityRatio,NDC,ECU,T5NPRMON,E5NPRMON,,1,2014,,,,,,1.0
OutputActivityRatio,NDC,ECU,T5NPRMON,E5NPRMON,,1,2015,,,,,,1.0
OutputActivityRatio,NDC,ECU,T5NPRMON,E5NPRMON,,1,2016,,,,,,1.0
OutputActivityRatio,NDC,ECU,T5NPRMON,E5NPRMON,,1,2017,,,,,,1.0
OutputActivityRatio,NDC,ECU,T5NPRMON,E5NPRMON,,1,2018,,,,,,1.0
OutputActivityRatio,NDC,ECU,T5NPRMON,E5NPRMON,,1,2019,,,,,,1.0
OutputActivityRatio,NDC,ECU,T5NPRMON,E5NPRMON,,1,2020,,,,,,1.0
OutputActivityRatio,NDC,ECU,T5NPRMON,E5NPRMON,,1,2021,,,,,,1.0
OutputActivityRatio,NDC,ECU,T5NPRMON,E5NPRMON,,1,2022,,,,,,1.0
OutputActivityRatio,NDC,ECU,T5NPRMON,E5NPRMON,,1,2023,,,,,,1.0
OutputActivityRatio,NDC,ECU,T5NPRMON,E5NPRMON,,1,2024,,,,,,1.0
OutputActivityRatio,NDC,ECU,T5NPRMON,E5NPRMON,,1,2025,,,,,,1.0
OutputActivityRatio,NDC,ECU,T5NPRMON,E5NPRMON,,1,2026,,,,,,1.0
OutputActivityRatio,NDC,ECU,T5NPRMON,E5NPRMON,,1,2027,,,,,,1.0
OutputActivityRatio,NDC,ECU,T5NPRMON,E5NPRMON,,1,2028,,,,,,1.0
OutputActivityRatio,NDC,ECU,T5NPRMON,E5NPRMON,,1,2029,,,,,,1.0
OutputActivityRatio,NDC,ECU,T5NPRMON,E5NPRMON,,1,2030,,,,,,1.0
OutputActivityRatio,NDC,ECU,T5NPRMON,E5NPRMON,,1,2031,,,,,,1.0
OutputActivityRatio,NDC,ECU,T5NPRMON,E5NPRMON,,1,2032,,,,,,1.0
OutputActivityRatio,NDC,ECU,T5NPRMON,E5NPRMON,,1,2033,,,,,,1.0
OutputActivityRatio,NDC,ECU,T5NPRMON,E5NPRMON,,1,2034,,,,,,1.0
OutputActivityRatio,NDC,ECU,T5NPRMON,E5NPRMON,,1,2035,,,,,,1.0
OutputActivityRatio,NDC,ECU,T5NUNMON,E5NUNMON,,1,2010,,,,,,1.0
OutputActivityRatio,NDC,ECU,T5NUNMON,E5NUNMON,,1,2011,,,,,,1.0
OutputActivityRatio,NDC,ECU,T5NUNMON,E5NUNMON,,1,2012,,,,,,1.0
OutputActivityRatio,NDC,ECU,T5NUNMON,E5NUNMON,,1,2013,,,,,,1.0
OutputActivityRatio,NDC,ECU,T5NUNMON,E5NUNMON,,1,2014,,,,,,1.0
OutputActivityRatio,NDC,ECU,T5NUNMON,E5NUNMON,,1,2015,,,,,,1.0
OutputActivityRatio,NDC,ECU,T5NUNMON,E5NUNMON,,1,2016,,,,,,1.0
OutputActivityRatio,NDC,ECU,T5NUNMON,E5NUNMON,,1,2017,,,,,,1.0
OutputActivityRatio,NDC,ECU,T5NUNMON,E5NUNMON,,1,2018,,,,,,1.0
OutputActivityRatio,NDC,ECU,T5NUNMON,E5NUNMON,,1,2019,,,,,,1.0
OutputActivityRatio,NDC,ECU,T5NUNMON,E5NUNMON,,1,2020,,,,,,1.0
OutputActivityRatio,NDC,ECU,T5NUNMON,E5NUNMON,,1,2021,,,,,,1.0
OutputActivityRatio,NDC,ECU,T5NUNMON,E5NUNMON,,1,2022,,,,,,1.0
OutputActivityRatio,NDC,ECU,T5NUNMON,E5NUNMON,,1,2023,,,,,,1.0
OutputActivityRatio,NDC,ECU,T5NUNMON,E5NUNMON,,1,2024,,,,,,1.0
OutputActivityRatio,NDC,ECU,T5NUNMON,E5NUNMON,,1,2025,,,,,,1.0
OutputActivityRatio,NDC,ECU,T5NUNMON,E5NUNMON,,1,2026,,,,,,1.0
OutputActivityRatio,NDC,ECU,T5NUNMON,E5NUNMON,,1,2027,,,,,,1.0
OutputActivityRatio,NDC,ECU,T5NUNMON,E5NUNMON,,1,2028,,,,,,1.0
OutputActivityRatio,NDC,ECU,T5NUNMON,E5NUNMON,,1,2029,,,,,,1.0
OutputActivityRatio,NDC,ECU,T5NUNMON,E5NUNMON,,1,2030,,,,,,1.0
OutputActivityRatio,NDC,ECU,T5NUNMON,E5NUNMON,,1,2031,,,,,,1.0
OutputActivityRatio,NDC,ECU,T5NUNMON,E5NUNMON,,1,2032,,,,,,1.0
OutputActivityRatio,NDC,ECU,T5NUNMON,E5NUNMON,,1,2033,,,,,,1.0
OutputActivityRatio,NDC,ECU,T5NUNMON,E5NUNMON,,1,2034,,,,,,1.0
OutputActivityRatio,NDC,ECU,T5NUNMON,E5NUNMON,,1,2035,,,,,,1.0
OutputActivityRatio,NDC,ECU,T5NPRPIE,E5NPRPIE,,1,2010,,,,,,1.0
OutputActivityRatio,NDC,ECU,T5NPRPIE,E5NPRPIE,,1,2011,,,,,,1.0
OutputActivityRatio,NDC,ECU,T5NPRPIE,E5NPRPIE,,1,2012,,,,,,1.0
OutputActivityRatio,NDC,ECU,T5NPRPIE,E5NPRPIE,,1,2013,,,,,,1.0
OutputActivityRatio,NDC,ECU,T5NPRPIE,E5NPRPIE,,1,2014,,,,,,1.0
OutputActivityRatio,NDC,ECU,T5NPRPIE,E5NPRPIE,,1,2015,,,,,,1.0
OutputActivityRatio,NDC,ECU,T5NPRPIE,E5NPRPIE,,1,2016,,,,,,1.0
OutputActivityRatio,NDC,ECU,T5NPRPIE,E5NPRPIE,,1,2017,,,,,,1.0
OutputActivityRatio,NDC,ECU,T5NPRPIE,E5NPRPIE,,1,2018,,,,,,1.0
OutputActivityRatio,NDC,ECU,T5NPRPIE,E5NPRPIE,,1,2019,,,,,,1.0
OutputActivityRatio,NDC,ECU,T5NPRPIE,E5NPRPIE,,1,2020,,,,,,1.0
OutputActivityRatio,NDC,ECU,T5NPRPIE,E5NPRPIE,,1,2021,,,,,,1.0
OutputActivityRatio,NDC,ECU,T5NPRPIE,E5NPRPIE,,1,2022,,,,,,1.0
OutputActivityRatio,NDC,ECU,T5NPRPIE,E5NPRPIE,,1,2023,,,,,,1.0
OutputActivityRatio,NDC,ECU,T5NPRPIE,E5NPRPIE,,1,2024,,,,,,1.0
OutputActivityRatio,NDC,ECU,T5NPRPIE,E5NPRPIE,,1,2025,,,,,,1.0
OutputActivityRatio,NDC,ECU,T5NPRPIE,E5NPRPIE,,1,2026,,,,,,1.0
OutputActivityRatio,NDC,ECU,T5NPRPIE,E5NPRPIE,,1,2027,,,,,,1.0
OutputActivityRatio,NDC,ECU,T5NPRPIE,E5NPRPIE,,1,2028,,,,,,1.0
OutputActivityRatio,NDC,ECU,T5NPRPIE,E5NPRPIE,,1,2029,,,,,,1.0
OutputActivityRatio,NDC,ECU,T5NPRPIE,E5NPRPIE,,1,2030,,,,,,1.0
OutputActivityRatio,NDC,ECU,T5NPRPIE,E5NPRPIE,,1,2031,,,,,,1.0
OutputActivityRatio,NDC,ECU,T5NPRPIE,E5NPRPIE,,1,2032,,,,,,1.0
OutputActivityRatio,NDC,ECU,T5NPRPIE,E5NPRPIE,,1,2033,,,,,,1.0
OutputActivityRatio,NDC,ECU,T5NPRPIE,E5NPRPIE,,1,2034,,,,,,1.0
OutputActivityRatio,NDC,ECU,T5NPRPIE,E5NPRPIE,,1,2035,,,,,,1.0
OutputActivityRatio,NDC,ECU,T5NUNPIE,E5NUNPIE,,1,2010,,,,,,1.0
OutputActivityRatio,NDC,ECU,T5NUNPIE,E5NUNPIE,,1,2011,,,,,,1.0
OutputActivityRatio,NDC,ECU,T5NUNPIE,E5NUNPIE,,1,2012,,,,,,1.0
OutputActivityRatio,NDC,ECU,T5NUNPIE,E5NUNPIE,,1,2013,,,,,,1.0
OutputActivityRatio,NDC,ECU,T5NUNPIE,E5NUNPIE,,1,2014,,,,,,1.0
OutputActivityRatio,NDC,ECU,T5NUNPIE,E5NUNPIE,,1,2015,,,,,,1.0
OutputActivityRatio,NDC,ECU,T5NUNPIE,E5NUNPIE,,1,2016,,,,,,1.0
OutputActivityRatio,NDC,ECU,T5NUNPIE,E5NUNPIE,,1,2017,,,,,,1.0
OutputActivityRatio,NDC,ECU,T5NUNPIE,E5NUNPIE,,1,2018,,,,,,1.0
OutputActivityRatio,NDC,ECU,T5NUNPIE,E5NUNPIE,,1,2019,,,,,,1.0
OutputActivityRatio,NDC,ECU,T5NUNPIE,E5NUNPIE,,1,2020,,,,,,1.0
OutputActivityRatio,NDC,ECU,T5NUNPIE,E5NUNPIE,,1,2021,,,,,,1.0
OutputActivityRatio,NDC,ECU,T5NUNPIE,E5NUNPIE,,1,2022,,,,,,1.0
OutputActivityRatio,NDC,ECU,T5NUNPIE,E5NUNPIE,,1,2023,,,,,,1.0
OutputActivityRatio,NDC,ECU,T5NUNPIE,E5NUNPIE,,1,2024,,,,,,1.0
OutputActivityRatio,NDC,ECU,T5NUNPIE,E5NUNPIE,,1,2025,,,,,,1.0
OutputActivityRatio,NDC,ECU,T5NUNPIE,E5NUNPIE,,1,2026,,,,,,1.0
OutputActivityRatio,NDC,ECU,T5NUNPIE,E5NUNPIE,,1,2027,,,,,,1.0
OutputActivityRatio,NDC,ECU,T5NUNPIE,E5NUNPIE,,1,2028,,,,,,1.0
OutputActivityRatio,NDC,ECU,T5NUNPIE,E5NUNPIE,,1,2029,,,,,,1.0
OutputActivityRatio,NDC,ECU,T5NUNPIE,E5NUNPIE,,1,2030,,,,,,1.0
OutputActivityRatio,NDC,ECU,T5NUNPIE,E5NUNPIE,,1,2031,,,,,,1.0
OutputActivityRatio,NDC,ECU,T5NUNPIE,E5NUNPIE,,1,2032,,,,,,1.0
OutputActivityRatio,NDC,ECU,T5NUNPIE,E5NUNPIE,,1,2033,,,,,,1.0
OutputActivityRatio,NDC,ECU,T5NUNPIE,E5NUNPIE,,1,2034,,,,,,1.0
OutputActivityRatio,NDC,ECU,T5NUNPIE,E5NUNPIE,,1,2035,,,,,,1.0
OutputActivityRatio,NDC,ECU,T5NPRCEJ,E5NPRCEJ,,1,2010,,,,,,1.0
OutputActivityRatio,NDC,ECU,T5NPRCEJ,E5NPRCEJ,,1,2011,,,,,,1.0
OutputActivityRatio,NDC,ECU,T5NPRCEJ,E5NPRCEJ,,1,2012,,,,,,1.0
OutputActivityRatio,NDC,ECU,T5NPRCEJ,E5NPRCEJ,,1,2013,,,,,,1.0
OutputActivityRatio,NDC,ECU,T5NPRCEJ,E5NPRCEJ,,1,2014,,,,,,1.0
OutputActivityRatio,NDC,ECU,T5NPRCEJ,E5NPRCEJ,,1,2015,,,,,,1.0
OutputActivityRatio,NDC,ECU,T5NPRCEJ,E5NPRCEJ,,1,2016,,,,,,1.0
OutputActivityRatio,NDC,ECU,T5NPRCEJ,E5NPRCEJ,,1,2017,,,,,,1.0
OutputActivityRatio,NDC,ECU,T5NPRCEJ,E5NPRCEJ,,1,2018,,,,,,1.0
OutputActivityRatio,NDC,ECU,T5NPRCEJ,E5NPRCEJ,,1,2019,,,,,,1.0
OutputActivityRatio,NDC,ECU,T5NPRCEJ,E5NPRCEJ,,1,2020,,,,,,1.0
OutputActivityRatio,NDC,ECU,T5NPRCEJ,E5NPRCEJ,,1,2021,,,,,,1.0
OutputActivityRatio,NDC,ECU,T5NPRCEJ,E5NPRCEJ,,1,2022,,,,,,1.0
OutputActivityRatio,NDC,ECU,T5NPRCEJ,E5NPRCEJ,,1,2023,,,,,,1.0
OutputActivityRatio,NDC,ECU,T5NPRCEJ,E5NPRCEJ,,1,2024,,,,,,1.0
OutputActivityRatio,NDC,ECU,T5NPRCEJ,E5NPRCEJ,,1,2025,,,,,,1.0
OutputActivityRatio,NDC,ECU,T5NPRCEJ,E5NPRCEJ,,1,2026,,,,,,1.0
OutputActivityRatio,NDC,ECU,T5NPRCEJ,E5NPRCEJ,,1,2027,,,,,,1.0
OutputActivityRatio,NDC,ECU,T5NPRCEJ,E5NPRCEJ,,1,2028,,,,,,1.0
OutputActivityRatio,NDC,ECU,T5NPRCEJ,E5NPRCEJ,,1,2029,,,,,,1.0
OutputActivityRatio,NDC,ECU,T5NPRCEJ,E5NPRCEJ,,1,2030,,,,,,1.0
OutputActivityRatio,NDC,ECU,T5NPRCEJ,E5NPRCEJ,,1,2031,,,,,,1.0
OutputActivityRatio,NDC,ECU,T5NPRCEJ,E5NPRCEJ,,1,2032,,,,,,1.0
OutputActivityRatio,NDC,ECU,T5NPRCEJ,E5NPRCEJ,,1,2033,,,,,,1.0
OutputActivityRatio,NDC,ECU,T5NPRCEJ,E5NPRCEJ,,1,2034,,,,,,1.0
OutputActivityRatio,NDC,ECU,T5NPRCEJ,E5NPRCEJ,,1,2035,,,,,,1.0
OutputActivityRatio,NDC,ECU,T5NUNCEJ,E5NUNCEJ,,1,2010,,,,,,1.0
OutputActivityRatio,NDC,ECU,T5NUNCEJ,E5NUNCEJ,,1,2011,,,,,,1.0
OutputActivityRatio,NDC,ECU,T5NUNCEJ,E5NUNCEJ,,1,2012,,,,,,1.0
OutputActivityRatio,NDC,ECU,T5NUNCEJ,E5NUNCEJ,,1,2013,,,,,,1.0
OutputActivityRatio,NDC,ECU,T5NUNCEJ,E5NUNCEJ,,1,2014,,,,,,1.0
OutputActivityRatio,NDC,ECU,T5NUNCEJ,E5NUNCEJ,,1,2015,,,,,,1.0
OutputActivityRatio,NDC,ECU,T5NUNCEJ,E5NUNCEJ,,1,2016,,,,,,1.0
OutputActivityRatio,NDC,ECU,T5NUNCEJ,E5NUNCEJ,,1,2017,,,,,,1.0
OutputActivityRatio,NDC,ECU,T5NUNCEJ,E5NUNCEJ,,1,2018,,,,,,1.0
OutputActivityRatio,NDC,ECU,T5NUNCEJ,E5NUNCEJ,,1,2019,,,,,,1.0
OutputActivityRatio,NDC,ECU,T5NUNCEJ,E5NUNCEJ,,1,2020,,,,,,1.0
OutputActivityRatio,NDC,ECU,T5NUNCEJ,E5NUNCEJ,,1,2021,,,,,,1.0
OutputActivityRatio,NDC,ECU,T5NUNCEJ,E5NUNCEJ,,1,2022,,,,,,1.0
OutputActivityRatio,NDC,ECU,T5NUNCEJ,E5NUNCEJ,,1,2023,,,,,,1.0
OutputActivityRatio,NDC,ECU,T5NUNCEJ,E5NUNCEJ,,1,2024,,,,,,1.0
OutputActivityRatio,NDC,ECU,T5NUNCEJ,E5NUNCEJ,,1,2025,,,,,,1.0
OutputActivityRatio,NDC,ECU,T5NUNCEJ,E5NUNCEJ,,1,2026,,,,,,1.0
OutputActivityRatio,NDC,ECU,T5NUNCEJ,E5NUNCEJ,,1,2027,,,,,,1.0
OutputActivityRatio,NDC,ECU,T5NUNCEJ,E5NUNCEJ,,1,2028,,,,,,1.0
OutputActivityRatio,NDC,ECU,T5NUNCEJ,E5NUNCEJ,,1,2029,,,,,,1.0
OutputActivityRatio,NDC,ECU,T5NUNCEJ,E5NUNCEJ,,1,2030,,,,,,1.0
OutputActivityRatio,NDC,ECU,T5NUNCEJ,E5NUNCEJ,,1,2031,,,,,,1.0
OutputActivityRatio,NDC,ECU,T5NUNCEJ,E5NUNCEJ,,1,2032,,,,,,1.0
OutputActivityRatio,NDC,ECU,T5NUNCEJ,E5NUNCEJ,,1,2033,,,,,,1.0
OutputActivityRatio,NDC,ECU,T5NUNCEJ,E5NUNCEJ,,1,2034,,,,,,1.0
OutputActivityRatio,NDC,ECU,T5NUNCEJ,E5NUNCEJ,,1,2035,,,,,,1.0
OutputActivityRatio,NDC,ECU,T5NPRAMA,E5NPRAMA,,1,2010,,,,,,1.0
OutputActivityRatio,NDC,ECU,T5NPRAMA,E5NPRAMA,,1,2011,,,,,,1.0
OutputActivityRatio,NDC,ECU,T5NPRAMA,E5NPRAMA,,1,2012,,,,,,1.0
OutputActivityRatio,NDC,ECU,T5NPRAMA,E5NPRAMA,,1,2013,,,,,,1.0
OutputActivityRatio,NDC,ECU,T5NPRAMA,E5NPRAMA,,1,2014,,,,,,1.0
OutputActivityRatio,NDC,ECU,T5NPRAMA,E5NPRAMA,,1,2015,,,,,,1.0
OutputActivityRatio,NDC,ECU,T5NPRAMA,E5NPRAMA,,1,2016,,,,,,1.0
OutputActivityRatio,NDC,ECU,T5NPRAMA,E5NPRAMA,,1,2017,,,,,,1.0
OutputActivityRatio,NDC,ECU,T5NPRAMA,E5NPRAMA,,1,2018,,,,,,1.0
OutputActivityRatio,NDC,ECU,T5NPRAMA,E5NPRAMA,,1,2019,,,,,,1.0
OutputActivityRatio,NDC,ECU,T5NPRAMA,E5NPRAMA,,1,2020,,,,,,1.0
OutputActivityRatio,NDC,ECU,T5NPRAMA,E5NPRAMA,,1,2021,,,,,,1.0
OutputActivityRatio,NDC,ECU,T5NPRAMA,E5NPRAMA,,1,2022,,,,,,1.0
OutputActivityRatio,NDC,ECU,T5NPRAMA,E5NPRAMA,,1,2023,,,,,,1.0
OutputActivityRatio,NDC,ECU,T5NPRAMA,E5NPRAMA,,1,2024,,,,,,1.0
OutputActivityRatio,NDC,ECU,T5NPRAMA,E5NPRAMA,,1,2025,,,,,,1.0
OutputActivityRatio,NDC,ECU,T5NPRAMA,E5NPRAMA,,1,2026,,,,,,1.0
OutputActivityRatio,NDC,ECU,T5NPRAMA,E5NPRAMA,,1,2027,,,,,,1.0
OutputActivityRatio,NDC,ECU,T5NPRAMA,E5NPRAMA,,1,2028,,,,,,1.0
OutputActivityRatio,NDC,ECU,T5NPRAMA,E5NPRAMA,,1,2029,,,,,,1.0
OutputActivityRatio,NDC,ECU,T5NPRAMA,E5NPRAMA,,1,2030,,,,,,1.0
OutputActivityRatio,NDC,ECU,T5NPRAMA,E5NPRAMA,,1,2031,,,,,,1.0
OutputActivityRatio,NDC,ECU,T5NPRAMA,E5NPRAMA,,1,2032,,,,,,1.0
OutputActivityRatio,NDC,ECU,T5NPRAMA,E5NPRAMA,,1,2033,,,,,,1.0
OutputActivityRatio,NDC,ECU,T5NPRAMA,E5NPRAMA,,1,2034,,,,,,1.0
OutputActivityRatio,NDC,ECU,T5NPRAMA,E5NPRAMA,,1,2035,,,,,,1.0
OutputActivityRatio,NDC,ECU,T5NUNAMA,E5NUNAMA,,1,2010,,,,,,1.0
OutputActivityRatio,NDC,ECU,T5NUNAMA,E5NUNAMA,,1,2011,,,,,,1.0
OutputActivityRatio,NDC,ECU,T5NUNAMA,E5NUNAMA,,1,2012,,,,,,1.0
OutputActivityRatio,NDC,ECU,T5NUNAMA,E5NUNAMA,,1,2013,,,,,,1.0
OutputActivityRatio,NDC,ECU,T5NUNAMA,E5NUNAMA,,1,2014,,,,,,1.0
OutputActivityRatio,NDC,ECU,T5NUNAMA,E5NUNAMA,,1,2015,,,,,,1.0
OutputActivityRatio,NDC,ECU,T5NUNAMA,E5NUNAMA,,1,2016,,,,,,1.0
OutputActivityRatio,NDC,ECU,T5NUNAMA,E5NUNAMA,,1,2017,,,,,,1.0
OutputActivityRatio,NDC,ECU,T5NUNAMA,E5NUNAMA,,1,2018,,,,,,1.0
OutputActivityRatio,NDC,ECU,T5NUNAMA,E5NUNAMA,,1,2019,,,,,,1.0
OutputActivityRatio,NDC,ECU,T5NUNAMA,E5NUNAMA,,1,2020,,,,,,1.0
OutputActivityRatio,NDC,ECU,T5NUNAMA,E5NUNAMA,,1,2021,,,,,,1.0
OutputActivityRatio,NDC,ECU,T5NUNAMA,E5NUNAMA,,1,2022,,,,,,1.0
OutputActivityRatio,NDC,ECU,T5NUNAMA,E5NUNAMA,,1,2023,,,,,,1.0
OutputActivityRatio,NDC,ECU,T5NUNAMA,E5NUNAMA,,1,2024,,,,,,1.0
OutputActivityRatio,NDC,ECU,T5NUNAMA,E5NUNAMA,,1,2025,,,,,,1.0
OutputActivityRatio,NDC,ECU,T5NUNAMA,E5NUNAMA,,1,2026,,,,,,1.0
OutputActivityRatio,NDC,ECU,T5NUNAMA,E5NUNAMA,,1,2027,,,,,,1.0
OutputActivityRatio,NDC,ECU,T5NUNAMA,E5NUNAMA,,1,2028,,,,,,1.0
OutputActivityRatio,NDC,ECU,T5NUNAMA,E5NUNAMA,,1,2029,,,,,,1.0
OutputActivityRatio,NDC,ECU,T5NUNAMA,E5NUNAMA,,1,2030,,,,,,1.0
OutputActivityRatio,NDC,ECU,T5NUNAMA,E5NUNAMA,,1,2031,,,,,,1.0
OutputActivityRatio,NDC,ECU,T5NUNAMA,E5NUNAMA,,1,2032,,,,,,1.0
OutputActivityRatio,NDC,ECU,T5NUNAMA,E5NUNAMA,,1,2033,,,,,,1.0
OutputActivityRatio,NDC,ECU,T5NUNAMA,E5NUNAMA,,1,2034,,,,,,1.0
OutputActivityRatio,NDC,ECU,T5NUNAMA,E5NUNAMA,,1,2035,,,,,,1.0
OutputActivityRatio,NDC,ECU,T5NPRCHO,E5NPRCHO,,1,2010,,,,,,1.0
OutputActivityRatio,NDC,ECU,T5NPRCHO,E5NPRCHO,,1,2011,,,,,,1.0
OutputActivityRatio,NDC,ECU,T5NPRCHO,E5NPRCHO,,1,2012,,,,,,1.0
OutputActivityRatio,NDC,ECU,T5NPRCHO,E5NPRCHO,,1,2013,,,,,,1.0
OutputActivityRatio,NDC,ECU,T5NPRCHO,E5NPRCHO,,1,2014,,,,,,1.0
OutputActivityRatio,NDC,ECU,T5NPRCHO,E5NPRCHO,,1,2015,,,,,,1.0
OutputActivityRatio,NDC,ECU,T5NPRCHO,E5NPRCHO,,1,2016,,,,,,1.0
OutputActivityRatio,NDC,ECU,T5NPRCHO,E5NPRCHO,,1,2017,,,,,,1.0
OutputActivityRatio,NDC,ECU,T5NPRCHO,E5NPRCHO,,1,2018,,,,,,1.0
OutputActivityRatio,NDC,ECU,T5NPRCHO,E5NPRCHO,,1,2019,,,,,,1.0
OutputActivityRatio,NDC,ECU,T5NPRCHO,E5NPRCHO,,1,2020,,,,,,1.0
OutputActivityRatio,NDC,ECU,T5NPRCHO,E5NPRCHO,,1,2021,,,,,,1.0
OutputActivityRatio,NDC,ECU,T5NPRCHO,E5NPRCHO,,1,2022,,,,,,1.0
OutputActivityRatio,NDC,ECU,T5NPRCHO,E5NPRCHO,,1,2023,,,,,,1.0
OutputActivityRatio,NDC,ECU,T5NPRCHO,E5NPRCHO,,1,2024,,,,,,1.0
OutputActivityRatio,NDC,ECU,T5NPRCHO,E5NPRCHO,,1,2025,,,,,,1.0
OutputActivityRatio,NDC,ECU,T5NPRCHO,E5NPRCHO,,1,2026,,,,,,1.0
OutputActivityRatio,NDC,ECU,T5NPRCHO,E5NPRCHO,,1,2027,,,,,,1.0
OutputActivityRatio,NDC,ECU,T5NPRCHO,E5NPRCHO,,1,2028,,,,,,1.0
OutputActivityRatio,NDC,ECU,T5NPRCHO,E5NPRCHO,,1,2029,,,,,,1.0
OutputActivityRatio,NDC,ECU,T5NPRCHO,E5NPRCHO,,1,2030,,,,,,1.0
OutputActivityRatio,NDC,ECU,T5NPRCHO,E5NPRCHO,,1,2031,,,,,,1.0
OutputActivityRatio,NDC,ECU,T5NPRCHO,E5NPRCHO,,1,2032,,,,,,1.0
OutputActivityRatio,NDC,ECU,T5NPRCHO,E5NPRCHO,,1,2033,,,,,,1.0
OutputActivityRatio,NDC,ECU,T5NPRCHO,E5NPRCHO,,1,2034,,,,,,1.0
OutputActivityRatio,NDC,ECU,T5NPRCHO,E5NPRCHO,,1,2035,,,,,,1.0
OutputActivityRatio,NDC,ECU,T5NUNCHO,E5NUNCHO,,1,2010,,,,,,1.0
OutputActivityRatio,NDC,ECU,T5NUNCHO,E5NUNCHO,,1,2011,,,,,,1.0
OutputActivityRatio,NDC,ECU,T5NUNCHO,E5NUNCHO,,1,2012,,,,,,1.0
OutputActivityRatio,NDC,ECU,T5NUNCHO,E5NUNCHO,,1,2013,,,,,,1.0
OutputActivityRatio,NDC,ECU,T5NUNCHO,E5NUNCHO,,1,2014,,,,,,1.0
OutputActivityRatio,NDC,ECU,T5NUNCHO,E5NUNCHO,,1,2015,,,,,,1.0
OutputActivityRatio,NDC,ECU,T5NUNCHO,E5NUNCHO,,1,2016,,,,,,1.0
OutputActivityRatio,NDC,ECU,T5NUNCHO,E5NUNCHO,,1,2017,,,,,,1.0
OutputActivityRatio,NDC,ECU,T5NUNCHO,E5NUNCHO,,1,2018,,,,,,1.0
OutputActivityRatio,NDC,ECU,T5NUNCHO,E5NUNCHO,,1,2019,,,,,,1.0
OutputActivityRatio,NDC,ECU,T5NUNCHO,E5NUNCHO,,1,2020,,,,,,1.0
OutputActivityRatio,NDC,ECU,T5NUNCHO,E5NUNCHO,,1,2021,,,,,,1.0
OutputActivityRatio,NDC,ECU,T5NUNCHO,E5NUNCHO,,1,2022,,,,,,1.0
OutputActivityRatio,NDC,ECU,T5NUNCHO,E5NUNCHO,,1,2023,,,,,,1.0
OutputActivityRatio,NDC,ECU,T5NUNCHO,E5NUNCHO,,1,2024,,,,,,1.0
OutputActivityRatio,NDC,ECU,T5NUNCHO,E5NUNCHO,,1,2025,,,,,,1.0
OutputActivityRatio,NDC,ECU,T5NUNCHO,E5NUNCHO,,1,2026,,,,,,1.0
OutputActivityRatio,NDC,ECU,T5NUNCHO,E5NUNCHO,,1,2027,,,,,,1.0
OutputActivityRatio,NDC,ECU,T5NUNCHO,E5NUNCHO,,1,2028,,,,,,1.0
OutputActivityRatio,NDC,ECU,T5NUNCHO,E5NUNCHO,,1,2029,,,,,,1.0
OutputActivityRatio,NDC,ECU,T5NUNCHO,E5NUNCHO,,1,2030,,,,,,1.0
OutputActivityRatio,NDC,ECU,T5NUNCHO,E5NUNCHO,,1,2031,,,,,,1.0
OutputActivityRatio,NDC,ECU,T5NUNCHO,E5NUNCHO,,1,2032,,,,,,1.0
OutputActivityRatio,NDC,ECU,T5NUNCHO,E5NUNCHO,,1,2033,,,,,,1.0
OutputActivityRatio,NDC,ECU,T5NUNCHO,E5NUNCHO,,1,2034,,,,,,1.0
OutputActivityRatio,NDC,ECU,T5NUNCHO,E5NUNCHO,,1,2035,,,,,,1.0
OutputActivityRatio,NDC,ECU,T5RARBOS,E5BOSRAR,,1,2010,,,,,,1.0
OutputActivityRatio,NDC,ECU,T5RARBOS,E5BOSRAR,,1,2011,,,,,,1.0
OutputActivityRatio,NDC,ECU,T5RARBOS,E5BOSRAR,,1,2012,,,,,,1.0
OutputActivityRatio,NDC,ECU,T5RARBOS,E5BOSRAR,,1,2013,,,,,,1.0
OutputActivityRatio,NDC,ECU,T5RARBOS,E5BOSRAR,,1,2014,,,,,,1.0
OutputActivityRatio,NDC,ECU,T5RARBOS,E5BOSRAR,,1,2015,,,,,,1.0
OutputActivityRatio,NDC,ECU,T5RARBOS,E5BOSRAR,,1,2016,,,,,,1.0
OutputActivityRatio,NDC,ECU,T5RARBOS,E5BOSRAR,,1,2017,,,,,,1.0
OutputActivityRatio,NDC,ECU,T5RARBOS,E5BOSRAR,,1,2018,,,,,,1.0
OutputActivityRatio,NDC,ECU,T5RARBOS,E5BOSRAR,,1,2019,,,,,,1.0
OutputActivityRatio,NDC,ECU,T5RARBOS,E5BOSRAR,,1,2020,,,,,,1.0
OutputActivityRatio,NDC,ECU,T5RARBOS,E5BOSRAR,,1,2021,,,,,,1.0
OutputActivityRatio,NDC,ECU,T5RARBOS,E5BOSRAR,,1,2022,,,,,,1.0
OutputActivityRatio,NDC,ECU,T5RARBOS,E5BOSRAR,,1,2023,,,,,,1.0
OutputActivityRatio,NDC,ECU,T5RARBOS,E5BOSRAR,,1,2024,,,,,,1.0
OutputActivityRatio,NDC,ECU,T5RARBOS,E5BOSRAR,,1,2025,,,,,,1.0
OutputActivityRatio,NDC,ECU,T5RARBOS,E5BOSRAR,,1,2026,,,,,,1.0
OutputActivityRatio,NDC,ECU,T5RARBOS,E5BOSRAR,,1,2027,,,,,,1.0
OutputActivityRatio,NDC,ECU,T5RARBOS,E5BOSRAR,,1,2028,,,,,,1.0
OutputActivityRatio,NDC,ECU,T5RARBOS,E5BOSRAR,,1,2029,,,,,,1.0
OutputActivityRatio,NDC,ECU,T5RARBOS,E5BOSRAR,,1,2030,,,,,,1.0
OutputActivityRatio,NDC,ECU,T5RARBOS,E5BOSRAR,,1,2031,,,,,,1.0
OutputActivityRatio,NDC,ECU,T5RARBOS,E5BOSRAR,,1,2032,,,,,,1.0
OutputActivityRatio,NDC,ECU,T5RARBOS,E5BOSRAR,,1,2033,,,,,,1.0
OutputActivityRatio,NDC,ECU,T5RARBOS,E5BOSRAR,,1,2034,,,,,,1.0
OutputActivityRatio,NDC,ECU,T5RARBOS,E5BOSRAR,,1,2035,,,,,,1.0
OutputActivityRatio,NDC,ECU,T5PLABOS,E5BOSPLA,,1,2010,,,,,,1.0
OutputActivityRatio,NDC,ECU,T5PLABOS,E5BOSPLA,,1,2011,,,,,,1.0
OutputActivityRatio,NDC,ECU,T5PLABOS,E5BOSPLA,,1,2012,,,,,,1.0
OutputActivityRatio,NDC,ECU,T5PLABOS,E5BOSPLA,,1,2013,,,,,,1.0
OutputActivityRatio,NDC,ECU,T5PLABOS,E5BOSPLA,,1,2014,,,,,,1.0
OutputActivityRatio,NDC,ECU,T5PLABOS,E5BOSPLA,,1,2015,,,,,,1.0
OutputActivityRatio,NDC,ECU,T5PLABOS,E5BOSPLA,,1,2016,,,,,,1.0
OutputActivityRatio,NDC,ECU,T5PLABOS,E5BOSPLA,,1,2017,,,,,,1.0
OutputActivityRatio,NDC,ECU,T5PLABOS,E5BOSPLA,,1,2018,,,,,,1.0
OutputActivityRatio,NDC,ECU,T5PLABOS,E5BOSPLA,,1,2019,,,,,,1.0
OutputActivityRatio,NDC,ECU,T5PLABOS,E5BOSPLA,,1,2020,,,,,,1.0
OutputActivityRatio,NDC,ECU,T5PLABOS,E5BOSPLA,,1,2021,,,,,,1.0
OutputActivityRatio,NDC,ECU,T5PLABOS,E5BOSPLA,,1,2022,,,,,,1.0
OutputActivityRatio,NDC,ECU,T5PLABOS,E5BOSPLA,,1,2023,,,,,,1.0
OutputActivityRatio,NDC,ECU,T5PLABOS,E5BOSPLA,,1,2024,,,,,,1.0
OutputActivityRatio,NDC,ECU,T5PLABOS,E5BOSPLA,,1,2025,,,,,,1.0
OutputActivityRatio,NDC,ECU,T5PLABOS,E5BOSPLA,,1,2026,,,,,,1.0
OutputActivityRatio,NDC,ECU,T5PLABOS,E5BOSPLA,,1,2027,,,,,,1.0
OutputActivityRatio,NDC,ECU,T5PLABOS,E5BOSPLA,,1,2028,,,,,,1.0
OutputActivityRatio,NDC,ECU,T5PLABOS,E5BOSPLA,,1,2029,,,,,,1.0
OutputActivityRatio,NDC,ECU,T5PLABOS,E5BOSPLA,,1,2030,,,,,,1.0
OutputActivityRatio,NDC,ECU,T5PLABOS,E5BOSPLA,,1,2031,,,,,,1.0
OutputActivityRatio,NDC,ECU,T5PLABOS,E5BOSPLA,,1,2032,,,,,,1.0
OutputActivityRatio,NDC,ECU,T5PLABOS,E5BOSPLA,,1,2033,,,,,,1.0
OutputActivityRatio,NDC,ECU,T5PLABOS,E5BOSPLA,,1,2034,,,,,,1.0
OutputActivityRatio,NDC,ECU,T5PLABOS,E5BOSPLA,,1,2035,,,,,,1.0
OutputActivityRatio,NDC,ECU,T5NPRMAN,E5NPRMAN,,1,2010,,,,,,1.0
OutputActivityRatio,NDC,ECU,T5NPRMAN,E5NPRMAN,,1,2011,,,,,,1.0
OutputActivityRatio,NDC,ECU,T5NPRMAN,E5NPRMAN,,1,2012,,,,,,1.0
OutputActivityRatio,NDC,ECU,T5NPRMAN,E5NPRMAN,,1,2013,,,,,,1.0
OutputActivityRatio,NDC,ECU,T5NPRMAN,E5NPRMAN,,1,2014,,,,,,1.0
OutputActivityRatio,NDC,ECU,T5NPRMAN,E5NPRMAN,,1,2015,,,,,,1.0
OutputActivityRatio,NDC,ECU,T5NPRMAN,E5NPRMAN,,1,2016,,,,,,1.0
OutputActivityRatio,NDC,ECU,T5NPRMAN,E5NPRMAN,,1,2017,,,,,,1.0
OutputActivityRatio,NDC,ECU,T5NPRMAN,E5NPRMAN,,1,2018,,,,,,1.0
OutputActivityRatio,NDC,ECU,T5NPRMAN,E5NPRMAN,,1,2019,,,,,,1.0
OutputActivityRatio,NDC,ECU,T5NPRMAN,E5NPRMAN,,1,2020,,,,,,1.0
OutputActivityRatio,NDC,ECU,T5NPRMAN,E5NPRMAN,,1,2021,,,,,,1.0
OutputActivityRatio,NDC,ECU,T5NPRMAN,E5NPRMAN,,1,2022,,,,,,1.0
OutputActivityRatio,NDC,ECU,T5NPRMAN,E5NPRMAN,,1,2023,,,,,,1.0
OutputActivityRatio,NDC,ECU,T5NPRMAN,E5NPRMAN,,1,2024,,,,,,1.0
OutputActivityRatio,NDC,ECU,T5NPRMAN,E5NPRMAN,,1,2025,,,,,,1.0
OutputActivityRatio,NDC,ECU,T5NPRMAN,E5NPRMAN,,1,2026,,,,,,1.0
OutputActivityRatio,NDC,ECU,T5NPRMAN,E5NPRMAN,,1,2027,,,,,,1.0
OutputActivityRatio,NDC,ECU,T5NPRMAN,E5NPRMAN,,1,2028,,,,,,1.0
OutputActivityRatio,NDC,ECU,T5NPRMAN,E5NPRMAN,,1,2029,,,,,,1.0
OutputActivityRatio,NDC,ECU,T5NPRMAN,E5NPRMAN,,1,2030,,,,,,1.0
OutputActivityRatio,NDC,ECU,T5NPRMAN,E5NPRMAN,,1,2031,,,,,,1.0
OutputActivityRatio,NDC,ECU,T5NPRMAN,E5NPRMAN,,1,2032,,,,,,1.0
OutputActivityRatio,NDC,ECU,T5NPRMAN,E5NPRMAN,,1,2033,,,,,,1.0
OutputActivityRatio,NDC,ECU,T5NPRMAN,E5NPRMAN,,1,2034,,,,,,1.0
OutputActivityRatio,NDC,ECU,T5NPRMAN,E5NPRMAN,,1,2035,,,,,,1.0
OutputActivityRatio,NDC,ECU,T5NUNMAN,E5NUNMAN,,1,2010,,,,,,1.0
OutputActivityRatio,NDC,ECU,T5NUNMAN,E5NUNMAN,,1,2011,,,,,,1.0
OutputActivityRatio,NDC,ECU,T5NUNMAN,E5NUNMAN,,1,2012,,,,,,1.0
OutputActivityRatio,NDC,ECU,T5NUNMAN,E5NUNMAN,,1,2013,,,,,,1.0
OutputActivityRatio,NDC,ECU,T5NUNMAN,E5NUNMAN,,1,2014,,,,,,1.0
OutputActivityRatio,NDC,ECU,T5NUNMAN,E5NUNMAN,,1,2015,,,,,,1.0
OutputActivityRatio,NDC,ECU,T5NUNMAN,E5NUNMAN,,1,2016,,,,,,1.0
OutputActivityRatio,NDC,ECU,T5NUNMAN,E5NUNMAN,,1,2017,,,,,,1.0
OutputActivityRatio,NDC,ECU,T5NUNMAN,E5NUNMAN,,1,2018,,,,,,1.0
OutputActivityRatio,NDC,ECU,T5NUNMAN,E5NUNMAN,,1,2019,,,,,,1.0
OutputActivityRatio,NDC,ECU,T5NUNMAN,E5NUNMAN,,1,2020,,,,,,1.0
OutputActivityRatio,NDC,ECU,T5NUNMAN,E5NUNMAN,,1,2021,,,,,,1.0
OutputActivityRatio,NDC,ECU,T5NUNMAN,E5NUNMAN,,1,2022,,,,,,1.0
OutputActivityRatio,NDC,ECU,T5NUNMAN,E5NUNMAN,,1,2023,,,,,,1.0
OutputActivityRatio,NDC,ECU,T5NUNMAN,E5NUNMAN,,1,2024,,,,,,1.0
OutputActivityRatio,NDC,ECU,T5NUNMAN,E5NUNMAN,,1,2025,,,,,,1.0
OutputActivityRatio,NDC,ECU,T5NUNMAN,E5NUNMAN,,1,2026,,,,,,1.0
OutputActivityRatio,NDC,ECU,T5NUNMAN,E5NUNMAN,,1,2027,,,,,,1.0
OutputActivityRatio,NDC,ECU,T5NUNMAN,E5NUNMAN,,1,2028,,,,,,1.0
OutputActivityRatio,NDC,ECU,T5NUNMAN,E5NUNMAN,,1,2029,,,,,,1.0
OutputActivityRatio,NDC,ECU,T5NUNMAN,E5NUNMAN,,1,2030,,,,,,1.0
OutputActivityRatio,NDC,ECU,T5NUNMAN,E5NUNMAN,,1,2031,,,,,,1.0
OutputActivityRatio,NDC,ECU,T5NUNMAN,E5NUNMAN,,1,2032,,,,,,1.0
OutputActivityRatio,NDC,ECU,T5NUNMAN,E5NUNMAN,,1,2033,,,,,,1.0
OutputActivityRatio,NDC,ECU,T5NUNMAN,E5NUNMAN,,1,2034,,,,,,1.0
OutputActivityRatio,NDC,ECU,T5NUNMAN,E5NUNMAN,,1,2035,,,,,,1.0
OutputActivityRatio,NDC,ECU,T5NPRMOR,E5NPRMOR,,1,2010,,,,,,1.0
OutputActivityRatio,NDC,ECU,T5NPRMOR,E5NPRMOR,,1,2011,,,,,,1.0
OutputActivityRatio,NDC,ECU,T5NPRMOR,E5NPRMOR,,1,2012,,,,,,1.0
OutputActivityRatio,NDC,ECU,T5NPRMOR,E5NPRMOR,,1,2013,,,,,,1.0
OutputActivityRatio,NDC,ECU,T5NPRMOR,E5NPRMOR,,1,2014,,,,,,1.0
OutputActivityRatio,NDC,ECU,T5NPRMOR,E5NPRMOR,,1,2015,,,,,,1.0
OutputActivityRatio,NDC,ECU,T5NPRMOR,E5NPRMOR,,1,2016,,,,,,1.0
OutputActivityRatio,NDC,ECU,T5NPRMOR,E5NPRMOR,,1,2017,,,,,,1.0
OutputActivityRatio,NDC,ECU,T5NPRMOR,E5NPRMOR,,1,2018,,,,,,1.0
OutputActivityRatio,NDC,ECU,T5NPRMOR,E5NPRMOR,,1,2019,,,,,,1.0
OutputActivityRatio,NDC,ECU,T5NPRMOR,E5NPRMOR,,1,2020,,,,,,1.0
OutputActivityRatio,NDC,ECU,T5NPRMOR,E5NPRMOR,,1,2021,,,,,,1.0
OutputActivityRatio,NDC,ECU,T5NPRMOR,E5NPRMOR,,1,2022,,,,,,1.0
OutputActivityRatio,NDC,ECU,T5NPRMOR,E5NPRMOR,,1,2023,,,,,,1.0
OutputActivityRatio,NDC,ECU,T5NPRMOR,E5NPRMOR,,1,2024,,,,,,1.0
OutputActivityRatio,NDC,ECU,T5NPRMOR,E5NPRMOR,,1,2025,,,,,,1.0
OutputActivityRatio,NDC,ECU,T5NPRMOR,E5NPRMOR,,1,2026,,,,,,1.0
OutputActivityRatio,NDC,ECU,T5NPRMOR,E5NPRMOR,,1,2027,,,,,,1.0
OutputActivityRatio,NDC,ECU,T5NPRMOR,E5NPRMOR,,1,2028,,,,,,1.0
OutputActivityRatio,NDC,ECU,T5NPRMOR,E5NPRMOR,,1,2029,,,,,,1.0
OutputActivityRatio,NDC,ECU,T5NPRMOR,E5NPRMOR,,1,2030,,,,,,1.0
OutputActivityRatio,NDC,ECU,T5NPRMOR,E5NPRMOR,,1,2031,,,,,,1.0
OutputActivityRatio,NDC,ECU,T5NPRMOR,E5NPRMOR,,1,2032,,,,,,1.0
OutputActivityRatio,NDC,ECU,T5NPRMOR,E5NPRMOR,,1,2033,,,,,,1.0
OutputActivityRatio,NDC,ECU,T5NPRMOR,E5NPRMOR,,1,2034,,,,,,1.0
OutputActivityRatio,NDC,ECU,T5NPRMOR,E5NPRMOR,,1,2035,,,,,,1.0
OutputActivityRatio,NDC,ECU,T5NUNMOR,E5NUNMOR,,1,2010,,,,,,1.0
OutputActivityRatio,NDC,ECU,T5NUNMOR,E5NUNMOR,,1,2011,,,,,,1.0
OutputActivityRatio,NDC,ECU,T5NUNMOR,E5NUNMOR,,1,2012,,,,,,1.0
OutputActivityRatio,NDC,ECU,T5NUNMOR,E5NUNMOR,,1,2013,,,,,,1.0
OutputActivityRatio,NDC,ECU,T5NUNMOR,E5NUNMOR,,1,2014,,,,,,1.0
OutputActivityRatio,NDC,ECU,T5NUNMOR,E5NUNMOR,,1,2015,,,,,,1.0
OutputActivityRatio,NDC,ECU,T5NUNMOR,E5NUNMOR,,1,2016,,,,,,1.0
OutputActivityRatio,NDC,ECU,T5NUNMOR,E5NUNMOR,,1,2017,,,,,,1.0
OutputActivityRatio,NDC,ECU,T5NUNMOR,E5NUNMOR,,1,2018,,,,,,1.0
OutputActivityRatio,NDC,ECU,T5NUNMOR,E5NUNMOR,,1,2019,,,,,,1.0
OutputActivityRatio,NDC,ECU,T5NUNMOR,E5NUNMOR,,1,2020,,,,,,1.0
OutputActivityRatio,NDC,ECU,T5NUNMOR,E5NUNMOR,,1,2021,,,,,,1.0
OutputActivityRatio,NDC,ECU,T5NUNMOR,E5NUNMOR,,1,2022,,,,,,1.0
OutputActivityRatio,NDC,ECU,T5NUNMOR,E5NUNMOR,,1,2023,,,,,,1.0
OutputActivityRatio,NDC,ECU,T5NUNMOR,E5NUNMOR,,1,2024,,,,,,1.0
OutputActivityRatio,NDC,ECU,T5NUNMOR,E5NUNMOR,,1,2025,,,,,,1.0
OutputActivityRatio,NDC,ECU,T5NUNMOR,E5NUNMOR,,1,2026,,,,,,1.0
OutputActivityRatio,NDC,ECU,T5NUNMOR,E5NUNMOR,,1,2027,,,,,,1.0
OutputActivityRatio,NDC,ECU,T5NUNMOR,E5NUNMOR,,1,2028,,,,,,1.0
OutputActivityRatio,NDC,ECU,T5NUNMOR,E5NUNMOR,,1,2029,,,,,,1.0
OutputActivityRatio,NDC,ECU,T5NUNMOR,E5NUNMOR,,1,2030,,,,,,1.0
OutputActivityRatio,NDC,ECU,T5NUNMOR,E5NUNMOR,,1,2031,,,,,,1.0
OutputActivityRatio,NDC,ECU,T5NUNMOR,E5NUNMOR,,1,2032,,,,,,1.0
OutputActivityRatio,NDC,ECU,T5NUNMOR,E5NUNMOR,,1,2033,,,,,,1.0
OutputActivityRatio,NDC,ECU,T5NUNMOR,E5NUNMOR,,1,2034,,,,,,1.0
OutputActivityRatio,NDC,ECU,T5NUNMOR,E5NUNMOR,,1,2035,,,,,,1.0
OutputActivityRatio,NDC,ECU,T5NPRPFO,E5NPRPFO,,1,2010,,,,,,1.0
OutputActivityRatio,NDC,ECU,T5NPRPFO,E5NPRPFO,,1,2011,,,,,,1.0
OutputActivityRatio,NDC,ECU,T5NPRPFO,E5NPRPFO,,1,2012,,,,,,1.0
OutputActivityRatio,NDC,ECU,T5NPRPFO,E5NPRPFO,,1,2013,,,,,,1.0
OutputActivityRatio,NDC,ECU,T5NPRPFO,E5NPRPFO,,1,2014,,,,,,1.0
OutputActivityRatio,NDC,ECU,T5NPRPFO,E5NPRPFO,,1,2015,,,,,,1.0
OutputActivityRatio,NDC,ECU,T5NPRPFO,E5NPRPFO,,1,2016,,,,,,1.0
OutputActivityRatio,NDC,ECU,T5NPRPFO,E5NPRPFO,,1,2017,,,,,,1.0
OutputActivityRatio,NDC,ECU,T5NPRPFO,E5NPRPFO,,1,2018,,,,,,1.0
OutputActivityRatio,NDC,ECU,T5NPRPFO,E5NPRPFO,,1,2019,,,,,,1.0
OutputActivityRatio,NDC,ECU,T5NPRPFO,E5NPRPFO,,1,2020,,,,,,1.0
OutputActivityRatio,NDC,ECU,T5NPRPFO,E5NPRPFO,,1,2021,,,,,,1.0
OutputActivityRatio,NDC,ECU,T5NPRPFO,E5NPRPFO,,1,2022,,,,,,1.0
OutputActivityRatio,NDC,ECU,T5NPRPFO,E5NPRPFO,,1,2023,,,,,,1.0
OutputActivityRatio,NDC,ECU,T5NPRPFO,E5NPRPFO,,1,2024,,,,,,1.0
OutputActivityRatio,NDC,ECU,T5NPRPFO,E5NPRPFO,,1,2025,,,,,,1.0
OutputActivityRatio,NDC,ECU,T5NPRPFO,E5NPRPFO,,1,2026,,,,,,1.0
OutputActivityRatio,NDC,ECU,T5NPRPFO,E5NPRPFO,,1,2027,,,,,,1.0
OutputActivityRatio,NDC,ECU,T5NPRPFO,E5NPRPFO,,1,2028,,,,,,1.0
OutputActivityRatio,NDC,ECU,T5NPRPFO,E5NPRPFO,,1,2029,,,,,,1.0
OutputActivityRatio,NDC,ECU,T5NPRPFO,E5NPRPFO,,1,2030,,,,,,1.0
OutputActivityRatio,NDC,ECU,T5NPRPFO,E5NPRPFO,,1,2031,,,,,,1.0
OutputActivityRatio,NDC,ECU,T5NPRPFO,E5NPRPFO,,1,2032,,,,,,1.0
OutputActivityRatio,NDC,ECU,T5NPRPFO,E5NPRPFO,,1,2033,,,,,,1.0
OutputActivityRatio,NDC,ECU,T5NPRPFO,E5NPRPFO,,1,2034,,,,,,1.0
OutputActivityRatio,NDC,ECU,T5NPRPFO,E5NPRPFO,,1,2035,,,,,,1.0
OutputActivityRatio,NDC,ECU,T5NUNPFO,E5NUNPFO,,1,2010,,,,,,1.0
OutputActivityRatio,NDC,ECU,T5NUNPFO,E5NUNPFO,,1,2011,,,,,,1.0
OutputActivityRatio,NDC,ECU,T5NUNPFO,E5NUNPFO,,1,2012,,,,,,1.0
OutputActivityRatio,NDC,ECU,T5NUNPFO,E5NUNPFO,,1,2013,,,,,,1.0
OutputActivityRatio,NDC,ECU,T5NUNPFO,E5NUNPFO,,1,2014,,,,,,1.0
OutputActivityRatio,NDC,ECU,T5NUNPFO,E5NUNPFO,,1,2015,,,,,,1.0
OutputActivityRatio,NDC,ECU,T5NUNPFO,E5NUNPFO,,1,2016,,,,,,1.0
OutputActivityRatio,NDC,ECU,T5NUNPFO,E5NUNPFO,,1,2017,,,,,,1.0
OutputActivityRatio,NDC,ECU,T5NUNPFO,E5NUNPFO,,1,2018,,,,,,1.0
OutputActivityRatio,NDC,ECU,T5NUNPFO,E5NUNPFO,,1,2019,,,,,,1.0
OutputActivityRatio,NDC,ECU,T5NUNPFO,E5NUNPFO,,1,2020,,,,,,1.0
OutputActivityRatio,NDC,ECU,T5NUNPFO,E5NUNPFO,,1,2021,,,,,,1.0
OutputActivityRatio,NDC,ECU,T5NUNPFO,E5NUNPFO,,1,2022,,,,,,1.0
OutputActivityRatio,NDC,ECU,T5NUNPFO,E5NUNPFO,,1,2023,,,,,,1.0
OutputActivityRatio,NDC,ECU,T5NUNPFO,E5NUNPFO,,1,2024,,,,,,1.0
OutputActivityRatio,NDC,ECU,T5NUNPFO,E5NUNPFO,,1,2025,,,,,,1.0
OutputActivityRatio,NDC,ECU,T5NUNPFO,E5NUNPFO,,1,2026,,,,,,1.0
OutputActivityRatio,NDC,ECU,T5NUNPFO,E5NUNPFO,,1,2027,,,,,,1.0
OutputActivityRatio,NDC,ECU,T5NUNPFO,E5NUNPFO,,1,2028,,,,,,1.0
OutputActivityRatio,NDC,ECU,T5NUNPFO,E5NUNPFO,,1,2029,,,,,,1.0
OutputActivityRatio,NDC,ECU,T5NUNPFO,E5NUNPFO,,1,2030,,,,,,1.0
OutputActivityRatio,NDC,ECU,T5NUNPFO,E5NUNPFO,,1,2031,,,,,,1.0
OutputActivityRatio,NDC,ECU,T5NUNPFO,E5NUNPFO,,1,2032,,,,,,1.0
OutputActivityRatio,NDC,ECU,T5NUNPFO,E5NUNPFO,,1,2033,,,,,,1.0
OutputActivityRatio,NDC,ECU,T5NUNPFO,E5NUNPFO,,1,2034,,,,,,1.0
OutputActivityRatio,NDC,ECU,T5NUNPFO,E5NUNPFO,,1,2035,,,,,,1.0
OutputActivityRatio,NDC,ECU,T4ELE_HEA,E4ELE_HEA,,1,2010,,,,,,1.0
OutputActivityRatio,NDC,ECU,T4ELE_HEA,E4ELE_HEA,,1,2011,,,,,,1.0
OutputActivityRatio,NDC,ECU,T4ELE_HEA,E4ELE_HEA,,1,2012,,,,,,1.0
OutputActivityRatio,NDC,ECU,T4ELE_HEA,E4ELE_HEA,,1,2013,,,,,,1.0
OutputActivityRatio,NDC,ECU,T4ELE_HEA,E4ELE_HEA,,1,2014,,,,,,1.0
OutputActivityRatio,NDC,ECU,T4ELE_HEA,E4ELE_HEA,,1,2015,,,,,,1.0
OutputActivityRatio,NDC,ECU,T4ELE_HEA,E4ELE_HEA,,1,2016,,,,,,1.0
OutputActivityRatio,NDC,ECU,T4ELE_HEA,E4ELE_HEA,,1,2017,,,,,,1.0
OutputActivityRatio,NDC,ECU,T4ELE_HEA,E4ELE_HEA,,1,2018,,,,,,1.0
OutputActivityRatio,NDC,ECU,T4ELE_HEA,E4ELE_HEA,,1,2019,,,,,,1.0
OutputActivityRatio,NDC,ECU,T4ELE_HEA,E4ELE_HEA,,1,2020,,,,,,1.0
OutputActivityRatio,NDC,ECU,T4ELE_HEA,E4ELE_HEA,,1,2021,,,,,,1.0
OutputActivityRatio,NDC,ECU,T4ELE_HEA,E4ELE_HEA,,1,2022,,,,,,1.0
OutputActivityRatio,NDC,ECU,T4ELE_HEA,E4ELE_HEA,,1,2023,,,,,,1.0
OutputActivityRatio,NDC,ECU,T4ELE_HEA,E4ELE_HEA,,1,2024,,,,,,1.0
OutputActivityRatio,NDC,ECU,T4ELE_HEA,E4ELE_HEA,,1,2025,,,,,,1.0
OutputActivityRatio,NDC,ECU,T4ELE_HEA,E4ELE_HEA,,1,2026,,,,,,1.0
OutputActivityRatio,NDC,ECU,T4ELE_HEA,E4ELE_HEA,,1,2027,,,,,,1.0
OutputActivityRatio,NDC,ECU,T4ELE_HEA,E4ELE_HEA,,1,2028,,,,,,1.0
OutputActivityRatio,NDC,ECU,T4ELE_HEA,E4ELE_HEA,,1,2029,,,,,,1.0
OutputActivityRatio,NDC,ECU,T4ELE_HEA,E4ELE_HEA,,1,2030,,,,,,1.0
OutputActivityRatio,NDC,ECU,T4ELE_HEA,E4ELE_HEA,,1,2031,,,,,,1.0
OutputActivityRatio,NDC,ECU,T4ELE_HEA,E4ELE_HEA,,1,2032,,,,,,1.0
OutputActivityRatio,NDC,ECU,T4ELE_HEA,E4ELE_HEA,,1,2033,,,,,,1.0
OutputActivityRatio,NDC,ECU,T4ELE_HEA,E4ELE_HEA,,1,2034,,,,,,1.0
OutputActivityRatio,NDC,ECU,T4ELE_HEA,E4ELE_HEA,,1,2035,,,,,,1.0
OutputActivityRatio,NDC,ECU,TRXTRAIELE,E5TRXTRAI,,1,2010,,,,,,1.0
OutputActivityRatio,NDC,ECU,TRXTRAIELE,E5TRXTRAI,,1,2011,,,,,,1.0
OutputActivityRatio,NDC,ECU,TRXTRAIELE,E5TRXTRAI,,1,2012,,,,,,1.0
OutputActivityRatio,NDC,ECU,TRXTRAIELE,E5TRXTRAI,,1,2013,,,,,,1.0
OutputActivityRatio,NDC,ECU,TRXTRAIELE,E5TRXTRAI,,1,2014,,,,,,1.0
OutputActivityRatio,NDC,ECU,TRXTRAIELE,E5TRXTRAI,,1,2015,,,,,,1.0
OutputActivityRatio,NDC,ECU,TRXTRAIELE,E5TRXTRAI,,1,2016,,,,,,1.0
OutputActivityRatio,NDC,ECU,TRXTRAIELE,E5TRXTRAI,,1,2017,,,,,,1.0
OutputActivityRatio,NDC,ECU,TRXTRAIELE,E5TRXTRAI,,1,2018,,,,,,1.0
OutputActivityRatio,NDC,ECU,TRXTRAIELE,E5TRXTRAI,,1,2019,,,,,,1.0
OutputActivityRatio,NDC,ECU,TRXTRAIELE,E5TRXTRAI,,1,2020,,,,,,1.0
OutputActivityRatio,NDC,ECU,TRXTRAIELE,E5TRXTRAI,,1,2021,,,,,,1.0
OutputActivityRatio,NDC,ECU,TRXTRAIELE,E5TRXTRAI,,1,2022,,,,,,1.0
OutputActivityRatio,NDC,ECU,TRXTRAIELE,E5TRXTRAI,,1,2023,,,,,,1.0
OutputActivityRatio,NDC,ECU,TRXTRAIELE,E5TRXTRAI,,1,2024,,,,,,1.0
OutputActivityRatio,NDC,ECU,TRXTRAIELE,E5TRXTRAI,,1,2025,,,,,,1.0
OutputActivityRatio,NDC,ECU,TRXTRAIELE,E5TRXTRAI,,1,2026,,,,,,1.0
OutputActivityRatio,NDC,ECU,TRXTRAIELE,E5TRXTRAI,,1,2027,,,,,,1.0
OutputActivityRatio,NDC,ECU,TRXTRAIELE,E5TRXTRAI,,1,2028,,,,,,1.0
OutputActivityRatio,NDC,ECU,TRXTRAIELE,E5TRXTRAI,,1,2029,,,,,,1.0
OutputActivityRatio,NDC,ECU,TRXTRAIELE,E5TRXTRAI,,1,2030,,,,,,1.0
OutputActivityRatio,NDC,ECU,TRXTRAIELE,E5TRXTRAI,,1,2031,,,,,,1.0
OutputActivityRatio,NDC,ECU,TRXTRAIELE,E5TRXTRAI,,1,2032,,,,,,1.0
OutputActivityRatio,NDC,ECU,TRXTRAIELE,E5TRXTRAI,,1,2033,,,,,,1.0
OutputActivityRatio,NDC,ECU,TRXTRAIELE,E5TRXTRAI,,1,2034,,,,,,1.0
OutputActivityRatio,NDC,ECU,TRXTRAIELE,E5TRXTRAI,,1,2035,,,,,,1.0
OutputActivityRatio,NDC,ECU,Techs_Rail,E6TDFREHEA,,1,2010,,,,,,1.0
OutputActivityRatio,NDC,ECU,Techs_Rail,E6TDFREHEA,,1,2011,,,,,,1.0
OutputActivityRatio,NDC,ECU,Techs_Rail,E6TDFREHEA,,1,2012,,,,,,1.0
OutputActivityRatio,NDC,ECU,Techs_Rail,E6TDFREHEA,,1,2013,,,,,,1.0
OutputActivityRatio,NDC,ECU,Techs_Rail,E6TDFREHEA,,1,2014,,,,,,1.0
OutputActivityRatio,NDC,ECU,Techs_Rail,E6TDFREHEA,,1,2015,,,,,,1.0
OutputActivityRatio,NDC,ECU,Techs_Rail,E6TDFREHEA,,1,2016,,,,,,1.0
OutputActivityRatio,NDC,ECU,Techs_Rail,E6TDFREHEA,,1,2017,,,,,,1.0
OutputActivityRatio,NDC,ECU,Techs_Rail,E6TDFREHEA,,1,2018,,,,,,1.0
OutputActivityRatio,NDC,ECU,Techs_Rail,E6TDFREHEA,,1,2019,,,,,,1.0
OutputActivityRatio,NDC,ECU,Techs_Rail,E6TDFREHEA,,1,2020,,,,,,1.0
OutputActivityRatio,NDC,ECU,Techs_Rail,E6TDFREHEA,,1,2021,,,,,,1.0
OutputActivityRatio,NDC,ECU,Techs_Rail,E6TDFREHEA,,1,2022,,,,,,1.0
OutputActivityRatio,NDC,ECU,Techs_Rail,E6TDFREHEA,,1,2023,,,,,,1.0
OutputActivityRatio,NDC,ECU,Techs_Rail,E6TDFREHEA,,1,2024,,,,,,1.0
OutputActivityRatio,NDC,ECU,Techs_Rail,E6TDFREHEA,,1,2025,,,,,,1.0
OutputActivityRatio,NDC,ECU,Techs_Rail,E6TDFREHEA,,1,2026,,,,,,1.0
OutputActivityRatio,NDC,ECU,Techs_Rail,E6TDFREHEA,,1,2027,,,,,,1.0
OutputActivityRatio,NDC,ECU,Techs_Rail,E6TDFREHEA,,1,2028,,,,,,1.0
OutputActivityRatio,NDC,ECU,Techs_Rail,E6TDFREHEA,,1,2029,,,,,,1.0
OutputActivityRatio,NDC,ECU,Techs_Rail,E6TDFREHEA,,1,2030,,,,,,1.0
OutputActivityRatio,NDC,ECU,Techs_Rail,E6TDFREHEA,,1,2031,,,,,,1.0
OutputActivityRatio,NDC,ECU,Techs_Rail,E6TDFREHEA,,1,2032,,,,,,1.0
OutputActivityRatio,NDC,ECU,Techs_Rail,E6TDFREHEA,,1,2033,,,,,,1.0
OutputActivityRatio,NDC,ECU,Techs_Rail,E6TDFREHEA,,1,2034,,,,,,1.0
OutputActivityRatio,NDC,ECU,Techs_Rail,E6TDFREHEA,,1,2035,,,,,,1.0
OutputActivityRatio,NDC,ECU,TRANE6NOMOT,E6TRNOMOT,,1,2010,,,,,,1.0
OutputActivityRatio,NDC,ECU,TRANE6NOMOT,E6TRNOMOT,,1,2011,,,,,,1.0
OutputActivityRatio,NDC,ECU,TRANE6NOMOT,E6TRNOMOT,,1,2012,,,,,,1.0
OutputActivityRatio,NDC,ECU,TRANE6NOMOT,E6TRNOMOT,,1,2013,,,,,,1.0
OutputActivityRatio,NDC,ECU,TRANE6NOMOT,E6TRNOMOT,,1,2014,,,,,,1.0
OutputActivityRatio,NDC,ECU,TRANE6NOMOT,E6TRNOMOT,,1,2015,,,,,,1.0
OutputActivityRatio,NDC,ECU,TRANE6NOMOT,E6TRNOMOT,,1,2016,,,,,,1.0
OutputActivityRatio,NDC,ECU,TRANE6NOMOT,E6TRNOMOT,,1,2017,,,,,,1.0
OutputActivityRatio,NDC,ECU,TRANE6NOMOT,E6TRNOMOT,,1,2018,,,,,,1.0
OutputActivityRatio,NDC,ECU,TRANE6NOMOT,E6TRNOMOT,,1,2019,,,,,,1.0
OutputActivityRatio,NDC,ECU,TRANE6NOMOT,E6TRNOMOT,,1,2020,,,,,,1.0
OutputActivityRatio,NDC,ECU,TRANE6NOMOT,E6TRNOMOT,,1,2021,,,,,,1.0
OutputActivityRatio,NDC,ECU,TRANE6NOMOT,E6TRNOMOT,,1,2022,,,,,,1.0
OutputActivityRatio,NDC,ECU,TRANE6NOMOT,E6TRNOMOT,,1,2023,,,,,,1.0
OutputActivityRatio,NDC,ECU,TRANE6NOMOT,E6TRNOMOT,,1,2024,,,,,,1.0
OutputActivityRatio,NDC,ECU,TRANE6NOMOT,E6TRNOMOT,,1,2025,,,,,,1.0
OutputActivityRatio,NDC,ECU,TRANE6NOMOT,E6TRNOMOT,,1,2026,,,,,,1.0
OutputActivityRatio,NDC,ECU,TRANE6NOMOT,E6TRNOMOT,,1,2027,,,,,,1.0
OutputActivityRatio,NDC,ECU,TRANE6NOMOT,E6TRNOMOT,,1,2028,,,,,,1.0
OutputActivityRatio,NDC,ECU,TRANE6NOMOT,E6TRNOMOT,,1,2029,,,,,,1.0
OutputActivityRatio,NDC,ECU,TRANE6NOMOT,E6TRNOMOT,,1,2030,,,,,,1.0
OutputActivityRatio,NDC,ECU,TRANE6NOMOT,E6TRNOMOT,,1,2031,,,,,,1.0
OutputActivityRatio,NDC,ECU,TRANE6NOMOT,E6TRNOMOT,,1,2032,,,,,,1.0
OutputActivityRatio,NDC,ECU,TRANE6NOMOT,E6TRNOMOT,,1,2033,,,,,,1.0
OutputActivityRatio,NDC,ECU,TRANE6NOMOT,E6TRNOMOT,,1,2034,,,,,,1.0
OutputActivityRatio,NDC,ECU,TRANE6NOMOT,E6TRNOMOT,,1,2035,,,,,,1.0
