Strategy,Future.ID,Fuel,Technology,Emission,Year,Demand,NewCapacity,AccumulatedNewCapacity,TotalCapacityAnnual,TotalTechnologyAnnualActivity,ProductionByTechnology,UseByTechnology,CapitalInvestment,DiscountedCapitalInvestment,SalvageValue,DiscountedSalvageValue,OperatingCost,DiscountedOperatingCost,AnnualVariableOperatingCost,AnnualFixedOperatingCost,TotalDiscountedCostByTechnology,TotalDiscountedCost,AnnualTechnologyEmission,AnnualTechnologyEmissionPenaltyByEmission,AnnualTechnologyEmissionsPenalty,DiscountedTechnologyEmissionsPenalty,AnnualEmissions,DistanceDriven,Fleet,NewFleet,ProducedMobility,FilterFuelType,FilterVehicleType,Capex2024,FixedOpex2024,VarOpex2024,Opex2024,Externalities2024,Capex_GDP,FixedOpex_GDP,VarOpex_GDP,Opex_GDP,Externalities_GDP
BAU,0,,RAW_MAT_CLK,,2010,,3.32899,3.32899,3.32899,3.32899,,,,,,,,,,,,,,,,,,,,,,,,,,,,,,,,,
BAU,0,,RAW_MAT_CLK,,2011,,3.32837,3.32837,3.32837,3.32837,,,,,,,,,,,,,,,,,,,,,,,,,,,,,,,,,
BAU,0,,RAW_MAT_CLK,,2012,,3.32776,3.32776,3.32776,3.32776,,,,,,,,,,,,,,,,,,,,,,,,,,,,,,,,,
BAU,0,,RAW_MAT_CLK,,2013,,3.43397,3.43397,3.43397,3.43397,,,,,,,,,,,,,,,,,,,,,,,,,,,,,,,,,
BAU,0,,RAW_MAT_CLK,,2014,,3.53987,3.53987,3.53987,3.53987,,,,,,,,,,,,,,,,,,,,,,,,,,,,,,,,,
BAU,0,,RAW_MAT_CLK,,2015,,3.41132,3.41132,3.41132,3.41132,,,,,,,,,,,,,,,,,,,,,,,,,,,,,,,,,
BAU,0,,RAW_MAT_CLK,,2016,,3.28185,3.28185,3.28185,3.28185,,,,,,,,,,,,,,,,,,,,,,,,,,,,,,,,,
BAU,0,,RAW_MAT_CLK,,2017,,3.6055,3.6055,3.6055,3.6055,,,,,,,,,,,,,,,,,,,,,,,,,,,,,,,,,
BAU,0,,RAW_MAT_CLK,,2018,,3.92843,3.92843,3.92843,3.92843,,,,,,,,,,,,,,,,,,,,,,,,,,,,,,,,,
BAU,0,,RAW_MAT_CLK,,2019,,3.3584,3.3584,3.3584,3.3584,,,,,,,,,,,,,,,,,,,,,,,,,,,,,,,,,
BAU,0,,RAW_MAT_CLK,,2020,,2.78855,2.78855,2.78855,2.78855,,,,,,,,,,,,,,,,,,,,,,,,,,,,,,,,,
BAU,0,,RAW_MAT_CLK,,2021,,4.00946,4.00946,4.00946,4.00946,,,,,,,,,,,,,,,,,,,,,,,,,,,,,,,,,
BAU,0,,RAW_MAT_CLK,,2022,,3.76442,3.76442,3.76442,3.76442,,,,,,,,,,,,,,,,,,,,,,,,,,,,,,,,,
BAU,0,,RAW_MAT_CLK,,2023,,3.97492,3.97492,3.97492,3.97492,,,,,,,,,,,,,,,,,,,,,,,,,,,,,,,,,
BAU,0,,RAW_MAT_CLK,,2024,,4.1825,4.1825,4.1825,4.1825,,,,,,,,,,,,,,,,,,,,,,,,,,,,,,,,,
BAU,0,,RAW_MAT_CLK,,2025,,4.38775,4.38775,4.38775,4.38775,,,,,,,,,,,,,,,,,,,,,,,,,,,,,,,,,
BAU,0,,RAW_MAT_CLK,,2026,,4.56104,4.56104,4.56104,4.56104,,,,,,,,,,,,,,,,,,,,,,,,,,,,,,,,,
BAU,0,,RAW_MAT_CLK,,2027,,4.73196,4.73196,4.73196,4.73196,,,,,,,,,,,,,,,,,,,,,,,,,,,,,,,,,
BAU,0,,RAW_MAT_CLK,,2028,,4.90051,4.90051,4.90051,4.90051,,,,,,,,,,,,,,,,,,,,,,,,,,,,,,,,,
BAU,0,,RAW_MAT_CLK,,2029,,5.06591,5.06591,5.06591,5.06591,,,,,,,,,,,,,,,,,,,,,,,,,,,,,,,,,
BAU,0,,RAW_MAT_CLK,,2030,,5.2286,5.2286,5.2286,5.2286,,,,,,,,,,,,,,,,,,,,,,,,,,,,,,,,,
BAU,0,,RAW_MAT_CLK,,2031,,5.4285,5.4285,5.4285,5.4285,,,,,,,,,,,,,,,,,,,,,,,,,,,,,,,,,
BAU,0,,RAW_MAT_CLK,,2032,,5.6277,5.6277,5.6277,5.6277,,,,,,,,,,,,,,,,,,,,,,,,,,,,,,,,,
BAU,0,,RAW_MAT_CLK,,2033,,5.82745,5.82745,5.82745,5.82745,,,,,,,,,,,,,,,,,,,,,,,,,,,,,,,,,
BAU,0,,RAW_MAT_CLK,,2034,,6.02714,6.02714,6.02714,6.02714,,,,,,,,,,,,,,,,,,,,,,,,,,,,,,,,,
BAU,0,,RAW_MAT_CLK,,2035,,6.22655,6.22655,6.22655,6.22655,,,,,,,,,,,,,,,,,,,,,,,,,,,,,,,,,
BAU,0,,RAW_MAT_CEM,,2010,,1.94591,1.94591,1.94591,1.94591,,,,,,,,,,,,,,,,,,,,,,,,,,,,,,,,,
BAU,0,,RAW_MAT_CEM,,2011,,2.33983,2.33983,2.33983,2.33983,,,,,,,,,,,,,,,,,,,,,,,,,,,,,,,,,
BAU,0,,RAW_MAT_CEM,,2012,,2.73374,2.73374,2.73374,2.73374,,,,,,,,,,,,,,,,,,,,,,,,,,,,,,,,,
BAU,0,,RAW_MAT_CEM,,2013,,2.87383,2.87383,2.87383,2.87383,,,,,,,,,,,,,,,,,,,,,,,,,,,,,,,,,
BAU,0,,RAW_MAT_CEM,,2014,,3.01423,3.01423,3.01423,3.01423,,,,,,,,,,,,,,,,,,,,,,,,,,,,,,,,,
BAU,0,,RAW_MAT_CEM,,2015,,2.37058,2.37058,2.37058,2.37058,,,,,,,,,,,,,,,,,,,,,,,,,,,,,,,,,
BAU,0,,RAW_MAT_CEM,,2016,,1.72785,1.72785,1.72785,1.72785,,,,,,,,,,,,,,,,,,,,,,,,,,,,,,,,,
BAU,0,,RAW_MAT_CEM,,2017,,1.4273,1.4273,1.4273,1.4273,,,,,,,,,,,,,,,,,,,,,,,,,,,,,,,,,
BAU,0,,RAW_MAT_CEM,,2018,,1.12747,1.12747,1.12747,1.12747,,,,,,,,,,,,,,,,,,,,,,,,,,,,,,,,,
BAU,0,,RAW_MAT_CEM,,2019,,0.882003,0.882003,0.882003,0.882003,,,,,,,,,,,,,,,,,,,,,,,,,,,,,,,,,
BAU,0,,RAW_MAT_CEM,,2020,,0.623354,0.623354,0.623354,0.623354,,,,,,,,,,,,,,,,,,,,,,,,,,,,,,,,,
BAU,0,,RAW_MAT_CEM,,2021,,1.00424,1.00424,1.00424,1.00424,,,,,,,,,,,,,,,,,,,,,,,,,,,,,,,,,
BAU,0,,RAW_MAT_CEM,,2022,,0.860176,0.860176,0.860176,0.860176,,,,,,,,,,,,,,,,,,,,,,,,,,,,,,,,,
BAU,0,,RAW_MAT_CEM,,2023,,0.886179,0.886179,0.886179,0.886179,,,,,,,,,,,,,,,,,,,,,,,,,,,,,,,,,
BAU,0,,RAW_MAT_CEM,,2024,,0.915001,0.915001,0.915001,0.915001,,,,,,,,,,,,,,,,,,,,,,,,,,,,,,,,,
BAU,0,,RAW_MAT_CEM,,2025,,0.946252,0.946252,0.946252,0.946252,,,,,,,,,,,,,,,,,,,,,,,,,,,,,,,,,
BAU,0,,RAW_MAT_CEM,,2026,,1.00936,1.00936,1.00936,1.00936,,,,,,,,,,,,,,,,,,,,,,,,,,,,,,,,,
BAU,0,,RAW_MAT_CEM,,2027,,1.07484,1.07484,1.07484,1.07484,,,,,,,,,,,,,,,,,,,,,,,,,,,,,,,,,
BAU,0,,RAW_MAT_CEM,,2028,,1.14279,1.14279,1.14279,1.14279,,,,,,,,,,,,,,,,,,,,,,,,,,,,,,,,,
BAU,0,,RAW_MAT_CEM,,2029,,1.21389,1.21389,1.21389,1.21389,,,,,,,,,,,,,,,,,,,,,,,,,,,,,,,,,
BAU,0,,RAW_MAT_CEM,,2030,,1.2876,1.2876,1.2876,1.2876,,,,,,,,,,,,,,,,,,,,,,,,,,,,,,,,,
BAU,0,,RAW_MAT_CEM,,2031,,1.3242,1.3242,1.3242,1.3242,,,,,,,,,,,,,,,,,,,,,,,,,,,,,,,,,
BAU,0,,RAW_MAT_CEM,,2032,,1.3615,1.3615,1.3615,1.3615,,,,,,,,,,,,,,,,,,,,,,,,,,,,,,,,,
BAU,0,,RAW_MAT_CEM,,2033,,1.39815,1.39815,1.39815,1.39815,,,,,,,,,,,,,,,,,,,,,,,,,,,,,,,,,
BAU,0,,RAW_MAT_CEM,,2034,,1.43496,1.43496,1.43496,1.43496,,,,,,,,,,,,,,,,,,,,,,,,,,,,,,,,,
BAU,0,,RAW_MAT_CEM,,2035,,1.47195,1.47195,1.47195,1.47195,,,,,,,,,,,,,,,,,,,,,,,,,,,,,,,,,
BAU,0,,IMP_HFC23,,2010,,0.0034,0.0034,0.0034,0.0034,,,,,,,,,,,,,,,,,,,,,,,,,,,,,,,,,
BAU,0,,IMP_HFC23,,2011,,0.0026,0.0026,0.0026,0.0026,,,,,,,,,,,,,,,,,,,,,,,,,,,,,,,,,
BAU,0,,IMP_HFC23,,2012,,0.002,0.002,0.002,0.002,,,,,,,,,,,,,,,,,,,,,,,,,,,,,,,,,
BAU,0,,IMP_HFC23,,2013,,0.0015,0.0015,0.0015,0.0015,,,,,,,,,,,,,,,,,,,,,,,,,,,,,,,,,
BAU,0,,IMP_HFC23,,2014,,0.0011,0.0011,0.0011,0.0011,,,,,,,,,,,,,,,,,,,,,,,,,,,,,,,,,
BAU,0,,IMP_HFC23,,2025,,0.001,0.001,0.001,0.001,,,,,,,,,,,,,,,,,,,,,,,,,,,,,,,,,
BAU,0,,IMP_HFC23,,2026,,0.0011,0.0011,0.0011,0.0011,,,,,,,,,,,,,,,,,,,,,,,,,,,,,,,,,
BAU,0,,IMP_HFC23,,2027,,0.0012,0.0012,0.0012,0.0012,,,,,,,,,,,,,,,,,,,,,,,,,,,,,,,,,
BAU,0,,IMP_HFC23,,2028,,0.0013,0.0013,0.0013,0.0013,,,,,,,,,,,,,,,,,,,,,,,,,,,,,,,,,
BAU,0,,IMP_HFC23,,2029,,0.0015,0.0015,0.0015,0.0015,,,,,,,,,,,,,,,,,,,,,,,,,,,,,,,,,
BAU,0,,IMP_HFC23,,2030,,0.0016,0.0016,0.0016,0.0016,,,,,,,,,,,,,,,,,,,,,,,,,,,,,,,,,
BAU,0,,IMP_HFC23,,2031,,0.0016,0.0016,0.0016,0.0016,,,,,,,,,,,,,,,,,,,,,,,,,,,,,,,,,
BAU,0,,IMP_HFC23,,2032,,0.0016,0.0016,0.0016,0.0016,,,,,,,,,,,,,,,,,,,,,,,,,,,,,,,,,
BAU,0,,IMP_HFC23,,2033,,0.0016,0.0016,0.0016,0.0016,,,,,,,,,,,,,,,,,,,,,,,,,,,,,,,,,
BAU,0,,IMP_HFC23,,2034,,0.0016,0.0016,0.0016,0.0016,,,,,,,,,,,,,,,,,,,,,,,,,,,,,,,,,
BAU,0,,IMP_HFC23,,2035,,0.0016,0.0016,0.0016,0.0016,,,,,,,,,,,,,,,,,,,,,,,,,,,,,,,,,
BAU,0,,IMP_HFC32,,2010,,0.0043,0.0043,0.0043,0.0043,,,,,,,,,,,,,,,,,,,,,,,,,,,,,,,,,
BAU,0,,IMP_HFC32,,2011,,0.0038,0.0038,0.0038,0.0038,,,,,,,,,,,,,,,,,,,,,,,,,,,,,,,,,
BAU,0,,IMP_HFC32,,2012,,0.0052,0.0052,0.0052,0.0052,,,,,,,,,,,,,,,,,,,,,,,,,,,,,,,,,
BAU,0,,IMP_HFC32,,2013,,0.0069,0.0069,0.0069,0.0069,,,,,,,,,,,,,,,,,,,,,,,,,,,,,,,,,
BAU,0,,IMP_HFC32,,2014,,0.0062,0.0062,0.0062,0.0062,,,,,,,,,,,,,,,,,,,,,,,,,,,,,,,,,
BAU,0,,IMP_HFC32,,2015,,0.0055,0.0055,0.0055,0.0055,,,,,,,,,,,,,,,,,,,,,,,,,,,,,,,,,
BAU,0,,IMP_HFC32,,2016,,0.005,0.005,0.005,0.005,,,,,,,,,,,,,,,,,,,,,,,,,,,,,,,,,
BAU,0,,IMP_HFC32,,2017,,0.0044,0.0044,0.0044,0.0044,,,,,,,,,,,,,,,,,,,,,,,,,,,,,,,,,
BAU,0,,IMP_HFC32,,2018,,0.004,0.004,0.004,0.004,,,,,,,,,,,,,,,,,,,,,,,,,,,,,,,,,
BAU,0,,IMP_HFC32,,2019,,0.0232,0.0232,0.0232,0.0232,,,,,,,,,,,,,,,,,,,,,,,,,,,,,,,,,
BAU,0,,IMP_HFC32,,2020,,0.0359,0.0359,0.0359,0.0359,,,,,,,,,,,,,,,,,,,,,,,,,,,,,,,,,
BAU,0,,IMP_HFC32,,2021,,0.0479,0.0479,0.0479,0.0479,,,,,,,,,,,,,,,,,,,,,,,,,,,,,,,,,
BAU,0,,IMP_HFC32,,2022,,0.0737,0.0737,0.0737,0.0737,,,,,,,,,,,,,,,,,,,,,,,,,,,,,,,,,
BAU,0,,IMP_HFC32,,2023,,0.0898,0.0898,0.0898,0.0898,,,,,,,,,,,,,,,,,,,,,,,,,,,,,,,,,
BAU,0,,IMP_HFC32,,2024,,0.1059,0.1059,0.1059,0.1059,,,,,,,,,,,,,,,,,,,,,,,,,,,,,,,,,
BAU,0,,IMP_HFC32,,2025,,0.122,0.122,0.122,0.122,,,,,,,,,,,,,,,,,,,,,,,,,,,,,,,,,
BAU,0,,IMP_HFC32,,2026,,0.1381,0.1381,0.1381,0.1381,,,,,,,,,,,,,,,,,,,,,,,,,,,,,,,,,
BAU,0,,IMP_HFC32,,2027,,0.1541,0.1541,0.1541,0.1541,,,,,,,,,,,,,,,,,,,,,,,,,,,,,,,,,
BAU,0,,IMP_HFC32,,2028,,0.1702,0.1702,0.1702,0.1702,,,,,,,,,,,,,,,,,,,,,,,,,,,,,,,,,
BAU,0,,IMP_HFC32,,2029,,0.1863,0.1863,0.1863,0.1863,,,,,,,,,,,,,,,,,,,,,,,,,,,,,,,,,
BAU,0,,IMP_HFC32,,2030,,0.2023,0.2023,0.2023,0.2023,,,,,,,,,,,,,,,,,,,,,,,,,,,,,,,,,
BAU,0,,IMP_HFC32,,2031,,0.2028,0.2028,0.2028,0.2028,,,,,,,,,,,,,,,,,,,,,,,,,,,,,,,,,
BAU,0,,IMP_HFC32,,2032,,0.2032,0.2032,0.2032,0.2032,,,,,,,,,,,,,,,,,,,,,,,,,,,,,,,,,
BAU,0,,IMP_HFC32,,2033,,0.2036,0.2036,0.2036,0.2036,,,,,,,,,,,,,,,,,,,,,,,,,,,,,,,,,
BAU,0,,IMP_HFC32,,2034,,0.204,0.204,0.204,0.204,,,,,,,,,,,,,,,,,,,,,,,,,,,,,,,,,
BAU,0,,IMP_HFC32,,2035,,0.2045,0.2045,0.2045,0.2045,,,,,,,,,,,,,,,,,,,,,,,,,,,,,,,,,
BAU,0,,IMP_HFC125,,2010,,0.0091,0.0091,0.0091,0.0091,,,,,,,,,,,,,,,,,,,,,,,,,,,,,,,,,
BAU,0,,IMP_HFC125,,2011,,0.0108,0.0108,0.0108,0.0108,,,,,,,,,,,,,,,,,,,,,,,,,,,,,,,,,
BAU,0,,IMP_HFC125,,2012,,0.0126,0.0126,0.0126,0.0126,,,,,,,,,,,,,,,,,,,,,,,,,,,,,,,,,
BAU,0,,IMP_HFC125,,2013,,0.0137,0.0137,0.0137,0.0137,,,,,,,,,,,,,,,,,,,,,,,,,,,,,,,,,
BAU,0,,IMP_HFC125,,2014,,0.0101,0.0101,0.0101,0.0101,,,,,,,,,,,,,,,,,,,,,,,,,,,,,,,,,
BAU,0,,IMP_HFC125,,2015,,0.0085,0.0085,0.0085,0.0085,,,,,,,,,,,,,,,,,,,,,,,,,,,,,,,,,
BAU,0,,IMP_HFC125,,2016,,0.0067,0.0067,0.0067,0.0067,,,,,,,,,,,,,,,,,,,,,,,,,,,,,,,,,
BAU,0,,IMP_HFC125,,2017,,0.0063,0.0063,0.0063,0.0063,,,,,,,,,,,,,,,,,,,,,,,,,,,,,,,,,
BAU,0,,IMP_HFC125,,2018,,0.0068,0.0068,0.0068,0.0068,,,,,,,,,,,,,,,,,,,,,,,,,,,,,,,,,
BAU,0,,IMP_HFC125,,2019,,0.0652,0.0652,0.0652,0.0652,,,,,,,,,,,,,,,,,,,,,,,,,,,,,,,,,
BAU,0,,IMP_HFC125,,2020,,0.0954,0.0954,0.0954,0.0954,,,,,,,,,,,,,,,,,,,,,,,,,,,,,,,,,
BAU,0,,IMP_HFC125,,2021,,0.1172,0.1172,0.1172,0.1172,,,,,,,,,,,,,,,,,,,,,,,,,,,,,,,,,
BAU,0,,IMP_HFC125,,2022,,0.1854,0.1854,0.1854,0.1854,,,,,,,,,,,,,,,,,,,,,,,,,,,,,,,,,
BAU,0,,IMP_HFC125,,2023,,0.2258,0.2258,0.2258,0.2258,,,,,,,,,,,,,,,,,,,,,,,,,,,,,,,,,
BAU,0,,IMP_HFC125,,2024,,0.2662,0.2662,0.2662,0.2662,,,,,,,,,,,,,,,,,,,,,,,,,,,,,,,,,
BAU,0,,IMP_HFC125,,2025,,0.3066,0.3066,0.3066,0.3066,,,,,,,,,,,,,,,,,,,,,,,,,,,,,,,,,
BAU,0,,IMP_HFC125,,2026,,0.3469,0.3469,0.3469,0.3469,,,,,,,,,,,,,,,,,,,,,,,,,,,,,,,,,
BAU,0,,IMP_HFC125,,2027,,0.3873,0.3873,0.3873,0.3873,,,,,,,,,,,,,,,,,,,,,,,,,,,,,,,,,
BAU,0,,IMP_HFC125,,2028,,0.4277,0.4277,0.4277,0.4277,,,,,,,,,,,,,,,,,,,,,,,,,,,,,,,,,
BAU,0,,IMP_HFC125,,2029,,0.4681,0.4681,0.4681,0.4681,,,,,,,,,,,,,,,,,,,,,,,,,,,,,,,,,
BAU,0,,IMP_HFC125,,2030,,0.5085,0.5085,0.5085,0.5085,,,,,,,,,,,,,,,,,,,,,,,,,,,,,,,,,
BAU,0,,IMP_HFC125,,2031,,0.5096,0.5096,0.5096,0.5096,,,,,,,,,,,,,,,,,,,,,,,,,,,,,,,,,
BAU,0,,IMP_HFC125,,2032,,0.5106,0.5106,0.5106,0.5106,,,,,,,,,,,,,,,,,,,,,,,,,,,,,,,,,
BAU,0,,IMP_HFC125,,2033,,0.5117,0.5117,0.5117,0.5117,,,,,,,,,,,,,,,,,,,,,,,,,,,,,,,,,
BAU,0,,IMP_HFC125,,2034,,0.5128,0.5128,0.5128,0.5128,,,,,,,,,,,,,,,,,,,,,,,,,,,,,,,,,
BAU,0,,IMP_HFC125,,2035,,0.5139,0.5139,0.5139,0.5139,,,,,,,,,,,,,,,,,,,,,,,,,,,,,,,,,
BAU,0,,IMP_HFC134a,,2010,,0.0794,0.0794,0.0794,0.0794,,,,,,,,,,,,,,,,,,,,,,,,,,,,,,,,,
BAU,0,,IMP_HFC134a,,2011,,0.0906,0.0906,0.0906,0.0906,,,,,,,,,,,,,,,,,,,,,,,,,,,,,,,,,
BAU,0,,IMP_HFC134a,,2012,,0.1235,0.1235,0.1235,0.1235,,,,,,,,,,,,,,,,,,,,,,,,,,,,,,,,,
BAU,0,,IMP_HFC134a,,2013,,0.1658,0.1658,0.1658,0.1658,,,,,,,,,,,,,,,,,,,,,,,,,,,,,,,,,
BAU,0,,IMP_HFC134a,,2014,,0.2255,0.2255,0.2255,0.2255,,,,,,,,,,,,,,,,,,,,,,,,,,,,,,,,,
BAU,0,,IMP_HFC134a,,2015,,0.2765,0.2765,0.2765,0.2765,,,,,,,,,,,,,,,,,,,,,,,,,,,,,,,,,
BAU,0,,IMP_HFC134a,,2016,,0.3072,0.3072,0.3072,0.3072,,,,,,,,,,,,,,,,,,,,,,,,,,,,,,,,,
BAU,0,,IMP_HFC134a,,2017,,0.3382,0.3382,0.3382,0.3382,,,,,,,,,,,,,,,,,,,,,,,,,,,,,,,,,
BAU,0,,IMP_HFC134a,,2018,,0.3628,0.3628,0.3628,0.3628,,,,,,,,,,,,,,,,,,,,,,,,,,,,,,,,,
BAU,0,,IMP_HFC134a,,2019,,0.3978,0.3978,0.3978,0.3978,,,,,,,,,,,,,,,,,,,,,,,,,,,,,,,,,
BAU,0,,IMP_HFC134a,,2020,,0.427,0.427,0.427,0.427,,,,,,,,,,,,,,,,,,,,,,,,,,,,,,,,,
BAU,0,,IMP_HFC134a,,2021,,0.4122,0.4122,0.4122,0.4122,,,,,,,,,,,,,,,,,,,,,,,,,,,,,,,,,
BAU,0,,IMP_HFC134a,,2022,,0.4691,0.4691,0.4691,0.4691,,,,,,,,,,,,,,,,,,,,,,,,,,,,,,,,,
BAU,0,,IMP_HFC134a,,2023,,0.5713,0.5713,0.5713,0.5713,,,,,,,,,,,,,,,,,,,,,,,,,,,,,,,,,
BAU,0,,IMP_HFC134a,,2024,,0.6735,0.6735,0.6735,0.6735,,,,,,,,,,,,,,,,,,,,,,,,,,,,,,,,,
BAU,0,,IMP_HFC134a,,2025,,0.7757,0.7757,0.7757,0.7757,,,,,,,,,,,,,,,,,,,,,,,,,,,,,,,,,
BAU,0,,IMP_HFC134a,,2026,,0.8778,0.8778,0.8778,0.8778,,,,,,,,,,,,,,,,,,,,,,,,,,,,,,,,,
BAU,0,,IMP_HFC134a,,2027,,0.98,0.98,0.98,0.98,,,,,,,,,,,,,,,,,,,,,,,,,,,,,,,,,
BAU,0,,IMP_HFC134a,,2028,,1.0822,1.0822,1.0822,1.0822,,,,,,,,,,,,,,,,,,,,,,,,,,,,,,,,,
BAU,0,,IMP_HFC134a,,2029,,1.1844,1.1844,1.1844,1.1844,,,,,,,,,,,,,,,,,,,,,,,,,,,,,,,,,
BAU,0,,IMP_HFC134a,,2030,,1.2865,1.2865,1.2865,1.2865,,,,,,,,,,,,,,,,,,,,,,,,,,,,,,,,,
BAU,0,,IMP_HFC134a,,2031,,1.2893,1.2893,1.2893,1.2893,,,,,,,,,,,,,,,,,,,,,,,,,,,,,,,,,
BAU,0,,IMP_HFC134a,,2032,,1.292,1.292,1.292,1.292,,,,,,,,,,,,,,,,,,,,,,,,,,,,,,,,,
BAU,0,,IMP_HFC134a,,2033,,1.2947,1.2947,1.2947,1.2947,,,,,,,,,,,,,,,,,,,,,,,,,,,,,,,,,
BAU,0,,IMP_HFC134a,,2034,,1.2974,1.2974,1.2974,1.2974,,,,,,,,,,,,,,,,,,,,,,,,,,,,,,,,,
BAU,0,,IMP_HFC134a,,2035,,1.3001,1.3001,1.3001,1.3001,,,,,,,,,,,,,,,,,,,,,,,,,,,,,,,,,
BAU,0,,IMP_HFC143a,,2010,,0.0078,0.0078,0.0078,0.0078,,,,,,,,,,,,,,,,,,,,,,,,,,,,,,,,,
BAU,0,,IMP_HFC143a,,2011,,0.0109,0.0109,0.0109,0.0109,,,,,,,,,,,,,,,,,,,,,,,,,,,,,,,,,
BAU,0,,IMP_HFC143a,,2012,,0.0125,0.0125,0.0125,0.0125,,,,,,,,,,,,,,,,,,,,,,,,,,,,,,,,,
BAU,0,,IMP_HFC143a,,2013,,0.0094,0.0094,0.0094,0.0094,,,,,,,,,,,,,,,,,,,,,,,,,,,,,,,,,
BAU,0,,IMP_HFC143a,,2014,,0.0063,0.0063,0.0063,0.0063,,,,,,,,,,,,,,,,,,,,,,,,,,,,,,,,,
BAU,0,,IMP_HFC143a,,2015,,0.0086,0.0086,0.0086,0.0086,,,,,,,,,,,,,,,,,,,,,,,,,,,,,,,,,
BAU,0,,IMP_HFC143a,,2016,,0.0085,0.0085,0.0085,0.0085,,,,,,,,,,,,,,,,,,,,,,,,,,,,,,,,,
BAU,0,,IMP_HFC143a,,2017,,0.006,0.006,0.006,0.006,,,,,,,,,,,,,,,,,,,,,,,,,,,,,,,,,
BAU,0,,IMP_HFC143a,,2018,,0.0039,0.0039,0.0039,0.0039,,,,,,,,,,,,,,,,,,,,,,,,,,,,,,,,,
BAU,0,,IMP_HFC143a,,2019,,0.0409,0.0409,0.0409,0.0409,,,,,,,,,,,,,,,,,,,,,,,,,,,,,,,,,
BAU,0,,IMP_HFC143a,,2020,,0.0662,0.0662,0.0662,0.0662,,,,,,,,,,,,,,,,,,,,,,,,,,,,,,,,,
BAU,0,,IMP_HFC143a,,2021,,0.0797,0.0797,0.0797,0.0797,,,,,,,,,,,,,,,,,,,,,,,,,,,,,,,,,
BAU,0,,IMP_HFC143a,,2022,,0.1464,0.1464,0.1464,0.1464,,,,,,,,,,,,,,,,,,,,,,,,,,,,,,,,,
BAU,0,,IMP_HFC143a,,2023,,0.1783,0.1783,0.1783,0.1783,,,,,,,,,,,,,,,,,,,,,,,,,,,,,,,,,
BAU,0,,IMP_HFC143a,,2024,,0.2101,0.2101,0.2101,0.2101,,,,,,,,,,,,,,,,,,,,,,,,,,,,,,,,,
BAU,0,,IMP_HFC143a,,2025,,0.242,0.242,0.242,0.242,,,,,,,,,,,,,,,,,,,,,,,,,,,,,,,,,
BAU,0,,IMP_HFC143a,,2026,,0.2739,0.2739,0.2739,0.2739,,,,,,,,,,,,,,,,,,,,,,,,,,,,,,,,,
BAU,0,,IMP_HFC143a,,2027,,0.3058,0.3058,0.3058,0.3058,,,,,,,,,,,,,,,,,,,,,,,,,,,,,,,,,
BAU,0,,IMP_HFC143a,,2028,,0.3377,0.3377,0.3377,0.3377,,,,,,,,,,,,,,,,,,,,,,,,,,,,,,,,,
BAU,0,,IMP_HFC143a,,2029,,0.3696,0.3696,0.3696,0.3696,,,,,,,,,,,,,,,,,,,,,,,,,,,,,,,,,
BAU,0,,IMP_HFC143a,,2030,,0.4014,0.4014,0.4014,0.4014,,,,,,,,,,,,,,,,,,,,,,,,,,,,,,,,,
BAU,0,,IMP_HFC143a,,2031,,0.4023,0.4023,0.4023,0.4023,,,,,,,,,,,,,,,,,,,,,,,,,,,,,,,,,
BAU,0,,IMP_HFC143a,,2032,,0.4031,0.4031,0.4031,0.4031,,,,,,,,,,,,,,,,,,,,,,,,,,,,,,,,,
BAU,0,,IMP_HFC143a,,2033,,0.404,0.404,0.404,0.404,,,,,,,,,,,,,,,,,,,,,,,,,,,,,,,,,
BAU,0,,IMP_HFC143a,,2034,,0.4048,0.4048,0.4048,0.4048,,,,,,,,,,,,,,,,,,,,,,,,,,,,,,,,,
BAU,0,,IMP_HFC143a,,2035,,0.4057,0.4057,0.4057,0.4057,,,,,,,,,,,,,,,,,,,,,,,,,,,,,,,,,
BAU,0,,IMP_HFC152a,,2014,,0.0014,0.0014,0.0014,0.0014,,,,,,,,,,,,,,,,,,,,,,,,,,,,,,,,,
BAU,0,,IMP_HFC152a,,2016,,0.0014,0.0014,0.0014,0.0014,,,,,,,,,,,,,,,,,,,,,,,,,,,,,,,,,
BAU,0,,IMP_HFC152a,,2017,,0.0014,0.0014,0.0014,0.0014,,,,,,,,,,,,,,,,,,,,,,,,,,,,,,,,,
BAU,0,,IMP_HFC152a,,2021,,0.0014,0.0014,0.0014,0.0014,,,,,,,,,,,,,,,,,,,,,,,,,,,,,,,,,
BAU,0,,IMP_HFC152a,,2022,,0.0022,0.0022,0.0022,0.0022,,,,,,,,,,,,,,,,,,,,,,,,,,,,,,,,,
BAU,0,,IMP_HFC152a,,2023,,0.0024,0.0024,0.0024,0.0024,,,,,,,,,,,,,,,,,,,,,,,,,,,,,,,,,
BAU,0,,IMP_HFC152a,,2024,,0.0029,0.0029,0.0029,0.0029,,,,,,,,,,,,,,,,,,,,,,,,,,,,,,,,,
BAU,0,,IMP_HFC152a,,2025,,0.0033,0.0033,0.0033,0.0033,,,,,,,,,,,,,,,,,,,,,,,,,,,,,,,,,
BAU,0,,IMP_HFC152a,,2026,,0.0038,0.0038,0.0038,0.0038,,,,,,,,,,,,,,,,,,,,,,,,,,,,,,,,,
BAU,0,,IMP_HFC152a,,2027,,0.0042,0.0042,0.0042,0.0042,,,,,,,,,,,,,,,,,,,,,,,,,,,,,,,,,
BAU,0,,IMP_HFC152a,,2028,,0.0046,0.0046,0.0046,0.0046,,,,,,,,,,,,,,,,,,,,,,,,,,,,,,,,,
BAU,0,,IMP_HFC152a,,2029,,0.0051,0.0051,0.0051,0.0051,,,,,,,,,,,,,,,,,,,,,,,,,,,,,,,,,
BAU,0,,IMP_HFC152a,,2030,,0.0055,0.0055,0.0055,0.0055,,,,,,,,,,,,,,,,,,,,,,,,,,,,,,,,,
BAU,0,,IMP_HFC152a,,2031,,0.0055,0.0055,0.0055,0.0055,,,,,,,,,,,,,,,,,,,,,,,,,,,,,,,,,
BAU,0,,IMP_HFC152a,,2032,,0.0055,0.0055,0.0055,0.0055,,,,,,,,,,,,,,,,,,,,,,,,,,,,,,,,,
BAU,0,,IMP_HFC152a,,2033,,0.0055,0.0055,0.0055,0.0055,,,,,,,,,,,,,,,,,,,,,,,,,,,,,,,,,
BAU,0,,IMP_HFC152a,,2034,,0.0056,0.0056,0.0056,0.0056,,,,,,,,,,,,,,,,,,,,,,,,,,,,,,,,,
BAU,0,,IMP_HFC152a,,2035,,0.0056,0.0056,0.0056,0.0056,,,,,,,,,,,,,,,,,,,,,,,,,,,,,,,,,
BAU,0,,PROD_CLK_TRAD,,2010,,3.32899,3.32899,3.32899,3.32899,,,,,,,,,,,,,,,,,,,,,,,,,,,,,,,,,
BAU,0,,PROD_CLK_TRAD,,2011,,3.32837,3.32837,3.32837,3.32837,,,,,,,,,,,,,,,,,,,,,,,,,,,,,,,,,
BAU,0,,PROD_CLK_TRAD,,2012,,3.32776,3.32776,3.32776,3.32776,,,,,,,,,,,,,,,,,,,,,,,,,,,,,,,,,
BAU,0,,PROD_CLK_TRAD,,2013,,3.43397,3.43397,3.43397,3.43397,,,,,,,,,,,,,,,,,,,,,,,,,,,,,,,,,
BAU,0,,PROD_CLK_TRAD,,2014,,3.53987,3.53987,3.53987,3.53987,,,,,,,,,,,,,,,,,,,,,,,,,,,,,,,,,
BAU,0,,PROD_CLK_TRAD,,2015,,3.41132,3.41132,3.41132,3.41132,,,,,,,,,,,,,,,,,,,,,,,,,,,,,,,,,
BAU,0,,PROD_CLK_TRAD,,2016,,3.28185,3.28185,3.28185,3.28185,,,,,,,,,,,,,,,,,,,,,,,,,,,,,,,,,
BAU,0,,PROD_CLK_TRAD,,2017,,3.6055,3.6055,3.6055,3.6055,,,,,,,,,,,,,,,,,,,,,,,,,,,,,,,,,
BAU,0,,PROD_CLK_TRAD,,2018,,3.92843,3.92843,3.92843,3.92843,,,,,,,,,,,,,,,,,,,,,,,,,,,,,,,,,
BAU,0,,PROD_CLK_TRAD,,2019,,3.3584,3.3584,3.3584,3.3584,,,,,,,,,,,,,,,,,,,,,,,,,,,,,,,,,
BAU,0,,PROD_CLK_TRAD,,2020,,2.78855,2.78855,2.78855,2.78855,,,,,,,,,,,,,,,,,,,,,,,,,,,,,,,,,
BAU,0,,PROD_CLK_TRAD,,2021,,4.00946,4.00946,4.00946,4.00946,,,,,,,,,,,,,,,,,,,,,,,,,,,,,,,,,
BAU,0,,PROD_CLK_TRAD,,2022,,3.76442,3.76442,3.76442,3.76442,,,,,,,,,,,,,,,,,,,,,,,,,,,,,,,,,
BAU,0,,PROD_CLK_TRAD,,2023,,3.97492,3.97492,3.97492,3.97492,,,,,,,,,,,,,,,,,,,,,,,,,,,,,,,,,
BAU,0,,PROD_CLK_TRAD,,2024,,4.1825,4.1825,4.1825,4.1825,,,,,,,,,,,,,,,,,,,,,,,,,,,,,,,,,
BAU,0,,PROD_CLK_TRAD,,2025,,4.38775,4.38775,4.38775,4.38775,,,,,,,,,,,,,,,,,,,,,,,,,,,,,,,,,
BAU,0,,PROD_CLK_TRAD,,2026,,4.56104,4.56104,4.56104,4.56104,,,,,,,,,,,,,,,,,,,,,,,,,,,,,,,,,
BAU,0,,PROD_CLK_TRAD,,2027,,4.73196,4.73196,4.73196,4.73196,,,,,,,,,,,,,,,,,,,,,,,,,,,,,,,,,
BAU,0,,PROD_CLK_TRAD,,2028,,4.90051,4.90051,4.90051,4.90051,,,,,,,,,,,,,,,,,,,,,,,,,,,,,,,,,
BAU,0,,PROD_CLK_TRAD,,2029,,5.06591,5.06591,5.06591,5.06591,,,,,,,,,,,,,,,,,,,,,,,,,,,,,,,,,
BAU,0,,PROD_CLK_TRAD,,2030,,5.2286,5.2286,5.2286,5.2286,,,,,,,,,,,,,,,,,,,,,,,,,,,,,,,,,
BAU,0,,PROD_CLK_TRAD,,2031,,5.4285,5.4285,5.4285,5.4285,,,,,,,,,,,,,,,,,,,,,,,,,,,,,,,,,
BAU,0,,PROD_CLK_TRAD,,2032,,5.6277,5.6277,5.6277,5.6277,,,,,,,,,,,,,,,,,,,,,,,,,,,,,,,,,
BAU,0,,PROD_CLK_TRAD,,2033,,5.82745,5.82745,5.82745,5.82745,,,,,,,,,,,,,,,,,,,,,,,,,,,,,,,,,
BAU,0,,PROD_CLK_TRAD,,2034,,6.02714,6.02714,6.02714,6.02714,,,,,,,,,,,,,,,,,,,,,,,,,,,,,,,,,
BAU,0,,PROD_CLK_TRAD,,2035,,6.22655,6.22655,6.22655,6.22655,,,,,,,,,,,,,,,,,,,,,,,,,,,,,,,,,
BAU,0,,PROD_CEM,,2010,,5.2749,5.2749,5.2749,5.2749,,,,,,,,,,,,,,,,,,,,,,,,,,,,,,,,,
BAU,0,,PROD_CEM,,2011,,5.6682,5.6682,5.6682,5.6682,,,,,,,,,,,,,,,,,,,,,,,,,,,,,,,,,
BAU,0,,PROD_CEM,,2012,,6.0615,6.0615,6.0615,6.0615,,,,,,,,,,,,,,,,,,,,,,,,,,,,,,,,,
BAU,0,,PROD_CEM,,2013,,6.3078,6.3078,6.3078,6.3078,,,,,,,,,,,,,,,,,,,,,,,,,,,,,,,,,
BAU,0,,PROD_CEM,,2014,,6.5541,6.5541,6.5541,6.5541,,,,,,,,,,,,,,,,,,,,,,,,,,,,,,,,,
BAU,0,,PROD_CEM,,2015,,5.7819,5.7819,5.7819,5.7819,,,,,,,,,,,,,,,,,,,,,,,,,,,,,,,,,
BAU,0,,PROD_CEM,,2016,,5.0097,5.0097,5.0097,5.0097,,,,,,,,,,,,,,,,,,,,,,,,,,,,,,,,,
BAU,0,,PROD_CEM,,2017,,5.0328,5.0328,5.0328,5.0328,,,,,,,,,,,,,,,,,,,,,,,,,,,,,,,,,
BAU,0,,PROD_CEM,,2018,,5.0559,5.0559,5.0559,5.0559,,,,,,,,,,,,,,,,,,,,,,,,,,,,,,,,,
BAU,0,,PROD_CEM,,2019,,4.2404,4.2404,4.2404,4.2404,,,,,,,,,,,,,,,,,,,,,,,,,,,,,,,,,
BAU,0,,PROD_CEM,,2020,,3.4119,3.4119,3.4119,3.4119,,,,,,,,,,,,,,,,,,,,,,,,,,,,,,,,,
BAU,0,,PROD_CEM,,2021,,5.0137,5.0137,5.0137,5.0137,,,,,,,,,,,,,,,,,,,,,,,,,,,,,,,,,
BAU,0,,PROD_CEM,,2022,,4.6246,4.6246,4.6246,4.6246,,,,,,,,,,,,,,,,,,,,,,,,,,,,,,,,,
BAU,0,,PROD_CEM,,2023,,4.8611,4.8611,4.8611,4.8611,,,,,,,,,,,,,,,,,,,,,,,,,,,,,,,,,
BAU,0,,PROD_CEM,,2024,,5.0975,5.0975,5.0975,5.0975,,,,,,,,,,,,,,,,,,,,,,,,,,,,,,,,,
BAU,0,,PROD_CEM,,2025,,5.334,5.334,5.334,5.334,,,,,,,,,,,,,,,,,,,,,,,,,,,,,,,,,
BAU,0,,PROD_CEM,,2026,,5.5704,5.5704,5.5704,5.5704,,,,,,,,,,,,,,,,,,,,,,,,,,,,,,,,,
BAU,0,,PROD_CEM,,2027,,5.8068,5.8068,5.8068,5.8068,,,,,,,,,,,,,,,,,,,,,,,,,,,,,,,,,
BAU,0,,PROD_CEM,,2028,,6.0433,6.0433,6.0433,6.0433,,,,,,,,,,,,,,,,,,,,,,,,,,,,,,,,,
BAU,0,,PROD_CEM,,2029,,6.2798,6.2798,6.2798,6.2798,,,,,,,,,,,,,,,,,,,,,,,,,,,,,,,,,
BAU,0,,PROD_CEM,,2030,,6.5162,6.5162,6.5162,6.5162,,,,,,,,,,,,,,,,,,,,,,,,,,,,,,,,,
BAU,0,,PROD_CEM,,2031,,6.7527,6.7527,6.7527,6.7527,,,,,,,,,,,,,,,,,,,,,,,,,,,,,,,,,
BAU,0,,PROD_CEM,,2032,,6.9892,6.9892,6.9892,6.9892,,,,,,,,,,,,,,,,,,,,,,,,,,,,,,,,,
BAU,0,,PROD_CEM,,2033,,7.2256,7.2256,7.2256,7.2256,,,,,,,,,,,,,,,,,,,,,,,,,,,,,,,,,
BAU,0,,PROD_CEM,,2034,,7.4621,7.4621,7.4621,7.4621,,,,,,,,,,,,,,,,,,,,,,,,,,,,,,,,,
BAU,0,,PROD_CEM,,2035,,7.6985,7.6985,7.6985,7.6985,,,,,,,,,,,,,,,,,,,,,,,,,,,,,,,,,
BAU,0,,T5CEM_PRODIND,,2010,,5.2749,5.2749,5.2749,5.2749,,,,,,,,,,,,,,,,,,,,,,,,,,,,,,,,,
BAU,0,,T5CEM_PRODIND,,2011,,5.6682,5.6682,5.6682,5.6682,,,,,,,,,,,,,,,,,,,,,,,,,,,,,,,,,
BAU,0,,T5CEM_PRODIND,,2012,,6.0615,6.0615,6.0615,6.0615,,,,,,,,,,,,,,,,,,,,,,,,,,,,,,,,,
BAU,0,,T5CEM_PRODIND,,2013,,6.3078,6.3078,6.3078,6.3078,,,,,,,,,,,,,,,,,,,,,,,,,,,,,,,,,
BAU,0,,T5CEM_PRODIND,,2014,,6.5541,6.5541,6.5541,6.5541,,,,,,,,,,,,,,,,,,,,,,,,,,,,,,,,,
BAU,0,,T5CEM_PRODIND,,2015,,5.7819,5.7819,5.7819,5.7819,,,,,,,,,,,,,,,,,,,,,,,,,,,,,,,,,
BAU,0,,T5CEM_PRODIND,,2016,,5.0097,5.0097,5.0097,5.0097,,,,,,,,,,,,,,,,,,,,,,,,,,,,,,,,,
BAU,0,,T5CEM_PRODIND,,2017,,5.0328,5.0328,5.0328,5.0328,,,,,,,,,,,,,,,,,,,,,,,,,,,,,,,,,
BAU,0,,T5CEM_PRODIND,,2018,,5.0559,5.0559,5.0559,5.0559,,,,,,,,,,,,,,,,,,,,,,,,,,,,,,,,,
BAU,0,,T5CEM_PRODIND,,2019,,4.2404,4.2404,4.2404,4.2404,,,,,,,,,,,,,,,,,,,,,,,,,,,,,,,,,
BAU,0,,T5CEM_PRODIND,,2020,,3.4119,3.4119,3.4119,3.4119,,,,,,,,,,,,,,,,,,,,,,,,,,,,,,,,,
BAU,0,,T5CEM_PRODIND,,2021,,5.0137,5.0137,5.0137,5.0137,,,,,,,,,,,,,,,,,,,,,,,,,,,,,,,,,
BAU,0,,T5CEM_PRODIND,,2022,,4.6246,4.6246,4.6246,4.6246,,,,,,,,,,,,,,,,,,,,,,,,,,,,,,,,,
BAU,0,,T5CEM_PRODIND,,2023,,4.8611,4.8611,4.8611,4.8611,,,,,,,,,,,,,,,,,,,,,,,,,,,,,,,,,
BAU,0,,T5CEM_PRODIND,,2024,,5.0975,5.0975,5.0975,5.0975,,,,,,,,,,,,,,,,,,,,,,,,,,,,,,,,,
BAU,0,,T5CEM_PRODIND,,2025,,5.334,5.334,5.334,5.334,,,,,,,,,,,,,,,,,,,,,,,,,,,,,,,,,
BAU,0,,T5CEM_PRODIND,,2026,,5.5704,5.5704,5.5704,5.5704,,,,,,,,,,,,,,,,,,,,,,,,,,,,,,,,,
BAU,0,,T5CEM_PRODIND,,2027,,5.8068,5.8068,5.8068,5.8068,,,,,,,,,,,,,,,,,,,,,,,,,,,,,,,,,
BAU,0,,T5CEM_PRODIND,,2028,,6.0433,6.0433,6.0433,6.0433,,,,,,,,,,,,,,,,,,,,,,,,,,,,,,,,,
BAU,0,,T5CEM_PRODIND,,2029,,6.2798,6.2798,6.2798,6.2798,,,,,,,,,,,,,,,,,,,,,,,,,,,,,,,,,
BAU,0,,T5CEM_PRODIND,,2030,,6.5162,6.5162,6.5162,6.5162,,,,,,,,,,,,,,,,,,,,,,,,,,,,,,,,,
BAU,0,,T5CEM_PRODIND,,2031,,6.7527,6.7527,6.7527,6.7527,,,,,,,,,,,,,,,,,,,,,,,,,,,,,,,,,
BAU,0,,T5CEM_PRODIND,,2032,,6.9892,6.9892,6.9892,6.9892,,,,,,,,,,,,,,,,,,,,,,,,,,,,,,,,,
BAU,0,,T5CEM_PRODIND,,2033,,7.2256,7.2256,7.2256,7.2256,,,,,,,,,,,,,,,,,,,,,,,,,,,,,,,,,
BAU,0,,T5CEM_PRODIND,,2034,,7.4621,7.4621,7.4621,7.4621,,,,,,,,,,,,,,,,,,,,,,,,,,,,,,,,,
BAU,0,,T5CEM_PRODIND,,2035,,7.6985,7.6985,7.6985,7.6985,,,,,,,,,,,,,,,,,,,,,,,,,,,,,,,,,
BAU,0,,T5HFC23IPPU,,2010,,0.0034,0.0034,0.0034,0.0034,,,,,,,,,,,,,,,,,,,,,,,,,,,,,,,,,
BAU,0,,T5HFC23IPPU,,2011,,0.0026,0.0026,0.0026,0.0026,,,,,,,,,,,,,,,,,,,,,,,,,,,,,,,,,
BAU,0,,T5HFC23IPPU,,2012,,0.002,0.002,0.002,0.002,,,,,,,,,,,,,,,,,,,,,,,,,,,,,,,,,
BAU,0,,T5HFC23IPPU,,2013,,0.0015,0.0015,0.0015,0.0015,,,,,,,,,,,,,,,,,,,,,,,,,,,,,,,,,
BAU,0,,T5HFC23IPPU,,2014,,0.0011,0.0011,0.0011,0.0011,,,,,,,,,,,,,,,,,,,,,,,,,,,,,,,,,
BAU,0,,T5HFC23IPPU,,2025,,0.001,0.001,0.001,0.001,,,,,,,,,,,,,,,,,,,,,,,,,,,,,,,,,
BAU,0,,T5HFC23IPPU,,2026,,0.0011,0.0011,0.0011,0.0011,,,,,,,,,,,,,,,,,,,,,,,,,,,,,,,,,
BAU,0,,T5HFC23IPPU,,2027,,0.0012,0.0012,0.0012,0.0012,,,,,,,,,,,,,,,,,,,,,,,,,,,,,,,,,
BAU,0,,T5HFC23IPPU,,2028,,0.0013,0.0013,0.0013,0.0013,,,,,,,,,,,,,,,,,,,,,,,,,,,,,,,,,
BAU,0,,T5HFC23IPPU,,2029,,0.0015,0.0015,0.0015,0.0015,,,,,,,,,,,,,,,,,,,,,,,,,,,,,,,,,
BAU,0,,T5HFC23IPPU,,2030,,0.0016,0.0016,0.0016,0.0016,,,,,,,,,,,,,,,,,,,,,,,,,,,,,,,,,
BAU,0,,T5HFC23IPPU,,2031,,0.0016,0.0016,0.0016,0.0016,,,,,,,,,,,,,,,,,,,,,,,,,,,,,,,,,
BAU,0,,T5HFC23IPPU,,2032,,0.0016,0.0016,0.0016,0.0016,,,,,,,,,,,,,,,,,,,,,,,,,,,,,,,,,
BAU,0,,T5HFC23IPPU,,2033,,0.0016,0.0016,0.0016,0.0016,,,,,,,,,,,,,,,,,,,,,,,,,,,,,,,,,
BAU,0,,T5HFC23IPPU,,2034,,0.0016,0.0016,0.0016,0.0016,,,,,,,,,,,,,,,,,,,,,,,,,,,,,,,,,
BAU,0,,T5HFC23IPPU,,2035,,0.0016,0.0016,0.0016,0.0016,,,,,,,,,,,,,,,,,,,,,,,,,,,,,,,,,
BAU,0,,T5HFC32IPPU,,2010,,0.0043,0.0043,0.0043,0.0043,,,,,,,,,,,,,,,,,,,,,,,,,,,,,,,,,
BAU,0,,T5HFC32IPPU,,2011,,0.0038,0.0038,0.0038,0.0038,,,,,,,,,,,,,,,,,,,,,,,,,,,,,,,,,
BAU,0,,T5HFC32IPPU,,2012,,0.0052,0.0052,0.0052,0.0052,,,,,,,,,,,,,,,,,,,,,,,,,,,,,,,,,
BAU,0,,T5HFC32IPPU,,2013,,0.0069,0.0069,0.0069,0.0069,,,,,,,,,,,,,,,,,,,,,,,,,,,,,,,,,
BAU,0,,T5HFC32IPPU,,2014,,0.0062,0.0062,0.0062,0.0062,,,,,,,,,,,,,,,,,,,,,,,,,,,,,,,,,
BAU,0,,T5HFC32IPPU,,2015,,0.0055,0.0055,0.0055,0.0055,,,,,,,,,,,,,,,,,,,,,,,,,,,,,,,,,
BAU,0,,T5HFC32IPPU,,2016,,0.005,0.005,0.005,0.005,,,,,,,,,,,,,,,,,,,,,,,,,,,,,,,,,
BAU,0,,T5HFC32IPPU,,2017,,0.0044,0.0044,0.0044,0.0044,,,,,,,,,,,,,,,,,,,,,,,,,,,,,,,,,
BAU,0,,T5HFC32IPPU,,2018,,0.004,0.004,0.004,0.004,,,,,,,,,,,,,,,,,,,,,,,,,,,,,,,,,
BAU,0,,T5HFC32IPPU,,2019,,0.0232,0.0232,0.0232,0.0232,,,,,,,,,,,,,,,,,,,,,,,,,,,,,,,,,
BAU,0,,T5HFC32IPPU,,2020,,0.0359,0.0359,0.0359,0.0359,,,,,,,,,,,,,,,,,,,,,,,,,,,,,,,,,
BAU,0,,T5HFC32IPPU,,2021,,0.0479,0.0479,0.0479,0.0479,,,,,,,,,,,,,,,,,,,,,,,,,,,,,,,,,
BAU,0,,T5HFC32IPPU,,2022,,0.0737,0.0737,0.0737,0.0737,,,,,,,,,,,,,,,,,,,,,,,,,,,,,,,,,
BAU,0,,T5HFC32IPPU,,2023,,0.0898,0.0898,0.0898,0.0898,,,,,,,,,,,,,,,,,,,,,,,,,,,,,,,,,
BAU,0,,T5HFC32IPPU,,2024,,0.1059,0.1059,0.1059,0.1059,,,,,,,,,,,,,,,,,,,,,,,,,,,,,,,,,
BAU,0,,T5HFC32IPPU,,2025,,0.122,0.122,0.122,0.122,,,,,,,,,,,,,,,,,,,,,,,,,,,,,,,,,
BAU,0,,T5HFC32IPPU,,2026,,0.1381,0.1381,0.1381,0.1381,,,,,,,,,,,,,,,,,,,,,,,,,,,,,,,,,
BAU,0,,T5HFC32IPPU,,2027,,0.1541,0.1541,0.1541,0.1541,,,,,,,,,,,,,,,,,,,,,,,,,,,,,,,,,
BAU,0,,T5HFC32IPPU,,2028,,0.1702,0.1702,0.1702,0.1702,,,,,,,,,,,,,,,,,,,,,,,,,,,,,,,,,
BAU,0,,T5HFC32IPPU,,2029,,0.1863,0.1863,0.1863,0.1863,,,,,,,,,,,,,,,,,,,,,,,,,,,,,,,,,
BAU,0,,T5HFC32IPPU,,2030,,0.2023,0.2023,0.2023,0.2023,,,,,,,,,,,,,,,,,,,,,,,,,,,,,,,,,
BAU,0,,T5HFC32IPPU,,2031,,0.2028,0.2028,0.2028,0.2028,,,,,,,,,,,,,,,,,,,,,,,,,,,,,,,,,
BAU,0,,T5HFC32IPPU,,2032,,0.2032,0.2032,0.2032,0.2032,,,,,,,,,,,,,,,,,,,,,,,,,,,,,,,,,
BAU,0,,T5HFC32IPPU,,2033,,0.2036,0.2036,0.2036,0.2036,,,,,,,,,,,,,,,,,,,,,,,,,,,,,,,,,
BAU,0,,T5HFC32IPPU,,2034,,0.204,0.204,0.204,0.204,,,,,,,,,,,,,,,,,,,,,,,,,,,,,,,,,
BAU,0,,T5HFC32IPPU,,2035,,0.2045,0.2045,0.2045,0.2045,,,,,,,,,,,,,,,,,,,,,,,,,,,,,,,,,
BAU,0,,T5HFC125IPPU,,2010,,0.0091,0.0091,0.0091,0.0091,,,,,,,,,,,,,,,,,,,,,,,,,,,,,,,,,
BAU,0,,T5HFC125IPPU,,2011,,0.0108,0.0108,0.0108,0.0108,,,,,,,,,,,,,,,,,,,,,,,,,,,,,,,,,
BAU,0,,T5HFC125IPPU,,2012,,0.0126,0.0126,0.0126,0.0126,,,,,,,,,,,,,,,,,,,,,,,,,,,,,,,,,
BAU,0,,T5HFC125IPPU,,2013,,0.0137,0.0137,0.0137,0.0137,,,,,,,,,,,,,,,,,,,,,,,,,,,,,,,,,
BAU,0,,T5HFC125IPPU,,2014,,0.0101,0.0101,0.0101,0.0101,,,,,,,,,,,,,,,,,,,,,,,,,,,,,,,,,
BAU,0,,T5HFC125IPPU,,2015,,0.0085,0.0085,0.0085,0.0085,,,,,,,,,,,,,,,,,,,,,,,,,,,,,,,,,
BAU,0,,T5HFC125IPPU,,2016,,0.0067,0.0067,0.0067,0.0067,,,,,,,,,,,,,,,,,,,,,,,,,,,,,,,,,
BAU,0,,T5HFC125IPPU,,2017,,0.0063,0.0063,0.0063,0.0063,,,,,,,,,,,,,,,,,,,,,,,,,,,,,,,,,
BAU,0,,T5HFC125IPPU,,2018,,0.0068,0.0068,0.0068,0.0068,,,,,,,,,,,,,,,,,,,,,,,,,,,,,,,,,
BAU,0,,T5HFC125IPPU,,2019,,0.0652,0.0652,0.0652,0.0652,,,,,,,,,,,,,,,,,,,,,,,,,,,,,,,,,
BAU,0,,T5HFC125IPPU,,2020,,0.0954,0.0954,0.0954,0.0954,,,,,,,,,,,,,,,,,,,,,,,,,,,,,,,,,
BAU,0,,T5HFC125IPPU,,2021,,0.1172,0.1172,0.1172,0.1172,,,,,,,,,,,,,,,,,,,,,,,,,,,,,,,,,
BAU,0,,T5HFC125IPPU,,2022,,0.1854,0.1854,0.1854,0.1854,,,,,,,,,,,,,,,,,,,,,,,,,,,,,,,,,
BAU,0,,T5HFC125IPPU,,2023,,0.2258,0.2258,0.2258,0.2258,,,,,,,,,,,,,,,,,,,,,,,,,,,,,,,,,
BAU,0,,T5HFC125IPPU,,2024,,0.2662,0.2662,0.2662,0.2662,,,,,,,,,,,,,,,,,,,,,,,,,,,,,,,,,
BAU,0,,T5HFC125IPPU,,2025,,0.3066,0.3066,0.3066,0.3066,,,,,,,,,,,,,,,,,,,,,,,,,,,,,,,,,
BAU,0,,T5HFC125IPPU,,2026,,0.3469,0.3469,0.3469,0.3469,,,,,,,,,,,,,,,,,,,,,,,,,,,,,,,,,
BAU,0,,T5HFC125IPPU,,2027,,0.3873,0.3873,0.3873,0.3873,,,,,,,,,,,,,,,,,,,,,,,,,,,,,,,,,
BAU,0,,T5HFC125IPPU,,2028,,0.4277,0.4277,0.4277,0.4277,,,,,,,,,,,,,,,,,,,,,,,,,,,,,,,,,
BAU,0,,T5HFC125IPPU,,2029,,0.4681,0.4681,0.4681,0.4681,,,,,,,,,,,,,,,,,,,,,,,,,,,,,,,,,
BAU,0,,T5HFC125IPPU,,2030,,0.5085,0.5085,0.5085,0.5085,,,,,,,,,,,,,,,,,,,,,,,,,,,,,,,,,
BAU,0,,T5HFC125IPPU,,2031,,0.5096,0.5096,0.5096,0.5096,,,,,,,,,,,,,,,,,,,,,,,,,,,,,,,,,
BAU,0,,T5HFC125IPPU,,2032,,0.5106,0.5106,0.5106,0.5106,,,,,,,,,,,,,,,,,,,,,,,,,,,,,,,,,
BAU,0,,T5HFC125IPPU,,2033,,0.5117,0.5117,0.5117,0.5117,,,,,,,,,,,,,,,,,,,,,,,,,,,,,,,,,
BAU,0,,T5HFC125IPPU,,2034,,0.5128,0.5128,0.5128,0.5128,,,,,,,,,,,,,,,,,,,,,,,,,,,,,,,,,
BAU,0,,T5HFC125IPPU,,2035,,0.5139,0.5139,0.5139,0.5139,,,,,,,,,,,,,,,,,,,,,,,,,,,,,,,,,
BAU,0,,T5HFC134aIPPU,,2010,,0.0794,0.0794,0.0794,0.0794,,,,,,,,,,,,,,,,,,,,,,,,,,,,,,,,,
BAU,0,,T5HFC134aIPPU,,2011,,0.0906,0.0906,0.0906,0.0906,,,,,,,,,,,,,,,,,,,,,,,,,,,,,,,,,
BAU,0,,T5HFC134aIPPU,,2012,,0.1235,0.1235,0.1235,0.1235,,,,,,,,,,,,,,,,,,,,,,,,,,,,,,,,,
BAU,0,,T5HFC134aIPPU,,2013,,0.1658,0.1658,0.1658,0.1658,,,,,,,,,,,,,,,,,,,,,,,,,,,,,,,,,
BAU,0,,T5HFC134aIPPU,,2014,,0.2255,0.2255,0.2255,0.2255,,,,,,,,,,,,,,,,,,,,,,,,,,,,,,,,,
BAU,0,,T5HFC134aIPPU,,2015,,0.2765,0.2765,0.2765,0.2765,,,,,,,,,,,,,,,,,,,,,,,,,,,,,,,,,
BAU,0,,T5HFC134aIPPU,,2016,,0.3072,0.3072,0.3072,0.3072,,,,,,,,,,,,,,,,,,,,,,,,,,,,,,,,,
BAU,0,,T5HFC134aIPPU,,2017,,0.3382,0.3382,0.3382,0.3382,,,,,,,,,,,,,,,,,,,,,,,,,,,,,,,,,
BAU,0,,T5HFC134aIPPU,,2018,,0.3628,0.3628,0.3628,0.3628,,,,,,,,,,,,,,,,,,,,,,,,,,,,,,,,,
BAU,0,,T5HFC134aIPPU,,2019,,0.3978,0.3978,0.3978,0.3978,,,,,,,,,,,,,,,,,,,,,,,,,,,,,,,,,
BAU,0,,T5HFC134aIPPU,,2020,,0.427,0.427,0.427,0.427,,,,,,,,,,,,,,,,,,,,,,,,,,,,,,,,,
BAU,0,,T5HFC134aIPPU,,2021,,0.4122,0.4122,0.4122,0.4122,,,,,,,,,,,,,,,,,,,,,,,,,,,,,,,,,
BAU,0,,T5HFC134aIPPU,,2022,,0.4691,0.4691,0.4691,0.4691,,,,,,,,,,,,,,,,,,,,,,,,,,,,,,,,,
BAU,0,,T5HFC134aIPPU,,2023,,0.5713,0.5713,0.5713,0.5713,,,,,,,,,,,,,,,,,,,,,,,,,,,,,,,,,
BAU,0,,T5HFC134aIPPU,,2024,,0.6735,0.6735,0.6735,0.6735,,,,,,,,,,,,,,,,,,,,,,,,,,,,,,,,,
BAU,0,,T5HFC134aIPPU,,2025,,0.7757,0.7757,0.7757,0.7757,,,,,,,,,,,,,,,,,,,,,,,,,,,,,,,,,
BAU,0,,T5HFC134aIPPU,,2026,,0.8778,0.8778,0.8778,0.8778,,,,,,,,,,,,,,,,,,,,,,,,,,,,,,,,,
BAU,0,,T5HFC134aIPPU,,2027,,0.98,0.98,0.98,0.98,,,,,,,,,,,,,,,,,,,,,,,,,,,,,,,,,
BAU,0,,T5HFC134aIPPU,,2028,,1.0822,1.0822,1.0822,1.0822,,,,,,,,,,,,,,,,,,,,,,,,,,,,,,,,,
BAU,0,,T5HFC134aIPPU,,2029,,1.1844,1.1844,1.1844,1.1844,,,,,,,,,,,,,,,,,,,,,,,,,,,,,,,,,
BAU,0,,T5HFC134aIPPU,,2030,,1.2865,1.2865,1.2865,1.2865,,,,,,,,,,,,,,,,,,,,,,,,,,,,,,,,,
BAU,0,,T5HFC134aIPPU,,2031,,1.2893,1.2893,1.2893,1.2893,,,,,,,,,,,,,,,,,,,,,,,,,,,,,,,,,
BAU,0,,T5HFC134aIPPU,,2032,,1.292,1.292,1.292,1.292,,,,,,,,,,,,,,,,,,,,,,,,,,,,,,,,,
BAU,0,,T5HFC134aIPPU,,2033,,1.2947,1.2947,1.2947,1.2947,,,,,,,,,,,,,,,,,,,,,,,,,,,,,,,,,
BAU,0,,T5HFC134aIPPU,,2034,,1.2974,1.2974,1.2974,1.2974,,,,,,,,,,,,,,,,,,,,,,,,,,,,,,,,,
BAU,0,,T5HFC134aIPPU,,2035,,1.3001,1.3001,1.3001,1.3001,,,,,,,,,,,,,,,,,,,,,,,,,,,,,,,,,
BAU,0,,T5HFC143aIPPU,,2010,,0.0078,0.0078,0.0078,0.0078,,,,,,,,,,,,,,,,,,,,,,,,,,,,,,,,,
BAU,0,,T5HFC143aIPPU,,2011,,0.0109,0.0109,0.0109,0.0109,,,,,,,,,,,,,,,,,,,,,,,,,,,,,,,,,
BAU,0,,T5HFC143aIPPU,,2012,,0.0125,0.0125,0.0125,0.0125,,,,,,,,,,,,,,,,,,,,,,,,,,,,,,,,,
BAU,0,,T5HFC143aIPPU,,2013,,0.0094,0.0094,0.0094,0.0094,,,,,,,,,,,,,,,,,,,,,,,,,,,,,,,,,
BAU,0,,T5HFC143aIPPU,,2014,,0.0063,0.0063,0.0063,0.0063,,,,,,,,,,,,,,,,,,,,,,,,,,,,,,,,,
BAU,0,,T5HFC143aIPPU,,2015,,0.0086,0.0086,0.0086,0.0086,,,,,,,,,,,,,,,,,,,,,,,,,,,,,,,,,
BAU,0,,T5HFC143aIPPU,,2016,,0.0085,0.0085,0.0085,0.0085,,,,,,,,,,,,,,,,,,,,,,,,,,,,,,,,,
BAU,0,,T5HFC143aIPPU,,2017,,0.006,0.006,0.006,0.006,,,,,,,,,,,,,,,,,,,,,,,,,,,,,,,,,
BAU,0,,T5HFC143aIPPU,,2018,,0.0039,0.0039,0.0039,0.0039,,,,,,,,,,,,,,,,,,,,,,,,,,,,,,,,,
BAU,0,,T5HFC143aIPPU,,2019,,0.0409,0.0409,0.0409,0.0409,,,,,,,,,,,,,,,,,,,,,,,,,,,,,,,,,
BAU,0,,T5HFC143aIPPU,,2020,,0.0662,0.0662,0.0662,0.0662,,,,,,,,,,,,,,,,,,,,,,,,,,,,,,,,,
BAU,0,,T5HFC143aIPPU,,2021,,0.0797,0.0797,0.0797,0.0797,,,,,,,,,,,,,,,,,,,,,,,,,,,,,,,,,
BAU,0,,T5HFC143aIPPU,,2022,,0.1464,0.1464,0.1464,0.1464,,,,,,,,,,,,,,,,,,,,,,,,,,,,,,,,,
BAU,0,,T5HFC143aIPPU,,2023,,0.1783,0.1783,0.1783,0.1783,,,,,,,,,,,,,,,,,,,,,,,,,,,,,,,,,
BAU,0,,T5HFC143aIPPU,,2024,,0.2101,0.2101,0.2101,0.2101,,,,,,,,,,,,,,,,,,,,,,,,,,,,,,,,,
BAU,0,,T5HFC143aIPPU,,2025,,0.242,0.242,0.242,0.242,,,,,,,,,,,,,,,,,,,,,,,,,,,,,,,,,
BAU,0,,T5HFC143aIPPU,,2026,,0.2739,0.2739,0.2739,0.2739,,,,,,,,,,,,,,,,,,,,,,,,,,,,,,,,,
BAU,0,,T5HFC143aIPPU,,2027,,0.3058,0.3058,0.3058,0.3058,,,,,,,,,,,,,,,,,,,,,,,,,,,,,,,,,
BAU,0,,T5HFC143aIPPU,,2028,,0.3377,0.3377,0.3377,0.3377,,,,,,,,,,,,,,,,,,,,,,,,,,,,,,,,,
BAU,0,,T5HFC143aIPPU,,2029,,0.3696,0.3696,0.3696,0.3696,,,,,,,,,,,,,,,,,,,,,,,,,,,,,,,,,
BAU,0,,T5HFC143aIPPU,,2030,,0.4014,0.4014,0.4014,0.4014,,,,,,,,,,,,,,,,,,,,,,,,,,,,,,,,,
BAU,0,,T5HFC143aIPPU,,2031,,0.4023,0.4023,0.4023,0.4023,,,,,,,,,,,,,,,,,,,,,,,,,,,,,,,,,
BAU,0,,T5HFC143aIPPU,,2032,,0.4031,0.4031,0.4031,0.4031,,,,,,,,,,,,,,,,,,,,,,,,,,,,,,,,,
BAU,0,,T5HFC143aIPPU,,2033,,0.404,0.404,0.404,0.404,,,,,,,,,,,,,,,,,,,,,,,,,,,,,,,,,
BAU,0,,T5HFC143aIPPU,,2034,,0.4048,0.4048,0.4048,0.4048,,,,,,,,,,,,,,,,,,,,,,,,,,,,,,,,,
BAU,0,,T5HFC143aIPPU,,2035,,0.4057,0.4057,0.4057,0.4057,,,,,,,,,,,,,,,,,,,,,,,,,,,,,,,,,
BAU,0,,T5HFC152aIPPU,,2014,,0.0014,0.0014,0.0014,0.0014,,,,,,,,,,,,,,,,,,,,,,,,,,,,,,,,,
BAU,0,,T5HFC152aIPPU,,2016,,0.0014,0.0014,0.0014,0.0014,,,,,,,,,,,,,,,,,,,,,,,,,,,,,,,,,
BAU,0,,T5HFC152aIPPU,,2017,,0.0014,0.0014,0.0014,0.0014,,,,,,,,,,,,,,,,,,,,,,,,,,,,,,,,,
BAU,0,,T5HFC152aIPPU,,2021,,0.0014,0.0014,0.0014,0.0014,,,,,,,,,,,,,,,,,,,,,,,,,,,,,,,,,
BAU,0,,T5HFC152aIPPU,,2022,,0.0022,0.0022,0.0022,0.0022,,,,,,,,,,,,,,,,,,,,,,,,,,,,,,,,,
BAU,0,,T5HFC152aIPPU,,2023,,0.0024,0.0024,0.0024,0.0024,,,,,,,,,,,,,,,,,,,,,,,,,,,,,,,,,
BAU,0,,T5HFC152aIPPU,,2024,,0.0029,0.0029,0.0029,0.0029,,,,,,,,,,,,,,,,,,,,,,,,,,,,,,,,,
BAU,0,,T5HFC152aIPPU,,2025,,0.0033,0.0033,0.0033,0.0033,,,,,,,,,,,,,,,,,,,,,,,,,,,,,,,,,
BAU,0,,T5HFC152aIPPU,,2026,,0.0038,0.0038,0.0038,0.0038,,,,,,,,,,,,,,,,,,,,,,,,,,,,,,,,,
BAU,0,,T5HFC152aIPPU,,2027,,0.0042,0.0042,0.0042,0.0042,,,,,,,,,,,,,,,,,,,,,,,,,,,,,,,,,
BAU,0,,T5HFC152aIPPU,,2028,,0.0046,0.0046,0.0046,0.0046,,,,,,,,,,,,,,,,,,,,,,,,,,,,,,,,,
BAU,0,,T5HFC152aIPPU,,2029,,0.0051,0.0051,0.0051,0.0051,,,,,,,,,,,,,,,,,,,,,,,,,,,,,,,,,
BAU,0,,T5HFC152aIPPU,,2030,,0.0055,0.0055,0.0055,0.0055,,,,,,,,,,,,,,,,,,,,,,,,,,,,,,,,,
BAU,0,,T5HFC152aIPPU,,2031,,0.0055,0.0055,0.0055,0.0055,,,,,,,,,,,,,,,,,,,,,,,,,,,,,,,,,
BAU,0,,T5HFC152aIPPU,,2032,,0.0055,0.0055,0.0055,0.0055,,,,,,,,,,,,,,,,,,,,,,,,,,,,,,,,,
BAU,0,,T5HFC152aIPPU,,2033,,0.0055,0.0055,0.0055,0.0055,,,,,,,,,,,,,,,,,,,,,,,,,,,,,,,,,
BAU,0,,T5HFC152aIPPU,,2034,,0.0056,0.0056,0.0056,0.0056,,,,,,,,,,,,,,,,,,,,,,,,,,,,,,,,,
BAU,0,,T5HFC152aIPPU,,2035,,0.0056,0.0056,0.0056,0.0056,,,,,,,,,,,,,,,,,,,,,,,,,,,,,,,,,
BAU,0,,LIME_PROD,,2010,,0.0665,0.0665,0.0665,0.0665,,,,,,,,,,,,,,,,,,,,,,,,,,,,,,,,,
BAU,0,,LIME_PROD,,2011,,0.0692,0.0692,0.0692,0.0692,,,,,,,,,,,,,,,,,,,,,,,,,,,,,,,,,
BAU,0,,LIME_PROD,,2012,,0.0719,0.0719,0.0719,0.0719,,,,,,,,,,,,,,,,,,,,,,,,,,,,,,,,,
BAU,0,,LIME_PROD,,2013,,0.0742,0.0742,0.0742,0.0742,,,,,,,,,,,,,,,,,,,,,,,,,,,,,,,,,
BAU,0,,LIME_PROD,,2014,,0.0766,0.0766,0.0766,0.0766,,,,,,,,,,,,,,,,,,,,,,,,,,,,,,,,,
BAU,0,,LIME_PROD,,2015,,0.0852,0.0852,0.0852,0.0852,,,,,,,,,,,,,,,,,,,,,,,,,,,,,,,,,
BAU,0,,LIME_PROD,,2016,,0.0938,0.0938,0.0938,0.0938,,,,,,,,,,,,,,,,,,,,,,,,,,,,,,,,,
BAU,0,,LIME_PROD,,2017,,0.1005,0.1005,0.1005,0.1005,,,,,,,,,,,,,,,,,,,,,,,,,,,,,,,,,
BAU,0,,LIME_PROD,,2018,,0.1071,0.1071,0.1071,0.1071,,,,,,,,,,,,,,,,,,,,,,,,,,,,,,,,,
BAU,0,,LIME_PROD,,2019,,0.1144,0.1144,0.1144,0.1144,,,,,,,,,,,,,,,,,,,,,,,,,,,,,,,,,
BAU,0,,LIME_PROD,,2020,,0.1216,0.1216,0.1216,0.1216,,,,,,,,,,,,,,,,,,,,,,,,,,,,,,,,,
BAU,0,,LIME_PROD,,2021,,0.2199,0.2199,0.2199,0.2199,,,,,,,,,,,,,,,,,,,,,,,,,,,,,,,,,
BAU,0,,LIME_PROD,,2022,,0.1791,0.1791,0.1791,0.1791,,,,,,,,,,,,,,,,,,,,,,,,,,,,,,,,,
BAU,0,,LIME_PROD,,2023,,0.1829,0.1829,0.1829,0.1829,,,,,,,,,,,,,,,,,,,,,,,,,,,,,,,,,
BAU,0,,LIME_PROD,,2024,,0.1868,0.1868,0.1868,0.1868,,,,,,,,,,,,,,,,,,,,,,,,,,,,,,,,,
BAU,0,,LIME_PROD,,2025,,0.1908,0.1908,0.1908,0.1908,,,,,,,,,,,,,,,,,,,,,,,,,,,,,,,,,
BAU,0,,LIME_PROD,,2026,,0.1949,0.1949,0.1949,0.1949,,,,,,,,,,,,,,,,,,,,,,,,,,,,,,,,,
BAU,0,,LIME_PROD,,2027,,0.1991,0.1991,0.1991,0.1991,,,,,,,,,,,,,,,,,,,,,,,,,,,,,,,,,
BAU,0,,LIME_PROD,,2028,,0.2034,0.2034,0.2034,0.2034,,,,,,,,,,,,,,,,,,,,,,,,,,,,,,,,,
BAU,0,,LIME_PROD,,2029,,0.2077,0.2077,0.2077,0.2077,,,,,,,,,,,,,,,,,,,,,,,,,,,,,,,,,
BAU,0,,LIME_PROD,,2030,,0.2121,0.2121,0.2121,0.2121,,,,,,,,,,,,,,,,,,,,,,,,,,,,,,,,,
BAU,0,,LIME_PROD,,2031,,0.2167,0.2167,0.2167,0.2167,,,,,,,,,,,,,,,,,,,,,,,,,,,,,,,,,
BAU,0,,LIME_PROD,,2032,,0.2213,0.2213,0.2213,0.2213,,,,,,,,,,,,,,,,,,,,,,,,,,,,,,,,,
BAU,0,,LIME_PROD,,2033,,0.226,0.226,0.226,0.226,,,,,,,,,,,,,,,,,,,,,,,,,,,,,,,,,
BAU,0,,LIME_PROD,,2034,,0.2309,0.2309,0.2309,0.2309,,,,,,,,,,,,,,,,,,,,,,,,,,,,,,,,,
BAU,0,,LIME_PROD,,2035,,0.2358,0.2358,0.2358,0.2358,,,,,,,,,,,,,,,,,,,,,,,,,,,,,,,,,
BAU,0,,GLASS_PROD,,2010,,0.0075,0.0075,0.0075,0.0075,,,,,,,,,,,,,,,,,,,,,,,,,,,,,,,,,
BAU,0,,GLASS_PROD,,2011,,0.0092,0.0092,0.0092,0.0092,,,,,,,,,,,,,,,,,,,,,,,,,,,,,,,,,
BAU,0,,GLASS_PROD,,2012,,0.0109,0.0109,0.0109,0.0109,,,,,,,,,,,,,,,,,,,,,,,,,,,,,,,,,
BAU,0,,GLASS_PROD,,2013,,0.0126,0.0126,0.0126,0.0126,,,,,,,,,,,,,,,,,,,,,,,,,,,,,,,,,
BAU,0,,GLASS_PROD,,2014,,0.0143,0.0143,0.0143,0.0143,,,,,,,,,,,,,,,,,,,,,,,,,,,,,,,,,
BAU,0,,GLASS_PROD,,2015,,0.0125,0.0125,0.0125,0.0125,,,,,,,,,,,,,,,,,,,,,,,,,,,,,,,,,
BAU,0,,GLASS_PROD,,2016,,0.0107,0.0107,0.0107,0.0107,,,,,,,,,,,,,,,,,,,,,,,,,,,,,,,,,
BAU,0,,GLASS_PROD,,2017,,0.0124,0.0124,0.0124,0.0124,,,,,,,,,,,,,,,,,,,,,,,,,,,,,,,,,
BAU,0,,GLASS_PROD,,2018,,0.0141,0.0141,0.0141,0.0141,,,,,,,,,,,,,,,,,,,,,,,,,,,,,,,,,
BAU,0,,GLASS_PROD,,2019,,0.0094,0.0094,0.0094,0.0094,,,,,,,,,,,,,,,,,,,,,,,,,,,,,,,,,
BAU,0,,GLASS_PROD,,2020,,0.0047,0.0047,0.0047,0.0047,,,,,,,,,,,,,,,,,,,,,,,,,,,,,,,,,
BAU,0,,GLASS_PROD,,2021,,0.0089,0.0089,0.0089,0.0089,,,,,,,,,,,,,,,,,,,,,,,,,,,,,,,,,
BAU,0,,GLASS_PROD,,2022,,0.0081,0.0081,0.0081,0.0081,,,,,,,,,,,,,,,,,,,,,,,,,,,,,,,,,
BAU,0,,GLASS_PROD,,2023,,0.0083,0.0083,0.0083,0.0083,,,,,,,,,,,,,,,,,,,,,,,,,,,,,,,,,
BAU,0,,GLASS_PROD,,2024,,0.0084,0.0084,0.0084,0.0084,,,,,,,,,,,,,,,,,,,,,,,,,,,,,,,,,
BAU,0,,GLASS_PROD,,2025,,0.0086,0.0086,0.0086,0.0086,,,,,,,,,,,,,,,,,,,,,,,,,,,,,,,,,
BAU,0,,GLASS_PROD,,2026,,0.0088,0.0088,0.0088,0.0088,,,,,,,,,,,,,,,,,,,,,,,,,,,,,,,,,
BAU,0,,GLASS_PROD,,2027,,0.009,0.009,0.009,0.009,,,,,,,,,,,,,,,,,,,,,,,,,,,,,,,,,
BAU,0,,GLASS_PROD,,2028,,0.0092,0.0092,0.0092,0.0092,,,,,,,,,,,,,,,,,,,,,,,,,,,,,,,,,
BAU,0,,GLASS_PROD,,2029,,0.0094,0.0094,0.0094,0.0094,,,,,,,,,,,,,,,,,,,,,,,,,,,,,,,,,
BAU,0,,GLASS_PROD,,2030,,0.0096,0.0096,0.0096,0.0096,,,,,,,,,,,,,,,,,,,,,,,,,,,,,,,,,
BAU,0,,GLASS_PROD,,2031,,0.0098,0.0098,0.0098,0.0098,,,,,,,,,,,,,,,,,,,,,,,,,,,,,,,,,
BAU,0,,GLASS_PROD,,2032,,0.01,0.01,0.01,0.01,,,,,,,,,,,,,,,,,,,,,,,,,,,,,,,,,
BAU,0,,GLASS_PROD,,2033,,0.0102,0.0102,0.0102,0.0102,,,,,,,,,,,,,,,,,,,,,,,,,,,,,,,,,
BAU,0,,GLASS_PROD,,2034,,0.0104,0.0104,0.0104,0.0104,,,,,,,,,,,,,,,,,,,,,,,,,,,,,,,,,
BAU,0,,GLASS_PROD,,2035,,0.0107,0.0107,0.0107,0.0107,,,,,,,,,,,,,,,,,,,,,,,,,,,,,,,,,
BAU,0,,CERAMICS,,2010,,0.3181,0.3181,0.3181,0.3181,,,,,,,,,,,,,,,,,,,,,,,,,,,,,,,,,
BAU,0,,CERAMICS,,2011,,0.4096,0.4096,0.4096,0.4096,,,,,,,,,,,,,,,,,,,,,,,,,,,,,,,,,
BAU,0,,CERAMICS,,2012,,0.5012,0.5012,0.5012,0.5012,,,,,,,,,,,,,,,,,,,,,,,,,,,,,,,,,
BAU,0,,CERAMICS,,2013,,0.4401,0.4401,0.4401,0.4401,,,,,,,,,,,,,,,,,,,,,,,,,,,,,,,,,
BAU,0,,CERAMICS,,2014,,0.3789,0.3789,0.3789,0.3789,,,,,,,,,,,,,,,,,,,,,,,,,,,,,,,,,
BAU,0,,CERAMICS,,2015,,0.383,0.383,0.383,0.383,,,,,,,,,,,,,,,,,,,,,,,,,,,,,,,,,
BAU,0,,CERAMICS,,2016,,0.3872,0.3872,0.3872,0.3872,,,,,,,,,,,,,,,,,,,,,,,,,,,,,,,,,
BAU,0,,CERAMICS,,2017,,0.296,0.296,0.296,0.296,,,,,,,,,,,,,,,,,,,,,,,,,,,,,,,,,
BAU,0,,CERAMICS,,2018,,0.2049,0.2049,0.2049,0.2049,,,,,,,,,,,,,,,,,,,,,,,,,,,,,,,,,
BAU,0,,CERAMICS,,2019,,0.1522,0.1522,0.1522,0.1522,,,,,,,,,,,,,,,,,,,,,,,,,,,,,,,,,
BAU,0,,CERAMICS,,2020,,0.0995,0.0995,0.0995,0.0995,,,,,,,,,,,,,,,,,,,,,,,,,,,,,,,,,
BAU,0,,CERAMICS,,2021,,0.0446,0.0446,0.0446,0.0446,,,,,,,,,,,,,,,,,,,,,,,,,,,,,,,,,
BAU,0,,CERAMICS,,2022,,0.2117,0.2117,0.2117,0.2117,,,,,,,,,,,,,,,,,,,,,,,,,,,,,,,,,
BAU,0,,CERAMICS,,2023,,0.2162,0.2162,0.2162,0.2162,,,,,,,,,,,,,,,,,,,,,,,,,,,,,,,,,
BAU,0,,CERAMICS,,2024,,0.2208,0.2208,0.2208,0.2208,,,,,,,,,,,,,,,,,,,,,,,,,,,,,,,,,
BAU,0,,CERAMICS,,2025,,0.2256,0.2256,0.2256,0.2256,,,,,,,,,,,,,,,,,,,,,,,,,,,,,,,,,
BAU,0,,CERAMICS,,2026,,0.2304,0.2304,0.2304,0.2304,,,,,,,,,,,,,,,,,,,,,,,,,,,,,,,,,
BAU,0,,CERAMICS,,2027,,0.2353,0.2353,0.2353,0.2353,,,,,,,,,,,,,,,,,,,,,,,,,,,,,,,,,
BAU,0,,CERAMICS,,2028,,0.2404,0.2404,0.2404,0.2404,,,,,,,,,,,,,,,,,,,,,,,,,,,,,,,,,
BAU,0,,CERAMICS,,2029,,0.2455,0.2455,0.2455,0.2455,,,,,,,,,,,,,,,,,,,,,,,,,,,,,,,,,
BAU,0,,CERAMICS,,2030,,0.2507,0.2507,0.2507,0.2507,,,,,,,,,,,,,,,,,,,,,,,,,,,,,,,,,
BAU,0,,CERAMICS,,2031,,0.2561,0.2561,0.2561,0.2561,,,,,,,,,,,,,,,,,,,,,,,,,,,,,,,,,
BAU,0,,CERAMICS,,2032,,0.2616,0.2616,0.2616,0.2616,,,,,,,,,,,,,,,,,,,,,,,,,,,,,,,,,
BAU,0,,CERAMICS,,2033,,0.2672,0.2672,0.2672,0.2672,,,,,,,,,,,,,,,,,,,,,,,,,,,,,,,,,
BAU,0,,CERAMICS,,2034,,0.2729,0.2729,0.2729,0.2729,,,,,,,,,,,,,,,,,,,,,,,,,,,,,,,,,
BAU,0,,CERAMICS,,2035,,0.2787,0.2787,0.2787,0.2787,,,,,,,,,,,,,,,,,,,,,,,,,,,,,,,,,
BAU,0,,SODA_ASH,,2012,,0.0018,0.0018,0.0018,0.0018,,,,,,,,,,,,,,,,,,,,,,,,,,,,,,,,,
BAU,0,,SODA_ASH,,2013,,0.0018,0.0018,0.0018,0.0018,,,,,,,,,,,,,,,,,,,,,,,,,,,,,,,,,
BAU,0,,SODA_ASH,,2014,,0.0018,0.0018,0.0018,0.0018,,,,,,,,,,,,,,,,,,,,,,,,,,,,,,,,,
BAU,0,,SODA_ASH,,2017,,0.0015,0.0015,0.0015,0.0015,,,,,,,,,,,,,,,,,,,,,,,,,,,,,,,,,
BAU,0,,SODA_ASH,,2018,,0.0031,0.0031,0.0031,0.0031,,,,,,,,,,,,,,,,,,,,,,,,,,,,,,,,,
BAU,0,,SODA_ASH,,2019,,0.0058,0.0058,0.0058,0.0058,,,,,,,,,,,,,,,,,,,,,,,,,,,,,,,,,
BAU,0,,SODA_ASH,,2020,,0.0085,0.0085,0.0085,0.0085,,,,,,,,,,,,,,,,,,,,,,,,,,,,,,,,,
BAU,0,,SODA_ASH,,2021,,0.0012,0.0012,0.0012,0.0012,,,,,,,,,,,,,,,,,,,,,,,,,,,,,,,,,
BAU,0,,SODA_ASH,,2022,,0.0017,0.0017,0.0017,0.0017,,,,,,,,,,,,,,,,,,,,,,,,,,,,,,,,,
BAU,0,,SODA_ASH,,2023,,0.0017,0.0017,0.0017,0.0017,,,,,,,,,,,,,,,,,,,,,,,,,,,,,,,,,
BAU,0,,SODA_ASH,,2024,,0.0018,0.0018,0.0018,0.0018,,,,,,,,,,,,,,,,,,,,,,,,,,,,,,,,,
BAU,0,,SODA_ASH,,2025,,0.0018,0.0018,0.0018,0.0018,,,,,,,,,,,,,,,,,,,,,,,,,,,,,,,,,
BAU,0,,SODA_ASH,,2026,,0.0019,0.0019,0.0019,0.0019,,,,,,,,,,,,,,,,,,,,,,,,,,,,,,,,,
BAU,0,,SODA_ASH,,2027,,0.0019,0.0019,0.0019,0.0019,,,,,,,,,,,,,,,,,,,,,,,,,,,,,,,,,
BAU,0,,SODA_ASH,,2028,,0.0019,0.0019,0.0019,0.0019,,,,,,,,,,,,,,,,,,,,,,,,,,,,,,,,,
BAU,0,,SODA_ASH,,2029,,0.002,0.002,0.002,0.002,,,,,,,,,,,,,,,,,,,,,,,,,,,,,,,,,
BAU,0,,SODA_ASH,,2030,,0.002,0.002,0.002,0.002,,,,,,,,,,,,,,,,,,,,,,,,,,,,,,,,,
BAU,0,,SODA_ASH,,2031,,0.0021,0.0021,0.0021,0.0021,,,,,,,,,,,,,,,,,,,,,,,,,,,,,,,,,
BAU,0,,SODA_ASH,,2032,,0.0021,0.0021,0.0021,0.0021,,,,,,,,,,,,,,,,,,,,,,,,,,,,,,,,,
BAU,0,,SODA_ASH,,2033,,0.0021,0.0021,0.0021,0.0021,,,,,,,,,,,,,,,,,,,,,,,,,,,,,,,,,
BAU,0,,SODA_ASH,,2034,,0.0022,0.0022,0.0022,0.0022,,,,,,,,,,,,,,,,,,,,,,,,,,,,,,,,,
BAU,0,,SODA_ASH,,2035,,0.0022,0.0022,0.0022,0.0022,,,,,,,,,,,,,,,,,,,,,,,,,,,,,,,,,
BAU,0,,IRON_STEEL,,2010,,0.0298,0.0298,0.0298,0.0298,,,,,,,,,,,,,,,,,,,,,,,,,,,,,,,,,
BAU,0,,IRON_STEEL,,2011,,0.0317,0.0317,0.0317,0.0317,,,,,,,,,,,,,,,,,,,,,,,,,,,,,,,,,
BAU,0,,IRON_STEEL,,2012,,0.0336,0.0336,0.0336,0.0336,,,,,,,,,,,,,,,,,,,,,,,,,,,,,,,,,
BAU,0,,IRON_STEEL,,2013,,0.0357,0.0357,0.0357,0.0357,,,,,,,,,,,,,,,,,,,,,,,,,,,,,,,,,
BAU,0,,IRON_STEEL,,2014,,0.0378,0.0378,0.0378,0.0378,,,,,,,,,,,,,,,,,,,,,,,,,,,,,,,,,
BAU,0,,IRON_STEEL,,2015,,0.0404,0.0404,0.0404,0.0404,,,,,,,,,,,,,,,,,,,,,,,,,,,,,,,,,
BAU,0,,IRON_STEEL,,2016,,0.0429,0.0429,0.0429,0.0429,,,,,,,,,,,,,,,,,,,,,,,,,,,,,,,,,
BAU,0,,IRON_STEEL,,2017,,0.0496,0.0496,0.0496,0.0496,,,,,,,,,,,,,,,,,,,,,,,,,,,,,,,,,
BAU,0,,IRON_STEEL,,2018,,0.0564,0.0564,0.0564,0.0564,,,,,,,,,,,,,,,,,,,,,,,,,,,,,,,,,
BAU,0,,IRON_STEEL,,2019,,0.0459,0.0459,0.0459,0.0459,,,,,,,,,,,,,,,,,,,,,,,,,,,,,,,,,
BAU,0,,IRON_STEEL,,2020,,0.0354,0.0354,0.0354,0.0354,,,,,,,,,,,,,,,,,,,,,,,,,,,,,,,,,
BAU,0,,IRON_STEEL,,2021,,0.0779,0.0779,0.0779,0.0779,,,,,,,,,,,,,,,,,,,,,,,,,,,,,,,,,
BAU,0,,IRON_STEEL,,2022,,0.0801,0.0801,0.0801,0.0801,,,,,,,,,,,,,,,,,,,,,,,,,,,,,,,,,
BAU,0,,IRON_STEEL,,2023,,0.0818,0.0818,0.0818,0.0818,,,,,,,,,,,,,,,,,,,,,,,,,,,,,,,,,
BAU,0,,IRON_STEEL,,2024,,0.0836,0.0836,0.0836,0.0836,,,,,,,,,,,,,,,,,,,,,,,,,,,,,,,,,
BAU,0,,IRON_STEEL,,2025,,0.0853,0.0853,0.0853,0.0853,,,,,,,,,,,,,,,,,,,,,,,,,,,,,,,,,
BAU,0,,IRON_STEEL,,2026,,0.0872,0.0872,0.0872,0.0872,,,,,,,,,,,,,,,,,,,,,,,,,,,,,,,,,
BAU,0,,IRON_STEEL,,2027,,0.089,0.089,0.089,0.089,,,,,,,,,,,,,,,,,,,,,,,,,,,,,,,,,
BAU,0,,IRON_STEEL,,2028,,0.0909,0.0909,0.0909,0.0909,,,,,,,,,,,,,,,,,,,,,,,,,,,,,,,,,
BAU,0,,IRON_STEEL,,2029,,0.0929,0.0929,0.0929,0.0929,,,,,,,,,,,,,,,,,,,,,,,,,,,,,,,,,
BAU,0,,IRON_STEEL,,2030,,0.0949,0.0949,0.0949,0.0949,,,,,,,,,,,,,,,,,,,,,,,,,,,,,,,,,
BAU,0,,IRON_STEEL,,2031,,0.0969,0.0969,0.0969,0.0969,,,,,,,,,,,,,,,,,,,,,,,,,,,,,,,,,
BAU,0,,IRON_STEEL,,2032,,0.099,0.099,0.099,0.099,,,,,,,,,,,,,,,,,,,,,,,,,,,,,,,,,
BAU,0,,IRON_STEEL,,2033,,0.1011,0.1011,0.1011,0.1011,,,,,,,,,,,,,,,,,,,,,,,,,,,,,,,,,
BAU,0,,IRON_STEEL,,2034,,0.1032,0.1032,0.1032,0.1032,,,,,,,,,,,,,,,,,,,,,,,,,,,,,,,,,
BAU,0,,IRON_STEEL,,2035,,0.1055,0.1055,0.1055,0.1055,,,,,,,,,,,,,,,,,,,,,,,,,,,,,,,,,
BAU,0,,LEAD_PROD,,2010,,0.0013,0.0013,0.0013,0.0013,,,,,,,,,,,,,,,,,,,,,,,,,,,,,,,,,
BAU,0,,LEAD_PROD,,2011,,0.0016,0.0016,0.0016,0.0016,,,,,,,,,,,,,,,,,,,,,,,,,,,,,,,,,
BAU,0,,LEAD_PROD,,2012,,0.0019,0.0019,0.0019,0.0019,,,,,,,,,,,,,,,,,,,,,,,,,,,,,,,,,
BAU,0,,LEAD_PROD,,2013,,0.0023,0.0023,0.0023,0.0023,,,,,,,,,,,,,,,,,,,,,,,,,,,,,,,,,
BAU,0,,LEAD_PROD,,2014,,0.0027,0.0027,0.0027,0.0027,,,,,,,,,,,,,,,,,,,,,,,,,,,,,,,,,
BAU,0,,LEAD_PROD,,2015,,0.0029,0.0029,0.0029,0.0029,,,,,,,,,,,,,,,,,,,,,,,,,,,,,,,,,
BAU,0,,LEAD_PROD,,2016,,0.003,0.003,0.003,0.003,,,,,,,,,,,,,,,,,,,,,,,,,,,,,,,,,
BAU,0,,LEAD_PROD,,2017,,0.0035,0.0035,0.0035,0.0035,,,,,,,,,,,,,,,,,,,,,,,,,,,,,,,,,
BAU,0,,LEAD_PROD,,2018,,0.004,0.004,0.004,0.004,,,,,,,,,,,,,,,,,,,,,,,,,,,,,,,,,
BAU,0,,LEAD_PROD,,2019,,0.007,0.007,0.007,0.007,,,,,,,,,,,,,,,,,,,,,,,,,,,,,,,,,
BAU,0,,LEAD_PROD,,2020,,0.01,0.01,0.01,0.01,,,,,,,,,,,,,,,,,,,,,,,,,,,,,,,,,
BAU,0,,LEAD_PROD,,2021,,0.0087,0.0087,0.0087,0.0087,,,,,,,,,,,,,,,,,,,,,,,,,,,,,,,,,
BAU,0,,LEAD_PROD,,2022,,0.0066,0.0066,0.0066,0.0066,,,,,,,,,,,,,,,,,,,,,,,,,,,,,,,,,
BAU,0,,LEAD_PROD,,2023,,0.0067,0.0067,0.0067,0.0067,,,,,,,,,,,,,,,,,,,,,,,,,,,,,,,,,
BAU,0,,LEAD_PROD,,2024,,0.0069,0.0069,0.0069,0.0069,,,,,,,,,,,,,,,,,,,,,,,,,,,,,,,,,
BAU,0,,LEAD_PROD,,2025,,0.007,0.007,0.007,0.007,,,,,,,,,,,,,,,,,,,,,,,,,,,,,,,,,
BAU,0,,LEAD_PROD,,2026,,0.0072,0.0072,0.0072,0.0072,,,,,,,,,,,,,,,,,,,,,,,,,,,,,,,,,
BAU,0,,LEAD_PROD,,2027,,0.0073,0.0073,0.0073,0.0073,,,,,,,,,,,,,,,,,,,,,,,,,,,,,,,,,
BAU,0,,LEAD_PROD,,2028,,0.0075,0.0075,0.0075,0.0075,,,,,,,,,,,,,,,,,,,,,,,,,,,,,,,,,
BAU,0,,LEAD_PROD,,2029,,0.0077,0.0077,0.0077,0.0077,,,,,,,,,,,,,,,,,,,,,,,,,,,,,,,,,
BAU,0,,LEAD_PROD,,2030,,0.0078,0.0078,0.0078,0.0078,,,,,,,,,,,,,,,,,,,,,,,,,,,,,,,,,
BAU,0,,LEAD_PROD,,2031,,0.008,0.008,0.008,0.008,,,,,,,,,,,,,,,,,,,,,,,,,,,,,,,,,
BAU,0,,LEAD_PROD,,2032,,0.0082,0.0082,0.0082,0.0082,,,,,,,,,,,,,,,,,,,,,,,,,,,,,,,,,
BAU,0,,LEAD_PROD,,2033,,0.0083,0.0083,0.0083,0.0083,,,,,,,,,,,,,,,,,,,,,,,,,,,,,,,,,
BAU,0,,LEAD_PROD,,2034,,0.0085,0.0085,0.0085,0.0085,,,,,,,,,,,,,,,,,,,,,,,,,,,,,,,,,
BAU,0,,LEAD_PROD,,2035,,0.0087,0.0087,0.0087,0.0087,,,,,,,,,,,,,,,,,,,,,,,,,,,,,,,,,
BAU,0,,LUBRI,,2013,,0.0028,0.0028,0.0028,0.0028,,,,,,,,,,,,,,,,,,,,,,,,,,,,,,,,,
BAU,0,,LUBRI,,2014,,0.0054,0.0054,0.0054,0.0054,,,,,,,,,,,,,,,,,,,,,,,,,,,,,,,,,
BAU,0,,LUBRI,,2015,,0.0056,0.0056,0.0056,0.0056,,,,,,,,,,,,,,,,,,,,,,,,,,,,,,,,,
BAU,0,,LUBRI,,2016,,0.0057,0.0057,0.0057,0.0057,,,,,,,,,,,,,,,,,,,,,,,,,,,,,,,,,
BAU,0,,LUBRI,,2017,,0.0053,0.0053,0.0053,0.0053,,,,,,,,,,,,,,,,,,,,,,,,,,,,,,,,,
BAU,0,,LUBRI,,2018,,0.0049,0.0049,0.0049,0.0049,,,,,,,,,,,,,,,,,,,,,,,,,,,,,,,,,
BAU,0,,LUBRI,,2019,,0.0043,0.0043,0.0043,0.0043,,,,,,,,,,,,,,,,,,,,,,,,,,,,,,,,,
BAU,0,,LUBRI,,2020,,0.0037,0.0037,0.0037,0.0037,,,,,,,,,,,,,,,,,,,,,,,,,,,,,,,,,
BAU,0,,LUBRI,,2021,,0.0036,0.0036,0.0036,0.0036,,,,,,,,,,,,,,,,,,,,,,,,,,,,,,,,,
BAU,0,,LUBRI,,2022,,0.003,0.003,0.003,0.003,,,,,,,,,,,,,,,,,,,,,,,,,,,,,,,,,
BAU,0,,LUBRI,,2023,,0.0031,0.0031,0.0031,0.0031,,,,,,,,,,,,,,,,,,,,,,,,,,,,,,,,,
BAU,0,,LUBRI,,2024,,0.0031,0.0031,0.0031,0.0031,,,,,,,,,,,,,,,,,,,,,,,,,,,,,,,,,
BAU,0,,LUBRI,,2025,,0.0032,0.0032,0.0032,0.0032,,,,,,,,,,,,,,,,,,,,,,,,,,,,,,,,,
BAU,0,,LUBRI,,2026,,0.0033,0.0033,0.0033,0.0033,,,,,,,,,,,,,,,,,,,,,,,,,,,,,,,,,
BAU,0,,LUBRI,,2027,,0.0033,0.0033,0.0033,0.0033,,,,,,,,,,,,,,,,,,,,,,,,,,,,,,,,,
BAU,0,,LUBRI,,2028,,0.0034,0.0034,0.0034,0.0034,,,,,,,,,,,,,,,,,,,,,,,,,,,,,,,,,
BAU,0,,LUBRI,,2029,,0.0035,0.0035,0.0035,0.0035,,,,,,,,,,,,,,,,,,,,,,,,,,,,,,,,,
BAU,0,,LUBRI,,2030,,0.0036,0.0036,0.0036,0.0036,,,,,,,,,,,,,,,,,,,,,,,,,,,,,,,,,
BAU,0,,LUBRI,,2031,,0.0036,0.0036,0.0036,0.0036,,,,,,,,,,,,,,,,,,,,,,,,,,,,,,,,,
BAU,0,,LUBRI,,2032,,0.0037,0.0037,0.0037,0.0037,,,,,,,,,,,,,,,,,,,,,,,,,,,,,,,,,
BAU,0,,LUBRI,,2033,,0.0038,0.0038,0.0038,0.0038,,,,,,,,,,,,,,,,,,,,,,,,,,,,,,,,,
BAU,0,,LUBRI,,2034,,0.0039,0.0039,0.0039,0.0039,,,,,,,,,,,,,,,,,,,,,,,,,,,,,,,,,
BAU,0,,LUBRI,,2035,,0.0039,0.0039,0.0039,0.0039,,,,,,,,,,,,,,,,,,,,,,,,,,,,,,,,,
BAU,0,,T5LIME_PRODIPPU,,2010,,0.0665,0.0665,0.0665,0.0665,,,,,,,,,,,,,,,,,,,,,,,,,,,,,,,,,
BAU,0,,T5LIME_PRODIPPU,,2011,,0.0692,0.0692,0.0692,0.0692,,,,,,,,,,,,,,,,,,,,,,,,,,,,,,,,,
BAU,0,,T5LIME_PRODIPPU,,2012,,0.0719,0.0719,0.0719,0.0719,,,,,,,,,,,,,,,,,,,,,,,,,,,,,,,,,
BAU,0,,T5LIME_PRODIPPU,,2013,,0.0742,0.0742,0.0742,0.0742,,,,,,,,,,,,,,,,,,,,,,,,,,,,,,,,,
BAU,0,,T5LIME_PRODIPPU,,2014,,0.0766,0.0766,0.0766,0.0766,,,,,,,,,,,,,,,,,,,,,,,,,,,,,,,,,
BAU,0,,T5LIME_PRODIPPU,,2015,,0.0852,0.0852,0.0852,0.0852,,,,,,,,,,,,,,,,,,,,,,,,,,,,,,,,,
BAU,0,,T5LIME_PRODIPPU,,2016,,0.0938,0.0938,0.0938,0.0938,,,,,,,,,,,,,,,,,,,,,,,,,,,,,,,,,
BAU,0,,T5LIME_PRODIPPU,,2017,,0.1005,0.1005,0.1005,0.1005,,,,,,,,,,,,,,,,,,,,,,,,,,,,,,,,,
BAU,0,,T5LIME_PRODIPPU,,2018,,0.1071,0.1071,0.1071,0.1071,,,,,,,,,,,,,,,,,,,,,,,,,,,,,,,,,
BAU,0,,T5LIME_PRODIPPU,,2019,,0.1144,0.1144,0.1144,0.1144,,,,,,,,,,,,,,,,,,,,,,,,,,,,,,,,,
BAU,0,,T5LIME_PRODIPPU,,2020,,0.1216,0.1216,0.1216,0.1216,,,,,,,,,,,,,,,,,,,,,,,,,,,,,,,,,
BAU,0,,T5LIME_PRODIPPU,,2021,,0.2199,0.2199,0.2199,0.2199,,,,,,,,,,,,,,,,,,,,,,,,,,,,,,,,,
BAU,0,,T5LIME_PRODIPPU,,2022,,0.1791,0.1791,0.1791,0.1791,,,,,,,,,,,,,,,,,,,,,,,,,,,,,,,,,
BAU,0,,T5LIME_PRODIPPU,,2023,,0.1829,0.1829,0.1829,0.1829,,,,,,,,,,,,,,,,,,,,,,,,,,,,,,,,,
BAU,0,,T5LIME_PRODIPPU,,2024,,0.1868,0.1868,0.1868,0.1868,,,,,,,,,,,,,,,,,,,,,,,,,,,,,,,,,
BAU,0,,T5LIME_PRODIPPU,,2025,,0.1908,0.1908,0.1908,0.1908,,,,,,,,,,,,,,,,,,,,,,,,,,,,,,,,,
BAU,0,,T5LIME_PRODIPPU,,2026,,0.1949,0.1949,0.1949,0.1949,,,,,,,,,,,,,,,,,,,,,,,,,,,,,,,,,
BAU,0,,T5LIME_PRODIPPU,,2027,,0.1991,0.1991,0.1991,0.1991,,,,,,,,,,,,,,,,,,,,,,,,,,,,,,,,,
BAU,0,,T5LIME_PRODIPPU,,2028,,0.2034,0.2034,0.2034,0.2034,,,,,,,,,,,,,,,,,,,,,,,,,,,,,,,,,
BAU,0,,T5LIME_PRODIPPU,,2029,,0.2077,0.2077,0.2077,0.2077,,,,,,,,,,,,,,,,,,,,,,,,,,,,,,,,,
BAU,0,,T5LIME_PRODIPPU,,2030,,0.2121,0.2121,0.2121,0.2121,,,,,,,,,,,,,,,,,,,,,,,,,,,,,,,,,
BAU,0,,T5LIME_PRODIPPU,,2031,,0.2167,0.2167,0.2167,0.2167,,,,,,,,,,,,,,,,,,,,,,,,,,,,,,,,,
BAU,0,,T5LIME_PRODIPPU,,2032,,0.2213,0.2213,0.2213,0.2213,,,,,,,,,,,,,,,,,,,,,,,,,,,,,,,,,
BAU,0,,T5LIME_PRODIPPU,,2033,,0.226,0.226,0.226,0.226,,,,,,,,,,,,,,,,,,,,,,,,,,,,,,,,,
BAU,0,,T5LIME_PRODIPPU,,2034,,0.2309,0.2309,0.2309,0.2309,,,,,,,,,,,,,,,,,,,,,,,,,,,,,,,,,
BAU,0,,T5LIME_PRODIPPU,,2035,,0.2358,0.2358,0.2358,0.2358,,,,,,,,,,,,,,,,,,,,,,,,,,,,,,,,,
BAU,0,,T5GLASS_PRODIPPU,,2010,,0.0075,0.0075,0.0075,0.0075,,,,,,,,,,,,,,,,,,,,,,,,,,,,,,,,,
BAU,0,,T5GLASS_PRODIPPU,,2011,,0.0092,0.0092,0.0092,0.0092,,,,,,,,,,,,,,,,,,,,,,,,,,,,,,,,,
BAU,0,,T5GLASS_PRODIPPU,,2012,,0.0109,0.0109,0.0109,0.0109,,,,,,,,,,,,,,,,,,,,,,,,,,,,,,,,,
BAU,0,,T5GLASS_PRODIPPU,,2013,,0.0126,0.0126,0.0126,0.0126,,,,,,,,,,,,,,,,,,,,,,,,,,,,,,,,,
BAU,0,,T5GLASS_PRODIPPU,,2014,,0.0143,0.0143,0.0143,0.0143,,,,,,,,,,,,,,,,,,,,,,,,,,,,,,,,,
BAU,0,,T5GLASS_PRODIPPU,,2015,,0.0125,0.0125,0.0125,0.0125,,,,,,,,,,,,,,,,,,,,,,,,,,,,,,,,,
BAU,0,,T5GLASS_PRODIPPU,,2016,,0.0107,0.0107,0.0107,0.0107,,,,,,,,,,,,,,,,,,,,,,,,,,,,,,,,,
BAU,0,,T5GLASS_PRODIPPU,,2017,,0.0124,0.0124,0.0124,0.0124,,,,,,,,,,,,,,,,,,,,,,,,,,,,,,,,,
BAU,0,,T5GLASS_PRODIPPU,,2018,,0.0141,0.0141,0.0141,0.0141,,,,,,,,,,,,,,,,,,,,,,,,,,,,,,,,,
BAU,0,,T5GLASS_PRODIPPU,,2019,,0.0094,0.0094,0.0094,0.0094,,,,,,,,,,,,,,,,,,,,,,,,,,,,,,,,,
BAU,0,,T5GLASS_PRODIPPU,,2020,,0.0047,0.0047,0.0047,0.0047,,,,,,,,,,,,,,,,,,,,,,,,,,,,,,,,,
BAU,0,,T5GLASS_PRODIPPU,,2021,,0.0089,0.0089,0.0089,0.0089,,,,,,,,,,,,,,,,,,,,,,,,,,,,,,,,,
BAU,0,,T5GLASS_PRODIPPU,,2022,,0.0081,0.0081,0.0081,0.0081,,,,,,,,,,,,,,,,,,,,,,,,,,,,,,,,,
BAU,0,,T5GLASS_PRODIPPU,,2023,,0.0083,0.0083,0.0083,0.0083,,,,,,,,,,,,,,,,,,,,,,,,,,,,,,,,,
BAU,0,,T5GLASS_PRODIPPU,,2024,,0.0084,0.0084,0.0084,0.0084,,,,,,,,,,,,,,,,,,,,,,,,,,,,,,,,,
BAU,0,,T5GLASS_PRODIPPU,,2025,,0.0086,0.0086,0.0086,0.0086,,,,,,,,,,,,,,,,,,,,,,,,,,,,,,,,,
BAU,0,,T5GLASS_PRODIPPU,,2026,,0.0088,0.0088,0.0088,0.0088,,,,,,,,,,,,,,,,,,,,,,,,,,,,,,,,,
BAU,0,,T5GLASS_PRODIPPU,,2027,,0.009,0.009,0.009,0.009,,,,,,,,,,,,,,,,,,,,,,,,,,,,,,,,,
BAU,0,,T5GLASS_PRODIPPU,,2028,,0.0092,0.0092,0.0092,0.0092,,,,,,,,,,,,,,,,,,,,,,,,,,,,,,,,,
BAU,0,,T5GLASS_PRODIPPU,,2029,,0.0094,0.0094,0.0094,0.0094,,,,,,,,,,,,,,,,,,,,,,,,,,,,,,,,,
BAU,0,,T5GLASS_PRODIPPU,,2030,,0.0096,0.0096,0.0096,0.0096,,,,,,,,,,,,,,,,,,,,,,,,,,,,,,,,,
BAU,0,,T5GLASS_PRODIPPU,,2031,,0.0098,0.0098,0.0098,0.0098,,,,,,,,,,,,,,,,,,,,,,,,,,,,,,,,,
BAU,0,,T5GLASS_PRODIPPU,,2032,,0.01,0.01,0.01,0.01,,,,,,,,,,,,,,,,,,,,,,,,,,,,,,,,,
BAU,0,,T5GLASS_PRODIPPU,,2033,,0.0102,0.0102,0.0102,0.0102,,,,,,,,,,,,,,,,,,,,,,,,,,,,,,,,,
BAU,0,,T5GLASS_PRODIPPU,,2034,,0.0104,0.0104,0.0104,0.0104,,,,,,,,,,,,,,,,,,,,,,,,,,,,,,,,,
BAU,0,,T5GLASS_PRODIPPU,,2035,,0.0107,0.0107,0.0107,0.0107,,,,,,,,,,,,,,,,,,,,,,,,,,,,,,,,,
BAU,0,,T5CERAMICSIPPU,,2010,,0.3181,0.3181,0.3181,0.3181,,,,,,,,,,,,,,,,,,,,,,,,,,,,,,,,,
BAU,0,,T5CERAMICSIPPU,,2011,,0.4096,0.4096,0.4096,0.4096,,,,,,,,,,,,,,,,,,,,,,,,,,,,,,,,,
BAU,0,,T5CERAMICSIPPU,,2012,,0.5012,0.5012,0.5012,0.5012,,,,,,,,,,,,,,,,,,,,,,,,,,,,,,,,,
BAU,0,,T5CERAMICSIPPU,,2013,,0.4401,0.4401,0.4401,0.4401,,,,,,,,,,,,,,,,,,,,,,,,,,,,,,,,,
BAU,0,,T5CERAMICSIPPU,,2014,,0.3789,0.3789,0.3789,0.3789,,,,,,,,,,,,,,,,,,,,,,,,,,,,,,,,,
BAU,0,,T5CERAMICSIPPU,,2015,,0.383,0.383,0.383,0.383,,,,,,,,,,,,,,,,,,,,,,,,,,,,,,,,,
BAU,0,,T5CERAMICSIPPU,,2016,,0.3872,0.3872,0.3872,0.3872,,,,,,,,,,,,,,,,,,,,,,,,,,,,,,,,,
BAU,0,,T5CERAMICSIPPU,,2017,,0.296,0.296,0.296,0.296,,,,,,,,,,,,,,,,,,,,,,,,,,,,,,,,,
BAU,0,,T5CERAMICSIPPU,,2018,,0.2049,0.2049,0.2049,0.2049,,,,,,,,,,,,,,,,,,,,,,,,,,,,,,,,,
BAU,0,,T5CERAMICSIPPU,,2019,,0.1522,0.1522,0.1522,0.1522,,,,,,,,,,,,,,,,,,,,,,,,,,,,,,,,,
BAU,0,,T5CERAMICSIPPU,,2020,,0.0995,0.0995,0.0995,0.0995,,,,,,,,,,,,,,,,,,,,,,,,,,,,,,,,,
BAU,0,,T5CERAMICSIPPU,,2021,,0.0446,0.0446,0.0446,0.0446,,,,,,,,,,,,,,,,,,,,,,,,,,,,,,,,,
BAU,0,,T5CERAMICSIPPU,,2022,,0.2117,0.2117,0.2117,0.2117,,,,,,,,,,,,,,,,,,,,,,,,,,,,,,,,,
BAU,0,,T5CERAMICSIPPU,,2023,,0.2162,0.2162,0.2162,0.2162,,,,,,,,,,,,,,,,,,,,,,,,,,,,,,,,,
BAU,0,,T5CERAMICSIPPU,,2024,,0.2208,0.2208,0.2208,0.2208,,,,,,,,,,,,,,,,,,,,,,,,,,,,,,,,,
BAU,0,,T5CERAMICSIPPU,,2025,,0.2256,0.2256,0.2256,0.2256,,,,,,,,,,,,,,,,,,,,,,,,,,,,,,,,,
BAU,0,,T5CERAMICSIPPU,,2026,,0.2304,0.2304,0.2304,0.2304,,,,,,,,,,,,,,,,,,,,,,,,,,,,,,,,,
BAU,0,,T5CERAMICSIPPU,,2027,,0.2353,0.2353,0.2353,0.2353,,,,,,,,,,,,,,,,,,,,,,,,,,,,,,,,,
BAU,0,,T5CERAMICSIPPU,,2028,,0.2404,0.2404,0.2404,0.2404,,,,,,,,,,,,,,,,,,,,,,,,,,,,,,,,,
BAU,0,,T5CERAMICSIPPU,,2029,,0.2455,0.2455,0.2455,0.2455,,,,,,,,,,,,,,,,,,,,,,,,,,,,,,,,,
BAU,0,,T5CERAMICSIPPU,,2030,,0.2507,0.2507,0.2507,0.2507,,,,,,,,,,,,,,,,,,,,,,,,,,,,,,,,,
BAU,0,,T5CERAMICSIPPU,,2031,,0.2561,0.2561,0.2561,0.2561,,,,,,,,,,,,,,,,,,,,,,,,,,,,,,,,,
BAU,0,,T5CERAMICSIPPU,,2032,,0.2616,0.2616,0.2616,0.2616,,,,,,,,,,,,,,,,,,,,,,,,,,,,,,,,,
BAU,0,,T5CERAMICSIPPU,,2033,,0.2672,0.2672,0.2672,0.2672,,,,,,,,,,,,,,,,,,,,,,,,,,,,,,,,,
BAU,0,,T5CERAMICSIPPU,,2034,,0.2729,0.2729,0.2729,0.2729,,,,,,,,,,,,,,,,,,,,,,,,,,,,,,,,,
BAU,0,,T5CERAMICSIPPU,,2035,,0.2787,0.2787,0.2787,0.2787,,,,,,,,,,,,,,,,,,,,,,,,,,,,,,,,,
BAU,0,,T5SODA_ASHIPPU,,2012,,0.0018,0.0018,0.0018,0.0018,,,,,,,,,,,,,,,,,,,,,,,,,,,,,,,,,
BAU,0,,T5SODA_ASHIPPU,,2013,,0.0018,0.0018,0.0018,0.0018,,,,,,,,,,,,,,,,,,,,,,,,,,,,,,,,,
BAU,0,,T5SODA_ASHIPPU,,2014,,0.0018,0.0018,0.0018,0.0018,,,,,,,,,,,,,,,,,,,,,,,,,,,,,,,,,
BAU,0,,T5SODA_ASHIPPU,,2017,,0.0015,0.0015,0.0015,0.0015,,,,,,,,,,,,,,,,,,,,,,,,,,,,,,,,,
BAU,0,,T5SODA_ASHIPPU,,2018,,0.0031,0.0031,0.0031,0.0031,,,,,,,,,,,,,,,,,,,,,,,,,,,,,,,,,
BAU,0,,T5SODA_ASHIPPU,,2019,,0.0058,0.0058,0.0058,0.0058,,,,,,,,,,,,,,,,,,,,,,,,,,,,,,,,,
BAU,0,,T5SODA_ASHIPPU,,2020,,0.0085,0.0085,0.0085,0.0085,,,,,,,,,,,,,,,,,,,,,,,,,,,,,,,,,
BAU,0,,T5SODA_ASHIPPU,,2021,,0.0012,0.0012,0.0012,0.0012,,,,,,,,,,,,,,,,,,,,,,,,,,,,,,,,,
BAU,0,,T5SODA_ASHIPPU,,2022,,0.0017,0.0017,0.0017,0.0017,,,,,,,,,,,,,,,,,,,,,,,,,,,,,,,,,
BAU,0,,T5SODA_ASHIPPU,,2023,,0.0017,0.0017,0.0017,0.0017,,,,,,,,,,,,,,,,,,,,,,,,,,,,,,,,,
BAU,0,,T5SODA_ASHIPPU,,2024,,0.0018,0.0018,0.0018,0.0018,,,,,,,,,,,,,,,,,,,,,,,,,,,,,,,,,
BAU,0,,T5SODA_ASHIPPU,,2025,,0.0018,0.0018,0.0018,0.0018,,,,,,,,,,,,,,,,,,,,,,,,,,,,,,,,,
BAU,0,,T5SODA_ASHIPPU,,2026,,0.0019,0.0019,0.0019,0.0019,,,,,,,,,,,,,,,,,,,,,,,,,,,,,,,,,
BAU,0,,T5SODA_ASHIPPU,,2027,,0.0019,0.0019,0.0019,0.0019,,,,,,,,,,,,,,,,,,,,,,,,,,,,,,,,,
BAU,0,,T5SODA_ASHIPPU,,2028,,0.0019,0.0019,0.0019,0.0019,,,,,,,,,,,,,,,,,,,,,,,,,,,,,,,,,
BAU,0,,T5SODA_ASHIPPU,,2029,,0.002,0.002,0.002,0.002,,,,,,,,,,,,,,,,,,,,,,,,,,,,,,,,,
BAU,0,,T5SODA_ASHIPPU,,2030,,0.002,0.002,0.002,0.002,,,,,,,,,,,,,,,,,,,,,,,,,,,,,,,,,
BAU,0,,T5SODA_ASHIPPU,,2031,,0.0021,0.0021,0.0021,0.0021,,,,,,,,,,,,,,,,,,,,,,,,,,,,,,,,,
BAU,0,,T5SODA_ASHIPPU,,2032,,0.0021,0.0021,0.0021,0.0021,,,,,,,,,,,,,,,,,,,,,,,,,,,,,,,,,
BAU,0,,T5SODA_ASHIPPU,,2033,,0.0021,0.0021,0.0021,0.0021,,,,,,,,,,,,,,,,,,,,,,,,,,,,,,,,,
BAU,0,,T5SODA_ASHIPPU,,2034,,0.0022,0.0022,0.0022,0.0022,,,,,,,,,,,,,,,,,,,,,,,,,,,,,,,,,
BAU,0,,T5SODA_ASHIPPU,,2035,,0.0022,0.0022,0.0022,0.0022,,,,,,,,,,,,,,,,,,,,,,,,,,,,,,,,,
BAU,0,,T5IRON_STEELIPPU,,2010,,0.0298,0.0298,0.0298,0.0298,,,,,,,,,,,,,,,,,,,,,,,,,,,,,,,,,
BAU,0,,T5IRON_STEELIPPU,,2011,,0.0317,0.0317,0.0317,0.0317,,,,,,,,,,,,,,,,,,,,,,,,,,,,,,,,,
BAU,0,,T5IRON_STEELIPPU,,2012,,0.0336,0.0336,0.0336,0.0336,,,,,,,,,,,,,,,,,,,,,,,,,,,,,,,,,
BAU,0,,T5IRON_STEELIPPU,,2013,,0.0357,0.0357,0.0357,0.0357,,,,,,,,,,,,,,,,,,,,,,,,,,,,,,,,,
BAU,0,,T5IRON_STEELIPPU,,2014,,0.0378,0.0378,0.0378,0.0378,,,,,,,,,,,,,,,,,,,,,,,,,,,,,,,,,
BAU,0,,T5IRON_STEELIPPU,,2015,,0.0404,0.0404,0.0404,0.0404,,,,,,,,,,,,,,,,,,,,,,,,,,,,,,,,,
BAU,0,,T5IRON_STEELIPPU,,2016,,0.0429,0.0429,0.0429,0.0429,,,,,,,,,,,,,,,,,,,,,,,,,,,,,,,,,
BAU,0,,T5IRON_STEELIPPU,,2017,,0.0496,0.0496,0.0496,0.0496,,,,,,,,,,,,,,,,,,,,,,,,,,,,,,,,,
BAU,0,,T5IRON_STEELIPPU,,2018,,0.0564,0.0564,0.0564,0.0564,,,,,,,,,,,,,,,,,,,,,,,,,,,,,,,,,
BAU,0,,T5IRON_STEELIPPU,,2019,,0.0459,0.0459,0.0459,0.0459,,,,,,,,,,,,,,,,,,,,,,,,,,,,,,,,,
BAU,0,,T5IRON_STEELIPPU,,2020,,0.0354,0.0354,0.0354,0.0354,,,,,,,,,,,,,,,,,,,,,,,,,,,,,,,,,
BAU,0,,T5IRON_STEELIPPU,,2021,,0.0779,0.0779,0.0779,0.0779,,,,,,,,,,,,,,,,,,,,,,,,,,,,,,,,,
BAU,0,,T5IRON_STEELIPPU,,2022,,0.0801,0.0801,0.0801,0.0801,,,,,,,,,,,,,,,,,,,,,,,,,,,,,,,,,
BAU,0,,T5IRON_STEELIPPU,,2023,,0.0818,0.0818,0.0818,0.0818,,,,,,,,,,,,,,,,,,,,,,,,,,,,,,,,,
BAU,0,,T5IRON_STEELIPPU,,2024,,0.0836,0.0836,0.0836,0.0836,,,,,,,,,,,,,,,,,,,,,,,,,,,,,,,,,
BAU,0,,T5IRON_STEELIPPU,,2025,,0.0853,0.0853,0.0853,0.0853,,,,,,,,,,,,,,,,,,,,,,,,,,,,,,,,,
BAU,0,,T5IRON_STEELIPPU,,2026,,0.0872,0.0872,0.0872,0.0872,,,,,,,,,,,,,,,,,,,,,,,,,,,,,,,,,
BAU,0,,T5IRON_STEELIPPU,,2027,,0.089,0.089,0.089,0.089,,,,,,,,,,,,,,,,,,,,,,,,,,,,,,,,,
BAU,0,,T5IRON_STEELIPPU,,2028,,0.0909,0.0909,0.0909,0.0909,,,,,,,,,,,,,,,,,,,,,,,,,,,,,,,,,
BAU,0,,T5IRON_STEELIPPU,,2029,,0.0929,0.0929,0.0929,0.0929,,,,,,,,,,,,,,,,,,,,,,,,,,,,,,,,,
BAU,0,,T5IRON_STEELIPPU,,2030,,0.0949,0.0949,0.0949,0.0949,,,,,,,,,,,,,,,,,,,,,,,,,,,,,,,,,
BAU,0,,T5IRON_STEELIPPU,,2031,,0.0969,0.0969,0.0969,0.0969,,,,,,,,,,,,,,,,,,,,,,,,,,,,,,,,,
BAU,0,,T5IRON_STEELIPPU,,2032,,0.099,0.099,0.099,0.099,,,,,,,,,,,,,,,,,,,,,,,,,,,,,,,,,
BAU,0,,T5IRON_STEELIPPU,,2033,,0.1011,0.1011,0.1011,0.1011,,,,,,,,,,,,,,,,,,,,,,,,,,,,,,,,,
BAU,0,,T5IRON_STEELIPPU,,2034,,0.1032,0.1032,0.1032,0.1032,,,,,,,,,,,,,,,,,,,,,,,,,,,,,,,,,
BAU,0,,T5IRON_STEELIPPU,,2035,,0.1055,0.1055,0.1055,0.1055,,,,,,,,,,,,,,,,,,,,,,,,,,,,,,,,,
BAU,0,,T5LEAD_PRODIPPU,,2010,,0.0013,0.0013,0.0013,0.0013,,,,,,,,,,,,,,,,,,,,,,,,,,,,,,,,,
BAU,0,,T5LEAD_PRODIPPU,,2011,,0.0016,0.0016,0.0016,0.0016,,,,,,,,,,,,,,,,,,,,,,,,,,,,,,,,,
BAU,0,,T5LEAD_PRODIPPU,,2012,,0.0019,0.0019,0.0019,0.0019,,,,,,,,,,,,,,,,,,,,,,,,,,,,,,,,,
BAU,0,,T5LEAD_PRODIPPU,,2013,,0.0023,0.0023,0.0023,0.0023,,,,,,,,,,,,,,,,,,,,,,,,,,,,,,,,,
BAU,0,,T5LEAD_PRODIPPU,,2014,,0.0027,0.0027,0.0027,0.0027,,,,,,,,,,,,,,,,,,,,,,,,,,,,,,,,,
BAU,0,,T5LEAD_PRODIPPU,,2015,,0.0029,0.0029,0.0029,0.0029,,,,,,,,,,,,,,,,,,,,,,,,,,,,,,,,,
BAU,0,,T5LEAD_PRODIPPU,,2016,,0.003,0.003,0.003,0.003,,,,,,,,,,,,,,,,,,,,,,,,,,,,,,,,,
BAU,0,,T5LEAD_PRODIPPU,,2017,,0.0035,0.0035,0.0035,0.0035,,,,,,,,,,,,,,,,,,,,,,,,,,,,,,,,,
BAU,0,,T5LEAD_PRODIPPU,,2018,,0.004,0.004,0.004,0.004,,,,,,,,,,,,,,,,,,,,,,,,,,,,,,,,,
BAU,0,,T5LEAD_PRODIPPU,,2019,,0.007,0.007,0.007,0.007,,,,,,,,,,,,,,,,,,,,,,,,,,,,,,,,,
BAU,0,,T5LEAD_PRODIPPU,,2020,,0.01,0.01,0.01,0.01,,,,,,,,,,,,,,,,,,,,,,,,,,,,,,,,,
BAU,0,,T5LEAD_PRODIPPU,,2021,,0.0087,0.0087,0.0087,0.0087,,,,,,,,,,,,,,,,,,,,,,,,,,,,,,,,,
BAU,0,,T5LEAD_PRODIPPU,,2022,,0.0066,0.0066,0.0066,0.0066,,,,,,,,,,,,,,,,,,,,,,,,,,,,,,,,,
BAU,0,,T5LEAD_PRODIPPU,,2023,,0.0067,0.0067,0.0067,0.0067,,,,,,,,,,,,,,,,,,,,,,,,,,,,,,,,,
BAU,0,,T5LEAD_PRODIPPU,,2024,,0.0069,0.0069,0.0069,0.0069,,,,,,,,,,,,,,,,,,,,,,,,,,,,,,,,,
BAU,0,,T5LEAD_PRODIPPU,,2025,,0.007,0.007,0.007,0.007,,,,,,,,,,,,,,,,,,,,,,,,,,,,,,,,,
BAU,0,,T5LEAD_PRODIPPU,,2026,,0.0072,0.0072,0.0072,0.0072,,,,,,,,,,,,,,,,,,,,,,,,,,,,,,,,,
BAU,0,,T5LEAD_PRODIPPU,,2027,,0.0073,0.0073,0.0073,0.0073,,,,,,,,,,,,,,,,,,,,,,,,,,,,,,,,,
BAU,0,,T5LEAD_PRODIPPU,,2028,,0.0075,0.0075,0.0075,0.0075,,,,,,,,,,,,,,,,,,,,,,,,,,,,,,,,,
BAU,0,,T5LEAD_PRODIPPU,,2029,,0.0077,0.0077,0.0077,0.0077,,,,,,,,,,,,,,,,,,,,,,,,,,,,,,,,,
BAU,0,,T5LEAD_PRODIPPU,,2030,,0.0078,0.0078,0.0078,0.0078,,,,,,,,,,,,,,,,,,,,,,,,,,,,,,,,,
BAU,0,,T5LEAD_PRODIPPU,,2031,,0.008,0.008,0.008,0.008,,,,,,,,,,,,,,,,,,,,,,,,,,,,,,,,,
BAU,0,,T5LEAD_PRODIPPU,,2032,,0.0082,0.0082,0.0082,0.0082,,,,,,,,,,,,,,,,,,,,,,,,,,,,,,,,,
BAU,0,,T5LEAD_PRODIPPU,,2033,,0.0083,0.0083,0.0083,0.0083,,,,,,,,,,,,,,,,,,,,,,,,,,,,,,,,,
BAU,0,,T5LEAD_PRODIPPU,,2034,,0.0085,0.0085,0.0085,0.0085,,,,,,,,,,,,,,,,,,,,,,,,,,,,,,,,,
BAU,0,,T5LEAD_PRODIPPU,,2035,,0.0087,0.0087,0.0087,0.0087,,,,,,,,,,,,,,,,,,,,,,,,,,,,,,,,,
BAU,0,,T5LUBRIIPPU,,2013,,0.0028,0.0028,0.0028,0.0028,,,,,,,,,,,,,,,,,,,,,,,,,,,,,,,,,
BAU,0,,T5LUBRIIPPU,,2014,,0.0054,0.0054,0.0054,0.0054,,,,,,,,,,,,,,,,,,,,,,,,,,,,,,,,,
BAU,0,,T5LUBRIIPPU,,2015,,0.0056,0.0056,0.0056,0.0056,,,,,,,,,,,,,,,,,,,,,,,,,,,,,,,,,
BAU,0,,T5LUBRIIPPU,,2016,,0.0057,0.0057,0.0057,0.0057,,,,,,,,,,,,,,,,,,,,,,,,,,,,,,,,,
BAU,0,,T5LUBRIIPPU,,2017,,0.0053,0.0053,0.0053,0.0053,,,,,,,,,,,,,,,,,,,,,,,,,,,,,,,,,
BAU,0,,T5LUBRIIPPU,,2018,,0.0049,0.0049,0.0049,0.0049,,,,,,,,,,,,,,,,,,,,,,,,,,,,,,,,,
BAU,0,,T5LUBRIIPPU,,2019,,0.0043,0.0043,0.0043,0.0043,,,,,,,,,,,,,,,,,,,,,,,,,,,,,,,,,
BAU,0,,T5LUBRIIPPU,,2020,,0.0037,0.0037,0.0037,0.0037,,,,,,,,,,,,,,,,,,,,,,,,,,,,,,,,,
BAU,0,,T5LUBRIIPPU,,2021,,0.0036,0.0036,0.0036,0.0036,,,,,,,,,,,,,,,,,,,,,,,,,,,,,,,,,
BAU,0,,T5LUBRIIPPU,,2022,,0.003,0.003,0.003,0.003,,,,,,,,,,,,,,,,,,,,,,,,,,,,,,,,,
BAU,0,,T5LUBRIIPPU,,2023,,0.0031,0.0031,0.0031,0.0031,,,,,,,,,,,,,,,,,,,,,,,,,,,,,,,,,
BAU,0,,T5LUBRIIPPU,,2024,,0.0031,0.0031,0.0031,0.0031,,,,,,,,,,,,,,,,,,,,,,,,,,,,,,,,,
BAU,0,,T5LUBRIIPPU,,2025,,0.0032,0.0032,0.0032,0.0032,,,,,,,,,,,,,,,,,,,,,,,,,,,,,,,,,
BAU,0,,T5LUBRIIPPU,,2026,,0.0033,0.0033,0.0033,0.0033,,,,,,,,,,,,,,,,,,,,,,,,,,,,,,,,,
BAU,0,,T5LUBRIIPPU,,2027,,0.0033,0.0033,0.0033,0.0033,,,,,,,,,,,,,,,,,,,,,,,,,,,,,,,,,
BAU,0,,T5LUBRIIPPU,,2028,,0.0034,0.0034,0.0034,0.0034,,,,,,,,,,,,,,,,,,,,,,,,,,,,,,,,,
BAU,0,,T5LUBRIIPPU,,2029,,0.0035,0.0035,0.0035,0.0035,,,,,,,,,,,,,,,,,,,,,,,,,,,,,,,,,
BAU,0,,T5LUBRIIPPU,,2030,,0.0036,0.0036,0.0036,0.0036,,,,,,,,,,,,,,,,,,,,,,,,,,,,,,,,,
BAU,0,,T5LUBRIIPPU,,2031,,0.0036,0.0036,0.0036,0.0036,,,,,,,,,,,,,,,,,,,,,,,,,,,,,,,,,
BAU,0,,T5LUBRIIPPU,,2032,,0.0037,0.0037,0.0037,0.0037,,,,,,,,,,,,,,,,,,,,,,,,,,,,,,,,,
BAU,0,,T5LUBRIIPPU,,2033,,0.0038,0.0038,0.0038,0.0038,,,,,,,,,,,,,,,,,,,,,,,,,,,,,,,,,
BAU,0,,T5LUBRIIPPU,,2034,,0.0039,0.0039,0.0039,0.0039,,,,,,,,,,,,,,,,,,,,,,,,,,,,,,,,,
BAU,0,,T5LUBRIIPPU,,2035,,0.0039,0.0039,0.0039,0.0039,,,,,,,,,,,,,,,,,,,,,,,,,,,,,,,,,
BAU,0,,,CO2e_HFC,2010,,,,,,,,,,,,,,,,,,,,,,0.214578,,,,,,,,,,,,,,,,
BAU,0,,,CO2e_HFC,2011,,,,,,,,,,,,,,,,,,,,,,0.239149,,,,,,,,,,,,,,,,
BAU,0,,,CO2e_HFC,2012,,,,,,,,,,,,,,,,,,,,,,0.288812,,,,,,,,,,,,,,,,
BAU,0,,,CO2e_HFC,2013,,,,,,,,,,,,,,,,,,,,,,0.32736,,,,,,,,,,,,,,,,
BAU,0,,,CO2e_HFC,2014,,,,,,,,,,,,,,,,,,,,,,0.373438,,,,,,,,,,,,,,,,
BAU,0,,,CO2e_HFC,2015,,,,,,,,,,,,,,,,,,,,,,0.431399,,,,,,,,,,,,,,,,
BAU,0,,,CO2e_HFC,2016,,,,,,,,,,,,,,,,,,,,,,0.464977,,,,,,,,,,,,,,,,
BAU,0,,,CO2e_HFC,2017,,,,,,,,,,,,,,,,,,,,,,0.491603,,,,,,,,,,,,,,,,
BAU,0,,,CO2e_HFC,2018,,,,,,,,,,,,,,,,,,,,,,0.514624,,,,,,,,,,,,,,,,
BAU,0,,,CO2e_HFC,2019,,,,,,,,,,,,,,,,,,,,,,0.93585,,,,,,,,,,,,,,,,
BAU,0,,,CO2e_HFC,2020,,,,,,,,,,,,,,,,,,,,,,1.19958,,,,,,,,,,,,,,,,
BAU,0,,,CO2e_HFC,2021,,,,,,,,,,,,,,,,,,,,,,1.32257,,,,,,,,,,,,,,,,
BAU,0,,,CO2e_HFC,2022,,,,,,,,,,,,,,,,,,,,,,1.95047,,,,,,,,,,,,,,,,
BAU,0,,,CO2e_HFC,2023,,,,,,,,,,,,,,,,,,,,,,2.37544,,,,,,,,,,,,,,,,
BAU,0,,,CO2e_HFC,2024,,,,,,,,,,,,,,,,,,,,,,2.79998,,,,,,,,,,,,,,,,
BAU,0,,,CO2e_HFC,2025,,,,,,,,,,,,,,,,,,,,,,3.23738,,,,,,,,,,,,,,,,
BAU,0,,,CO2e_HFC,2026,,,,,,,,,,,,,,,,,,,,,,3.66319,,,,,,,,,,,,,,,,
BAU,0,,,CO2e_HFC,2027,,,,,,,,,,,,,,,,,,,,,,4.08937,,,,,,,,,,,,,,,,
BAU,0,,,CO2e_HFC,2028,,,,,,,,,,,,,,,,,,,,,,4.51561,,,,,,,,,,,,,,,,
BAU,0,,,CO2e_HFC,2029,,,,,,,,,,,,,,,,,,,,,,4.94311,,,,,,,,,,,,,,,,
BAU,0,,,CO2e_HFC,2030,,,,,,,,,,,,,,,,,,,,,,5.36867,,,,,,,,,,,,,,,,
BAU,0,,,CO2e_HFC,2031,,,,,,,,,,,,,,,,,,,,,,5.38046,,,,,,,,,,,,,,,,
BAU,0,,,CO2e_HFC,2032,,,,,,,,,,,,,,,,,,,,,,5.39125,,,,,,,,,,,,,,,,
BAU,0,,,CO2e_HFC,2033,,,,,,,,,,,,,,,,,,,,,,5.40284,,,,,,,,,,,,,,,,
BAU,0,,,CO2e_HFC,2034,,,,,,,,,,,,,,,,,,,,,,5.41396,,,,,,,,,,,,,,,,
BAU,0,,,CO2e_HFC,2035,,,,,,,,,,,,,,,,,,,,,,5.42561,,,,,,,,,,,,,,,,
BAU,0,,,CO2e_IPPU,2010,,,,,,,,,,,,,,,,,,,,,,0.4232,,,,,,,,,,,,,,,,
BAU,0,,,CO2e_IPPU,2011,,,,,,,,,,,,,,,,,,,,,,0.5213,,,,,,,,,,,,,,,,
BAU,0,,,CO2e_IPPU,2012,,,,,,,,,,,,,,,,,,,,,,0.6213,,,,,,,,,,,,,,,,
BAU,0,,,CO2e_IPPU,2013,,,,,,,,,,,,,,,,,,,,,,0.5695,,,,,,,,,,,,,,,,
BAU,0,,,CO2e_IPPU,2014,,,,,,,,,,,,,,,,,,,,,,0.5175,,,,,,,,,,,,,,,,
BAU,0,,,CO2e_IPPU,2015,,,,,,,,,,,,,,,,,,,,,,0.5296,,,,,,,,,,,,,,,,
BAU,0,,,CO2e_IPPU,2016,,,,,,,,,,,,,,,,,,,,,,0.5433,,,,,,,,,,,,,,,,
BAU,0,,,CO2e_IPPU,2017,,,,,,,,,,,,,,,,,,,,,,0.4688,,,,,,,,,,,,,,,,
BAU,0,,,CO2e_IPPU,2018,,,,,,,,,,,,,,,,,,,,,,0.3945,,,,,,,,,,,,,,,,
BAU,0,,,CO2e_IPPU,2019,,,,,,,,,,,,,,,,,,,,,,0.339,,,,,,,,,,,,,,,,
BAU,0,,,CO2e_IPPU,2020,,,,,,,,,,,,,,,,,,,,,,0.2834,,,,,,,,,,,,,,,,
BAU,0,,,CO2e_IPPU,2021,,,,,,,,,,,,,,,,,,,,,,0.3648,,,,,,,,,,,,,,,,
BAU,0,,,CO2e_IPPU,2022,,,,,,,,,,,,,,,,,,,,,,0.4903,,,,,,,,,,,,,,,,
BAU,0,,,CO2e_IPPU,2023,,,,,,,,,,,,,,,,,,,,,,0.5007,,,,,,,,,,,,,,,,
BAU,0,,,CO2e_IPPU,2024,,,,,,,,,,,,,,,,,,,,,,0.5114,,,,,,,,,,,,,,,,
BAU,0,,,CO2e_IPPU,2025,,,,,,,,,,,,,,,,,,,,,,0.5223,,,,,,,,,,,,,,,,
BAU,0,,,CO2e_IPPU,2026,,,,,,,,,,,,,,,,,,,,,,0.5337,,,,,,,,,,,,,,,,
BAU,0,,,CO2e_IPPU,2027,,,,,,,,,,,,,,,,,,,,,,0.5449,,,,,,,,,,,,,,,,
BAU,0,,,CO2e_IPPU,2028,,,,,,,,,,,,,,,,,,,,,,0.5567,,,,,,,,,,,,,,,,
BAU,0,,,CO2e_IPPU,2029,,,,,,,,,,,,,,,,,,,,,,0.5687,,,,,,,,,,,,,,,,
BAU,0,,,CO2e_IPPU,2030,,,,,,,,,,,,,,,,,,,,,,0.5807,,,,,,,,,,,,,,,,
BAU,0,,,CO2e_IPPU,2031,,,,,,,,,,,,,,,,,,,,,,0.5932,,,,,,,,,,,,,,,,
BAU,0,,,CO2e_IPPU,2032,,,,,,,,,,,,,,,,,,,,,,0.6059,,,,,,,,,,,,,,,,
BAU,0,,,CO2e_IPPU,2033,,,,,,,,,,,,,,,,,,,,,,0.6187,,,,,,,,,,,,,,,,
BAU,0,,,CO2e_IPPU,2034,,,,,,,,,,,,,,,,,,,,,,0.632,,,,,,,,,,,,,,,,
BAU,0,,,CO2e_IPPU,2035,,,,,,,,,,,,,,,,,,,,,,0.6455,,,,,,,,,,,,,,,,
BAU,0,,,CO2e_CEM,2010,,,,,,,,,,,,,,,,,,,,,,1.78201,,,,,,,,,,,,,,,,
BAU,0,,,CO2e_CEM,2011,,,,,,,,,,,,,,,,,,,,,,1.78467,,,,,,,,,,,,,,,,
BAU,0,,,CO2e_CEM,2012,,,,,,,,,,,,,,,,,,,,,,1.78767,,,,,,,,,,,,,,,,
BAU,0,,,CO2e_CEM,2013,,,,,,,,,,,,,,,,,,,,,,1.83614,,,,,,,,,,,,,,,,
BAU,0,,,CO2e_CEM,2014,,,,,,,,,,,,,,,,,,,,,,1.88498,,,,,,,,,,,,,,,,
BAU,0,,,CO2e_CEM,2015,,,,,,,,,,,,,,,,,,,,,,1.81789,,,,,,,,,,,,,,,,
BAU,0,,,CO2e_CEM,2016,,,,,,,,,,,,,,,,,,,,,,1.75087,,,,,,,,,,,,,,,,
BAU,0,,,CO2e_CEM,2017,,,,,,,,,,,,,,,,,,,,,,1.92606,,,,,,,,,,,,,,,,
BAU,0,,,CO2e_CEM,2018,,,,,,,,,,,,,,,,,,,,,,2.10093,,,,,,,,,,,,,,,,
BAU,0,,,CO2e_CEM,2019,,,,,,,,,,,,,,,,,,,,,,1.79607,,,,,,,,,,,,,,,,
BAU,0,,,CO2e_CEM,2020,,,,,,,,,,,,,,,,,,,,,,1.49131,,,,,,,,,,,,,,,,
BAU,0,,,CO2e_CEM,2021,,,,,,,,,,,,,,,,,,,,,,2.14426,,,,,,,,,,,,,,,,
BAU,0,,,CO2e_CEM,2022,,,,,,,,,,,,,,,,,,,,,,2.01321,,,,,,,,,,,,,,,,
BAU,0,,,CO2e_CEM,2023,,,,,,,,,,,,,,,,,,,,,,2.12579,,,,,,,,,,,,,,,,
BAU,0,,,CO2e_CEM,2024,,,,,,,,,,,,,,,,,,,,,,2.2368,,,,,,,,,,,,,,,,
BAU,0,,,CO2e_CEM,2025,,,,,,,,,,,,,,,,,,,,,,2.34657,,,,,,,,,,,,,,,,
BAU,0,,,CO2e_CEM,2026,,,,,,,,,,,,,,,,,,,,,,2.43925,,,,,,,,,,,,,,,,
BAU,0,,,CO2e_CEM,2027,,,,,,,,,,,,,,,,,,,,,,2.53065,,,,,,,,,,,,,,,,
BAU,0,,,CO2e_CEM,2028,,,,,,,,,,,,,,,,,,,,,,2.62079,,,,,,,,,,,,,,,,
BAU,0,,,CO2e_CEM,2029,,,,,,,,,,,,,,,,,,,,,,2.70925,,,,,,,,,,,,,,,,
BAU,0,,,CO2e_CEM,2030,,,,,,,,,,,,,,,,,,,,,,2.79625,,,,,,,,,,,,,,,,
BAU,0,,,CO2e_CEM,2031,,,,,,,,,,,,,,,,,,,,,,2.90316,,,,,,,,,,,,,,,,
BAU,0,,,CO2e_CEM,2032,,,,,,,,,,,,,,,,,,,,,,3.0097,,,,,,,,,,,,,,,,
BAU,0,,,CO2e_CEM,2033,,,,,,,,,,,,,,,,,,,,,,3.11652,,,,,,,,,,,,,,,,
BAU,0,,,CO2e_CEM,2034,,,,,,,,,,,,,,,,,,,,,,3.22331,,,,,,,,,,,,,,,,
BAU,0,,,CO2e_CEM,2035,,,,,,,,,,,,,,,,,,,,,,3.32996,,,,,,,,,,,,,,,,
BAU,0,,IMP_HFC23,CO2e_HFC,2010,,,,,,,,,,,,,,,,,,0.04216,,,,,,,,,,,,,,,,,,,,
BAU,0,,IMP_HFC23,CO2e_HFC,2011,,,,,,,,,,,,,,,,,,0.03224,,,,,,,,,,,,,,,,,,,,
BAU,0,,IMP_HFC23,CO2e_HFC,2012,,,,,,,,,,,,,,,,,,0.0248,,,,,,,,,,,,,,,,,,,,
BAU,0,,IMP_HFC23,CO2e_HFC,2013,,,,,,,,,,,,,,,,,,0.0186,,,,,,,,,,,,,,,,,,,,
BAU,0,,IMP_HFC23,CO2e_HFC,2014,,,,,,,,,,,,,,,,,,0.01364,,,,,,,,,,,,,,,,,,,,
BAU,0,,IMP_HFC23,CO2e_HFC,2025,,,,,,,,,,,,,,,,,,0.0124,,,,,,,,,,,,,,,,,,,,
BAU,0,,IMP_HFC23,CO2e_HFC,2026,,,,,,,,,,,,,,,,,,0.01364,,,,,,,,,,,,,,,,,,,,
BAU,0,,IMP_HFC23,CO2e_HFC,2027,,,,,,,,,,,,,,,,,,0.01488,,,,,,,,,,,,,,,,,,,,
BAU,0,,IMP_HFC23,CO2e_HFC,2028,,,,,,,,,,,,,,,,,,0.01612,,,,,,,,,,,,,,,,,,,,
BAU,0,,IMP_HFC23,CO2e_HFC,2029,,,,,,,,,,,,,,,,,,0.0186,,,,,,,,,,,,,,,,,,,,
BAU,0,,IMP_HFC23,CO2e_HFC,2030,,,,,,,,,,,,,,,,,,0.01984,,,,,,,,,,,,,,,,,,,,
BAU,0,,IMP_HFC23,CO2e_HFC,2031,,,,,,,,,,,,,,,,,,0.01984,,,,,,,,,,,,,,,,,,,,
BAU,0,,IMP_HFC23,CO2e_HFC,2032,,,,,,,,,,,,,,,,,,0.01984,,,,,,,,,,,,,,,,,,,,
BAU,0,,IMP_HFC23,CO2e_HFC,2033,,,,,,,,,,,,,,,,,,0.01984,,,,,,,,,,,,,,,,,,,,
BAU,0,,IMP_HFC23,CO2e_HFC,2034,,,,,,,,,,,,,,,,,,0.01984,,,,,,,,,,,,,,,,,,,,
BAU,0,,IMP_HFC23,CO2e_HFC,2035,,,,,,,,,,,,,,,,,,0.01984,,,,,,,,,,,,,,,,,,,,
BAU,0,,IMP_HFC32,CO2e_HFC,2010,,,,,,,,,,,,,,,,,,0.0029111,,,,,,,,,,,,,,,,,,,,
BAU,0,,IMP_HFC32,CO2e_HFC,2011,,,,,,,,,,,,,,,,,,0.0025726,,,,,,,,,,,,,,,,,,,,
BAU,0,,IMP_HFC32,CO2e_HFC,2012,,,,,,,,,,,,,,,,,,0.0035204,,,,,,,,,,,,,,,,,,,,
BAU,0,,IMP_HFC32,CO2e_HFC,2013,,,,,,,,,,,,,,,,,,0.0046713,,,,,,,,,,,,,,,,,,,,
BAU,0,,IMP_HFC32,CO2e_HFC,2014,,,,,,,,,,,,,,,,,,0.0041974,,,,,,,,,,,,,,,,,,,,
BAU,0,,IMP_HFC32,CO2e_HFC,2015,,,,,,,,,,,,,,,,,,0.0037235,,,,,,,,,,,,,,,,,,,,
BAU,0,,IMP_HFC32,CO2e_HFC,2016,,,,,,,,,,,,,,,,,,0.003385,,,,,,,,,,,,,,,,,,,,
BAU,0,,IMP_HFC32,CO2e_HFC,2017,,,,,,,,,,,,,,,,,,0.0029788,,,,,,,,,,,,,,,,,,,,
BAU,0,,IMP_HFC32,CO2e_HFC,2018,,,,,,,,,,,,,,,,,,0.002708,,,,,,,,,,,,,,,,,,,,
BAU,0,,IMP_HFC32,CO2e_HFC,2019,,,,,,,,,,,,,,,,,,0.0157064,,,,,,,,,,,,,,,,,,,,
BAU,0,,IMP_HFC32,CO2e_HFC,2020,,,,,,,,,,,,,,,,,,0.0243043,,,,,,,,,,,,,,,,,,,,
BAU,0,,IMP_HFC32,CO2e_HFC,2021,,,,,,,,,,,,,,,,,,0.0324283,,,,,,,,,,,,,,,,,,,,
BAU,0,,IMP_HFC32,CO2e_HFC,2022,,,,,,,,,,,,,,,,,,0.0498949,,,,,,,,,,,,,,,,,,,,
BAU,0,,IMP_HFC32,CO2e_HFC,2023,,,,,,,,,,,,,,,,,,0.0607946,,,,,,,,,,,,,,,,,,,,
BAU,0,,IMP_HFC32,CO2e_HFC,2024,,,,,,,,,,,,,,,,,,0.0716943,,,,,,,,,,,,,,,,,,,,
BAU,0,,IMP_HFC32,CO2e_HFC,2025,,,,,,,,,,,,,,,,,,0.082594,,,,,,,,,,,,,,,,,,,,
BAU,0,,IMP_HFC32,CO2e_HFC,2026,,,,,,,,,,,,,,,,,,0.0934937,,,,,,,,,,,,,,,,,,,,
BAU,0,,IMP_HFC32,CO2e_HFC,2027,,,,,,,,,,,,,,,,,,0.104326,,,,,,,,,,,,,,,,,,,,
BAU,0,,IMP_HFC32,CO2e_HFC,2028,,,,,,,,,,,,,,,,,,0.115225,,,,,,,,,,,,,,,,,,,,
BAU,0,,IMP_HFC32,CO2e_HFC,2029,,,,,,,,,,,,,,,,,,0.126125,,,,,,,,,,,,,,,,,,,,
BAU,0,,IMP_HFC32,CO2e_HFC,2030,,,,,,,,,,,,,,,,,,0.136957,,,,,,,,,,,,,,,,,,,,
BAU,0,,IMP_HFC32,CO2e_HFC,2031,,,,,,,,,,,,,,,,,,0.137296,,,,,,,,,,,,,,,,,,,,
BAU,0,,IMP_HFC32,CO2e_HFC,2032,,,,,,,,,,,,,,,,,,0.137566,,,,,,,,,,,,,,,,,,,,
BAU,0,,IMP_HFC32,CO2e_HFC,2033,,,,,,,,,,,,,,,,,,0.137837,,,,,,,,,,,,,,,,,,,,
BAU,0,,IMP_HFC32,CO2e_HFC,2034,,,,,,,,,,,,,,,,,,0.138108,,,,,,,,,,,,,,,,,,,,
BAU,0,,IMP_HFC32,CO2e_HFC,2035,,,,,,,,,,,,,,,,,,0.138447,,,,,,,,,,,,,,,,,,,,
BAU,0,,IMP_HFC125,CO2e_HFC,2010,,,,,,,,,,,,,,,,,,0.028847,,,,,,,,,,,,,,,,,,,,
BAU,0,,IMP_HFC125,CO2e_HFC,2011,,,,,,,,,,,,,,,,,,0.034236,,,,,,,,,,,,,,,,,,,,
BAU,0,,IMP_HFC125,CO2e_HFC,2012,,,,,,,,,,,,,,,,,,0.039942,,,,,,,,,,,,,,,,,,,,
BAU,0,,IMP_HFC125,CO2e_HFC,2013,,,,,,,,,,,,,,,,,,0.043429,,,,,,,,,,,,,,,,,,,,
BAU,0,,IMP_HFC125,CO2e_HFC,2014,,,,,,,,,,,,,,,,,,0.032017,,,,,,,,,,,,,,,,,,,,
BAU,0,,IMP_HFC125,CO2e_HFC,2015,,,,,,,,,,,,,,,,,,0.026945,,,,,,,,,,,,,,,,,,,,
BAU,0,,IMP_HFC125,CO2e_HFC,2016,,,,,,,,,,,,,,,,,,0.021239,,,,,,,,,,,,,,,,,,,,
BAU,0,,IMP_HFC125,CO2e_HFC,2017,,,,,,,,,,,,,,,,,,0.019971,,,,,,,,,,,,,,,,,,,,
BAU,0,,IMP_HFC125,CO2e_HFC,2018,,,,,,,,,,,,,,,,,,0.021556,,,,,,,,,,,,,,,,,,,,
BAU,0,,IMP_HFC125,CO2e_HFC,2019,,,,,,,,,,,,,,,,,,0.206684,,,,,,,,,,,,,,,,,,,,
BAU,0,,IMP_HFC125,CO2e_HFC,2020,,,,,,,,,,,,,,,,,,0.302418,,,,,,,,,,,,,,,,,,,,
BAU,0,,IMP_HFC125,CO2e_HFC,2021,,,,,,,,,,,,,,,,,,0.371524,,,,,,,,,,,,,,,,,,,,
BAU,0,,IMP_HFC125,CO2e_HFC,2022,,,,,,,,,,,,,,,,,,0.587718,,,,,,,,,,,,,,,,,,,,
BAU,0,,IMP_HFC125,CO2e_HFC,2023,,,,,,,,,,,,,,,,,,0.715786,,,,,,,,,,,,,,,,,,,,
BAU,0,,IMP_HFC125,CO2e_HFC,2024,,,,,,,,,,,,,,,,,,0.843854,,,,,,,,,,,,,,,,,,,,
BAU,0,,IMP_HFC125,CO2e_HFC,2025,,,,,,,,,,,,,,,,,,0.971922,,,,,,,,,,,,,,,,,,,,
BAU,0,,IMP_HFC125,CO2e_HFC,2026,,,,,,,,,,,,,,,,,,1.09967,,,,,,,,,,,,,,,,,,,,
BAU,0,,IMP_HFC125,CO2e_HFC,2027,,,,,,,,,,,,,,,,,,1.22774,,,,,,,,,,,,,,,,,,,,
BAU,0,,IMP_HFC125,CO2e_HFC,2028,,,,,,,,,,,,,,,,,,1.35581,,,,,,,,,,,,,,,,,,,,
BAU,0,,IMP_HFC125,CO2e_HFC,2029,,,,,,,,,,,,,,,,,,1.48388,,,,,,,,,,,,,,,,,,,,
BAU,0,,IMP_HFC125,CO2e_HFC,2030,,,,,,,,,,,,,,,,,,1.61194,,,,,,,,,,,,,,,,,,,,
BAU,0,,IMP_HFC125,CO2e_HFC,2031,,,,,,,,,,,,,,,,,,1.61543,,,,,,,,,,,,,,,,,,,,
BAU,0,,IMP_HFC125,CO2e_HFC,2032,,,,,,,,,,,,,,,,,,1.6186,,,,,,,,,,,,,,,,,,,,
BAU,0,,IMP_HFC125,CO2e_HFC,2033,,,,,,,,,,,,,,,,,,1.62209,,,,,,,,,,,,,,,,,,,,
BAU,0,,IMP_HFC125,CO2e_HFC,2034,,,,,,,,,,,,,,,,,,1.62558,,,,,,,,,,,,,,,,,,,,
BAU,0,,IMP_HFC125,CO2e_HFC,2035,,,,,,,,,,,,,,,,,,1.62906,,,,,,,,,,,,,,,,,,,,
BAU,0,,IMP_HFC134a,CO2e_HFC,2010,,,,,,,,,,,,,,,,,,0.10322,,,,,,,,,,,,,,,,,,,,
BAU,0,,IMP_HFC134a,CO2e_HFC,2011,,,,,,,,,,,,,,,,,,0.11778,,,,,,,,,,,,,,,,,,,,
BAU,0,,IMP_HFC134a,CO2e_HFC,2012,,,,,,,,,,,,,,,,,,0.16055,,,,,,,,,,,,,,,,,,,,
BAU,0,,IMP_HFC134a,CO2e_HFC,2013,,,,,,,,,,,,,,,,,,0.21554,,,,,,,,,,,,,,,,,,,,
BAU,0,,IMP_HFC134a,CO2e_HFC,2014,,,,,,,,,,,,,,,,,,0.29315,,,,,,,,,,,,,,,,,,,,
BAU,0,,IMP_HFC134a,CO2e_HFC,2015,,,,,,,,,,,,,,,,,,0.35945,,,,,,,,,,,,,,,,,,,,
BAU,0,,IMP_HFC134a,CO2e_HFC,2016,,,,,,,,,,,,,,,,,,0.39936,,,,,,,,,,,,,,,,,,,,
BAU,0,,IMP_HFC134a,CO2e_HFC,2017,,,,,,,,,,,,,,,,,,0.43966,,,,,,,,,,,,,,,,,,,,
BAU,0,,IMP_HFC134a,CO2e_HFC,2018,,,,,,,,,,,,,,,,,,0.47164,,,,,,,,,,,,,,,,,,,,
BAU,0,,IMP_HFC134a,CO2e_HFC,2019,,,,,,,,,,,,,,,,,,0.51714,,,,,,,,,,,,,,,,,,,,
BAU,0,,IMP_HFC134a,CO2e_HFC,2020,,,,,,,,,,,,,,,,,,0.5551,,,,,,,,,,,,,,,,,,,,
BAU,0,,IMP_HFC134a,CO2e_HFC,2021,,,,,,,,,,,,,,,,,,0.53586,,,,,,,,,,,,,,,,,,,,
BAU,0,,IMP_HFC134a,CO2e_HFC,2022,,,,,,,,,,,,,,,,,,0.60983,,,,,,,,,,,,,,,,,,,,
BAU,0,,IMP_HFC134a,CO2e_HFC,2023,,,,,,,,,,,,,,,,,,0.74269,,,,,,,,,,,,,,,,,,,,
BAU,0,,IMP_HFC134a,CO2e_HFC,2024,,,,,,,,,,,,,,,,,,0.87555,,,,,,,,,,,,,,,,,,,,
BAU,0,,IMP_HFC134a,CO2e_HFC,2025,,,,,,,,,,,,,,,,,,1.00841,,,,,,,,,,,,,,,,,,,,
BAU,0,,IMP_HFC134a,CO2e_HFC,2026,,,,,,,,,,,,,,,,,,1.14114,,,,,,,,,,,,,,,,,,,,
BAU,0,,IMP_HFC134a,CO2e_HFC,2027,,,,,,,,,,,,,,,,,,1.274,,,,,,,,,,,,,,,,,,,,
BAU,0,,IMP_HFC134a,CO2e_HFC,2028,,,,,,,,,,,,,,,,,,1.40686,,,,,,,,,,,,,,,,,,,,
BAU,0,,IMP_HFC134a,CO2e_HFC,2029,,,,,,,,,,,,,,,,,,1.53972,,,,,,,,,,,,,,,,,,,,
BAU,0,,IMP_HFC134a,CO2e_HFC,2030,,,,,,,,,,,,,,,,,,1.67245,,,,,,,,,,,,,,,,,,,,
BAU,0,,IMP_HFC134a,CO2e_HFC,2031,,,,,,,,,,,,,,,,,,1.67609,,,,,,,,,,,,,,,,,,,,
BAU,0,,IMP_HFC134a,CO2e_HFC,2032,,,,,,,,,,,,,,,,,,1.6796,,,,,,,,,,,,,,,,,,,,
BAU,0,,IMP_HFC134a,CO2e_HFC,2033,,,,,,,,,,,,,,,,,,1.68311,,,,,,,,,,,,,,,,,,,,
BAU,0,,IMP_HFC134a,CO2e_HFC,2034,,,,,,,,,,,,,,,,,,1.68662,,,,,,,,,,,,,,,,,,,,
BAU,0,,IMP_HFC134a,CO2e_HFC,2035,,,,,,,,,,,,,,,,,,1.69013,,,,,,,,,,,,,,,,,,,,
BAU,0,,IMP_HFC143a,CO2e_HFC,2010,,,,,,,,,,,,,,,,,,0.03744,,,,,,,,,,,,,,,,,,,,
BAU,0,,IMP_HFC143a,CO2e_HFC,2011,,,,,,,,,,,,,,,,,,0.05232,,,,,,,,,,,,,,,,,,,,
BAU,0,,IMP_HFC143a,CO2e_HFC,2012,,,,,,,,,,,,,,,,,,0.06,,,,,,,,,,,,,,,,,,,,
BAU,0,,IMP_HFC143a,CO2e_HFC,2013,,,,,,,,,,,,,,,,,,0.04512,,,,,,,,,,,,,,,,,,,,
BAU,0,,IMP_HFC143a,CO2e_HFC,2014,,,,,,,,,,,,,,,,,,0.03024,,,,,,,,,,,,,,,,,,,,
BAU,0,,IMP_HFC143a,CO2e_HFC,2015,,,,,,,,,,,,,,,,,,0.04128,,,,,,,,,,,,,,,,,,,,
BAU,0,,IMP_HFC143a,CO2e_HFC,2016,,,,,,,,,,,,,,,,,,0.0408,,,,,,,,,,,,,,,,,,,,
BAU,0,,IMP_HFC143a,CO2e_HFC,2017,,,,,,,,,,,,,,,,,,0.0288,,,,,,,,,,,,,,,,,,,,
BAU,0,,IMP_HFC143a,CO2e_HFC,2018,,,,,,,,,,,,,,,,,,0.01872,,,,,,,,,,,,,,,,,,,,
BAU,0,,IMP_HFC143a,CO2e_HFC,2019,,,,,,,,,,,,,,,,,,0.19632,,,,,,,,,,,,,,,,,,,,
BAU,0,,IMP_HFC143a,CO2e_HFC,2020,,,,,,,,,,,,,,,,,,0.31776,,,,,,,,,,,,,,,,,,,,
BAU,0,,IMP_HFC143a,CO2e_HFC,2021,,,,,,,,,,,,,,,,,,0.38256,,,,,,,,,,,,,,,,,,,,
BAU,0,,IMP_HFC143a,CO2e_HFC,2022,,,,,,,,,,,,,,,,,,0.70272,,,,,,,,,,,,,,,,,,,,
BAU,0,,IMP_HFC143a,CO2e_HFC,2023,,,,,,,,,,,,,,,,,,0.85584,,,,,,,,,,,,,,,,,,,,
BAU,0,,IMP_HFC143a,CO2e_HFC,2024,,,,,,,,,,,,,,,,,,1.00848,,,,,,,,,,,,,,,,,,,,
BAU,0,,IMP_HFC143a,CO2e_HFC,2025,,,,,,,,,,,,,,,,,,1.1616,,,,,,,,,,,,,,,,,,,,
BAU,0,,IMP_HFC143a,CO2e_HFC,2026,,,,,,,,,,,,,,,,,,1.31472,,,,,,,,,,,,,,,,,,,,
BAU,0,,IMP_HFC143a,CO2e_HFC,2027,,,,,,,,,,,,,,,,,,1.46784,,,,,,,,,,,,,,,,,,,,
BAU,0,,IMP_HFC143a,CO2e_HFC,2028,,,,,,,,,,,,,,,,,,1.62096,,,,,,,,,,,,,,,,,,,,
BAU,0,,IMP_HFC143a,CO2e_HFC,2029,,,,,,,,,,,,,,,,,,1.77408,,,,,,,,,,,,,,,,,,,,
BAU,0,,IMP_HFC143a,CO2e_HFC,2030,,,,,,,,,,,,,,,,,,1.92672,,,,,,,,,,,,,,,,,,,,
BAU,0,,IMP_HFC143a,CO2e_HFC,2031,,,,,,,,,,,,,,,,,,1.93104,,,,,,,,,,,,,,,,,,,,
BAU,0,,IMP_HFC143a,CO2e_HFC,2032,,,,,,,,,,,,,,,,,,1.93488,,,,,,,,,,,,,,,,,,,,
BAU,0,,IMP_HFC143a,CO2e_HFC,2033,,,,,,,,,,,,,,,,,,1.9392,,,,,,,,,,,,,,,,,,,,
BAU,0,,IMP_HFC143a,CO2e_HFC,2034,,,,,,,,,,,,,,,,,,1.94304,,,,,,,,,,,,,,,,,,,,
BAU,0,,IMP_HFC143a,CO2e_HFC,2035,,,,,,,,,,,,,,,,,,1.94736,,,,,,,,,,,,,,,,,,,,
BAU,0,,IMP_HFC152a,CO2e_HFC,2014,,,,,,,,,,,,,,,,,,0.0001932,,,,,,,,,,,,,,,,,,,,
BAU,0,,IMP_HFC152a,CO2e_HFC,2016,,,,,,,,,,,,,,,,,,0.0001932,,,,,,,,,,,,,,,,,,,,
BAU,0,,IMP_HFC152a,CO2e_HFC,2017,,,,,,,,,,,,,,,,,,0.0001932,,,,,,,,,,,,,,,,,,,,
BAU,0,,IMP_HFC152a,CO2e_HFC,2021,,,,,,,,,,,,,,,,,,0.0001932,,,,,,,,,,,,,,,,,,,,
BAU,0,,IMP_HFC152a,CO2e_HFC,2022,,,,,,,,,,,,,,,,,,0.0003036,,,,,,,,,,,,,,,,,,,,
BAU,0,,IMP_HFC152a,CO2e_HFC,2023,,,,,,,,,,,,,,,,,,0.0003312,,,,,,,,,,,,,,,,,,,,
BAU,0,,IMP_HFC152a,CO2e_HFC,2024,,,,,,,,,,,,,,,,,,0.0004002,,,,,,,,,,,,,,,,,,,,
BAU,0,,IMP_HFC152a,CO2e_HFC,2025,,,,,,,,,,,,,,,,,,0.0004554,,,,,,,,,,,,,,,,,,,,
BAU,0,,IMP_HFC152a,CO2e_HFC,2026,,,,,,,,,,,,,,,,,,0.0005244,,,,,,,,,,,,,,,,,,,,
BAU,0,,IMP_HFC152a,CO2e_HFC,2027,,,,,,,,,,,,,,,,,,0.0005796,,,,,,,,,,,,,,,,,,,,
BAU,0,,IMP_HFC152a,CO2e_HFC,2028,,,,,,,,,,,,,,,,,,0.0006348,,,,,,,,,,,,,,,,,,,,
BAU,0,,IMP_HFC152a,CO2e_HFC,2029,,,,,,,,,,,,,,,,,,0.0007038,,,,,,,,,,,,,,,,,,,,
BAU,0,,IMP_HFC152a,CO2e_HFC,2030,,,,,,,,,,,,,,,,,,0.000759,,,,,,,,,,,,,,,,,,,,
BAU,0,,IMP_HFC152a,CO2e_HFC,2031,,,,,,,,,,,,,,,,,,0.000759,,,,,,,,,,,,,,,,,,,,
BAU,0,,IMP_HFC152a,CO2e_HFC,2032,,,,,,,,,,,,,,,,,,0.000759,,,,,,,,,,,,,,,,,,,,
BAU,0,,IMP_HFC152a,CO2e_HFC,2033,,,,,,,,,,,,,,,,,,0.000759,,,,,,,,,,,,,,,,,,,,
BAU,0,,IMP_HFC152a,CO2e_HFC,2034,,,,,,,,,,,,,,,,,,0.0007728,,,,,,,,,,,,,,,,,,,,
BAU,0,,IMP_HFC152a,CO2e_HFC,2035,,,,,,,,,,,,,,,,,,0.0007728,,,,,,,,,,,,,,,,,,,,
BAU,0,,PROD_CLK_TRAD,CO2e_CEM,2010,,,,,,,,,,,,,,,,,,1.78201,,,,,,,,,,,,,,,,,,,,
BAU,0,,PROD_CLK_TRAD,CO2e_CEM,2011,,,,,,,,,,,,,,,,,,1.78467,,,,,,,,,,,,,,,,,,,,
BAU,0,,PROD_CLK_TRAD,CO2e_CEM,2012,,,,,,,,,,,,,,,,,,1.78767,,,,,,,,,,,,,,,,,,,,
BAU,0,,PROD_CLK_TRAD,CO2e_CEM,2013,,,,,,,,,,,,,,,,,,1.83614,,,,,,,,,,,,,,,,,,,,
BAU,0,,PROD_CLK_TRAD,CO2e_CEM,2014,,,,,,,,,,,,,,,,,,1.88498,,,,,,,,,,,,,,,,,,,,
BAU,0,,PROD_CLK_TRAD,CO2e_CEM,2015,,,,,,,,,,,,,,,,,,1.81789,,,,,,,,,,,,,,,,,,,,
BAU,0,,PROD_CLK_TRAD,CO2e_CEM,2016,,,,,,,,,,,,,,,,,,1.75087,,,,,,,,,,,,,,,,,,,,
BAU,0,,PROD_CLK_TRAD,CO2e_CEM,2017,,,,,,,,,,,,,,,,,,1.92606,,,,,,,,,,,,,,,,,,,,
BAU,0,,PROD_CLK_TRAD,CO2e_CEM,2018,,,,,,,,,,,,,,,,,,2.10093,,,,,,,,,,,,,,,,,,,,
BAU,0,,PROD_CLK_TRAD,CO2e_CEM,2019,,,,,,,,,,,,,,,,,,1.79607,,,,,,,,,,,,,,,,,,,,
BAU,0,,PROD_CLK_TRAD,CO2e_CEM,2020,,,,,,,,,,,,,,,,,,1.49131,,,,,,,,,,,,,,,,,,,,
BAU,0,,PROD_CLK_TRAD,CO2e_CEM,2021,,,,,,,,,,,,,,,,,,2.14426,,,,,,,,,,,,,,,,,,,,
BAU,0,,PROD_CLK_TRAD,CO2e_CEM,2022,,,,,,,,,,,,,,,,,,2.01321,,,,,,,,,,,,,,,,,,,,
BAU,0,,PROD_CLK_TRAD,CO2e_CEM,2023,,,,,,,,,,,,,,,,,,2.12579,,,,,,,,,,,,,,,,,,,,
BAU,0,,PROD_CLK_TRAD,CO2e_CEM,2024,,,,,,,,,,,,,,,,,,2.2368,,,,,,,,,,,,,,,,,,,,
BAU,0,,PROD_CLK_TRAD,CO2e_CEM,2025,,,,,,,,,,,,,,,,,,2.34657,,,,,,,,,,,,,,,,,,,,
BAU,0,,PROD_CLK_TRAD,CO2e_CEM,2026,,,,,,,,,,,,,,,,,,2.43925,,,,,,,,,,,,,,,,,,,,
BAU,0,,PROD_CLK_TRAD,CO2e_CEM,2027,,,,,,,,,,,,,,,,,,2.53065,,,,,,,,,,,,,,,,,,,,
BAU,0,,PROD_CLK_TRAD,CO2e_CEM,2028,,,,,,,,,,,,,,,,,,2.62079,,,,,,,,,,,,,,,,,,,,
BAU,0,,PROD_CLK_TRAD,CO2e_CEM,2029,,,,,,,,,,,,,,,,,,2.70925,,,,,,,,,,,,,,,,,,,,
BAU,0,,PROD_CLK_TRAD,CO2e_CEM,2030,,,,,,,,,,,,,,,,,,2.79625,,,,,,,,,,,,,,,,,,,,
BAU,0,,PROD_CLK_TRAD,CO2e_CEM,2031,,,,,,,,,,,,,,,,,,2.90316,,,,,,,,,,,,,,,,,,,,
BAU,0,,PROD_CLK_TRAD,CO2e_CEM,2032,,,,,,,,,,,,,,,,,,3.0097,,,,,,,,,,,,,,,,,,,,
BAU,0,,PROD_CLK_TRAD,CO2e_CEM,2033,,,,,,,,,,,,,,,,,,3.11652,,,,,,,,,,,,,,,,,,,,
BAU,0,,PROD_CLK_TRAD,CO2e_CEM,2034,,,,,,,,,,,,,,,,,,3.22331,,,,,,,,,,,,,,,,,,,,
BAU,0,,PROD_CLK_TRAD,CO2e_CEM,2035,,,,,,,,,,,,,,,,,,3.32996,,,,,,,,,,,,,,,,,,,,
BAU,0,,LIME_PROD,CO2e_IPPU,2010,,,,,,,,,,,,,,,,,,0.0665,,,,,,,,,,,,,,,,,,,,
BAU,0,,LIME_PROD,CO2e_IPPU,2011,,,,,,,,,,,,,,,,,,0.0692,,,,,,,,,,,,,,,,,,,,
BAU,0,,LIME_PROD,CO2e_IPPU,2012,,,,,,,,,,,,,,,,,,0.0719,,,,,,,,,,,,,,,,,,,,
BAU,0,,LIME_PROD,CO2e_IPPU,2013,,,,,,,,,,,,,,,,,,0.0742,,,,,,,,,,,,,,,,,,,,
BAU,0,,LIME_PROD,CO2e_IPPU,2014,,,,,,,,,,,,,,,,,,0.0766,,,,,,,,,,,,,,,,,,,,
BAU,0,,LIME_PROD,CO2e_IPPU,2015,,,,,,,,,,,,,,,,,,0.0852,,,,,,,,,,,,,,,,,,,,
BAU,0,,LIME_PROD,CO2e_IPPU,2016,,,,,,,,,,,,,,,,,,0.0938,,,,,,,,,,,,,,,,,,,,
BAU,0,,LIME_PROD,CO2e_IPPU,2017,,,,,,,,,,,,,,,,,,0.1005,,,,,,,,,,,,,,,,,,,,
BAU,0,,LIME_PROD,CO2e_IPPU,2018,,,,,,,,,,,,,,,,,,0.1071,,,,,,,,,,,,,,,,,,,,
BAU,0,,LIME_PROD,CO2e_IPPU,2019,,,,,,,,,,,,,,,,,,0.1144,,,,,,,,,,,,,,,,,,,,
BAU,0,,LIME_PROD,CO2e_IPPU,2020,,,,,,,,,,,,,,,,,,0.1216,,,,,,,,,,,,,,,,,,,,
BAU,0,,LIME_PROD,CO2e_IPPU,2021,,,,,,,,,,,,,,,,,,0.2199,,,,,,,,,,,,,,,,,,,,
BAU,0,,LIME_PROD,CO2e_IPPU,2022,,,,,,,,,,,,,,,,,,0.1791,,,,,,,,,,,,,,,,,,,,
BAU,0,,LIME_PROD,CO2e_IPPU,2023,,,,,,,,,,,,,,,,,,0.1829,,,,,,,,,,,,,,,,,,,,
BAU,0,,LIME_PROD,CO2e_IPPU,2024,,,,,,,,,,,,,,,,,,0.1868,,,,,,,,,,,,,,,,,,,,
BAU,0,,LIME_PROD,CO2e_IPPU,2025,,,,,,,,,,,,,,,,,,0.1908,,,,,,,,,,,,,,,,,,,,
BAU,0,,LIME_PROD,CO2e_IPPU,2026,,,,,,,,,,,,,,,,,,0.1949,,,,,,,,,,,,,,,,,,,,
BAU,0,,LIME_PROD,CO2e_IPPU,2027,,,,,,,,,,,,,,,,,,0.1991,,,,,,,,,,,,,,,,,,,,
BAU,0,,LIME_PROD,CO2e_IPPU,2028,,,,,,,,,,,,,,,,,,0.2034,,,,,,,,,,,,,,,,,,,,
BAU,0,,LIME_PROD,CO2e_IPPU,2029,,,,,,,,,,,,,,,,,,0.2077,,,,,,,,,,,,,,,,,,,,
BAU,0,,LIME_PROD,CO2e_IPPU,2030,,,,,,,,,,,,,,,,,,0.2121,,,,,,,,,,,,,,,,,,,,
BAU,0,,LIME_PROD,CO2e_IPPU,2031,,,,,,,,,,,,,,,,,,0.2167,,,,,,,,,,,,,,,,,,,,
BAU,0,,LIME_PROD,CO2e_IPPU,2032,,,,,,,,,,,,,,,,,,0.2213,,,,,,,,,,,,,,,,,,,,
BAU,0,,LIME_PROD,CO2e_IPPU,2033,,,,,,,,,,,,,,,,,,0.226,,,,,,,,,,,,,,,,,,,,
BAU,0,,LIME_PROD,CO2e_IPPU,2034,,,,,,,,,,,,,,,,,,0.2309,,,,,,,,,,,,,,,,,,,,
BAU,0,,LIME_PROD,CO2e_IPPU,2035,,,,,,,,,,,,,,,,,,0.2358,,,,,,,,,,,,,,,,,,,,
BAU,0,,GLASS_PROD,CO2e_IPPU,2010,,,,,,,,,,,,,,,,,,0.0075,,,,,,,,,,,,,,,,,,,,
BAU,0,,GLASS_PROD,CO2e_IPPU,2011,,,,,,,,,,,,,,,,,,0.0092,,,,,,,,,,,,,,,,,,,,
BAU,0,,GLASS_PROD,CO2e_IPPU,2012,,,,,,,,,,,,,,,,,,0.0109,,,,,,,,,,,,,,,,,,,,
BAU,0,,GLASS_PROD,CO2e_IPPU,2013,,,,,,,,,,,,,,,,,,0.0126,,,,,,,,,,,,,,,,,,,,
BAU,0,,GLASS_PROD,CO2e_IPPU,2014,,,,,,,,,,,,,,,,,,0.0143,,,,,,,,,,,,,,,,,,,,
BAU,0,,GLASS_PROD,CO2e_IPPU,2015,,,,,,,,,,,,,,,,,,0.0125,,,,,,,,,,,,,,,,,,,,
BAU,0,,GLASS_PROD,CO2e_IPPU,2016,,,,,,,,,,,,,,,,,,0.0107,,,,,,,,,,,,,,,,,,,,
BAU,0,,GLASS_PROD,CO2e_IPPU,2017,,,,,,,,,,,,,,,,,,0.0124,,,,,,,,,,,,,,,,,,,,
BAU,0,,GLASS_PROD,CO2e_IPPU,2018,,,,,,,,,,,,,,,,,,0.0141,,,,,,,,,,,,,,,,,,,,
BAU,0,,GLASS_PROD,CO2e_IPPU,2019,,,,,,,,,,,,,,,,,,0.0094,,,,,,,,,,,,,,,,,,,,
BAU,0,,GLASS_PROD,CO2e_IPPU,2020,,,,,,,,,,,,,,,,,,0.0047,,,,,,,,,,,,,,,,,,,,
BAU,0,,GLASS_PROD,CO2e_IPPU,2021,,,,,,,,,,,,,,,,,,0.0089,,,,,,,,,,,,,,,,,,,,
BAU,0,,GLASS_PROD,CO2e_IPPU,2022,,,,,,,,,,,,,,,,,,0.0081,,,,,,,,,,,,,,,,,,,,
BAU,0,,GLASS_PROD,CO2e_IPPU,2023,,,,,,,,,,,,,,,,,,0.0083,,,,,,,,,,,,,,,,,,,,
BAU,0,,GLASS_PROD,CO2e_IPPU,2024,,,,,,,,,,,,,,,,,,0.0084,,,,,,,,,,,,,,,,,,,,
BAU,0,,GLASS_PROD,CO2e_IPPU,2025,,,,,,,,,,,,,,,,,,0.0086,,,,,,,,,,,,,,,,,,,,
BAU,0,,GLASS_PROD,CO2e_IPPU,2026,,,,,,,,,,,,,,,,,,0.0088,,,,,,,,,,,,,,,,,,,,
BAU,0,,GLASS_PROD,CO2e_IPPU,2027,,,,,,,,,,,,,,,,,,0.009,,,,,,,,,,,,,,,,,,,,
BAU,0,,GLASS_PROD,CO2e_IPPU,2028,,,,,,,,,,,,,,,,,,0.0092,,,,,,,,,,,,,,,,,,,,
BAU,0,,GLASS_PROD,CO2e_IPPU,2029,,,,,,,,,,,,,,,,,,0.0094,,,,,,,,,,,,,,,,,,,,
BAU,0,,GLASS_PROD,CO2e_IPPU,2030,,,,,,,,,,,,,,,,,,0.0096,,,,,,,,,,,,,,,,,,,,
BAU,0,,GLASS_PROD,CO2e_IPPU,2031,,,,,,,,,,,,,,,,,,0.0098,,,,,,,,,,,,,,,,,,,,
BAU,0,,GLASS_PROD,CO2e_IPPU,2032,,,,,,,,,,,,,,,,,,0.01,,,,,,,,,,,,,,,,,,,,
BAU,0,,GLASS_PROD,CO2e_IPPU,2033,,,,,,,,,,,,,,,,,,0.0102,,,,,,,,,,,,,,,,,,,,
BAU,0,,GLASS_PROD,CO2e_IPPU,2034,,,,,,,,,,,,,,,,,,0.0104,,,,,,,,,,,,,,,,,,,,
BAU,0,,GLASS_PROD,CO2e_IPPU,2035,,,,,,,,,,,,,,,,,,0.0107,,,,,,,,,,,,,,,,,,,,
BAU,0,,CERAMICS,CO2e_IPPU,2010,,,,,,,,,,,,,,,,,,0.3181,,,,,,,,,,,,,,,,,,,,
BAU,0,,CERAMICS,CO2e_IPPU,2011,,,,,,,,,,,,,,,,,,0.4096,,,,,,,,,,,,,,,,,,,,
BAU,0,,CERAMICS,CO2e_IPPU,2012,,,,,,,,,,,,,,,,,,0.5012,,,,,,,,,,,,,,,,,,,,
BAU,0,,CERAMICS,CO2e_IPPU,2013,,,,,,,,,,,,,,,,,,0.4401,,,,,,,,,,,,,,,,,,,,
BAU,0,,CERAMICS,CO2e_IPPU,2014,,,,,,,,,,,,,,,,,,0.3789,,,,,,,,,,,,,,,,,,,,
BAU,0,,CERAMICS,CO2e_IPPU,2015,,,,,,,,,,,,,,,,,,0.383,,,,,,,,,,,,,,,,,,,,
BAU,0,,CERAMICS,CO2e_IPPU,2016,,,,,,,,,,,,,,,,,,0.3872,,,,,,,,,,,,,,,,,,,,
BAU,0,,CERAMICS,CO2e_IPPU,2017,,,,,,,,,,,,,,,,,,0.296,,,,,,,,,,,,,,,,,,,,
BAU,0,,CERAMICS,CO2e_IPPU,2018,,,,,,,,,,,,,,,,,,0.2049,,,,,,,,,,,,,,,,,,,,
BAU,0,,CERAMICS,CO2e_IPPU,2019,,,,,,,,,,,,,,,,,,0.1522,,,,,,,,,,,,,,,,,,,,
BAU,0,,CERAMICS,CO2e_IPPU,2020,,,,,,,,,,,,,,,,,,0.0995,,,,,,,,,,,,,,,,,,,,
BAU,0,,CERAMICS,CO2e_IPPU,2021,,,,,,,,,,,,,,,,,,0.0446,,,,,,,,,,,,,,,,,,,,
BAU,0,,CERAMICS,CO2e_IPPU,2022,,,,,,,,,,,,,,,,,,0.2117,,,,,,,,,,,,,,,,,,,,
BAU,0,,CERAMICS,CO2e_IPPU,2023,,,,,,,,,,,,,,,,,,0.2162,,,,,,,,,,,,,,,,,,,,
BAU,0,,CERAMICS,CO2e_IPPU,2024,,,,,,,,,,,,,,,,,,0.2208,,,,,,,,,,,,,,,,,,,,
BAU,0,,CERAMICS,CO2e_IPPU,2025,,,,,,,,,,,,,,,,,,0.2256,,,,,,,,,,,,,,,,,,,,
BAU,0,,CERAMICS,CO2e_IPPU,2026,,,,,,,,,,,,,,,,,,0.2304,,,,,,,,,,,,,,,,,,,,
BAU,0,,CERAMICS,CO2e_IPPU,2027,,,,,,,,,,,,,,,,,,0.2353,,,,,,,,,,,,,,,,,,,,
BAU,0,,CERAMICS,CO2e_IPPU,2028,,,,,,,,,,,,,,,,,,0.2404,,,,,,,,,,,,,,,,,,,,
BAU,0,,CERAMICS,CO2e_IPPU,2029,,,,,,,,,,,,,,,,,,0.2455,,,,,,,,,,,,,,,,,,,,
BAU,0,,CERAMICS,CO2e_IPPU,2030,,,,,,,,,,,,,,,,,,0.2507,,,,,,,,,,,,,,,,,,,,
BAU,0,,CERAMICS,CO2e_IPPU,2031,,,,,,,,,,,,,,,,,,0.2561,,,,,,,,,,,,,,,,,,,,
BAU,0,,CERAMICS,CO2e_IPPU,2032,,,,,,,,,,,,,,,,,,0.2616,,,,,,,,,,,,,,,,,,,,
BAU,0,,CERAMICS,CO2e_IPPU,2033,,,,,,,,,,,,,,,,,,0.2672,,,,,,,,,,,,,,,,,,,,
BAU,0,,CERAMICS,CO2e_IPPU,2034,,,,,,,,,,,,,,,,,,0.2729,,,,,,,,,,,,,,,,,,,,
BAU,0,,CERAMICS,CO2e_IPPU,2035,,,,,,,,,,,,,,,,,,0.2787,,,,,,,,,,,,,,,,,,,,
BAU,0,,SODA_ASH,CO2e_IPPU,2012,,,,,,,,,,,,,,,,,,0.0018,,,,,,,,,,,,,,,,,,,,
BAU,0,,SODA_ASH,CO2e_IPPU,2013,,,,,,,,,,,,,,,,,,0.0018,,,,,,,,,,,,,,,,,,,,
BAU,0,,SODA_ASH,CO2e_IPPU,2014,,,,,,,,,,,,,,,,,,0.0018,,,,,,,,,,,,,,,,,,,,
BAU,0,,SODA_ASH,CO2e_IPPU,2017,,,,,,,,,,,,,,,,,,0.0015,,,,,,,,,,,,,,,,,,,,
BAU,0,,SODA_ASH,CO2e_IPPU,2018,,,,,,,,,,,,,,,,,,0.0031,,,,,,,,,,,,,,,,,,,,
BAU,0,,SODA_ASH,CO2e_IPPU,2019,,,,,,,,,,,,,,,,,,0.0058,,,,,,,,,,,,,,,,,,,,
BAU,0,,SODA_ASH,CO2e_IPPU,2020,,,,,,,,,,,,,,,,,,0.0085,,,,,,,,,,,,,,,,,,,,
BAU,0,,SODA_ASH,CO2e_IPPU,2021,,,,,,,,,,,,,,,,,,0.0012,,,,,,,,,,,,,,,,,,,,
BAU,0,,SODA_ASH,CO2e_IPPU,2022,,,,,,,,,,,,,,,,,,0.0017,,,,,,,,,,,,,,,,,,,,
BAU,0,,SODA_ASH,CO2e_IPPU,2023,,,,,,,,,,,,,,,,,,0.0017,,,,,,,,,,,,,,,,,,,,
BAU,0,,SODA_ASH,CO2e_IPPU,2024,,,,,,,,,,,,,,,,,,0.0018,,,,,,,,,,,,,,,,,,,,
BAU,0,,SODA_ASH,CO2e_IPPU,2025,,,,,,,,,,,,,,,,,,0.0018,,,,,,,,,,,,,,,,,,,,
BAU,0,,SODA_ASH,CO2e_IPPU,2026,,,,,,,,,,,,,,,,,,0.0019,,,,,,,,,,,,,,,,,,,,
BAU,0,,SODA_ASH,CO2e_IPPU,2027,,,,,,,,,,,,,,,,,,0.0019,,,,,,,,,,,,,,,,,,,,
BAU,0,,SODA_ASH,CO2e_IPPU,2028,,,,,,,,,,,,,,,,,,0.0019,,,,,,,,,,,,,,,,,,,,
BAU,0,,SODA_ASH,CO2e_IPPU,2029,,,,,,,,,,,,,,,,,,0.002,,,,,,,,,,,,,,,,,,,,
BAU,0,,SODA_ASH,CO2e_IPPU,2030,,,,,,,,,,,,,,,,,,0.002,,,,,,,,,,,,,,,,,,,,
BAU,0,,SODA_ASH,CO2e_IPPU,2031,,,,,,,,,,,,,,,,,,0.0021,,,,,,,,,,,,,,,,,,,,
BAU,0,,SODA_ASH,CO2e_IPPU,2032,,,,,,,,,,,,,,,,,,0.0021,,,,,,,,,,,,,,,,,,,,
BAU,0,,SODA_ASH,CO2e_IPPU,2033,,,,,,,,,,,,,,,,,,0.0021,,,,,,,,,,,,,,,,,,,,
BAU,0,,SODA_ASH,CO2e_IPPU,2034,,,,,,,,,,,,,,,,,,0.0022,,,,,,,,,,,,,,,,,,,,
BAU,0,,SODA_ASH,CO2e_IPPU,2035,,,,,,,,,,,,,,,,,,0.0022,,,,,,,,,,,,,,,,,,,,
BAU,0,,IRON_STEEL,CO2e_IPPU,2010,,,,,,,,,,,,,,,,,,0.0298,,,,,,,,,,,,,,,,,,,,
BAU,0,,IRON_STEEL,CO2e_IPPU,2011,,,,,,,,,,,,,,,,,,0.0317,,,,,,,,,,,,,,,,,,,,
BAU,0,,IRON_STEEL,CO2e_IPPU,2012,,,,,,,,,,,,,,,,,,0.0336,,,,,,,,,,,,,,,,,,,,
BAU,0,,IRON_STEEL,CO2e_IPPU,2013,,,,,,,,,,,,,,,,,,0.0357,,,,,,,,,,,,,,,,,,,,
BAU,0,,IRON_STEEL,CO2e_IPPU,2014,,,,,,,,,,,,,,,,,,0.0378,,,,,,,,,,,,,,,,,,,,
BAU,0,,IRON_STEEL,CO2e_IPPU,2015,,,,,,,,,,,,,,,,,,0.0404,,,,,,,,,,,,,,,,,,,,
BAU,0,,IRON_STEEL,CO2e_IPPU,2016,,,,,,,,,,,,,,,,,,0.0429,,,,,,,,,,,,,,,,,,,,
BAU,0,,IRON_STEEL,CO2e_IPPU,2017,,,,,,,,,,,,,,,,,,0.0496,,,,,,,,,,,,,,,,,,,,
BAU,0,,IRON_STEEL,CO2e_IPPU,2018,,,,,,,,,,,,,,,,,,0.0564,,,,,,,,,,,,,,,,,,,,
BAU,0,,IRON_STEEL,CO2e_IPPU,2019,,,,,,,,,,,,,,,,,,0.0459,,,,,,,,,,,,,,,,,,,,
BAU,0,,IRON_STEEL,CO2e_IPPU,2020,,,,,,,,,,,,,,,,,,0.0354,,,,,,,,,,,,,,,,,,,,
BAU,0,,IRON_STEEL,CO2e_IPPU,2021,,,,,,,,,,,,,,,,,,0.0779,,,,,,,,,,,,,,,,,,,,
BAU,0,,IRON_STEEL,CO2e_IPPU,2022,,,,,,,,,,,,,,,,,,0.0801,,,,,,,,,,,,,,,,,,,,
BAU,0,,IRON_STEEL,CO2e_IPPU,2023,,,,,,,,,,,,,,,,,,0.0818,,,,,,,,,,,,,,,,,,,,
BAU,0,,IRON_STEEL,CO2e_IPPU,2024,,,,,,,,,,,,,,,,,,0.0836,,,,,,,,,,,,,,,,,,,,
BAU,0,,IRON_STEEL,CO2e_IPPU,2025,,,,,,,,,,,,,,,,,,0.0853,,,,,,,,,,,,,,,,,,,,
BAU,0,,IRON_STEEL,CO2e_IPPU,2026,,,,,,,,,,,,,,,,,,0.0872,,,,,,,,,,,,,,,,,,,,
BAU,0,,IRON_STEEL,CO2e_IPPU,2027,,,,,,,,,,,,,,,,,,0.089,,,,,,,,,,,,,,,,,,,,
BAU,0,,IRON_STEEL,CO2e_IPPU,2028,,,,,,,,,,,,,,,,,,0.0909,,,,,,,,,,,,,,,,,,,,
BAU,0,,IRON_STEEL,CO2e_IPPU,2029,,,,,,,,,,,,,,,,,,0.0929,,,,,,,,,,,,,,,,,,,,
BAU,0,,IRON_STEEL,CO2e_IPPU,2030,,,,,,,,,,,,,,,,,,0.0949,,,,,,,,,,,,,,,,,,,,
BAU,0,,IRON_STEEL,CO2e_IPPU,2031,,,,,,,,,,,,,,,,,,0.0969,,,,,,,,,,,,,,,,,,,,
BAU,0,,IRON_STEEL,CO2e_IPPU,2032,,,,,,,,,,,,,,,,,,0.099,,,,,,,,,,,,,,,,,,,,
BAU,0,,IRON_STEEL,CO2e_IPPU,2033,,,,,,,,,,,,,,,,,,0.1011,,,,,,,,,,,,,,,,,,,,
BAU,0,,IRON_STEEL,CO2e_IPPU,2034,,,,,,,,,,,,,,,,,,0.1032,,,,,,,,,,,,,,,,,,,,
BAU,0,,IRON_STEEL,CO2e_IPPU,2035,,,,,,,,,,,,,,,,,,0.1055,,,,,,,,,,,,,,,,,,,,
BAU,0,,LEAD_PROD,CO2e_IPPU,2010,,,,,,,,,,,,,,,,,,0.0013,,,,,,,,,,,,,,,,,,,,
BAU,0,,LEAD_PROD,CO2e_IPPU,2011,,,,,,,,,,,,,,,,,,0.0016,,,,,,,,,,,,,,,,,,,,
BAU,0,,LEAD_PROD,CO2e_IPPU,2012,,,,,,,,,,,,,,,,,,0.0019,,,,,,,,,,,,,,,,,,,,
BAU,0,,LEAD_PROD,CO2e_IPPU,2013,,,,,,,,,,,,,,,,,,0.0023,,,,,,,,,,,,,,,,,,,,
BAU,0,,LEAD_PROD,CO2e_IPPU,2014,,,,,,,,,,,,,,,,,,0.0027,,,,,,,,,,,,,,,,,,,,
BAU,0,,LEAD_PROD,CO2e_IPPU,2015,,,,,,,,,,,,,,,,,,0.0029,,,,,,,,,,,,,,,,,,,,
BAU,0,,LEAD_PROD,CO2e_IPPU,2016,,,,,,,,,,,,,,,,,,0.003,,,,,,,,,,,,,,,,,,,,
BAU,0,,LEAD_PROD,CO2e_IPPU,2017,,,,,,,,,,,,,,,,,,0.0035,,,,,,,,,,,,,,,,,,,,
BAU,0,,LEAD_PROD,CO2e_IPPU,2018,,,,,,,,,,,,,,,,,,0.004,,,,,,,,,,,,,,,,,,,,
BAU,0,,LEAD_PROD,CO2e_IPPU,2019,,,,,,,,,,,,,,,,,,0.007,,,,,,,,,,,,,,,,,,,,
BAU,0,,LEAD_PROD,CO2e_IPPU,2020,,,,,,,,,,,,,,,,,,0.01,,,,,,,,,,,,,,,,,,,,
BAU,0,,LEAD_PROD,CO2e_IPPU,2021,,,,,,,,,,,,,,,,,,0.0087,,,,,,,,,,,,,,,,,,,,
BAU,0,,LEAD_PROD,CO2e_IPPU,2022,,,,,,,,,,,,,,,,,,0.0066,,,,,,,,,,,,,,,,,,,,
BAU,0,,LEAD_PROD,CO2e_IPPU,2023,,,,,,,,,,,,,,,,,,0.0067,,,,,,,,,,,,,,,,,,,,
BAU,0,,LEAD_PROD,CO2e_IPPU,2024,,,,,,,,,,,,,,,,,,0.0069,,,,,,,,,,,,,,,,,,,,
BAU,0,,LEAD_PROD,CO2e_IPPU,2025,,,,,,,,,,,,,,,,,,0.007,,,,,,,,,,,,,,,,,,,,
BAU,0,,LEAD_PROD,CO2e_IPPU,2026,,,,,,,,,,,,,,,,,,0.0072,,,,,,,,,,,,,,,,,,,,
BAU,0,,LEAD_PROD,CO2e_IPPU,2027,,,,,,,,,,,,,,,,,,0.0073,,,,,,,,,,,,,,,,,,,,
BAU,0,,LEAD_PROD,CO2e_IPPU,2028,,,,,,,,,,,,,,,,,,0.0075,,,,,,,,,,,,,,,,,,,,
BAU,0,,LEAD_PROD,CO2e_IPPU,2029,,,,,,,,,,,,,,,,,,0.0077,,,,,,,,,,,,,,,,,,,,
BAU,0,,LEAD_PROD,CO2e_IPPU,2030,,,,,,,,,,,,,,,,,,0.0078,,,,,,,,,,,,,,,,,,,,
BAU,0,,LEAD_PROD,CO2e_IPPU,2031,,,,,,,,,,,,,,,,,,0.008,,,,,,,,,,,,,,,,,,,,
BAU,0,,LEAD_PROD,CO2e_IPPU,2032,,,,,,,,,,,,,,,,,,0.0082,,,,,,,,,,,,,,,,,,,,
BAU,0,,LEAD_PROD,CO2e_IPPU,2033,,,,,,,,,,,,,,,,,,0.0083,,,,,,,,,,,,,,,,,,,,
BAU,0,,LEAD_PROD,CO2e_IPPU,2034,,,,,,,,,,,,,,,,,,0.0085,,,,,,,,,,,,,,,,,,,,
BAU,0,,LEAD_PROD,CO2e_IPPU,2035,,,,,,,,,,,,,,,,,,0.0087,,,,,,,,,,,,,,,,,,,,
BAU,0,,LUBRI,CO2e_IPPU,2013,,,,,,,,,,,,,,,,,,0.0028,,,,,,,,,,,,,,,,,,,,
BAU,0,,LUBRI,CO2e_IPPU,2014,,,,,,,,,,,,,,,,,,0.0054,,,,,,,,,,,,,,,,,,,,
BAU,0,,LUBRI,CO2e_IPPU,2015,,,,,,,,,,,,,,,,,,0.0056,,,,,,,,,,,,,,,,,,,,
BAU,0,,LUBRI,CO2e_IPPU,2016,,,,,,,,,,,,,,,,,,0.0057,,,,,,,,,,,,,,,,,,,,
BAU,0,,LUBRI,CO2e_IPPU,2017,,,,,,,,,,,,,,,,,,0.0053,,,,,,,,,,,,,,,,,,,,
BAU,0,,LUBRI,CO2e_IPPU,2018,,,,,,,,,,,,,,,,,,0.0049,,,,,,,,,,,,,,,,,,,,
BAU,0,,LUBRI,CO2e_IPPU,2019,,,,,,,,,,,,,,,,,,0.0043,,,,,,,,,,,,,,,,,,,,
BAU,0,,LUBRI,CO2e_IPPU,2020,,,,,,,,,,,,,,,,,,0.0037,,,,,,,,,,,,,,,,,,,,
BAU,0,,LUBRI,CO2e_IPPU,2021,,,,,,,,,,,,,,,,,,0.0036,,,,,,,,,,,,,,,,,,,,
BAU,0,,LUBRI,CO2e_IPPU,2022,,,,,,,,,,,,,,,,,,0.003,,,,,,,,,,,,,,,,,,,,
BAU,0,,LUBRI,CO2e_IPPU,2023,,,,,,,,,,,,,,,,,,0.0031,,,,,,,,,,,,,,,,,,,,
BAU,0,,LUBRI,CO2e_IPPU,2024,,,,,,,,,,,,,,,,,,0.0031,,,,,,,,,,,,,,,,,,,,
BAU,0,,LUBRI,CO2e_IPPU,2025,,,,,,,,,,,,,,,,,,0.0032,,,,,,,,,,,,,,,,,,,,
BAU,0,,LUBRI,CO2e_IPPU,2026,,,,,,,,,,,,,,,,,,0.0033,,,,,,,,,,,,,,,,,,,,
BAU,0,,LUBRI,CO2e_IPPU,2027,,,,,,,,,,,,,,,,,,0.0033,,,,,,,,,,,,,,,,,,,,
BAU,0,,LUBRI,CO2e_IPPU,2028,,,,,,,,,,,,,,,,,,0.0034,,,,,,,,,,,,,,,,,,,,
BAU,0,,LUBRI,CO2e_IPPU,2029,,,,,,,,,,,,,,,,,,0.0035,,,,,,,,,,,,,,,,,,,,
BAU,0,,LUBRI,CO2e_IPPU,2030,,,,,,,,,,,,,,,,,,0.0036,,,,,,,,,,,,,,,,,,,,
BAU,0,,LUBRI,CO2e_IPPU,2031,,,,,,,,,,,,,,,,,,0.0036,,,,,,,,,,,,,,,,,,,,
BAU,0,,LUBRI,CO2e_IPPU,2032,,,,,,,,,,,,,,,,,,0.0037,,,,,,,,,,,,,,,,,,,,
BAU,0,,LUBRI,CO2e_IPPU,2033,,,,,,,,,,,,,,,,,,0.0038,,,,,,,,,,,,,,,,,,,,
BAU,0,,LUBRI,CO2e_IPPU,2034,,,,,,,,,,,,,,,,,,0.0039,,,,,,,,,,,,,,,,,,,,
BAU,0,,LUBRI,CO2e_IPPU,2035,,,,,,,,,,,,,,,,,,0.0039,,,,,,,,,,,,,,,,,,,,
BAU,0,E5INDCEM_PROD,,,2010,5.2749,,,,,,,,,,,,,,,,,,,,,,,,,,,,,,,,,,,,,
BAU,0,E5INDCEM_PROD,,,2011,5.6682,,,,,,,,,,,,,,,,,,,,,,,,,,,,,,,,,,,,,
BAU,0,E5INDCEM_PROD,,,2012,6.0615,,,,,,,,,,,,,,,,,,,,,,,,,,,,,,,,,,,,,
BAU,0,E5INDCEM_PROD,,,2013,6.3078,,,,,,,,,,,,,,,,,,,,,,,,,,,,,,,,,,,,,
BAU,0,E5INDCEM_PROD,,,2014,6.5541,,,,,,,,,,,,,,,,,,,,,,,,,,,,,,,,,,,,,
BAU,0,E5INDCEM_PROD,,,2015,5.7819,,,,,,,,,,,,,,,,,,,,,,,,,,,,,,,,,,,,,
BAU,0,E5INDCEM_PROD,,,2016,5.0097,,,,,,,,,,,,,,,,,,,,,,,,,,,,,,,,,,,,,
BAU,0,E5INDCEM_PROD,,,2017,5.0328,,,,,,,,,,,,,,,,,,,,,,,,,,,,,,,,,,,,,
BAU,0,E5INDCEM_PROD,,,2018,5.0559,,,,,,,,,,,,,,,,,,,,,,,,,,,,,,,,,,,,,
BAU,0,E5INDCEM_PROD,,,2019,4.2404,,,,,,,,,,,,,,,,,,,,,,,,,,,,,,,,,,,,,
BAU,0,E5INDCEM_PROD,,,2020,3.4119,,,,,,,,,,,,,,,,,,,,,,,,,,,,,,,,,,,,,
BAU,0,E5INDCEM_PROD,,,2021,5.0137,,,,,,,,,,,,,,,,,,,,,,,,,,,,,,,,,,,,,
BAU,0,E5INDCEM_PROD,,,2022,4.6246,,,,,,,,,,,,,,,,,,,,,,,,,,,,,,,,,,,,,
BAU,0,E5INDCEM_PROD,,,2023,4.8611,,,,,,,,,,,,,,,,,,,,,,,,,,,,,,,,,,,,,
BAU,0,E5INDCEM_PROD,,,2024,5.0975,,,,,,,,,,,,,,,,,,,,,,,,,,,,,,,,,,,,,
BAU,0,E5INDCEM_PROD,,,2025,5.334,,,,,,,,,,,,,,,,,,,,,,,,,,,,,,,,,,,,,
BAU,0,E5INDCEM_PROD,,,2026,5.5704,,,,,,,,,,,,,,,,,,,,,,,,,,,,,,,,,,,,,
BAU,0,E5INDCEM_PROD,,,2027,5.8068,,,,,,,,,,,,,,,,,,,,,,,,,,,,,,,,,,,,,
BAU,0,E5INDCEM_PROD,,,2028,6.0433,,,,,,,,,,,,,,,,,,,,,,,,,,,,,,,,,,,,,
BAU,0,E5INDCEM_PROD,,,2029,6.2798,,,,,,,,,,,,,,,,,,,,,,,,,,,,,,,,,,,,,
BAU,0,E5INDCEM_PROD,,,2030,6.5162,,,,,,,,,,,,,,,,,,,,,,,,,,,,,,,,,,,,,
BAU,0,E5INDCEM_PROD,,,2031,6.7527,,,,,,,,,,,,,,,,,,,,,,,,,,,,,,,,,,,,,
BAU,0,E5INDCEM_PROD,,,2032,6.9892,,,,,,,,,,,,,,,,,,,,,,,,,,,,,,,,,,,,,
BAU,0,E5INDCEM_PROD,,,2033,7.2256,,,,,,,,,,,,,,,,,,,,,,,,,,,,,,,,,,,,,
BAU,0,E5INDCEM_PROD,,,2034,7.4621,,,,,,,,,,,,,,,,,,,,,,,,,,,,,,,,,,,,,
BAU,0,E5INDCEM_PROD,,,2035,7.6985,,,,,,,,,,,,,,,,,,,,,,,,,,,,,,,,,,,,,
BAU,0,E5IPPUHFC23,,,2010,0.0034,,,,,,,,,,,,,,,,,,,,,,,,,,,,,,,,,,,,,
BAU,0,E5IPPUHFC23,,,2011,0.0026,,,,,,,,,,,,,,,,,,,,,,,,,,,,,,,,,,,,,
BAU,0,E5IPPUHFC23,,,2012,0.002,,,,,,,,,,,,,,,,,,,,,,,,,,,,,,,,,,,,,
BAU,0,E5IPPUHFC23,,,2013,0.0015,,,,,,,,,,,,,,,,,,,,,,,,,,,,,,,,,,,,,
BAU,0,E5IPPUHFC23,,,2014,0.0011,,,,,,,,,,,,,,,,,,,,,,,,,,,,,,,,,,,,,
BAU,0,E5IPPUHFC23,,,2015,0.0009,,,,,,,,,,,,,,,,,,,,,,,,,,,,,,,,,,,,,
BAU,0,E5IPPUHFC23,,,2016,0.0006,,,,,,,,,,,,,,,,,,,,,,,,,,,,,,,,,,,,,
BAU,0,E5IPPUHFC23,,,2017,0.0005,,,,,,,,,,,,,,,,,,,,,,,,,,,,,,,,,,,,,
BAU,0,E5IPPUHFC23,,,2018,0.0004,,,,,,,,,,,,,,,,,,,,,,,,,,,,,,,,,,,,,
BAU,0,E5IPPUHFC23,,,2019,0.0003,,,,,,,,,,,,,,,,,,,,,,,,,,,,,,,,,,,,,
BAU,0,E5IPPUHFC23,,,2020,0.0003,,,,,,,,,,,,,,,,,,,,,,,,,,,,,,,,,,,,,
BAU,0,E5IPPUHFC23,,,2021,0.0002,,,,,,,,,,,,,,,,,,,,,,,,,,,,,,,,,,,,,
BAU,0,E5IPPUHFC23,,,2022,0.0006,,,,,,,,,,,,,,,,,,,,,,,,,,,,,,,,,,,,,
BAU,0,E5IPPUHFC23,,,2023,0.0007,,,,,,,,,,,,,,,,,,,,,,,,,,,,,,,,,,,,,
BAU,0,E5IPPUHFC23,,,2024,0.0008,,,,,,,,,,,,,,,,,,,,,,,,,,,,,,,,,,,,,
BAU,0,E5IPPUHFC23,,,2025,0.001,,,,,,,,,,,,,,,,,,,,,,,,,,,,,,,,,,,,,
BAU,0,E5IPPUHFC23,,,2026,0.0011,,,,,,,,,,,,,,,,,,,,,,,,,,,,,,,,,,,,,
BAU,0,E5IPPUHFC23,,,2027,0.0012,,,,,,,,,,,,,,,,,,,,,,,,,,,,,,,,,,,,,
BAU,0,E5IPPUHFC23,,,2028,0.0013,,,,,,,,,,,,,,,,,,,,,,,,,,,,,,,,,,,,,
BAU,0,E5IPPUHFC23,,,2029,0.0015,,,,,,,,,,,,,,,,,,,,,,,,,,,,,,,,,,,,,
BAU,0,E5IPPUHFC23,,,2030,0.0016,,,,,,,,,,,,,,,,,,,,,,,,,,,,,,,,,,,,,
BAU,0,E5IPPUHFC23,,,2031,0.0016,,,,,,,,,,,,,,,,,,,,,,,,,,,,,,,,,,,,,
BAU,0,E5IPPUHFC23,,,2032,0.0016,,,,,,,,,,,,,,,,,,,,,,,,,,,,,,,,,,,,,
BAU,0,E5IPPUHFC23,,,2033,0.0016,,,,,,,,,,,,,,,,,,,,,,,,,,,,,,,,,,,,,
BAU,0,E5IPPUHFC23,,,2034,0.0016,,,,,,,,,,,,,,,,,,,,,,,,,,,,,,,,,,,,,
BAU,0,E5IPPUHFC23,,,2035,0.0016,,,,,,,,,,,,,,,,,,,,,,,,,,,,,,,,,,,,,
BAU,0,E5IPPUHFC32,,,2010,0.0043,,,,,,,,,,,,,,,,,,,,,,,,,,,,,,,,,,,,,
BAU,0,E5IPPUHFC32,,,2011,0.0038,,,,,,,,,,,,,,,,,,,,,,,,,,,,,,,,,,,,,
BAU,0,E5IPPUHFC32,,,2012,0.0052,,,,,,,,,,,,,,,,,,,,,,,,,,,,,,,,,,,,,
BAU,0,E5IPPUHFC32,,,2013,0.0069,,,,,,,,,,,,,,,,,,,,,,,,,,,,,,,,,,,,,
BAU,0,E5IPPUHFC32,,,2014,0.0062,,,,,,,,,,,,,,,,,,,,,,,,,,,,,,,,,,,,,
BAU,0,E5IPPUHFC32,,,2015,0.0055,,,,,,,,,,,,,,,,,,,,,,,,,,,,,,,,,,,,,
BAU,0,E5IPPUHFC32,,,2016,0.005,,,,,,,,,,,,,,,,,,,,,,,,,,,,,,,,,,,,,
BAU,0,E5IPPUHFC32,,,2017,0.0044,,,,,,,,,,,,,,,,,,,,,,,,,,,,,,,,,,,,,
BAU,0,E5IPPUHFC32,,,2018,0.004,,,,,,,,,,,,,,,,,,,,,,,,,,,,,,,,,,,,,
BAU,0,E5IPPUHFC32,,,2019,0.0232,,,,,,,,,,,,,,,,,,,,,,,,,,,,,,,,,,,,,
BAU,0,E5IPPUHFC32,,,2020,0.0359,,,,,,,,,,,,,,,,,,,,,,,,,,,,,,,,,,,,,
BAU,0,E5IPPUHFC32,,,2021,0.0479,,,,,,,,,,,,,,,,,,,,,,,,,,,,,,,,,,,,,
BAU,0,E5IPPUHFC32,,,2022,0.0737,,,,,,,,,,,,,,,,,,,,,,,,,,,,,,,,,,,,,
BAU,0,E5IPPUHFC32,,,2023,0.0898,,,,,,,,,,,,,,,,,,,,,,,,,,,,,,,,,,,,,
BAU,0,E5IPPUHFC32,,,2024,0.1059,,,,,,,,,,,,,,,,,,,,,,,,,,,,,,,,,,,,,
BAU,0,E5IPPUHFC32,,,2025,0.122,,,,,,,,,,,,,,,,,,,,,,,,,,,,,,,,,,,,,
BAU,0,E5IPPUHFC32,,,2026,0.1381,,,,,,,,,,,,,,,,,,,,,,,,,,,,,,,,,,,,,
BAU,0,E5IPPUHFC32,,,2027,0.1541,,,,,,,,,,,,,,,,,,,,,,,,,,,,,,,,,,,,,
BAU,0,E5IPPUHFC32,,,2028,0.1702,,,,,,,,,,,,,,,,,,,,,,,,,,,,,,,,,,,,,
BAU,0,E5IPPUHFC32,,,2029,0.1863,,,,,,,,,,,,,,,,,,,,,,,,,,,,,,,,,,,,,
BAU,0,E5IPPUHFC32,,,2030,0.2023,,,,,,,,,,,,,,,,,,,,,,,,,,,,,,,,,,,,,
BAU,0,E5IPPUHFC32,,,2031,0.2028,,,,,,,,,,,,,,,,,,,,,,,,,,,,,,,,,,,,,
BAU,0,E5IPPUHFC32,,,2032,0.2032,,,,,,,,,,,,,,,,,,,,,,,,,,,,,,,,,,,,,
BAU,0,E5IPPUHFC32,,,2033,0.2036,,,,,,,,,,,,,,,,,,,,,,,,,,,,,,,,,,,,,
BAU,0,E5IPPUHFC32,,,2034,0.204,,,,,,,,,,,,,,,,,,,,,,,,,,,,,,,,,,,,,
BAU,0,E5IPPUHFC32,,,2035,0.2045,,,,,,,,,,,,,,,,,,,,,,,,,,,,,,,,,,,,,
BAU,0,E5IPPUHFC125,,,2010,0.0091,,,,,,,,,,,,,,,,,,,,,,,,,,,,,,,,,,,,,
BAU,0,E5IPPUHFC125,,,2011,0.0108,,,,,,,,,,,,,,,,,,,,,,,,,,,,,,,,,,,,,
BAU,0,E5IPPUHFC125,,,2012,0.0126,,,,,,,,,,,,,,,,,,,,,,,,,,,,,,,,,,,,,
BAU,0,E5IPPUHFC125,,,2013,0.0137,,,,,,,,,,,,,,,,,,,,,,,,,,,,,,,,,,,,,
BAU,0,E5IPPUHFC125,,,2014,0.0101,,,,,,,,,,,,,,,,,,,,,,,,,,,,,,,,,,,,,
BAU,0,E5IPPUHFC125,,,2015,0.0085,,,,,,,,,,,,,,,,,,,,,,,,,,,,,,,,,,,,,
BAU,0,E5IPPUHFC125,,,2016,0.0067,,,,,,,,,,,,,,,,,,,,,,,,,,,,,,,,,,,,,
BAU,0,E5IPPUHFC125,,,2017,0.0063,,,,,,,,,,,,,,,,,,,,,,,,,,,,,,,,,,,,,
BAU,0,E5IPPUHFC125,,,2018,0.0068,,,,,,,,,,,,,,,,,,,,,,,,,,,,,,,,,,,,,
BAU,0,E5IPPUHFC125,,,2019,0.0652,,,,,,,,,,,,,,,,,,,,,,,,,,,,,,,,,,,,,
BAU,0,E5IPPUHFC125,,,2020,0.0954,,,,,,,,,,,,,,,,,,,,,,,,,,,,,,,,,,,,,
BAU,0,E5IPPUHFC125,,,2021,0.1172,,,,,,,,,,,,,,,,,,,,,,,,,,,,,,,,,,,,,
BAU,0,E5IPPUHFC125,,,2022,0.1854,,,,,,,,,,,,,,,,,,,,,,,,,,,,,,,,,,,,,
BAU,0,E5IPPUHFC125,,,2023,0.2258,,,,,,,,,,,,,,,,,,,,,,,,,,,,,,,,,,,,,
BAU,0,E5IPPUHFC125,,,2024,0.2662,,,,,,,,,,,,,,,,,,,,,,,,,,,,,,,,,,,,,
BAU,0,E5IPPUHFC125,,,2025,0.3066,,,,,,,,,,,,,,,,,,,,,,,,,,,,,,,,,,,,,
BAU,0,E5IPPUHFC125,,,2026,0.3469,,,,,,,,,,,,,,,,,,,,,,,,,,,,,,,,,,,,,
BAU,0,E5IPPUHFC125,,,2027,0.3873,,,,,,,,,,,,,,,,,,,,,,,,,,,,,,,,,,,,,
BAU,0,E5IPPUHFC125,,,2028,0.4277,,,,,,,,,,,,,,,,,,,,,,,,,,,,,,,,,,,,,
BAU,0,E5IPPUHFC125,,,2029,0.4681,,,,,,,,,,,,,,,,,,,,,,,,,,,,,,,,,,,,,
BAU,0,E5IPPUHFC125,,,2030,0.5085,,,,,,,,,,,,,,,,,,,,,,,,,,,,,,,,,,,,,
BAU,0,E5IPPUHFC125,,,2031,0.5096,,,,,,,,,,,,,,,,,,,,,,,,,,,,,,,,,,,,,
BAU,0,E5IPPUHFC125,,,2032,0.5106,,,,,,,,,,,,,,,,,,,,,,,,,,,,,,,,,,,,,
BAU,0,E5IPPUHFC125,,,2033,0.5117,,,,,,,,,,,,,,,,,,,,,,,,,,,,,,,,,,,,,
BAU,0,E5IPPUHFC125,,,2034,0.5128,,,,,,,,,,,,,,,,,,,,,,,,,,,,,,,,,,,,,
BAU,0,E5IPPUHFC125,,,2035,0.5139,,,,,,,,,,,,,,,,,,,,,,,,,,,,,,,,,,,,,
BAU,0,E5IPPUHFC134a,,,2010,0.0794,,,,,,,,,,,,,,,,,,,,,,,,,,,,,,,,,,,,,
BAU,0,E5IPPUHFC134a,,,2011,0.0906,,,,,,,,,,,,,,,,,,,,,,,,,,,,,,,,,,,,,
BAU,0,E5IPPUHFC134a,,,2012,0.1235,,,,,,,,,,,,,,,,,,,,,,,,,,,,,,,,,,,,,
BAU,0,E5IPPUHFC134a,,,2013,0.1658,,,,,,,,,,,,,,,,,,,,,,,,,,,,,,,,,,,,,
BAU,0,E5IPPUHFC134a,,,2014,0.2255,,,,,,,,,,,,,,,,,,,,,,,,,,,,,,,,,,,,,
BAU,0,E5IPPUHFC134a,,,2015,0.2765,,,,,,,,,,,,,,,,,,,,,,,,,,,,,,,,,,,,,
BAU,0,E5IPPUHFC134a,,,2016,0.3072,,,,,,,,,,,,,,,,,,,,,,,,,,,,,,,,,,,,,
BAU,0,E5IPPUHFC134a,,,2017,0.3382,,,,,,,,,,,,,,,,,,,,,,,,,,,,,,,,,,,,,
BAU,0,E5IPPUHFC134a,,,2018,0.3628,,,,,,,,,,,,,,,,,,,,,,,,,,,,,,,,,,,,,
BAU,0,E5IPPUHFC134a,,,2019,0.3978,,,,,,,,,,,,,,,,,,,,,,,,,,,,,,,,,,,,,
BAU,0,E5IPPUHFC134a,,,2020,0.427,,,,,,,,,,,,,,,,,,,,,,,,,,,,,,,,,,,,,
BAU,0,E5IPPUHFC134a,,,2021,0.4122,,,,,,,,,,,,,,,,,,,,,,,,,,,,,,,,,,,,,
BAU,0,E5IPPUHFC134a,,,2022,0.4691,,,,,,,,,,,,,,,,,,,,,,,,,,,,,,,,,,,,,
BAU,0,E5IPPUHFC134a,,,2023,0.5713,,,,,,,,,,,,,,,,,,,,,,,,,,,,,,,,,,,,,
BAU,0,E5IPPUHFC134a,,,2024,0.6735,,,,,,,,,,,,,,,,,,,,,,,,,,,,,,,,,,,,,
BAU,0,E5IPPUHFC134a,,,2025,0.7757,,,,,,,,,,,,,,,,,,,,,,,,,,,,,,,,,,,,,
BAU,0,E5IPPUHFC134a,,,2026,0.8778,,,,,,,,,,,,,,,,,,,,,,,,,,,,,,,,,,,,,
BAU,0,E5IPPUHFC134a,,,2027,0.98,,,,,,,,,,,,,,,,,,,,,,,,,,,,,,,,,,,,,
BAU,0,E5IPPUHFC134a,,,2028,1.0822,,,,,,,,,,,,,,,,,,,,,,,,,,,,,,,,,,,,,
BAU,0,E5IPPUHFC134a,,,2029,1.1844,,,,,,,,,,,,,,,,,,,,,,,,,,,,,,,,,,,,,
BAU,0,E5IPPUHFC134a,,,2030,1.2865,,,,,,,,,,,,,,,,,,,,,,,,,,,,,,,,,,,,,
BAU,0,E5IPPUHFC134a,,,2031,1.2893,,,,,,,,,,,,,,,,,,,,,,,,,,,,,,,,,,,,,
BAU,0,E5IPPUHFC134a,,,2032,1.292,,,,,,,,,,,,,,,,,,,,,,,,,,,,,,,,,,,,,
BAU,0,E5IPPUHFC134a,,,2033,1.2947,,,,,,,,,,,,,,,,,,,,,,,,,,,,,,,,,,,,,
BAU,0,E5IPPUHFC134a,,,2034,1.2974,,,,,,,,,,,,,,,,,,,,,,,,,,,,,,,,,,,,,
BAU,0,E5IPPUHFC134a,,,2035,1.3001,,,,,,,,,,,,,,,,,,,,,,,,,,,,,,,,,,,,,
BAU,0,E5IPPUHFC143a,,,2010,0.0078,,,,,,,,,,,,,,,,,,,,,,,,,,,,,,,,,,,,,
BAU,0,E5IPPUHFC143a,,,2011,0.0109,,,,,,,,,,,,,,,,,,,,,,,,,,,,,,,,,,,,,
BAU,0,E5IPPUHFC143a,,,2012,0.0125,,,,,,,,,,,,,,,,,,,,,,,,,,,,,,,,,,,,,
BAU,0,E5IPPUHFC143a,,,2013,0.0094,,,,,,,,,,,,,,,,,,,,,,,,,,,,,,,,,,,,,
BAU,0,E5IPPUHFC143a,,,2014,0.0063,,,,,,,,,,,,,,,,,,,,,,,,,,,,,,,,,,,,,
BAU,0,E5IPPUHFC143a,,,2015,0.0086,,,,,,,,,,,,,,,,,,,,,,,,,,,,,,,,,,,,,
BAU,0,E5IPPUHFC143a,,,2016,0.0085,,,,,,,,,,,,,,,,,,,,,,,,,,,,,,,,,,,,,
BAU,0,E5IPPUHFC143a,,,2017,0.006,,,,,,,,,,,,,,,,,,,,,,,,,,,,,,,,,,,,,
BAU,0,E5IPPUHFC143a,,,2018,0.0039,,,,,,,,,,,,,,,,,,,,,,,,,,,,,,,,,,,,,
BAU,0,E5IPPUHFC143a,,,2019,0.0409,,,,,,,,,,,,,,,,,,,,,,,,,,,,,,,,,,,,,
BAU,0,E5IPPUHFC143a,,,2020,0.0662,,,,,,,,,,,,,,,,,,,,,,,,,,,,,,,,,,,,,
BAU,0,E5IPPUHFC143a,,,2021,0.0797,,,,,,,,,,,,,,,,,,,,,,,,,,,,,,,,,,,,,
BAU,0,E5IPPUHFC143a,,,2022,0.1464,,,,,,,,,,,,,,,,,,,,,,,,,,,,,,,,,,,,,
BAU,0,E5IPPUHFC143a,,,2023,0.1783,,,,,,,,,,,,,,,,,,,,,,,,,,,,,,,,,,,,,
BAU,0,E5IPPUHFC143a,,,2024,0.2101,,,,,,,,,,,,,,,,,,,,,,,,,,,,,,,,,,,,,
BAU,0,E5IPPUHFC143a,,,2025,0.242,,,,,,,,,,,,,,,,,,,,,,,,,,,,,,,,,,,,,
BAU,0,E5IPPUHFC143a,,,2026,0.2739,,,,,,,,,,,,,,,,,,,,,,,,,,,,,,,,,,,,,
BAU,0,E5IPPUHFC143a,,,2027,0.3058,,,,,,,,,,,,,,,,,,,,,,,,,,,,,,,,,,,,,
BAU,0,E5IPPUHFC143a,,,2028,0.3377,,,,,,,,,,,,,,,,,,,,,,,,,,,,,,,,,,,,,
BAU,0,E5IPPUHFC143a,,,2029,0.3696,,,,,,,,,,,,,,,,,,,,,,,,,,,,,,,,,,,,,
BAU,0,E5IPPUHFC143a,,,2030,0.4014,,,,,,,,,,,,,,,,,,,,,,,,,,,,,,,,,,,,,
BAU,0,E5IPPUHFC143a,,,2031,0.4023,,,,,,,,,,,,,,,,,,,,,,,,,,,,,,,,,,,,,
BAU,0,E5IPPUHFC143a,,,2032,0.4031,,,,,,,,,,,,,,,,,,,,,,,,,,,,,,,,,,,,,
BAU,0,E5IPPUHFC143a,,,2033,0.404,,,,,,,,,,,,,,,,,,,,,,,,,,,,,,,,,,,,,
BAU,0,E5IPPUHFC143a,,,2034,0.4048,,,,,,,,,,,,,,,,,,,,,,,,,,,,,,,,,,,,,
BAU,0,E5IPPUHFC143a,,,2035,0.4057,,,,,,,,,,,,,,,,,,,,,,,,,,,,,,,,,,,,,
BAU,0,E5IPPUHFC152a,,,2013,0.0007,,,,,,,,,,,,,,,,,,,,,,,,,,,,,,,,,,,,,
BAU,0,E5IPPUHFC152a,,,2014,0.0014,,,,,,,,,,,,,,,,,,,,,,,,,,,,,,,,,,,,,
BAU,0,E5IPPUHFC152a,,,2015,0.0007,,,,,,,,,,,,,,,,,,,,,,,,,,,,,,,,,,,,,
BAU,0,E5IPPUHFC152a,,,2016,0.0014,,,,,,,,,,,,,,,,,,,,,,,,,,,,,,,,,,,,,
BAU,0,E5IPPUHFC152a,,,2017,0.0014,,,,,,,,,,,,,,,,,,,,,,,,,,,,,,,,,,,,,
BAU,0,E5IPPUHFC152a,,,2018,0.0007,,,,,,,,,,,,,,,,,,,,,,,,,,,,,,,,,,,,,
BAU,0,E5IPPUHFC152a,,,2019,0.0007,,,,,,,,,,,,,,,,,,,,,,,,,,,,,,,,,,,,,
BAU,0,E5IPPUHFC152a,,,2020,0.0007,,,,,,,,,,,,,,,,,,,,,,,,,,,,,,,,,,,,,
BAU,0,E5IPPUHFC152a,,,2021,0.0014,,,,,,,,,,,,,,,,,,,,,,,,,,,,,,,,,,,,,
BAU,0,E5IPPUHFC152a,,,2022,0.0022,,,,,,,,,,,,,,,,,,,,,,,,,,,,,,,,,,,,,
BAU,0,E5IPPUHFC152a,,,2023,0.0024,,,,,,,,,,,,,,,,,,,,,,,,,,,,,,,,,,,,,
BAU,0,E5IPPUHFC152a,,,2024,0.0029,,,,,,,,,,,,,,,,,,,,,,,,,,,,,,,,,,,,,
BAU,0,E5IPPUHFC152a,,,2025,0.0033,,,,,,,,,,,,,,,,,,,,,,,,,,,,,,,,,,,,,
BAU,0,E5IPPUHFC152a,,,2026,0.0038,,,,,,,,,,,,,,,,,,,,,,,,,,,,,,,,,,,,,
BAU,0,E5IPPUHFC152a,,,2027,0.0042,,,,,,,,,,,,,,,,,,,,,,,,,,,,,,,,,,,,,
BAU,0,E5IPPUHFC152a,,,2028,0.0046,,,,,,,,,,,,,,,,,,,,,,,,,,,,,,,,,,,,,
BAU,0,E5IPPUHFC152a,,,2029,0.0051,,,,,,,,,,,,,,,,,,,,,,,,,,,,,,,,,,,,,
BAU,0,E5IPPUHFC152a,,,2030,0.0055,,,,,,,,,,,,,,,,,,,,,,,,,,,,,,,,,,,,,
BAU,0,E5IPPUHFC152a,,,2031,0.0055,,,,,,,,,,,,,,,,,,,,,,,,,,,,,,,,,,,,,
BAU,0,E5IPPUHFC152a,,,2032,0.0055,,,,,,,,,,,,,,,,,,,,,,,,,,,,,,,,,,,,,
BAU,0,E5IPPUHFC152a,,,2033,0.0055,,,,,,,,,,,,,,,,,,,,,,,,,,,,,,,,,,,,,
BAU,0,E5IPPUHFC152a,,,2034,0.0056,,,,,,,,,,,,,,,,,,,,,,,,,,,,,,,,,,,,,
BAU,0,E5IPPUHFC152a,,,2035,0.0056,,,,,,,,,,,,,,,,,,,,,,,,,,,,,,,,,,,,,
BAU,0,E5IPPULIME_PROD,,,2010,0.0665,,,,,,,,,,,,,,,,,,,,,,,,,,,,,,,,,,,,,
BAU,0,E5IPPULIME_PROD,,,2011,0.0692,,,,,,,,,,,,,,,,,,,,,,,,,,,,,,,,,,,,,
BAU,0,E5IPPULIME_PROD,,,2012,0.0719,,,,,,,,,,,,,,,,,,,,,,,,,,,,,,,,,,,,,
BAU,0,E5IPPULIME_PROD,,,2013,0.0742,,,,,,,,,,,,,,,,,,,,,,,,,,,,,,,,,,,,,
BAU,0,E5IPPULIME_PROD,,,2014,0.0766,,,,,,,,,,,,,,,,,,,,,,,,,,,,,,,,,,,,,
BAU,0,E5IPPULIME_PROD,,,2015,0.0852,,,,,,,,,,,,,,,,,,,,,,,,,,,,,,,,,,,,,
BAU,0,E5IPPULIME_PROD,,,2016,0.0938,,,,,,,,,,,,,,,,,,,,,,,,,,,,,,,,,,,,,
BAU,0,E5IPPULIME_PROD,,,2017,0.1005,,,,,,,,,,,,,,,,,,,,,,,,,,,,,,,,,,,,,
BAU,0,E5IPPULIME_PROD,,,2018,0.1071,,,,,,,,,,,,,,,,,,,,,,,,,,,,,,,,,,,,,
BAU,0,E5IPPULIME_PROD,,,2019,0.1144,,,,,,,,,,,,,,,,,,,,,,,,,,,,,,,,,,,,,
BAU,0,E5IPPULIME_PROD,,,2020,0.1216,,,,,,,,,,,,,,,,,,,,,,,,,,,,,,,,,,,,,
BAU,0,E5IPPULIME_PROD,,,2021,0.2199,,,,,,,,,,,,,,,,,,,,,,,,,,,,,,,,,,,,,
BAU,0,E5IPPULIME_PROD,,,2022,0.1791,,,,,,,,,,,,,,,,,,,,,,,,,,,,,,,,,,,,,
BAU,0,E5IPPULIME_PROD,,,2023,0.1829,,,,,,,,,,,,,,,,,,,,,,,,,,,,,,,,,,,,,
BAU,0,E5IPPULIME_PROD,,,2024,0.1868,,,,,,,,,,,,,,,,,,,,,,,,,,,,,,,,,,,,,
BAU,0,E5IPPULIME_PROD,,,2025,0.1908,,,,,,,,,,,,,,,,,,,,,,,,,,,,,,,,,,,,,
BAU,0,E5IPPULIME_PROD,,,2026,0.1949,,,,,,,,,,,,,,,,,,,,,,,,,,,,,,,,,,,,,
BAU,0,E5IPPULIME_PROD,,,2027,0.1991,,,,,,,,,,,,,,,,,,,,,,,,,,,,,,,,,,,,,
BAU,0,E5IPPULIME_PROD,,,2028,0.2034,,,,,,,,,,,,,,,,,,,,,,,,,,,,,,,,,,,,,
BAU,0,E5IPPULIME_PROD,,,2029,0.2077,,,,,,,,,,,,,,,,,,,,,,,,,,,,,,,,,,,,,
BAU,0,E5IPPULIME_PROD,,,2030,0.2121,,,,,,,,,,,,,,,,,,,,,,,,,,,,,,,,,,,,,
BAU,0,E5IPPULIME_PROD,,,2031,0.2167,,,,,,,,,,,,,,,,,,,,,,,,,,,,,,,,,,,,,
BAU,0,E5IPPULIME_PROD,,,2032,0.2213,,,,,,,,,,,,,,,,,,,,,,,,,,,,,,,,,,,,,
BAU,0,E5IPPULIME_PROD,,,2033,0.226,,,,,,,,,,,,,,,,,,,,,,,,,,,,,,,,,,,,,
BAU,0,E5IPPULIME_PROD,,,2034,0.2309,,,,,,,,,,,,,,,,,,,,,,,,,,,,,,,,,,,,,
BAU,0,E5IPPULIME_PROD,,,2035,0.2358,,,,,,,,,,,,,,,,,,,,,,,,,,,,,,,,,,,,,
BAU,0,E5IPPUGLASS_PROD,,,2010,0.0075,,,,,,,,,,,,,,,,,,,,,,,,,,,,,,,,,,,,,
BAU,0,E5IPPUGLASS_PROD,,,2011,0.0092,,,,,,,,,,,,,,,,,,,,,,,,,,,,,,,,,,,,,
BAU,0,E5IPPUGLASS_PROD,,,2012,0.0109,,,,,,,,,,,,,,,,,,,,,,,,,,,,,,,,,,,,,
BAU,0,E5IPPUGLASS_PROD,,,2013,0.0126,,,,,,,,,,,,,,,,,,,,,,,,,,,,,,,,,,,,,
BAU,0,E5IPPUGLASS_PROD,,,2014,0.0143,,,,,,,,,,,,,,,,,,,,,,,,,,,,,,,,,,,,,
BAU,0,E5IPPUGLASS_PROD,,,2015,0.0125,,,,,,,,,,,,,,,,,,,,,,,,,,,,,,,,,,,,,
BAU,0,E5IPPUGLASS_PROD,,,2016,0.0107,,,,,,,,,,,,,,,,,,,,,,,,,,,,,,,,,,,,,
BAU,0,E5IPPUGLASS_PROD,,,2017,0.0124,,,,,,,,,,,,,,,,,,,,,,,,,,,,,,,,,,,,,
BAU,0,E5IPPUGLASS_PROD,,,2018,0.0141,,,,,,,,,,,,,,,,,,,,,,,,,,,,,,,,,,,,,
BAU,0,E5IPPUGLASS_PROD,,,2019,0.0094,,,,,,,,,,,,,,,,,,,,,,,,,,,,,,,,,,,,,
BAU,0,E5IPPUGLASS_PROD,,,2020,0.0047,,,,,,,,,,,,,,,,,,,,,,,,,,,,,,,,,,,,,
BAU,0,E5IPPUGLASS_PROD,,,2021,0.0089,,,,,,,,,,,,,,,,,,,,,,,,,,,,,,,,,,,,,
BAU,0,E5IPPUGLASS_PROD,,,2022,0.0081,,,,,,,,,,,,,,,,,,,,,,,,,,,,,,,,,,,,,
BAU,0,E5IPPUGLASS_PROD,,,2023,0.0083,,,,,,,,,,,,,,,,,,,,,,,,,,,,,,,,,,,,,
BAU,0,E5IPPUGLASS_PROD,,,2024,0.0084,,,,,,,,,,,,,,,,,,,,,,,,,,,,,,,,,,,,,
BAU,0,E5IPPUGLASS_PROD,,,2025,0.0086,,,,,,,,,,,,,,,,,,,,,,,,,,,,,,,,,,,,,
BAU,0,E5IPPUGLASS_PROD,,,2026,0.0088,,,,,,,,,,,,,,,,,,,,,,,,,,,,,,,,,,,,,
BAU,0,E5IPPUGLASS_PROD,,,2027,0.009,,,,,,,,,,,,,,,,,,,,,,,,,,,,,,,,,,,,,
BAU,0,E5IPPUGLASS_PROD,,,2028,0.0092,,,,,,,,,,,,,,,,,,,,,,,,,,,,,,,,,,,,,
BAU,0,E5IPPUGLASS_PROD,,,2029,0.0094,,,,,,,,,,,,,,,,,,,,,,,,,,,,,,,,,,,,,
BAU,0,E5IPPUGLASS_PROD,,,2030,0.0096,,,,,,,,,,,,,,,,,,,,,,,,,,,,,,,,,,,,,
BAU,0,E5IPPUGLASS_PROD,,,2031,0.0098,,,,,,,,,,,,,,,,,,,,,,,,,,,,,,,,,,,,,
BAU,0,E5IPPUGLASS_PROD,,,2032,0.01,,,,,,,,,,,,,,,,,,,,,,,,,,,,,,,,,,,,,
BAU,0,E5IPPUGLASS_PROD,,,2033,0.0102,,,,,,,,,,,,,,,,,,,,,,,,,,,,,,,,,,,,,
BAU,0,E5IPPUGLASS_PROD,,,2034,0.0104,,,,,,,,,,,,,,,,,,,,,,,,,,,,,,,,,,,,,
BAU,0,E5IPPUGLASS_PROD,,,2035,0.0107,,,,,,,,,,,,,,,,,,,,,,,,,,,,,,,,,,,,,
BAU,0,E5IPPUCERAMICS,,,2010,0.3181,,,,,,,,,,,,,,,,,,,,,,,,,,,,,,,,,,,,,
BAU,0,E5IPPUCERAMICS,,,2011,0.4096,,,,,,,,,,,,,,,,,,,,,,,,,,,,,,,,,,,,,
BAU,0,E5IPPUCERAMICS,,,2012,0.5012,,,,,,,,,,,,,,,,,,,,,,,,,,,,,,,,,,,,,
BAU,0,E5IPPUCERAMICS,,,2013,0.4401,,,,,,,,,,,,,,,,,,,,,,,,,,,,,,,,,,,,,
BAU,0,E5IPPUCERAMICS,,,2014,0.3789,,,,,,,,,,,,,,,,,,,,,,,,,,,,,,,,,,,,,
BAU,0,E5IPPUCERAMICS,,,2015,0.383,,,,,,,,,,,,,,,,,,,,,,,,,,,,,,,,,,,,,
BAU,0,E5IPPUCERAMICS,,,2016,0.3872,,,,,,,,,,,,,,,,,,,,,,,,,,,,,,,,,,,,,
BAU,0,E5IPPUCERAMICS,,,2017,0.296,,,,,,,,,,,,,,,,,,,,,,,,,,,,,,,,,,,,,
BAU,0,E5IPPUCERAMICS,,,2018,0.2049,,,,,,,,,,,,,,,,,,,,,,,,,,,,,,,,,,,,,
BAU,0,E5IPPUCERAMICS,,,2019,0.1522,,,,,,,,,,,,,,,,,,,,,,,,,,,,,,,,,,,,,
BAU,0,E5IPPUCERAMICS,,,2020,0.0995,,,,,,,,,,,,,,,,,,,,,,,,,,,,,,,,,,,,,
BAU,0,E5IPPUCERAMICS,,,2021,0.0446,,,,,,,,,,,,,,,,,,,,,,,,,,,,,,,,,,,,,
BAU,0,E5IPPUCERAMICS,,,2022,0.2117,,,,,,,,,,,,,,,,,,,,,,,,,,,,,,,,,,,,,
BAU,0,E5IPPUCERAMICS,,,2023,0.2162,,,,,,,,,,,,,,,,,,,,,,,,,,,,,,,,,,,,,
BAU,0,E5IPPUCERAMICS,,,2024,0.2208,,,,,,,,,,,,,,,,,,,,,,,,,,,,,,,,,,,,,
BAU,0,E5IPPUCERAMICS,,,2025,0.2256,,,,,,,,,,,,,,,,,,,,,,,,,,,,,,,,,,,,,
BAU,0,E5IPPUCERAMICS,,,2026,0.2304,,,,,,,,,,,,,,,,,,,,,,,,,,,,,,,,,,,,,
BAU,0,E5IPPUCERAMICS,,,2027,0.2353,,,,,,,,,,,,,,,,,,,,,,,,,,,,,,,,,,,,,
BAU,0,E5IPPUCERAMICS,,,2028,0.2404,,,,,,,,,,,,,,,,,,,,,,,,,,,,,,,,,,,,,
BAU,0,E5IPPUCERAMICS,,,2029,0.2455,,,,,,,,,,,,,,,,,,,,,,,,,,,,,,,,,,,,,
BAU,0,E5IPPUCERAMICS,,,2030,0.2507,,,,,,,,,,,,,,,,,,,,,,,,,,,,,,,,,,,,,
BAU,0,E5IPPUCERAMICS,,,2031,0.2561,,,,,,,,,,,,,,,,,,,,,,,,,,,,,,,,,,,,,
BAU,0,E5IPPUCERAMICS,,,2032,0.2616,,,,,,,,,,,,,,,,,,,,,,,,,,,,,,,,,,,,,
BAU,0,E5IPPUCERAMICS,,,2033,0.2672,,,,,,,,,,,,,,,,,,,,,,,,,,,,,,,,,,,,,
BAU,0,E5IPPUCERAMICS,,,2034,0.2729,,,,,,,,,,,,,,,,,,,,,,,,,,,,,,,,,,,,,
BAU,0,E5IPPUCERAMICS,,,2035,0.2787,,,,,,,,,,,,,,,,,,,,,,,,,,,,,,,,,,,,,
BAU,0,E5IPPUSODA_ASH,,,2011,0.0009,,,,,,,,,,,,,,,,,,,,,,,,,,,,,,,,,,,,,
BAU,0,E5IPPUSODA_ASH,,,2012,0.0018,,,,,,,,,,,,,,,,,,,,,,,,,,,,,,,,,,,,,
BAU,0,E5IPPUSODA_ASH,,,2013,0.0018,,,,,,,,,,,,,,,,,,,,,,,,,,,,,,,,,,,,,
BAU,0,E5IPPUSODA_ASH,,,2014,0.0018,,,,,,,,,,,,,,,,,,,,,,,,,,,,,,,,,,,,,
BAU,0,E5IPPUSODA_ASH,,,2015,0.0009,,,,,,,,,,,,,,,,,,,,,,,,,,,,,,,,,,,,,
BAU,0,E5IPPUSODA_ASH,,,2017,0.0015,,,,,,,,,,,,,,,,,,,,,,,,,,,,,,,,,,,,,
BAU,0,E5IPPUSODA_ASH,,,2018,0.0031,,,,,,,,,,,,,,,,,,,,,,,,,,,,,,,,,,,,,
BAU,0,E5IPPUSODA_ASH,,,2019,0.0058,,,,,,,,,,,,,,,,,,,,,,,,,,,,,,,,,,,,,
BAU,0,E5IPPUSODA_ASH,,,2020,0.0085,,,,,,,,,,,,,,,,,,,,,,,,,,,,,,,,,,,,,
BAU,0,E5IPPUSODA_ASH,,,2021,0.0012,,,,,,,,,,,,,,,,,,,,,,,,,,,,,,,,,,,,,
BAU,0,E5IPPUSODA_ASH,,,2022,0.0017,,,,,,,,,,,,,,,,,,,,,,,,,,,,,,,,,,,,,
BAU,0,E5IPPUSODA_ASH,,,2023,0.0017,,,,,,,,,,,,,,,,,,,,,,,,,,,,,,,,,,,,,
BAU,0,E5IPPUSODA_ASH,,,2024,0.0018,,,,,,,,,,,,,,,,,,,,,,,,,,,,,,,,,,,,,
BAU,0,E5IPPUSODA_ASH,,,2025,0.0018,,,,,,,,,,,,,,,,,,,,,,,,,,,,,,,,,,,,,
BAU,0,E5IPPUSODA_ASH,,,2026,0.0019,,,,,,,,,,,,,,,,,,,,,,,,,,,,,,,,,,,,,
BAU,0,E5IPPUSODA_ASH,,,2027,0.0019,,,,,,,,,,,,,,,,,,,,,,,,,,,,,,,,,,,,,
BAU,0,E5IPPUSODA_ASH,,,2028,0.0019,,,,,,,,,,,,,,,,,,,,,,,,,,,,,,,,,,,,,
BAU,0,E5IPPUSODA_ASH,,,2029,0.002,,,,,,,,,,,,,,,,,,,,,,,,,,,,,,,,,,,,,
BAU,0,E5IPPUSODA_ASH,,,2030,0.002,,,,,,,,,,,,,,,,,,,,,,,,,,,,,,,,,,,,,
BAU,0,E5IPPUSODA_ASH,,,2031,0.0021,,,,,,,,,,,,,,,,,,,,,,,,,,,,,,,,,,,,,
BAU,0,E5IPPUSODA_ASH,,,2032,0.0021,,,,,,,,,,,,,,,,,,,,,,,,,,,,,,,,,,,,,
BAU,0,E5IPPUSODA_ASH,,,2033,0.0021,,,,,,,,,,,,,,,,,,,,,,,,,,,,,,,,,,,,,
BAU,0,E5IPPUSODA_ASH,,,2034,0.0022,,,,,,,,,,,,,,,,,,,,,,,,,,,,,,,,,,,,,
BAU,0,E5IPPUSODA_ASH,,,2035,0.0022,,,,,,,,,,,,,,,,,,,,,,,,,,,,,,,,,,,,,
BAU,0,E5IPPUIRON_STEEL,,,2010,0.0298,,,,,,,,,,,,,,,,,,,,,,,,,,,,,,,,,,,,,
BAU,0,E5IPPUIRON_STEEL,,,2011,0.0317,,,,,,,,,,,,,,,,,,,,,,,,,,,,,,,,,,,,,
BAU,0,E5IPPUIRON_STEEL,,,2012,0.0336,,,,,,,,,,,,,,,,,,,,,,,,,,,,,,,,,,,,,
BAU,0,E5IPPUIRON_STEEL,,,2013,0.0357,,,,,,,,,,,,,,,,,,,,,,,,,,,,,,,,,,,,,
BAU,0,E5IPPUIRON_STEEL,,,2014,0.0378,,,,,,,,,,,,,,,,,,,,,,,,,,,,,,,,,,,,,
BAU,0,E5IPPUIRON_STEEL,,,2015,0.0404,,,,,,,,,,,,,,,,,,,,,,,,,,,,,,,,,,,,,
BAU,0,E5IPPUIRON_STEEL,,,2016,0.0429,,,,,,,,,,,,,,,,,,,,,,,,,,,,,,,,,,,,,
BAU,0,E5IPPUIRON_STEEL,,,2017,0.0496,,,,,,,,,,,,,,,,,,,,,,,,,,,,,,,,,,,,,
BAU,0,E5IPPUIRON_STEEL,,,2018,0.0564,,,,,,,,,,,,,,,,,,,,,,,,,,,,,,,,,,,,,
BAU,0,E5IPPUIRON_STEEL,,,2019,0.0459,,,,,,,,,,,,,,,,,,,,,,,,,,,,,,,,,,,,,
BAU,0,E5IPPUIRON_STEEL,,,2020,0.0354,,,,,,,,,,,,,,,,,,,,,,,,,,,,,,,,,,,,,
BAU,0,E5IPPUIRON_STEEL,,,2021,0.0779,,,,,,,,,,,,,,,,,,,,,,,,,,,,,,,,,,,,,
BAU,0,E5IPPUIRON_STEEL,,,2022,0.0801,,,,,,,,,,,,,,,,,,,,,,,,,,,,,,,,,,,,,
BAU,0,E5IPPUIRON_STEEL,,,2023,0.0818,,,,,,,,,,,,,,,,,,,,,,,,,,,,,,,,,,,,,
BAU,0,E5IPPUIRON_STEEL,,,2024,0.0836,,,,,,,,,,,,,,,,,,,,,,,,,,,,,,,,,,,,,
BAU,0,E5IPPUIRON_STEEL,,,2025,0.0853,,,,,,,,,,,,,,,,,,,,,,,,,,,,,,,,,,,,,
BAU,0,E5IPPUIRON_STEEL,,,2026,0.0872,,,,,,,,,,,,,,,,,,,,,,,,,,,,,,,,,,,,,
BAU,0,E5IPPUIRON_STEEL,,,2027,0.089,,,,,,,,,,,,,,,,,,,,,,,,,,,,,,,,,,,,,
BAU,0,E5IPPUIRON_STEEL,,,2028,0.0909,,,,,,,,,,,,,,,,,,,,,,,,,,,,,,,,,,,,,
BAU,0,E5IPPUIRON_STEEL,,,2029,0.0929,,,,,,,,,,,,,,,,,,,,,,,,,,,,,,,,,,,,,
BAU,0,E5IPPUIRON_STEEL,,,2030,0.0949,,,,,,,,,,,,,,,,,,,,,,,,,,,,,,,,,,,,,
BAU,0,E5IPPUIRON_STEEL,,,2031,0.0969,,,,,,,,,,,,,,,,,,,,,,,,,,,,,,,,,,,,,
BAU,0,E5IPPUIRON_STEEL,,,2032,0.099,,,,,,,,,,,,,,,,,,,,,,,,,,,,,,,,,,,,,
BAU,0,E5IPPUIRON_STEEL,,,2033,0.1011,,,,,,,,,,,,,,,,,,,,,,,,,,,,,,,,,,,,,
BAU,0,E5IPPUIRON_STEEL,,,2034,0.1032,,,,,,,,,,,,,,,,,,,,,,,,,,,,,,,,,,,,,
BAU,0,E5IPPUIRON_STEEL,,,2035,0.1055,,,,,,,,,,,,,,,,,,,,,,,,,,,,,,,,,,,,,
BAU,0,E5IPPULEAD_PROD,,,2010,0.0013,,,,,,,,,,,,,,,,,,,,,,,,,,,,,,,,,,,,,
BAU,0,E5IPPULEAD_PROD,,,2011,0.0016,,,,,,,,,,,,,,,,,,,,,,,,,,,,,,,,,,,,,
BAU,0,E5IPPULEAD_PROD,,,2012,0.0019,,,,,,,,,,,,,,,,,,,,,,,,,,,,,,,,,,,,,
BAU,0,E5IPPULEAD_PROD,,,2013,0.0023,,,,,,,,,,,,,,,,,,,,,,,,,,,,,,,,,,,,,
BAU,0,E5IPPULEAD_PROD,,,2014,0.0027,,,,,,,,,,,,,,,,,,,,,,,,,,,,,,,,,,,,,
BAU,0,E5IPPULEAD_PROD,,,2015,0.0029,,,,,,,,,,,,,,,,,,,,,,,,,,,,,,,,,,,,,
BAU,0,E5IPPULEAD_PROD,,,2016,0.003,,,,,,,,,,,,,,,,,,,,,,,,,,,,,,,,,,,,,
BAU,0,E5IPPULEAD_PROD,,,2017,0.0035,,,,,,,,,,,,,,,,,,,,,,,,,,,,,,,,,,,,,
BAU,0,E5IPPULEAD_PROD,,,2018,0.004,,,,,,,,,,,,,,,,,,,,,,,,,,,,,,,,,,,,,
BAU,0,E5IPPULEAD_PROD,,,2019,0.007,,,,,,,,,,,,,,,,,,,,,,,,,,,,,,,,,,,,,
BAU,0,E5IPPULEAD_PROD,,,2020,0.01,,,,,,,,,,,,,,,,,,,,,,,,,,,,,,,,,,,,,
BAU,0,E5IPPULEAD_PROD,,,2021,0.0087,,,,,,,,,,,,,,,,,,,,,,,,,,,,,,,,,,,,,
BAU,0,E5IPPULEAD_PROD,,,2022,0.0066,,,,,,,,,,,,,,,,,,,,,,,,,,,,,,,,,,,,,
BAU,0,E5IPPULEAD_PROD,,,2023,0.0067,,,,,,,,,,,,,,,,,,,,,,,,,,,,,,,,,,,,,
BAU,0,E5IPPULEAD_PROD,,,2024,0.0069,,,,,,,,,,,,,,,,,,,,,,,,,,,,,,,,,,,,,
BAU,0,E5IPPULEAD_PROD,,,2025,0.007,,,,,,,,,,,,,,,,,,,,,,,,,,,,,,,,,,,,,
BAU,0,E5IPPULEAD_PROD,,,2026,0.0072,,,,,,,,,,,,,,,,,,,,,,,,,,,,,,,,,,,,,
BAU,0,E5IPPULEAD_PROD,,,2027,0.0073,,,,,,,,,,,,,,,,,,,,,,,,,,,,,,,,,,,,,
BAU,0,E5IPPULEAD_PROD,,,2028,0.0075,,,,,,,,,,,,,,,,,,,,,,,,,,,,,,,,,,,,,
BAU,0,E5IPPULEAD_PROD,,,2029,0.0077,,,,,,,,,,,,,,,,,,,,,,,,,,,,,,,,,,,,,
BAU,0,E5IPPULEAD_PROD,,,2030,0.0078,,,,,,,,,,,,,,,,,,,,,,,,,,,,,,,,,,,,,
BAU,0,E5IPPULEAD_PROD,,,2031,0.008,,,,,,,,,,,,,,,,,,,,,,,,,,,,,,,,,,,,,
BAU,0,E5IPPULEAD_PROD,,,2032,0.0082,,,,,,,,,,,,,,,,,,,,,,,,,,,,,,,,,,,,,
BAU,0,E5IPPULEAD_PROD,,,2033,0.0083,,,,,,,,,,,,,,,,,,,,,,,,,,,,,,,,,,,,,
BAU,0,E5IPPULEAD_PROD,,,2034,0.0085,,,,,,,,,,,,,,,,,,,,,,,,,,,,,,,,,,,,,
BAU,0,E5IPPULEAD_PROD,,,2035,0.0087,,,,,,,,,,,,,,,,,,,,,,,,,,,,,,,,,,,,,
BAU,0,E5IPPULUBRI,,,2011,0.0001,,,,,,,,,,,,,,,,,,,,,,,,,,,,,,,,,,,,,
BAU,0,E5IPPULUBRI,,,2012,0.0002,,,,,,,,,,,,,,,,,,,,,,,,,,,,,,,,,,,,,
BAU,0,E5IPPULUBRI,,,2013,0.0028,,,,,,,,,,,,,,,,,,,,,,,,,,,,,,,,,,,,,
BAU,0,E5IPPULUBRI,,,2014,0.0054,,,,,,,,,,,,,,,,,,,,,,,,,,,,,,,,,,,,,
BAU,0,E5IPPULUBRI,,,2015,0.0056,,,,,,,,,,,,,,,,,,,,,,,,,,,,,,,,,,,,,
BAU,0,E5IPPULUBRI,,,2016,0.0057,,,,,,,,,,,,,,,,,,,,,,,,,,,,,,,,,,,,,
BAU,0,E5IPPULUBRI,,,2017,0.0053,,,,,,,,,,,,,,,,,,,,,,,,,,,,,,,,,,,,,
BAU,0,E5IPPULUBRI,,,2018,0.0049,,,,,,,,,,,,,,,,,,,,,,,,,,,,,,,,,,,,,
BAU,0,E5IPPULUBRI,,,2019,0.0043,,,,,,,,,,,,,,,,,,,,,,,,,,,,,,,,,,,,,
BAU,0,E5IPPULUBRI,,,2020,0.0037,,,,,,,,,,,,,,,,,,,,,,,,,,,,,,,,,,,,,
BAU,0,E5IPPULUBRI,,,2021,0.0036,,,,,,,,,,,,,,,,,,,,,,,,,,,,,,,,,,,,,
BAU,0,E5IPPULUBRI,,,2022,0.003,,,,,,,,,,,,,,,,,,,,,,,,,,,,,,,,,,,,,
BAU,0,E5IPPULUBRI,,,2023,0.0031,,,,,,,,,,,,,,,,,,,,,,,,,,,,,,,,,,,,,
BAU,0,E5IPPULUBRI,,,2024,0.0031,,,,,,,,,,,,,,,,,,,,,,,,,,,,,,,,,,,,,
BAU,0,E5IPPULUBRI,,,2025,0.0032,,,,,,,,,,,,,,,,,,,,,,,,,,,,,,,,,,,,,
BAU,0,E5IPPULUBRI,,,2026,0.0033,,,,,,,,,,,,,,,,,,,,,,,,,,,,,,,,,,,,,
BAU,0,E5IPPULUBRI,,,2027,0.0033,,,,,,,,,,,,,,,,,,,,,,,,,,,,,,,,,,,,,
BAU,0,E5IPPULUBRI,,,2028,0.0034,,,,,,,,,,,,,,,,,,,,,,,,,,,,,,,,,,,,,
BAU,0,E5IPPULUBRI,,,2029,0.0035,,,,,,,,,,,,,,,,,,,,,,,,,,,,,,,,,,,,,
BAU,0,E5IPPULUBRI,,,2030,0.0036,,,,,,,,,,,,,,,,,,,,,,,,,,,,,,,,,,,,,
BAU,0,E5IPPULUBRI,,,2031,0.0036,,,,,,,,,,,,,,,,,,,,,,,,,,,,,,,,,,,,,
BAU,0,E5IPPULUBRI,,,2032,0.0037,,,,,,,,,,,,,,,,,,,,,,,,,,,,,,,,,,,,,
BAU,0,E5IPPULUBRI,,,2033,0.0038,,,,,,,,,,,,,,,,,,,,,,,,,,,,,,,,,,,,,
BAU,0,E5IPPULUBRI,,,2034,0.0039,,,,,,,,,,,,,,,,,,,,,,,,,,,,,,,,,,,,,
BAU,0,E5IPPULUBRI,,,2035,0.0039,,,,,,,,,,,,,,,,,,,,,,,,,,,,,,,,,,,,,
BAU,0,E5IPPUPARAFFIN,,,2010,0.0003,,,,,,,,,,,,,,,,,,,,,,,,,,,,,,,,,,,,,
BAU,0,E5IPPUPARAFFIN,,,2011,0.0002,,,,,,,,,,,,,,,,,,,,,,,,,,,,,,,,,,,,,
BAU,0,E5IPPUPARAFFIN,,,2013,0.0003,,,,,,,,,,,,,,,,,,,,,,,,,,,,,,,,,,,,,
BAU,0,E5IPPUPARAFFIN,,,2014,0.0005,,,,,,,,,,,,,,,,,,,,,,,,,,,,,,,,,,,,,
BAU,0,E5IPPUPARAFFIN,,,2015,0.0004,,,,,,,,,,,,,,,,,,,,,,,,,,,,,,,,,,,,,
BAU,0,E5IPPUPARAFFIN,,,2016,0.0004,,,,,,,,,,,,,,,,,,,,,,,,,,,,,,,,,,,,,
BAU,0,E5IPPUPARAFFIN,,,2017,0.0007,,,,,,,,,,,,,,,,,,,,,,,,,,,,,,,,,,,,,
BAU,0,E5IPPUPARAFFIN,,,2018,0.0009,,,,,,,,,,,,,,,,,,,,,,,,,,,,,,,,,,,,,
BAU,0,E5IPPUPARAFFIN,,,2019,0.0006,,,,,,,,,,,,,,,,,,,,,,,,,,,,,,,,,,,,,
BAU,0,E5IPPUPARAFFIN,,,2020,0.0003,,,,,,,,,,,,,,,,,,,,,,,,,,,,,,,,,,,,,
BAU,0,E5IPPUPARAFFIN,,,2021,0.0006,,,,,,,,,,,,,,,,,,,,,,,,,,,,,,,,,,,,,
BAU,0,E5IPPUPARAFFIN,,,2022,0.0001,,,,,,,,,,,,,,,,,,,,,,,,,,,,,,,,,,,,,
BAU,0,E5IPPUPARAFFIN,,,2023,0.0001,,,,,,,,,,,,,,,,,,,,,,,,,,,,,,,,,,,,,
BAU,0,E5IPPUPARAFFIN,,,2024,0.0001,,,,,,,,,,,,,,,,,,,,,,,,,,,,,,,,,,,,,
BAU,0,E5IPPUPARAFFIN,,,2025,0.0001,,,,,,,,,,,,,,,,,,,,,,,,,,,,,,,,,,,,,
BAU,0,E5IPPUPARAFFIN,,,2026,0.0001,,,,,,,,,,,,,,,,,,,,,,,,,,,,,,,,,,,,,
BAU,0,E5IPPUPARAFFIN,,,2027,0.0001,,,,,,,,,,,,,,,,,,,,,,,,,,,,,,,,,,,,,
BAU,0,E5IPPUPARAFFIN,,,2028,0.0001,,,,,,,,,,,,,,,,,,,,,,,,,,,,,,,,,,,,,
BAU,0,E5IPPUPARAFFIN,,,2029,0.0001,,,,,,,,,,,,,,,,,,,,,,,,,,,,,,,,,,,,,
BAU,0,E5IPPUPARAFFIN,,,2030,0.0001,,,,,,,,,,,,,,,,,,,,,,,,,,,,,,,,,,,,,
BAU,0,E5IPPUPARAFFIN,,,2031,0.0001,,,,,,,,,,,,,,,,,,,,,,,,,,,,,,,,,,,,,
BAU,0,E5IPPUPARAFFIN,,,2032,0.0001,,,,,,,,,,,,,,,,,,,,,,,,,,,,,,,,,,,,,
BAU,0,E5IPPUPARAFFIN,,,2033,0.0001,,,,,,,,,,,,,,,,,,,,,,,,,,,,,,,,,,,,,
BAU,0,E5IPPUPARAFFIN,,,2034,0.0001,,,,,,,,,,,,,,,,,,,,,,,,,,,,,,,,,,,,,
BAU,0,E5IPPUPARAFFIN,,,2035,0.0001,,,,,,,,,,,,,,,,,,,,,,,,,,,,,,,,,,,,,
BAU,0,RAW_MAT_CLK,RAW_MAT_CLK,,2010,,,,,,3.32899,,,,,,,,,,,,,,,,,,,,,,,,,,,,,,,,
BAU,0,RAW_MAT_CLK,RAW_MAT_CLK,,2011,,,,,,3.32837,,,,,,,,,,,,,,,,,,,,,,,,,,,,,,,,
BAU,0,RAW_MAT_CLK,RAW_MAT_CLK,,2012,,,,,,3.32776,,,,,,,,,,,,,,,,,,,,,,,,,,,,,,,,
BAU,0,RAW_MAT_CLK,RAW_MAT_CLK,,2013,,,,,,3.43397,,,,,,,,,,,,,,,,,,,,,,,,,,,,,,,,
BAU,0,RAW_MAT_CLK,RAW_MAT_CLK,,2014,,,,,,3.53987,,,,,,,,,,,,,,,,,,,,,,,,,,,,,,,,
BAU,0,RAW_MAT_CLK,RAW_MAT_CLK,,2015,,,,,,3.41132,,,,,,,,,,,,,,,,,,,,,,,,,,,,,,,,
BAU,0,RAW_MAT_CLK,RAW_MAT_CLK,,2016,,,,,,3.28185,,,,,,,,,,,,,,,,,,,,,,,,,,,,,,,,
BAU,0,RAW_MAT_CLK,RAW_MAT_CLK,,2017,,,,,,3.6055,,,,,,,,,,,,,,,,,,,,,,,,,,,,,,,,
BAU,0,RAW_MAT_CLK,RAW_MAT_CLK,,2018,,,,,,3.92843,,,,,,,,,,,,,,,,,,,,,,,,,,,,,,,,
BAU,0,RAW_MAT_CLK,RAW_MAT_CLK,,2019,,,,,,3.3584,,,,,,,,,,,,,,,,,,,,,,,,,,,,,,,,
BAU,0,RAW_MAT_CLK,RAW_MAT_CLK,,2020,,,,,,2.78855,,,,,,,,,,,,,,,,,,,,,,,,,,,,,,,,
BAU,0,RAW_MAT_CLK,RAW_MAT_CLK,,2021,,,,,,4.00946,,,,,,,,,,,,,,,,,,,,,,,,,,,,,,,,
BAU,0,RAW_MAT_CLK,RAW_MAT_CLK,,2022,,,,,,3.76442,,,,,,,,,,,,,,,,,,,,,,,,,,,,,,,,
BAU,0,RAW_MAT_CLK,RAW_MAT_CLK,,2023,,,,,,3.97492,,,,,,,,,,,,,,,,,,,,,,,,,,,,,,,,
BAU,0,RAW_MAT_CLK,RAW_MAT_CLK,,2024,,,,,,4.1825,,,,,,,,,,,,,,,,,,,,,,,,,,,,,,,,
BAU,0,RAW_MAT_CLK,RAW_MAT_CLK,,2025,,,,,,4.38775,,,,,,,,,,,,,,,,,,,,,,,,,,,,,,,,
BAU,0,RAW_MAT_CLK,RAW_MAT_CLK,,2026,,,,,,4.56104,,,,,,,,,,,,,,,,,,,,,,,,,,,,,,,,
BAU,0,RAW_MAT_CLK,RAW_MAT_CLK,,2027,,,,,,4.73196,,,,,,,,,,,,,,,,,,,,,,,,,,,,,,,,
BAU,0,RAW_MAT_CLK,RAW_MAT_CLK,,2028,,,,,,4.90051,,,,,,,,,,,,,,,,,,,,,,,,,,,,,,,,
BAU,0,RAW_MAT_CLK,RAW_MAT_CLK,,2029,,,,,,5.06591,,,,,,,,,,,,,,,,,,,,,,,,,,,,,,,,
BAU,0,RAW_MAT_CLK,RAW_MAT_CLK,,2030,,,,,,5.2286,,,,,,,,,,,,,,,,,,,,,,,,,,,,,,,,
BAU,0,RAW_MAT_CLK,RAW_MAT_CLK,,2031,,,,,,5.4285,,,,,,,,,,,,,,,,,,,,,,,,,,,,,,,,
BAU,0,RAW_MAT_CLK,RAW_MAT_CLK,,2032,,,,,,5.6277,,,,,,,,,,,,,,,,,,,,,,,,,,,,,,,,
BAU,0,RAW_MAT_CLK,RAW_MAT_CLK,,2033,,,,,,5.82745,,,,,,,,,,,,,,,,,,,,,,,,,,,,,,,,
BAU,0,RAW_MAT_CLK,RAW_MAT_CLK,,2034,,,,,,6.02714,,,,,,,,,,,,,,,,,,,,,,,,,,,,,,,,
BAU,0,RAW_MAT_CLK,RAW_MAT_CLK,,2035,,,,,,6.22655,,,,,,,,,,,,,,,,,,,,,,,,,,,,,,,,
BAU,0,RAW_MAT_CEM,RAW_MAT_CEM,,2010,,,,,,1.94591,,,,,,,,,,,,,,,,,,,,,,,,,,,,,,,,
BAU,0,RAW_MAT_CEM,RAW_MAT_CEM,,2011,,,,,,2.33983,,,,,,,,,,,,,,,,,,,,,,,,,,,,,,,,
BAU,0,RAW_MAT_CEM,RAW_MAT_CEM,,2012,,,,,,2.73374,,,,,,,,,,,,,,,,,,,,,,,,,,,,,,,,
BAU,0,RAW_MAT_CEM,RAW_MAT_CEM,,2013,,,,,,2.87383,,,,,,,,,,,,,,,,,,,,,,,,,,,,,,,,
BAU,0,RAW_MAT_CEM,RAW_MAT_CEM,,2014,,,,,,3.01423,,,,,,,,,,,,,,,,,,,,,,,,,,,,,,,,
BAU,0,RAW_MAT_CEM,RAW_MAT_CEM,,2015,,,,,,2.37058,,,,,,,,,,,,,,,,,,,,,,,,,,,,,,,,
BAU,0,RAW_MAT_CEM,RAW_MAT_CEM,,2016,,,,,,1.72785,,,,,,,,,,,,,,,,,,,,,,,,,,,,,,,,
BAU,0,RAW_MAT_CEM,RAW_MAT_CEM,,2017,,,,,,1.4273,,,,,,,,,,,,,,,,,,,,,,,,,,,,,,,,
BAU,0,RAW_MAT_CEM,RAW_MAT_CEM,,2018,,,,,,1.12747,,,,,,,,,,,,,,,,,,,,,,,,,,,,,,,,
BAU,0,RAW_MAT_CEM,RAW_MAT_CEM,,2019,,,,,,0.882003,,,,,,,,,,,,,,,,,,,,,,,,,,,,,,,,
BAU,0,RAW_MAT_CEM,RAW_MAT_CEM,,2020,,,,,,0.623354,,,,,,,,,,,,,,,,,,,,,,,,,,,,,,,,
BAU,0,RAW_MAT_CEM,RAW_MAT_CEM,,2021,,,,,,1.00424,,,,,,,,,,,,,,,,,,,,,,,,,,,,,,,,
BAU,0,RAW_MAT_CEM,RAW_MAT_CEM,,2022,,,,,,0.860176,,,,,,,,,,,,,,,,,,,,,,,,,,,,,,,,
BAU,0,RAW_MAT_CEM,RAW_MAT_CEM,,2023,,,,,,0.886179,,,,,,,,,,,,,,,,,,,,,,,,,,,,,,,,
BAU,0,RAW_MAT_CEM,RAW_MAT_CEM,,2024,,,,,,0.915001,,,,,,,,,,,,,,,,,,,,,,,,,,,,,,,,
BAU,0,RAW_MAT_CEM,RAW_MAT_CEM,,2025,,,,,,0.946252,,,,,,,,,,,,,,,,,,,,,,,,,,,,,,,,
BAU,0,RAW_MAT_CEM,RAW_MAT_CEM,,2026,,,,,,1.00936,,,,,,,,,,,,,,,,,,,,,,,,,,,,,,,,
BAU,0,RAW_MAT_CEM,RAW_MAT_CEM,,2027,,,,,,1.07484,,,,,,,,,,,,,,,,,,,,,,,,,,,,,,,,
BAU,0,RAW_MAT_CEM,RAW_MAT_CEM,,2028,,,,,,1.14279,,,,,,,,,,,,,,,,,,,,,,,,,,,,,,,,
BAU,0,RAW_MAT_CEM,RAW_MAT_CEM,,2029,,,,,,1.21389,,,,,,,,,,,,,,,,,,,,,,,,,,,,,,,,
BAU,0,RAW_MAT_CEM,RAW_MAT_CEM,,2030,,,,,,1.2876,,,,,,,,,,,,,,,,,,,,,,,,,,,,,,,,
BAU,0,RAW_MAT_CEM,RAW_MAT_CEM,,2031,,,,,,1.3242,,,,,,,,,,,,,,,,,,,,,,,,,,,,,,,,
BAU,0,RAW_MAT_CEM,RAW_MAT_CEM,,2032,,,,,,1.3615,,,,,,,,,,,,,,,,,,,,,,,,,,,,,,,,
BAU,0,RAW_MAT_CEM,RAW_MAT_CEM,,2033,,,,,,1.39815,,,,,,,,,,,,,,,,,,,,,,,,,,,,,,,,
BAU,0,RAW_MAT_CEM,RAW_MAT_CEM,,2034,,,,,,1.43496,,,,,,,,,,,,,,,,,,,,,,,,,,,,,,,,
BAU,0,RAW_MAT_CEM,RAW_MAT_CEM,,2035,,,,,,1.47195,,,,,,,,,,,,,,,,,,,,,,,,,,,,,,,,
BAU,0,HFC23,IMP_HFC23,,2010,,,,,,0.0034,,,,,,,,,,,,,,,,,,,,,,,,,,,,,,,,
BAU,0,HFC23,IMP_HFC23,,2011,,,,,,0.0026,,,,,,,,,,,,,,,,,,,,,,,,,,,,,,,,
BAU,0,HFC23,IMP_HFC23,,2012,,,,,,0.002,,,,,,,,,,,,,,,,,,,,,,,,,,,,,,,,
BAU,0,HFC23,IMP_HFC23,,2013,,,,,,0.0015,,,,,,,,,,,,,,,,,,,,,,,,,,,,,,,,
BAU,0,HFC23,IMP_HFC23,,2014,,,,,,0.0011,,,,,,,,,,,,,,,,,,,,,,,,,,,,,,,,
BAU,0,HFC23,IMP_HFC23,,2025,,,,,,0.001,,,,,,,,,,,,,,,,,,,,,,,,,,,,,,,,
BAU,0,HFC23,IMP_HFC23,,2026,,,,,,0.0011,,,,,,,,,,,,,,,,,,,,,,,,,,,,,,,,
BAU,0,HFC23,IMP_HFC23,,2027,,,,,,0.0012,,,,,,,,,,,,,,,,,,,,,,,,,,,,,,,,
BAU,0,HFC23,IMP_HFC23,,2028,,,,,,0.0013,,,,,,,,,,,,,,,,,,,,,,,,,,,,,,,,
BAU,0,HFC23,IMP_HFC23,,2029,,,,,,0.0015,,,,,,,,,,,,,,,,,,,,,,,,,,,,,,,,
BAU,0,HFC23,IMP_HFC23,,2030,,,,,,0.0016,,,,,,,,,,,,,,,,,,,,,,,,,,,,,,,,
BAU,0,HFC23,IMP_HFC23,,2031,,,,,,0.0016,,,,,,,,,,,,,,,,,,,,,,,,,,,,,,,,
BAU,0,HFC23,IMP_HFC23,,2032,,,,,,0.0016,,,,,,,,,,,,,,,,,,,,,,,,,,,,,,,,
BAU,0,HFC23,IMP_HFC23,,2033,,,,,,0.0016,,,,,,,,,,,,,,,,,,,,,,,,,,,,,,,,
BAU,0,HFC23,IMP_HFC23,,2034,,,,,,0.0016,,,,,,,,,,,,,,,,,,,,,,,,,,,,,,,,
BAU,0,HFC23,IMP_HFC23,,2035,,,,,,0.0016,,,,,,,,,,,,,,,,,,,,,,,,,,,,,,,,
BAU,0,HFC32,IMP_HFC32,,2010,,,,,,0.0043,,,,,,,,,,,,,,,,,,,,,,,,,,,,,,,,
BAU,0,HFC32,IMP_HFC32,,2011,,,,,,0.0038,,,,,,,,,,,,,,,,,,,,,,,,,,,,,,,,
BAU,0,HFC32,IMP_HFC32,,2012,,,,,,0.0052,,,,,,,,,,,,,,,,,,,,,,,,,,,,,,,,
BAU,0,HFC32,IMP_HFC32,,2013,,,,,,0.0069,,,,,,,,,,,,,,,,,,,,,,,,,,,,,,,,
BAU,0,HFC32,IMP_HFC32,,2014,,,,,,0.0062,,,,,,,,,,,,,,,,,,,,,,,,,,,,,,,,
BAU,0,HFC32,IMP_HFC32,,2015,,,,,,0.0055,,,,,,,,,,,,,,,,,,,,,,,,,,,,,,,,
BAU,0,HFC32,IMP_HFC32,,2016,,,,,,0.005,,,,,,,,,,,,,,,,,,,,,,,,,,,,,,,,
BAU,0,HFC32,IMP_HFC32,,2017,,,,,,0.0044,,,,,,,,,,,,,,,,,,,,,,,,,,,,,,,,
BAU,0,HFC32,IMP_HFC32,,2018,,,,,,0.004,,,,,,,,,,,,,,,,,,,,,,,,,,,,,,,,
BAU,0,HFC32,IMP_HFC32,,2019,,,,,,0.0232,,,,,,,,,,,,,,,,,,,,,,,,,,,,,,,,
BAU,0,HFC32,IMP_HFC32,,2020,,,,,,0.0359,,,,,,,,,,,,,,,,,,,,,,,,,,,,,,,,
BAU,0,HFC32,IMP_HFC32,,2021,,,,,,0.0479,,,,,,,,,,,,,,,,,,,,,,,,,,,,,,,,
BAU,0,HFC32,IMP_HFC32,,2022,,,,,,0.0737,,,,,,,,,,,,,,,,,,,,,,,,,,,,,,,,
BAU,0,HFC32,IMP_HFC32,,2023,,,,,,0.0898,,,,,,,,,,,,,,,,,,,,,,,,,,,,,,,,
BAU,0,HFC32,IMP_HFC32,,2024,,,,,,0.1059,,,,,,,,,,,,,,,,,,,,,,,,,,,,,,,,
BAU,0,HFC32,IMP_HFC32,,2025,,,,,,0.122,,,,,,,,,,,,,,,,,,,,,,,,,,,,,,,,
BAU,0,HFC32,IMP_HFC32,,2026,,,,,,0.1381,,,,,,,,,,,,,,,,,,,,,,,,,,,,,,,,
BAU,0,HFC32,IMP_HFC32,,2027,,,,,,0.1541,,,,,,,,,,,,,,,,,,,,,,,,,,,,,,,,
BAU,0,HFC32,IMP_HFC32,,2028,,,,,,0.1702,,,,,,,,,,,,,,,,,,,,,,,,,,,,,,,,
BAU,0,HFC32,IMP_HFC32,,2029,,,,,,0.1863,,,,,,,,,,,,,,,,,,,,,,,,,,,,,,,,
BAU,0,HFC32,IMP_HFC32,,2030,,,,,,0.2023,,,,,,,,,,,,,,,,,,,,,,,,,,,,,,,,
BAU,0,HFC32,IMP_HFC32,,2031,,,,,,0.2028,,,,,,,,,,,,,,,,,,,,,,,,,,,,,,,,
BAU,0,HFC32,IMP_HFC32,,2032,,,,,,0.2032,,,,,,,,,,,,,,,,,,,,,,,,,,,,,,,,
BAU,0,HFC32,IMP_HFC32,,2033,,,,,,0.2036,,,,,,,,,,,,,,,,,,,,,,,,,,,,,,,,
BAU,0,HFC32,IMP_HFC32,,2034,,,,,,0.204,,,,,,,,,,,,,,,,,,,,,,,,,,,,,,,,
BAU,0,HFC32,IMP_HFC32,,2035,,,,,,0.2045,,,,,,,,,,,,,,,,,,,,,,,,,,,,,,,,
BAU,0,HFC125,IMP_HFC125,,2010,,,,,,0.0091,,,,,,,,,,,,,,,,,,,,,,,,,,,,,,,,
BAU,0,HFC125,IMP_HFC125,,2011,,,,,,0.0108,,,,,,,,,,,,,,,,,,,,,,,,,,,,,,,,
BAU,0,HFC125,IMP_HFC125,,2012,,,,,,0.0126,,,,,,,,,,,,,,,,,,,,,,,,,,,,,,,,
BAU,0,HFC125,IMP_HFC125,,2013,,,,,,0.0137,,,,,,,,,,,,,,,,,,,,,,,,,,,,,,,,
BAU,0,HFC125,IMP_HFC125,,2014,,,,,,0.0101,,,,,,,,,,,,,,,,,,,,,,,,,,,,,,,,
BAU,0,HFC125,IMP_HFC125,,2015,,,,,,0.0085,,,,,,,,,,,,,,,,,,,,,,,,,,,,,,,,
BAU,0,HFC125,IMP_HFC125,,2016,,,,,,0.0067,,,,,,,,,,,,,,,,,,,,,,,,,,,,,,,,
BAU,0,HFC125,IMP_HFC125,,2017,,,,,,0.0063,,,,,,,,,,,,,,,,,,,,,,,,,,,,,,,,
BAU,0,HFC125,IMP_HFC125,,2018,,,,,,0.0068,,,,,,,,,,,,,,,,,,,,,,,,,,,,,,,,
BAU,0,HFC125,IMP_HFC125,,2019,,,,,,0.0652,,,,,,,,,,,,,,,,,,,,,,,,,,,,,,,,
BAU,0,HFC125,IMP_HFC125,,2020,,,,,,0.0954,,,,,,,,,,,,,,,,,,,,,,,,,,,,,,,,
BAU,0,HFC125,IMP_HFC125,,2021,,,,,,0.1172,,,,,,,,,,,,,,,,,,,,,,,,,,,,,,,,
BAU,0,HFC125,IMP_HFC125,,2022,,,,,,0.1854,,,,,,,,,,,,,,,,,,,,,,,,,,,,,,,,
BAU,0,HFC125,IMP_HFC125,,2023,,,,,,0.2258,,,,,,,,,,,,,,,,,,,,,,,,,,,,,,,,
BAU,0,HFC125,IMP_HFC125,,2024,,,,,,0.2662,,,,,,,,,,,,,,,,,,,,,,,,,,,,,,,,
BAU,0,HFC125,IMP_HFC125,,2025,,,,,,0.3066,,,,,,,,,,,,,,,,,,,,,,,,,,,,,,,,
BAU,0,HFC125,IMP_HFC125,,2026,,,,,,0.3469,,,,,,,,,,,,,,,,,,,,,,,,,,,,,,,,
BAU,0,HFC125,IMP_HFC125,,2027,,,,,,0.3873,,,,,,,,,,,,,,,,,,,,,,,,,,,,,,,,
BAU,0,HFC125,IMP_HFC125,,2028,,,,,,0.4277,,,,,,,,,,,,,,,,,,,,,,,,,,,,,,,,
BAU,0,HFC125,IMP_HFC125,,2029,,,,,,0.4681,,,,,,,,,,,,,,,,,,,,,,,,,,,,,,,,
BAU,0,HFC125,IMP_HFC125,,2030,,,,,,0.5085,,,,,,,,,,,,,,,,,,,,,,,,,,,,,,,,
BAU,0,HFC125,IMP_HFC125,,2031,,,,,,0.5096,,,,,,,,,,,,,,,,,,,,,,,,,,,,,,,,
BAU,0,HFC125,IMP_HFC125,,2032,,,,,,0.5106,,,,,,,,,,,,,,,,,,,,,,,,,,,,,,,,
BAU,0,HFC125,IMP_HFC125,,2033,,,,,,0.5117,,,,,,,,,,,,,,,,,,,,,,,,,,,,,,,,
BAU,0,HFC125,IMP_HFC125,,2034,,,,,,0.5128,,,,,,,,,,,,,,,,,,,,,,,,,,,,,,,,
BAU,0,HFC125,IMP_HFC125,,2035,,,,,,0.5139,,,,,,,,,,,,,,,,,,,,,,,,,,,,,,,,
BAU,0,HFC134a,IMP_HFC134a,,2010,,,,,,0.0794,,,,,,,,,,,,,,,,,,,,,,,,,,,,,,,,
BAU,0,HFC134a,IMP_HFC134a,,2011,,,,,,0.0906,,,,,,,,,,,,,,,,,,,,,,,,,,,,,,,,
BAU,0,HFC134a,IMP_HFC134a,,2012,,,,,,0.1235,,,,,,,,,,,,,,,,,,,,,,,,,,,,,,,,
BAU,0,HFC134a,IMP_HFC134a,,2013,,,,,,0.1658,,,,,,,,,,,,,,,,,,,,,,,,,,,,,,,,
BAU,0,HFC134a,IMP_HFC134a,,2014,,,,,,0.2255,,,,,,,,,,,,,,,,,,,,,,,,,,,,,,,,
BAU,0,HFC134a,IMP_HFC134a,,2015,,,,,,0.2765,,,,,,,,,,,,,,,,,,,,,,,,,,,,,,,,
BAU,0,HFC134a,IMP_HFC134a,,2016,,,,,,0.3072,,,,,,,,,,,,,,,,,,,,,,,,,,,,,,,,
BAU,0,HFC134a,IMP_HFC134a,,2017,,,,,,0.3382,,,,,,,,,,,,,,,,,,,,,,,,,,,,,,,,
BAU,0,HFC134a,IMP_HFC134a,,2018,,,,,,0.3628,,,,,,,,,,,,,,,,,,,,,,,,,,,,,,,,
BAU,0,HFC134a,IMP_HFC134a,,2019,,,,,,0.3978,,,,,,,,,,,,,,,,,,,,,,,,,,,,,,,,
BAU,0,HFC134a,IMP_HFC134a,,2020,,,,,,0.427,,,,,,,,,,,,,,,,,,,,,,,,,,,,,,,,
BAU,0,HFC134a,IMP_HFC134a,,2021,,,,,,0.4122,,,,,,,,,,,,,,,,,,,,,,,,,,,,,,,,
BAU,0,HFC134a,IMP_HFC134a,,2022,,,,,,0.4691,,,,,,,,,,,,,,,,,,,,,,,,,,,,,,,,
BAU,0,HFC134a,IMP_HFC134a,,2023,,,,,,0.5713,,,,,,,,,,,,,,,,,,,,,,,,,,,,,,,,
BAU,0,HFC134a,IMP_HFC134a,,2024,,,,,,0.6735,,,,,,,,,,,,,,,,,,,,,,,,,,,,,,,,
BAU,0,HFC134a,IMP_HFC134a,,2025,,,,,,0.7757,,,,,,,,,,,,,,,,,,,,,,,,,,,,,,,,
BAU,0,HFC134a,IMP_HFC134a,,2026,,,,,,0.8778,,,,,,,,,,,,,,,,,,,,,,,,,,,,,,,,
BAU,0,HFC134a,IMP_HFC134a,,2027,,,,,,0.98,,,,,,,,,,,,,,,,,,,,,,,,,,,,,,,,
BAU,0,HFC134a,IMP_HFC134a,,2028,,,,,,1.0822,,,,,,,,,,,,,,,,,,,,,,,,,,,,,,,,
BAU,0,HFC134a,IMP_HFC134a,,2029,,,,,,1.1844,,,,,,,,,,,,,,,,,,,,,,,,,,,,,,,,
BAU,0,HFC134a,IMP_HFC134a,,2030,,,,,,1.2865,,,,,,,,,,,,,,,,,,,,,,,,,,,,,,,,
BAU,0,HFC134a,IMP_HFC134a,,2031,,,,,,1.2893,,,,,,,,,,,,,,,,,,,,,,,,,,,,,,,,
BAU,0,HFC134a,IMP_HFC134a,,2032,,,,,,1.292,,,,,,,,,,,,,,,,,,,,,,,,,,,,,,,,
BAU,0,HFC134a,IMP_HFC134a,,2033,,,,,,1.2947,,,,,,,,,,,,,,,,,,,,,,,,,,,,,,,,
BAU,0,HFC134a,IMP_HFC134a,,2034,,,,,,1.2974,,,,,,,,,,,,,,,,,,,,,,,,,,,,,,,,
BAU,0,HFC134a,IMP_HFC134a,,2035,,,,,,1.3001,,,,,,,,,,,,,,,,,,,,,,,,,,,,,,,,
BAU,0,HFC143a,IMP_HFC143a,,2010,,,,,,0.0078,,,,,,,,,,,,,,,,,,,,,,,,,,,,,,,,
BAU,0,HFC143a,IMP_HFC143a,,2011,,,,,,0.0109,,,,,,,,,,,,,,,,,,,,,,,,,,,,,,,,
BAU,0,HFC143a,IMP_HFC143a,,2012,,,,,,0.0125,,,,,,,,,,,,,,,,,,,,,,,,,,,,,,,,
BAU,0,HFC143a,IMP_HFC143a,,2013,,,,,,0.0094,,,,,,,,,,,,,,,,,,,,,,,,,,,,,,,,
BAU,0,HFC143a,IMP_HFC143a,,2014,,,,,,0.0063,,,,,,,,,,,,,,,,,,,,,,,,,,,,,,,,
BAU,0,HFC143a,IMP_HFC143a,,2015,,,,,,0.0086,,,,,,,,,,,,,,,,,,,,,,,,,,,,,,,,
BAU,0,HFC143a,IMP_HFC143a,,2016,,,,,,0.0085,,,,,,,,,,,,,,,,,,,,,,,,,,,,,,,,
BAU,0,HFC143a,IMP_HFC143a,,2017,,,,,,0.006,,,,,,,,,,,,,,,,,,,,,,,,,,,,,,,,
BAU,0,HFC143a,IMP_HFC143a,,2018,,,,,,0.0039,,,,,,,,,,,,,,,,,,,,,,,,,,,,,,,,
BAU,0,HFC143a,IMP_HFC143a,,2019,,,,,,0.0409,,,,,,,,,,,,,,,,,,,,,,,,,,,,,,,,
BAU,0,HFC143a,IMP_HFC143a,,2020,,,,,,0.0662,,,,,,,,,,,,,,,,,,,,,,,,,,,,,,,,
BAU,0,HFC143a,IMP_HFC143a,,2021,,,,,,0.0797,,,,,,,,,,,,,,,,,,,,,,,,,,,,,,,,
BAU,0,HFC143a,IMP_HFC143a,,2022,,,,,,0.1464,,,,,,,,,,,,,,,,,,,,,,,,,,,,,,,,
BAU,0,HFC143a,IMP_HFC143a,,2023,,,,,,0.1783,,,,,,,,,,,,,,,,,,,,,,,,,,,,,,,,
BAU,0,HFC143a,IMP_HFC143a,,2024,,,,,,0.2101,,,,,,,,,,,,,,,,,,,,,,,,,,,,,,,,
BAU,0,HFC143a,IMP_HFC143a,,2025,,,,,,0.242,,,,,,,,,,,,,,,,,,,,,,,,,,,,,,,,
BAU,0,HFC143a,IMP_HFC143a,,2026,,,,,,0.2739,,,,,,,,,,,,,,,,,,,,,,,,,,,,,,,,
BAU,0,HFC143a,IMP_HFC143a,,2027,,,,,,0.3058,,,,,,,,,,,,,,,,,,,,,,,,,,,,,,,,
BAU,0,HFC143a,IMP_HFC143a,,2028,,,,,,0.3377,,,,,,,,,,,,,,,,,,,,,,,,,,,,,,,,
BAU,0,HFC143a,IMP_HFC143a,,2029,,,,,,0.3696,,,,,,,,,,,,,,,,,,,,,,,,,,,,,,,,
BAU,0,HFC143a,IMP_HFC143a,,2030,,,,,,0.4014,,,,,,,,,,,,,,,,,,,,,,,,,,,,,,,,
BAU,0,HFC143a,IMP_HFC143a,,2031,,,,,,0.4023,,,,,,,,,,,,,,,,,,,,,,,,,,,,,,,,
BAU,0,HFC143a,IMP_HFC143a,,2032,,,,,,0.4031,,,,,,,,,,,,,,,,,,,,,,,,,,,,,,,,
BAU,0,HFC143a,IMP_HFC143a,,2033,,,,,,0.404,,,,,,,,,,,,,,,,,,,,,,,,,,,,,,,,
BAU,0,HFC143a,IMP_HFC143a,,2034,,,,,,0.4048,,,,,,,,,,,,,,,,,,,,,,,,,,,,,,,,
BAU,0,HFC143a,IMP_HFC143a,,2035,,,,,,0.4057,,,,,,,,,,,,,,,,,,,,,,,,,,,,,,,,
BAU,0,HFC152a,IMP_HFC152a,,2014,,,,,,0.0014,,,,,,,,,,,,,,,,,,,,,,,,,,,,,,,,
BAU,0,HFC152a,IMP_HFC152a,,2016,,,,,,0.0014,,,,,,,,,,,,,,,,,,,,,,,,,,,,,,,,
BAU,0,HFC152a,IMP_HFC152a,,2017,,,,,,0.0014,,,,,,,,,,,,,,,,,,,,,,,,,,,,,,,,
BAU,0,HFC152a,IMP_HFC152a,,2021,,,,,,0.0014,,,,,,,,,,,,,,,,,,,,,,,,,,,,,,,,
BAU,0,HFC152a,IMP_HFC152a,,2022,,,,,,0.0022,,,,,,,,,,,,,,,,,,,,,,,,,,,,,,,,
BAU,0,HFC152a,IMP_HFC152a,,2023,,,,,,0.0024,,,,,,,,,,,,,,,,,,,,,,,,,,,,,,,,
BAU,0,HFC152a,IMP_HFC152a,,2024,,,,,,0.0029,,,,,,,,,,,,,,,,,,,,,,,,,,,,,,,,
BAU,0,HFC152a,IMP_HFC152a,,2025,,,,,,0.0033,,,,,,,,,,,,,,,,,,,,,,,,,,,,,,,,
BAU,0,HFC152a,IMP_HFC152a,,2026,,,,,,0.0038,,,,,,,,,,,,,,,,,,,,,,,,,,,,,,,,
BAU,0,HFC152a,IMP_HFC152a,,2027,,,,,,0.0042,,,,,,,,,,,,,,,,,,,,,,,,,,,,,,,,
BAU,0,HFC152a,IMP_HFC152a,,2028,,,,,,0.0046,,,,,,,,,,,,,,,,,,,,,,,,,,,,,,,,
BAU,0,HFC152a,IMP_HFC152a,,2029,,,,,,0.0051,,,,,,,,,,,,,,,,,,,,,,,,,,,,,,,,
BAU,0,HFC152a,IMP_HFC152a,,2030,,,,,,0.0055,,,,,,,,,,,,,,,,,,,,,,,,,,,,,,,,
BAU,0,HFC152a,IMP_HFC152a,,2031,,,,,,0.0055,,,,,,,,,,,,,,,,,,,,,,,,,,,,,,,,
BAU,0,HFC152a,IMP_HFC152a,,2032,,,,,,0.0055,,,,,,,,,,,,,,,,,,,,,,,,,,,,,,,,
BAU,0,HFC152a,IMP_HFC152a,,2033,,,,,,0.0055,,,,,,,,,,,,,,,,,,,,,,,,,,,,,,,,
BAU,0,HFC152a,IMP_HFC152a,,2034,,,,,,0.0056,,,,,,,,,,,,,,,,,,,,,,,,,,,,,,,,
BAU,0,HFC152a,IMP_HFC152a,,2035,,,,,,0.0056,,,,,,,,,,,,,,,,,,,,,,,,,,,,,,,,
BAU,0,CLK_PROD,PROD_CLK_TRAD,,2010,,,,,,3.32899,,,,,,,,,,,,,,,,,,,,,,,,,,,,,,,,
BAU,0,CLK_PROD,PROD_CLK_TRAD,,2011,,,,,,3.32837,,,,,,,,,,,,,,,,,,,,,,,,,,,,,,,,
BAU,0,CLK_PROD,PROD_CLK_TRAD,,2012,,,,,,3.32776,,,,,,,,,,,,,,,,,,,,,,,,,,,,,,,,
BAU,0,CLK_PROD,PROD_CLK_TRAD,,2013,,,,,,3.43397,,,,,,,,,,,,,,,,,,,,,,,,,,,,,,,,
BAU,0,CLK_PROD,PROD_CLK_TRAD,,2014,,,,,,3.53987,,,,,,,,,,,,,,,,,,,,,,,,,,,,,,,,
BAU,0,CLK_PROD,PROD_CLK_TRAD,,2015,,,,,,3.41132,,,,,,,,,,,,,,,,,,,,,,,,,,,,,,,,
BAU,0,CLK_PROD,PROD_CLK_TRAD,,2016,,,,,,3.28185,,,,,,,,,,,,,,,,,,,,,,,,,,,,,,,,
BAU,0,CLK_PROD,PROD_CLK_TRAD,,2017,,,,,,3.6055,,,,,,,,,,,,,,,,,,,,,,,,,,,,,,,,
BAU,0,CLK_PROD,PROD_CLK_TRAD,,2018,,,,,,3.92843,,,,,,,,,,,,,,,,,,,,,,,,,,,,,,,,
BAU,0,CLK_PROD,PROD_CLK_TRAD,,2019,,,,,,3.3584,,,,,,,,,,,,,,,,,,,,,,,,,,,,,,,,
BAU,0,CLK_PROD,PROD_CLK_TRAD,,2020,,,,,,2.78855,,,,,,,,,,,,,,,,,,,,,,,,,,,,,,,,
BAU,0,CLK_PROD,PROD_CLK_TRAD,,2021,,,,,,4.00946,,,,,,,,,,,,,,,,,,,,,,,,,,,,,,,,
BAU,0,CLK_PROD,PROD_CLK_TRAD,,2022,,,,,,3.76442,,,,,,,,,,,,,,,,,,,,,,,,,,,,,,,,
BAU,0,CLK_PROD,PROD_CLK_TRAD,,2023,,,,,,3.97492,,,,,,,,,,,,,,,,,,,,,,,,,,,,,,,,
BAU,0,CLK_PROD,PROD_CLK_TRAD,,2024,,,,,,4.1825,,,,,,,,,,,,,,,,,,,,,,,,,,,,,,,,
BAU,0,CLK_PROD,PROD_CLK_TRAD,,2025,,,,,,4.38775,,,,,,,,,,,,,,,,,,,,,,,,,,,,,,,,
BAU,0,CLK_PROD,PROD_CLK_TRAD,,2026,,,,,,4.56104,,,,,,,,,,,,,,,,,,,,,,,,,,,,,,,,
BAU,0,CLK_PROD,PROD_CLK_TRAD,,2027,,,,,,4.73196,,,,,,,,,,,,,,,,,,,,,,,,,,,,,,,,
BAU,0,CLK_PROD,PROD_CLK_TRAD,,2028,,,,,,4.90051,,,,,,,,,,,,,,,,,,,,,,,,,,,,,,,,
BAU,0,CLK_PROD,PROD_CLK_TRAD,,2029,,,,,,5.06591,,,,,,,,,,,,,,,,,,,,,,,,,,,,,,,,
BAU,0,CLK_PROD,PROD_CLK_TRAD,,2030,,,,,,5.2286,,,,,,,,,,,,,,,,,,,,,,,,,,,,,,,,
BAU,0,CLK_PROD,PROD_CLK_TRAD,,2031,,,,,,5.4285,,,,,,,,,,,,,,,,,,,,,,,,,,,,,,,,
BAU,0,CLK_PROD,PROD_CLK_TRAD,,2032,,,,,,5.6277,,,,,,,,,,,,,,,,,,,,,,,,,,,,,,,,
BAU,0,CLK_PROD,PROD_CLK_TRAD,,2033,,,,,,5.82745,,,,,,,,,,,,,,,,,,,,,,,,,,,,,,,,
BAU,0,CLK_PROD,PROD_CLK_TRAD,,2034,,,,,,6.02714,,,,,,,,,,,,,,,,,,,,,,,,,,,,,,,,
BAU,0,CLK_PROD,PROD_CLK_TRAD,,2035,,,,,,6.22655,,,,,,,,,,,,,,,,,,,,,,,,,,,,,,,,
BAU,0,CEM_PROD,PROD_CEM,,2010,,,,,,5.2749,,,,,,,,,,,,,,,,,,,,,,,,,,,,,,,,
BAU,0,CEM_PROD,PROD_CEM,,2011,,,,,,5.6682,,,,,,,,,,,,,,,,,,,,,,,,,,,,,,,,
BAU,0,CEM_PROD,PROD_CEM,,2012,,,,,,6.0615,,,,,,,,,,,,,,,,,,,,,,,,,,,,,,,,
BAU,0,CEM_PROD,PROD_CEM,,2013,,,,,,6.3078,,,,,,,,,,,,,,,,,,,,,,,,,,,,,,,,
BAU,0,CEM_PROD,PROD_CEM,,2014,,,,,,6.5541,,,,,,,,,,,,,,,,,,,,,,,,,,,,,,,,
BAU,0,CEM_PROD,PROD_CEM,,2015,,,,,,5.7819,,,,,,,,,,,,,,,,,,,,,,,,,,,,,,,,
BAU,0,CEM_PROD,PROD_CEM,,2016,,,,,,5.0097,,,,,,,,,,,,,,,,,,,,,,,,,,,,,,,,
BAU,0,CEM_PROD,PROD_CEM,,2017,,,,,,5.0328,,,,,,,,,,,,,,,,,,,,,,,,,,,,,,,,
BAU,0,CEM_PROD,PROD_CEM,,2018,,,,,,5.0559,,,,,,,,,,,,,,,,,,,,,,,,,,,,,,,,
BAU,0,CEM_PROD,PROD_CEM,,2019,,,,,,4.2404,,,,,,,,,,,,,,,,,,,,,,,,,,,,,,,,
BAU,0,CEM_PROD,PROD_CEM,,2020,,,,,,3.4119,,,,,,,,,,,,,,,,,,,,,,,,,,,,,,,,
BAU,0,CEM_PROD,PROD_CEM,,2021,,,,,,5.0137,,,,,,,,,,,,,,,,,,,,,,,,,,,,,,,,
BAU,0,CEM_PROD,PROD_CEM,,2022,,,,,,4.6246,,,,,,,,,,,,,,,,,,,,,,,,,,,,,,,,
BAU,0,CEM_PROD,PROD_CEM,,2023,,,,,,4.8611,,,,,,,,,,,,,,,,,,,,,,,,,,,,,,,,
BAU,0,CEM_PROD,PROD_CEM,,2024,,,,,,5.0975,,,,,,,,,,,,,,,,,,,,,,,,,,,,,,,,
BAU,0,CEM_PROD,PROD_CEM,,2025,,,,,,5.334,,,,,,,,,,,,,,,,,,,,,,,,,,,,,,,,
BAU,0,CEM_PROD,PROD_CEM,,2026,,,,,,5.5704,,,,,,,,,,,,,,,,,,,,,,,,,,,,,,,,
BAU,0,CEM_PROD,PROD_CEM,,2027,,,,,,5.8068,,,,,,,,,,,,,,,,,,,,,,,,,,,,,,,,
BAU,0,CEM_PROD,PROD_CEM,,2028,,,,,,6.0433,,,,,,,,,,,,,,,,,,,,,,,,,,,,,,,,
BAU,0,CEM_PROD,PROD_CEM,,2029,,,,,,6.2798,,,,,,,,,,,,,,,,,,,,,,,,,,,,,,,,
BAU,0,CEM_PROD,PROD_CEM,,2030,,,,,,6.5162,,,,,,,,,,,,,,,,,,,,,,,,,,,,,,,,
BAU,0,CEM_PROD,PROD_CEM,,2031,,,,,,6.7527,,,,,,,,,,,,,,,,,,,,,,,,,,,,,,,,
BAU,0,CEM_PROD,PROD_CEM,,2032,,,,,,6.9892,,,,,,,,,,,,,,,,,,,,,,,,,,,,,,,,
BAU,0,CEM_PROD,PROD_CEM,,2033,,,,,,7.2256,,,,,,,,,,,,,,,,,,,,,,,,,,,,,,,,
BAU,0,CEM_PROD,PROD_CEM,,2034,,,,,,7.4621,,,,,,,,,,,,,,,,,,,,,,,,,,,,,,,,
BAU,0,CEM_PROD,PROD_CEM,,2035,,,,,,7.6985,,,,,,,,,,,,,,,,,,,,,,,,,,,,,,,,
BAU,0,E5INDCEM_PROD,T5CEM_PRODIND,,2010,,,,,,5.2749,,,,,,,,,,,,,,,,,,,,,,,,,,,,,,,,
BAU,0,E5INDCEM_PROD,T5CEM_PRODIND,,2011,,,,,,5.6682,,,,,,,,,,,,,,,,,,,,,,,,,,,,,,,,
BAU,0,E5INDCEM_PROD,T5CEM_PRODIND,,2012,,,,,,6.0615,,,,,,,,,,,,,,,,,,,,,,,,,,,,,,,,
BAU,0,E5INDCEM_PROD,T5CEM_PRODIND,,2013,,,,,,6.3078,,,,,,,,,,,,,,,,,,,,,,,,,,,,,,,,
BAU,0,E5INDCEM_PROD,T5CEM_PRODIND,,2014,,,,,,6.5541,,,,,,,,,,,,,,,,,,,,,,,,,,,,,,,,
BAU,0,E5INDCEM_PROD,T5CEM_PRODIND,,2015,,,,,,5.7819,,,,,,,,,,,,,,,,,,,,,,,,,,,,,,,,
BAU,0,E5INDCEM_PROD,T5CEM_PRODIND,,2016,,,,,,5.0097,,,,,,,,,,,,,,,,,,,,,,,,,,,,,,,,
BAU,0,E5INDCEM_PROD,T5CEM_PRODIND,,2017,,,,,,5.0328,,,,,,,,,,,,,,,,,,,,,,,,,,,,,,,,
BAU,0,E5INDCEM_PROD,T5CEM_PRODIND,,2018,,,,,,5.0559,,,,,,,,,,,,,,,,,,,,,,,,,,,,,,,,
BAU,0,E5INDCEM_PROD,T5CEM_PRODIND,,2019,,,,,,4.2404,,,,,,,,,,,,,,,,,,,,,,,,,,,,,,,,
BAU,0,E5INDCEM_PROD,T5CEM_PRODIND,,2020,,,,,,3.4119,,,,,,,,,,,,,,,,,,,,,,,,,,,,,,,,
BAU,0,E5INDCEM_PROD,T5CEM_PRODIND,,2021,,,,,,5.0137,,,,,,,,,,,,,,,,,,,,,,,,,,,,,,,,
BAU,0,E5INDCEM_PROD,T5CEM_PRODIND,,2022,,,,,,4.6246,,,,,,,,,,,,,,,,,,,,,,,,,,,,,,,,
BAU,0,E5INDCEM_PROD,T5CEM_PRODIND,,2023,,,,,,4.8611,,,,,,,,,,,,,,,,,,,,,,,,,,,,,,,,
BAU,0,E5INDCEM_PROD,T5CEM_PRODIND,,2024,,,,,,5.0975,,,,,,,,,,,,,,,,,,,,,,,,,,,,,,,,
BAU,0,E5INDCEM_PROD,T5CEM_PRODIND,,2025,,,,,,5.334,,,,,,,,,,,,,,,,,,,,,,,,,,,,,,,,
BAU,0,E5INDCEM_PROD,T5CEM_PRODIND,,2026,,,,,,5.5704,,,,,,,,,,,,,,,,,,,,,,,,,,,,,,,,
BAU,0,E5INDCEM_PROD,T5CEM_PRODIND,,2027,,,,,,5.8068,,,,,,,,,,,,,,,,,,,,,,,,,,,,,,,,
BAU,0,E5INDCEM_PROD,T5CEM_PRODIND,,2028,,,,,,6.0433,,,,,,,,,,,,,,,,,,,,,,,,,,,,,,,,
BAU,0,E5INDCEM_PROD,T5CEM_PRODIND,,2029,,,,,,6.2798,,,,,,,,,,,,,,,,,,,,,,,,,,,,,,,,
BAU,0,E5INDCEM_PROD,T5CEM_PRODIND,,2030,,,,,,6.5162,,,,,,,,,,,,,,,,,,,,,,,,,,,,,,,,
BAU,0,E5INDCEM_PROD,T5CEM_PRODIND,,2031,,,,,,6.7527,,,,,,,,,,,,,,,,,,,,,,,,,,,,,,,,
BAU,0,E5INDCEM_PROD,T5CEM_PRODIND,,2032,,,,,,6.9892,,,,,,,,,,,,,,,,,,,,,,,,,,,,,,,,
BAU,0,E5INDCEM_PROD,T5CEM_PRODIND,,2033,,,,,,7.2256,,,,,,,,,,,,,,,,,,,,,,,,,,,,,,,,
BAU,0,E5INDCEM_PROD,T5CEM_PRODIND,,2034,,,,,,7.4621,,,,,,,,,,,,,,,,,,,,,,,,,,,,,,,,
BAU,0,E5INDCEM_PROD,T5CEM_PRODIND,,2035,,,,,,7.6985,,,,,,,,,,,,,,,,,,,,,,,,,,,,,,,,
BAU,0,E5IPPUHFC23,T5HFC23IPPU,,2010,,,,,,0.0034,,,,,,,,,,,,,,,,,,,,,,,,,,,,,,,,
BAU,0,E5IPPUHFC23,T5HFC23IPPU,,2011,,,,,,0.0026,,,,,,,,,,,,,,,,,,,,,,,,,,,,,,,,
BAU,0,E5IPPUHFC23,T5HFC23IPPU,,2012,,,,,,0.002,,,,,,,,,,,,,,,,,,,,,,,,,,,,,,,,
BAU,0,E5IPPUHFC23,T5HFC23IPPU,,2013,,,,,,0.0015,,,,,,,,,,,,,,,,,,,,,,,,,,,,,,,,
BAU,0,E5IPPUHFC23,T5HFC23IPPU,,2014,,,,,,0.0011,,,,,,,,,,,,,,,,,,,,,,,,,,,,,,,,
BAU,0,E5IPPUHFC23,T5HFC23IPPU,,2025,,,,,,0.001,,,,,,,,,,,,,,,,,,,,,,,,,,,,,,,,
BAU,0,E5IPPUHFC23,T5HFC23IPPU,,2026,,,,,,0.0011,,,,,,,,,,,,,,,,,,,,,,,,,,,,,,,,
BAU,0,E5IPPUHFC23,T5HFC23IPPU,,2027,,,,,,0.0012,,,,,,,,,,,,,,,,,,,,,,,,,,,,,,,,
BAU,0,E5IPPUHFC23,T5HFC23IPPU,,2028,,,,,,0.0013,,,,,,,,,,,,,,,,,,,,,,,,,,,,,,,,
BAU,0,E5IPPUHFC23,T5HFC23IPPU,,2029,,,,,,0.0015,,,,,,,,,,,,,,,,,,,,,,,,,,,,,,,,
BAU,0,E5IPPUHFC23,T5HFC23IPPU,,2030,,,,,,0.0016,,,,,,,,,,,,,,,,,,,,,,,,,,,,,,,,
BAU,0,E5IPPUHFC23,T5HFC23IPPU,,2031,,,,,,0.0016,,,,,,,,,,,,,,,,,,,,,,,,,,,,,,,,
BAU,0,E5IPPUHFC23,T5HFC23IPPU,,2032,,,,,,0.0016,,,,,,,,,,,,,,,,,,,,,,,,,,,,,,,,
BAU,0,E5IPPUHFC23,T5HFC23IPPU,,2033,,,,,,0.0016,,,,,,,,,,,,,,,,,,,,,,,,,,,,,,,,
BAU,0,E5IPPUHFC23,T5HFC23IPPU,,2034,,,,,,0.0016,,,,,,,,,,,,,,,,,,,,,,,,,,,,,,,,
BAU,0,E5IPPUHFC23,T5HFC23IPPU,,2035,,,,,,0.0016,,,,,,,,,,,,,,,,,,,,,,,,,,,,,,,,
BAU,0,E5IPPUHFC32,T5HFC32IPPU,,2010,,,,,,0.0043,,,,,,,,,,,,,,,,,,,,,,,,,,,,,,,,
BAU,0,E5IPPUHFC32,T5HFC32IPPU,,2011,,,,,,0.0038,,,,,,,,,,,,,,,,,,,,,,,,,,,,,,,,
BAU,0,E5IPPUHFC32,T5HFC32IPPU,,2012,,,,,,0.0052,,,,,,,,,,,,,,,,,,,,,,,,,,,,,,,,
BAU,0,E5IPPUHFC32,T5HFC32IPPU,,2013,,,,,,0.0069,,,,,,,,,,,,,,,,,,,,,,,,,,,,,,,,
BAU,0,E5IPPUHFC32,T5HFC32IPPU,,2014,,,,,,0.0062,,,,,,,,,,,,,,,,,,,,,,,,,,,,,,,,
BAU,0,E5IPPUHFC32,T5HFC32IPPU,,2015,,,,,,0.0055,,,,,,,,,,,,,,,,,,,,,,,,,,,,,,,,
BAU,0,E5IPPUHFC32,T5HFC32IPPU,,2016,,,,,,0.005,,,,,,,,,,,,,,,,,,,,,,,,,,,,,,,,
BAU,0,E5IPPUHFC32,T5HFC32IPPU,,2017,,,,,,0.0044,,,,,,,,,,,,,,,,,,,,,,,,,,,,,,,,
BAU,0,E5IPPUHFC32,T5HFC32IPPU,,2018,,,,,,0.004,,,,,,,,,,,,,,,,,,,,,,,,,,,,,,,,
BAU,0,E5IPPUHFC32,T5HFC32IPPU,,2019,,,,,,0.0232,,,,,,,,,,,,,,,,,,,,,,,,,,,,,,,,
BAU,0,E5IPPUHFC32,T5HFC32IPPU,,2020,,,,,,0.0359,,,,,,,,,,,,,,,,,,,,,,,,,,,,,,,,
BAU,0,E5IPPUHFC32,T5HFC32IPPU,,2021,,,,,,0.0479,,,,,,,,,,,,,,,,,,,,,,,,,,,,,,,,
BAU,0,E5IPPUHFC32,T5HFC32IPPU,,2022,,,,,,0.0737,,,,,,,,,,,,,,,,,,,,,,,,,,,,,,,,
BAU,0,E5IPPUHFC32,T5HFC32IPPU,,2023,,,,,,0.0898,,,,,,,,,,,,,,,,,,,,,,,,,,,,,,,,
BAU,0,E5IPPUHFC32,T5HFC32IPPU,,2024,,,,,,0.1059,,,,,,,,,,,,,,,,,,,,,,,,,,,,,,,,
BAU,0,E5IPPUHFC32,T5HFC32IPPU,,2025,,,,,,0.122,,,,,,,,,,,,,,,,,,,,,,,,,,,,,,,,
BAU,0,E5IPPUHFC32,T5HFC32IPPU,,2026,,,,,,0.1381,,,,,,,,,,,,,,,,,,,,,,,,,,,,,,,,
BAU,0,E5IPPUHFC32,T5HFC32IPPU,,2027,,,,,,0.1541,,,,,,,,,,,,,,,,,,,,,,,,,,,,,,,,
BAU,0,E5IPPUHFC32,T5HFC32IPPU,,2028,,,,,,0.1702,,,,,,,,,,,,,,,,,,,,,,,,,,,,,,,,
BAU,0,E5IPPUHFC32,T5HFC32IPPU,,2029,,,,,,0.1863,,,,,,,,,,,,,,,,,,,,,,,,,,,,,,,,
BAU,0,E5IPPUHFC32,T5HFC32IPPU,,2030,,,,,,0.2023,,,,,,,,,,,,,,,,,,,,,,,,,,,,,,,,
BAU,0,E5IPPUHFC32,T5HFC32IPPU,,2031,,,,,,0.2028,,,,,,,,,,,,,,,,,,,,,,,,,,,,,,,,
BAU,0,E5IPPUHFC32,T5HFC32IPPU,,2032,,,,,,0.2032,,,,,,,,,,,,,,,,,,,,,,,,,,,,,,,,
BAU,0,E5IPPUHFC32,T5HFC32IPPU,,2033,,,,,,0.2036,,,,,,,,,,,,,,,,,,,,,,,,,,,,,,,,
BAU,0,E5IPPUHFC32,T5HFC32IPPU,,2034,,,,,,0.204,,,,,,,,,,,,,,,,,,,,,,,,,,,,,,,,
BAU,0,E5IPPUHFC32,T5HFC32IPPU,,2035,,,,,,0.2045,,,,,,,,,,,,,,,,,,,,,,,,,,,,,,,,
BAU,0,E5IPPUHFC125,T5HFC125IPPU,,2010,,,,,,0.0091,,,,,,,,,,,,,,,,,,,,,,,,,,,,,,,,
BAU,0,E5IPPUHFC125,T5HFC125IPPU,,2011,,,,,,0.0108,,,,,,,,,,,,,,,,,,,,,,,,,,,,,,,,
BAU,0,E5IPPUHFC125,T5HFC125IPPU,,2012,,,,,,0.0126,,,,,,,,,,,,,,,,,,,,,,,,,,,,,,,,
BAU,0,E5IPPUHFC125,T5HFC125IPPU,,2013,,,,,,0.0137,,,,,,,,,,,,,,,,,,,,,,,,,,,,,,,,
BAU,0,E5IPPUHFC125,T5HFC125IPPU,,2014,,,,,,0.0101,,,,,,,,,,,,,,,,,,,,,,,,,,,,,,,,
BAU,0,E5IPPUHFC125,T5HFC125IPPU,,2015,,,,,,0.0085,,,,,,,,,,,,,,,,,,,,,,,,,,,,,,,,
BAU,0,E5IPPUHFC125,T5HFC125IPPU,,2016,,,,,,0.0067,,,,,,,,,,,,,,,,,,,,,,,,,,,,,,,,
BAU,0,E5IPPUHFC125,T5HFC125IPPU,,2017,,,,,,0.0063,,,,,,,,,,,,,,,,,,,,,,,,,,,,,,,,
BAU,0,E5IPPUHFC125,T5HFC125IPPU,,2018,,,,,,0.0068,,,,,,,,,,,,,,,,,,,,,,,,,,,,,,,,
BAU,0,E5IPPUHFC125,T5HFC125IPPU,,2019,,,,,,0.0652,,,,,,,,,,,,,,,,,,,,,,,,,,,,,,,,
BAU,0,E5IPPUHFC125,T5HFC125IPPU,,2020,,,,,,0.0954,,,,,,,,,,,,,,,,,,,,,,,,,,,,,,,,
BAU,0,E5IPPUHFC125,T5HFC125IPPU,,2021,,,,,,0.1172,,,,,,,,,,,,,,,,,,,,,,,,,,,,,,,,
BAU,0,E5IPPUHFC125,T5HFC125IPPU,,2022,,,,,,0.1854,,,,,,,,,,,,,,,,,,,,,,,,,,,,,,,,
BAU,0,E5IPPUHFC125,T5HFC125IPPU,,2023,,,,,,0.2258,,,,,,,,,,,,,,,,,,,,,,,,,,,,,,,,
BAU,0,E5IPPUHFC125,T5HFC125IPPU,,2024,,,,,,0.2662,,,,,,,,,,,,,,,,,,,,,,,,,,,,,,,,
BAU,0,E5IPPUHFC125,T5HFC125IPPU,,2025,,,,,,0.3066,,,,,,,,,,,,,,,,,,,,,,,,,,,,,,,,
BAU,0,E5IPPUHFC125,T5HFC125IPPU,,2026,,,,,,0.3469,,,,,,,,,,,,,,,,,,,,,,,,,,,,,,,,
BAU,0,E5IPPUHFC125,T5HFC125IPPU,,2027,,,,,,0.3873,,,,,,,,,,,,,,,,,,,,,,,,,,,,,,,,
BAU,0,E5IPPUHFC125,T5HFC125IPPU,,2028,,,,,,0.4277,,,,,,,,,,,,,,,,,,,,,,,,,,,,,,,,
BAU,0,E5IPPUHFC125,T5HFC125IPPU,,2029,,,,,,0.4681,,,,,,,,,,,,,,,,,,,,,,,,,,,,,,,,
BAU,0,E5IPPUHFC125,T5HFC125IPPU,,2030,,,,,,0.5085,,,,,,,,,,,,,,,,,,,,,,,,,,,,,,,,
BAU,0,E5IPPUHFC125,T5HFC125IPPU,,2031,,,,,,0.5096,,,,,,,,,,,,,,,,,,,,,,,,,,,,,,,,
BAU,0,E5IPPUHFC125,T5HFC125IPPU,,2032,,,,,,0.5106,,,,,,,,,,,,,,,,,,,,,,,,,,,,,,,,
BAU,0,E5IPPUHFC125,T5HFC125IPPU,,2033,,,,,,0.5117,,,,,,,,,,,,,,,,,,,,,,,,,,,,,,,,
BAU,0,E5IPPUHFC125,T5HFC125IPPU,,2034,,,,,,0.5128,,,,,,,,,,,,,,,,,,,,,,,,,,,,,,,,
BAU,0,E5IPPUHFC125,T5HFC125IPPU,,2035,,,,,,0.5139,,,,,,,,,,,,,,,,,,,,,,,,,,,,,,,,
BAU,0,E5IPPUHFC134a,T5HFC134aIPPU,,2010,,,,,,0.0794,,,,,,,,,,,,,,,,,,,,,,,,,,,,,,,,
BAU,0,E5IPPUHFC134a,T5HFC134aIPPU,,2011,,,,,,0.0906,,,,,,,,,,,,,,,,,,,,,,,,,,,,,,,,
BAU,0,E5IPPUHFC134a,T5HFC134aIPPU,,2012,,,,,,0.1235,,,,,,,,,,,,,,,,,,,,,,,,,,,,,,,,
BAU,0,E5IPPUHFC134a,T5HFC134aIPPU,,2013,,,,,,0.1658,,,,,,,,,,,,,,,,,,,,,,,,,,,,,,,,
BAU,0,E5IPPUHFC134a,T5HFC134aIPPU,,2014,,,,,,0.2255,,,,,,,,,,,,,,,,,,,,,,,,,,,,,,,,
BAU,0,E5IPPUHFC134a,T5HFC134aIPPU,,2015,,,,,,0.2765,,,,,,,,,,,,,,,,,,,,,,,,,,,,,,,,
BAU,0,E5IPPUHFC134a,T5HFC134aIPPU,,2016,,,,,,0.3072,,,,,,,,,,,,,,,,,,,,,,,,,,,,,,,,
BAU,0,E5IPPUHFC134a,T5HFC134aIPPU,,2017,,,,,,0.3382,,,,,,,,,,,,,,,,,,,,,,,,,,,,,,,,
BAU,0,E5IPPUHFC134a,T5HFC134aIPPU,,2018,,,,,,0.3628,,,,,,,,,,,,,,,,,,,,,,,,,,,,,,,,
BAU,0,E5IPPUHFC134a,T5HFC134aIPPU,,2019,,,,,,0.3978,,,,,,,,,,,,,,,,,,,,,,,,,,,,,,,,
BAU,0,E5IPPUHFC134a,T5HFC134aIPPU,,2020,,,,,,0.427,,,,,,,,,,,,,,,,,,,,,,,,,,,,,,,,
BAU,0,E5IPPUHFC134a,T5HFC134aIPPU,,2021,,,,,,0.4122,,,,,,,,,,,,,,,,,,,,,,,,,,,,,,,,
BAU,0,E5IPPUHFC134a,T5HFC134aIPPU,,2022,,,,,,0.4691,,,,,,,,,,,,,,,,,,,,,,,,,,,,,,,,
BAU,0,E5IPPUHFC134a,T5HFC134aIPPU,,2023,,,,,,0.5713,,,,,,,,,,,,,,,,,,,,,,,,,,,,,,,,
BAU,0,E5IPPUHFC134a,T5HFC134aIPPU,,2024,,,,,,0.6735,,,,,,,,,,,,,,,,,,,,,,,,,,,,,,,,
BAU,0,E5IPPUHFC134a,T5HFC134aIPPU,,2025,,,,,,0.7757,,,,,,,,,,,,,,,,,,,,,,,,,,,,,,,,
BAU,0,E5IPPUHFC134a,T5HFC134aIPPU,,2026,,,,,,0.8778,,,,,,,,,,,,,,,,,,,,,,,,,,,,,,,,
BAU,0,E5IPPUHFC134a,T5HFC134aIPPU,,2027,,,,,,0.98,,,,,,,,,,,,,,,,,,,,,,,,,,,,,,,,
BAU,0,E5IPPUHFC134a,T5HFC134aIPPU,,2028,,,,,,1.0822,,,,,,,,,,,,,,,,,,,,,,,,,,,,,,,,
BAU,0,E5IPPUHFC134a,T5HFC134aIPPU,,2029,,,,,,1.1844,,,,,,,,,,,,,,,,,,,,,,,,,,,,,,,,
BAU,0,E5IPPUHFC134a,T5HFC134aIPPU,,2030,,,,,,1.2865,,,,,,,,,,,,,,,,,,,,,,,,,,,,,,,,
BAU,0,E5IPPUHFC134a,T5HFC134aIPPU,,2031,,,,,,1.2893,,,,,,,,,,,,,,,,,,,,,,,,,,,,,,,,
BAU,0,E5IPPUHFC134a,T5HFC134aIPPU,,2032,,,,,,1.292,,,,,,,,,,,,,,,,,,,,,,,,,,,,,,,,
BAU,0,E5IPPUHFC134a,T5HFC134aIPPU,,2033,,,,,,1.2947,,,,,,,,,,,,,,,,,,,,,,,,,,,,,,,,
BAU,0,E5IPPUHFC134a,T5HFC134aIPPU,,2034,,,,,,1.2974,,,,,,,,,,,,,,,,,,,,,,,,,,,,,,,,
BAU,0,E5IPPUHFC134a,T5HFC134aIPPU,,2035,,,,,,1.3001,,,,,,,,,,,,,,,,,,,,,,,,,,,,,,,,
BAU,0,E5IPPUHFC143a,T5HFC143aIPPU,,2010,,,,,,0.0078,,,,,,,,,,,,,,,,,,,,,,,,,,,,,,,,
BAU,0,E5IPPUHFC143a,T5HFC143aIPPU,,2011,,,,,,0.0109,,,,,,,,,,,,,,,,,,,,,,,,,,,,,,,,
BAU,0,E5IPPUHFC143a,T5HFC143aIPPU,,2012,,,,,,0.0125,,,,,,,,,,,,,,,,,,,,,,,,,,,,,,,,
BAU,0,E5IPPUHFC143a,T5HFC143aIPPU,,2013,,,,,,0.0094,,,,,,,,,,,,,,,,,,,,,,,,,,,,,,,,
BAU,0,E5IPPUHFC143a,T5HFC143aIPPU,,2014,,,,,,0.0063,,,,,,,,,,,,,,,,,,,,,,,,,,,,,,,,
BAU,0,E5IPPUHFC143a,T5HFC143aIPPU,,2015,,,,,,0.0086,,,,,,,,,,,,,,,,,,,,,,,,,,,,,,,,
BAU,0,E5IPPUHFC143a,T5HFC143aIPPU,,2016,,,,,,0.0085,,,,,,,,,,,,,,,,,,,,,,,,,,,,,,,,
BAU,0,E5IPPUHFC143a,T5HFC143aIPPU,,2017,,,,,,0.006,,,,,,,,,,,,,,,,,,,,,,,,,,,,,,,,
BAU,0,E5IPPUHFC143a,T5HFC143aIPPU,,2018,,,,,,0.0039,,,,,,,,,,,,,,,,,,,,,,,,,,,,,,,,
BAU,0,E5IPPUHFC143a,T5HFC143aIPPU,,2019,,,,,,0.0409,,,,,,,,,,,,,,,,,,,,,,,,,,,,,,,,
BAU,0,E5IPPUHFC143a,T5HFC143aIPPU,,2020,,,,,,0.0662,,,,,,,,,,,,,,,,,,,,,,,,,,,,,,,,
BAU,0,E5IPPUHFC143a,T5HFC143aIPPU,,2021,,,,,,0.0797,,,,,,,,,,,,,,,,,,,,,,,,,,,,,,,,
BAU,0,E5IPPUHFC143a,T5HFC143aIPPU,,2022,,,,,,0.1464,,,,,,,,,,,,,,,,,,,,,,,,,,,,,,,,
BAU,0,E5IPPUHFC143a,T5HFC143aIPPU,,2023,,,,,,0.1783,,,,,,,,,,,,,,,,,,,,,,,,,,,,,,,,
BAU,0,E5IPPUHFC143a,T5HFC143aIPPU,,2024,,,,,,0.2101,,,,,,,,,,,,,,,,,,,,,,,,,,,,,,,,
BAU,0,E5IPPUHFC143a,T5HFC143aIPPU,,2025,,,,,,0.242,,,,,,,,,,,,,,,,,,,,,,,,,,,,,,,,
BAU,0,E5IPPUHFC143a,T5HFC143aIPPU,,2026,,,,,,0.2739,,,,,,,,,,,,,,,,,,,,,,,,,,,,,,,,
BAU,0,E5IPPUHFC143a,T5HFC143aIPPU,,2027,,,,,,0.3058,,,,,,,,,,,,,,,,,,,,,,,,,,,,,,,,
BAU,0,E5IPPUHFC143a,T5HFC143aIPPU,,2028,,,,,,0.3377,,,,,,,,,,,,,,,,,,,,,,,,,,,,,,,,
BAU,0,E5IPPUHFC143a,T5HFC143aIPPU,,2029,,,,,,0.3696,,,,,,,,,,,,,,,,,,,,,,,,,,,,,,,,
BAU,0,E5IPPUHFC143a,T5HFC143aIPPU,,2030,,,,,,0.4014,,,,,,,,,,,,,,,,,,,,,,,,,,,,,,,,
BAU,0,E5IPPUHFC143a,T5HFC143aIPPU,,2031,,,,,,0.4023,,,,,,,,,,,,,,,,,,,,,,,,,,,,,,,,
BAU,0,E5IPPUHFC143a,T5HFC143aIPPU,,2032,,,,,,0.4031,,,,,,,,,,,,,,,,,,,,,,,,,,,,,,,,
BAU,0,E5IPPUHFC143a,T5HFC143aIPPU,,2033,,,,,,0.404,,,,,,,,,,,,,,,,,,,,,,,,,,,,,,,,
BAU,0,E5IPPUHFC143a,T5HFC143aIPPU,,2034,,,,,,0.4048,,,,,,,,,,,,,,,,,,,,,,,,,,,,,,,,
BAU,0,E5IPPUHFC143a,T5HFC143aIPPU,,2035,,,,,,0.4057,,,,,,,,,,,,,,,,,,,,,,,,,,,,,,,,
BAU,0,E5IPPUHFC152a,T5HFC152aIPPU,,2014,,,,,,0.0014,,,,,,,,,,,,,,,,,,,,,,,,,,,,,,,,
BAU,0,E5IPPUHFC152a,T5HFC152aIPPU,,2016,,,,,,0.0014,,,,,,,,,,,,,,,,,,,,,,,,,,,,,,,,
BAU,0,E5IPPUHFC152a,T5HFC152aIPPU,,2017,,,,,,0.0014,,,,,,,,,,,,,,,,,,,,,,,,,,,,,,,,
BAU,0,E5IPPUHFC152a,T5HFC152aIPPU,,2021,,,,,,0.0014,,,,,,,,,,,,,,,,,,,,,,,,,,,,,,,,
BAU,0,E5IPPUHFC152a,T5HFC152aIPPU,,2022,,,,,,0.0022,,,,,,,,,,,,,,,,,,,,,,,,,,,,,,,,
BAU,0,E5IPPUHFC152a,T5HFC152aIPPU,,2023,,,,,,0.0024,,,,,,,,,,,,,,,,,,,,,,,,,,,,,,,,
BAU,0,E5IPPUHFC152a,T5HFC152aIPPU,,2024,,,,,,0.0029,,,,,,,,,,,,,,,,,,,,,,,,,,,,,,,,
BAU,0,E5IPPUHFC152a,T5HFC152aIPPU,,2025,,,,,,0.0033,,,,,,,,,,,,,,,,,,,,,,,,,,,,,,,,
BAU,0,E5IPPUHFC152a,T5HFC152aIPPU,,2026,,,,,,0.0038,,,,,,,,,,,,,,,,,,,,,,,,,,,,,,,,
BAU,0,E5IPPUHFC152a,T5HFC152aIPPU,,2027,,,,,,0.0042,,,,,,,,,,,,,,,,,,,,,,,,,,,,,,,,
BAU,0,E5IPPUHFC152a,T5HFC152aIPPU,,2028,,,,,,0.0046,,,,,,,,,,,,,,,,,,,,,,,,,,,,,,,,
BAU,0,E5IPPUHFC152a,T5HFC152aIPPU,,2029,,,,,,0.0051,,,,,,,,,,,,,,,,,,,,,,,,,,,,,,,,
BAU,0,E5IPPUHFC152a,T5HFC152aIPPU,,2030,,,,,,0.0055,,,,,,,,,,,,,,,,,,,,,,,,,,,,,,,,
BAU,0,E5IPPUHFC152a,T5HFC152aIPPU,,2031,,,,,,0.0055,,,,,,,,,,,,,,,,,,,,,,,,,,,,,,,,
BAU,0,E5IPPUHFC152a,T5HFC152aIPPU,,2032,,,,,,0.0055,,,,,,,,,,,,,,,,,,,,,,,,,,,,,,,,
BAU,0,E5IPPUHFC152a,T5HFC152aIPPU,,2033,,,,,,0.0055,,,,,,,,,,,,,,,,,,,,,,,,,,,,,,,,
BAU,0,E5IPPUHFC152a,T5HFC152aIPPU,,2034,,,,,,0.0056,,,,,,,,,,,,,,,,,,,,,,,,,,,,,,,,
BAU,0,E5IPPUHFC152a,T5HFC152aIPPU,,2035,,,,,,0.0056,,,,,,,,,,,,,,,,,,,,,,,,,,,,,,,,
BAU,0,LIME_PROD,LIME_PROD,,2010,,,,,,0.0665,,,,,,,,,,,,,,,,,,,,,,,,,,,,,,,,
BAU,0,LIME_PROD,LIME_PROD,,2011,,,,,,0.0692,,,,,,,,,,,,,,,,,,,,,,,,,,,,,,,,
BAU,0,LIME_PROD,LIME_PROD,,2012,,,,,,0.0719,,,,,,,,,,,,,,,,,,,,,,,,,,,,,,,,
BAU,0,LIME_PROD,LIME_PROD,,2013,,,,,,0.0742,,,,,,,,,,,,,,,,,,,,,,,,,,,,,,,,
BAU,0,LIME_PROD,LIME_PROD,,2014,,,,,,0.0766,,,,,,,,,,,,,,,,,,,,,,,,,,,,,,,,
BAU,0,LIME_PROD,LIME_PROD,,2015,,,,,,0.0852,,,,,,,,,,,,,,,,,,,,,,,,,,,,,,,,
BAU,0,LIME_PROD,LIME_PROD,,2016,,,,,,0.0938,,,,,,,,,,,,,,,,,,,,,,,,,,,,,,,,
BAU,0,LIME_PROD,LIME_PROD,,2017,,,,,,0.1005,,,,,,,,,,,,,,,,,,,,,,,,,,,,,,,,
BAU,0,LIME_PROD,LIME_PROD,,2018,,,,,,0.1071,,,,,,,,,,,,,,,,,,,,,,,,,,,,,,,,
BAU,0,LIME_PROD,LIME_PROD,,2019,,,,,,0.1144,,,,,,,,,,,,,,,,,,,,,,,,,,,,,,,,
BAU,0,LIME_PROD,LIME_PROD,,2020,,,,,,0.1216,,,,,,,,,,,,,,,,,,,,,,,,,,,,,,,,
BAU,0,LIME_PROD,LIME_PROD,,2021,,,,,,0.2199,,,,,,,,,,,,,,,,,,,,,,,,,,,,,,,,
BAU,0,LIME_PROD,LIME_PROD,,2022,,,,,,0.1791,,,,,,,,,,,,,,,,,,,,,,,,,,,,,,,,
BAU,0,LIME_PROD,LIME_PROD,,2023,,,,,,0.1829,,,,,,,,,,,,,,,,,,,,,,,,,,,,,,,,
BAU,0,LIME_PROD,LIME_PROD,,2024,,,,,,0.1868,,,,,,,,,,,,,,,,,,,,,,,,,,,,,,,,
BAU,0,LIME_PROD,LIME_PROD,,2025,,,,,,0.1908,,,,,,,,,,,,,,,,,,,,,,,,,,,,,,,,
BAU,0,LIME_PROD,LIME_PROD,,2026,,,,,,0.1949,,,,,,,,,,,,,,,,,,,,,,,,,,,,,,,,
BAU,0,LIME_PROD,LIME_PROD,,2027,,,,,,0.1991,,,,,,,,,,,,,,,,,,,,,,,,,,,,,,,,
BAU,0,LIME_PROD,LIME_PROD,,2028,,,,,,0.2034,,,,,,,,,,,,,,,,,,,,,,,,,,,,,,,,
BAU,0,LIME_PROD,LIME_PROD,,2029,,,,,,0.2077,,,,,,,,,,,,,,,,,,,,,,,,,,,,,,,,
BAU,0,LIME_PROD,LIME_PROD,,2030,,,,,,0.2121,,,,,,,,,,,,,,,,,,,,,,,,,,,,,,,,
BAU,0,LIME_PROD,LIME_PROD,,2031,,,,,,0.2167,,,,,,,,,,,,,,,,,,,,,,,,,,,,,,,,
BAU,0,LIME_PROD,LIME_PROD,,2032,,,,,,0.2213,,,,,,,,,,,,,,,,,,,,,,,,,,,,,,,,
BAU,0,LIME_PROD,LIME_PROD,,2033,,,,,,0.226,,,,,,,,,,,,,,,,,,,,,,,,,,,,,,,,
BAU,0,LIME_PROD,LIME_PROD,,2034,,,,,,0.2309,,,,,,,,,,,,,,,,,,,,,,,,,,,,,,,,
BAU,0,LIME_PROD,LIME_PROD,,2035,,,,,,0.2358,,,,,,,,,,,,,,,,,,,,,,,,,,,,,,,,
BAU,0,GLASS_PROD,GLASS_PROD,,2010,,,,,,0.0075,,,,,,,,,,,,,,,,,,,,,,,,,,,,,,,,
BAU,0,GLASS_PROD,GLASS_PROD,,2011,,,,,,0.0092,,,,,,,,,,,,,,,,,,,,,,,,,,,,,,,,
BAU,0,GLASS_PROD,GLASS_PROD,,2012,,,,,,0.0109,,,,,,,,,,,,,,,,,,,,,,,,,,,,,,,,
BAU,0,GLASS_PROD,GLASS_PROD,,2013,,,,,,0.0126,,,,,,,,,,,,,,,,,,,,,,,,,,,,,,,,
BAU,0,GLASS_PROD,GLASS_PROD,,2014,,,,,,0.0143,,,,,,,,,,,,,,,,,,,,,,,,,,,,,,,,
BAU,0,GLASS_PROD,GLASS_PROD,,2015,,,,,,0.0125,,,,,,,,,,,,,,,,,,,,,,,,,,,,,,,,
BAU,0,GLASS_PROD,GLASS_PROD,,2016,,,,,,0.0107,,,,,,,,,,,,,,,,,,,,,,,,,,,,,,,,
BAU,0,GLASS_PROD,GLASS_PROD,,2017,,,,,,0.0124,,,,,,,,,,,,,,,,,,,,,,,,,,,,,,,,
BAU,0,GLASS_PROD,GLASS_PROD,,2018,,,,,,0.0141,,,,,,,,,,,,,,,,,,,,,,,,,,,,,,,,
BAU,0,GLASS_PROD,GLASS_PROD,,2019,,,,,,0.0094,,,,,,,,,,,,,,,,,,,,,,,,,,,,,,,,
BAU,0,GLASS_PROD,GLASS_PROD,,2020,,,,,,0.0047,,,,,,,,,,,,,,,,,,,,,,,,,,,,,,,,
BAU,0,GLASS_PROD,GLASS_PROD,,2021,,,,,,0.0089,,,,,,,,,,,,,,,,,,,,,,,,,,,,,,,,
BAU,0,GLASS_PROD,GLASS_PROD,,2022,,,,,,0.0081,,,,,,,,,,,,,,,,,,,,,,,,,,,,,,,,
BAU,0,GLASS_PROD,GLASS_PROD,,2023,,,,,,0.0083,,,,,,,,,,,,,,,,,,,,,,,,,,,,,,,,
BAU,0,GLASS_PROD,GLASS_PROD,,2024,,,,,,0.0084,,,,,,,,,,,,,,,,,,,,,,,,,,,,,,,,
BAU,0,GLASS_PROD,GLASS_PROD,,2025,,,,,,0.0086,,,,,,,,,,,,,,,,,,,,,,,,,,,,,,,,
BAU,0,GLASS_PROD,GLASS_PROD,,2026,,,,,,0.0088,,,,,,,,,,,,,,,,,,,,,,,,,,,,,,,,
BAU,0,GLASS_PROD,GLASS_PROD,,2027,,,,,,0.009,,,,,,,,,,,,,,,,,,,,,,,,,,,,,,,,
BAU,0,GLASS_PROD,GLASS_PROD,,2028,,,,,,0.0092,,,,,,,,,,,,,,,,,,,,,,,,,,,,,,,,
BAU,0,GLASS_PROD,GLASS_PROD,,2029,,,,,,0.0094,,,,,,,,,,,,,,,,,,,,,,,,,,,,,,,,
BAU,0,GLASS_PROD,GLASS_PROD,,2030,,,,,,0.0096,,,,,,,,,,,,,,,,,,,,,,,,,,,,,,,,
BAU,0,GLASS_PROD,GLASS_PROD,,2031,,,,,,0.0098,,,,,,,,,,,,,,,,,,,,,,,,,,,,,,,,
BAU,0,GLASS_PROD,GLASS_PROD,,2032,,,,,,0.01,,,,,,,,,,,,,,,,,,,,,,,,,,,,,,,,
BAU,0,GLASS_PROD,GLASS_PROD,,2033,,,,,,0.0102,,,,,,,,,,,,,,,,,,,,,,,,,,,,,,,,
BAU,0,GLASS_PROD,GLASS_PROD,,2034,,,,,,0.0104,,,,,,,,,,,,,,,,,,,,,,,,,,,,,,,,
BAU,0,GLASS_PROD,GLASS_PROD,,2035,,,,,,0.0107,,,,,,,,,,,,,,,,,,,,,,,,,,,,,,,,
BAU,0,CERAMICS,CERAMICS,,2010,,,,,,0.3181,,,,,,,,,,,,,,,,,,,,,,,,,,,,,,,,
BAU,0,CERAMICS,CERAMICS,,2011,,,,,,0.4096,,,,,,,,,,,,,,,,,,,,,,,,,,,,,,,,
BAU,0,CERAMICS,CERAMICS,,2012,,,,,,0.5012,,,,,,,,,,,,,,,,,,,,,,,,,,,,,,,,
BAU,0,CERAMICS,CERAMICS,,2013,,,,,,0.4401,,,,,,,,,,,,,,,,,,,,,,,,,,,,,,,,
BAU,0,CERAMICS,CERAMICS,,2014,,,,,,0.3789,,,,,,,,,,,,,,,,,,,,,,,,,,,,,,,,
BAU,0,CERAMICS,CERAMICS,,2015,,,,,,0.383,,,,,,,,,,,,,,,,,,,,,,,,,,,,,,,,
BAU,0,CERAMICS,CERAMICS,,2016,,,,,,0.3872,,,,,,,,,,,,,,,,,,,,,,,,,,,,,,,,
BAU,0,CERAMICS,CERAMICS,,2017,,,,,,0.296,,,,,,,,,,,,,,,,,,,,,,,,,,,,,,,,
BAU,0,CERAMICS,CERAMICS,,2018,,,,,,0.2049,,,,,,,,,,,,,,,,,,,,,,,,,,,,,,,,
BAU,0,CERAMICS,CERAMICS,,2019,,,,,,0.1522,,,,,,,,,,,,,,,,,,,,,,,,,,,,,,,,
BAU,0,CERAMICS,CERAMICS,,2020,,,,,,0.0995,,,,,,,,,,,,,,,,,,,,,,,,,,,,,,,,
BAU,0,CERAMICS,CERAMICS,,2021,,,,,,0.0446,,,,,,,,,,,,,,,,,,,,,,,,,,,,,,,,
BAU,0,CERAMICS,CERAMICS,,2022,,,,,,0.2117,,,,,,,,,,,,,,,,,,,,,,,,,,,,,,,,
BAU,0,CERAMICS,CERAMICS,,2023,,,,,,0.2162,,,,,,,,,,,,,,,,,,,,,,,,,,,,,,,,
BAU,0,CERAMICS,CERAMICS,,2024,,,,,,0.2208,,,,,,,,,,,,,,,,,,,,,,,,,,,,,,,,
BAU,0,CERAMICS,CERAMICS,,2025,,,,,,0.2256,,,,,,,,,,,,,,,,,,,,,,,,,,,,,,,,
BAU,0,CERAMICS,CERAMICS,,2026,,,,,,0.2304,,,,,,,,,,,,,,,,,,,,,,,,,,,,,,,,
BAU,0,CERAMICS,CERAMICS,,2027,,,,,,0.2353,,,,,,,,,,,,,,,,,,,,,,,,,,,,,,,,
BAU,0,CERAMICS,CERAMICS,,2028,,,,,,0.2404,,,,,,,,,,,,,,,,,,,,,,,,,,,,,,,,
BAU,0,CERAMICS,CERAMICS,,2029,,,,,,0.2455,,,,,,,,,,,,,,,,,,,,,,,,,,,,,,,,
BAU,0,CERAMICS,CERAMICS,,2030,,,,,,0.2507,,,,,,,,,,,,,,,,,,,,,,,,,,,,,,,,
BAU,0,CERAMICS,CERAMICS,,2031,,,,,,0.2561,,,,,,,,,,,,,,,,,,,,,,,,,,,,,,,,
BAU,0,CERAMICS,CERAMICS,,2032,,,,,,0.2616,,,,,,,,,,,,,,,,,,,,,,,,,,,,,,,,
BAU,0,CERAMICS,CERAMICS,,2033,,,,,,0.2672,,,,,,,,,,,,,,,,,,,,,,,,,,,,,,,,
BAU,0,CERAMICS,CERAMICS,,2034,,,,,,0.2729,,,,,,,,,,,,,,,,,,,,,,,,,,,,,,,,
BAU,0,CERAMICS,CERAMICS,,2035,,,,,,0.2787,,,,,,,,,,,,,,,,,,,,,,,,,,,,,,,,
BAU,0,SODA_ASH,SODA_ASH,,2012,,,,,,0.0018,,,,,,,,,,,,,,,,,,,,,,,,,,,,,,,,
BAU,0,SODA_ASH,SODA_ASH,,2013,,,,,,0.0018,,,,,,,,,,,,,,,,,,,,,,,,,,,,,,,,
BAU,0,SODA_ASH,SODA_ASH,,2014,,,,,,0.0018,,,,,,,,,,,,,,,,,,,,,,,,,,,,,,,,
BAU,0,SODA_ASH,SODA_ASH,,2017,,,,,,0.0015,,,,,,,,,,,,,,,,,,,,,,,,,,,,,,,,
BAU,0,SODA_ASH,SODA_ASH,,2018,,,,,,0.0031,,,,,,,,,,,,,,,,,,,,,,,,,,,,,,,,
BAU,0,SODA_ASH,SODA_ASH,,2019,,,,,,0.0058,,,,,,,,,,,,,,,,,,,,,,,,,,,,,,,,
BAU,0,SODA_ASH,SODA_ASH,,2020,,,,,,0.0085,,,,,,,,,,,,,,,,,,,,,,,,,,,,,,,,
BAU,0,SODA_ASH,SODA_ASH,,2021,,,,,,0.0012,,,,,,,,,,,,,,,,,,,,,,,,,,,,,,,,
BAU,0,SODA_ASH,SODA_ASH,,2022,,,,,,0.0017,,,,,,,,,,,,,,,,,,,,,,,,,,,,,,,,
BAU,0,SODA_ASH,SODA_ASH,,2023,,,,,,0.0017,,,,,,,,,,,,,,,,,,,,,,,,,,,,,,,,
BAU,0,SODA_ASH,SODA_ASH,,2024,,,,,,0.0018,,,,,,,,,,,,,,,,,,,,,,,,,,,,,,,,
BAU,0,SODA_ASH,SODA_ASH,,2025,,,,,,0.0018,,,,,,,,,,,,,,,,,,,,,,,,,,,,,,,,
BAU,0,SODA_ASH,SODA_ASH,,2026,,,,,,0.0019,,,,,,,,,,,,,,,,,,,,,,,,,,,,,,,,
BAU,0,SODA_ASH,SODA_ASH,,2027,,,,,,0.0019,,,,,,,,,,,,,,,,,,,,,,,,,,,,,,,,
BAU,0,SODA_ASH,SODA_ASH,,2028,,,,,,0.0019,,,,,,,,,,,,,,,,,,,,,,,,,,,,,,,,
BAU,0,SODA_ASH,SODA_ASH,,2029,,,,,,0.002,,,,,,,,,,,,,,,,,,,,,,,,,,,,,,,,
BAU,0,SODA_ASH,SODA_ASH,,2030,,,,,,0.002,,,,,,,,,,,,,,,,,,,,,,,,,,,,,,,,
BAU,0,SODA_ASH,SODA_ASH,,2031,,,,,,0.0021,,,,,,,,,,,,,,,,,,,,,,,,,,,,,,,,
BAU,0,SODA_ASH,SODA_ASH,,2032,,,,,,0.0021,,,,,,,,,,,,,,,,,,,,,,,,,,,,,,,,
BAU,0,SODA_ASH,SODA_ASH,,2033,,,,,,0.0021,,,,,,,,,,,,,,,,,,,,,,,,,,,,,,,,
BAU,0,SODA_ASH,SODA_ASH,,2034,,,,,,0.0022,,,,,,,,,,,,,,,,,,,,,,,,,,,,,,,,
BAU,0,SODA_ASH,SODA_ASH,,2035,,,,,,0.0022,,,,,,,,,,,,,,,,,,,,,,,,,,,,,,,,
BAU,0,IRON_STEEL,IRON_STEEL,,2010,,,,,,0.0298,,,,,,,,,,,,,,,,,,,,,,,,,,,,,,,,
BAU,0,IRON_STEEL,IRON_STEEL,,2011,,,,,,0.0317,,,,,,,,,,,,,,,,,,,,,,,,,,,,,,,,
BAU,0,IRON_STEEL,IRON_STEEL,,2012,,,,,,0.0336,,,,,,,,,,,,,,,,,,,,,,,,,,,,,,,,
BAU,0,IRON_STEEL,IRON_STEEL,,2013,,,,,,0.0357,,,,,,,,,,,,,,,,,,,,,,,,,,,,,,,,
BAU,0,IRON_STEEL,IRON_STEEL,,2014,,,,,,0.0378,,,,,,,,,,,,,,,,,,,,,,,,,,,,,,,,
BAU,0,IRON_STEEL,IRON_STEEL,,2015,,,,,,0.0404,,,,,,,,,,,,,,,,,,,,,,,,,,,,,,,,
BAU,0,IRON_STEEL,IRON_STEEL,,2016,,,,,,0.0429,,,,,,,,,,,,,,,,,,,,,,,,,,,,,,,,
BAU,0,IRON_STEEL,IRON_STEEL,,2017,,,,,,0.0496,,,,,,,,,,,,,,,,,,,,,,,,,,,,,,,,
BAU,0,IRON_STEEL,IRON_STEEL,,2018,,,,,,0.0564,,,,,,,,,,,,,,,,,,,,,,,,,,,,,,,,
BAU,0,IRON_STEEL,IRON_STEEL,,2019,,,,,,0.0459,,,,,,,,,,,,,,,,,,,,,,,,,,,,,,,,
BAU,0,IRON_STEEL,IRON_STEEL,,2020,,,,,,0.0354,,,,,,,,,,,,,,,,,,,,,,,,,,,,,,,,
BAU,0,IRON_STEEL,IRON_STEEL,,2021,,,,,,0.0779,,,,,,,,,,,,,,,,,,,,,,,,,,,,,,,,
BAU,0,IRON_STEEL,IRON_STEEL,,2022,,,,,,0.0801,,,,,,,,,,,,,,,,,,,,,,,,,,,,,,,,
BAU,0,IRON_STEEL,IRON_STEEL,,2023,,,,,,0.0818,,,,,,,,,,,,,,,,,,,,,,,,,,,,,,,,
BAU,0,IRON_STEEL,IRON_STEEL,,2024,,,,,,0.0836,,,,,,,,,,,,,,,,,,,,,,,,,,,,,,,,
BAU,0,IRON_STEEL,IRON_STEEL,,2025,,,,,,0.0853,,,,,,,,,,,,,,,,,,,,,,,,,,,,,,,,
BAU,0,IRON_STEEL,IRON_STEEL,,2026,,,,,,0.0872,,,,,,,,,,,,,,,,,,,,,,,,,,,,,,,,
BAU,0,IRON_STEEL,IRON_STEEL,,2027,,,,,,0.089,,,,,,,,,,,,,,,,,,,,,,,,,,,,,,,,
BAU,0,IRON_STEEL,IRON_STEEL,,2028,,,,,,0.0909,,,,,,,,,,,,,,,,,,,,,,,,,,,,,,,,
BAU,0,IRON_STEEL,IRON_STEEL,,2029,,,,,,0.0929,,,,,,,,,,,,,,,,,,,,,,,,,,,,,,,,
BAU,0,IRON_STEEL,IRON_STEEL,,2030,,,,,,0.0949,,,,,,,,,,,,,,,,,,,,,,,,,,,,,,,,
BAU,0,IRON_STEEL,IRON_STEEL,,2031,,,,,,0.0969,,,,,,,,,,,,,,,,,,,,,,,,,,,,,,,,
BAU,0,IRON_STEEL,IRON_STEEL,,2032,,,,,,0.099,,,,,,,,,,,,,,,,,,,,,,,,,,,,,,,,
BAU,0,IRON_STEEL,IRON_STEEL,,2033,,,,,,0.1011,,,,,,,,,,,,,,,,,,,,,,,,,,,,,,,,
BAU,0,IRON_STEEL,IRON_STEEL,,2034,,,,,,0.1032,,,,,,,,,,,,,,,,,,,,,,,,,,,,,,,,
BAU,0,IRON_STEEL,IRON_STEEL,,2035,,,,,,0.1055,,,,,,,,,,,,,,,,,,,,,,,,,,,,,,,,
BAU,0,LEAD_PROD,LEAD_PROD,,2010,,,,,,0.0013,,,,,,,,,,,,,,,,,,,,,,,,,,,,,,,,
BAU,0,LEAD_PROD,LEAD_PROD,,2011,,,,,,0.0016,,,,,,,,,,,,,,,,,,,,,,,,,,,,,,,,
BAU,0,LEAD_PROD,LEAD_PROD,,2012,,,,,,0.0019,,,,,,,,,,,,,,,,,,,,,,,,,,,,,,,,
BAU,0,LEAD_PROD,LEAD_PROD,,2013,,,,,,0.0023,,,,,,,,,,,,,,,,,,,,,,,,,,,,,,,,
BAU,0,LEAD_PROD,LEAD_PROD,,2014,,,,,,0.0027,,,,,,,,,,,,,,,,,,,,,,,,,,,,,,,,
BAU,0,LEAD_PROD,LEAD_PROD,,2015,,,,,,0.0029,,,,,,,,,,,,,,,,,,,,,,,,,,,,,,,,
BAU,0,LEAD_PROD,LEAD_PROD,,2016,,,,,,0.003,,,,,,,,,,,,,,,,,,,,,,,,,,,,,,,,
BAU,0,LEAD_PROD,LEAD_PROD,,2017,,,,,,0.0035,,,,,,,,,,,,,,,,,,,,,,,,,,,,,,,,
BAU,0,LEAD_PROD,LEAD_PROD,,2018,,,,,,0.004,,,,,,,,,,,,,,,,,,,,,,,,,,,,,,,,
BAU,0,LEAD_PROD,LEAD_PROD,,2019,,,,,,0.007,,,,,,,,,,,,,,,,,,,,,,,,,,,,,,,,
BAU,0,LEAD_PROD,LEAD_PROD,,2020,,,,,,0.01,,,,,,,,,,,,,,,,,,,,,,,,,,,,,,,,
BAU,0,LEAD_PROD,LEAD_PROD,,2021,,,,,,0.0087,,,,,,,,,,,,,,,,,,,,,,,,,,,,,,,,
BAU,0,LEAD_PROD,LEAD_PROD,,2022,,,,,,0.0066,,,,,,,,,,,,,,,,,,,,,,,,,,,,,,,,
BAU,0,LEAD_PROD,LEAD_PROD,,2023,,,,,,0.0067,,,,,,,,,,,,,,,,,,,,,,,,,,,,,,,,
BAU,0,LEAD_PROD,LEAD_PROD,,2024,,,,,,0.0069,,,,,,,,,,,,,,,,,,,,,,,,,,,,,,,,
BAU,0,LEAD_PROD,LEAD_PROD,,2025,,,,,,0.007,,,,,,,,,,,,,,,,,,,,,,,,,,,,,,,,
BAU,0,LEAD_PROD,LEAD_PROD,,2026,,,,,,0.0072,,,,,,,,,,,,,,,,,,,,,,,,,,,,,,,,
BAU,0,LEAD_PROD,LEAD_PROD,,2027,,,,,,0.0073,,,,,,,,,,,,,,,,,,,,,,,,,,,,,,,,
BAU,0,LEAD_PROD,LEAD_PROD,,2028,,,,,,0.0075,,,,,,,,,,,,,,,,,,,,,,,,,,,,,,,,
BAU,0,LEAD_PROD,LEAD_PROD,,2029,,,,,,0.0077,,,,,,,,,,,,,,,,,,,,,,,,,,,,,,,,
BAU,0,LEAD_PROD,LEAD_PROD,,2030,,,,,,0.0078,,,,,,,,,,,,,,,,,,,,,,,,,,,,,,,,
BAU,0,LEAD_PROD,LEAD_PROD,,2031,,,,,,0.008,,,,,,,,,,,,,,,,,,,,,,,,,,,,,,,,
BAU,0,LEAD_PROD,LEAD_PROD,,2032,,,,,,0.0082,,,,,,,,,,,,,,,,,,,,,,,,,,,,,,,,
BAU,0,LEAD_PROD,LEAD_PROD,,2033,,,,,,0.0083,,,,,,,,,,,,,,,,,,,,,,,,,,,,,,,,
BAU,0,LEAD_PROD,LEAD_PROD,,2034,,,,,,0.0085,,,,,,,,,,,,,,,,,,,,,,,,,,,,,,,,
BAU,0,LEAD_PROD,LEAD_PROD,,2035,,,,,,0.0087,,,,,,,,,,,,,,,,,,,,,,,,,,,,,,,,
BAU,0,LUBRI,LUBRI,,2013,,,,,,0.0028,,,,,,,,,,,,,,,,,,,,,,,,,,,,,,,,
BAU,0,LUBRI,LUBRI,,2014,,,,,,0.0054,,,,,,,,,,,,,,,,,,,,,,,,,,,,,,,,
BAU,0,LUBRI,LUBRI,,2015,,,,,,0.0056,,,,,,,,,,,,,,,,,,,,,,,,,,,,,,,,
BAU,0,LUBRI,LUBRI,,2016,,,,,,0.0057,,,,,,,,,,,,,,,,,,,,,,,,,,,,,,,,
BAU,0,LUBRI,LUBRI,,2017,,,,,,0.0053,,,,,,,,,,,,,,,,,,,,,,,,,,,,,,,,
BAU,0,LUBRI,LUBRI,,2018,,,,,,0.0049,,,,,,,,,,,,,,,,,,,,,,,,,,,,,,,,
BAU,0,LUBRI,LUBRI,,2019,,,,,,0.0043,,,,,,,,,,,,,,,,,,,,,,,,,,,,,,,,
BAU,0,LUBRI,LUBRI,,2020,,,,,,0.0037,,,,,,,,,,,,,,,,,,,,,,,,,,,,,,,,
BAU,0,LUBRI,LUBRI,,2021,,,,,,0.0036,,,,,,,,,,,,,,,,,,,,,,,,,,,,,,,,
BAU,0,LUBRI,LUBRI,,2022,,,,,,0.003,,,,,,,,,,,,,,,,,,,,,,,,,,,,,,,,
BAU,0,LUBRI,LUBRI,,2023,,,,,,0.0031,,,,,,,,,,,,,,,,,,,,,,,,,,,,,,,,
BAU,0,LUBRI,LUBRI,,2024,,,,,,0.0031,,,,,,,,,,,,,,,,,,,,,,,,,,,,,,,,
BAU,0,LUBRI,LUBRI,,2025,,,,,,0.0032,,,,,,,,,,,,,,,,,,,,,,,,,,,,,,,,
BAU,0,LUBRI,LUBRI,,2026,,,,,,0.0033,,,,,,,,,,,,,,,,,,,,,,,,,,,,,,,,
BAU,0,LUBRI,LUBRI,,2027,,,,,,0.0033,,,,,,,,,,,,,,,,,,,,,,,,,,,,,,,,
BAU,0,LUBRI,LUBRI,,2028,,,,,,0.0034,,,,,,,,,,,,,,,,,,,,,,,,,,,,,,,,
BAU,0,LUBRI,LUBRI,,2029,,,,,,0.0035,,,,,,,,,,,,,,,,,,,,,,,,,,,,,,,,
BAU,0,LUBRI,LUBRI,,2030,,,,,,0.0036,,,,,,,,,,,,,,,,,,,,,,,,,,,,,,,,
BAU,0,LUBRI,LUBRI,,2031,,,,,,0.0036,,,,,,,,,,,,,,,,,,,,,,,,,,,,,,,,
BAU,0,LUBRI,LUBRI,,2032,,,,,,0.0037,,,,,,,,,,,,,,,,,,,,,,,,,,,,,,,,
BAU,0,LUBRI,LUBRI,,2033,,,,,,0.0038,,,,,,,,,,,,,,,,,,,,,,,,,,,,,,,,
BAU,0,LUBRI,LUBRI,,2034,,,,,,0.0039,,,,,,,,,,,,,,,,,,,,,,,,,,,,,,,,
BAU,0,LUBRI,LUBRI,,2035,,,,,,0.0039,,,,,,,,,,,,,,,,,,,,,,,,,,,,,,,,
BAU,0,E5IPPULIME_PROD,T5LIME_PRODIPPU,,2010,,,,,,0.0665,,,,,,,,,,,,,,,,,,,,,,,,,,,,,,,,
BAU,0,E5IPPULIME_PROD,T5LIME_PRODIPPU,,2011,,,,,,0.0692,,,,,,,,,,,,,,,,,,,,,,,,,,,,,,,,
BAU,0,E5IPPULIME_PROD,T5LIME_PRODIPPU,,2012,,,,,,0.0719,,,,,,,,,,,,,,,,,,,,,,,,,,,,,,,,
BAU,0,E5IPPULIME_PROD,T5LIME_PRODIPPU,,2013,,,,,,0.0742,,,,,,,,,,,,,,,,,,,,,,,,,,,,,,,,
BAU,0,E5IPPULIME_PROD,T5LIME_PRODIPPU,,2014,,,,,,0.0766,,,,,,,,,,,,,,,,,,,,,,,,,,,,,,,,
BAU,0,E5IPPULIME_PROD,T5LIME_PRODIPPU,,2015,,,,,,0.0852,,,,,,,,,,,,,,,,,,,,,,,,,,,,,,,,
BAU,0,E5IPPULIME_PROD,T5LIME_PRODIPPU,,2016,,,,,,0.0938,,,,,,,,,,,,,,,,,,,,,,,,,,,,,,,,
BAU,0,E5IPPULIME_PROD,T5LIME_PRODIPPU,,2017,,,,,,0.1005,,,,,,,,,,,,,,,,,,,,,,,,,,,,,,,,
BAU,0,E5IPPULIME_PROD,T5LIME_PRODIPPU,,2018,,,,,,0.1071,,,,,,,,,,,,,,,,,,,,,,,,,,,,,,,,
BAU,0,E5IPPULIME_PROD,T5LIME_PRODIPPU,,2019,,,,,,0.1144,,,,,,,,,,,,,,,,,,,,,,,,,,,,,,,,
BAU,0,E5IPPULIME_PROD,T5LIME_PRODIPPU,,2020,,,,,,0.1216,,,,,,,,,,,,,,,,,,,,,,,,,,,,,,,,
BAU,0,E5IPPULIME_PROD,T5LIME_PRODIPPU,,2021,,,,,,0.2199,,,,,,,,,,,,,,,,,,,,,,,,,,,,,,,,
BAU,0,E5IPPULIME_PROD,T5LIME_PRODIPPU,,2022,,,,,,0.1791,,,,,,,,,,,,,,,,,,,,,,,,,,,,,,,,
BAU,0,E5IPPULIME_PROD,T5LIME_PRODIPPU,,2023,,,,,,0.1829,,,,,,,,,,,,,,,,,,,,,,,,,,,,,,,,
BAU,0,E5IPPULIME_PROD,T5LIME_PRODIPPU,,2024,,,,,,0.1868,,,,,,,,,,,,,,,,,,,,,,,,,,,,,,,,
BAU,0,E5IPPULIME_PROD,T5LIME_PRODIPPU,,2025,,,,,,0.1908,,,,,,,,,,,,,,,,,,,,,,,,,,,,,,,,
BAU,0,E5IPPULIME_PROD,T5LIME_PRODIPPU,,2026,,,,,,0.1949,,,,,,,,,,,,,,,,,,,,,,,,,,,,,,,,
BAU,0,E5IPPULIME_PROD,T5LIME_PRODIPPU,,2027,,,,,,0.1991,,,,,,,,,,,,,,,,,,,,,,,,,,,,,,,,
BAU,0,E5IPPULIME_PROD,T5LIME_PRODIPPU,,2028,,,,,,0.2034,,,,,,,,,,,,,,,,,,,,,,,,,,,,,,,,
BAU,0,E5IPPULIME_PROD,T5LIME_PRODIPPU,,2029,,,,,,0.2077,,,,,,,,,,,,,,,,,,,,,,,,,,,,,,,,
BAU,0,E5IPPULIME_PROD,T5LIME_PRODIPPU,,2030,,,,,,0.2121,,,,,,,,,,,,,,,,,,,,,,,,,,,,,,,,
BAU,0,E5IPPULIME_PROD,T5LIME_PRODIPPU,,2031,,,,,,0.2167,,,,,,,,,,,,,,,,,,,,,,,,,,,,,,,,
BAU,0,E5IPPULIME_PROD,T5LIME_PRODIPPU,,2032,,,,,,0.2213,,,,,,,,,,,,,,,,,,,,,,,,,,,,,,,,
BAU,0,E5IPPULIME_PROD,T5LIME_PRODIPPU,,2033,,,,,,0.226,,,,,,,,,,,,,,,,,,,,,,,,,,,,,,,,
BAU,0,E5IPPULIME_PROD,T5LIME_PRODIPPU,,2034,,,,,,0.2309,,,,,,,,,,,,,,,,,,,,,,,,,,,,,,,,
BAU,0,E5IPPULIME_PROD,T5LIME_PRODIPPU,,2035,,,,,,0.2358,,,,,,,,,,,,,,,,,,,,,,,,,,,,,,,,
BAU,0,E5IPPUGLASS_PROD,T5GLASS_PRODIPPU,,2010,,,,,,0.0075,,,,,,,,,,,,,,,,,,,,,,,,,,,,,,,,
BAU,0,E5IPPUGLASS_PROD,T5GLASS_PRODIPPU,,2011,,,,,,0.0092,,,,,,,,,,,,,,,,,,,,,,,,,,,,,,,,
BAU,0,E5IPPUGLASS_PROD,T5GLASS_PRODIPPU,,2012,,,,,,0.0109,,,,,,,,,,,,,,,,,,,,,,,,,,,,,,,,
BAU,0,E5IPPUGLASS_PROD,T5GLASS_PRODIPPU,,2013,,,,,,0.0126,,,,,,,,,,,,,,,,,,,,,,,,,,,,,,,,
BAU,0,E5IPPUGLASS_PROD,T5GLASS_PRODIPPU,,2014,,,,,,0.0143,,,,,,,,,,,,,,,,,,,,,,,,,,,,,,,,
BAU,0,E5IPPUGLASS_PROD,T5GLASS_PRODIPPU,,2015,,,,,,0.0125,,,,,,,,,,,,,,,,,,,,,,,,,,,,,,,,
BAU,0,E5IPPUGLASS_PROD,T5GLASS_PRODIPPU,,2016,,,,,,0.0107,,,,,,,,,,,,,,,,,,,,,,,,,,,,,,,,
BAU,0,E5IPPUGLASS_PROD,T5GLASS_PRODIPPU,,2017,,,,,,0.0124,,,,,,,,,,,,,,,,,,,,,,,,,,,,,,,,
BAU,0,E5IPPUGLASS_PROD,T5GLASS_PRODIPPU,,2018,,,,,,0.0141,,,,,,,,,,,,,,,,,,,,,,,,,,,,,,,,
BAU,0,E5IPPUGLASS_PROD,T5GLASS_PRODIPPU,,2019,,,,,,0.0094,,,,,,,,,,,,,,,,,,,,,,,,,,,,,,,,
BAU,0,E5IPPUGLASS_PROD,T5GLASS_PRODIPPU,,2020,,,,,,0.0047,,,,,,,,,,,,,,,,,,,,,,,,,,,,,,,,
BAU,0,E5IPPUGLASS_PROD,T5GLASS_PRODIPPU,,2021,,,,,,0.0089,,,,,,,,,,,,,,,,,,,,,,,,,,,,,,,,
BAU,0,E5IPPUGLASS_PROD,T5GLASS_PRODIPPU,,2022,,,,,,0.0081,,,,,,,,,,,,,,,,,,,,,,,,,,,,,,,,
BAU,0,E5IPPUGLASS_PROD,T5GLASS_PRODIPPU,,2023,,,,,,0.0083,,,,,,,,,,,,,,,,,,,,,,,,,,,,,,,,
BAU,0,E5IPPUGLASS_PROD,T5GLASS_PRODIPPU,,2024,,,,,,0.0084,,,,,,,,,,,,,,,,,,,,,,,,,,,,,,,,
BAU,0,E5IPPUGLASS_PROD,T5GLASS_PRODIPPU,,2025,,,,,,0.0086,,,,,,,,,,,,,,,,,,,,,,,,,,,,,,,,
BAU,0,E5IPPUGLASS_PROD,T5GLASS_PRODIPPU,,2026,,,,,,0.0088,,,,,,,,,,,,,,,,,,,,,,,,,,,,,,,,
BAU,0,E5IPPUGLASS_PROD,T5GLASS_PRODIPPU,,2027,,,,,,0.009,,,,,,,,,,,,,,,,,,,,,,,,,,,,,,,,
BAU,0,E5IPPUGLASS_PROD,T5GLASS_PRODIPPU,,2028,,,,,,0.0092,,,,,,,,,,,,,,,,,,,,,,,,,,,,,,,,
BAU,0,E5IPPUGLASS_PROD,T5GLASS_PRODIPPU,,2029,,,,,,0.0094,,,,,,,,,,,,,,,,,,,,,,,,,,,,,,,,
BAU,0,E5IPPUGLASS_PROD,T5GLASS_PRODIPPU,,2030,,,,,,0.0096,,,,,,,,,,,,,,,,,,,,,,,,,,,,,,,,
BAU,0,E5IPPUGLASS_PROD,T5GLASS_PRODIPPU,,2031,,,,,,0.0098,,,,,,,,,,,,,,,,,,,,,,,,,,,,,,,,
BAU,0,E5IPPUGLASS_PROD,T5GLASS_PRODIPPU,,2032,,,,,,0.01,,,,,,,,,,,,,,,,,,,,,,,,,,,,,,,,
BAU,0,E5IPPUGLASS_PROD,T5GLASS_PRODIPPU,,2033,,,,,,0.0102,,,,,,,,,,,,,,,,,,,,,,,,,,,,,,,,
BAU,0,E5IPPUGLASS_PROD,T5GLASS_PRODIPPU,,2034,,,,,,0.0104,,,,,,,,,,,,,,,,,,,,,,,,,,,,,,,,
BAU,0,E5IPPUGLASS_PROD,T5GLASS_PRODIPPU,,2035,,,,,,0.0107,,,,,,,,,,,,,,,,,,,,,,,,,,,,,,,,
BAU,0,E5IPPUCERAMICS,T5CERAMICSIPPU,,2010,,,,,,0.3181,,,,,,,,,,,,,,,,,,,,,,,,,,,,,,,,
BAU,0,E5IPPUCERAMICS,T5CERAMICSIPPU,,2011,,,,,,0.4096,,,,,,,,,,,,,,,,,,,,,,,,,,,,,,,,
BAU,0,E5IPPUCERAMICS,T5CERAMICSIPPU,,2012,,,,,,0.5012,,,,,,,,,,,,,,,,,,,,,,,,,,,,,,,,
BAU,0,E5IPPUCERAMICS,T5CERAMICSIPPU,,2013,,,,,,0.4401,,,,,,,,,,,,,,,,,,,,,,,,,,,,,,,,
BAU,0,E5IPPUCERAMICS,T5CERAMICSIPPU,,2014,,,,,,0.3789,,,,,,,,,,,,,,,,,,,,,,,,,,,,,,,,
BAU,0,E5IPPUCERAMICS,T5CERAMICSIPPU,,2015,,,,,,0.383,,,,,,,,,,,,,,,,,,,,,,,,,,,,,,,,
BAU,0,E5IPPUCERAMICS,T5CERAMICSIPPU,,2016,,,,,,0.3872,,,,,,,,,,,,,,,,,,,,,,,,,,,,,,,,
BAU,0,E5IPPUCERAMICS,T5CERAMICSIPPU,,2017,,,,,,0.296,,,,,,,,,,,,,,,,,,,,,,,,,,,,,,,,
BAU,0,E5IPPUCERAMICS,T5CERAMICSIPPU,,2018,,,,,,0.2049,,,,,,,,,,,,,,,,,,,,,,,,,,,,,,,,
BAU,0,E5IPPUCERAMICS,T5CERAMICSIPPU,,2019,,,,,,0.1522,,,,,,,,,,,,,,,,,,,,,,,,,,,,,,,,
BAU,0,E5IPPUCERAMICS,T5CERAMICSIPPU,,2020,,,,,,0.0995,,,,,,,,,,,,,,,,,,,,,,,,,,,,,,,,
BAU,0,E5IPPUCERAMICS,T5CERAMICSIPPU,,2021,,,,,,0.0446,,,,,,,,,,,,,,,,,,,,,,,,,,,,,,,,
BAU,0,E5IPPUCERAMICS,T5CERAMICSIPPU,,2022,,,,,,0.2117,,,,,,,,,,,,,,,,,,,,,,,,,,,,,,,,
BAU,0,E5IPPUCERAMICS,T5CERAMICSIPPU,,2023,,,,,,0.2162,,,,,,,,,,,,,,,,,,,,,,,,,,,,,,,,
BAU,0,E5IPPUCERAMICS,T5CERAMICSIPPU,,2024,,,,,,0.2208,,,,,,,,,,,,,,,,,,,,,,,,,,,,,,,,
BAU,0,E5IPPUCERAMICS,T5CERAMICSIPPU,,2025,,,,,,0.2256,,,,,,,,,,,,,,,,,,,,,,,,,,,,,,,,
BAU,0,E5IPPUCERAMICS,T5CERAMICSIPPU,,2026,,,,,,0.2304,,,,,,,,,,,,,,,,,,,,,,,,,,,,,,,,
BAU,0,E5IPPUCERAMICS,T5CERAMICSIPPU,,2027,,,,,,0.2353,,,,,,,,,,,,,,,,,,,,,,,,,,,,,,,,
BAU,0,E5IPPUCERAMICS,T5CERAMICSIPPU,,2028,,,,,,0.2404,,,,,,,,,,,,,,,,,,,,,,,,,,,,,,,,
BAU,0,E5IPPUCERAMICS,T5CERAMICSIPPU,,2029,,,,,,0.2455,,,,,,,,,,,,,,,,,,,,,,,,,,,,,,,,
BAU,0,E5IPPUCERAMICS,T5CERAMICSIPPU,,2030,,,,,,0.2507,,,,,,,,,,,,,,,,,,,,,,,,,,,,,,,,
BAU,0,E5IPPUCERAMICS,T5CERAMICSIPPU,,2031,,,,,,0.2561,,,,,,,,,,,,,,,,,,,,,,,,,,,,,,,,
BAU,0,E5IPPUCERAMICS,T5CERAMICSIPPU,,2032,,,,,,0.2616,,,,,,,,,,,,,,,,,,,,,,,,,,,,,,,,
BAU,0,E5IPPUCERAMICS,T5CERAMICSIPPU,,2033,,,,,,0.2672,,,,,,,,,,,,,,,,,,,,,,,,,,,,,,,,
BAU,0,E5IPPUCERAMICS,T5CERAMICSIPPU,,2034,,,,,,0.2729,,,,,,,,,,,,,,,,,,,,,,,,,,,,,,,,
BAU,0,E5IPPUCERAMICS,T5CERAMICSIPPU,,2035,,,,,,0.2787,,,,,,,,,,,,,,,,,,,,,,,,,,,,,,,,
BAU,0,E5IPPUSODA_ASH,T5SODA_ASHIPPU,,2012,,,,,,0.0018,,,,,,,,,,,,,,,,,,,,,,,,,,,,,,,,
BAU,0,E5IPPUSODA_ASH,T5SODA_ASHIPPU,,2013,,,,,,0.0018,,,,,,,,,,,,,,,,,,,,,,,,,,,,,,,,
BAU,0,E5IPPUSODA_ASH,T5SODA_ASHIPPU,,2014,,,,,,0.0018,,,,,,,,,,,,,,,,,,,,,,,,,,,,,,,,
BAU,0,E5IPPUSODA_ASH,T5SODA_ASHIPPU,,2017,,,,,,0.0015,,,,,,,,,,,,,,,,,,,,,,,,,,,,,,,,
BAU,0,E5IPPUSODA_ASH,T5SODA_ASHIPPU,,2018,,,,,,0.0031,,,,,,,,,,,,,,,,,,,,,,,,,,,,,,,,
BAU,0,E5IPPUSODA_ASH,T5SODA_ASHIPPU,,2019,,,,,,0.0058,,,,,,,,,,,,,,,,,,,,,,,,,,,,,,,,
BAU,0,E5IPPUSODA_ASH,T5SODA_ASHIPPU,,2020,,,,,,0.0085,,,,,,,,,,,,,,,,,,,,,,,,,,,,,,,,
BAU,0,E5IPPUSODA_ASH,T5SODA_ASHIPPU,,2021,,,,,,0.0012,,,,,,,,,,,,,,,,,,,,,,,,,,,,,,,,
BAU,0,E5IPPUSODA_ASH,T5SODA_ASHIPPU,,2022,,,,,,0.0017,,,,,,,,,,,,,,,,,,,,,,,,,,,,,,,,
BAU,0,E5IPPUSODA_ASH,T5SODA_ASHIPPU,,2023,,,,,,0.0017,,,,,,,,,,,,,,,,,,,,,,,,,,,,,,,,
BAU,0,E5IPPUSODA_ASH,T5SODA_ASHIPPU,,2024,,,,,,0.0018,,,,,,,,,,,,,,,,,,,,,,,,,,,,,,,,
BAU,0,E5IPPUSODA_ASH,T5SODA_ASHIPPU,,2025,,,,,,0.0018,,,,,,,,,,,,,,,,,,,,,,,,,,,,,,,,
BAU,0,E5IPPUSODA_ASH,T5SODA_ASHIPPU,,2026,,,,,,0.0019,,,,,,,,,,,,,,,,,,,,,,,,,,,,,,,,
BAU,0,E5IPPUSODA_ASH,T5SODA_ASHIPPU,,2027,,,,,,0.0019,,,,,,,,,,,,,,,,,,,,,,,,,,,,,,,,
BAU,0,E5IPPUSODA_ASH,T5SODA_ASHIPPU,,2028,,,,,,0.0019,,,,,,,,,,,,,,,,,,,,,,,,,,,,,,,,
BAU,0,E5IPPUSODA_ASH,T5SODA_ASHIPPU,,2029,,,,,,0.002,,,,,,,,,,,,,,,,,,,,,,,,,,,,,,,,
BAU,0,E5IPPUSODA_ASH,T5SODA_ASHIPPU,,2030,,,,,,0.002,,,,,,,,,,,,,,,,,,,,,,,,,,,,,,,,
BAU,0,E5IPPUSODA_ASH,T5SODA_ASHIPPU,,2031,,,,,,0.0021,,,,,,,,,,,,,,,,,,,,,,,,,,,,,,,,
BAU,0,E5IPPUSODA_ASH,T5SODA_ASHIPPU,,2032,,,,,,0.0021,,,,,,,,,,,,,,,,,,,,,,,,,,,,,,,,
BAU,0,E5IPPUSODA_ASH,T5SODA_ASHIPPU,,2033,,,,,,0.0021,,,,,,,,,,,,,,,,,,,,,,,,,,,,,,,,
BAU,0,E5IPPUSODA_ASH,T5SODA_ASHIPPU,,2034,,,,,,0.0022,,,,,,,,,,,,,,,,,,,,,,,,,,,,,,,,
BAU,0,E5IPPUSODA_ASH,T5SODA_ASHIPPU,,2035,,,,,,0.0022,,,,,,,,,,,,,,,,,,,,,,,,,,,,,,,,
BAU,0,E5IPPUIRON_STEEL,T5IRON_STEELIPPU,,2010,,,,,,0.0298,,,,,,,,,,,,,,,,,,,,,,,,,,,,,,,,
BAU,0,E5IPPUIRON_STEEL,T5IRON_STEELIPPU,,2011,,,,,,0.0317,,,,,,,,,,,,,,,,,,,,,,,,,,,,,,,,
BAU,0,E5IPPUIRON_STEEL,T5IRON_STEELIPPU,,2012,,,,,,0.0336,,,,,,,,,,,,,,,,,,,,,,,,,,,,,,,,
BAU,0,E5IPPUIRON_STEEL,T5IRON_STEELIPPU,,2013,,,,,,0.0357,,,,,,,,,,,,,,,,,,,,,,,,,,,,,,,,
BAU,0,E5IPPUIRON_STEEL,T5IRON_STEELIPPU,,2014,,,,,,0.0378,,,,,,,,,,,,,,,,,,,,,,,,,,,,,,,,
BAU,0,E5IPPUIRON_STEEL,T5IRON_STEELIPPU,,2015,,,,,,0.0404,,,,,,,,,,,,,,,,,,,,,,,,,,,,,,,,
BAU,0,E5IPPUIRON_STEEL,T5IRON_STEELIPPU,,2016,,,,,,0.0429,,,,,,,,,,,,,,,,,,,,,,,,,,,,,,,,
BAU,0,E5IPPUIRON_STEEL,T5IRON_STEELIPPU,,2017,,,,,,0.0496,,,,,,,,,,,,,,,,,,,,,,,,,,,,,,,,
BAU,0,E5IPPUIRON_STEEL,T5IRON_STEELIPPU,,2018,,,,,,0.0564,,,,,,,,,,,,,,,,,,,,,,,,,,,,,,,,
BAU,0,E5IPPUIRON_STEEL,T5IRON_STEELIPPU,,2019,,,,,,0.0459,,,,,,,,,,,,,,,,,,,,,,,,,,,,,,,,
BAU,0,E5IPPUIRON_STEEL,T5IRON_STEELIPPU,,2020,,,,,,0.0354,,,,,,,,,,,,,,,,,,,,,,,,,,,,,,,,
BAU,0,E5IPPUIRON_STEEL,T5IRON_STEELIPPU,,2021,,,,,,0.0779,,,,,,,,,,,,,,,,,,,,,,,,,,,,,,,,
BAU,0,E5IPPUIRON_STEEL,T5IRON_STEELIPPU,,2022,,,,,,0.0801,,,,,,,,,,,,,,,,,,,,,,,,,,,,,,,,
BAU,0,E5IPPUIRON_STEEL,T5IRON_STEELIPPU,,2023,,,,,,0.0818,,,,,,,,,,,,,,,,,,,,,,,,,,,,,,,,
BAU,0,E5IPPUIRON_STEEL,T5IRON_STEELIPPU,,2024,,,,,,0.0836,,,,,,,,,,,,,,,,,,,,,,,,,,,,,,,,
BAU,0,E5IPPUIRON_STEEL,T5IRON_STEELIPPU,,2025,,,,,,0.0853,,,,,,,,,,,,,,,,,,,,,,,,,,,,,,,,
BAU,0,E5IPPUIRON_STEEL,T5IRON_STEELIPPU,,2026,,,,,,0.0872,,,,,,,,,,,,,,,,,,,,,,,,,,,,,,,,
BAU,0,E5IPPUIRON_STEEL,T5IRON_STEELIPPU,,2027,,,,,,0.089,,,,,,,,,,,,,,,,,,,,,,,,,,,,,,,,
BAU,0,E5IPPUIRON_STEEL,T5IRON_STEELIPPU,,2028,,,,,,0.0909,,,,,,,,,,,,,,,,,,,,,,,,,,,,,,,,
BAU,0,E5IPPUIRON_STEEL,T5IRON_STEELIPPU,,2029,,,,,,0.0929,,,,,,,,,,,,,,,,,,,,,,,,,,,,,,,,
BAU,0,E5IPPUIRON_STEEL,T5IRON_STEELIPPU,,2030,,,,,,0.0949,,,,,,,,,,,,,,,,,,,,,,,,,,,,,,,,
BAU,0,E5IPPUIRON_STEEL,T5IRON_STEELIPPU,,2031,,,,,,0.0969,,,,,,,,,,,,,,,,,,,,,,,,,,,,,,,,
BAU,0,E5IPPUIRON_STEEL,T5IRON_STEELIPPU,,2032,,,,,,0.099,,,,,,,,,,,,,,,,,,,,,,,,,,,,,,,,
BAU,0,E5IPPUIRON_STEEL,T5IRON_STEELIPPU,,2033,,,,,,0.1011,,,,,,,,,,,,,,,,,,,,,,,,,,,,,,,,
BAU,0,E5IPPUIRON_STEEL,T5IRON_STEELIPPU,,2034,,,,,,0.1032,,,,,,,,,,,,,,,,,,,,,,,,,,,,,,,,
BAU,0,E5IPPUIRON_STEEL,T5IRON_STEELIPPU,,2035,,,,,,0.1055,,,,,,,,,,,,,,,,,,,,,,,,,,,,,,,,
BAU,0,E5IPPULEAD_PROD,T5LEAD_PRODIPPU,,2010,,,,,,0.0013,,,,,,,,,,,,,,,,,,,,,,,,,,,,,,,,
BAU,0,E5IPPULEAD_PROD,T5LEAD_PRODIPPU,,2011,,,,,,0.0016,,,,,,,,,,,,,,,,,,,,,,,,,,,,,,,,
BAU,0,E5IPPULEAD_PROD,T5LEAD_PRODIPPU,,2012,,,,,,0.0019,,,,,,,,,,,,,,,,,,,,,,,,,,,,,,,,
BAU,0,E5IPPULEAD_PROD,T5LEAD_PRODIPPU,,2013,,,,,,0.0023,,,,,,,,,,,,,,,,,,,,,,,,,,,,,,,,
BAU,0,E5IPPULEAD_PROD,T5LEAD_PRODIPPU,,2014,,,,,,0.0027,,,,,,,,,,,,,,,,,,,,,,,,,,,,,,,,
BAU,0,E5IPPULEAD_PROD,T5LEAD_PRODIPPU,,2015,,,,,,0.0029,,,,,,,,,,,,,,,,,,,,,,,,,,,,,,,,
BAU,0,E5IPPULEAD_PROD,T5LEAD_PRODIPPU,,2016,,,,,,0.003,,,,,,,,,,,,,,,,,,,,,,,,,,,,,,,,
BAU,0,E5IPPULEAD_PROD,T5LEAD_PRODIPPU,,2017,,,,,,0.0035,,,,,,,,,,,,,,,,,,,,,,,,,,,,,,,,
BAU,0,E5IPPULEAD_PROD,T5LEAD_PRODIPPU,,2018,,,,,,0.004,,,,,,,,,,,,,,,,,,,,,,,,,,,,,,,,
BAU,0,E5IPPULEAD_PROD,T5LEAD_PRODIPPU,,2019,,,,,,0.007,,,,,,,,,,,,,,,,,,,,,,,,,,,,,,,,
BAU,0,E5IPPULEAD_PROD,T5LEAD_PRODIPPU,,2020,,,,,,0.01,,,,,,,,,,,,,,,,,,,,,,,,,,,,,,,,
BAU,0,E5IPPULEAD_PROD,T5LEAD_PRODIPPU,,2021,,,,,,0.0087,,,,,,,,,,,,,,,,,,,,,,,,,,,,,,,,
BAU,0,E5IPPULEAD_PROD,T5LEAD_PRODIPPU,,2022,,,,,,0.0066,,,,,,,,,,,,,,,,,,,,,,,,,,,,,,,,
BAU,0,E5IPPULEAD_PROD,T5LEAD_PRODIPPU,,2023,,,,,,0.0067,,,,,,,,,,,,,,,,,,,,,,,,,,,,,,,,
BAU,0,E5IPPULEAD_PROD,T5LEAD_PRODIPPU,,2024,,,,,,0.0069,,,,,,,,,,,,,,,,,,,,,,,,,,,,,,,,
BAU,0,E5IPPULEAD_PROD,T5LEAD_PRODIPPU,,2025,,,,,,0.007,,,,,,,,,,,,,,,,,,,,,,,,,,,,,,,,
BAU,0,E5IPPULEAD_PROD,T5LEAD_PRODIPPU,,2026,,,,,,0.0072,,,,,,,,,,,,,,,,,,,,,,,,,,,,,,,,
BAU,0,E5IPPULEAD_PROD,T5LEAD_PRODIPPU,,2027,,,,,,0.0073,,,,,,,,,,,,,,,,,,,,,,,,,,,,,,,,
BAU,0,E5IPPULEAD_PROD,T5LEAD_PRODIPPU,,2028,,,,,,0.0075,,,,,,,,,,,,,,,,,,,,,,,,,,,,,,,,
BAU,0,E5IPPULEAD_PROD,T5LEAD_PRODIPPU,,2029,,,,,,0.0077,,,,,,,,,,,,,,,,,,,,,,,,,,,,,,,,
BAU,0,E5IPPULEAD_PROD,T5LEAD_PRODIPPU,,2030,,,,,,0.0078,,,,,,,,,,,,,,,,,,,,,,,,,,,,,,,,
BAU,0,E5IPPULEAD_PROD,T5LEAD_PRODIPPU,,2031,,,,,,0.008,,,,,,,,,,,,,,,,,,,,,,,,,,,,,,,,
BAU,0,E5IPPULEAD_PROD,T5LEAD_PRODIPPU,,2032,,,,,,0.0082,,,,,,,,,,,,,,,,,,,,,,,,,,,,,,,,
BAU,0,E5IPPULEAD_PROD,T5LEAD_PRODIPPU,,2033,,,,,,0.0083,,,,,,,,,,,,,,,,,,,,,,,,,,,,,,,,
BAU,0,E5IPPULEAD_PROD,T5LEAD_PRODIPPU,,2034,,,,,,0.0085,,,,,,,,,,,,,,,,,,,,,,,,,,,,,,,,
BAU,0,E5IPPULEAD_PROD,T5LEAD_PRODIPPU,,2035,,,,,,0.0087,,,,,,,,,,,,,,,,,,,,,,,,,,,,,,,,
BAU,0,E5IPPULUBRI,T5LUBRIIPPU,,2013,,,,,,0.0028,,,,,,,,,,,,,,,,,,,,,,,,,,,,,,,,
BAU,0,E5IPPULUBRI,T5LUBRIIPPU,,2014,,,,,,0.0054,,,,,,,,,,,,,,,,,,,,,,,,,,,,,,,,
BAU,0,E5IPPULUBRI,T5LUBRIIPPU,,2015,,,,,,0.0056,,,,,,,,,,,,,,,,,,,,,,,,,,,,,,,,
BAU,0,E5IPPULUBRI,T5LUBRIIPPU,,2016,,,,,,0.0057,,,,,,,,,,,,,,,,,,,,,,,,,,,,,,,,
BAU,0,E5IPPULUBRI,T5LUBRIIPPU,,2017,,,,,,0.0053,,,,,,,,,,,,,,,,,,,,,,,,,,,,,,,,
BAU,0,E5IPPULUBRI,T5LUBRIIPPU,,2018,,,,,,0.0049,,,,,,,,,,,,,,,,,,,,,,,,,,,,,,,,
BAU,0,E5IPPULUBRI,T5LUBRIIPPU,,2019,,,,,,0.0043,,,,,,,,,,,,,,,,,,,,,,,,,,,,,,,,
BAU,0,E5IPPULUBRI,T5LUBRIIPPU,,2020,,,,,,0.0037,,,,,,,,,,,,,,,,,,,,,,,,,,,,,,,,
BAU,0,E5IPPULUBRI,T5LUBRIIPPU,,2021,,,,,,0.0036,,,,,,,,,,,,,,,,,,,,,,,,,,,,,,,,
BAU,0,E5IPPULUBRI,T5LUBRIIPPU,,2022,,,,,,0.003,,,,,,,,,,,,,,,,,,,,,,,,,,,,,,,,
BAU,0,E5IPPULUBRI,T5LUBRIIPPU,,2023,,,,,,0.0031,,,,,,,,,,,,,,,,,,,,,,,,,,,,,,,,
BAU,0,E5IPPULUBRI,T5LUBRIIPPU,,2024,,,,,,0.0031,,,,,,,,,,,,,,,,,,,,,,,,,,,,,,,,
BAU,0,E5IPPULUBRI,T5LUBRIIPPU,,2025,,,,,,0.0032,,,,,,,,,,,,,,,,,,,,,,,,,,,,,,,,
BAU,0,E5IPPULUBRI,T5LUBRIIPPU,,2026,,,,,,0.0033,,,,,,,,,,,,,,,,,,,,,,,,,,,,,,,,
BAU,0,E5IPPULUBRI,T5LUBRIIPPU,,2027,,,,,,0.0033,,,,,,,,,,,,,,,,,,,,,,,,,,,,,,,,
BAU,0,E5IPPULUBRI,T5LUBRIIPPU,,2028,,,,,,0.0034,,,,,,,,,,,,,,,,,,,,,,,,,,,,,,,,
BAU,0,E5IPPULUBRI,T5LUBRIIPPU,,2029,,,,,,0.0035,,,,,,,,,,,,,,,,,,,,,,,,,,,,,,,,
BAU,0,E5IPPULUBRI,T5LUBRIIPPU,,2030,,,,,,0.0036,,,,,,,,,,,,,,,,,,,,,,,,,,,,,,,,
BAU,0,E5IPPULUBRI,T5LUBRIIPPU,,2031,,,,,,0.0036,,,,,,,,,,,,,,,,,,,,,,,,,,,,,,,,
BAU,0,E5IPPULUBRI,T5LUBRIIPPU,,2032,,,,,,0.0037,,,,,,,,,,,,,,,,,,,,,,,,,,,,,,,,
BAU,0,E5IPPULUBRI,T5LUBRIIPPU,,2033,,,,,,0.0038,,,,,,,,,,,,,,,,,,,,,,,,,,,,,,,,
BAU,0,E5IPPULUBRI,T5LUBRIIPPU,,2034,,,,,,0.0039,,,,,,,,,,,,,,,,,,,,,,,,,,,,,,,,
BAU,0,E5IPPULUBRI,T5LUBRIIPPU,,2035,,,,,,0.0039,,,,,,,,,,,,,,,,,,,,,,,,,,,,,,,,
BAU,0,RAW_MAT_CLK,PROD_CLK_TRAD,,2010,,,,,,,3.32899,,,,,,,,,,,,,,,,,,,,,,,,,,,,,,,
BAU,0,RAW_MAT_CLK,PROD_CLK_TRAD,,2011,,,,,,,3.32837,,,,,,,,,,,,,,,,,,,,,,,,,,,,,,,
BAU,0,RAW_MAT_CLK,PROD_CLK_TRAD,,2012,,,,,,,3.32776,,,,,,,,,,,,,,,,,,,,,,,,,,,,,,,
BAU,0,RAW_MAT_CLK,PROD_CLK_TRAD,,2013,,,,,,,3.43397,,,,,,,,,,,,,,,,,,,,,,,,,,,,,,,
BAU,0,RAW_MAT_CLK,PROD_CLK_TRAD,,2014,,,,,,,3.53987,,,,,,,,,,,,,,,,,,,,,,,,,,,,,,,
BAU,0,RAW_MAT_CLK,PROD_CLK_TRAD,,2015,,,,,,,3.41132,,,,,,,,,,,,,,,,,,,,,,,,,,,,,,,
BAU,0,RAW_MAT_CLK,PROD_CLK_TRAD,,2016,,,,,,,3.28185,,,,,,,,,,,,,,,,,,,,,,,,,,,,,,,
BAU,0,RAW_MAT_CLK,PROD_CLK_TRAD,,2017,,,,,,,3.6055,,,,,,,,,,,,,,,,,,,,,,,,,,,,,,,
BAU,0,RAW_MAT_CLK,PROD_CLK_TRAD,,2018,,,,,,,3.92843,,,,,,,,,,,,,,,,,,,,,,,,,,,,,,,
BAU,0,RAW_MAT_CLK,PROD_CLK_TRAD,,2019,,,,,,,3.3584,,,,,,,,,,,,,,,,,,,,,,,,,,,,,,,
BAU,0,RAW_MAT_CLK,PROD_CLK_TRAD,,2020,,,,,,,2.78855,,,,,,,,,,,,,,,,,,,,,,,,,,,,,,,
BAU,0,RAW_MAT_CLK,PROD_CLK_TRAD,,2021,,,,,,,4.00946,,,,,,,,,,,,,,,,,,,,,,,,,,,,,,,
BAU,0,RAW_MAT_CLK,PROD_CLK_TRAD,,2022,,,,,,,3.76442,,,,,,,,,,,,,,,,,,,,,,,,,,,,,,,
BAU,0,RAW_MAT_CLK,PROD_CLK_TRAD,,2023,,,,,,,3.97492,,,,,,,,,,,,,,,,,,,,,,,,,,,,,,,
BAU,0,RAW_MAT_CLK,PROD_CLK_TRAD,,2024,,,,,,,4.1825,,,,,,,,,,,,,,,,,,,,,,,,,,,,,,,
BAU,0,RAW_MAT_CLK,PROD_CLK_TRAD,,2025,,,,,,,4.38775,,,,,,,,,,,,,,,,,,,,,,,,,,,,,,,
BAU,0,RAW_MAT_CLK,PROD_CLK_TRAD,,2026,,,,,,,4.56104,,,,,,,,,,,,,,,,,,,,,,,,,,,,,,,
BAU,0,RAW_MAT_CLK,PROD_CLK_TRAD,,2027,,,,,,,4.73196,,,,,,,,,,,,,,,,,,,,,,,,,,,,,,,
BAU,0,RAW_MAT_CLK,PROD_CLK_TRAD,,2028,,,,,,,4.90051,,,,,,,,,,,,,,,,,,,,,,,,,,,,,,,
BAU,0,RAW_MAT_CLK,PROD_CLK_TRAD,,2029,,,,,,,5.06591,,,,,,,,,,,,,,,,,,,,,,,,,,,,,,,
BAU,0,RAW_MAT_CLK,PROD_CLK_TRAD,,2030,,,,,,,5.2286,,,,,,,,,,,,,,,,,,,,,,,,,,,,,,,
BAU,0,RAW_MAT_CLK,PROD_CLK_TRAD,,2031,,,,,,,5.4285,,,,,,,,,,,,,,,,,,,,,,,,,,,,,,,
BAU,0,RAW_MAT_CLK,PROD_CLK_TRAD,,2032,,,,,,,5.6277,,,,,,,,,,,,,,,,,,,,,,,,,,,,,,,
BAU,0,RAW_MAT_CLK,PROD_CLK_TRAD,,2033,,,,,,,5.82745,,,,,,,,,,,,,,,,,,,,,,,,,,,,,,,
BAU,0,RAW_MAT_CLK,PROD_CLK_TRAD,,2034,,,,,,,6.02714,,,,,,,,,,,,,,,,,,,,,,,,,,,,,,,
BAU,0,RAW_MAT_CLK,PROD_CLK_TRAD,,2035,,,,,,,6.22655,,,,,,,,,,,,,,,,,,,,,,,,,,,,,,,
BAU,0,RAW_MAT_CEM,PROD_CEM,,2010,,,,,,,1.94591,,,,,,,,,,,,,,,,,,,,,,,,,,,,,,,
BAU,0,RAW_MAT_CEM,PROD_CEM,,2011,,,,,,,2.33983,,,,,,,,,,,,,,,,,,,,,,,,,,,,,,,
BAU,0,RAW_MAT_CEM,PROD_CEM,,2012,,,,,,,2.73374,,,,,,,,,,,,,,,,,,,,,,,,,,,,,,,
BAU,0,RAW_MAT_CEM,PROD_CEM,,2013,,,,,,,2.87383,,,,,,,,,,,,,,,,,,,,,,,,,,,,,,,
BAU,0,RAW_MAT_CEM,PROD_CEM,,2014,,,,,,,3.01423,,,,,,,,,,,,,,,,,,,,,,,,,,,,,,,
BAU,0,RAW_MAT_CEM,PROD_CEM,,2015,,,,,,,2.37058,,,,,,,,,,,,,,,,,,,,,,,,,,,,,,,
BAU,0,RAW_MAT_CEM,PROD_CEM,,2016,,,,,,,1.72785,,,,,,,,,,,,,,,,,,,,,,,,,,,,,,,
BAU,0,RAW_MAT_CEM,PROD_CEM,,2017,,,,,,,1.4273,,,,,,,,,,,,,,,,,,,,,,,,,,,,,,,
BAU,0,RAW_MAT_CEM,PROD_CEM,,2018,,,,,,,1.12747,,,,,,,,,,,,,,,,,,,,,,,,,,,,,,,
BAU,0,RAW_MAT_CEM,PROD_CEM,,2019,,,,,,,0.882003,,,,,,,,,,,,,,,,,,,,,,,,,,,,,,,
BAU,0,RAW_MAT_CEM,PROD_CEM,,2020,,,,,,,0.623354,,,,,,,,,,,,,,,,,,,,,,,,,,,,,,,
BAU,0,RAW_MAT_CEM,PROD_CEM,,2021,,,,,,,1.00424,,,,,,,,,,,,,,,,,,,,,,,,,,,,,,,
BAU,0,RAW_MAT_CEM,PROD_CEM,,2022,,,,,,,0.860176,,,,,,,,,,,,,,,,,,,,,,,,,,,,,,,
BAU,0,RAW_MAT_CEM,PROD_CEM,,2023,,,,,,,0.886179,,,,,,,,,,,,,,,,,,,,,,,,,,,,,,,
BAU,0,RAW_MAT_CEM,PROD_CEM,,2024,,,,,,,0.915001,,,,,,,,,,,,,,,,,,,,,,,,,,,,,,,
BAU,0,RAW_MAT_CEM,PROD_CEM,,2025,,,,,,,0.946252,,,,,,,,,,,,,,,,,,,,,,,,,,,,,,,
BAU,0,RAW_MAT_CEM,PROD_CEM,,2026,,,,,,,1.00936,,,,,,,,,,,,,,,,,,,,,,,,,,,,,,,
BAU,0,RAW_MAT_CEM,PROD_CEM,,2027,,,,,,,1.07484,,,,,,,,,,,,,,,,,,,,,,,,,,,,,,,
BAU,0,RAW_MAT_CEM,PROD_CEM,,2028,,,,,,,1.14279,,,,,,,,,,,,,,,,,,,,,,,,,,,,,,,
BAU,0,RAW_MAT_CEM,PROD_CEM,,2029,,,,,,,1.21389,,,,,,,,,,,,,,,,,,,,,,,,,,,,,,,
BAU,0,RAW_MAT_CEM,PROD_CEM,,2030,,,,,,,1.2876,,,,,,,,,,,,,,,,,,,,,,,,,,,,,,,
BAU,0,RAW_MAT_CEM,PROD_CEM,,2031,,,,,,,1.3242,,,,,,,,,,,,,,,,,,,,,,,,,,,,,,,
BAU,0,RAW_MAT_CEM,PROD_CEM,,2032,,,,,,,1.3615,,,,,,,,,,,,,,,,,,,,,,,,,,,,,,,
BAU,0,RAW_MAT_CEM,PROD_CEM,,2033,,,,,,,1.39815,,,,,,,,,,,,,,,,,,,,,,,,,,,,,,,
BAU,0,RAW_MAT_CEM,PROD_CEM,,2034,,,,,,,1.43496,,,,,,,,,,,,,,,,,,,,,,,,,,,,,,,
BAU,0,RAW_MAT_CEM,PROD_CEM,,2035,,,,,,,1.47195,,,,,,,,,,,,,,,,,,,,,,,,,,,,,,,
BAU,0,CLK_PROD,PROD_CEM,,2010,,,,,,,3.32899,,,,,,,,,,,,,,,,,,,,,,,,,,,,,,,
BAU,0,CLK_PROD,PROD_CEM,,2011,,,,,,,3.32837,,,,,,,,,,,,,,,,,,,,,,,,,,,,,,,
BAU,0,CLK_PROD,PROD_CEM,,2012,,,,,,,3.32776,,,,,,,,,,,,,,,,,,,,,,,,,,,,,,,
BAU,0,CLK_PROD,PROD_CEM,,2013,,,,,,,3.43397,,,,,,,,,,,,,,,,,,,,,,,,,,,,,,,
BAU,0,CLK_PROD,PROD_CEM,,2014,,,,,,,3.53987,,,,,,,,,,,,,,,,,,,,,,,,,,,,,,,
BAU,0,CLK_PROD,PROD_CEM,,2015,,,,,,,3.41132,,,,,,,,,,,,,,,,,,,,,,,,,,,,,,,
BAU,0,CLK_PROD,PROD_CEM,,2016,,,,,,,3.28185,,,,,,,,,,,,,,,,,,,,,,,,,,,,,,,
BAU,0,CLK_PROD,PROD_CEM,,2017,,,,,,,3.6055,,,,,,,,,,,,,,,,,,,,,,,,,,,,,,,
BAU,0,CLK_PROD,PROD_CEM,,2018,,,,,,,3.92843,,,,,,,,,,,,,,,,,,,,,,,,,,,,,,,
BAU,0,CLK_PROD,PROD_CEM,,2019,,,,,,,3.3584,,,,,,,,,,,,,,,,,,,,,,,,,,,,,,,
BAU,0,CLK_PROD,PROD_CEM,,2020,,,,,,,2.78855,,,,,,,,,,,,,,,,,,,,,,,,,,,,,,,
BAU,0,CLK_PROD,PROD_CEM,,2021,,,,,,,4.00946,,,,,,,,,,,,,,,,,,,,,,,,,,,,,,,
BAU,0,CLK_PROD,PROD_CEM,,2022,,,,,,,3.76442,,,,,,,,,,,,,,,,,,,,,,,,,,,,,,,
BAU,0,CLK_PROD,PROD_CEM,,2023,,,,,,,3.97492,,,,,,,,,,,,,,,,,,,,,,,,,,,,,,,
BAU,0,CLK_PROD,PROD_CEM,,2024,,,,,,,4.1825,,,,,,,,,,,,,,,,,,,,,,,,,,,,,,,
BAU,0,CLK_PROD,PROD_CEM,,2025,,,,,,,4.38775,,,,,,,,,,,,,,,,,,,,,,,,,,,,,,,
BAU,0,CLK_PROD,PROD_CEM,,2026,,,,,,,4.56104,,,,,,,,,,,,,,,,,,,,,,,,,,,,,,,
BAU,0,CLK_PROD,PROD_CEM,,2027,,,,,,,4.73196,,,,,,,,,,,,,,,,,,,,,,,,,,,,,,,
BAU,0,CLK_PROD,PROD_CEM,,2028,,,,,,,4.90051,,,,,,,,,,,,,,,,,,,,,,,,,,,,,,,
BAU,0,CLK_PROD,PROD_CEM,,2029,,,,,,,5.06591,,,,,,,,,,,,,,,,,,,,,,,,,,,,,,,
BAU,0,CLK_PROD,PROD_CEM,,2030,,,,,,,5.2286,,,,,,,,,,,,,,,,,,,,,,,,,,,,,,,
BAU,0,CLK_PROD,PROD_CEM,,2031,,,,,,,5.4285,,,,,,,,,,,,,,,,,,,,,,,,,,,,,,,
BAU,0,CLK_PROD,PROD_CEM,,2032,,,,,,,5.6277,,,,,,,,,,,,,,,,,,,,,,,,,,,,,,,
BAU,0,CLK_PROD,PROD_CEM,,2033,,,,,,,5.82745,,,,,,,,,,,,,,,,,,,,,,,,,,,,,,,
BAU,0,CLK_PROD,PROD_CEM,,2034,,,,,,,6.02714,,,,,,,,,,,,,,,,,,,,,,,,,,,,,,,
BAU,0,CLK_PROD,PROD_CEM,,2035,,,,,,,6.22655,,,,,,,,,,,,,,,,,,,,,,,,,,,,,,,
BAU,0,CEM_PROD,T5CEM_PRODIND,,2010,,,,,,,5.2749,,,,,,,,,,,,,,,,,,,,,,,,,,,,,,,
BAU,0,CEM_PROD,T5CEM_PRODIND,,2011,,,,,,,5.6682,,,,,,,,,,,,,,,,,,,,,,,,,,,,,,,
BAU,0,CEM_PROD,T5CEM_PRODIND,,2012,,,,,,,6.0615,,,,,,,,,,,,,,,,,,,,,,,,,,,,,,,
BAU,0,CEM_PROD,T5CEM_PRODIND,,2013,,,,,,,6.3078,,,,,,,,,,,,,,,,,,,,,,,,,,,,,,,
BAU,0,CEM_PROD,T5CEM_PRODIND,,2014,,,,,,,6.5541,,,,,,,,,,,,,,,,,,,,,,,,,,,,,,,
BAU,0,CEM_PROD,T5CEM_PRODIND,,2015,,,,,,,5.7819,,,,,,,,,,,,,,,,,,,,,,,,,,,,,,,
BAU,0,CEM_PROD,T5CEM_PRODIND,,2016,,,,,,,5.0097,,,,,,,,,,,,,,,,,,,,,,,,,,,,,,,
BAU,0,CEM_PROD,T5CEM_PRODIND,,2017,,,,,,,5.0328,,,,,,,,,,,,,,,,,,,,,,,,,,,,,,,
BAU,0,CEM_PROD,T5CEM_PRODIND,,2018,,,,,,,5.0559,,,,,,,,,,,,,,,,,,,,,,,,,,,,,,,
BAU,0,CEM_PROD,T5CEM_PRODIND,,2019,,,,,,,4.2404,,,,,,,,,,,,,,,,,,,,,,,,,,,,,,,
BAU,0,CEM_PROD,T5CEM_PRODIND,,2020,,,,,,,3.4119,,,,,,,,,,,,,,,,,,,,,,,,,,,,,,,
BAU,0,CEM_PROD,T5CEM_PRODIND,,2021,,,,,,,5.0137,,,,,,,,,,,,,,,,,,,,,,,,,,,,,,,
BAU,0,CEM_PROD,T5CEM_PRODIND,,2022,,,,,,,4.6246,,,,,,,,,,,,,,,,,,,,,,,,,,,,,,,
BAU,0,CEM_PROD,T5CEM_PRODIND,,2023,,,,,,,4.8611,,,,,,,,,,,,,,,,,,,,,,,,,,,,,,,
BAU,0,CEM_PROD,T5CEM_PRODIND,,2024,,,,,,,5.0975,,,,,,,,,,,,,,,,,,,,,,,,,,,,,,,
BAU,0,CEM_PROD,T5CEM_PRODIND,,2025,,,,,,,5.334,,,,,,,,,,,,,,,,,,,,,,,,,,,,,,,
BAU,0,CEM_PROD,T5CEM_PRODIND,,2026,,,,,,,5.5704,,,,,,,,,,,,,,,,,,,,,,,,,,,,,,,
BAU,0,CEM_PROD,T5CEM_PRODIND,,2027,,,,,,,5.8068,,,,,,,,,,,,,,,,,,,,,,,,,,,,,,,
BAU,0,CEM_PROD,T5CEM_PRODIND,,2028,,,,,,,6.0433,,,,,,,,,,,,,,,,,,,,,,,,,,,,,,,
BAU,0,CEM_PROD,T5CEM_PRODIND,,2029,,,,,,,6.2798,,,,,,,,,,,,,,,,,,,,,,,,,,,,,,,
BAU,0,CEM_PROD,T5CEM_PRODIND,,2030,,,,,,,6.5162,,,,,,,,,,,,,,,,,,,,,,,,,,,,,,,
BAU,0,CEM_PROD,T5CEM_PRODIND,,2031,,,,,,,6.7527,,,,,,,,,,,,,,,,,,,,,,,,,,,,,,,
BAU,0,CEM_PROD,T5CEM_PRODIND,,2032,,,,,,,6.9892,,,,,,,,,,,,,,,,,,,,,,,,,,,,,,,
BAU,0,CEM_PROD,T5CEM_PRODIND,,2033,,,,,,,7.2256,,,,,,,,,,,,,,,,,,,,,,,,,,,,,,,
BAU,0,CEM_PROD,T5CEM_PRODIND,,2034,,,,,,,7.4621,,,,,,,,,,,,,,,,,,,,,,,,,,,,,,,
BAU,0,CEM_PROD,T5CEM_PRODIND,,2035,,,,,,,7.6985,,,,,,,,,,,,,,,,,,,,,,,,,,,,,,,
BAU,0,HFC23,T5HFC23IPPU,,2010,,,,,,,0.0034,,,,,,,,,,,,,,,,,,,,,,,,,,,,,,,
BAU,0,HFC23,T5HFC23IPPU,,2011,,,,,,,0.0026,,,,,,,,,,,,,,,,,,,,,,,,,,,,,,,
BAU,0,HFC23,T5HFC23IPPU,,2012,,,,,,,0.002,,,,,,,,,,,,,,,,,,,,,,,,,,,,,,,
BAU,0,HFC23,T5HFC23IPPU,,2013,,,,,,,0.0015,,,,,,,,,,,,,,,,,,,,,,,,,,,,,,,
BAU,0,HFC23,T5HFC23IPPU,,2014,,,,,,,0.0011,,,,,,,,,,,,,,,,,,,,,,,,,,,,,,,
BAU,0,HFC23,T5HFC23IPPU,,2025,,,,,,,0.001,,,,,,,,,,,,,,,,,,,,,,,,,,,,,,,
BAU,0,HFC23,T5HFC23IPPU,,2026,,,,,,,0.0011,,,,,,,,,,,,,,,,,,,,,,,,,,,,,,,
BAU,0,HFC23,T5HFC23IPPU,,2027,,,,,,,0.0012,,,,,,,,,,,,,,,,,,,,,,,,,,,,,,,
BAU,0,HFC23,T5HFC23IPPU,,2028,,,,,,,0.0013,,,,,,,,,,,,,,,,,,,,,,,,,,,,,,,
BAU,0,HFC23,T5HFC23IPPU,,2029,,,,,,,0.0015,,,,,,,,,,,,,,,,,,,,,,,,,,,,,,,
BAU,0,HFC23,T5HFC23IPPU,,2030,,,,,,,0.0016,,,,,,,,,,,,,,,,,,,,,,,,,,,,,,,
BAU,0,HFC23,T5HFC23IPPU,,2031,,,,,,,0.0016,,,,,,,,,,,,,,,,,,,,,,,,,,,,,,,
BAU,0,HFC23,T5HFC23IPPU,,2032,,,,,,,0.0016,,,,,,,,,,,,,,,,,,,,,,,,,,,,,,,
BAU,0,HFC23,T5HFC23IPPU,,2033,,,,,,,0.0016,,,,,,,,,,,,,,,,,,,,,,,,,,,,,,,
BAU,0,HFC23,T5HFC23IPPU,,2034,,,,,,,0.0016,,,,,,,,,,,,,,,,,,,,,,,,,,,,,,,
BAU,0,HFC23,T5HFC23IPPU,,2035,,,,,,,0.0016,,,,,,,,,,,,,,,,,,,,,,,,,,,,,,,
BAU,0,HFC32,T5HFC32IPPU,,2010,,,,,,,0.0043,,,,,,,,,,,,,,,,,,,,,,,,,,,,,,,
BAU,0,HFC32,T5HFC32IPPU,,2011,,,,,,,0.0038,,,,,,,,,,,,,,,,,,,,,,,,,,,,,,,
BAU,0,HFC32,T5HFC32IPPU,,2012,,,,,,,0.0052,,,,,,,,,,,,,,,,,,,,,,,,,,,,,,,
BAU,0,HFC32,T5HFC32IPPU,,2013,,,,,,,0.0069,,,,,,,,,,,,,,,,,,,,,,,,,,,,,,,
BAU,0,HFC32,T5HFC32IPPU,,2014,,,,,,,0.0062,,,,,,,,,,,,,,,,,,,,,,,,,,,,,,,
BAU,0,HFC32,T5HFC32IPPU,,2015,,,,,,,0.0055,,,,,,,,,,,,,,,,,,,,,,,,,,,,,,,
BAU,0,HFC32,T5HFC32IPPU,,2016,,,,,,,0.005,,,,,,,,,,,,,,,,,,,,,,,,,,,,,,,
BAU,0,HFC32,T5HFC32IPPU,,2017,,,,,,,0.0044,,,,,,,,,,,,,,,,,,,,,,,,,,,,,,,
BAU,0,HFC32,T5HFC32IPPU,,2018,,,,,,,0.004,,,,,,,,,,,,,,,,,,,,,,,,,,,,,,,
BAU,0,HFC32,T5HFC32IPPU,,2019,,,,,,,0.0232,,,,,,,,,,,,,,,,,,,,,,,,,,,,,,,
BAU,0,HFC32,T5HFC32IPPU,,2020,,,,,,,0.0359,,,,,,,,,,,,,,,,,,,,,,,,,,,,,,,
BAU,0,HFC32,T5HFC32IPPU,,2021,,,,,,,0.0479,,,,,,,,,,,,,,,,,,,,,,,,,,,,,,,
BAU,0,HFC32,T5HFC32IPPU,,2022,,,,,,,0.0737,,,,,,,,,,,,,,,,,,,,,,,,,,,,,,,
BAU,0,HFC32,T5HFC32IPPU,,2023,,,,,,,0.0898,,,,,,,,,,,,,,,,,,,,,,,,,,,,,,,
BAU,0,HFC32,T5HFC32IPPU,,2024,,,,,,,0.1059,,,,,,,,,,,,,,,,,,,,,,,,,,,,,,,
BAU,0,HFC32,T5HFC32IPPU,,2025,,,,,,,0.122,,,,,,,,,,,,,,,,,,,,,,,,,,,,,,,
BAU,0,HFC32,T5HFC32IPPU,,2026,,,,,,,0.1381,,,,,,,,,,,,,,,,,,,,,,,,,,,,,,,
BAU,0,HFC32,T5HFC32IPPU,,2027,,,,,,,0.1541,,,,,,,,,,,,,,,,,,,,,,,,,,,,,,,
BAU,0,HFC32,T5HFC32IPPU,,2028,,,,,,,0.1702,,,,,,,,,,,,,,,,,,,,,,,,,,,,,,,
BAU,0,HFC32,T5HFC32IPPU,,2029,,,,,,,0.1863,,,,,,,,,,,,,,,,,,,,,,,,,,,,,,,
BAU,0,HFC32,T5HFC32IPPU,,2030,,,,,,,0.2023,,,,,,,,,,,,,,,,,,,,,,,,,,,,,,,
BAU,0,HFC32,T5HFC32IPPU,,2031,,,,,,,0.2028,,,,,,,,,,,,,,,,,,,,,,,,,,,,,,,
BAU,0,HFC32,T5HFC32IPPU,,2032,,,,,,,0.2032,,,,,,,,,,,,,,,,,,,,,,,,,,,,,,,
BAU,0,HFC32,T5HFC32IPPU,,2033,,,,,,,0.2036,,,,,,,,,,,,,,,,,,,,,,,,,,,,,,,
BAU,0,HFC32,T5HFC32IPPU,,2034,,,,,,,0.204,,,,,,,,,,,,,,,,,,,,,,,,,,,,,,,
BAU,0,HFC32,T5HFC32IPPU,,2035,,,,,,,0.2045,,,,,,,,,,,,,,,,,,,,,,,,,,,,,,,
BAU,0,HFC125,T5HFC125IPPU,,2010,,,,,,,0.0091,,,,,,,,,,,,,,,,,,,,,,,,,,,,,,,
BAU,0,HFC125,T5HFC125IPPU,,2011,,,,,,,0.0108,,,,,,,,,,,,,,,,,,,,,,,,,,,,,,,
BAU,0,HFC125,T5HFC125IPPU,,2012,,,,,,,0.0126,,,,,,,,,,,,,,,,,,,,,,,,,,,,,,,
BAU,0,HFC125,T5HFC125IPPU,,2013,,,,,,,0.0137,,,,,,,,,,,,,,,,,,,,,,,,,,,,,,,
BAU,0,HFC125,T5HFC125IPPU,,2014,,,,,,,0.0101,,,,,,,,,,,,,,,,,,,,,,,,,,,,,,,
BAU,0,HFC125,T5HFC125IPPU,,2015,,,,,,,0.0085,,,,,,,,,,,,,,,,,,,,,,,,,,,,,,,
BAU,0,HFC125,T5HFC125IPPU,,2016,,,,,,,0.0067,,,,,,,,,,,,,,,,,,,,,,,,,,,,,,,
BAU,0,HFC125,T5HFC125IPPU,,2017,,,,,,,0.0063,,,,,,,,,,,,,,,,,,,,,,,,,,,,,,,
BAU,0,HFC125,T5HFC125IPPU,,2018,,,,,,,0.0068,,,,,,,,,,,,,,,,,,,,,,,,,,,,,,,
BAU,0,HFC125,T5HFC125IPPU,,2019,,,,,,,0.0652,,,,,,,,,,,,,,,,,,,,,,,,,,,,,,,
BAU,0,HFC125,T5HFC125IPPU,,2020,,,,,,,0.0954,,,,,,,,,,,,,,,,,,,,,,,,,,,,,,,
BAU,0,HFC125,T5HFC125IPPU,,2021,,,,,,,0.1172,,,,,,,,,,,,,,,,,,,,,,,,,,,,,,,
BAU,0,HFC125,T5HFC125IPPU,,2022,,,,,,,0.1854,,,,,,,,,,,,,,,,,,,,,,,,,,,,,,,
BAU,0,HFC125,T5HFC125IPPU,,2023,,,,,,,0.2258,,,,,,,,,,,,,,,,,,,,,,,,,,,,,,,
BAU,0,HFC125,T5HFC125IPPU,,2024,,,,,,,0.2662,,,,,,,,,,,,,,,,,,,,,,,,,,,,,,,
BAU,0,HFC125,T5HFC125IPPU,,2025,,,,,,,0.3066,,,,,,,,,,,,,,,,,,,,,,,,,,,,,,,
BAU,0,HFC125,T5HFC125IPPU,,2026,,,,,,,0.3469,,,,,,,,,,,,,,,,,,,,,,,,,,,,,,,
BAU,0,HFC125,T5HFC125IPPU,,2027,,,,,,,0.3873,,,,,,,,,,,,,,,,,,,,,,,,,,,,,,,
BAU,0,HFC125,T5HFC125IPPU,,2028,,,,,,,0.4277,,,,,,,,,,,,,,,,,,,,,,,,,,,,,,,
BAU,0,HFC125,T5HFC125IPPU,,2029,,,,,,,0.4681,,,,,,,,,,,,,,,,,,,,,,,,,,,,,,,
BAU,0,HFC125,T5HFC125IPPU,,2030,,,,,,,0.5085,,,,,,,,,,,,,,,,,,,,,,,,,,,,,,,
BAU,0,HFC125,T5HFC125IPPU,,2031,,,,,,,0.5096,,,,,,,,,,,,,,,,,,,,,,,,,,,,,,,
BAU,0,HFC125,T5HFC125IPPU,,2032,,,,,,,0.5106,,,,,,,,,,,,,,,,,,,,,,,,,,,,,,,
BAU,0,HFC125,T5HFC125IPPU,,2033,,,,,,,0.5117,,,,,,,,,,,,,,,,,,,,,,,,,,,,,,,
BAU,0,HFC125,T5HFC125IPPU,,2034,,,,,,,0.5128,,,,,,,,,,,,,,,,,,,,,,,,,,,,,,,
BAU,0,HFC125,T5HFC125IPPU,,2035,,,,,,,0.5139,,,,,,,,,,,,,,,,,,,,,,,,,,,,,,,
BAU,0,HFC134a,T5HFC134aIPPU,,2010,,,,,,,0.0794,,,,,,,,,,,,,,,,,,,,,,,,,,,,,,,
BAU,0,HFC134a,T5HFC134aIPPU,,2011,,,,,,,0.0906,,,,,,,,,,,,,,,,,,,,,,,,,,,,,,,
BAU,0,HFC134a,T5HFC134aIPPU,,2012,,,,,,,0.1235,,,,,,,,,,,,,,,,,,,,,,,,,,,,,,,
BAU,0,HFC134a,T5HFC134aIPPU,,2013,,,,,,,0.1658,,,,,,,,,,,,,,,,,,,,,,,,,,,,,,,
BAU,0,HFC134a,T5HFC134aIPPU,,2014,,,,,,,0.2255,,,,,,,,,,,,,,,,,,,,,,,,,,,,,,,
BAU,0,HFC134a,T5HFC134aIPPU,,2015,,,,,,,0.2765,,,,,,,,,,,,,,,,,,,,,,,,,,,,,,,
BAU,0,HFC134a,T5HFC134aIPPU,,2016,,,,,,,0.3072,,,,,,,,,,,,,,,,,,,,,,,,,,,,,,,
BAU,0,HFC134a,T5HFC134aIPPU,,2017,,,,,,,0.3382,,,,,,,,,,,,,,,,,,,,,,,,,,,,,,,
BAU,0,HFC134a,T5HFC134aIPPU,,2018,,,,,,,0.3628,,,,,,,,,,,,,,,,,,,,,,,,,,,,,,,
BAU,0,HFC134a,T5HFC134aIPPU,,2019,,,,,,,0.3978,,,,,,,,,,,,,,,,,,,,,,,,,,,,,,,
BAU,0,HFC134a,T5HFC134aIPPU,,2020,,,,,,,0.427,,,,,,,,,,,,,,,,,,,,,,,,,,,,,,,
BAU,0,HFC134a,T5HFC134aIPPU,,2021,,,,,,,0.4122,,,,,,,,,,,,,,,,,,,,,,,,,,,,,,,
BAU,0,HFC134a,T5HFC134aIPPU,,2022,,,,,,,0.4691,,,,,,,,,,,,,,,,,,,,,,,,,,,,,,,
BAU,0,HFC134a,T5HFC134aIPPU,,2023,,,,,,,0.5713,,,,,,,,,,,,,,,,,,,,,,,,,,,,,,,
BAU,0,HFC134a,T5HFC134aIPPU,,2024,,,,,,,0.6735,,,,,,,,,,,,,,,,,,,,,,,,,,,,,,,
BAU,0,HFC134a,T5HFC134aIPPU,,2025,,,,,,,0.7757,,,,,,,,,,,,,,,,,,,,,,,,,,,,,,,
BAU,0,HFC134a,T5HFC134aIPPU,,2026,,,,,,,0.8778,,,,,,,,,,,,,,,,,,,,,,,,,,,,,,,
BAU,0,HFC134a,T5HFC134aIPPU,,2027,,,,,,,0.98,,,,,,,,,,,,,,,,,,,,,,,,,,,,,,,
BAU,0,HFC134a,T5HFC134aIPPU,,2028,,,,,,,1.0822,,,,,,,,,,,,,,,,,,,,,,,,,,,,,,,
BAU,0,HFC134a,T5HFC134aIPPU,,2029,,,,,,,1.1844,,,,,,,,,,,,,,,,,,,,,,,,,,,,,,,
BAU,0,HFC134a,T5HFC134aIPPU,,2030,,,,,,,1.2865,,,,,,,,,,,,,,,,,,,,,,,,,,,,,,,
BAU,0,HFC134a,T5HFC134aIPPU,,2031,,,,,,,1.2893,,,,,,,,,,,,,,,,,,,,,,,,,,,,,,,
BAU,0,HFC134a,T5HFC134aIPPU,,2032,,,,,,,1.292,,,,,,,,,,,,,,,,,,,,,,,,,,,,,,,
BAU,0,HFC134a,T5HFC134aIPPU,,2033,,,,,,,1.2947,,,,,,,,,,,,,,,,,,,,,,,,,,,,,,,
BAU,0,HFC134a,T5HFC134aIPPU,,2034,,,,,,,1.2974,,,,,,,,,,,,,,,,,,,,,,,,,,,,,,,
BAU,0,HFC134a,T5HFC134aIPPU,,2035,,,,,,,1.3001,,,,,,,,,,,,,,,,,,,,,,,,,,,,,,,
BAU,0,HFC143a,T5HFC143aIPPU,,2010,,,,,,,0.0078,,,,,,,,,,,,,,,,,,,,,,,,,,,,,,,
BAU,0,HFC143a,T5HFC143aIPPU,,2011,,,,,,,0.0109,,,,,,,,,,,,,,,,,,,,,,,,,,,,,,,
BAU,0,HFC143a,T5HFC143aIPPU,,2012,,,,,,,0.0125,,,,,,,,,,,,,,,,,,,,,,,,,,,,,,,
BAU,0,HFC143a,T5HFC143aIPPU,,2013,,,,,,,0.0094,,,,,,,,,,,,,,,,,,,,,,,,,,,,,,,
BAU,0,HFC143a,T5HFC143aIPPU,,2014,,,,,,,0.0063,,,,,,,,,,,,,,,,,,,,,,,,,,,,,,,
BAU,0,HFC143a,T5HFC143aIPPU,,2015,,,,,,,0.0086,,,,,,,,,,,,,,,,,,,,,,,,,,,,,,,
BAU,0,HFC143a,T5HFC143aIPPU,,2016,,,,,,,0.0085,,,,,,,,,,,,,,,,,,,,,,,,,,,,,,,
BAU,0,HFC143a,T5HFC143aIPPU,,2017,,,,,,,0.006,,,,,,,,,,,,,,,,,,,,,,,,,,,,,,,
BAU,0,HFC143a,T5HFC143aIPPU,,2018,,,,,,,0.0039,,,,,,,,,,,,,,,,,,,,,,,,,,,,,,,
BAU,0,HFC143a,T5HFC143aIPPU,,2019,,,,,,,0.0409,,,,,,,,,,,,,,,,,,,,,,,,,,,,,,,
BAU,0,HFC143a,T5HFC143aIPPU,,2020,,,,,,,0.0662,,,,,,,,,,,,,,,,,,,,,,,,,,,,,,,
BAU,0,HFC143a,T5HFC143aIPPU,,2021,,,,,,,0.0797,,,,,,,,,,,,,,,,,,,,,,,,,,,,,,,
BAU,0,HFC143a,T5HFC143aIPPU,,2022,,,,,,,0.1464,,,,,,,,,,,,,,,,,,,,,,,,,,,,,,,
BAU,0,HFC143a,T5HFC143aIPPU,,2023,,,,,,,0.1783,,,,,,,,,,,,,,,,,,,,,,,,,,,,,,,
BAU,0,HFC143a,T5HFC143aIPPU,,2024,,,,,,,0.2101,,,,,,,,,,,,,,,,,,,,,,,,,,,,,,,
BAU,0,HFC143a,T5HFC143aIPPU,,2025,,,,,,,0.242,,,,,,,,,,,,,,,,,,,,,,,,,,,,,,,
BAU,0,HFC143a,T5HFC143aIPPU,,2026,,,,,,,0.2739,,,,,,,,,,,,,,,,,,,,,,,,,,,,,,,
BAU,0,HFC143a,T5HFC143aIPPU,,2027,,,,,,,0.3058,,,,,,,,,,,,,,,,,,,,,,,,,,,,,,,
BAU,0,HFC143a,T5HFC143aIPPU,,2028,,,,,,,0.3377,,,,,,,,,,,,,,,,,,,,,,,,,,,,,,,
BAU,0,HFC143a,T5HFC143aIPPU,,2029,,,,,,,0.3696,,,,,,,,,,,,,,,,,,,,,,,,,,,,,,,
BAU,0,HFC143a,T5HFC143aIPPU,,2030,,,,,,,0.4014,,,,,,,,,,,,,,,,,,,,,,,,,,,,,,,
BAU,0,HFC143a,T5HFC143aIPPU,,2031,,,,,,,0.4023,,,,,,,,,,,,,,,,,,,,,,,,,,,,,,,
BAU,0,HFC143a,T5HFC143aIPPU,,2032,,,,,,,0.4031,,,,,,,,,,,,,,,,,,,,,,,,,,,,,,,
BAU,0,HFC143a,T5HFC143aIPPU,,2033,,,,,,,0.404,,,,,,,,,,,,,,,,,,,,,,,,,,,,,,,
BAU,0,HFC143a,T5HFC143aIPPU,,2034,,,,,,,0.4048,,,,,,,,,,,,,,,,,,,,,,,,,,,,,,,
BAU,0,HFC143a,T5HFC143aIPPU,,2035,,,,,,,0.4057,,,,,,,,,,,,,,,,,,,,,,,,,,,,,,,
BAU,0,HFC152a,T5HFC152aIPPU,,2014,,,,,,,0.0014,,,,,,,,,,,,,,,,,,,,,,,,,,,,,,,
BAU,0,HFC152a,T5HFC152aIPPU,,2016,,,,,,,0.0014,,,,,,,,,,,,,,,,,,,,,,,,,,,,,,,
BAU,0,HFC152a,T5HFC152aIPPU,,2017,,,,,,,0.0014,,,,,,,,,,,,,,,,,,,,,,,,,,,,,,,
BAU,0,HFC152a,T5HFC152aIPPU,,2021,,,,,,,0.0014,,,,,,,,,,,,,,,,,,,,,,,,,,,,,,,
BAU,0,HFC152a,T5HFC152aIPPU,,2022,,,,,,,0.0022,,,,,,,,,,,,,,,,,,,,,,,,,,,,,,,
BAU,0,HFC152a,T5HFC152aIPPU,,2023,,,,,,,0.0024,,,,,,,,,,,,,,,,,,,,,,,,,,,,,,,
BAU,0,HFC152a,T5HFC152aIPPU,,2024,,,,,,,0.0029,,,,,,,,,,,,,,,,,,,,,,,,,,,,,,,
BAU,0,HFC152a,T5HFC152aIPPU,,2025,,,,,,,0.0033,,,,,,,,,,,,,,,,,,,,,,,,,,,,,,,
BAU,0,HFC152a,T5HFC152aIPPU,,2026,,,,,,,0.0038,,,,,,,,,,,,,,,,,,,,,,,,,,,,,,,
BAU,0,HFC152a,T5HFC152aIPPU,,2027,,,,,,,0.0042,,,,,,,,,,,,,,,,,,,,,,,,,,,,,,,
BAU,0,HFC152a,T5HFC152aIPPU,,2028,,,,,,,0.0046,,,,,,,,,,,,,,,,,,,,,,,,,,,,,,,
BAU,0,HFC152a,T5HFC152aIPPU,,2029,,,,,,,0.0051,,,,,,,,,,,,,,,,,,,,,,,,,,,,,,,
BAU,0,HFC152a,T5HFC152aIPPU,,2030,,,,,,,0.0055,,,,,,,,,,,,,,,,,,,,,,,,,,,,,,,
BAU,0,HFC152a,T5HFC152aIPPU,,2031,,,,,,,0.0055,,,,,,,,,,,,,,,,,,,,,,,,,,,,,,,
BAU,0,HFC152a,T5HFC152aIPPU,,2032,,,,,,,0.0055,,,,,,,,,,,,,,,,,,,,,,,,,,,,,,,
BAU,0,HFC152a,T5HFC152aIPPU,,2033,,,,,,,0.0055,,,,,,,,,,,,,,,,,,,,,,,,,,,,,,,
BAU,0,HFC152a,T5HFC152aIPPU,,2034,,,,,,,0.0056,,,,,,,,,,,,,,,,,,,,,,,,,,,,,,,
BAU,0,HFC152a,T5HFC152aIPPU,,2035,,,,,,,0.0056,,,,,,,,,,,,,,,,,,,,,,,,,,,,,,,
BAU,0,LIME_PROD,T5LIME_PRODIPPU,,2010,,,,,,,0.0665,,,,,,,,,,,,,,,,,,,,,,,,,,,,,,,
BAU,0,LIME_PROD,T5LIME_PRODIPPU,,2011,,,,,,,0.0692,,,,,,,,,,,,,,,,,,,,,,,,,,,,,,,
BAU,0,LIME_PROD,T5LIME_PRODIPPU,,2012,,,,,,,0.0719,,,,,,,,,,,,,,,,,,,,,,,,,,,,,,,
BAU,0,LIME_PROD,T5LIME_PRODIPPU,,2013,,,,,,,0.0742,,,,,,,,,,,,,,,,,,,,,,,,,,,,,,,
BAU,0,LIME_PROD,T5LIME_PRODIPPU,,2014,,,,,,,0.0766,,,,,,,,,,,,,,,,,,,,,,,,,,,,,,,
BAU,0,LIME_PROD,T5LIME_PRODIPPU,,2015,,,,,,,0.0852,,,,,,,,,,,,,,,,,,,,,,,,,,,,,,,
BAU,0,LIME_PROD,T5LIME_PRODIPPU,,2016,,,,,,,0.0938,,,,,,,,,,,,,,,,,,,,,,,,,,,,,,,
BAU,0,LIME_PROD,T5LIME_PRODIPPU,,2017,,,,,,,0.1005,,,,,,,,,,,,,,,,,,,,,,,,,,,,,,,
BAU,0,LIME_PROD,T5LIME_PRODIPPU,,2018,,,,,,,0.1071,,,,,,,,,,,,,,,,,,,,,,,,,,,,,,,
BAU,0,LIME_PROD,T5LIME_PRODIPPU,,2019,,,,,,,0.1144,,,,,,,,,,,,,,,,,,,,,,,,,,,,,,,
BAU,0,LIME_PROD,T5LIME_PRODIPPU,,2020,,,,,,,0.1216,,,,,,,,,,,,,,,,,,,,,,,,,,,,,,,
BAU,0,LIME_PROD,T5LIME_PRODIPPU,,2021,,,,,,,0.2199,,,,,,,,,,,,,,,,,,,,,,,,,,,,,,,
BAU,0,LIME_PROD,T5LIME_PRODIPPU,,2022,,,,,,,0.1791,,,,,,,,,,,,,,,,,,,,,,,,,,,,,,,
BAU,0,LIME_PROD,T5LIME_PRODIPPU,,2023,,,,,,,0.1829,,,,,,,,,,,,,,,,,,,,,,,,,,,,,,,
BAU,0,LIME_PROD,T5LIME_PRODIPPU,,2024,,,,,,,0.1868,,,,,,,,,,,,,,,,,,,,,,,,,,,,,,,
BAU,0,LIME_PROD,T5LIME_PRODIPPU,,2025,,,,,,,0.1908,,,,,,,,,,,,,,,,,,,,,,,,,,,,,,,
BAU,0,LIME_PROD,T5LIME_PRODIPPU,,2026,,,,,,,0.1949,,,,,,,,,,,,,,,,,,,,,,,,,,,,,,,
BAU,0,LIME_PROD,T5LIME_PRODIPPU,,2027,,,,,,,0.1991,,,,,,,,,,,,,,,,,,,,,,,,,,,,,,,
BAU,0,LIME_PROD,T5LIME_PRODIPPU,,2028,,,,,,,0.2034,,,,,,,,,,,,,,,,,,,,,,,,,,,,,,,
BAU,0,LIME_PROD,T5LIME_PRODIPPU,,2029,,,,,,,0.2077,,,,,,,,,,,,,,,,,,,,,,,,,,,,,,,
BAU,0,LIME_PROD,T5LIME_PRODIPPU,,2030,,,,,,,0.2121,,,,,,,,,,,,,,,,,,,,,,,,,,,,,,,
BAU,0,LIME_PROD,T5LIME_PRODIPPU,,2031,,,,,,,0.2167,,,,,,,,,,,,,,,,,,,,,,,,,,,,,,,
BAU,0,LIME_PROD,T5LIME_PRODIPPU,,2032,,,,,,,0.2213,,,,,,,,,,,,,,,,,,,,,,,,,,,,,,,
BAU,0,LIME_PROD,T5LIME_PRODIPPU,,2033,,,,,,,0.226,,,,,,,,,,,,,,,,,,,,,,,,,,,,,,,
BAU,0,LIME_PROD,T5LIME_PRODIPPU,,2034,,,,,,,0.2309,,,,,,,,,,,,,,,,,,,,,,,,,,,,,,,
BAU,0,LIME_PROD,T5LIME_PRODIPPU,,2035,,,,,,,0.2358,,,,,,,,,,,,,,,,,,,,,,,,,,,,,,,
BAU,0,GLASS_PROD,T5GLASS_PRODIPPU,,2010,,,,,,,0.0075,,,,,,,,,,,,,,,,,,,,,,,,,,,,,,,
BAU,0,GLASS_PROD,T5GLASS_PRODIPPU,,2011,,,,,,,0.0092,,,,,,,,,,,,,,,,,,,,,,,,,,,,,,,
BAU,0,GLASS_PROD,T5GLASS_PRODIPPU,,2012,,,,,,,0.0109,,,,,,,,,,,,,,,,,,,,,,,,,,,,,,,
BAU,0,GLASS_PROD,T5GLASS_PRODIPPU,,2013,,,,,,,0.0126,,,,,,,,,,,,,,,,,,,,,,,,,,,,,,,
BAU,0,GLASS_PROD,T5GLASS_PRODIPPU,,2014,,,,,,,0.0143,,,,,,,,,,,,,,,,,,,,,,,,,,,,,,,
BAU,0,GLASS_PROD,T5GLASS_PRODIPPU,,2015,,,,,,,0.0125,,,,,,,,,,,,,,,,,,,,,,,,,,,,,,,
BAU,0,GLASS_PROD,T5GLASS_PRODIPPU,,2016,,,,,,,0.0107,,,,,,,,,,,,,,,,,,,,,,,,,,,,,,,
BAU,0,GLASS_PROD,T5GLASS_PRODIPPU,,2017,,,,,,,0.0124,,,,,,,,,,,,,,,,,,,,,,,,,,,,,,,
BAU,0,GLASS_PROD,T5GLASS_PRODIPPU,,2018,,,,,,,0.0141,,,,,,,,,,,,,,,,,,,,,,,,,,,,,,,
BAU,0,GLASS_PROD,T5GLASS_PRODIPPU,,2019,,,,,,,0.0094,,,,,,,,,,,,,,,,,,,,,,,,,,,,,,,
BAU,0,GLASS_PROD,T5GLASS_PRODIPPU,,2020,,,,,,,0.0047,,,,,,,,,,,,,,,,,,,,,,,,,,,,,,,
BAU,0,GLASS_PROD,T5GLASS_PRODIPPU,,2021,,,,,,,0.0089,,,,,,,,,,,,,,,,,,,,,,,,,,,,,,,
BAU,0,GLASS_PROD,T5GLASS_PRODIPPU,,2022,,,,,,,0.0081,,,,,,,,,,,,,,,,,,,,,,,,,,,,,,,
BAU,0,GLASS_PROD,T5GLASS_PRODIPPU,,2023,,,,,,,0.0083,,,,,,,,,,,,,,,,,,,,,,,,,,,,,,,
BAU,0,GLASS_PROD,T5GLASS_PRODIPPU,,2024,,,,,,,0.0084,,,,,,,,,,,,,,,,,,,,,,,,,,,,,,,
BAU,0,GLASS_PROD,T5GLASS_PRODIPPU,,2025,,,,,,,0.0086,,,,,,,,,,,,,,,,,,,,,,,,,,,,,,,
BAU,0,GLASS_PROD,T5GLASS_PRODIPPU,,2026,,,,,,,0.0088,,,,,,,,,,,,,,,,,,,,,,,,,,,,,,,
BAU,0,GLASS_PROD,T5GLASS_PRODIPPU,,2027,,,,,,,0.009,,,,,,,,,,,,,,,,,,,,,,,,,,,,,,,
BAU,0,GLASS_PROD,T5GLASS_PRODIPPU,,2028,,,,,,,0.0092,,,,,,,,,,,,,,,,,,,,,,,,,,,,,,,
BAU,0,GLASS_PROD,T5GLASS_PRODIPPU,,2029,,,,,,,0.0094,,,,,,,,,,,,,,,,,,,,,,,,,,,,,,,
BAU,0,GLASS_PROD,T5GLASS_PRODIPPU,,2030,,,,,,,0.0096,,,,,,,,,,,,,,,,,,,,,,,,,,,,,,,
BAU,0,GLASS_PROD,T5GLASS_PRODIPPU,,2031,,,,,,,0.0098,,,,,,,,,,,,,,,,,,,,,,,,,,,,,,,
BAU,0,GLASS_PROD,T5GLASS_PRODIPPU,,2032,,,,,,,0.01,,,,,,,,,,,,,,,,,,,,,,,,,,,,,,,
BAU,0,GLASS_PROD,T5GLASS_PRODIPPU,,2033,,,,,,,0.0102,,,,,,,,,,,,,,,,,,,,,,,,,,,,,,,
BAU,0,GLASS_PROD,T5GLASS_PRODIPPU,,2034,,,,,,,0.0104,,,,,,,,,,,,,,,,,,,,,,,,,,,,,,,
BAU,0,GLASS_PROD,T5GLASS_PRODIPPU,,2035,,,,,,,0.0107,,,,,,,,,,,,,,,,,,,,,,,,,,,,,,,
BAU,0,CERAMICS,T5CERAMICSIPPU,,2010,,,,,,,0.3181,,,,,,,,,,,,,,,,,,,,,,,,,,,,,,,
BAU,0,CERAMICS,T5CERAMICSIPPU,,2011,,,,,,,0.4096,,,,,,,,,,,,,,,,,,,,,,,,,,,,,,,
BAU,0,CERAMICS,T5CERAMICSIPPU,,2012,,,,,,,0.5012,,,,,,,,,,,,,,,,,,,,,,,,,,,,,,,
BAU,0,CERAMICS,T5CERAMICSIPPU,,2013,,,,,,,0.4401,,,,,,,,,,,,,,,,,,,,,,,,,,,,,,,
BAU,0,CERAMICS,T5CERAMICSIPPU,,2014,,,,,,,0.3789,,,,,,,,,,,,,,,,,,,,,,,,,,,,,,,
BAU,0,CERAMICS,T5CERAMICSIPPU,,2015,,,,,,,0.383,,,,,,,,,,,,,,,,,,,,,,,,,,,,,,,
BAU,0,CERAMICS,T5CERAMICSIPPU,,2016,,,,,,,0.3872,,,,,,,,,,,,,,,,,,,,,,,,,,,,,,,
BAU,0,CERAMICS,T5CERAMICSIPPU,,2017,,,,,,,0.296,,,,,,,,,,,,,,,,,,,,,,,,,,,,,,,
BAU,0,CERAMICS,T5CERAMICSIPPU,,2018,,,,,,,0.2049,,,,,,,,,,,,,,,,,,,,,,,,,,,,,,,
BAU,0,CERAMICS,T5CERAMICSIPPU,,2019,,,,,,,0.1522,,,,,,,,,,,,,,,,,,,,,,,,,,,,,,,
BAU,0,CERAMICS,T5CERAMICSIPPU,,2020,,,,,,,0.0995,,,,,,,,,,,,,,,,,,,,,,,,,,,,,,,
BAU,0,CERAMICS,T5CERAMICSIPPU,,2021,,,,,,,0.0446,,,,,,,,,,,,,,,,,,,,,,,,,,,,,,,
BAU,0,CERAMICS,T5CERAMICSIPPU,,2022,,,,,,,0.2117,,,,,,,,,,,,,,,,,,,,,,,,,,,,,,,
BAU,0,CERAMICS,T5CERAMICSIPPU,,2023,,,,,,,0.2162,,,,,,,,,,,,,,,,,,,,,,,,,,,,,,,
BAU,0,CERAMICS,T5CERAMICSIPPU,,2024,,,,,,,0.2208,,,,,,,,,,,,,,,,,,,,,,,,,,,,,,,
BAU,0,CERAMICS,T5CERAMICSIPPU,,2025,,,,,,,0.2256,,,,,,,,,,,,,,,,,,,,,,,,,,,,,,,
BAU,0,CERAMICS,T5CERAMICSIPPU,,2026,,,,,,,0.2304,,,,,,,,,,,,,,,,,,,,,,,,,,,,,,,
BAU,0,CERAMICS,T5CERAMICSIPPU,,2027,,,,,,,0.2353,,,,,,,,,,,,,,,,,,,,,,,,,,,,,,,
BAU,0,CERAMICS,T5CERAMICSIPPU,,2028,,,,,,,0.2404,,,,,,,,,,,,,,,,,,,,,,,,,,,,,,,
BAU,0,CERAMICS,T5CERAMICSIPPU,,2029,,,,,,,0.2455,,,,,,,,,,,,,,,,,,,,,,,,,,,,,,,
BAU,0,CERAMICS,T5CERAMICSIPPU,,2030,,,,,,,0.2507,,,,,,,,,,,,,,,,,,,,,,,,,,,,,,,
BAU,0,CERAMICS,T5CERAMICSIPPU,,2031,,,,,,,0.2561,,,,,,,,,,,,,,,,,,,,,,,,,,,,,,,
BAU,0,CERAMICS,T5CERAMICSIPPU,,2032,,,,,,,0.2616,,,,,,,,,,,,,,,,,,,,,,,,,,,,,,,
BAU,0,CERAMICS,T5CERAMICSIPPU,,2033,,,,,,,0.2672,,,,,,,,,,,,,,,,,,,,,,,,,,,,,,,
BAU,0,CERAMICS,T5CERAMICSIPPU,,2034,,,,,,,0.2729,,,,,,,,,,,,,,,,,,,,,,,,,,,,,,,
BAU,0,CERAMICS,T5CERAMICSIPPU,,2035,,,,,,,0.2787,,,,,,,,,,,,,,,,,,,,,,,,,,,,,,,
BAU,0,SODA_ASH,T5SODA_ASHIPPU,,2012,,,,,,,0.0018,,,,,,,,,,,,,,,,,,,,,,,,,,,,,,,
BAU,0,SODA_ASH,T5SODA_ASHIPPU,,2013,,,,,,,0.0018,,,,,,,,,,,,,,,,,,,,,,,,,,,,,,,
BAU,0,SODA_ASH,T5SODA_ASHIPPU,,2014,,,,,,,0.0018,,,,,,,,,,,,,,,,,,,,,,,,,,,,,,,
BAU,0,SODA_ASH,T5SODA_ASHIPPU,,2017,,,,,,,0.0015,,,,,,,,,,,,,,,,,,,,,,,,,,,,,,,
BAU,0,SODA_ASH,T5SODA_ASHIPPU,,2018,,,,,,,0.0031,,,,,,,,,,,,,,,,,,,,,,,,,,,,,,,
BAU,0,SODA_ASH,T5SODA_ASHIPPU,,2019,,,,,,,0.0058,,,,,,,,,,,,,,,,,,,,,,,,,,,,,,,
BAU,0,SODA_ASH,T5SODA_ASHIPPU,,2020,,,,,,,0.0085,,,,,,,,,,,,,,,,,,,,,,,,,,,,,,,
BAU,0,SODA_ASH,T5SODA_ASHIPPU,,2021,,,,,,,0.0012,,,,,,,,,,,,,,,,,,,,,,,,,,,,,,,
BAU,0,SODA_ASH,T5SODA_ASHIPPU,,2022,,,,,,,0.0017,,,,,,,,,,,,,,,,,,,,,,,,,,,,,,,
BAU,0,SODA_ASH,T5SODA_ASHIPPU,,2023,,,,,,,0.0017,,,,,,,,,,,,,,,,,,,,,,,,,,,,,,,
BAU,0,SODA_ASH,T5SODA_ASHIPPU,,2024,,,,,,,0.0018,,,,,,,,,,,,,,,,,,,,,,,,,,,,,,,
BAU,0,SODA_ASH,T5SODA_ASHIPPU,,2025,,,,,,,0.0018,,,,,,,,,,,,,,,,,,,,,,,,,,,,,,,
BAU,0,SODA_ASH,T5SODA_ASHIPPU,,2026,,,,,,,0.0019,,,,,,,,,,,,,,,,,,,,,,,,,,,,,,,
BAU,0,SODA_ASH,T5SODA_ASHIPPU,,2027,,,,,,,0.0019,,,,,,,,,,,,,,,,,,,,,,,,,,,,,,,
BAU,0,SODA_ASH,T5SODA_ASHIPPU,,2028,,,,,,,0.0019,,,,,,,,,,,,,,,,,,,,,,,,,,,,,,,
BAU,0,SODA_ASH,T5SODA_ASHIPPU,,2029,,,,,,,0.002,,,,,,,,,,,,,,,,,,,,,,,,,,,,,,,
BAU,0,SODA_ASH,T5SODA_ASHIPPU,,2030,,,,,,,0.002,,,,,,,,,,,,,,,,,,,,,,,,,,,,,,,
BAU,0,SODA_ASH,T5SODA_ASHIPPU,,2031,,,,,,,0.0021,,,,,,,,,,,,,,,,,,,,,,,,,,,,,,,
BAU,0,SODA_ASH,T5SODA_ASHIPPU,,2032,,,,,,,0.0021,,,,,,,,,,,,,,,,,,,,,,,,,,,,,,,
BAU,0,SODA_ASH,T5SODA_ASHIPPU,,2033,,,,,,,0.0021,,,,,,,,,,,,,,,,,,,,,,,,,,,,,,,
BAU,0,SODA_ASH,T5SODA_ASHIPPU,,2034,,,,,,,0.0022,,,,,,,,,,,,,,,,,,,,,,,,,,,,,,,
BAU,0,SODA_ASH,T5SODA_ASHIPPU,,2035,,,,,,,0.0022,,,,,,,,,,,,,,,,,,,,,,,,,,,,,,,
BAU,0,IRON_STEEL,T5IRON_STEELIPPU,,2010,,,,,,,0.0298,,,,,,,,,,,,,,,,,,,,,,,,,,,,,,,
BAU,0,IRON_STEEL,T5IRON_STEELIPPU,,2011,,,,,,,0.0317,,,,,,,,,,,,,,,,,,,,,,,,,,,,,,,
BAU,0,IRON_STEEL,T5IRON_STEELIPPU,,2012,,,,,,,0.0336,,,,,,,,,,,,,,,,,,,,,,,,,,,,,,,
BAU,0,IRON_STEEL,T5IRON_STEELIPPU,,2013,,,,,,,0.0357,,,,,,,,,,,,,,,,,,,,,,,,,,,,,,,
BAU,0,IRON_STEEL,T5IRON_STEELIPPU,,2014,,,,,,,0.0378,,,,,,,,,,,,,,,,,,,,,,,,,,,,,,,
BAU,0,IRON_STEEL,T5IRON_STEELIPPU,,2015,,,,,,,0.0404,,,,,,,,,,,,,,,,,,,,,,,,,,,,,,,
BAU,0,IRON_STEEL,T5IRON_STEELIPPU,,2016,,,,,,,0.0429,,,,,,,,,,,,,,,,,,,,,,,,,,,,,,,
BAU,0,IRON_STEEL,T5IRON_STEELIPPU,,2017,,,,,,,0.0496,,,,,,,,,,,,,,,,,,,,,,,,,,,,,,,
BAU,0,IRON_STEEL,T5IRON_STEELIPPU,,2018,,,,,,,0.0564,,,,,,,,,,,,,,,,,,,,,,,,,,,,,,,
BAU,0,IRON_STEEL,T5IRON_STEELIPPU,,2019,,,,,,,0.0459,,,,,,,,,,,,,,,,,,,,,,,,,,,,,,,
BAU,0,IRON_STEEL,T5IRON_STEELIPPU,,2020,,,,,,,0.0354,,,,,,,,,,,,,,,,,,,,,,,,,,,,,,,
BAU,0,IRON_STEEL,T5IRON_STEELIPPU,,2021,,,,,,,0.0779,,,,,,,,,,,,,,,,,,,,,,,,,,,,,,,
BAU,0,IRON_STEEL,T5IRON_STEELIPPU,,2022,,,,,,,0.0801,,,,,,,,,,,,,,,,,,,,,,,,,,,,,,,
BAU,0,IRON_STEEL,T5IRON_STEELIPPU,,2023,,,,,,,0.0818,,,,,,,,,,,,,,,,,,,,,,,,,,,,,,,
BAU,0,IRON_STEEL,T5IRON_STEELIPPU,,2024,,,,,,,0.0836,,,,,,,,,,,,,,,,,,,,,,,,,,,,,,,
BAU,0,IRON_STEEL,T5IRON_STEELIPPU,,2025,,,,,,,0.0853,,,,,,,,,,,,,,,,,,,,,,,,,,,,,,,
BAU,0,IRON_STEEL,T5IRON_STEELIPPU,,2026,,,,,,,0.0872,,,,,,,,,,,,,,,,,,,,,,,,,,,,,,,
BAU,0,IRON_STEEL,T5IRON_STEELIPPU,,2027,,,,,,,0.089,,,,,,,,,,,,,,,,,,,,,,,,,,,,,,,
BAU,0,IRON_STEEL,T5IRON_STEELIPPU,,2028,,,,,,,0.0909,,,,,,,,,,,,,,,,,,,,,,,,,,,,,,,
BAU,0,IRON_STEEL,T5IRON_STEELIPPU,,2029,,,,,,,0.0929,,,,,,,,,,,,,,,,,,,,,,,,,,,,,,,
BAU,0,IRON_STEEL,T5IRON_STEELIPPU,,2030,,,,,,,0.0949,,,,,,,,,,,,,,,,,,,,,,,,,,,,,,,
BAU,0,IRON_STEEL,T5IRON_STEELIPPU,,2031,,,,,,,0.0969,,,,,,,,,,,,,,,,,,,,,,,,,,,,,,,
BAU,0,IRON_STEEL,T5IRON_STEELIPPU,,2032,,,,,,,0.099,,,,,,,,,,,,,,,,,,,,,,,,,,,,,,,
BAU,0,IRON_STEEL,T5IRON_STEELIPPU,,2033,,,,,,,0.1011,,,,,,,,,,,,,,,,,,,,,,,,,,,,,,,
BAU,0,IRON_STEEL,T5IRON_STEELIPPU,,2034,,,,,,,0.1032,,,,,,,,,,,,,,,,,,,,,,,,,,,,,,,
BAU,0,IRON_STEEL,T5IRON_STEELIPPU,,2035,,,,,,,0.1055,,,,,,,,,,,,,,,,,,,,,,,,,,,,,,,
BAU,0,LEAD_PROD,T5LEAD_PRODIPPU,,2010,,,,,,,0.0013,,,,,,,,,,,,,,,,,,,,,,,,,,,,,,,
BAU,0,LEAD_PROD,T5LEAD_PRODIPPU,,2011,,,,,,,0.0016,,,,,,,,,,,,,,,,,,,,,,,,,,,,,,,
BAU,0,LEAD_PROD,T5LEAD_PRODIPPU,,2012,,,,,,,0.0019,,,,,,,,,,,,,,,,,,,,,,,,,,,,,,,
BAU,0,LEAD_PROD,T5LEAD_PRODIPPU,,2013,,,,,,,0.0023,,,,,,,,,,,,,,,,,,,,,,,,,,,,,,,
BAU,0,LEAD_PROD,T5LEAD_PRODIPPU,,2014,,,,,,,0.0027,,,,,,,,,,,,,,,,,,,,,,,,,,,,,,,
BAU,0,LEAD_PROD,T5LEAD_PRODIPPU,,2015,,,,,,,0.0029,,,,,,,,,,,,,,,,,,,,,,,,,,,,,,,
BAU,0,LEAD_PROD,T5LEAD_PRODIPPU,,2016,,,,,,,0.003,,,,,,,,,,,,,,,,,,,,,,,,,,,,,,,
BAU,0,LEAD_PROD,T5LEAD_PRODIPPU,,2017,,,,,,,0.0035,,,,,,,,,,,,,,,,,,,,,,,,,,,,,,,
BAU,0,LEAD_PROD,T5LEAD_PRODIPPU,,2018,,,,,,,0.004,,,,,,,,,,,,,,,,,,,,,,,,,,,,,,,
BAU,0,LEAD_PROD,T5LEAD_PRODIPPU,,2019,,,,,,,0.007,,,,,,,,,,,,,,,,,,,,,,,,,,,,,,,
BAU,0,LEAD_PROD,T5LEAD_PRODIPPU,,2020,,,,,,,0.01,,,,,,,,,,,,,,,,,,,,,,,,,,,,,,,
BAU,0,LEAD_PROD,T5LEAD_PRODIPPU,,2021,,,,,,,0.0087,,,,,,,,,,,,,,,,,,,,,,,,,,,,,,,
BAU,0,LEAD_PROD,T5LEAD_PRODIPPU,,2022,,,,,,,0.0066,,,,,,,,,,,,,,,,,,,,,,,,,,,,,,,
BAU,0,LEAD_PROD,T5LEAD_PRODIPPU,,2023,,,,,,,0.0067,,,,,,,,,,,,,,,,,,,,,,,,,,,,,,,
BAU,0,LEAD_PROD,T5LEAD_PRODIPPU,,2024,,,,,,,0.0069,,,,,,,,,,,,,,,,,,,,,,,,,,,,,,,
BAU,0,LEAD_PROD,T5LEAD_PRODIPPU,,2025,,,,,,,0.007,,,,,,,,,,,,,,,,,,,,,,,,,,,,,,,
BAU,0,LEAD_PROD,T5LEAD_PRODIPPU,,2026,,,,,,,0.0072,,,,,,,,,,,,,,,,,,,,,,,,,,,,,,,
BAU,0,LEAD_PROD,T5LEAD_PRODIPPU,,2027,,,,,,,0.0073,,,,,,,,,,,,,,,,,,,,,,,,,,,,,,,
BAU,0,LEAD_PROD,T5LEAD_PRODIPPU,,2028,,,,,,,0.0075,,,,,,,,,,,,,,,,,,,,,,,,,,,,,,,
BAU,0,LEAD_PROD,T5LEAD_PRODIPPU,,2029,,,,,,,0.0077,,,,,,,,,,,,,,,,,,,,,,,,,,,,,,,
BAU,0,LEAD_PROD,T5LEAD_PRODIPPU,,2030,,,,,,,0.0078,,,,,,,,,,,,,,,,,,,,,,,,,,,,,,,
BAU,0,LEAD_PROD,T5LEAD_PRODIPPU,,2031,,,,,,,0.008,,,,,,,,,,,,,,,,,,,,,,,,,,,,,,,
BAU,0,LEAD_PROD,T5LEAD_PRODIPPU,,2032,,,,,,,0.0082,,,,,,,,,,,,,,,,,,,,,,,,,,,,,,,
BAU,0,LEAD_PROD,T5LEAD_PRODIPPU,,2033,,,,,,,0.0083,,,,,,,,,,,,,,,,,,,,,,,,,,,,,,,
BAU,0,LEAD_PROD,T5LEAD_PRODIPPU,,2034,,,,,,,0.0085,,,,,,,,,,,,,,,,,,,,,,,,,,,,,,,
BAU,0,LEAD_PROD,T5LEAD_PRODIPPU,,2035,,,,,,,0.0087,,,,,,,,,,,,,,,,,,,,,,,,,,,,,,,
BAU,0,LUBRI,T5LUBRIIPPU,,2013,,,,,,,0.0028,,,,,,,,,,,,,,,,,,,,,,,,,,,,,,,
BAU,0,LUBRI,T5LUBRIIPPU,,2014,,,,,,,0.0054,,,,,,,,,,,,,,,,,,,,,,,,,,,,,,,
BAU,0,LUBRI,T5LUBRIIPPU,,2015,,,,,,,0.0056,,,,,,,,,,,,,,,,,,,,,,,,,,,,,,,
BAU,0,LUBRI,T5LUBRIIPPU,,2016,,,,,,,0.0057,,,,,,,,,,,,,,,,,,,,,,,,,,,,,,,
BAU,0,LUBRI,T5LUBRIIPPU,,2017,,,,,,,0.0053,,,,,,,,,,,,,,,,,,,,,,,,,,,,,,,
BAU,0,LUBRI,T5LUBRIIPPU,,2018,,,,,,,0.0049,,,,,,,,,,,,,,,,,,,,,,,,,,,,,,,
BAU,0,LUBRI,T5LUBRIIPPU,,2019,,,,,,,0.0043,,,,,,,,,,,,,,,,,,,,,,,,,,,,,,,
BAU,0,LUBRI,T5LUBRIIPPU,,2020,,,,,,,0.0037,,,,,,,,,,,,,,,,,,,,,,,,,,,,,,,
BAU,0,LUBRI,T5LUBRIIPPU,,2021,,,,,,,0.0036,,,,,,,,,,,,,,,,,,,,,,,,,,,,,,,
BAU,0,LUBRI,T5LUBRIIPPU,,2022,,,,,,,0.003,,,,,,,,,,,,,,,,,,,,,,,,,,,,,,,
BAU,0,LUBRI,T5LUBRIIPPU,,2023,,,,,,,0.0031,,,,,,,,,,,,,,,,,,,,,,,,,,,,,,,
BAU,0,LUBRI,T5LUBRIIPPU,,2024,,,,,,,0.0031,,,,,,,,,,,,,,,,,,,,,,,,,,,,,,,
BAU,0,LUBRI,T5LUBRIIPPU,,2025,,,,,,,0.0032,,,,,,,,,,,,,,,,,,,,,,,,,,,,,,,
BAU,0,LUBRI,T5LUBRIIPPU,,2026,,,,,,,0.0033,,,,,,,,,,,,,,,,,,,,,,,,,,,,,,,
BAU,0,LUBRI,T5LUBRIIPPU,,2027,,,,,,,0.0033,,,,,,,,,,,,,,,,,,,,,,,,,,,,,,,
BAU,0,LUBRI,T5LUBRIIPPU,,2028,,,,,,,0.0034,,,,,,,,,,,,,,,,,,,,,,,,,,,,,,,
BAU,0,LUBRI,T5LUBRIIPPU,,2029,,,,,,,0.0035,,,,,,,,,,,,,,,,,,,,,,,,,,,,,,,
BAU,0,LUBRI,T5LUBRIIPPU,,2030,,,,,,,0.0036,,,,,,,,,,,,,,,,,,,,,,,,,,,,,,,
BAU,0,LUBRI,T5LUBRIIPPU,,2031,,,,,,,0.0036,,,,,,,,,,,,,,,,,,,,,,,,,,,,,,,
BAU,0,LUBRI,T5LUBRIIPPU,,2032,,,,,,,0.0037,,,,,,,,,,,,,,,,,,,,,,,,,,,,,,,
BAU,0,LUBRI,T5LUBRIIPPU,,2033,,,,,,,0.0038,,,,,,,,,,,,,,,,,,,,,,,,,,,,,,,
BAU,0,LUBRI,T5LUBRIIPPU,,2034,,,,,,,0.0039,,,,,,,,,,,,,,,,,,,,,,,,,,,,,,,
BAU,0,LUBRI,T5LUBRIIPPU,,2035,,,,,,,0.0039,,,,,,,,,,,,,,,,,,,,,,,,,,,,,,,
BAU,0,,IMP_HFC23,,2010,,0,0,0,0,,,,,,,,,,,,,,,,,,,,,,,,,,,,,,,,,
BAU,0,,IMP_HFC23,,2011,,0,0,0,0,,,,,,,,,,,,,,,,,,,,,,,,,,,,,,,,,
BAU,0,,IMP_HFC23,,2012,,0,0,0,0,,,,,,,,,,,,,,,,,,,,,,,,,,,,,,,,,
BAU,0,,IMP_HFC23,,2013,,0,0,0,0,,,,,,,,,,,,,,,,,,,,,,,,,,,,,,,,,
BAU,0,,IMP_HFC23,,2014,,0,0,0,0,,,,,,,,,,,,,,,,,,,,,,,,,,,,,,,,,
BAU,0,,IMP_HFC23,,2015,,0,0,0,0,,,,,,,,,,,,,,,,,,,,,,,,,,,,,,,,,
BAU,0,,IMP_HFC23,,2016,,0,0,0,0,,,,,,,,,,,,,,,,,,,,,,,,,,,,,,,,,
BAU,0,,IMP_HFC23,,2017,,0,0,0,0,,,,,,,,,,,,,,,,,,,,,,,,,,,,,,,,,
BAU,0,,IMP_HFC23,,2018,,0,0,0,0,,,,,,,,,,,,,,,,,,,,,,,,,,,,,,,,,
BAU,0,,IMP_HFC23,,2019,,0,0,0,0,,,,,,,,,,,,,,,,,,,,,,,,,,,,,,,,,
BAU,0,,IMP_HFC23,,2020,,0,0,0,0,,,,,,,,,,,,,,,,,,,,,,,,,,,,,,,,,
BAU,0,,IMP_HFC23,,2021,,0,0,0,0,,,,,,,,,,,,,,,,,,,,,,,,,,,,,,,,,
BAU,0,,IMP_HFC23,,2022,,0,0,0,0,,,,,,,,,,,,,,,,,,,,,,,,,,,,,,,,,
BAU,0,,IMP_HFC23,,2023,,0,0,0,0,,,,,,,,,,,,,,,,,,,,,,,,,,,,,,,,,
BAU,0,,IMP_HFC23,,2024,,0,0,0,0,,,,,,,,,,,,,,,,,,,,,,,,,,,,,,,,,
BAU,0,,IMP_HFC23,,2025,,0,0,0,0,,,,,,,,,,,,,,,,,,,,,,,,,,,,,,,,,
BAU,0,,IMP_HFC23,,2026,,0,0,0,0,,,,,,,,,,,,,,,,,,,,,,,,,,,,,,,,,
BAU,0,,IMP_HFC23,,2027,,0,0,0,0,,,,,,,,,,,,,,,,,,,,,,,,,,,,,,,,,
BAU,0,,IMP_HFC23,,2028,,0,0,0,0,,,,,,,,,,,,,,,,,,,,,,,,,,,,,,,,,
BAU,0,,IMP_HFC23,,2029,,0,0,0,0,,,,,,,,,,,,,,,,,,,,,,,,,,,,,,,,,
BAU,0,,IMP_HFC23,,2030,,0,0,0,0,,,,,,,,,,,,,,,,,,,,,,,,,,,,,,,,,
BAU,0,,IMP_HFC23,,2031,,0,0,0,0,,,,,,,,,,,,,,,,,,,,,,,,,,,,,,,,,
BAU,0,,IMP_HFC23,,2032,,0,0,0,0,,,,,,,,,,,,,,,,,,,,,,,,,,,,,,,,,
BAU,0,,IMP_HFC23,,2033,,0,0,0,0,,,,,,,,,,,,,,,,,,,,,,,,,,,,,,,,,
BAU,0,,IMP_HFC23,,2034,,0,0,0,0,,,,,,,,,,,,,,,,,,,,,,,,,,,,,,,,,
BAU,0,,IMP_HFC23,,2035,,0,0,0,0,,,,,,,,,,,,,,,,,,,,,,,,,,,,,,,,,
BAU,0,,IMP_HFC152a,,2010,,0,0,0,0,,,,,,,,,,,,,,,,,,,,,,,,,,,,,,,,,
BAU,0,,IMP_HFC152a,,2011,,0,0,0,0,,,,,,,,,,,,,,,,,,,,,,,,,,,,,,,,,
BAU,0,,IMP_HFC152a,,2012,,0,0,0,0,,,,,,,,,,,,,,,,,,,,,,,,,,,,,,,,,
BAU,0,,IMP_HFC152a,,2013,,0,0,0,0,,,,,,,,,,,,,,,,,,,,,,,,,,,,,,,,,
BAU,0,,IMP_HFC152a,,2014,,0,0,0,0,,,,,,,,,,,,,,,,,,,,,,,,,,,,,,,,,
BAU,0,,IMP_HFC152a,,2015,,0,0,0,0,,,,,,,,,,,,,,,,,,,,,,,,,,,,,,,,,
BAU,0,,IMP_HFC152a,,2016,,0,0,0,0,,,,,,,,,,,,,,,,,,,,,,,,,,,,,,,,,
BAU,0,,IMP_HFC152a,,2017,,0,0,0,0,,,,,,,,,,,,,,,,,,,,,,,,,,,,,,,,,
BAU,0,,IMP_HFC152a,,2018,,0,0,0,0,,,,,,,,,,,,,,,,,,,,,,,,,,,,,,,,,
BAU,0,,IMP_HFC152a,,2019,,0,0,0,0,,,,,,,,,,,,,,,,,,,,,,,,,,,,,,,,,
BAU,0,,IMP_HFC152a,,2020,,0,0,0,0,,,,,,,,,,,,,,,,,,,,,,,,,,,,,,,,,
BAU,0,,IMP_HFC152a,,2021,,0,0,0,0,,,,,,,,,,,,,,,,,,,,,,,,,,,,,,,,,
BAU,0,,IMP_HFC152a,,2022,,0,0,0,0,,,,,,,,,,,,,,,,,,,,,,,,,,,,,,,,,
BAU,0,,IMP_HFC152a,,2023,,0,0,0,0,,,,,,,,,,,,,,,,,,,,,,,,,,,,,,,,,
BAU,0,,IMP_HFC152a,,2024,,0,0,0,0,,,,,,,,,,,,,,,,,,,,,,,,,,,,,,,,,
BAU,0,,IMP_HFC152a,,2025,,0,0,0,0,,,,,,,,,,,,,,,,,,,,,,,,,,,,,,,,,
BAU,0,,IMP_HFC152a,,2026,,0,0,0,0,,,,,,,,,,,,,,,,,,,,,,,,,,,,,,,,,
BAU,0,,IMP_HFC152a,,2027,,0,0,0,0,,,,,,,,,,,,,,,,,,,,,,,,,,,,,,,,,
BAU,0,,IMP_HFC152a,,2028,,0,0,0,0,,,,,,,,,,,,,,,,,,,,,,,,,,,,,,,,,
BAU,0,,IMP_HFC152a,,2029,,0,0,0,0,,,,,,,,,,,,,,,,,,,,,,,,,,,,,,,,,
BAU,0,,IMP_HFC152a,,2030,,0,0,0,0,,,,,,,,,,,,,,,,,,,,,,,,,,,,,,,,,
BAU,0,,IMP_HFC152a,,2031,,0,0,0,0,,,,,,,,,,,,,,,,,,,,,,,,,,,,,,,,,
BAU,0,,IMP_HFC152a,,2032,,0,0,0,0,,,,,,,,,,,,,,,,,,,,,,,,,,,,,,,,,
BAU,0,,IMP_HFC152a,,2033,,0,0,0,0,,,,,,,,,,,,,,,,,,,,,,,,,,,,,,,,,
BAU,0,,IMP_HFC152a,,2034,,0,0,0,0,,,,,,,,,,,,,,,,,,,,,,,,,,,,,,,,,
BAU,0,,IMP_HFC152a,,2035,,0,0,0,0,,,,,,,,,,,,,,,,,,,,,,,,,,,,,,,,,
BAU,0,,T5HFC23IPPU,,2010,,0,0,0,0,,,,,,,,,,,,,,,,,,,,,,,,,,,,,,,,,
BAU,0,,T5HFC23IPPU,,2011,,0,0,0,0,,,,,,,,,,,,,,,,,,,,,,,,,,,,,,,,,
BAU,0,,T5HFC23IPPU,,2012,,0,0,0,0,,,,,,,,,,,,,,,,,,,,,,,,,,,,,,,,,
BAU,0,,T5HFC23IPPU,,2013,,0,0,0,0,,,,,,,,,,,,,,,,,,,,,,,,,,,,,,,,,
BAU,0,,T5HFC23IPPU,,2014,,0,0,0,0,,,,,,,,,,,,,,,,,,,,,,,,,,,,,,,,,
BAU,0,,T5HFC23IPPU,,2015,,0,0,0,0,,,,,,,,,,,,,,,,,,,,,,,,,,,,,,,,,
BAU,0,,T5HFC23IPPU,,2016,,0,0,0,0,,,,,,,,,,,,,,,,,,,,,,,,,,,,,,,,,
BAU,0,,T5HFC23IPPU,,2017,,0,0,0,0,,,,,,,,,,,,,,,,,,,,,,,,,,,,,,,,,
BAU,0,,T5HFC23IPPU,,2018,,0,0,0,0,,,,,,,,,,,,,,,,,,,,,,,,,,,,,,,,,
BAU,0,,T5HFC23IPPU,,2019,,0,0,0,0,,,,,,,,,,,,,,,,,,,,,,,,,,,,,,,,,
BAU,0,,T5HFC23IPPU,,2020,,0,0,0,0,,,,,,,,,,,,,,,,,,,,,,,,,,,,,,,,,
BAU,0,,T5HFC23IPPU,,2021,,0,0,0,0,,,,,,,,,,,,,,,,,,,,,,,,,,,,,,,,,
BAU,0,,T5HFC23IPPU,,2022,,0,0,0,0,,,,,,,,,,,,,,,,,,,,,,,,,,,,,,,,,
BAU,0,,T5HFC23IPPU,,2023,,0,0,0,0,,,,,,,,,,,,,,,,,,,,,,,,,,,,,,,,,
BAU,0,,T5HFC23IPPU,,2024,,0,0,0,0,,,,,,,,,,,,,,,,,,,,,,,,,,,,,,,,,
BAU,0,,T5HFC23IPPU,,2025,,0,0,0,0,,,,,,,,,,,,,,,,,,,,,,,,,,,,,,,,,
BAU,0,,T5HFC23IPPU,,2026,,0,0,0,0,,,,,,,,,,,,,,,,,,,,,,,,,,,,,,,,,
BAU,0,,T5HFC23IPPU,,2027,,0,0,0,0,,,,,,,,,,,,,,,,,,,,,,,,,,,,,,,,,
BAU,0,,T5HFC23IPPU,,2028,,0,0,0,0,,,,,,,,,,,,,,,,,,,,,,,,,,,,,,,,,
BAU,0,,T5HFC23IPPU,,2029,,0,0,0,0,,,,,,,,,,,,,,,,,,,,,,,,,,,,,,,,,
BAU,0,,T5HFC23IPPU,,2030,,0,0,0,0,,,,,,,,,,,,,,,,,,,,,,,,,,,,,,,,,
BAU,0,,T5HFC23IPPU,,2031,,0,0,0,0,,,,,,,,,,,,,,,,,,,,,,,,,,,,,,,,,
BAU,0,,T5HFC23IPPU,,2032,,0,0,0,0,,,,,,,,,,,,,,,,,,,,,,,,,,,,,,,,,
BAU,0,,T5HFC23IPPU,,2033,,0,0,0,0,,,,,,,,,,,,,,,,,,,,,,,,,,,,,,,,,
BAU,0,,T5HFC23IPPU,,2034,,0,0,0,0,,,,,,,,,,,,,,,,,,,,,,,,,,,,,,,,,
BAU,0,,T5HFC23IPPU,,2035,,0,0,0,0,,,,,,,,,,,,,,,,,,,,,,,,,,,,,,,,,
BAU,0,,T5HFC152aIPPU,,2010,,0,0,0,0,,,,,,,,,,,,,,,,,,,,,,,,,,,,,,,,,
BAU,0,,T5HFC152aIPPU,,2011,,0,0,0,0,,,,,,,,,,,,,,,,,,,,,,,,,,,,,,,,,
BAU,0,,T5HFC152aIPPU,,2012,,0,0,0,0,,,,,,,,,,,,,,,,,,,,,,,,,,,,,,,,,
BAU,0,,T5HFC152aIPPU,,2013,,0,0,0,0,,,,,,,,,,,,,,,,,,,,,,,,,,,,,,,,,
BAU,0,,T5HFC152aIPPU,,2014,,0,0,0,0,,,,,,,,,,,,,,,,,,,,,,,,,,,,,,,,,
BAU,0,,T5HFC152aIPPU,,2015,,0,0,0,0,,,,,,,,,,,,,,,,,,,,,,,,,,,,,,,,,
BAU,0,,T5HFC152aIPPU,,2016,,0,0,0,0,,,,,,,,,,,,,,,,,,,,,,,,,,,,,,,,,
BAU,0,,T5HFC152aIPPU,,2017,,0,0,0,0,,,,,,,,,,,,,,,,,,,,,,,,,,,,,,,,,
BAU,0,,T5HFC152aIPPU,,2018,,0,0,0,0,,,,,,,,,,,,,,,,,,,,,,,,,,,,,,,,,
BAU,0,,T5HFC152aIPPU,,2019,,0,0,0,0,,,,,,,,,,,,,,,,,,,,,,,,,,,,,,,,,
BAU,0,,T5HFC152aIPPU,,2020,,0,0,0,0,,,,,,,,,,,,,,,,,,,,,,,,,,,,,,,,,
BAU,0,,T5HFC152aIPPU,,2021,,0,0,0,0,,,,,,,,,,,,,,,,,,,,,,,,,,,,,,,,,
BAU,0,,T5HFC152aIPPU,,2022,,0,0,0,0,,,,,,,,,,,,,,,,,,,,,,,,,,,,,,,,,
BAU,0,,T5HFC152aIPPU,,2023,,0,0,0,0,,,,,,,,,,,,,,,,,,,,,,,,,,,,,,,,,
BAU,0,,T5HFC152aIPPU,,2024,,0,0,0,0,,,,,,,,,,,,,,,,,,,,,,,,,,,,,,,,,
BAU,0,,T5HFC152aIPPU,,2025,,0,0,0,0,,,,,,,,,,,,,,,,,,,,,,,,,,,,,,,,,
BAU,0,,T5HFC152aIPPU,,2026,,0,0,0,0,,,,,,,,,,,,,,,,,,,,,,,,,,,,,,,,,
BAU,0,,T5HFC152aIPPU,,2027,,0,0,0,0,,,,,,,,,,,,,,,,,,,,,,,,,,,,,,,,,
BAU,0,,T5HFC152aIPPU,,2028,,0,0,0,0,,,,,,,,,,,,,,,,,,,,,,,,,,,,,,,,,
BAU,0,,T5HFC152aIPPU,,2029,,0,0,0,0,,,,,,,,,,,,,,,,,,,,,,,,,,,,,,,,,
BAU,0,,T5HFC152aIPPU,,2030,,0,0,0,0,,,,,,,,,,,,,,,,,,,,,,,,,,,,,,,,,
BAU,0,,T5HFC152aIPPU,,2031,,0,0,0,0,,,,,,,,,,,,,,,,,,,,,,,,,,,,,,,,,
BAU,0,,T5HFC152aIPPU,,2032,,0,0,0,0,,,,,,,,,,,,,,,,,,,,,,,,,,,,,,,,,
BAU,0,,T5HFC152aIPPU,,2033,,0,0,0,0,,,,,,,,,,,,,,,,,,,,,,,,,,,,,,,,,
BAU,0,,T5HFC152aIPPU,,2034,,0,0,0,0,,,,,,,,,,,,,,,,,,,,,,,,,,,,,,,,,
BAU,0,,T5HFC152aIPPU,,2035,,0,0,0,0,,,,,,,,,,,,,,,,,,,,,,,,,,,,,,,,,
BAU,0,,SODA_ASH,,2010,,0,0,0,0,,,,,,,,,,,,,,,,,,,,,,,,,,,,,,,,,
BAU,0,,SODA_ASH,,2011,,0,0,0,0,,,,,,,,,,,,,,,,,,,,,,,,,,,,,,,,,
BAU,0,,SODA_ASH,,2012,,0,0,0,0,,,,,,,,,,,,,,,,,,,,,,,,,,,,,,,,,
BAU,0,,SODA_ASH,,2013,,0,0,0,0,,,,,,,,,,,,,,,,,,,,,,,,,,,,,,,,,
BAU,0,,SODA_ASH,,2014,,0,0,0,0,,,,,,,,,,,,,,,,,,,,,,,,,,,,,,,,,
BAU,0,,SODA_ASH,,2015,,0,0,0,0,,,,,,,,,,,,,,,,,,,,,,,,,,,,,,,,,
BAU,0,,SODA_ASH,,2016,,0,0,0,0,,,,,,,,,,,,,,,,,,,,,,,,,,,,,,,,,
BAU,0,,SODA_ASH,,2017,,0,0,0,0,,,,,,,,,,,,,,,,,,,,,,,,,,,,,,,,,
BAU,0,,SODA_ASH,,2018,,0,0,0,0,,,,,,,,,,,,,,,,,,,,,,,,,,,,,,,,,
BAU,0,,SODA_ASH,,2019,,0,0,0,0,,,,,,,,,,,,,,,,,,,,,,,,,,,,,,,,,
BAU,0,,SODA_ASH,,2020,,0,0,0,0,,,,,,,,,,,,,,,,,,,,,,,,,,,,,,,,,
BAU,0,,SODA_ASH,,2021,,0,0,0,0,,,,,,,,,,,,,,,,,,,,,,,,,,,,,,,,,
BAU,0,,SODA_ASH,,2022,,0,0,0,0,,,,,,,,,,,,,,,,,,,,,,,,,,,,,,,,,
BAU,0,,SODA_ASH,,2023,,0,0,0,0,,,,,,,,,,,,,,,,,,,,,,,,,,,,,,,,,
BAU,0,,SODA_ASH,,2024,,0,0,0,0,,,,,,,,,,,,,,,,,,,,,,,,,,,,,,,,,
BAU,0,,SODA_ASH,,2025,,0,0,0,0,,,,,,,,,,,,,,,,,,,,,,,,,,,,,,,,,
BAU,0,,SODA_ASH,,2026,,0,0,0,0,,,,,,,,,,,,,,,,,,,,,,,,,,,,,,,,,
BAU,0,,SODA_ASH,,2027,,0,0,0,0,,,,,,,,,,,,,,,,,,,,,,,,,,,,,,,,,
BAU,0,,SODA_ASH,,2028,,0,0,0,0,,,,,,,,,,,,,,,,,,,,,,,,,,,,,,,,,
BAU,0,,SODA_ASH,,2029,,0,0,0,0,,,,,,,,,,,,,,,,,,,,,,,,,,,,,,,,,
BAU,0,,SODA_ASH,,2030,,0,0,0,0,,,,,,,,,,,,,,,,,,,,,,,,,,,,,,,,,
BAU,0,,SODA_ASH,,2031,,0,0,0,0,,,,,,,,,,,,,,,,,,,,,,,,,,,,,,,,,
BAU,0,,SODA_ASH,,2032,,0,0,0,0,,,,,,,,,,,,,,,,,,,,,,,,,,,,,,,,,
BAU,0,,SODA_ASH,,2033,,0,0,0,0,,,,,,,,,,,,,,,,,,,,,,,,,,,,,,,,,
BAU,0,,SODA_ASH,,2034,,0,0,0,0,,,,,,,,,,,,,,,,,,,,,,,,,,,,,,,,,
BAU,0,,SODA_ASH,,2035,,0,0,0,0,,,,,,,,,,,,,,,,,,,,,,,,,,,,,,,,,
BAU,0,,LUBRI,,2010,,0,0,0,0,,,,,,,,,,,,,,,,,,,,,,,,,,,,,,,,,
BAU,0,,LUBRI,,2011,,0,0,0,0,,,,,,,,,,,,,,,,,,,,,,,,,,,,,,,,,
BAU,0,,LUBRI,,2012,,0,0,0,0,,,,,,,,,,,,,,,,,,,,,,,,,,,,,,,,,
BAU,0,,LUBRI,,2013,,0,0,0,0,,,,,,,,,,,,,,,,,,,,,,,,,,,,,,,,,
BAU,0,,LUBRI,,2014,,0,0,0,0,,,,,,,,,,,,,,,,,,,,,,,,,,,,,,,,,
BAU,0,,LUBRI,,2015,,0,0,0,0,,,,,,,,,,,,,,,,,,,,,,,,,,,,,,,,,
BAU,0,,LUBRI,,2016,,0,0,0,0,,,,,,,,,,,,,,,,,,,,,,,,,,,,,,,,,
BAU,0,,LUBRI,,2017,,0,0,0,0,,,,,,,,,,,,,,,,,,,,,,,,,,,,,,,,,
BAU,0,,LUBRI,,2018,,0,0,0,0,,,,,,,,,,,,,,,,,,,,,,,,,,,,,,,,,
BAU,0,,LUBRI,,2019,,0,0,0,0,,,,,,,,,,,,,,,,,,,,,,,,,,,,,,,,,
BAU,0,,LUBRI,,2020,,0,0,0,0,,,,,,,,,,,,,,,,,,,,,,,,,,,,,,,,,
BAU,0,,LUBRI,,2021,,0,0,0,0,,,,,,,,,,,,,,,,,,,,,,,,,,,,,,,,,
BAU,0,,LUBRI,,2022,,0,0,0,0,,,,,,,,,,,,,,,,,,,,,,,,,,,,,,,,,
BAU,0,,LUBRI,,2023,,0,0,0,0,,,,,,,,,,,,,,,,,,,,,,,,,,,,,,,,,
BAU,0,,LUBRI,,2024,,0,0,0,0,,,,,,,,,,,,,,,,,,,,,,,,,,,,,,,,,
BAU,0,,LUBRI,,2025,,0,0,0,0,,,,,,,,,,,,,,,,,,,,,,,,,,,,,,,,,
BAU,0,,LUBRI,,2026,,0,0,0,0,,,,,,,,,,,,,,,,,,,,,,,,,,,,,,,,,
BAU,0,,LUBRI,,2027,,0,0,0,0,,,,,,,,,,,,,,,,,,,,,,,,,,,,,,,,,
BAU,0,,LUBRI,,2028,,0,0,0,0,,,,,,,,,,,,,,,,,,,,,,,,,,,,,,,,,
BAU,0,,LUBRI,,2029,,0,0,0,0,,,,,,,,,,,,,,,,,,,,,,,,,,,,,,,,,
BAU,0,,LUBRI,,2030,,0,0,0,0,,,,,,,,,,,,,,,,,,,,,,,,,,,,,,,,,
BAU,0,,LUBRI,,2031,,0,0,0,0,,,,,,,,,,,,,,,,,,,,,,,,,,,,,,,,,
BAU,0,,LUBRI,,2032,,0,0,0,0,,,,,,,,,,,,,,,,,,,,,,,,,,,,,,,,,
BAU,0,,LUBRI,,2033,,0,0,0,0,,,,,,,,,,,,,,,,,,,,,,,,,,,,,,,,,
BAU,0,,LUBRI,,2034,,0,0,0,0,,,,,,,,,,,,,,,,,,,,,,,,,,,,,,,,,
BAU,0,,LUBRI,,2035,,0,0,0,0,,,,,,,,,,,,,,,,,,,,,,,,,,,,,,,,,
BAU,0,,T5SODA_ASHIPPU,,2010,,0,0,0,0,,,,,,,,,,,,,,,,,,,,,,,,,,,,,,,,,
BAU,0,,T5SODA_ASHIPPU,,2011,,0,0,0,0,,,,,,,,,,,,,,,,,,,,,,,,,,,,,,,,,
BAU,0,,T5SODA_ASHIPPU,,2012,,0,0,0,0,,,,,,,,,,,,,,,,,,,,,,,,,,,,,,,,,
BAU,0,,T5SODA_ASHIPPU,,2013,,0,0,0,0,,,,,,,,,,,,,,,,,,,,,,,,,,,,,,,,,
BAU,0,,T5SODA_ASHIPPU,,2014,,0,0,0,0,,,,,,,,,,,,,,,,,,,,,,,,,,,,,,,,,
BAU,0,,T5SODA_ASHIPPU,,2015,,0,0,0,0,,,,,,,,,,,,,,,,,,,,,,,,,,,,,,,,,
BAU,0,,T5SODA_ASHIPPU,,2016,,0,0,0,0,,,,,,,,,,,,,,,,,,,,,,,,,,,,,,,,,
BAU,0,,T5SODA_ASHIPPU,,2017,,0,0,0,0,,,,,,,,,,,,,,,,,,,,,,,,,,,,,,,,,
BAU,0,,T5SODA_ASHIPPU,,2018,,0,0,0,0,,,,,,,,,,,,,,,,,,,,,,,,,,,,,,,,,
BAU,0,,T5SODA_ASHIPPU,,2019,,0,0,0,0,,,,,,,,,,,,,,,,,,,,,,,,,,,,,,,,,
BAU,0,,T5SODA_ASHIPPU,,2020,,0,0,0,0,,,,,,,,,,,,,,,,,,,,,,,,,,,,,,,,,
BAU,0,,T5SODA_ASHIPPU,,2021,,0,0,0,0,,,,,,,,,,,,,,,,,,,,,,,,,,,,,,,,,
BAU,0,,T5SODA_ASHIPPU,,2022,,0,0,0,0,,,,,,,,,,,,,,,,,,,,,,,,,,,,,,,,,
BAU,0,,T5SODA_ASHIPPU,,2023,,0,0,0,0,,,,,,,,,,,,,,,,,,,,,,,,,,,,,,,,,
BAU,0,,T5SODA_ASHIPPU,,2024,,0,0,0,0,,,,,,,,,,,,,,,,,,,,,,,,,,,,,,,,,
BAU,0,,T5SODA_ASHIPPU,,2025,,0,0,0,0,,,,,,,,,,,,,,,,,,,,,,,,,,,,,,,,,
BAU,0,,T5SODA_ASHIPPU,,2026,,0,0,0,0,,,,,,,,,,,,,,,,,,,,,,,,,,,,,,,,,
BAU,0,,T5SODA_ASHIPPU,,2027,,0,0,0,0,,,,,,,,,,,,,,,,,,,,,,,,,,,,,,,,,
BAU,0,,T5SODA_ASHIPPU,,2028,,0,0,0,0,,,,,,,,,,,,,,,,,,,,,,,,,,,,,,,,,
BAU,0,,T5SODA_ASHIPPU,,2029,,0,0,0,0,,,,,,,,,,,,,,,,,,,,,,,,,,,,,,,,,
BAU,0,,T5SODA_ASHIPPU,,2030,,0,0,0,0,,,,,,,,,,,,,,,,,,,,,,,,,,,,,,,,,
BAU,0,,T5SODA_ASHIPPU,,2031,,0,0,0,0,,,,,,,,,,,,,,,,,,,,,,,,,,,,,,,,,
BAU,0,,T5SODA_ASHIPPU,,2032,,0,0,0,0,,,,,,,,,,,,,,,,,,,,,,,,,,,,,,,,,
BAU,0,,T5SODA_ASHIPPU,,2033,,0,0,0,0,,,,,,,,,,,,,,,,,,,,,,,,,,,,,,,,,
BAU,0,,T5SODA_ASHIPPU,,2034,,0,0,0,0,,,,,,,,,,,,,,,,,,,,,,,,,,,,,,,,,
BAU,0,,T5SODA_ASHIPPU,,2035,,0,0,0,0,,,,,,,,,,,,,,,,,,,,,,,,,,,,,,,,,
BAU,0,,T5LUBRIIPPU,,2010,,0,0,0,0,,,,,,,,,,,,,,,,,,,,,,,,,,,,,,,,,
BAU,0,,T5LUBRIIPPU,,2011,,0,0,0,0,,,,,,,,,,,,,,,,,,,,,,,,,,,,,,,,,
BAU,0,,T5LUBRIIPPU,,2012,,0,0,0,0,,,,,,,,,,,,,,,,,,,,,,,,,,,,,,,,,
BAU,0,,T5LUBRIIPPU,,2013,,0,0,0,0,,,,,,,,,,,,,,,,,,,,,,,,,,,,,,,,,
BAU,0,,T5LUBRIIPPU,,2014,,0,0,0,0,,,,,,,,,,,,,,,,,,,,,,,,,,,,,,,,,
BAU,0,,T5LUBRIIPPU,,2015,,0,0,0,0,,,,,,,,,,,,,,,,,,,,,,,,,,,,,,,,,
BAU,0,,T5LUBRIIPPU,,2016,,0,0,0,0,,,,,,,,,,,,,,,,,,,,,,,,,,,,,,,,,
BAU,0,,T5LUBRIIPPU,,2017,,0,0,0,0,,,,,,,,,,,,,,,,,,,,,,,,,,,,,,,,,
BAU,0,,T5LUBRIIPPU,,2018,,0,0,0,0,,,,,,,,,,,,,,,,,,,,,,,,,,,,,,,,,
BAU,0,,T5LUBRIIPPU,,2019,,0,0,0,0,,,,,,,,,,,,,,,,,,,,,,,,,,,,,,,,,
BAU,0,,T5LUBRIIPPU,,2020,,0,0,0,0,,,,,,,,,,,,,,,,,,,,,,,,,,,,,,,,,
BAU,0,,T5LUBRIIPPU,,2021,,0,0,0,0,,,,,,,,,,,,,,,,,,,,,,,,,,,,,,,,,
BAU,0,,T5LUBRIIPPU,,2022,,0,0,0,0,,,,,,,,,,,,,,,,,,,,,,,,,,,,,,,,,
BAU,0,,T5LUBRIIPPU,,2023,,0,0,0,0,,,,,,,,,,,,,,,,,,,,,,,,,,,,,,,,,
BAU,0,,T5LUBRIIPPU,,2024,,0,0,0,0,,,,,,,,,,,,,,,,,,,,,,,,,,,,,,,,,
BAU,0,,T5LUBRIIPPU,,2025,,0,0,0,0,,,,,,,,,,,,,,,,,,,,,,,,,,,,,,,,,
BAU,0,,T5LUBRIIPPU,,2026,,0,0,0,0,,,,,,,,,,,,,,,,,,,,,,,,,,,,,,,,,
BAU,0,,T5LUBRIIPPU,,2027,,0,0,0,0,,,,,,,,,,,,,,,,,,,,,,,,,,,,,,,,,
BAU,0,,T5LUBRIIPPU,,2028,,0,0,0,0,,,,,,,,,,,,,,,,,,,,,,,,,,,,,,,,,
BAU,0,,T5LUBRIIPPU,,2029,,0,0,0,0,,,,,,,,,,,,,,,,,,,,,,,,,,,,,,,,,
BAU,0,,T5LUBRIIPPU,,2030,,0,0,0,0,,,,,,,,,,,,,,,,,,,,,,,,,,,,,,,,,
BAU,0,,T5LUBRIIPPU,,2031,,0,0,0,0,,,,,,,,,,,,,,,,,,,,,,,,,,,,,,,,,
BAU,0,,T5LUBRIIPPU,,2032,,0,0,0,0,,,,,,,,,,,,,,,,,,,,,,,,,,,,,,,,,
BAU,0,,T5LUBRIIPPU,,2033,,0,0,0,0,,,,,,,,,,,,,,,,,,,,,,,,,,,,,,,,,
BAU,0,,T5LUBRIIPPU,,2034,,0,0,0,0,,,,,,,,,,,,,,,,,,,,,,,,,,,,,,,,,
BAU,0,,T5LUBRIIPPU,,2035,,0,0,0,0,,,,,,,,,,,,,,,,,,,,,,,,,,,,,,,,,
BAU,0,,IMP_HFC23,CO2e_HFC,2010,,,,,,,,,,,,,,,,,,0,,,,,,,,,,,,,,,,,,,,
BAU,0,,IMP_HFC23,CO2e_HFC,2011,,,,,,,,,,,,,,,,,,0,,,,,,,,,,,,,,,,,,,,
BAU,0,,IMP_HFC23,CO2e_HFC,2012,,,,,,,,,,,,,,,,,,0,,,,,,,,,,,,,,,,,,,,
BAU,0,,IMP_HFC23,CO2e_HFC,2013,,,,,,,,,,,,,,,,,,0,,,,,,,,,,,,,,,,,,,,
BAU,0,,IMP_HFC23,CO2e_HFC,2014,,,,,,,,,,,,,,,,,,0,,,,,,,,,,,,,,,,,,,,
BAU,0,,IMP_HFC23,CO2e_HFC,2015,,,,,,,,,,,,,,,,,,0,,,,,,,,,,,,,,,,,,,,
BAU,0,,IMP_HFC23,CO2e_HFC,2016,,,,,,,,,,,,,,,,,,0,,,,,,,,,,,,,,,,,,,,
BAU,0,,IMP_HFC23,CO2e_HFC,2017,,,,,,,,,,,,,,,,,,0,,,,,,,,,,,,,,,,,,,,
BAU,0,,IMP_HFC23,CO2e_HFC,2018,,,,,,,,,,,,,,,,,,0,,,,,,,,,,,,,,,,,,,,
BAU,0,,IMP_HFC23,CO2e_HFC,2019,,,,,,,,,,,,,,,,,,0,,,,,,,,,,,,,,,,,,,,
BAU,0,,IMP_HFC23,CO2e_HFC,2020,,,,,,,,,,,,,,,,,,0,,,,,,,,,,,,,,,,,,,,
BAU,0,,IMP_HFC23,CO2e_HFC,2021,,,,,,,,,,,,,,,,,,0,,,,,,,,,,,,,,,,,,,,
BAU,0,,IMP_HFC23,CO2e_HFC,2022,,,,,,,,,,,,,,,,,,0,,,,,,,,,,,,,,,,,,,,
BAU,0,,IMP_HFC23,CO2e_HFC,2023,,,,,,,,,,,,,,,,,,0,,,,,,,,,,,,,,,,,,,,
BAU,0,,IMP_HFC23,CO2e_HFC,2024,,,,,,,,,,,,,,,,,,0,,,,,,,,,,,,,,,,,,,,
BAU,0,,IMP_HFC23,CO2e_HFC,2025,,,,,,,,,,,,,,,,,,0,,,,,,,,,,,,,,,,,,,,
BAU,0,,IMP_HFC23,CO2e_HFC,2026,,,,,,,,,,,,,,,,,,0,,,,,,,,,,,,,,,,,,,,
BAU,0,,IMP_HFC23,CO2e_HFC,2027,,,,,,,,,,,,,,,,,,0,,,,,,,,,,,,,,,,,,,,
BAU,0,,IMP_HFC23,CO2e_HFC,2028,,,,,,,,,,,,,,,,,,0,,,,,,,,,,,,,,,,,,,,
BAU,0,,IMP_HFC23,CO2e_HFC,2029,,,,,,,,,,,,,,,,,,0,,,,,,,,,,,,,,,,,,,,
BAU,0,,IMP_HFC23,CO2e_HFC,2030,,,,,,,,,,,,,,,,,,0,,,,,,,,,,,,,,,,,,,,
BAU,0,,IMP_HFC23,CO2e_HFC,2031,,,,,,,,,,,,,,,,,,0,,,,,,,,,,,,,,,,,,,,
BAU,0,,IMP_HFC23,CO2e_HFC,2032,,,,,,,,,,,,,,,,,,0,,,,,,,,,,,,,,,,,,,,
BAU,0,,IMP_HFC23,CO2e_HFC,2033,,,,,,,,,,,,,,,,,,0,,,,,,,,,,,,,,,,,,,,
BAU,0,,IMP_HFC23,CO2e_HFC,2034,,,,,,,,,,,,,,,,,,0,,,,,,,,,,,,,,,,,,,,
BAU,0,,IMP_HFC23,CO2e_HFC,2035,,,,,,,,,,,,,,,,,,0,,,,,,,,,,,,,,,,,,,,
BAU,0,,IMP_HFC152a,CO2e_HFC,2010,,,,,,,,,,,,,,,,,,0,,,,,,,,,,,,,,,,,,,,
BAU,0,,IMP_HFC152a,CO2e_HFC,2011,,,,,,,,,,,,,,,,,,0,,,,,,,,,,,,,,,,,,,,
BAU,0,,IMP_HFC152a,CO2e_HFC,2012,,,,,,,,,,,,,,,,,,0,,,,,,,,,,,,,,,,,,,,
BAU,0,,IMP_HFC152a,CO2e_HFC,2013,,,,,,,,,,,,,,,,,,0,,,,,,,,,,,,,,,,,,,,
BAU,0,,IMP_HFC152a,CO2e_HFC,2014,,,,,,,,,,,,,,,,,,0,,,,,,,,,,,,,,,,,,,,
BAU,0,,IMP_HFC152a,CO2e_HFC,2015,,,,,,,,,,,,,,,,,,0,,,,,,,,,,,,,,,,,,,,
BAU,0,,IMP_HFC152a,CO2e_HFC,2016,,,,,,,,,,,,,,,,,,0,,,,,,,,,,,,,,,,,,,,
BAU,0,,IMP_HFC152a,CO2e_HFC,2017,,,,,,,,,,,,,,,,,,0,,,,,,,,,,,,,,,,,,,,
BAU,0,,IMP_HFC152a,CO2e_HFC,2018,,,,,,,,,,,,,,,,,,0,,,,,,,,,,,,,,,,,,,,
BAU,0,,IMP_HFC152a,CO2e_HFC,2019,,,,,,,,,,,,,,,,,,0,,,,,,,,,,,,,,,,,,,,
BAU,0,,IMP_HFC152a,CO2e_HFC,2020,,,,,,,,,,,,,,,,,,0,,,,,,,,,,,,,,,,,,,,
BAU,0,,IMP_HFC152a,CO2e_HFC,2021,,,,,,,,,,,,,,,,,,0,,,,,,,,,,,,,,,,,,,,
BAU,0,,IMP_HFC152a,CO2e_HFC,2022,,,,,,,,,,,,,,,,,,0,,,,,,,,,,,,,,,,,,,,
BAU,0,,IMP_HFC152a,CO2e_HFC,2023,,,,,,,,,,,,,,,,,,0,,,,,,,,,,,,,,,,,,,,
BAU,0,,IMP_HFC152a,CO2e_HFC,2024,,,,,,,,,,,,,,,,,,0,,,,,,,,,,,,,,,,,,,,
BAU,0,,IMP_HFC152a,CO2e_HFC,2025,,,,,,,,,,,,,,,,,,0,,,,,,,,,,,,,,,,,,,,
BAU,0,,IMP_HFC152a,CO2e_HFC,2026,,,,,,,,,,,,,,,,,,0,,,,,,,,,,,,,,,,,,,,
BAU,0,,IMP_HFC152a,CO2e_HFC,2027,,,,,,,,,,,,,,,,,,0,,,,,,,,,,,,,,,,,,,,
BAU,0,,IMP_HFC152a,CO2e_HFC,2028,,,,,,,,,,,,,,,,,,0,,,,,,,,,,,,,,,,,,,,
BAU,0,,IMP_HFC152a,CO2e_HFC,2029,,,,,,,,,,,,,,,,,,0,,,,,,,,,,,,,,,,,,,,
BAU,0,,IMP_HFC152a,CO2e_HFC,2030,,,,,,,,,,,,,,,,,,0,,,,,,,,,,,,,,,,,,,,
BAU,0,,IMP_HFC152a,CO2e_HFC,2031,,,,,,,,,,,,,,,,,,0,,,,,,,,,,,,,,,,,,,,
BAU,0,,IMP_HFC152a,CO2e_HFC,2032,,,,,,,,,,,,,,,,,,0,,,,,,,,,,,,,,,,,,,,
BAU,0,,IMP_HFC152a,CO2e_HFC,2033,,,,,,,,,,,,,,,,,,0,,,,,,,,,,,,,,,,,,,,
BAU,0,,IMP_HFC152a,CO2e_HFC,2034,,,,,,,,,,,,,,,,,,0,,,,,,,,,,,,,,,,,,,,
BAU,0,,IMP_HFC152a,CO2e_HFC,2035,,,,,,,,,,,,,,,,,,0,,,,,,,,,,,,,,,,,,,,
BAU,0,,SODA_ASH,CO2e_IPPU,2010,,,,,,,,,,,,,,,,,,0,,,,,,,,,,,,,,,,,,,,
BAU,0,,SODA_ASH,CO2e_IPPU,2011,,,,,,,,,,,,,,,,,,0,,,,,,,,,,,,,,,,,,,,
BAU,0,,SODA_ASH,CO2e_IPPU,2012,,,,,,,,,,,,,,,,,,0,,,,,,,,,,,,,,,,,,,,
BAU,0,,SODA_ASH,CO2e_IPPU,2013,,,,,,,,,,,,,,,,,,0,,,,,,,,,,,,,,,,,,,,
BAU,0,,SODA_ASH,CO2e_IPPU,2014,,,,,,,,,,,,,,,,,,0,,,,,,,,,,,,,,,,,,,,
BAU,0,,SODA_ASH,CO2e_IPPU,2015,,,,,,,,,,,,,,,,,,0,,,,,,,,,,,,,,,,,,,,
BAU,0,,SODA_ASH,CO2e_IPPU,2016,,,,,,,,,,,,,,,,,,0,,,,,,,,,,,,,,,,,,,,
BAU,0,,SODA_ASH,CO2e_IPPU,2017,,,,,,,,,,,,,,,,,,0,,,,,,,,,,,,,,,,,,,,
BAU,0,,SODA_ASH,CO2e_IPPU,2018,,,,,,,,,,,,,,,,,,0,,,,,,,,,,,,,,,,,,,,
BAU,0,,SODA_ASH,CO2e_IPPU,2019,,,,,,,,,,,,,,,,,,0,,,,,,,,,,,,,,,,,,,,
BAU,0,,SODA_ASH,CO2e_IPPU,2020,,,,,,,,,,,,,,,,,,0,,,,,,,,,,,,,,,,,,,,
BAU,0,,SODA_ASH,CO2e_IPPU,2021,,,,,,,,,,,,,,,,,,0,,,,,,,,,,,,,,,,,,,,
BAU,0,,SODA_ASH,CO2e_IPPU,2022,,,,,,,,,,,,,,,,,,0,,,,,,,,,,,,,,,,,,,,
BAU,0,,SODA_ASH,CO2e_IPPU,2023,,,,,,,,,,,,,,,,,,0,,,,,,,,,,,,,,,,,,,,
BAU,0,,SODA_ASH,CO2e_IPPU,2024,,,,,,,,,,,,,,,,,,0,,,,,,,,,,,,,,,,,,,,
BAU,0,,SODA_ASH,CO2e_IPPU,2025,,,,,,,,,,,,,,,,,,0,,,,,,,,,,,,,,,,,,,,
BAU,0,,SODA_ASH,CO2e_IPPU,2026,,,,,,,,,,,,,,,,,,0,,,,,,,,,,,,,,,,,,,,
BAU,0,,SODA_ASH,CO2e_IPPU,2027,,,,,,,,,,,,,,,,,,0,,,,,,,,,,,,,,,,,,,,
BAU,0,,SODA_ASH,CO2e_IPPU,2028,,,,,,,,,,,,,,,,,,0,,,,,,,,,,,,,,,,,,,,
BAU,0,,SODA_ASH,CO2e_IPPU,2029,,,,,,,,,,,,,,,,,,0,,,,,,,,,,,,,,,,,,,,
BAU,0,,SODA_ASH,CO2e_IPPU,2030,,,,,,,,,,,,,,,,,,0,,,,,,,,,,,,,,,,,,,,
BAU,0,,SODA_ASH,CO2e_IPPU,2031,,,,,,,,,,,,,,,,,,0,,,,,,,,,,,,,,,,,,,,
BAU,0,,SODA_ASH,CO2e_IPPU,2032,,,,,,,,,,,,,,,,,,0,,,,,,,,,,,,,,,,,,,,
BAU,0,,SODA_ASH,CO2e_IPPU,2033,,,,,,,,,,,,,,,,,,0,,,,,,,,,,,,,,,,,,,,
BAU,0,,SODA_ASH,CO2e_IPPU,2034,,,,,,,,,,,,,,,,,,0,,,,,,,,,,,,,,,,,,,,
BAU,0,,SODA_ASH,CO2e_IPPU,2035,,,,,,,,,,,,,,,,,,0,,,,,,,,,,,,,,,,,,,,
BAU,0,,LUBRI,CO2e_IPPU,2010,,,,,,,,,,,,,,,,,,0,,,,,,,,,,,,,,,,,,,,
BAU,0,,LUBRI,CO2e_IPPU,2011,,,,,,,,,,,,,,,,,,0,,,,,,,,,,,,,,,,,,,,
BAU,0,,LUBRI,CO2e_IPPU,2012,,,,,,,,,,,,,,,,,,0,,,,,,,,,,,,,,,,,,,,
BAU,0,,LUBRI,CO2e_IPPU,2013,,,,,,,,,,,,,,,,,,0,,,,,,,,,,,,,,,,,,,,
BAU,0,,LUBRI,CO2e_IPPU,2014,,,,,,,,,,,,,,,,,,0,,,,,,,,,,,,,,,,,,,,
BAU,0,,LUBRI,CO2e_IPPU,2015,,,,,,,,,,,,,,,,,,0,,,,,,,,,,,,,,,,,,,,
BAU,0,,LUBRI,CO2e_IPPU,2016,,,,,,,,,,,,,,,,,,0,,,,,,,,,,,,,,,,,,,,
BAU,0,,LUBRI,CO2e_IPPU,2017,,,,,,,,,,,,,,,,,,0,,,,,,,,,,,,,,,,,,,,
BAU,0,,LUBRI,CO2e_IPPU,2018,,,,,,,,,,,,,,,,,,0,,,,,,,,,,,,,,,,,,,,
BAU,0,,LUBRI,CO2e_IPPU,2019,,,,,,,,,,,,,,,,,,0,,,,,,,,,,,,,,,,,,,,
BAU,0,,LUBRI,CO2e_IPPU,2020,,,,,,,,,,,,,,,,,,0,,,,,,,,,,,,,,,,,,,,
BAU,0,,LUBRI,CO2e_IPPU,2021,,,,,,,,,,,,,,,,,,0,,,,,,,,,,,,,,,,,,,,
BAU,0,,LUBRI,CO2e_IPPU,2022,,,,,,,,,,,,,,,,,,0,,,,,,,,,,,,,,,,,,,,
BAU,0,,LUBRI,CO2e_IPPU,2023,,,,,,,,,,,,,,,,,,0,,,,,,,,,,,,,,,,,,,,
BAU,0,,LUBRI,CO2e_IPPU,2024,,,,,,,,,,,,,,,,,,0,,,,,,,,,,,,,,,,,,,,
BAU,0,,LUBRI,CO2e_IPPU,2025,,,,,,,,,,,,,,,,,,0,,,,,,,,,,,,,,,,,,,,
BAU,0,,LUBRI,CO2e_IPPU,2026,,,,,,,,,,,,,,,,,,0,,,,,,,,,,,,,,,,,,,,
BAU,0,,LUBRI,CO2e_IPPU,2027,,,,,,,,,,,,,,,,,,0,,,,,,,,,,,,,,,,,,,,
BAU,0,,LUBRI,CO2e_IPPU,2028,,,,,,,,,,,,,,,,,,0,,,,,,,,,,,,,,,,,,,,
BAU,0,,LUBRI,CO2e_IPPU,2029,,,,,,,,,,,,,,,,,,0,,,,,,,,,,,,,,,,,,,,
BAU,0,,LUBRI,CO2e_IPPU,2030,,,,,,,,,,,,,,,,,,0,,,,,,,,,,,,,,,,,,,,
BAU,0,,LUBRI,CO2e_IPPU,2031,,,,,,,,,,,,,,,,,,0,,,,,,,,,,,,,,,,,,,,
BAU,0,,LUBRI,CO2e_IPPU,2032,,,,,,,,,,,,,,,,,,0,,,,,,,,,,,,,,,,,,,,
BAU,0,,LUBRI,CO2e_IPPU,2033,,,,,,,,,,,,,,,,,,0,,,,,,,,,,,,,,,,,,,,
BAU,0,,LUBRI,CO2e_IPPU,2034,,,,,,,,,,,,,,,,,,0,,,,,,,,,,,,,,,,,,,,
BAU,0,,LUBRI,CO2e_IPPU,2035,,,,,,,,,,,,,,,,,,0,,,,,,,,,,,,,,,,,,,,
BAU,0,E5IPPUHFC152a,,,2010,0,,,,,,,,,,,,,,,,,,,,,,,,,,,,,,,,,,,,,
BAU,0,E5IPPUHFC152a,,,2011,0,,,,,,,,,,,,,,,,,,,,,,,,,,,,,,,,,,,,,
BAU,0,E5IPPUHFC152a,,,2012,0,,,,,,,,,,,,,,,,,,,,,,,,,,,,,,,,,,,,,
BAU,0,E5IPPUHFC152a,,,2013,0,,,,,,,,,,,,,,,,,,,,,,,,,,,,,,,,,,,,,
BAU,0,E5IPPUHFC152a,,,2014,0,,,,,,,,,,,,,,,,,,,,,,,,,,,,,,,,,,,,,
BAU,0,E5IPPUHFC152a,,,2015,0,,,,,,,,,,,,,,,,,,,,,,,,,,,,,,,,,,,,,
BAU,0,E5IPPUHFC152a,,,2016,0,,,,,,,,,,,,,,,,,,,,,,,,,,,,,,,,,,,,,
BAU,0,E5IPPUHFC152a,,,2017,0,,,,,,,,,,,,,,,,,,,,,,,,,,,,,,,,,,,,,
BAU,0,E5IPPUHFC152a,,,2018,0,,,,,,,,,,,,,,,,,,,,,,,,,,,,,,,,,,,,,
BAU,0,E5IPPUHFC152a,,,2019,0,,,,,,,,,,,,,,,,,,,,,,,,,,,,,,,,,,,,,
BAU,0,E5IPPUHFC152a,,,2020,0,,,,,,,,,,,,,,,,,,,,,,,,,,,,,,,,,,,,,
BAU,0,E5IPPUHFC152a,,,2021,0,,,,,,,,,,,,,,,,,,,,,,,,,,,,,,,,,,,,,
BAU,0,E5IPPUHFC152a,,,2022,0,,,,,,,,,,,,,,,,,,,,,,,,,,,,,,,,,,,,,
BAU,0,E5IPPUHFC152a,,,2023,0,,,,,,,,,,,,,,,,,,,,,,,,,,,,,,,,,,,,,
BAU,0,E5IPPUHFC152a,,,2024,0,,,,,,,,,,,,,,,,,,,,,,,,,,,,,,,,,,,,,
BAU,0,E5IPPUHFC152a,,,2025,0,,,,,,,,,,,,,,,,,,,,,,,,,,,,,,,,,,,,,
BAU,0,E5IPPUHFC152a,,,2026,0,,,,,,,,,,,,,,,,,,,,,,,,,,,,,,,,,,,,,
BAU,0,E5IPPUHFC152a,,,2027,0,,,,,,,,,,,,,,,,,,,,,,,,,,,,,,,,,,,,,
BAU,0,E5IPPUHFC152a,,,2028,0,,,,,,,,,,,,,,,,,,,,,,,,,,,,,,,,,,,,,
BAU,0,E5IPPUHFC152a,,,2029,0,,,,,,,,,,,,,,,,,,,,,,,,,,,,,,,,,,,,,
BAU,0,E5IPPUHFC152a,,,2030,0,,,,,,,,,,,,,,,,,,,,,,,,,,,,,,,,,,,,,
BAU,0,E5IPPUHFC152a,,,2031,0,,,,,,,,,,,,,,,,,,,,,,,,,,,,,,,,,,,,,
BAU,0,E5IPPUHFC152a,,,2032,0,,,,,,,,,,,,,,,,,,,,,,,,,,,,,,,,,,,,,
BAU,0,E5IPPUHFC152a,,,2033,0,,,,,,,,,,,,,,,,,,,,,,,,,,,,,,,,,,,,,
BAU,0,E5IPPUHFC152a,,,2034,0,,,,,,,,,,,,,,,,,,,,,,,,,,,,,,,,,,,,,
BAU,0,E5IPPUHFC152a,,,2035,0,,,,,,,,,,,,,,,,,,,,,,,,,,,,,,,,,,,,,
BAU,0,E5IPPUSODA_ASH,,,2010,0,,,,,,,,,,,,,,,,,,,,,,,,,,,,,,,,,,,,,
BAU,0,E5IPPUSODA_ASH,,,2011,0,,,,,,,,,,,,,,,,,,,,,,,,,,,,,,,,,,,,,
BAU,0,E5IPPUSODA_ASH,,,2012,0,,,,,,,,,,,,,,,,,,,,,,,,,,,,,,,,,,,,,
BAU,0,E5IPPUSODA_ASH,,,2013,0,,,,,,,,,,,,,,,,,,,,,,,,,,,,,,,,,,,,,
BAU,0,E5IPPUSODA_ASH,,,2014,0,,,,,,,,,,,,,,,,,,,,,,,,,,,,,,,,,,,,,
BAU,0,E5IPPUSODA_ASH,,,2015,0,,,,,,,,,,,,,,,,,,,,,,,,,,,,,,,,,,,,,
BAU,0,E5IPPUSODA_ASH,,,2016,0,,,,,,,,,,,,,,,,,,,,,,,,,,,,,,,,,,,,,
BAU,0,E5IPPUSODA_ASH,,,2017,0,,,,,,,,,,,,,,,,,,,,,,,,,,,,,,,,,,,,,
BAU,0,E5IPPUSODA_ASH,,,2018,0,,,,,,,,,,,,,,,,,,,,,,,,,,,,,,,,,,,,,
BAU,0,E5IPPUSODA_ASH,,,2019,0,,,,,,,,,,,,,,,,,,,,,,,,,,,,,,,,,,,,,
BAU,0,E5IPPUSODA_ASH,,,2020,0,,,,,,,,,,,,,,,,,,,,,,,,,,,,,,,,,,,,,
BAU,0,E5IPPUSODA_ASH,,,2021,0,,,,,,,,,,,,,,,,,,,,,,,,,,,,,,,,,,,,,
BAU,0,E5IPPUSODA_ASH,,,2022,0,,,,,,,,,,,,,,,,,,,,,,,,,,,,,,,,,,,,,
BAU,0,E5IPPUSODA_ASH,,,2023,0,,,,,,,,,,,,,,,,,,,,,,,,,,,,,,,,,,,,,
BAU,0,E5IPPUSODA_ASH,,,2024,0,,,,,,,,,,,,,,,,,,,,,,,,,,,,,,,,,,,,,
BAU,0,E5IPPUSODA_ASH,,,2025,0,,,,,,,,,,,,,,,,,,,,,,,,,,,,,,,,,,,,,
BAU,0,E5IPPUSODA_ASH,,,2026,0,,,,,,,,,,,,,,,,,,,,,,,,,,,,,,,,,,,,,
BAU,0,E5IPPUSODA_ASH,,,2027,0,,,,,,,,,,,,,,,,,,,,,,,,,,,,,,,,,,,,,
BAU,0,E5IPPUSODA_ASH,,,2028,0,,,,,,,,,,,,,,,,,,,,,,,,,,,,,,,,,,,,,
BAU,0,E5IPPUSODA_ASH,,,2029,0,,,,,,,,,,,,,,,,,,,,,,,,,,,,,,,,,,,,,
BAU,0,E5IPPUSODA_ASH,,,2030,0,,,,,,,,,,,,,,,,,,,,,,,,,,,,,,,,,,,,,
BAU,0,E5IPPUSODA_ASH,,,2031,0,,,,,,,,,,,,,,,,,,,,,,,,,,,,,,,,,,,,,
BAU,0,E5IPPUSODA_ASH,,,2032,0,,,,,,,,,,,,,,,,,,,,,,,,,,,,,,,,,,,,,
BAU,0,E5IPPUSODA_ASH,,,2033,0,,,,,,,,,,,,,,,,,,,,,,,,,,,,,,,,,,,,,
BAU,0,E5IPPUSODA_ASH,,,2034,0,,,,,,,,,,,,,,,,,,,,,,,,,,,,,,,,,,,,,
BAU,0,E5IPPUSODA_ASH,,,2035,0,,,,,,,,,,,,,,,,,,,,,,,,,,,,,,,,,,,,,
BAU,0,E5IPPULUBRI,,,2010,0,,,,,,,,,,,,,,,,,,,,,,,,,,,,,,,,,,,,,
BAU,0,E5IPPULUBRI,,,2011,0,,,,,,,,,,,,,,,,,,,,,,,,,,,,,,,,,,,,,
BAU,0,E5IPPULUBRI,,,2012,0,,,,,,,,,,,,,,,,,,,,,,,,,,,,,,,,,,,,,
BAU,0,E5IPPULUBRI,,,2013,0,,,,,,,,,,,,,,,,,,,,,,,,,,,,,,,,,,,,,
BAU,0,E5IPPULUBRI,,,2014,0,,,,,,,,,,,,,,,,,,,,,,,,,,,,,,,,,,,,,
BAU,0,E5IPPULUBRI,,,2015,0,,,,,,,,,,,,,,,,,,,,,,,,,,,,,,,,,,,,,
BAU,0,E5IPPULUBRI,,,2016,0,,,,,,,,,,,,,,,,,,,,,,,,,,,,,,,,,,,,,
BAU,0,E5IPPULUBRI,,,2017,0,,,,,,,,,,,,,,,,,,,,,,,,,,,,,,,,,,,,,
BAU,0,E5IPPULUBRI,,,2018,0,,,,,,,,,,,,,,,,,,,,,,,,,,,,,,,,,,,,,
BAU,0,E5IPPULUBRI,,,2019,0,,,,,,,,,,,,,,,,,,,,,,,,,,,,,,,,,,,,,
BAU,0,E5IPPULUBRI,,,2020,0,,,,,,,,,,,,,,,,,,,,,,,,,,,,,,,,,,,,,
BAU,0,E5IPPULUBRI,,,2021,0,,,,,,,,,,,,,,,,,,,,,,,,,,,,,,,,,,,,,
BAU,0,E5IPPULUBRI,,,2022,0,,,,,,,,,,,,,,,,,,,,,,,,,,,,,,,,,,,,,
BAU,0,E5IPPULUBRI,,,2023,0,,,,,,,,,,,,,,,,,,,,,,,,,,,,,,,,,,,,,
BAU,0,E5IPPULUBRI,,,2024,0,,,,,,,,,,,,,,,,,,,,,,,,,,,,,,,,,,,,,
BAU,0,E5IPPULUBRI,,,2025,0,,,,,,,,,,,,,,,,,,,,,,,,,,,,,,,,,,,,,
BAU,0,E5IPPULUBRI,,,2026,0,,,,,,,,,,,,,,,,,,,,,,,,,,,,,,,,,,,,,
BAU,0,E5IPPULUBRI,,,2027,0,,,,,,,,,,,,,,,,,,,,,,,,,,,,,,,,,,,,,
BAU,0,E5IPPULUBRI,,,2028,0,,,,,,,,,,,,,,,,,,,,,,,,,,,,,,,,,,,,,
BAU,0,E5IPPULUBRI,,,2029,0,,,,,,,,,,,,,,,,,,,,,,,,,,,,,,,,,,,,,
BAU,0,E5IPPULUBRI,,,2030,0,,,,,,,,,,,,,,,,,,,,,,,,,,,,,,,,,,,,,
BAU,0,E5IPPULUBRI,,,2031,0,,,,,,,,,,,,,,,,,,,,,,,,,,,,,,,,,,,,,
BAU,0,E5IPPULUBRI,,,2032,0,,,,,,,,,,,,,,,,,,,,,,,,,,,,,,,,,,,,,
BAU,0,E5IPPULUBRI,,,2033,0,,,,,,,,,,,,,,,,,,,,,,,,,,,,,,,,,,,,,
BAU,0,E5IPPULUBRI,,,2034,0,,,,,,,,,,,,,,,,,,,,,,,,,,,,,,,,,,,,,
BAU,0,E5IPPULUBRI,,,2035,0,,,,,,,,,,,,,,,,,,,,,,,,,,,,,,,,,,,,,
BAU,0,E5IPPUPARAFFIN,,,2010,0,,,,,,,,,,,,,,,,,,,,,,,,,,,,,,,,,,,,,
BAU,0,E5IPPUPARAFFIN,,,2011,0,,,,,,,,,,,,,,,,,,,,,,,,,,,,,,,,,,,,,
BAU,0,E5IPPUPARAFFIN,,,2012,0,,,,,,,,,,,,,,,,,,,,,,,,,,,,,,,,,,,,,
BAU,0,E5IPPUPARAFFIN,,,2013,0,,,,,,,,,,,,,,,,,,,,,,,,,,,,,,,,,,,,,
BAU,0,E5IPPUPARAFFIN,,,2014,0,,,,,,,,,,,,,,,,,,,,,,,,,,,,,,,,,,,,,
BAU,0,E5IPPUPARAFFIN,,,2015,0,,,,,,,,,,,,,,,,,,,,,,,,,,,,,,,,,,,,,
BAU,0,E5IPPUPARAFFIN,,,2016,0,,,,,,,,,,,,,,,,,,,,,,,,,,,,,,,,,,,,,
BAU,0,E5IPPUPARAFFIN,,,2017,0,,,,,,,,,,,,,,,,,,,,,,,,,,,,,,,,,,,,,
BAU,0,E5IPPUPARAFFIN,,,2018,0,,,,,,,,,,,,,,,,,,,,,,,,,,,,,,,,,,,,,
BAU,0,E5IPPUPARAFFIN,,,2019,0,,,,,,,,,,,,,,,,,,,,,,,,,,,,,,,,,,,,,
BAU,0,E5IPPUPARAFFIN,,,2020,0,,,,,,,,,,,,,,,,,,,,,,,,,,,,,,,,,,,,,
BAU,0,E5IPPUPARAFFIN,,,2021,0,,,,,,,,,,,,,,,,,,,,,,,,,,,,,,,,,,,,,
BAU,0,E5IPPUPARAFFIN,,,2022,0,,,,,,,,,,,,,,,,,,,,,,,,,,,,,,,,,,,,,
BAU,0,E5IPPUPARAFFIN,,,2023,0,,,,,,,,,,,,,,,,,,,,,,,,,,,,,,,,,,,,,
BAU,0,E5IPPUPARAFFIN,,,2024,0,,,,,,,,,,,,,,,,,,,,,,,,,,,,,,,,,,,,,
BAU,0,E5IPPUPARAFFIN,,,2025,0,,,,,,,,,,,,,,,,,,,,,,,,,,,,,,,,,,,,,
BAU,0,E5IPPUPARAFFIN,,,2026,0,,,,,,,,,,,,,,,,,,,,,,,,,,,,,,,,,,,,,
BAU,0,E5IPPUPARAFFIN,,,2027,0,,,,,,,,,,,,,,,,,,,,,,,,,,,,,,,,,,,,,
BAU,0,E5IPPUPARAFFIN,,,2028,0,,,,,,,,,,,,,,,,,,,,,,,,,,,,,,,,,,,,,
BAU,0,E5IPPUPARAFFIN,,,2029,0,,,,,,,,,,,,,,,,,,,,,,,,,,,,,,,,,,,,,
BAU,0,E5IPPUPARAFFIN,,,2030,0,,,,,,,,,,,,,,,,,,,,,,,,,,,,,,,,,,,,,
BAU,0,E5IPPUPARAFFIN,,,2031,0,,,,,,,,,,,,,,,,,,,,,,,,,,,,,,,,,,,,,
BAU,0,E5IPPUPARAFFIN,,,2032,0,,,,,,,,,,,,,,,,,,,,,,,,,,,,,,,,,,,,,
BAU,0,E5IPPUPARAFFIN,,,2033,0,,,,,,,,,,,,,,,,,,,,,,,,,,,,,,,,,,,,,
BAU,0,E5IPPUPARAFFIN,,,2034,0,,,,,,,,,,,,,,,,,,,,,,,,,,,,,,,,,,,,,
BAU,0,E5IPPUPARAFFIN,,,2035,0,,,,,,,,,,,,,,,,,,,,,,,,,,,,,,,,,,,,,
BAU,0,HFC23,IMP_HFC23,,2010,,,,,,0,,,,,,,,,,,,,,,,,,,,,,,,,,,,,,,,
BAU,0,HFC23,IMP_HFC23,,2011,,,,,,0,,,,,,,,,,,,,,,,,,,,,,,,,,,,,,,,
BAU,0,HFC23,IMP_HFC23,,2012,,,,,,0,,,,,,,,,,,,,,,,,,,,,,,,,,,,,,,,
BAU,0,HFC23,IMP_HFC23,,2013,,,,,,0,,,,,,,,,,,,,,,,,,,,,,,,,,,,,,,,
BAU,0,HFC23,IMP_HFC23,,2014,,,,,,0,,,,,,,,,,,,,,,,,,,,,,,,,,,,,,,,
BAU,0,HFC23,IMP_HFC23,,2015,,,,,,0,,,,,,,,,,,,,,,,,,,,,,,,,,,,,,,,
BAU,0,HFC23,IMP_HFC23,,2016,,,,,,0,,,,,,,,,,,,,,,,,,,,,,,,,,,,,,,,
BAU,0,HFC23,IMP_HFC23,,2017,,,,,,0,,,,,,,,,,,,,,,,,,,,,,,,,,,,,,,,
BAU,0,HFC23,IMP_HFC23,,2018,,,,,,0,,,,,,,,,,,,,,,,,,,,,,,,,,,,,,,,
BAU,0,HFC23,IMP_HFC23,,2019,,,,,,0,,,,,,,,,,,,,,,,,,,,,,,,,,,,,,,,
BAU,0,HFC23,IMP_HFC23,,2020,,,,,,0,,,,,,,,,,,,,,,,,,,,,,,,,,,,,,,,
BAU,0,HFC23,IMP_HFC23,,2021,,,,,,0,,,,,,,,,,,,,,,,,,,,,,,,,,,,,,,,
BAU,0,HFC23,IMP_HFC23,,2022,,,,,,0,,,,,,,,,,,,,,,,,,,,,,,,,,,,,,,,
BAU,0,HFC23,IMP_HFC23,,2023,,,,,,0,,,,,,,,,,,,,,,,,,,,,,,,,,,,,,,,
BAU,0,HFC23,IMP_HFC23,,2024,,,,,,0,,,,,,,,,,,,,,,,,,,,,,,,,,,,,,,,
BAU,0,HFC23,IMP_HFC23,,2025,,,,,,0,,,,,,,,,,,,,,,,,,,,,,,,,,,,,,,,
BAU,0,HFC23,IMP_HFC23,,2026,,,,,,0,,,,,,,,,,,,,,,,,,,,,,,,,,,,,,,,
BAU,0,HFC23,IMP_HFC23,,2027,,,,,,0,,,,,,,,,,,,,,,,,,,,,,,,,,,,,,,,
BAU,0,HFC23,IMP_HFC23,,2028,,,,,,0,,,,,,,,,,,,,,,,,,,,,,,,,,,,,,,,
BAU,0,HFC23,IMP_HFC23,,2029,,,,,,0,,,,,,,,,,,,,,,,,,,,,,,,,,,,,,,,
BAU,0,HFC23,IMP_HFC23,,2030,,,,,,0,,,,,,,,,,,,,,,,,,,,,,,,,,,,,,,,
BAU,0,HFC23,IMP_HFC23,,2031,,,,,,0,,,,,,,,,,,,,,,,,,,,,,,,,,,,,,,,
BAU,0,HFC23,IMP_HFC23,,2032,,,,,,0,,,,,,,,,,,,,,,,,,,,,,,,,,,,,,,,
BAU,0,HFC23,IMP_HFC23,,2033,,,,,,0,,,,,,,,,,,,,,,,,,,,,,,,,,,,,,,,
BAU,0,HFC23,IMP_HFC23,,2034,,,,,,0,,,,,,,,,,,,,,,,,,,,,,,,,,,,,,,,
BAU,0,HFC23,IMP_HFC23,,2035,,,,,,0,,,,,,,,,,,,,,,,,,,,,,,,,,,,,,,,
BAU,0,HFC152a,IMP_HFC152a,,2010,,,,,,0,,,,,,,,,,,,,,,,,,,,,,,,,,,,,,,,
BAU,0,HFC152a,IMP_HFC152a,,2011,,,,,,0,,,,,,,,,,,,,,,,,,,,,,,,,,,,,,,,
BAU,0,HFC152a,IMP_HFC152a,,2012,,,,,,0,,,,,,,,,,,,,,,,,,,,,,,,,,,,,,,,
BAU,0,HFC152a,IMP_HFC152a,,2013,,,,,,0,,,,,,,,,,,,,,,,,,,,,,,,,,,,,,,,
BAU,0,HFC152a,IMP_HFC152a,,2014,,,,,,0,,,,,,,,,,,,,,,,,,,,,,,,,,,,,,,,
BAU,0,HFC152a,IMP_HFC152a,,2015,,,,,,0,,,,,,,,,,,,,,,,,,,,,,,,,,,,,,,,
BAU,0,HFC152a,IMP_HFC152a,,2016,,,,,,0,,,,,,,,,,,,,,,,,,,,,,,,,,,,,,,,
BAU,0,HFC152a,IMP_HFC152a,,2017,,,,,,0,,,,,,,,,,,,,,,,,,,,,,,,,,,,,,,,
BAU,0,HFC152a,IMP_HFC152a,,2018,,,,,,0,,,,,,,,,,,,,,,,,,,,,,,,,,,,,,,,
BAU,0,HFC152a,IMP_HFC152a,,2019,,,,,,0,,,,,,,,,,,,,,,,,,,,,,,,,,,,,,,,
BAU,0,HFC152a,IMP_HFC152a,,2020,,,,,,0,,,,,,,,,,,,,,,,,,,,,,,,,,,,,,,,
BAU,0,HFC152a,IMP_HFC152a,,2021,,,,,,0,,,,,,,,,,,,,,,,,,,,,,,,,,,,,,,,
BAU,0,HFC152a,IMP_HFC152a,,2022,,,,,,0,,,,,,,,,,,,,,,,,,,,,,,,,,,,,,,,
BAU,0,HFC152a,IMP_HFC152a,,2023,,,,,,0,,,,,,,,,,,,,,,,,,,,,,,,,,,,,,,,
BAU,0,HFC152a,IMP_HFC152a,,2024,,,,,,0,,,,,,,,,,,,,,,,,,,,,,,,,,,,,,,,
BAU,0,HFC152a,IMP_HFC152a,,2025,,,,,,0,,,,,,,,,,,,,,,,,,,,,,,,,,,,,,,,
BAU,0,HFC152a,IMP_HFC152a,,2026,,,,,,0,,,,,,,,,,,,,,,,,,,,,,,,,,,,,,,,
BAU,0,HFC152a,IMP_HFC152a,,2027,,,,,,0,,,,,,,,,,,,,,,,,,,,,,,,,,,,,,,,
BAU,0,HFC152a,IMP_HFC152a,,2028,,,,,,0,,,,,,,,,,,,,,,,,,,,,,,,,,,,,,,,
BAU,0,HFC152a,IMP_HFC152a,,2029,,,,,,0,,,,,,,,,,,,,,,,,,,,,,,,,,,,,,,,
BAU,0,HFC152a,IMP_HFC152a,,2030,,,,,,0,,,,,,,,,,,,,,,,,,,,,,,,,,,,,,,,
BAU,0,HFC152a,IMP_HFC152a,,2031,,,,,,0,,,,,,,,,,,,,,,,,,,,,,,,,,,,,,,,
BAU,0,HFC152a,IMP_HFC152a,,2032,,,,,,0,,,,,,,,,,,,,,,,,,,,,,,,,,,,,,,,
BAU,0,HFC152a,IMP_HFC152a,,2033,,,,,,0,,,,,,,,,,,,,,,,,,,,,,,,,,,,,,,,
BAU,0,HFC152a,IMP_HFC152a,,2034,,,,,,0,,,,,,,,,,,,,,,,,,,,,,,,,,,,,,,,
BAU,0,HFC152a,IMP_HFC152a,,2035,,,,,,0,,,,,,,,,,,,,,,,,,,,,,,,,,,,,,,,
BAU,0,E5IPPUHFC23,T5HFC23IPPU,,2010,,,,,,0,,,,,,,,,,,,,,,,,,,,,,,,,,,,,,,,
BAU,0,E5IPPUHFC23,T5HFC23IPPU,,2011,,,,,,0,,,,,,,,,,,,,,,,,,,,,,,,,,,,,,,,
BAU,0,E5IPPUHFC23,T5HFC23IPPU,,2012,,,,,,0,,,,,,,,,,,,,,,,,,,,,,,,,,,,,,,,
BAU,0,E5IPPUHFC23,T5HFC23IPPU,,2013,,,,,,0,,,,,,,,,,,,,,,,,,,,,,,,,,,,,,,,
BAU,0,E5IPPUHFC23,T5HFC23IPPU,,2014,,,,,,0,,,,,,,,,,,,,,,,,,,,,,,,,,,,,,,,
BAU,0,E5IPPUHFC23,T5HFC23IPPU,,2015,,,,,,0,,,,,,,,,,,,,,,,,,,,,,,,,,,,,,,,
BAU,0,E5IPPUHFC23,T5HFC23IPPU,,2016,,,,,,0,,,,,,,,,,,,,,,,,,,,,,,,,,,,,,,,
BAU,0,E5IPPUHFC23,T5HFC23IPPU,,2017,,,,,,0,,,,,,,,,,,,,,,,,,,,,,,,,,,,,,,,
BAU,0,E5IPPUHFC23,T5HFC23IPPU,,2018,,,,,,0,,,,,,,,,,,,,,,,,,,,,,,,,,,,,,,,
BAU,0,E5IPPUHFC23,T5HFC23IPPU,,2019,,,,,,0,,,,,,,,,,,,,,,,,,,,,,,,,,,,,,,,
BAU,0,E5IPPUHFC23,T5HFC23IPPU,,2020,,,,,,0,,,,,,,,,,,,,,,,,,,,,,,,,,,,,,,,
BAU,0,E5IPPUHFC23,T5HFC23IPPU,,2021,,,,,,0,,,,,,,,,,,,,,,,,,,,,,,,,,,,,,,,
BAU,0,E5IPPUHFC23,T5HFC23IPPU,,2022,,,,,,0,,,,,,,,,,,,,,,,,,,,,,,,,,,,,,,,
BAU,0,E5IPPUHFC23,T5HFC23IPPU,,2023,,,,,,0,,,,,,,,,,,,,,,,,,,,,,,,,,,,,,,,
BAU,0,E5IPPUHFC23,T5HFC23IPPU,,2024,,,,,,0,,,,,,,,,,,,,,,,,,,,,,,,,,,,,,,,
BAU,0,E5IPPUHFC23,T5HFC23IPPU,,2025,,,,,,0,,,,,,,,,,,,,,,,,,,,,,,,,,,,,,,,
BAU,0,E5IPPUHFC23,T5HFC23IPPU,,2026,,,,,,0,,,,,,,,,,,,,,,,,,,,,,,,,,,,,,,,
BAU,0,E5IPPUHFC23,T5HFC23IPPU,,2027,,,,,,0,,,,,,,,,,,,,,,,,,,,,,,,,,,,,,,,
BAU,0,E5IPPUHFC23,T5HFC23IPPU,,2028,,,,,,0,,,,,,,,,,,,,,,,,,,,,,,,,,,,,,,,
BAU,0,E5IPPUHFC23,T5HFC23IPPU,,2029,,,,,,0,,,,,,,,,,,,,,,,,,,,,,,,,,,,,,,,
BAU,0,E5IPPUHFC23,T5HFC23IPPU,,2030,,,,,,0,,,,,,,,,,,,,,,,,,,,,,,,,,,,,,,,
BAU,0,E5IPPUHFC23,T5HFC23IPPU,,2031,,,,,,0,,,,,,,,,,,,,,,,,,,,,,,,,,,,,,,,
BAU,0,E5IPPUHFC23,T5HFC23IPPU,,2032,,,,,,0,,,,,,,,,,,,,,,,,,,,,,,,,,,,,,,,
BAU,0,E5IPPUHFC23,T5HFC23IPPU,,2033,,,,,,0,,,,,,,,,,,,,,,,,,,,,,,,,,,,,,,,
BAU,0,E5IPPUHFC23,T5HFC23IPPU,,2034,,,,,,0,,,,,,,,,,,,,,,,,,,,,,,,,,,,,,,,
BAU,0,E5IPPUHFC23,T5HFC23IPPU,,2035,,,,,,0,,,,,,,,,,,,,,,,,,,,,,,,,,,,,,,,
BAU,0,E5IPPUHFC152a,T5HFC152aIPPU,,2010,,,,,,0,,,,,,,,,,,,,,,,,,,,,,,,,,,,,,,,
BAU,0,E5IPPUHFC152a,T5HFC152aIPPU,,2011,,,,,,0,,,,,,,,,,,,,,,,,,,,,,,,,,,,,,,,
BAU,0,E5IPPUHFC152a,T5HFC152aIPPU,,2012,,,,,,0,,,,,,,,,,,,,,,,,,,,,,,,,,,,,,,,
BAU,0,E5IPPUHFC152a,T5HFC152aIPPU,,2013,,,,,,0,,,,,,,,,,,,,,,,,,,,,,,,,,,,,,,,
BAU,0,E5IPPUHFC152a,T5HFC152aIPPU,,2014,,,,,,0,,,,,,,,,,,,,,,,,,,,,,,,,,,,,,,,
BAU,0,E5IPPUHFC152a,T5HFC152aIPPU,,2015,,,,,,0,,,,,,,,,,,,,,,,,,,,,,,,,,,,,,,,
BAU,0,E5IPPUHFC152a,T5HFC152aIPPU,,2016,,,,,,0,,,,,,,,,,,,,,,,,,,,,,,,,,,,,,,,
BAU,0,E5IPPUHFC152a,T5HFC152aIPPU,,2017,,,,,,0,,,,,,,,,,,,,,,,,,,,,,,,,,,,,,,,
BAU,0,E5IPPUHFC152a,T5HFC152aIPPU,,2018,,,,,,0,,,,,,,,,,,,,,,,,,,,,,,,,,,,,,,,
BAU,0,E5IPPUHFC152a,T5HFC152aIPPU,,2019,,,,,,0,,,,,,,,,,,,,,,,,,,,,,,,,,,,,,,,
BAU,0,E5IPPUHFC152a,T5HFC152aIPPU,,2020,,,,,,0,,,,,,,,,,,,,,,,,,,,,,,,,,,,,,,,
BAU,0,E5IPPUHFC152a,T5HFC152aIPPU,,2021,,,,,,0,,,,,,,,,,,,,,,,,,,,,,,,,,,,,,,,
BAU,0,E5IPPUHFC152a,T5HFC152aIPPU,,2022,,,,,,0,,,,,,,,,,,,,,,,,,,,,,,,,,,,,,,,
BAU,0,E5IPPUHFC152a,T5HFC152aIPPU,,2023,,,,,,0,,,,,,,,,,,,,,,,,,,,,,,,,,,,,,,,
BAU,0,E5IPPUHFC152a,T5HFC152aIPPU,,2024,,,,,,0,,,,,,,,,,,,,,,,,,,,,,,,,,,,,,,,
BAU,0,E5IPPUHFC152a,T5HFC152aIPPU,,2025,,,,,,0,,,,,,,,,,,,,,,,,,,,,,,,,,,,,,,,
BAU,0,E5IPPUHFC152a,T5HFC152aIPPU,,2026,,,,,,0,,,,,,,,,,,,,,,,,,,,,,,,,,,,,,,,
BAU,0,E5IPPUHFC152a,T5HFC152aIPPU,,2027,,,,,,0,,,,,,,,,,,,,,,,,,,,,,,,,,,,,,,,
BAU,0,E5IPPUHFC152a,T5HFC152aIPPU,,2028,,,,,,0,,,,,,,,,,,,,,,,,,,,,,,,,,,,,,,,
BAU,0,E5IPPUHFC152a,T5HFC152aIPPU,,2029,,,,,,0,,,,,,,,,,,,,,,,,,,,,,,,,,,,,,,,
BAU,0,E5IPPUHFC152a,T5HFC152aIPPU,,2030,,,,,,0,,,,,,,,,,,,,,,,,,,,,,,,,,,,,,,,
BAU,0,E5IPPUHFC152a,T5HFC152aIPPU,,2031,,,,,,0,,,,,,,,,,,,,,,,,,,,,,,,,,,,,,,,
BAU,0,E5IPPUHFC152a,T5HFC152aIPPU,,2032,,,,,,0,,,,,,,,,,,,,,,,,,,,,,,,,,,,,,,,
BAU,0,E5IPPUHFC152a,T5HFC152aIPPU,,2033,,,,,,0,,,,,,,,,,,,,,,,,,,,,,,,,,,,,,,,
BAU,0,E5IPPUHFC152a,T5HFC152aIPPU,,2034,,,,,,0,,,,,,,,,,,,,,,,,,,,,,,,,,,,,,,,
BAU,0,E5IPPUHFC152a,T5HFC152aIPPU,,2035,,,,,,0,,,,,,,,,,,,,,,,,,,,,,,,,,,,,,,,
BAU,0,SODA_ASH,SODA_ASH,,2010,,,,,,0,,,,,,,,,,,,,,,,,,,,,,,,,,,,,,,,
BAU,0,SODA_ASH,SODA_ASH,,2011,,,,,,0,,,,,,,,,,,,,,,,,,,,,,,,,,,,,,,,
BAU,0,SODA_ASH,SODA_ASH,,2012,,,,,,0,,,,,,,,,,,,,,,,,,,,,,,,,,,,,,,,
BAU,0,SODA_ASH,SODA_ASH,,2013,,,,,,0,,,,,,,,,,,,,,,,,,,,,,,,,,,,,,,,
BAU,0,SODA_ASH,SODA_ASH,,2014,,,,,,0,,,,,,,,,,,,,,,,,,,,,,,,,,,,,,,,
BAU,0,SODA_ASH,SODA_ASH,,2015,,,,,,0,,,,,,,,,,,,,,,,,,,,,,,,,,,,,,,,
BAU,0,SODA_ASH,SODA_ASH,,2016,,,,,,0,,,,,,,,,,,,,,,,,,,,,,,,,,,,,,,,
BAU,0,SODA_ASH,SODA_ASH,,2017,,,,,,0,,,,,,,,,,,,,,,,,,,,,,,,,,,,,,,,
BAU,0,SODA_ASH,SODA_ASH,,2018,,,,,,0,,,,,,,,,,,,,,,,,,,,,,,,,,,,,,,,
BAU,0,SODA_ASH,SODA_ASH,,2019,,,,,,0,,,,,,,,,,,,,,,,,,,,,,,,,,,,,,,,
BAU,0,SODA_ASH,SODA_ASH,,2020,,,,,,0,,,,,,,,,,,,,,,,,,,,,,,,,,,,,,,,
BAU,0,SODA_ASH,SODA_ASH,,2021,,,,,,0,,,,,,,,,,,,,,,,,,,,,,,,,,,,,,,,
BAU,0,SODA_ASH,SODA_ASH,,2022,,,,,,0,,,,,,,,,,,,,,,,,,,,,,,,,,,,,,,,
BAU,0,SODA_ASH,SODA_ASH,,2023,,,,,,0,,,,,,,,,,,,,,,,,,,,,,,,,,,,,,,,
BAU,0,SODA_ASH,SODA_ASH,,2024,,,,,,0,,,,,,,,,,,,,,,,,,,,,,,,,,,,,,,,
BAU,0,SODA_ASH,SODA_ASH,,2025,,,,,,0,,,,,,,,,,,,,,,,,,,,,,,,,,,,,,,,
BAU,0,SODA_ASH,SODA_ASH,,2026,,,,,,0,,,,,,,,,,,,,,,,,,,,,,,,,,,,,,,,
BAU,0,SODA_ASH,SODA_ASH,,2027,,,,,,0,,,,,,,,,,,,,,,,,,,,,,,,,,,,,,,,
BAU,0,SODA_ASH,SODA_ASH,,2028,,,,,,0,,,,,,,,,,,,,,,,,,,,,,,,,,,,,,,,
BAU,0,SODA_ASH,SODA_ASH,,2029,,,,,,0,,,,,,,,,,,,,,,,,,,,,,,,,,,,,,,,
BAU,0,SODA_ASH,SODA_ASH,,2030,,,,,,0,,,,,,,,,,,,,,,,,,,,,,,,,,,,,,,,
BAU,0,SODA_ASH,SODA_ASH,,2031,,,,,,0,,,,,,,,,,,,,,,,,,,,,,,,,,,,,,,,
BAU,0,SODA_ASH,SODA_ASH,,2032,,,,,,0,,,,,,,,,,,,,,,,,,,,,,,,,,,,,,,,
BAU,0,SODA_ASH,SODA_ASH,,2033,,,,,,0,,,,,,,,,,,,,,,,,,,,,,,,,,,,,,,,
BAU,0,SODA_ASH,SODA_ASH,,2034,,,,,,0,,,,,,,,,,,,,,,,,,,,,,,,,,,,,,,,
BAU,0,SODA_ASH,SODA_ASH,,2035,,,,,,0,,,,,,,,,,,,,,,,,,,,,,,,,,,,,,,,
BAU,0,LUBRI,LUBRI,,2010,,,,,,0,,,,,,,,,,,,,,,,,,,,,,,,,,,,,,,,
BAU,0,LUBRI,LUBRI,,2011,,,,,,0,,,,,,,,,,,,,,,,,,,,,,,,,,,,,,,,
BAU,0,LUBRI,LUBRI,,2012,,,,,,0,,,,,,,,,,,,,,,,,,,,,,,,,,,,,,,,
BAU,0,LUBRI,LUBRI,,2013,,,,,,0,,,,,,,,,,,,,,,,,,,,,,,,,,,,,,,,
BAU,0,LUBRI,LUBRI,,2014,,,,,,0,,,,,,,,,,,,,,,,,,,,,,,,,,,,,,,,
BAU,0,LUBRI,LUBRI,,2015,,,,,,0,,,,,,,,,,,,,,,,,,,,,,,,,,,,,,,,
BAU,0,LUBRI,LUBRI,,2016,,,,,,0,,,,,,,,,,,,,,,,,,,,,,,,,,,,,,,,
BAU,0,LUBRI,LUBRI,,2017,,,,,,0,,,,,,,,,,,,,,,,,,,,,,,,,,,,,,,,
BAU,0,LUBRI,LUBRI,,2018,,,,,,0,,,,,,,,,,,,,,,,,,,,,,,,,,,,,,,,
BAU,0,LUBRI,LUBRI,,2019,,,,,,0,,,,,,,,,,,,,,,,,,,,,,,,,,,,,,,,
BAU,0,LUBRI,LUBRI,,2020,,,,,,0,,,,,,,,,,,,,,,,,,,,,,,,,,,,,,,,
BAU,0,LUBRI,LUBRI,,2021,,,,,,0,,,,,,,,,,,,,,,,,,,,,,,,,,,,,,,,
BAU,0,LUBRI,LUBRI,,2022,,,,,,0,,,,,,,,,,,,,,,,,,,,,,,,,,,,,,,,
BAU,0,LUBRI,LUBRI,,2023,,,,,,0,,,,,,,,,,,,,,,,,,,,,,,,,,,,,,,,
BAU,0,LUBRI,LUBRI,,2024,,,,,,0,,,,,,,,,,,,,,,,,,,,,,,,,,,,,,,,
BAU,0,LUBRI,LUBRI,,2025,,,,,,0,,,,,,,,,,,,,,,,,,,,,,,,,,,,,,,,
BAU,0,LUBRI,LUBRI,,2026,,,,,,0,,,,,,,,,,,,,,,,,,,,,,,,,,,,,,,,
BAU,0,LUBRI,LUBRI,,2027,,,,,,0,,,,,,,,,,,,,,,,,,,,,,,,,,,,,,,,
BAU,0,LUBRI,LUBRI,,2028,,,,,,0,,,,,,,,,,,,,,,,,,,,,,,,,,,,,,,,
BAU,0,LUBRI,LUBRI,,2029,,,,,,0,,,,,,,,,,,,,,,,,,,,,,,,,,,,,,,,
BAU,0,LUBRI,LUBRI,,2030,,,,,,0,,,,,,,,,,,,,,,,,,,,,,,,,,,,,,,,
BAU,0,LUBRI,LUBRI,,2031,,,,,,0,,,,,,,,,,,,,,,,,,,,,,,,,,,,,,,,
BAU,0,LUBRI,LUBRI,,2032,,,,,,0,,,,,,,,,,,,,,,,,,,,,,,,,,,,,,,,
BAU,0,LUBRI,LUBRI,,2033,,,,,,0,,,,,,,,,,,,,,,,,,,,,,,,,,,,,,,,
BAU,0,LUBRI,LUBRI,,2034,,,,,,0,,,,,,,,,,,,,,,,,,,,,,,,,,,,,,,,
BAU,0,LUBRI,LUBRI,,2035,,,,,,0,,,,,,,,,,,,,,,,,,,,,,,,,,,,,,,,
BAU,0,E5IPPUSODA_ASH,T5SODA_ASHIPPU,,2010,,,,,,0,,,,,,,,,,,,,,,,,,,,,,,,,,,,,,,,
BAU,0,E5IPPUSODA_ASH,T5SODA_ASHIPPU,,2011,,,,,,0,,,,,,,,,,,,,,,,,,,,,,,,,,,,,,,,
BAU,0,E5IPPUSODA_ASH,T5SODA_ASHIPPU,,2012,,,,,,0,,,,,,,,,,,,,,,,,,,,,,,,,,,,,,,,
BAU,0,E5IPPUSODA_ASH,T5SODA_ASHIPPU,,2013,,,,,,0,,,,,,,,,,,,,,,,,,,,,,,,,,,,,,,,
BAU,0,E5IPPUSODA_ASH,T5SODA_ASHIPPU,,2014,,,,,,0,,,,,,,,,,,,,,,,,,,,,,,,,,,,,,,,
BAU,0,E5IPPUSODA_ASH,T5SODA_ASHIPPU,,2015,,,,,,0,,,,,,,,,,,,,,,,,,,,,,,,,,,,,,,,
BAU,0,E5IPPUSODA_ASH,T5SODA_ASHIPPU,,2016,,,,,,0,,,,,,,,,,,,,,,,,,,,,,,,,,,,,,,,
BAU,0,E5IPPUSODA_ASH,T5SODA_ASHIPPU,,2017,,,,,,0,,,,,,,,,,,,,,,,,,,,,,,,,,,,,,,,
BAU,0,E5IPPUSODA_ASH,T5SODA_ASHIPPU,,2018,,,,,,0,,,,,,,,,,,,,,,,,,,,,,,,,,,,,,,,
BAU,0,E5IPPUSODA_ASH,T5SODA_ASHIPPU,,2019,,,,,,0,,,,,,,,,,,,,,,,,,,,,,,,,,,,,,,,
BAU,0,E5IPPUSODA_ASH,T5SODA_ASHIPPU,,2020,,,,,,0,,,,,,,,,,,,,,,,,,,,,,,,,,,,,,,,
BAU,0,E5IPPUSODA_ASH,T5SODA_ASHIPPU,,2021,,,,,,0,,,,,,,,,,,,,,,,,,,,,,,,,,,,,,,,
BAU,0,E5IPPUSODA_ASH,T5SODA_ASHIPPU,,2022,,,,,,0,,,,,,,,,,,,,,,,,,,,,,,,,,,,,,,,
BAU,0,E5IPPUSODA_ASH,T5SODA_ASHIPPU,,2023,,,,,,0,,,,,,,,,,,,,,,,,,,,,,,,,,,,,,,,
BAU,0,E5IPPUSODA_ASH,T5SODA_ASHIPPU,,2024,,,,,,0,,,,,,,,,,,,,,,,,,,,,,,,,,,,,,,,
BAU,0,E5IPPUSODA_ASH,T5SODA_ASHIPPU,,2025,,,,,,0,,,,,,,,,,,,,,,,,,,,,,,,,,,,,,,,
BAU,0,E5IPPUSODA_ASH,T5SODA_ASHIPPU,,2026,,,,,,0,,,,,,,,,,,,,,,,,,,,,,,,,,,,,,,,
BAU,0,E5IPPUSODA_ASH,T5SODA_ASHIPPU,,2027,,,,,,0,,,,,,,,,,,,,,,,,,,,,,,,,,,,,,,,
BAU,0,E5IPPUSODA_ASH,T5SODA_ASHIPPU,,2028,,,,,,0,,,,,,,,,,,,,,,,,,,,,,,,,,,,,,,,
BAU,0,E5IPPUSODA_ASH,T5SODA_ASHIPPU,,2029,,,,,,0,,,,,,,,,,,,,,,,,,,,,,,,,,,,,,,,
BAU,0,E5IPPUSODA_ASH,T5SODA_ASHIPPU,,2030,,,,,,0,,,,,,,,,,,,,,,,,,,,,,,,,,,,,,,,
BAU,0,E5IPPUSODA_ASH,T5SODA_ASHIPPU,,2031,,,,,,0,,,,,,,,,,,,,,,,,,,,,,,,,,,,,,,,
BAU,0,E5IPPUSODA_ASH,T5SODA_ASHIPPU,,2032,,,,,,0,,,,,,,,,,,,,,,,,,,,,,,,,,,,,,,,
BAU,0,E5IPPUSODA_ASH,T5SODA_ASHIPPU,,2033,,,,,,0,,,,,,,,,,,,,,,,,,,,,,,,,,,,,,,,
BAU,0,E5IPPUSODA_ASH,T5SODA_ASHIPPU,,2034,,,,,,0,,,,,,,,,,,,,,,,,,,,,,,,,,,,,,,,
BAU,0,E5IPPUSODA_ASH,T5SODA_ASHIPPU,,2035,,,,,,0,,,,,,,,,,,,,,,,,,,,,,,,,,,,,,,,
BAU,0,E5IPPULUBRI,T5LUBRIIPPU,,2010,,,,,,0,,,,,,,,,,,,,,,,,,,,,,,,,,,,,,,,
BAU,0,E5IPPULUBRI,T5LUBRIIPPU,,2011,,,,,,0,,,,,,,,,,,,,,,,,,,,,,,,,,,,,,,,
BAU,0,E5IPPULUBRI,T5LUBRIIPPU,,2012,,,,,,0,,,,,,,,,,,,,,,,,,,,,,,,,,,,,,,,
BAU,0,E5IPPULUBRI,T5LUBRIIPPU,,2013,,,,,,0,,,,,,,,,,,,,,,,,,,,,,,,,,,,,,,,
BAU,0,E5IPPULUBRI,T5LUBRIIPPU,,2014,,,,,,0,,,,,,,,,,,,,,,,,,,,,,,,,,,,,,,,
BAU,0,E5IPPULUBRI,T5LUBRIIPPU,,2015,,,,,,0,,,,,,,,,,,,,,,,,,,,,,,,,,,,,,,,
BAU,0,E5IPPULUBRI,T5LUBRIIPPU,,2016,,,,,,0,,,,,,,,,,,,,,,,,,,,,,,,,,,,,,,,
BAU,0,E5IPPULUBRI,T5LUBRIIPPU,,2017,,,,,,0,,,,,,,,,,,,,,,,,,,,,,,,,,,,,,,,
BAU,0,E5IPPULUBRI,T5LUBRIIPPU,,2018,,,,,,0,,,,,,,,,,,,,,,,,,,,,,,,,,,,,,,,
BAU,0,E5IPPULUBRI,T5LUBRIIPPU,,2019,,,,,,0,,,,,,,,,,,,,,,,,,,,,,,,,,,,,,,,
BAU,0,E5IPPULUBRI,T5LUBRIIPPU,,2020,,,,,,0,,,,,,,,,,,,,,,,,,,,,,,,,,,,,,,,
BAU,0,E5IPPULUBRI,T5LUBRIIPPU,,2021,,,,,,0,,,,,,,,,,,,,,,,,,,,,,,,,,,,,,,,
BAU,0,E5IPPULUBRI,T5LUBRIIPPU,,2022,,,,,,0,,,,,,,,,,,,,,,,,,,,,,,,,,,,,,,,
BAU,0,E5IPPULUBRI,T5LUBRIIPPU,,2023,,,,,,0,,,,,,,,,,,,,,,,,,,,,,,,,,,,,,,,
BAU,0,E5IPPULUBRI,T5LUBRIIPPU,,2024,,,,,,0,,,,,,,,,,,,,,,,,,,,,,,,,,,,,,,,
BAU,0,E5IPPULUBRI,T5LUBRIIPPU,,2025,,,,,,0,,,,,,,,,,,,,,,,,,,,,,,,,,,,,,,,
BAU,0,E5IPPULUBRI,T5LUBRIIPPU,,2026,,,,,,0,,,,,,,,,,,,,,,,,,,,,,,,,,,,,,,,
BAU,0,E5IPPULUBRI,T5LUBRIIPPU,,2027,,,,,,0,,,,,,,,,,,,,,,,,,,,,,,,,,,,,,,,
BAU,0,E5IPPULUBRI,T5LUBRIIPPU,,2028,,,,,,0,,,,,,,,,,,,,,,,,,,,,,,,,,,,,,,,
BAU,0,E5IPPULUBRI,T5LUBRIIPPU,,2029,,,,,,0,,,,,,,,,,,,,,,,,,,,,,,,,,,,,,,,
BAU,0,E5IPPULUBRI,T5LUBRIIPPU,,2030,,,,,,0,,,,,,,,,,,,,,,,,,,,,,,,,,,,,,,,
BAU,0,E5IPPULUBRI,T5LUBRIIPPU,,2031,,,,,,0,,,,,,,,,,,,,,,,,,,,,,,,,,,,,,,,
BAU,0,E5IPPULUBRI,T5LUBRIIPPU,,2032,,,,,,0,,,,,,,,,,,,,,,,,,,,,,,,,,,,,,,,
BAU,0,E5IPPULUBRI,T5LUBRIIPPU,,2033,,,,,,0,,,,,,,,,,,,,,,,,,,,,,,,,,,,,,,,
BAU,0,E5IPPULUBRI,T5LUBRIIPPU,,2034,,,,,,0,,,,,,,,,,,,,,,,,,,,,,,,,,,,,,,,
BAU,0,E5IPPULUBRI,T5LUBRIIPPU,,2035,,,,,,0,,,,,,,,,,,,,,,,,,,,,,,,,,,,,,,,
BAU,0,HFC23,T5HFC23IPPU,,2010,,,,,,,0,,,,,,,,,,,,,,,,,,,,,,,,,,,,,,,
BAU,0,HFC23,T5HFC23IPPU,,2011,,,,,,,0,,,,,,,,,,,,,,,,,,,,,,,,,,,,,,,
BAU,0,HFC23,T5HFC23IPPU,,2012,,,,,,,0,,,,,,,,,,,,,,,,,,,,,,,,,,,,,,,
BAU,0,HFC23,T5HFC23IPPU,,2013,,,,,,,0,,,,,,,,,,,,,,,,,,,,,,,,,,,,,,,
BAU,0,HFC23,T5HFC23IPPU,,2014,,,,,,,0,,,,,,,,,,,,,,,,,,,,,,,,,,,,,,,
BAU,0,HFC23,T5HFC23IPPU,,2015,,,,,,,0,,,,,,,,,,,,,,,,,,,,,,,,,,,,,,,
BAU,0,HFC23,T5HFC23IPPU,,2016,,,,,,,0,,,,,,,,,,,,,,,,,,,,,,,,,,,,,,,
BAU,0,HFC23,T5HFC23IPPU,,2017,,,,,,,0,,,,,,,,,,,,,,,,,,,,,,,,,,,,,,,
BAU,0,HFC23,T5HFC23IPPU,,2018,,,,,,,0,,,,,,,,,,,,,,,,,,,,,,,,,,,,,,,
BAU,0,HFC23,T5HFC23IPPU,,2019,,,,,,,0,,,,,,,,,,,,,,,,,,,,,,,,,,,,,,,
BAU,0,HFC23,T5HFC23IPPU,,2020,,,,,,,0,,,,,,,,,,,,,,,,,,,,,,,,,,,,,,,
BAU,0,HFC23,T5HFC23IPPU,,2021,,,,,,,0,,,,,,,,,,,,,,,,,,,,,,,,,,,,,,,
BAU,0,HFC23,T5HFC23IPPU,,2022,,,,,,,0,,,,,,,,,,,,,,,,,,,,,,,,,,,,,,,
BAU,0,HFC23,T5HFC23IPPU,,2023,,,,,,,0,,,,,,,,,,,,,,,,,,,,,,,,,,,,,,,
BAU,0,HFC23,T5HFC23IPPU,,2024,,,,,,,0,,,,,,,,,,,,,,,,,,,,,,,,,,,,,,,
BAU,0,HFC23,T5HFC23IPPU,,2025,,,,,,,0,,,,,,,,,,,,,,,,,,,,,,,,,,,,,,,
BAU,0,HFC23,T5HFC23IPPU,,2026,,,,,,,0,,,,,,,,,,,,,,,,,,,,,,,,,,,,,,,
BAU,0,HFC23,T5HFC23IPPU,,2027,,,,,,,0,,,,,,,,,,,,,,,,,,,,,,,,,,,,,,,
BAU,0,HFC23,T5HFC23IPPU,,2028,,,,,,,0,,,,,,,,,,,,,,,,,,,,,,,,,,,,,,,
BAU,0,HFC23,T5HFC23IPPU,,2029,,,,,,,0,,,,,,,,,,,,,,,,,,,,,,,,,,,,,,,
BAU,0,HFC23,T5HFC23IPPU,,2030,,,,,,,0,,,,,,,,,,,,,,,,,,,,,,,,,,,,,,,
BAU,0,HFC23,T5HFC23IPPU,,2031,,,,,,,0,,,,,,,,,,,,,,,,,,,,,,,,,,,,,,,
BAU,0,HFC23,T5HFC23IPPU,,2032,,,,,,,0,,,,,,,,,,,,,,,,,,,,,,,,,,,,,,,
BAU,0,HFC23,T5HFC23IPPU,,2033,,,,,,,0,,,,,,,,,,,,,,,,,,,,,,,,,,,,,,,
BAU,0,HFC23,T5HFC23IPPU,,2034,,,,,,,0,,,,,,,,,,,,,,,,,,,,,,,,,,,,,,,
BAU,0,HFC23,T5HFC23IPPU,,2035,,,,,,,0,,,,,,,,,,,,,,,,,,,,,,,,,,,,,,,
BAU,0,HFC152a,T5HFC152aIPPU,,2010,,,,,,,0,,,,,,,,,,,,,,,,,,,,,,,,,,,,,,,
BAU,0,HFC152a,T5HFC152aIPPU,,2011,,,,,,,0,,,,,,,,,,,,,,,,,,,,,,,,,,,,,,,
BAU,0,HFC152a,T5HFC152aIPPU,,2012,,,,,,,0,,,,,,,,,,,,,,,,,,,,,,,,,,,,,,,
BAU,0,HFC152a,T5HFC152aIPPU,,2013,,,,,,,0,,,,,,,,,,,,,,,,,,,,,,,,,,,,,,,
BAU,0,HFC152a,T5HFC152aIPPU,,2014,,,,,,,0,,,,,,,,,,,,,,,,,,,,,,,,,,,,,,,
BAU,0,HFC152a,T5HFC152aIPPU,,2015,,,,,,,0,,,,,,,,,,,,,,,,,,,,,,,,,,,,,,,
BAU,0,HFC152a,T5HFC152aIPPU,,2016,,,,,,,0,,,,,,,,,,,,,,,,,,,,,,,,,,,,,,,
BAU,0,HFC152a,T5HFC152aIPPU,,2017,,,,,,,0,,,,,,,,,,,,,,,,,,,,,,,,,,,,,,,
BAU,0,HFC152a,T5HFC152aIPPU,,2018,,,,,,,0,,,,,,,,,,,,,,,,,,,,,,,,,,,,,,,
BAU,0,HFC152a,T5HFC152aIPPU,,2019,,,,,,,0,,,,,,,,,,,,,,,,,,,,,,,,,,,,,,,
BAU,0,HFC152a,T5HFC152aIPPU,,2020,,,,,,,0,,,,,,,,,,,,,,,,,,,,,,,,,,,,,,,
BAU,0,HFC152a,T5HFC152aIPPU,,2021,,,,,,,0,,,,,,,,,,,,,,,,,,,,,,,,,,,,,,,
BAU,0,HFC152a,T5HFC152aIPPU,,2022,,,,,,,0,,,,,,,,,,,,,,,,,,,,,,,,,,,,,,,
BAU,0,HFC152a,T5HFC152aIPPU,,2023,,,,,,,0,,,,,,,,,,,,,,,,,,,,,,,,,,,,,,,
BAU,0,HFC152a,T5HFC152aIPPU,,2024,,,,,,,0,,,,,,,,,,,,,,,,,,,,,,,,,,,,,,,
BAU,0,HFC152a,T5HFC152aIPPU,,2025,,,,,,,0,,,,,,,,,,,,,,,,,,,,,,,,,,,,,,,
BAU,0,HFC152a,T5HFC152aIPPU,,2026,,,,,,,0,,,,,,,,,,,,,,,,,,,,,,,,,,,,,,,
BAU,0,HFC152a,T5HFC152aIPPU,,2027,,,,,,,0,,,,,,,,,,,,,,,,,,,,,,,,,,,,,,,
BAU,0,HFC152a,T5HFC152aIPPU,,2028,,,,,,,0,,,,,,,,,,,,,,,,,,,,,,,,,,,,,,,
BAU,0,HFC152a,T5HFC152aIPPU,,2029,,,,,,,0,,,,,,,,,,,,,,,,,,,,,,,,,,,,,,,
BAU,0,HFC152a,T5HFC152aIPPU,,2030,,,,,,,0,,,,,,,,,,,,,,,,,,,,,,,,,,,,,,,
BAU,0,HFC152a,T5HFC152aIPPU,,2031,,,,,,,0,,,,,,,,,,,,,,,,,,,,,,,,,,,,,,,
BAU,0,HFC152a,T5HFC152aIPPU,,2032,,,,,,,0,,,,,,,,,,,,,,,,,,,,,,,,,,,,,,,
BAU,0,HFC152a,T5HFC152aIPPU,,2033,,,,,,,0,,,,,,,,,,,,,,,,,,,,,,,,,,,,,,,
BAU,0,HFC152a,T5HFC152aIPPU,,2034,,,,,,,0,,,,,,,,,,,,,,,,,,,,,,,,,,,,,,,
BAU,0,HFC152a,T5HFC152aIPPU,,2035,,,,,,,0,,,,,,,,,,,,,,,,,,,,,,,,,,,,,,,
BAU,0,SODA_ASH,T5SODA_ASHIPPU,,2010,,,,,,,0,,,,,,,,,,,,,,,,,,,,,,,,,,,,,,,
BAU,0,SODA_ASH,T5SODA_ASHIPPU,,2011,,,,,,,0,,,,,,,,,,,,,,,,,,,,,,,,,,,,,,,
BAU,0,SODA_ASH,T5SODA_ASHIPPU,,2012,,,,,,,0,,,,,,,,,,,,,,,,,,,,,,,,,,,,,,,
BAU,0,SODA_ASH,T5SODA_ASHIPPU,,2013,,,,,,,0,,,,,,,,,,,,,,,,,,,,,,,,,,,,,,,
BAU,0,SODA_ASH,T5SODA_ASHIPPU,,2014,,,,,,,0,,,,,,,,,,,,,,,,,,,,,,,,,,,,,,,
BAU,0,SODA_ASH,T5SODA_ASHIPPU,,2015,,,,,,,0,,,,,,,,,,,,,,,,,,,,,,,,,,,,,,,
BAU,0,SODA_ASH,T5SODA_ASHIPPU,,2016,,,,,,,0,,,,,,,,,,,,,,,,,,,,,,,,,,,,,,,
BAU,0,SODA_ASH,T5SODA_ASHIPPU,,2017,,,,,,,0,,,,,,,,,,,,,,,,,,,,,,,,,,,,,,,
BAU,0,SODA_ASH,T5SODA_ASHIPPU,,2018,,,,,,,0,,,,,,,,,,,,,,,,,,,,,,,,,,,,,,,
BAU,0,SODA_ASH,T5SODA_ASHIPPU,,2019,,,,,,,0,,,,,,,,,,,,,,,,,,,,,,,,,,,,,,,
BAU,0,SODA_ASH,T5SODA_ASHIPPU,,2020,,,,,,,0,,,,,,,,,,,,,,,,,,,,,,,,,,,,,,,
BAU,0,SODA_ASH,T5SODA_ASHIPPU,,2021,,,,,,,0,,,,,,,,,,,,,,,,,,,,,,,,,,,,,,,
BAU,0,SODA_ASH,T5SODA_ASHIPPU,,2022,,,,,,,0,,,,,,,,,,,,,,,,,,,,,,,,,,,,,,,
BAU,0,SODA_ASH,T5SODA_ASHIPPU,,2023,,,,,,,0,,,,,,,,,,,,,,,,,,,,,,,,,,,,,,,
BAU,0,SODA_ASH,T5SODA_ASHIPPU,,2024,,,,,,,0,,,,,,,,,,,,,,,,,,,,,,,,,,,,,,,
BAU,0,SODA_ASH,T5SODA_ASHIPPU,,2025,,,,,,,0,,,,,,,,,,,,,,,,,,,,,,,,,,,,,,,
BAU,0,SODA_ASH,T5SODA_ASHIPPU,,2026,,,,,,,0,,,,,,,,,,,,,,,,,,,,,,,,,,,,,,,
BAU,0,SODA_ASH,T5SODA_ASHIPPU,,2027,,,,,,,0,,,,,,,,,,,,,,,,,,,,,,,,,,,,,,,
BAU,0,SODA_ASH,T5SODA_ASHIPPU,,2028,,,,,,,0,,,,,,,,,,,,,,,,,,,,,,,,,,,,,,,
BAU,0,SODA_ASH,T5SODA_ASHIPPU,,2029,,,,,,,0,,,,,,,,,,,,,,,,,,,,,,,,,,,,,,,
BAU,0,SODA_ASH,T5SODA_ASHIPPU,,2030,,,,,,,0,,,,,,,,,,,,,,,,,,,,,,,,,,,,,,,
BAU,0,SODA_ASH,T5SODA_ASHIPPU,,2031,,,,,,,0,,,,,,,,,,,,,,,,,,,,,,,,,,,,,,,
BAU,0,SODA_ASH,T5SODA_ASHIPPU,,2032,,,,,,,0,,,,,,,,,,,,,,,,,,,,,,,,,,,,,,,
BAU,0,SODA_ASH,T5SODA_ASHIPPU,,2033,,,,,,,0,,,,,,,,,,,,,,,,,,,,,,,,,,,,,,,
BAU,0,SODA_ASH,T5SODA_ASHIPPU,,2034,,,,,,,0,,,,,,,,,,,,,,,,,,,,,,,,,,,,,,,
BAU,0,SODA_ASH,T5SODA_ASHIPPU,,2035,,,,,,,0,,,,,,,,,,,,,,,,,,,,,,,,,,,,,,,
BAU,0,LUBRI,T5LUBRIIPPU,,2010,,,,,,,0,,,,,,,,,,,,,,,,,,,,,,,,,,,,,,,
BAU,0,LUBRI,T5LUBRIIPPU,,2011,,,,,,,0,,,,,,,,,,,,,,,,,,,,,,,,,,,,,,,
BAU,0,LUBRI,T5LUBRIIPPU,,2012,,,,,,,0,,,,,,,,,,,,,,,,,,,,,,,,,,,,,,,
BAU,0,LUBRI,T5LUBRIIPPU,,2013,,,,,,,0,,,,,,,,,,,,,,,,,,,,,,,,,,,,,,,
BAU,0,LUBRI,T5LUBRIIPPU,,2014,,,,,,,0,,,,,,,,,,,,,,,,,,,,,,,,,,,,,,,
BAU,0,LUBRI,T5LUBRIIPPU,,2015,,,,,,,0,,,,,,,,,,,,,,,,,,,,,,,,,,,,,,,
BAU,0,LUBRI,T5LUBRIIPPU,,2016,,,,,,,0,,,,,,,,,,,,,,,,,,,,,,,,,,,,,,,
BAU,0,LUBRI,T5LUBRIIPPU,,2017,,,,,,,0,,,,,,,,,,,,,,,,,,,,,,,,,,,,,,,
BAU,0,LUBRI,T5LUBRIIPPU,,2018,,,,,,,0,,,,,,,,,,,,,,,,,,,,,,,,,,,,,,,
BAU,0,LUBRI,T5LUBRIIPPU,,2019,,,,,,,0,,,,,,,,,,,,,,,,,,,,,,,,,,,,,,,
BAU,0,LUBRI,T5LUBRIIPPU,,2020,,,,,,,0,,,,,,,,,,,,,,,,,,,,,,,,,,,,,,,
BAU,0,LUBRI,T5LUBRIIPPU,,2021,,,,,,,0,,,,,,,,,,,,,,,,,,,,,,,,,,,,,,,
BAU,0,LUBRI,T5LUBRIIPPU,,2022,,,,,,,0,,,,,,,,,,,,,,,,,,,,,,,,,,,,,,,
BAU,0,LUBRI,T5LUBRIIPPU,,2023,,,,,,,0,,,,,,,,,,,,,,,,,,,,,,,,,,,,,,,
BAU,0,LUBRI,T5LUBRIIPPU,,2024,,,,,,,0,,,,,,,,,,,,,,,,,,,,,,,,,,,,,,,
BAU,0,LUBRI,T5LUBRIIPPU,,2025,,,,,,,0,,,,,,,,,,,,,,,,,,,,,,,,,,,,,,,
BAU,0,LUBRI,T5LUBRIIPPU,,2026,,,,,,,0,,,,,,,,,,,,,,,,,,,,,,,,,,,,,,,
BAU,0,LUBRI,T5LUBRIIPPU,,2027,,,,,,,0,,,,,,,,,,,,,,,,,,,,,,,,,,,,,,,
BAU,0,LUBRI,T5LUBRIIPPU,,2028,,,,,,,0,,,,,,,,,,,,,,,,,,,,,,,,,,,,,,,
BAU,0,LUBRI,T5LUBRIIPPU,,2029,,,,,,,0,,,,,,,,,,,,,,,,,,,,,,,,,,,,,,,
BAU,0,LUBRI,T5LUBRIIPPU,,2030,,,,,,,0,,,,,,,,,,,,,,,,,,,,,,,,,,,,,,,
BAU,0,LUBRI,T5LUBRIIPPU,,2031,,,,,,,0,,,,,,,,,,,,,,,,,,,,,,,,,,,,,,,
BAU,0,LUBRI,T5LUBRIIPPU,,2032,,,,,,,0,,,,,,,,,,,,,,,,,,,,,,,,,,,,,,,
BAU,0,LUBRI,T5LUBRIIPPU,,2033,,,,,,,0,,,,,,,,,,,,,,,,,,,,,,,,,,,,,,,
BAU,0,LUBRI,T5LUBRIIPPU,,2034,,,,,,,0,,,,,,,,,,,,,,,,,,,,,,,,,,,,,,,
BAU,0,LUBRI,T5LUBRIIPPU,,2035,,,,,,,0,,,,,,,,,,,,,,,,,,,,,,,,,,,,,,,
